{"type":"FeatureCollection","quelle":"swissBOUNDARIES3D, swisstopo (api3.geo.admin.ch), Layer ch.swisstopo.swissboundaries3d-gemeinde-flaeche.fill","features":[{"type":"Feature","properties":{"bfs":2931,"name":"Bargen","jahr":2026},"geometry":{"type":"MultiPolygon","coordinates":[[[[8.617661,47.780122],[8.616545,47.779998],[8.615636,47.779897],[8.615551,47.780067],[8.615541,47.780186],[8.615482,47.780311],[8.61535,47.78044],[8.615154,47.780593],[8.615057,47.780709],[8.614956,47.780933],[8.614878,47.781066],[8.614763,47.781196],[8.614731,47.781174],[8.614653,47.781228],[8.613049,47.780563],[8.613002,47.780537],[8.613102,47.780377],[8.611873,47.780036],[8.611765,47.780151],[8.611715,47.780287],[8.611558,47.780395],[8.610893,47.780677],[8.610847,47.780723],[8.610625,47.781132],[8.610523,47.781231],[8.61013,47.7815],[8.609952,47.781629],[8.609633,47.781811],[8.609055,47.782448],[8.608653,47.782804],[8.608515,47.783008],[8.608441,47.783245],[8.608423,47.783494],[8.608065,47.784155],[8.607586,47.784084],[8.605597,47.783466],[8.605421,47.783555],[8.605229,47.78363],[8.605024,47.783687],[8.603034,47.784042],[8.601883,47.78412],[8.600649,47.78403],[8.59985,47.783966],[8.599236,47.78395],[8.598636,47.783882],[8.597879,47.783815],[8.597307,47.783768],[8.596562,47.783749],[8.595968,47.783684],[8.595543,47.783621],[8.59539,47.783605],[8.595217,47.7839],[8.595197,47.783928],[8.59491,47.783855],[8.59429,47.783777],[8.592863,47.783614],[8.592211,47.783559],[8.591603,47.783485],[8.591076,47.783388],[8.589428,47.783138],[8.588826,47.783106],[8.588013,47.783094],[8.587377,47.783053],[8.586811,47.782987],[8.586721,47.783327],[8.58578,47.783089],[8.584644,47.782779],[8.584249,47.782657],[8.583825,47.782452],[8.583716,47.782352],[8.581963,47.782848],[8.580979,47.783127],[8.580928,47.783036],[8.580786,47.782891],[8.580671,47.782557],[8.580689,47.782436],[8.580774,47.782165],[8.58081,47.781925],[8.580861,47.781772],[8.580258,47.781707],[8.579047,47.78169],[8.577331,47.781666],[8.576748,47.782521],[8.576376,47.783082],[8.576334,47.783341],[8.576284,47.783795],[8.576173,47.784264],[8.575975,47.785079],[8.575198,47.786011],[8.574463,47.786888],[8.57442,47.787077],[8.574497,47.787482],[8.57463,47.788216],[8.57478,47.788841],[8.574877,47.789277],[8.574958,47.789624],[8.5737,47.790043],[8.572148,47.790563],[8.570584,47.790793],[8.568791,47.791059],[8.566944,47.791578],[8.565454,47.792002],[8.563671,47.792433],[8.562705,47.791891],[8.562368,47.792228],[8.561996,47.792595],[8.562075,47.793151],[8.562293,47.794475],[8.562415,47.795174],[8.562451,47.795748],[8.562497,47.796562],[8.562346,47.797909],[8.562347,47.798946],[8.56243,47.800179],[8.562505,47.800766],[8.56256,47.801362],[8.562517,47.802311],[8.56307,47.803782],[8.563808,47.805395],[8.564985,47.806048],[8.565914,47.806575],[8.566859,47.807419],[8.568028,47.808454],[8.568881,47.807227],[8.570354,47.80624],[8.572152,47.806318],[8.5731,47.806067],[8.573636,47.804838],[8.574884,47.803734],[8.575059,47.803076],[8.575165,47.802204],[8.575599,47.801931],[8.575934,47.801721],[8.575342,47.799796],[8.575397,47.799598],[8.57607,47.799708],[8.576589,47.799788],[8.578193,47.799942],[8.579893,47.800114],[8.581518,47.80064],[8.583006,47.801119],[8.584809,47.801703],[8.58661,47.802286],[8.587746,47.802654],[8.589001,47.801401],[8.590188,47.800386],[8.59179,47.799571],[8.592862,47.798705],[8.59401,47.799486],[8.595119,47.800242],[8.596898,47.801455],[8.598252,47.802413],[8.600861,47.803014],[8.602837,47.802752],[8.604717,47.802505],[8.607529,47.802434],[8.609496,47.802169],[8.611424,47.801898],[8.61394,47.801216],[8.614983,47.800379],[8.615936,47.799618],[8.61708,47.799129],[8.618602,47.798323],[8.618853,47.797574],[8.618539,47.797105],[8.617955,47.796527],[8.617912,47.796039],[8.618908,47.795938],[8.620187,47.795685],[8.621491,47.795135],[8.622153,47.794856],[8.621867,47.794071],[8.62134,47.79264],[8.620652,47.790764],[8.620614,47.79017],[8.620505,47.788945],[8.619651,47.788295],[8.618946,47.78776],[8.618063,47.787471],[8.616995,47.787242],[8.616257,47.787084],[8.615768,47.787143],[8.615586,47.786542],[8.615327,47.785722],[8.61512,47.78494],[8.615094,47.783967],[8.615371,47.783237],[8.615699,47.78272],[8.6168,47.781459],[8.617272,47.780856],[8.617661,47.780122]]]]}},{"type":"Feature","properties":{"bfs":2951,"name":"Beggingen","jahr":2026},"geometry":{"type":"MultiPolygon","coordinates":[[[[8.566394,47.777908],[8.566863,47.777305],[8.567588,47.776389],[8.567335,47.774814],[8.567289,47.77367],[8.567053,47.773245],[8.566604,47.772468],[8.566537,47.771495],[8.566947,47.77088],[8.567889,47.76944],[8.567629,47.767501],[8.567987,47.766575],[8.56851,47.765194],[8.568823,47.764658],[8.568991,47.764193],[8.569062,47.764009],[8.569201,47.763649],[8.569301,47.76339],[8.569376,47.763194],[8.569567,47.762699],[8.569951,47.761571],[8.570084,47.761182],[8.569607,47.759265],[8.569439,47.758592],[8.569336,47.758099],[8.569239,47.757669],[8.569011,47.755887],[8.569055,47.7542],[8.569002,47.753097],[8.565389,47.751329],[8.564921,47.750928],[8.564515,47.750602],[8.563826,47.749785],[8.56398,47.749226],[8.563584,47.748416],[8.563464,47.747923],[8.561871,47.746798],[8.560654,47.747048],[8.559453,47.747283],[8.558471,47.747501],[8.557022,47.748275],[8.555325,47.747788],[8.553474,47.747423],[8.551784,47.747542],[8.550067,47.747836],[8.548642,47.747563],[8.548677,47.74859],[8.548697,47.749552],[8.547394,47.749426],[8.546424,47.749462],[8.544995,47.749647],[8.544702,47.750047],[8.543178,47.750446],[8.542102,47.750728],[8.540915,47.751048],[8.539584,47.751408],[8.539442,47.751435],[8.539277,47.751466],[8.539011,47.751518],[8.538313,47.751651],[8.538163,47.75168],[8.537425,47.751779],[8.536376,47.751739],[8.535667,47.751712],[8.534842,47.75168],[8.533704,47.751597],[8.532549,47.751513],[8.531005,47.751123],[8.530424,47.7515],[8.528589,47.752807],[8.528337,47.752994],[8.526165,47.755284],[8.525592,47.755888],[8.524955,47.756014],[8.52469,47.756046],[8.523574,47.756131],[8.523361,47.756145],[8.522486,47.756158],[8.521633,47.756176],[8.521422,47.756191],[8.520061,47.756474],[8.519774,47.756552],[8.518189,47.757023],[8.517508,47.75718],[8.517384,47.757149],[8.517215,47.757183],[8.517129,47.757213],[8.516947,47.757261],[8.516817,47.757314],[8.516665,47.757358],[8.516408,47.757392],[8.51625,47.757444],[8.516119,47.757472],[8.516028,47.75746],[8.515944,47.757463],[8.515829,47.757445],[8.515658,47.757478],[8.515604,47.757476],[8.515443,47.757458],[8.515325,47.757524],[8.515156,47.757647],[8.515083,47.757688],[8.51501,47.757722],[8.515095,47.757831],[8.514391,47.758412],[8.511937,47.759566],[8.511093,47.760301],[8.510812,47.761051],[8.510357,47.761989],[8.509976,47.762776],[8.509611,47.762655],[8.508876,47.763823],[8.509407,47.763792],[8.509772,47.763898],[8.509387,47.764772],[8.509347,47.764847],[8.510937,47.765201],[8.510886,47.765227],[8.510868,47.765269],[8.51123,47.766936],[8.511252,47.766971],[8.5113,47.766992],[8.511297,47.767025],[8.513194,47.767187],[8.513918,47.76734],[8.515087,47.767579],[8.516076,47.766912],[8.516132,47.766851],[8.516094,47.766699],[8.516215,47.766707],[8.516346,47.766682],[8.516448,47.76669],[8.516469,47.766714],[8.516487,47.766752],[8.516506,47.766858],[8.516481,47.766945],[8.516732,47.767151],[8.516893,47.767213],[8.516991,47.76732],[8.517039,47.767401],[8.517034,47.767455],[8.51719,47.767639],[8.517268,47.767719],[8.517424,47.76783],[8.51757,47.76792],[8.517746,47.767934],[8.518045,47.768025],[8.518164,47.768123],[8.518242,47.768158],[8.518329,47.768234],[8.5185,47.768318],[8.518716,47.768496],[8.518824,47.768604],[8.518929,47.768688],[8.519012,47.768785],[8.519061,47.76889],[8.519138,47.768957],[8.519207,47.769096],[8.519314,47.769182],[8.519417,47.769237],[8.519551,47.769281],[8.519622,47.769342],[8.519661,47.769437],[8.519723,47.76949],[8.519782,47.769504],[8.519901,47.769563],[8.519964,47.769611],[8.519983,47.769745],[8.520073,47.769888],[8.520155,47.769955],[8.520173,47.770043],[8.520221,47.770132],[8.520195,47.770286],[8.520251,47.770449],[8.52025,47.770518],[8.520205,47.770522],[8.520498,47.77169],[8.521092,47.772186],[8.521902,47.773851],[8.522717,47.774963],[8.523475,47.775691],[8.525556,47.777008],[8.526477,47.778009],[8.528518,47.777877],[8.530759,47.778025],[8.532462,47.778027],[8.534017,47.77883],[8.535648,47.779784],[8.538079,47.780487],[8.540449,47.781284],[8.541387,47.781549],[8.543762,47.781666],[8.545637,47.782563],[8.547104,47.782911],[8.549007,47.783298],[8.550434,47.783592],[8.551897,47.784258],[8.55292,47.784632],[8.554833,47.784152],[8.556346,47.783869],[8.557288,47.783466],[8.558294,47.782739],[8.559055,47.782284],[8.560006,47.781893],[8.56069,47.781459],[8.561552,47.780722],[8.561931,47.780526],[8.562536,47.78047],[8.563313,47.780571],[8.563408,47.779671],[8.563124,47.778688],[8.562889,47.777893],[8.564454,47.778104],[8.566091,47.778328],[8.566394,47.777908]]]]}},{"type":"Feature","properties":{"bfs":2932,"name":"Beringen","jahr":2026},"geometry":{"type":"MultiPolygon","coordinates":[[[[8.55389,47.732551],[8.554114,47.732421],[8.554421,47.73229],[8.554819,47.732042],[8.555491,47.731603],[8.556662,47.730761],[8.556956,47.730384],[8.557017,47.730112],[8.556981,47.729751],[8.557047,47.729756],[8.557108,47.729594],[8.557307,47.729232],[8.557407,47.729136],[8.557563,47.729084],[8.558142,47.729002],[8.558336,47.72896],[8.558512,47.728893],[8.559689,47.728336],[8.559845,47.728248],[8.559976,47.728142],[8.560379,47.727765],[8.560471,47.727688],[8.560583,47.727623],[8.561111,47.727366],[8.561748,47.727012],[8.563207,47.726537],[8.564277,47.726338],[8.565473,47.726271],[8.565632,47.726268],[8.565789,47.726281],[8.567261,47.726452],[8.569739,47.726447],[8.570129,47.726513],[8.57016,47.726559],[8.570038,47.726593],[8.569439,47.726863],[8.568768,47.727105],[8.569051,47.727534],[8.569392,47.727682],[8.570118,47.727838],[8.570524,47.727575],[8.570986,47.727091],[8.571298,47.726836],[8.571587,47.726666],[8.571958,47.7265],[8.57246,47.726324],[8.574331,47.72601],[8.576596,47.726315],[8.577824,47.726568],[8.578707,47.72673],[8.579396,47.726788],[8.581017,47.726926],[8.582492,47.727086],[8.58427,47.726967],[8.584914,47.726767],[8.585821,47.726071],[8.586167,47.725461],[8.586857,47.72417],[8.587822,47.723855],[8.588487,47.723425],[8.589199,47.722975],[8.590261,47.722657],[8.589802,47.721764],[8.589223,47.720636],[8.589263,47.720373],[8.58934,47.720051],[8.588952,47.719982],[8.588584,47.719864],[8.588238,47.719713],[8.587908,47.719508],[8.587638,47.71927],[8.587448,47.719004],[8.587361,47.718798],[8.587335,47.718586],[8.587393,47.718377],[8.587485,47.718237],[8.587683,47.718055],[8.588129,47.717722],[8.589162,47.717111],[8.589448,47.716892],[8.589634,47.71672],[8.589955,47.716305],[8.590034,47.716144],[8.590185,47.71551],[8.5903,47.715095],[8.590541,47.714613],[8.590621,47.714505],[8.590753,47.714421],[8.591116,47.714258],[8.591285,47.714152],[8.591874,47.713697],[8.592636,47.713363],[8.592812,47.713276],[8.593133,47.713075],[8.593781,47.712691],[8.594546,47.712283],[8.592286,47.710844],[8.592553,47.710458],[8.592765,47.710097],[8.592927,47.709836],[8.593015,47.709625],[8.593069,47.709456],[8.593537,47.708371],[8.594142,47.706924],[8.593495,47.706831],[8.593742,47.706376],[8.593992,47.706075],[8.594427,47.70578],[8.595434,47.705129],[8.595635,47.704999],[8.595786,47.704734],[8.596357,47.704215],[8.597274,47.703181],[8.597402,47.70326],[8.598519,47.703924],[8.599159,47.704149],[8.600169,47.704378],[8.601273,47.704417],[8.602267,47.704485],[8.602476,47.703928],[8.602554,47.70324],[8.602781,47.702811],[8.603498,47.702503],[8.6042,47.702201],[8.604488,47.702194],[8.604421,47.702125],[8.60402,47.701885],[8.603875,47.701742],[8.603774,47.701603],[8.603626,47.701451],[8.603542,47.701393],[8.603328,47.701295],[8.603011,47.701019],[8.602958,47.700921],[8.602957,47.700818],[8.602995,47.700719],[8.603149,47.700528],[8.603336,47.700364],[8.603376,47.700313],[8.603417,47.700245],[8.603464,47.700115],[8.603535,47.699829],[8.603684,47.699548],[8.603679,47.699442],[8.603624,47.699256],[8.603613,47.699122],[8.603624,47.698909],[8.603664,47.698701],[8.60364,47.698417],[8.603833,47.698006],[8.603845,47.697921],[8.603793,47.697775],[8.603829,47.697626],[8.603928,47.697305],[8.603985,47.696789],[8.604068,47.69665],[8.604272,47.69648],[8.604404,47.696289],[8.604439,47.696162],[8.604397,47.695849],[8.604461,47.695846],[8.604916,47.695796],[8.604841,47.695495],[8.604559,47.694812],[8.604423,47.694379],[8.604675,47.694366],[8.604986,47.694329],[8.60567,47.694298],[8.606159,47.694293],[8.606347,47.694318],[8.606872,47.693865],[8.606804,47.693817],[8.606499,47.693553],[8.606365,47.693339],[8.606336,47.693219],[8.606522,47.693115],[8.606694,47.693002],[8.606861,47.692884],[8.607014,47.692755],[8.607305,47.69249],[8.607399,47.692329],[8.607531,47.692127],[8.607725,47.691864],[8.608097,47.691309],[8.607897,47.691282],[8.60766,47.691274],[8.607088,47.691298],[8.606877,47.691306],[8.606659,47.691315],[8.606385,47.691314],[8.605293,47.69113],[8.604699,47.690646],[8.603858,47.690301],[8.60311,47.690313],[8.602304,47.690311],[8.60171,47.690012],[8.601069,47.689644],[8.600173,47.689286],[8.599101,47.688829],[8.598374,47.688397],[8.597814,47.688277],[8.596935,47.687796],[8.595755,47.687662],[8.595004,47.687605],[8.594407,47.687511],[8.593873,47.687388],[8.59334,47.687256],[8.592101,47.68716],[8.59104,47.687044],[8.590425,47.686929],[8.589845,47.686845],[8.588648,47.686847],[8.587451,47.686936],[8.586057,47.687008],[8.585431,47.687023],[8.58533,47.687067],[8.583322,47.68692],[8.582503,47.686854],[8.58245,47.686406],[8.5827,47.685467],[8.582733,47.685082],[8.582758,47.684255],[8.582707,47.683719],[8.58282,47.683438],[8.583045,47.68316],[8.583224,47.682892],[8.583505,47.682389],[8.583575,47.682219],[8.583629,47.681909],[8.583899,47.681269],[8.58429,47.680392],[8.584335,47.680261],[8.58432,47.680139],[8.58425,47.679866],[8.584171,47.679711],[8.584051,47.679551],[8.583713,47.679166],[8.583561,47.679021],[8.583319,47.678806],[8.583157,47.678548],[8.58303,47.678295],[8.582803,47.677602],[8.582567,47.67694],[8.582663,47.67697],[8.582344,47.675972],[8.582321,47.675261],[8.582366,47.675045],[8.582498,47.67484],[8.583094,47.674167],[8.582903,47.674049],[8.582071,47.673676],[8.580907,47.673189],[8.579946,47.672796],[8.579289,47.67238],[8.578701,47.671945],[8.578392,47.671716],[8.577773,47.671144],[8.576801,47.670623],[8.575611,47.670225],[8.573586,47.669781],[8.571845,47.670484],[8.57146,47.670505],[8.56937,47.670627],[8.568506,47.670823],[8.568088,47.671008],[8.566881,47.671556],[8.566575,47.671563],[8.566141,47.671529],[8.565998,47.671539],[8.565647,47.671651],[8.565657,47.671602],[8.564443,47.671207],[8.563717,47.67004],[8.56253,47.670119],[8.561748,47.670187],[8.560891,47.67032],[8.559728,47.670205],[8.559255,47.670129],[8.558294,47.669618],[8.556872,47.669261],[8.556042,47.669314],[8.554407,47.669406],[8.552265,47.66886],[8.551039,47.668254],[8.549622,47.667417],[8.547707,47.66705],[8.547085,47.667085],[8.546828,47.667497],[8.547783,47.66756],[8.548964,47.667821],[8.54966,47.668127],[8.549758,47.668611],[8.549966,47.668997],[8.550175,47.669385],[8.550366,47.669958],[8.550474,47.670627],[8.549365,47.671199],[8.548347,47.672029],[8.548149,47.672103],[8.547401,47.672362],[8.546805,47.672713],[8.545791,47.673327],[8.545421,47.673571],[8.545057,47.67382],[8.545323,47.675087],[8.545931,47.675648],[8.546364,47.676295],[8.546616,47.676714],[8.547388,47.677454],[8.54809,47.678204],[8.548234,47.67855],[8.548213,47.679288],[8.547089,47.680216],[8.54681,47.68099],[8.546687,47.681331],[8.546533,47.681333],[8.54489,47.681221],[8.544273,47.681367],[8.542931,47.681683],[8.543716,47.682816],[8.543446,47.682927],[8.543003,47.683024],[8.542873,47.683025],[8.542135,47.683116],[8.542609,47.684406],[8.542785,47.684886],[8.542819,47.684817],[8.542901,47.684771],[8.543163,47.684683],[8.543406,47.684628],[8.543599,47.685413],[8.544274,47.685418],[8.544415,47.686602],[8.542046,47.686912],[8.541941,47.68824],[8.541992,47.688318],[8.541927,47.68841],[8.542589,47.688541],[8.543298,47.688606],[8.545253,47.688762],[8.545165,47.688829],[8.544717,47.690608],[8.550549,47.691961],[8.553256,47.692578],[8.553347,47.69254],[8.553331,47.692476],[8.553525,47.691703],[8.556163,47.69201],[8.556324,47.691544],[8.558711,47.691816],[8.558647,47.692078],[8.561078,47.692358],[8.560689,47.693905],[8.563176,47.694081],[8.563154,47.694236],[8.563147,47.694341],[8.563143,47.6946],[8.563091,47.695918],[8.563057,47.696951],[8.563085,47.697006],[8.563216,47.697182],[8.563163,47.698051],[8.563549,47.698079],[8.563665,47.698097],[8.563371,47.698703],[8.563335,47.698717],[8.563448,47.698923],[8.563641,47.699577],[8.563563,47.699621],[8.562797,47.699793],[8.56217,47.699927],[8.562313,47.700042],[8.562421,47.700381],[8.56254,47.700691],[8.56271,47.701094],[8.562771,47.701189],[8.562948,47.701581],[8.563229,47.702126],[8.563959,47.701977],[8.564207,47.701955],[8.564798,47.70187],[8.565062,47.702343],[8.565748,47.702539],[8.566308,47.702698],[8.565922,47.703182],[8.565623,47.703927],[8.565559,47.704637],[8.565428,47.705302],[8.564707,47.706942],[8.564412,47.707652],[8.564085,47.708679],[8.56381,47.709492],[8.563762,47.709774],[8.56361,47.709995],[8.563216,47.710336],[8.562632,47.710738],[8.561645,47.711351],[8.561103,47.711694],[8.560357,47.712146],[8.559555,47.713127],[8.559492,47.713327],[8.559629,47.713656],[8.560017,47.71462],[8.560099,47.715064],[8.559532,47.714961],[8.558522,47.71486],[8.55859,47.715245],[8.55867,47.71564],[8.558007,47.715836],[8.556897,47.716155],[8.556181,47.716347],[8.555661,47.716513],[8.555054,47.716723],[8.554307,47.717161],[8.553653,47.717467],[8.55239,47.71763],[8.550728,47.717624],[8.549762,47.7178],[8.548717,47.71798],[8.547596,47.71823],[8.546832,47.718386],[8.546379,47.718704],[8.546326,47.718801],[8.546681,47.718764],[8.547234,47.718689],[8.547795,47.718644],[8.548297,47.718583],[8.548823,47.718509],[8.549178,47.718491],[8.549529,47.718513],[8.549789,47.718537],[8.550129,47.718605],[8.550424,47.718689],[8.550843,47.718851],[8.549794,47.719986],[8.549859,47.720122],[8.549513,47.720725],[8.549486,47.720927],[8.549416,47.721191],[8.54683,47.720905],[8.54607,47.720816],[8.545797,47.720797],[8.545521,47.720802],[8.544311,47.720928],[8.543961,47.720949],[8.544017,47.721293],[8.543995,47.721943],[8.543953,47.722531],[8.543967,47.722804],[8.54403,47.723191],[8.544155,47.723535],[8.544366,47.724033],[8.544985,47.724745],[8.54509,47.725148],[8.545221,47.725344],[8.546174,47.726543],[8.546657,47.727069],[8.547231,47.727637],[8.547593,47.727904],[8.547949,47.728141],[8.548568,47.728516],[8.54874,47.72865],[8.549498,47.729297],[8.549969,47.729736],[8.550351,47.730132],[8.550722,47.730497],[8.551367,47.731076],[8.552135,47.731732],[8.552483,47.73198],[8.55268,47.732194],[8.55279,47.732257],[8.553151,47.732369],[8.55389,47.732551]]]]}},{"type":"Feature","properties":{"bfs":2961,"name":"Buch","jahr":2026},"geometry":{"type":"MultiPolygon","coordinates":[[[[8.793731,47.704231],[8.793451,47.704221],[8.792719,47.704353],[8.792303,47.704516],[8.791951,47.704893],[8.791585,47.704952],[8.790749,47.70527],[8.790048,47.705032],[8.78945,47.704887],[8.788379,47.704717],[8.787416,47.70457],[8.786584,47.70462],[8.785854,47.704748],[8.784104,47.705035],[8.783443,47.70503],[8.782986,47.704999],[8.782142,47.705074],[8.781059,47.705257],[8.779799,47.705674],[8.779028,47.705728],[8.77788,47.705812],[8.777007,47.705876],[8.775516,47.705843],[8.774211,47.70592],[8.773325,47.70635],[8.772764,47.706377],[8.772301,47.706522],[8.771701,47.706626],[8.771448,47.706875],[8.770128,47.706744],[8.769677,47.706773],[8.769345,47.706845],[8.76954,47.707451],[8.769773,47.707827],[8.769764,47.708361],[8.769669,47.709158],[8.770655,47.709622],[8.771494,47.710069],[8.771183,47.710543],[8.771281,47.710668],[8.771447,47.711979],[8.771939,47.71267],[8.772867,47.713224],[8.772111,47.713676],[8.770927,47.714713],[8.770311,47.715031],[8.770697,47.715516],[8.771001,47.715592],[8.770982,47.716028],[8.76996,47.716023],[8.770265,47.716894],[8.769696,47.717819],[8.769759,47.718449],[8.770143,47.719103],[8.772191,47.718237],[8.772702,47.718343],[8.774625,47.719114],[8.774798,47.719071],[8.775807,47.720162],[8.776546,47.720755],[8.77735,47.720857],[8.776805,47.721526],[8.776214,47.722253],[8.776315,47.722724],[8.778278,47.722375],[8.779411,47.721854],[8.779539,47.722121],[8.780775,47.721662],[8.781573,47.722596],[8.782265,47.723264],[8.782482,47.724188],[8.783428,47.724428],[8.783232,47.724891],[8.783923,47.724925],[8.783642,47.726157],[8.784671,47.72679],[8.784329,47.727007],[8.784841,47.727348],[8.78661,47.726335],[8.787988,47.727446],[8.788351,47.727284],[8.788705,47.727763],[8.790703,47.727254],[8.791358,47.728132],[8.79182,47.728797],[8.794011,47.728252],[8.795633,47.727882],[8.797661,47.727401],[8.79881,47.727155],[8.7992,47.727118],[8.799309,47.726728],[8.799545,47.725633],[8.799568,47.725629],[8.79962,47.725608],[8.799504,47.72549],[8.79856,47.724614],[8.79847,47.724513],[8.798197,47.724129],[8.798109,47.724012],[8.797759,47.723608],[8.797585,47.723423],[8.797396,47.723245],[8.79719,47.723065],[8.796989,47.722898],[8.796773,47.72274],[8.796247,47.722378],[8.796106,47.722271],[8.795981,47.722153],[8.795681,47.721834],[8.795679,47.721723],[8.795872,47.721515],[8.795966,47.721428],[8.79608,47.721354],[8.796208,47.721293],[8.79635,47.721245],[8.796853,47.721111],[8.797163,47.72101],[8.797448,47.720884],[8.798755,47.720213],[8.799008,47.720058],[8.799219,47.719874],[8.799341,47.719746],[8.799435,47.719616],[8.799484,47.719475],[8.79951,47.719323],[8.79939,47.719241],[8.796545,47.717431],[8.796434,47.717351],[8.796332,47.717265],[8.796255,47.71719],[8.796138,47.717062],[8.796045,47.717048],[8.794378,47.717752],[8.794353,47.717724],[8.794261,47.71771],[8.792184,47.715485],[8.792205,47.715422],[8.792796,47.715165],[8.792181,47.714551],[8.791797,47.714571],[8.791664,47.714383],[8.792411,47.714023],[8.793476,47.713564],[8.793585,47.713511],[8.793688,47.713454],[8.793965,47.713283],[8.792954,47.712517],[8.792814,47.712448],[8.791518,47.712052],[8.791464,47.711992],[8.791586,47.710459],[8.791584,47.710339],[8.79137,47.7087],[8.791736,47.708654],[8.791616,47.708052],[8.791625,47.707973],[8.79175,47.707575],[8.791719,47.706694],[8.791969,47.706596],[8.792184,47.706546],[8.792842,47.706489],[8.793661,47.706395],[8.794001,47.706343],[8.794159,47.706428],[8.794216,47.70642],[8.794265,47.706303],[8.794393,47.706283],[8.794144,47.705509],[8.793969,47.704969],[8.793805,47.704461],[8.793731,47.704231]]]]}},{"type":"Feature","properties":{"bfs":2933,"name":"Buchberg","jahr":2026},"geometry":{"type":"MultiPolygon","coordinates":[[[[8.587381,47.59434],[8.586513,47.595555],[8.586096,47.596128],[8.585956,47.596278],[8.585578,47.596568],[8.586687,47.597369],[8.587348,47.597913],[8.588185,47.598795],[8.589104,47.599796],[8.589394,47.600058],[8.590862,47.598991],[8.591921,47.598211],[8.594266,47.59644],[8.594254,47.596429],[8.594241,47.596418],[8.594229,47.596407],[8.594056,47.596258],[8.593897,47.59613],[8.593727,47.596009],[8.593546,47.595895],[8.593354,47.595789],[8.593154,47.595691],[8.59294,47.595599],[8.592747,47.595528],[8.592544,47.595462],[8.592335,47.595404],[8.592122,47.595354],[8.587381,47.59434]]],[[[8.545444,47.591847],[8.546673,47.592444],[8.547604,47.592734],[8.547756,47.59274],[8.548602,47.59267],[8.549816,47.592393],[8.550455,47.592264],[8.551816,47.592718],[8.552886,47.592956],[8.553328,47.593228],[8.554365,47.593671],[8.555171,47.593998],[8.555265,47.594054],[8.55549,47.593959],[8.555667,47.594413],[8.555771,47.594397],[8.555867,47.594626],[8.555876,47.594838],[8.55579,47.596006],[8.555783,47.596419],[8.555823,47.596722],[8.555879,47.596924],[8.555962,47.597128],[8.556064,47.597321],[8.556292,47.597635],[8.556629,47.597806],[8.556757,47.597504],[8.557152,47.597229],[8.557968,47.596724],[8.558863,47.596254],[8.558954,47.595914],[8.558941,47.594709],[8.558917,47.594436],[8.558967,47.594339],[8.55975,47.593914],[8.560751,47.593402],[8.560461,47.592512],[8.560158,47.591557],[8.560062,47.590989],[8.560642,47.590932],[8.56071,47.59088],[8.560726,47.590047],[8.560491,47.588931],[8.560384,47.588074],[8.560337,47.588016],[8.560243,47.588014],[8.559154,47.588138],[8.558697,47.588194],[8.558569,47.588197],[8.558576,47.588164],[8.558465,47.588141],[8.558212,47.588058],[8.557781,47.587958],[8.557498,47.587872],[8.556916,47.587642],[8.556835,47.587598],[8.556801,47.587546],[8.5568,47.587365],[8.556685,47.587372],[8.556476,47.587243],[8.555983,47.586895],[8.555127,47.586277],[8.554995,47.586225],[8.5546,47.586215],[8.554297,47.586193],[8.553325,47.586044],[8.553093,47.586028],[8.55286,47.586036],[8.552634,47.586073],[8.552527,47.586056],[8.552437,47.586169],[8.551462,47.586947],[8.548579,47.589288],[8.54862,47.589311],[8.547238,47.590434],[8.546118,47.591321],[8.54574,47.591638],[8.545444,47.591847]]],[[[8.554095,47.553185],[8.551711,47.55525],[8.551445,47.555502],[8.551211,47.555769],[8.551013,47.556048],[8.550851,47.556338],[8.550726,47.556637],[8.55064,47.556941],[8.550593,47.557249],[8.550585,47.557559],[8.550605,47.558097],[8.550604,47.558372],[8.550588,47.558648],[8.550557,47.558923],[8.550512,47.559197],[8.550452,47.559469],[8.550378,47.55974],[8.549746,47.561836],[8.549709,47.561951],[8.549666,47.562066],[8.549619,47.56218],[8.549566,47.562293],[8.549509,47.562405],[8.549447,47.562516],[8.54863,47.563914],[8.548555,47.564038],[8.548475,47.564161],[8.548391,47.564282],[8.548302,47.564402],[8.54821,47.56452],[8.548112,47.564637],[8.54678,47.566191],[8.54651,47.56649],[8.546219,47.566781],[8.545909,47.567063],[8.54558,47.567334],[8.545234,47.567595],[8.54487,47.567845],[8.543144,47.568976],[8.542892,47.569139],[8.542638,47.5693],[8.542382,47.56946],[8.542123,47.569617],[8.541862,47.569773],[8.541598,47.569927],[8.542488,47.570478],[8.542772,47.570524],[8.542968,47.570547],[8.543086,47.57057],[8.543193,47.570663],[8.543296,47.57073],[8.543364,47.570805],[8.54344,47.570777],[8.543488,47.570783],[8.543509,47.570827],[8.543641,47.570851],[8.543754,47.570919],[8.544015,47.571007],[8.544071,47.571014],[8.544111,47.571042],[8.544157,47.571053],[8.544181,47.57108],[8.54419,47.571096],[8.544307,47.571127],[8.544408,47.571167],[8.5445,47.571157],[8.544589,47.571186],[8.544675,47.571193],[8.544767,47.57123],[8.544891,47.571209],[8.545039,47.571253],[8.545139,47.571237],[8.545243,47.571254],[8.545306,47.571248],[8.545395,47.57127],[8.545472,47.571244],[8.545907,47.571267],[8.545972,47.571279],[8.546221,47.57131],[8.546372,47.571697],[8.546818,47.572336],[8.546612,47.572365],[8.54646,47.572399],[8.546324,47.572457],[8.546039,47.572681],[8.545708,47.572946],[8.5459,47.573277],[8.546344,47.573593],[8.546371,47.573614],[8.546396,47.573637],[8.546419,47.573661],[8.546438,47.573685],[8.546455,47.573711],[8.546468,47.573738],[8.546479,47.573765],[8.546487,47.573792],[8.546491,47.57382],[8.546492,47.573848],[8.54649,47.573876],[8.546485,47.573904],[8.546443,47.574075],[8.546393,47.574165],[8.546293,47.574235],[8.546191,47.57427],[8.545639,47.574539],[8.545221,47.574745],[8.544481,47.574944],[8.544352,47.574942],[8.544149,47.574925],[8.544006,47.574904],[8.543868,47.574868],[8.543732,47.574827],[8.543604,47.574776],[8.543486,47.57472],[8.543389,47.574645],[8.5432,47.574546],[8.54296,47.574522],[8.54272,47.574541],[8.541455,47.574702],[8.540673,47.574766],[8.540529,47.574765],[8.540125,47.574615],[8.539735,47.574424],[8.539566,47.574381],[8.539339,47.574399],[8.539075,47.574444],[8.538461,47.574583],[8.538273,47.574619],[8.536768,47.574841],[8.536075,47.575103],[8.535953,47.575139],[8.535823,47.575158],[8.535099,47.575227],[8.53498,47.57528],[8.534996,47.575322],[8.534915,47.575385],[8.534848,47.575496],[8.534959,47.575713],[8.535032,47.575796],[8.536056,47.576351],[8.536939,47.576807],[8.536967,47.576849],[8.53678,47.577412],[8.536827,47.57742],[8.536857,47.577474],[8.536939,47.577492],[8.537136,47.577503],[8.537279,47.577521],[8.537389,47.577563],[8.537427,47.57765],[8.53743,47.577854],[8.537474,47.577899],[8.537551,47.577912],[8.537553,47.577962],[8.538093,47.577967],[8.538352,47.577936],[8.539354,47.577743],[8.539868,47.57765],[8.540144,47.578208],[8.539876,47.578426],[8.539847,47.578449],[8.539786,47.578492],[8.539721,47.578533],[8.539652,47.57857],[8.539616,47.578587],[8.539541,47.57862],[8.539464,47.578648],[8.539236,47.578726],[8.538872,47.578833],[8.538214,47.579005],[8.53779,47.579139],[8.537427,47.579268],[8.537243,47.579324],[8.537051,47.579365],[8.536715,47.579422],[8.536632,47.579459],[8.536607,47.579522],[8.536649,47.579573],[8.53662,47.579598],[8.536171,47.579365],[8.536145,47.579354],[8.536116,47.579346],[8.536101,47.579344],[8.53607,47.579341],[8.536054,47.579341],[8.536039,47.579343],[8.536008,47.579348],[8.53598,47.579356],[8.535955,47.579368],[8.535933,47.579383],[8.535915,47.5794],[8.535902,47.57942],[8.535897,47.57943],[8.535893,47.57945],[8.535855,47.57984],[8.535807,47.580659],[8.535808,47.580688],[8.535801,47.580717],[8.535796,47.580731],[8.535789,47.580744],[8.535769,47.58077],[8.535744,47.580794],[8.535715,47.580813],[8.53568,47.58083],[8.535641,47.580843],[8.5356,47.580852],[8.535557,47.580856],[8.53541,47.580875],[8.53536,47.580883],[8.535311,47.580894],[8.535263,47.580906],[8.535194,47.580928],[8.534979,47.581011],[8.534909,47.581034],[8.534873,47.581044],[8.5348,47.58106],[8.534732,47.581071],[8.534663,47.581078],[8.534598,47.58115],[8.534551,47.581153],[8.534626,47.581531],[8.534637,47.581564],[8.534651,47.581597],[8.534667,47.581629],[8.534687,47.58166],[8.534709,47.58169],[8.533564,47.582158],[8.534024,47.582701],[8.534088,47.5828],[8.534201,47.582876],[8.534345,47.582924],[8.534828,47.583022],[8.535694,47.583139],[8.535816,47.583158],[8.535956,47.583183],[8.536081,47.58321],[8.536164,47.583229],[8.537007,47.583432],[8.536991,47.583463],[8.536776,47.584044],[8.536609,47.584645],[8.536557,47.584626],[8.536486,47.584593],[8.536457,47.584578],[8.536403,47.584543],[8.536356,47.584505],[8.536314,47.584464],[8.536295,47.584443],[8.536264,47.584397],[8.536281,47.584486],[8.536222,47.584515],[8.535996,47.585732],[8.535962,47.585847],[8.535351,47.587117],[8.535955,47.58725],[8.536131,47.587284],[8.536309,47.587313],[8.536489,47.587337],[8.53667,47.587354],[8.536852,47.587366],[8.537035,47.587372],[8.537032,47.587435],[8.537156,47.587459],[8.537174,47.587517],[8.538122,47.58737],[8.539258,47.587184],[8.540615,47.586953],[8.540936,47.586907],[8.541258,47.586872],[8.542709,47.586775],[8.543572,47.586694],[8.543808,47.586659],[8.544029,47.586594],[8.54471,47.586331],[8.546314,47.585812],[8.546584,47.58571],[8.546827,47.585579],[8.547616,47.585075],[8.547831,47.584958],[8.54803,47.584881],[8.548912,47.584561],[8.551406,47.583717],[8.551678,47.583613],[8.551941,47.583492],[8.552031,47.583445],[8.551914,47.583338],[8.550756,47.580403],[8.551806,47.580264],[8.552896,47.580165],[8.554138,47.580063],[8.557624,47.579863],[8.557946,47.579824],[8.55911,47.579595],[8.55938,47.579553],[8.560953,47.579363],[8.561053,47.579273],[8.560974,47.579223],[8.560886,47.579197],[8.560405,47.579094],[8.560194,47.579021],[8.559988,47.578928],[8.559229,47.578461],[8.559065,47.578392],[8.558852,47.578355],[8.5589,47.578344],[8.55986,47.578461],[8.560117,47.578521],[8.560683,47.578705],[8.560841,47.578728],[8.560999,47.578714],[8.561136,47.578659],[8.561476,47.578309],[8.561595,47.578247],[8.562384,47.577994],[8.562519,47.577888],[8.56258,47.577714],[8.562625,47.577644],[8.562687,47.577589],[8.562782,47.577562],[8.563184,47.577536],[8.563887,47.577356],[8.564253,47.577297],[8.564565,47.577274],[8.564519,47.577243],[8.56444,47.576784],[8.564951,47.576722],[8.565021,47.576669],[8.565065,47.576249],[8.565988,47.576352],[8.566095,47.575947],[8.566223,47.575668],[8.56635,47.575508],[8.56651,47.575387],[8.566623,47.575228],[8.566723,47.575256],[8.566759,47.575095],[8.566735,47.574974],[8.566713,47.574931],[8.566737,47.574926],[8.566711,47.574886],[8.566685,47.574859],[8.566874,47.574877],[8.566962,47.574896],[8.567036,47.574955],[8.56722,47.575197],[8.568038,47.575382],[8.56808,47.575378],[8.568172,47.575415],[8.568767,47.575343],[8.568735,47.57513],[8.568706,47.575047],[8.568612,47.57491],[8.568505,47.574723],[8.568448,47.574536],[8.568371,47.574406],[8.568324,47.574377],[8.568284,47.574392],[8.568162,47.57438],[8.568087,47.574363],[8.568017,47.574324],[8.568021,47.574153],[8.567987,47.57413],[8.5677,47.574142],[8.567568,47.574018],[8.56772,47.57394],[8.567446,47.573621],[8.567267,47.573628],[8.56719,47.573663],[8.567131,47.573632],[8.567056,47.573573],[8.566973,47.573492],[8.566802,47.573375],[8.566401,47.573122],[8.566349,47.573016],[8.566625,47.573093],[8.567159,47.573203],[8.567275,47.573034],[8.567322,47.572991],[8.567054,47.572782],[8.566903,47.572573],[8.566887,47.572496],[8.566706,47.57235],[8.566627,47.572237],[8.566622,47.571959],[8.566355,47.571577],[8.566409,47.571473],[8.566535,47.571319],[8.566571,47.571166],[8.56656,47.570961],[8.566522,47.570639],[8.566479,47.570522],[8.566373,47.57043],[8.566138,47.570276],[8.566037,47.57019],[8.566003,47.570083],[8.566058,47.569801],[8.56606,47.569717],[8.566028,47.569666],[8.566,47.569529],[8.566062,47.569335],[8.566149,47.569298],[8.566643,47.56917],[8.566716,47.569201],[8.566806,47.56899],[8.566748,47.568851],[8.566738,47.568605],[8.566677,47.568526],[8.566362,47.56836],[8.566288,47.568342],[8.566214,47.568058],[8.566183,47.567775],[8.566091,47.567265],[8.566109,47.567244],[8.566117,47.567219],[8.566116,47.567191],[8.566104,47.567167],[8.566086,47.567147],[8.565694,47.56683],[8.565601,47.566769],[8.565483,47.566738],[8.56504,47.566638],[8.56503,47.566514],[8.564861,47.566308],[8.565072,47.56572],[8.565148,47.565321],[8.565085,47.565139],[8.564976,47.56492],[8.564908,47.564632],[8.564837,47.5646],[8.564562,47.564557],[8.564428,47.564516],[8.564075,47.564301],[8.563831,47.564075],[8.563793,47.56381],[8.563874,47.563709],[8.56349,47.563424],[8.563353,47.563306],[8.563247,47.563196],[8.562959,47.563127],[8.562915,47.563058],[8.562537,47.56265],[8.562384,47.562365],[8.562077,47.562004],[8.561858,47.561845],[8.563678,47.561226],[8.563393,47.560925],[8.563116,47.560559],[8.562978,47.560406],[8.562771,47.560094],[8.563243,47.559962],[8.56299,47.559671],[8.562782,47.559408],[8.562512,47.55901],[8.562246,47.558769],[8.561981,47.558444],[8.561689,47.558167],[8.561729,47.558148],[8.563252,47.557598],[8.561455,47.555438],[8.561251,47.555199],[8.561041,47.554963],[8.560824,47.55473],[8.560599,47.554501],[8.560368,47.554274],[8.56013,47.554051],[8.559323,47.55331],[8.559142,47.553157],[8.558942,47.553015],[8.558725,47.552885],[8.558494,47.552768],[8.558248,47.552664],[8.557991,47.552575],[8.557694,47.552493],[8.557387,47.55243],[8.557073,47.552387],[8.556755,47.552364],[8.556434,47.552361],[8.556115,47.552378],[8.555799,47.552414],[8.55549,47.552471],[8.55543,47.552484],[8.555207,47.552541],[8.554994,47.552612],[8.554792,47.552697],[8.554604,47.552796],[8.554431,47.552907],[8.554275,47.553029],[8.554095,47.553185]]]]}},{"type":"Feature","properties":{"bfs":2914,"name":"Büttenhardt","jahr":2026},"geometry":{"type":"MultiPolygon","coordinates":[[[[8.645247,47.764966],[8.645951,47.764751],[8.646539,47.764744],[8.646934,47.764822],[8.647269,47.764942],[8.648453,47.765557],[8.64865,47.765424],[8.649437,47.76489],[8.650801,47.763965],[8.650935,47.764091],[8.651261,47.764444],[8.651562,47.764896],[8.652996,47.764542],[8.653986,47.764639],[8.654566,47.76455],[8.654593,47.764703],[8.654694,47.764839],[8.65496,47.765125],[8.655395,47.765691],[8.655558,47.765963],[8.655519,47.766031],[8.655695,47.765957],[8.656328,47.765658],[8.656509,47.765552],[8.656816,47.765331],[8.656819,47.765269],[8.657004,47.765321],[8.65705,47.765246],[8.65704,47.765219],[8.658326,47.764248],[8.659199,47.76344],[8.659238,47.763337],[8.658785,47.762825],[8.658006,47.762231],[8.658057,47.762213],[8.65729,47.761561],[8.656835,47.761419],[8.656096,47.761216],[8.655106,47.761256],[8.65496,47.761308],[8.654547,47.761275],[8.653918,47.761166],[8.653635,47.761063],[8.653563,47.761002],[8.653554,47.760816],[8.653372,47.760216],[8.654659,47.759813],[8.655634,47.759676],[8.656251,47.759215],[8.656846,47.758893],[8.65717,47.758652],[8.6576,47.758457],[8.658739,47.758047],[8.65871,47.757806],[8.65878,47.757767],[8.658529,47.756943],[8.658994,47.756736],[8.659134,47.756668],[8.658964,47.756195],[8.658975,47.75589],[8.659186,47.75561],[8.659137,47.755413],[8.658981,47.755138],[8.65877,47.754868],[8.658125,47.754323],[8.65808,47.754318],[8.658006,47.754263],[8.657224,47.754771],[8.657122,47.75483],[8.657116,47.754799],[8.656179,47.75442],[8.656164,47.754339],[8.656328,47.754139],[8.656323,47.75405],[8.654913,47.751754],[8.654499,47.751315],[8.653652,47.750773],[8.653735,47.750308],[8.653909,47.749946],[8.654267,47.749488],[8.654374,47.749389],[8.654393,47.74931],[8.653571,47.748812],[8.652495,47.748376],[8.652465,47.748393],[8.652407,47.748299],[8.652352,47.748166],[8.652405,47.748153],[8.652771,47.747832],[8.653429,47.747499],[8.653253,47.747436],[8.653536,47.747184],[8.653719,47.747021],[8.653559,47.746912],[8.653448,47.746784],[8.653566,47.746607],[8.653351,47.746392],[8.653,47.746158],[8.652667,47.745924],[8.652458,47.745778],[8.652364,47.74568],[8.651646,47.745452],[8.650492,47.744905],[8.650041,47.745068],[8.649532,47.745275],[8.64823,47.745424],[8.647622,47.745401],[8.647382,47.74523],[8.647192,47.745094],[8.646877,47.744868],[8.646337,47.744638],[8.645913,47.744419],[8.645636,47.744211],[8.645428,47.744078],[8.644868,47.743944],[8.644479,47.743755],[8.644207,47.743456],[8.643691,47.743003],[8.64301,47.742466],[8.642778,47.742194],[8.642634,47.741827],[8.642555,47.741625],[8.6424,47.741373],[8.642212,47.741203],[8.641788,47.740967],[8.6415,47.740545],[8.640187,47.739834],[8.639033,47.739218],[8.638092,47.738385],[8.637956,47.738265],[8.637607,47.738379],[8.637256,47.738527],[8.63702,47.738655],[8.636421,47.738859],[8.635527,47.739383],[8.634946,47.739754],[8.634778,47.73988],[8.634526,47.740112],[8.633981,47.740631],[8.633172,47.741433],[8.632857,47.741681],[8.632556,47.741907],[8.632161,47.742175],[8.632062,47.742272],[8.631983,47.742387],[8.629725,47.742483],[8.630643,47.743804],[8.630638,47.744467],[8.630472,47.745477],[8.6307,47.746271],[8.630885,47.746967],[8.631134,47.747502],[8.631227,47.747704],[8.631399,47.748073],[8.631373,47.748271],[8.631411,47.749106],[8.631462,47.749359],[8.631617,47.749675],[8.632156,47.750384],[8.632658,47.75087],[8.632933,47.751106],[8.633249,47.751409],[8.633525,47.75177],[8.633831,47.752115],[8.634088,47.752353],[8.634466,47.75264],[8.635122,47.753024],[8.635365,47.753196],[8.635944,47.75368],[8.63601,47.75373],[8.636118,47.753802],[8.636259,47.75384],[8.636117,47.753926],[8.636252,47.75414],[8.636405,47.754316],[8.63664,47.754555],[8.63682,47.75468],[8.63665,47.754762],[8.637391,47.755259],[8.637613,47.755541],[8.637829,47.755784],[8.638194,47.75607],[8.638588,47.756421],[8.638037,47.756839],[8.63724,47.757483],[8.63683,47.757755],[8.636321,47.75806],[8.636051,47.758182],[8.635508,47.758716],[8.634985,47.759026],[8.63384,47.760135],[8.633943,47.760245],[8.634698,47.76066],[8.636229,47.761498],[8.63701,47.762009],[8.637537,47.762546],[8.63889,47.763351],[8.640569,47.76434],[8.641193,47.764525],[8.641551,47.76464],[8.6424,47.765206],[8.643358,47.76479],[8.644477,47.764305],[8.644595,47.764407],[8.645247,47.764966]]]]}},{"type":"Feature","properties":{"bfs":2915,"name":"Dörflingen","jahr":2026},"geometry":{"type":"MultiPolygon","coordinates":[[[[8.717943,47.72162],[8.718834,47.721552],[8.719967,47.72153],[8.721225,47.721744],[8.721549,47.721734],[8.723091,47.72116],[8.723933,47.721202],[8.724828,47.721281],[8.724692,47.720148],[8.725755,47.720032],[8.727256,47.719515],[8.728263,47.719164],[8.728959,47.719083],[8.729633,47.719132],[8.730905,47.718972],[8.731999,47.718672],[8.733028,47.718506],[8.733964,47.718109],[8.735563,47.717148],[8.736308,47.716327],[8.735373,47.715661],[8.734928,47.715338],[8.734346,47.714459],[8.734018,47.713863],[8.733559,47.713344],[8.732573,47.712221],[8.732199,47.71176],[8.731916,47.711194],[8.731826,47.710678],[8.731858,47.710061],[8.731462,47.709188],[8.730807,47.708276],[8.731071,47.707567],[8.730865,47.707113],[8.730621,47.706643],[8.730069,47.705578],[8.729261,47.704025],[8.72847,47.702446],[8.728044,47.701284],[8.727724,47.700438],[8.727245,47.698941],[8.726833,47.697673],[8.726503,47.696613],[8.726899,47.694845],[8.727228,47.694236],[8.727555,47.69363],[8.728024,47.692761],[8.72735,47.692755],[8.726679,47.692728],[8.72601,47.692685],[8.725343,47.692625],[8.724681,47.692549],[8.724023,47.692457],[8.72337,47.69235],[8.722723,47.692226],[8.722084,47.692086],[8.721452,47.691932],[8.720829,47.691762],[8.720215,47.691576],[8.719612,47.691376],[8.71902,47.691162],[8.718439,47.690933],[8.717871,47.69069],[8.717299,47.69157],[8.716967,47.692473],[8.717604,47.692797],[8.717553,47.693889],[8.717627,47.694932],[8.716745,47.694939],[8.714131,47.695618],[8.711396,47.696329],[8.711726,47.697501],[8.711784,47.698577],[8.711799,47.699792],[8.711947,47.701129],[8.711558,47.701636],[8.711812,47.70174],[8.710159,47.703182],[8.708926,47.704144],[8.708638,47.704989],[8.708255,47.706291],[8.707796,47.7078],[8.707254,47.708841],[8.706999,47.709601],[8.706194,47.709649],[8.706005,47.710064],[8.706601,47.710226],[8.706432,47.711075],[8.706028,47.711572],[8.705557,47.711825],[8.704645,47.713427],[8.703883,47.713985],[8.703406,47.714274],[8.702988,47.714624],[8.701286,47.71519],[8.700574,47.714954],[8.698559,47.71501],[8.69823,47.714647],[8.697217,47.714824],[8.695353,47.714986],[8.695404,47.715668],[8.695546,47.716258],[8.695602,47.716568],[8.695568,47.716592],[8.695146,47.716541],[8.694899,47.716483],[8.6946,47.716387],[8.694258,47.716197],[8.694339,47.716646],[8.694633,47.717653],[8.694234,47.71772],[8.693122,47.717932],[8.692562,47.718093],[8.692757,47.718522],[8.693037,47.718852],[8.693631,47.719603],[8.693976,47.719884],[8.694444,47.720301],[8.694806,47.720676],[8.695567,47.721741],[8.696024,47.722156],[8.697,47.722251],[8.697786,47.722415],[8.698878,47.722393],[8.700028,47.722331],[8.700898,47.722181],[8.701725,47.722033],[8.703786,47.721839],[8.704526,47.72184],[8.705039,47.721849],[8.705898,47.721808],[8.706139,47.721748],[8.706787,47.721701],[8.707598,47.721596],[8.708168,47.721532],[8.709017,47.721403],[8.70985,47.721414],[8.710553,47.721431],[8.710752,47.722003],[8.711643,47.721831],[8.712123,47.721824],[8.712565,47.721854],[8.713071,47.72188],[8.713941,47.721916],[8.714668,47.721921],[8.715558,47.721787],[8.717943,47.72162]]]]}},{"type":"Feature","properties":{"bfs":2901,"name":"Gächlingen","jahr":2026},"geometry":{"type":"MultiPolygon","coordinates":[[[[8.480242,47.725811],[8.4819,47.726248],[8.482743,47.726447],[8.484121,47.727024],[8.484884,47.727299],[8.485783,47.727463],[8.486592,47.72725],[8.487247,47.72684],[8.487643,47.72681],[8.489317,47.727642],[8.491258,47.728871],[8.4926,47.729146],[8.493659,47.729618],[8.49426,47.729926],[8.495241,47.730306],[8.4954,47.730059],[8.495486,47.730105],[8.495569,47.730269],[8.495975,47.730547],[8.496022,47.730627],[8.496026,47.73069],[8.49585,47.730982],[8.495845,47.731098],[8.495166,47.731686],[8.4948,47.73206],[8.49506,47.732175],[8.495701,47.732581],[8.495695,47.732603],[8.49627,47.732905],[8.496574,47.732915],[8.496763,47.732997],[8.496696,47.733238],[8.497235,47.733632],[8.497566,47.733681],[8.497856,47.733688],[8.498069,47.733773],[8.498004,47.733885],[8.498222,47.73397],[8.498554,47.734321],[8.499079,47.734619],[8.499296,47.735128],[8.49953,47.735348],[8.500031,47.735689],[8.500632,47.735968],[8.500705,47.735912],[8.501853,47.736755],[8.501966,47.736953],[8.502375,47.737572],[8.502749,47.737966],[8.503268,47.738354],[8.503655,47.738791],[8.504866,47.739877],[8.504989,47.740255],[8.505126,47.740426],[8.505179,47.740533],[8.506178,47.740322],[8.506301,47.740337],[8.506424,47.740366],[8.506488,47.740361],[8.506614,47.74039],[8.506759,47.740382],[8.506832,47.740407],[8.506929,47.740458],[8.507128,47.740467],[8.507253,47.740451],[8.507396,47.740457],[8.507443,47.740403],[8.507627,47.740354],[8.507741,47.74028],[8.507784,47.740279],[8.507851,47.740226],[8.507931,47.740215],[8.508002,47.740237],[8.508049,47.740209],[8.508155,47.740246],[8.508296,47.740225],[8.508368,47.740234],[8.50852,47.740267],[8.508669,47.740319],[8.508747,47.740333],[8.508832,47.740324],[8.508859,47.740325],[8.508923,47.740353],[8.508976,47.740414],[8.509286,47.740434],[8.50933,47.740455],[8.509449,47.740539],[8.509773,47.740574],[8.50992,47.740599],[8.51002,47.740629],[8.510101,47.740648],[8.510196,47.740681],[8.51025,47.740724],[8.510308,47.740785],[8.510396,47.740804],[8.510511,47.740896],[8.51057,47.740834],[8.510609,47.740586],[8.512801,47.739793],[8.514784,47.738673],[8.516601,47.738292],[8.517394,47.738092],[8.518648,47.73783],[8.5187,47.736928],[8.518751,47.736235],[8.518692,47.7357],[8.5187,47.735359],[8.52006,47.735206],[8.520538,47.735121],[8.52198,47.734886],[8.523296,47.73462],[8.523902,47.734538],[8.523829,47.733905],[8.523795,47.732891],[8.522544,47.731894],[8.520559,47.731318],[8.519713,47.731051],[8.518596,47.730347],[8.518186,47.730123],[8.517248,47.730259],[8.515725,47.73061],[8.515044,47.730734],[8.514901,47.730818],[8.514636,47.731013],[8.514339,47.731247],[8.513944,47.731596],[8.513883,47.731842],[8.513545,47.732009],[8.512949,47.732128],[8.512693,47.732222],[8.511999,47.732344],[8.510894,47.732327],[8.510359,47.732198],[8.510073,47.732082],[8.509747,47.731982],[8.509881,47.731784],[8.509776,47.731799],[8.509458,47.731666],[8.509324,47.731489],[8.50923,47.731268],[8.509052,47.730901],[8.508893,47.730602],[8.50825,47.730267],[8.50768,47.73009],[8.506823,47.730294],[8.506362,47.730332],[8.505654,47.730146],[8.504525,47.729292],[8.504355,47.729138],[8.504175,47.728956],[8.504061,47.728891],[8.503919,47.728854],[8.503185,47.728805],[8.502794,47.728762],[8.501948,47.728564],[8.501965,47.728538],[8.501602,47.72836],[8.501491,47.728319],[8.501459,47.728299],[8.50143,47.72829],[8.501328,47.728245],[8.501254,47.728219],[8.501152,47.728193],[8.501088,47.728169],[8.501026,47.728154],[8.501009,47.728144],[8.500888,47.728116],[8.500576,47.728059],[8.500513,47.728041],[8.500422,47.728029],[8.500301,47.727975],[8.500204,47.727924],[8.50018,47.727921],[8.500169,47.727884],[8.499946,47.727786],[8.499815,47.727508],[8.499868,47.727302],[8.4997,47.727243],[8.499507,47.727426],[8.499089,47.727776],[8.499032,47.727787],[8.498428,47.727124],[8.497768,47.727337],[8.49774,47.727318],[8.499016,47.726397],[8.500104,47.725593],[8.497686,47.723788],[8.497657,47.723719],[8.499695,47.722336],[8.50095,47.721588],[8.501225,47.721407],[8.502229,47.720679],[8.502308,47.720651],[8.502371,47.720595],[8.501003,47.71982],[8.501059,47.71981],[8.503017,47.718308],[8.504941,47.716621],[8.505018,47.716565],[8.507282,47.715103],[8.505318,47.713872],[8.506195,47.713409],[8.506568,47.713145],[8.50757,47.712301],[8.507825,47.712047],[8.508037,47.711752],[8.508267,47.71134],[8.508355,47.711133],[8.508411,47.710918],[8.508428,47.710792],[8.508474,47.710794],[8.508501,47.710843],[8.508765,47.711049],[8.510771,47.709916],[8.510407,47.70956],[8.512085,47.708617],[8.511643,47.708239],[8.512765,47.707191],[8.5131,47.707198],[8.513227,47.707127],[8.513369,47.707074],[8.513394,47.707022],[8.514993,47.705294],[8.515053,47.705271],[8.515121,47.705271],[8.515171,47.705302],[8.515239,47.705283],[8.515129,47.705115],[8.515042,47.705022],[8.515062,47.704978],[8.514954,47.704887],[8.515873,47.70225],[8.504078,47.700369],[8.50404,47.700326],[8.504561,47.698842],[8.50254,47.698297],[8.502481,47.698344],[8.502457,47.698381],[8.502336,47.698463],[8.501548,47.697832],[8.501441,47.697759],[8.501301,47.697691],[8.501138,47.697631],[8.50097,47.697591],[8.50083,47.697563],[8.500664,47.697512],[8.500471,47.697427],[8.500374,47.697436],[8.500328,47.697378],[8.50003,47.697165],[8.498579,47.697994],[8.498336,47.697844],[8.496803,47.698574],[8.495657,47.697724],[8.494707,47.698295],[8.494625,47.698297],[8.490687,47.696278],[8.490642,47.696302],[8.490575,47.696312],[8.490397,47.696462],[8.489613,47.697187],[8.489431,47.69733],[8.48932,47.697379],[8.489557,47.697472],[8.48962,47.697525],[8.489663,47.697581],[8.490325,47.698624],[8.488482,47.699584],[8.488527,47.699623],[8.487004,47.700545],[8.487024,47.700593],[8.487006,47.700666],[8.486357,47.700594],[8.484089,47.700356],[8.483907,47.70035],[8.483736,47.700363],[8.483487,47.700408],[8.483112,47.700559],[8.48293,47.700648],[8.482892,47.700843],[8.482983,47.70118],[8.48305,47.701348],[8.483136,47.701504],[8.483434,47.701989],[8.483763,47.702564],[8.484094,47.703344],[8.484358,47.704139],[8.483973,47.704126],[8.483776,47.704139],[8.483389,47.704208],[8.483295,47.704253],[8.483251,47.704325],[8.483274,47.704402],[8.483687,47.704891],[8.483799,47.705011],[8.483957,47.705117],[8.484152,47.705179],[8.484659,47.705256],[8.484872,47.705309],[8.485057,47.705399],[8.485322,47.705559],[8.485592,47.705711],[8.485874,47.705848],[8.486791,47.706249],[8.486796,47.706398],[8.487338,47.707895],[8.487333,47.707974],[8.4871,47.708099],[8.486928,47.708238],[8.486203,47.70901],[8.485695,47.70956],[8.48552,47.709676],[8.485414,47.709766],[8.485411,47.709843],[8.485507,47.709957],[8.485598,47.710175],[8.485815,47.710523],[8.486006,47.710771],[8.486695,47.711522],[8.487064,47.711874],[8.487225,47.712047],[8.487152,47.712049],[8.485814,47.712569],[8.485803,47.712606],[8.486058,47.713268],[8.486185,47.713521],[8.48667,47.714315],[8.486784,47.71446],[8.487198,47.714816],[8.487351,47.71499],[8.48748,47.715244],[8.487414,47.715258],[8.487374,47.715306],[8.486147,47.715835],[8.485312,47.716215],[8.485381,47.716271],[8.486713,47.717092],[8.487045,47.717259],[8.487507,47.717419],[8.487479,47.717445],[8.487531,47.719421],[8.487579,47.719508],[8.485363,47.719192],[8.48523,47.719164],[8.485152,47.71913],[8.484703,47.719034],[8.484477,47.718997],[8.484255,47.718982],[8.483378,47.718974],[8.483281,47.718996],[8.483222,47.719049],[8.48254,47.720158],[8.48243,47.720391],[8.482285,47.720814],[8.482061,47.721737],[8.482099,47.721784],[8.481898,47.721771],[8.481606,47.722616],[8.481534,47.723055],[8.48111,47.72381],[8.480807,47.724335],[8.480773,47.724408],[8.480475,47.725196],[8.480242,47.725811]]]]}},{"type":"Feature","properties":{"bfs":2971,"name":"Hallau","jahr":2026},"geometry":{"type":"MultiPolygon","coordinates":[[[[8.454945,47.722453],[8.457605,47.722015],[8.457899,47.721542],[8.458779,47.719989],[8.459113,47.719237],[8.459438,47.718535],[8.45961,47.718064],[8.459752,47.717651],[8.461655,47.715464],[8.463647,47.713983],[8.463719,47.713951],[8.463832,47.713974],[8.463791,47.713877],[8.463514,47.713542],[8.463961,47.713244],[8.462921,47.712325],[8.463496,47.712029],[8.463533,47.711997],[8.461852,47.711102],[8.461695,47.710977],[8.461234,47.710534],[8.461246,47.710467],[8.461211,47.710445],[8.462289,47.709778],[8.462433,47.709713],[8.463307,47.709517],[8.463529,47.709404],[8.463923,47.709131],[8.464214,47.708938],[8.464447,47.708806],[8.464715,47.708722],[8.465314,47.708552],[8.4656,47.708476],[8.466108,47.7084],[8.466674,47.708371],[8.466791,47.708322],[8.466215,47.707879],[8.466103,47.707807],[8.465984,47.707739],[8.46641,47.707028],[8.46584,47.706887],[8.466193,47.706383],[8.466066,47.70631],[8.466258,47.705854],[8.466412,47.705845],[8.466359,47.705813],[8.466364,47.705765],[8.46664,47.70535],[8.466729,47.705259],[8.468683,47.703776],[8.470064,47.702727],[8.469835,47.702646],[8.469779,47.702593],[8.469703,47.702555],[8.471812,47.70114],[8.471909,47.701085],[8.470741,47.700286],[8.47056,47.700168],[8.470021,47.699836],[8.472327,47.698281],[8.472302,47.69823],[8.472211,47.698161],[8.472001,47.69803],[8.470905,47.697205],[8.472568,47.696002],[8.473944,47.695006],[8.477062,47.696696],[8.477105,47.696686],[8.478749,47.695452],[8.479816,47.694378],[8.477416,47.693648],[8.47845,47.691979],[8.478717,47.691946],[8.479202,47.691901],[8.47924,47.691831],[8.47933,47.691768],[8.479448,47.691549],[8.479427,47.691509],[8.475035,47.689711],[8.472551,47.68846],[8.470687,47.687122],[8.469752,47.686461],[8.46958,47.686375],[8.467854,47.685816],[8.467727,47.685832],[8.468122,47.685406],[8.466029,47.68455],[8.465911,47.684565],[8.466173,47.684252],[8.462893,47.683102],[8.463085,47.682805],[8.463052,47.682718],[8.462995,47.682614],[8.462613,47.682694],[8.462461,47.682786],[8.462306,47.682894],[8.462221,47.682881],[8.462384,47.682553],[8.463164,47.681654],[8.46322,47.681521],[8.463137,47.681525],[8.463066,47.681477],[8.460749,47.68088],[8.460616,47.680841],[8.458649,47.680196],[8.456795,47.679507],[8.456811,47.679588],[8.456389,47.679901],[8.456151,47.680078],[8.455785,47.68035],[8.455241,47.680753],[8.453489,47.682071],[8.452858,47.682552],[8.452747,47.682611],[8.452736,47.682695],[8.449539,47.684928],[8.450378,47.685604],[8.451236,47.686268],[8.449754,47.687133],[8.449574,47.687055],[8.449413,47.686957],[8.44883,47.686492],[8.447619,47.6871],[8.447495,47.687109],[8.447168,47.68697],[8.446986,47.686903],[8.446791,47.686854],[8.446588,47.686828],[8.446029,47.68681],[8.445834,47.686776],[8.4457,47.686772],[8.445176,47.687146],[8.445832,47.687939],[8.446158,47.688279],[8.446091,47.688285],[8.445819,47.688223],[8.445723,47.688173],[8.444885,47.687571],[8.444394,47.687902],[8.444589,47.688105],[8.444732,47.688285],[8.444671,47.688302],[8.444623,47.688345],[8.443957,47.688052],[8.443777,47.687993],[8.443586,47.687952],[8.44339,47.687938],[8.443187,47.687948],[8.443003,47.687974],[8.442908,47.687975],[8.442822,47.687947],[8.442769,47.68798],[8.442704,47.687979],[8.442594,47.687898],[8.442629,47.68787],[8.442155,47.687545],[8.442004,47.687456],[8.441871,47.687394],[8.441387,47.687197],[8.441282,47.687212],[8.441209,47.687192],[8.441034,47.687042],[8.440112,47.687625],[8.439855,47.687398],[8.439589,47.687126],[8.438504,47.687635],[8.438456,47.687662],[8.438324,47.687545],[8.437742,47.68692],[8.437467,47.686582],[8.436564,47.68529],[8.436478,47.685256],[8.436387,47.685284],[8.4358,47.686231],[8.435146,47.686714],[8.434698,47.687033],[8.434211,47.687387],[8.434207,47.687443],[8.433597,47.687143],[8.432323,47.686587],[8.431971,47.686401],[8.43182,47.686313],[8.431526,47.686071],[8.431372,47.685837],[8.431181,47.685644],[8.431007,47.685525],[8.429935,47.684971],[8.42977,47.684917],[8.429547,47.684874],[8.429198,47.684833],[8.428487,47.684779],[8.428056,47.684736],[8.427935,47.684713],[8.427886,47.684797],[8.426195,47.684559],[8.424889,47.684193],[8.424121,47.684024],[8.423302,47.683853],[8.422331,47.683692],[8.421535,47.683732],[8.42079,47.68387],[8.41963,47.685222],[8.418988,47.685967],[8.418797,47.686667],[8.418199,47.688186],[8.416815,47.689597],[8.415345,47.691039],[8.414012,47.692391],[8.412923,47.693512],[8.411982,47.694406],[8.410427,47.6948],[8.409358,47.695336],[8.40772,47.695578],[8.406413,47.695566],[8.40585,47.696795],[8.405256,47.69773],[8.404902,47.697905],[8.404645,47.698033],[8.405594,47.699024],[8.406464,47.700068],[8.407283,47.701098],[8.408108,47.7021],[8.409445,47.703294],[8.410822,47.704304],[8.412481,47.705423],[8.414305,47.706762],[8.415279,47.707931],[8.416154,47.708998],[8.417123,47.710183],[8.417354,47.71006],[8.417918,47.709763],[8.419187,47.710177],[8.420149,47.709509],[8.421814,47.710262],[8.422786,47.710701],[8.423781,47.711091],[8.424347,47.711303],[8.425343,47.711734],[8.426097,47.711294],[8.42732,47.712148],[8.428412,47.712861],[8.429551,47.713544],[8.430658,47.714111],[8.43109,47.714366],[8.43173,47.714621],[8.431958,47.714897],[8.432355,47.715213],[8.432529,47.715506],[8.433163,47.715858],[8.433858,47.71628],[8.434683,47.717148],[8.435178,47.717567],[8.436472,47.718195],[8.437111,47.718396],[8.438081,47.718542],[8.439449,47.718252],[8.440614,47.718049],[8.441666,47.717894],[8.441761,47.718169],[8.44191,47.718598],[8.441199,47.719074],[8.440188,47.719745],[8.440993,47.72052],[8.441595,47.721102],[8.442187,47.721419],[8.443162,47.721937],[8.444469,47.722614],[8.445341,47.723067],[8.446318,47.723237],[8.447608,47.723219],[8.449406,47.723017],[8.450974,47.722854],[8.452185,47.722721],[8.452904,47.722656],[8.453767,47.722579],[8.454945,47.722453]]]]}},{"type":"Feature","properties":{"bfs":2962,"name":"Hemishofen","jahr":2026},"geometry":{"type":"MultiPolygon","coordinates":[[[[8.836931,47.671266],[8.835892,47.671941],[8.835746,47.672032],[8.835596,47.672119],[8.835441,47.672202],[8.835282,47.672282],[8.835118,47.672357],[8.834951,47.672428],[8.833639,47.672962],[8.833445,47.673043],[8.833253,47.673128],[8.833063,47.673214],[8.832877,47.673304],[8.832693,47.673396],[8.832512,47.673491],[8.831311,47.674135],[8.831107,47.674239],[8.830896,47.674336],[8.830677,47.674426],[8.830452,47.674508],[8.830222,47.674582],[8.829986,47.674648],[8.82963,47.674731],[8.829267,47.674795],[8.828897,47.674841],[8.828523,47.674869],[8.828148,47.674877],[8.827528,47.67486],[8.827283,47.674867],[8.82704,47.674885],[8.8268,47.674917],[8.826564,47.67496],[8.826334,47.675016],[8.826111,47.675083],[8.825896,47.675162],[8.824924,47.675538],[8.823936,47.675896],[8.822934,47.676236],[8.821918,47.676556],[8.82089,47.676856],[8.819849,47.677137],[8.819433,47.677243],[8.819016,47.677346],[8.818598,47.677445],[8.818177,47.677542],[8.817755,47.677635],[8.817332,47.677725],[8.816773,47.677822],[8.816202,47.677881],[8.815626,47.677901],[8.815049,47.677884],[8.814478,47.677828],[8.813918,47.677734],[8.809865,47.676912],[8.80963,47.676872],[8.809391,47.676847],[8.809149,47.676837],[8.808907,47.676841],[8.808667,47.67686],[8.80843,47.676894],[8.808199,47.676942],[8.807975,47.677004],[8.807761,47.67708],[8.807557,47.677168],[8.806035,47.677898],[8.805881,47.677968],[8.805721,47.678033],[8.805558,47.678092],[8.80539,47.678146],[8.805218,47.678194],[8.805044,47.678236],[8.807086,47.6796],[8.807592,47.680604],[8.807652,47.681318],[8.807853,47.681844],[8.808533,47.682701],[8.808784,47.683272],[8.809702,47.683516],[8.809848,47.683688],[8.810122,47.683644],[8.810285,47.683554],[8.810718,47.683507],[8.811163,47.683652],[8.811809,47.683933],[8.811982,47.684103],[8.812545,47.684312],[8.812914,47.684257],[8.813499,47.684466],[8.813958,47.685057],[8.813656,47.685734],[8.814225,47.686769],[8.814324,47.686927],[8.814661,47.687578],[8.815547,47.689225],[8.815636,47.689458],[8.815661,47.689702],[8.815591,47.689941],[8.815537,47.690102],[8.817217,47.690456],[8.817289,47.690294],[8.817588,47.690007],[8.817546,47.689792],[8.817468,47.689615],[8.817147,47.689266],[8.817056,47.688966],[8.817032,47.688721],[8.816721,47.687699],[8.816696,47.68759],[8.816703,47.68748],[8.817105,47.687464],[8.817616,47.687445],[8.817686,47.687889],[8.817721,47.687997],[8.817911,47.688396],[8.817941,47.68847],[8.821473,47.688745],[8.821596,47.688288],[8.82783,47.689297],[8.827877,47.689188],[8.827994,47.688811],[8.828075,47.688426],[8.828104,47.688238],[8.828985,47.689046],[8.829547,47.689455],[8.830101,47.689808],[8.830357,47.689964],[8.830426,47.689879],[8.83059,47.689717],[8.830718,47.689603],[8.83078,47.689557],[8.830852,47.689519],[8.831304,47.68931],[8.83142,47.689267],[8.831543,47.689239],[8.831781,47.6892],[8.832326,47.689092],[8.832964,47.688954],[8.833276,47.688893],[8.833803,47.688837],[8.834672,47.688685],[8.835034,47.688646],[8.835169,47.688658],[8.83533,47.688729],[8.835509,47.688852],[8.83577,47.688969],[8.836465,47.689171],[8.836729,47.689252],[8.836917,47.68935],[8.83705,47.689489],[8.837138,47.689669],[8.837161,47.689859],[8.837023,47.690454],[8.836906,47.690799],[8.836612,47.691263],[8.836266,47.691745],[8.836141,47.692261],[8.835995,47.692728],[8.835954,47.69313],[8.835923,47.693528],[8.83641,47.693767],[8.837191,47.693923],[8.837698,47.693909],[8.838663,47.694072],[8.839621,47.694269],[8.840363,47.694447],[8.84061,47.694401],[8.840915,47.694417],[8.841552,47.694662],[8.841961,47.694799],[8.842151,47.694806],[8.841937,47.695138],[8.841851,47.695307],[8.841773,47.695531],[8.841731,47.695894],[8.841577,47.696026],[8.841287,47.696082],[8.840854,47.696098],[8.840423,47.696163],[8.840014,47.696303],[8.839506,47.696542],[8.839261,47.696862],[8.839187,47.697145],[8.839191,47.697277],[8.839313,47.697519],[8.839171,47.697739],[8.839175,47.697913],[8.838972,47.698059],[8.838993,47.698119],[8.839163,47.698075],[8.839726,47.698006],[8.840249,47.698241],[8.840486,47.698578],[8.840763,47.698802],[8.839954,47.698941],[8.839708,47.699123],[8.839658,47.699244],[8.839889,47.699681],[8.840271,47.699994],[8.840641,47.70025],[8.840872,47.700528],[8.839328,47.701226],[8.839565,47.701376],[8.839816,47.701526],[8.840449,47.701341],[8.841037,47.701233],[8.841655,47.701247],[8.842223,47.70129],[8.842965,47.701453],[8.843361,47.701676],[8.843668,47.702085],[8.844259,47.702639],[8.844733,47.702878],[8.845354,47.70302],[8.845654,47.703129],[8.846784,47.70305],[8.847485,47.703194],[8.848072,47.703361],[8.848343,47.703369],[8.849684,47.703701],[8.850059,47.703966],[8.850965,47.703994],[8.851664,47.704123],[8.852335,47.704215],[8.852795,47.704516],[8.85336,47.704748],[8.854707,47.704874],[8.855037,47.704834],[8.855581,47.704745],[8.856432,47.704516],[8.857187,47.704527],[8.857792,47.704627],[8.858077,47.704535],[8.858623,47.704267],[8.859523,47.704194],[8.860226,47.704218],[8.861036,47.70413],[8.861594,47.704234],[8.862024,47.70451],[8.862509,47.704589],[8.862848,47.704751],[8.863532,47.704887],[8.864174,47.70523],[8.864383,47.705246],[8.865113,47.705303],[8.86569,47.705307],[8.866052,47.705424],[8.866604,47.705472],[8.867028,47.705344],[8.867535,47.705273],[8.867971,47.705286],[8.868298,47.705378],[8.868643,47.705245],[8.868971,47.704922],[8.869228,47.704679],[8.869699,47.704584],[8.870274,47.704521],[8.870729,47.704584],[8.871227,47.704809],[8.871621,47.704629],[8.872302,47.704193],[8.872742,47.704075],[8.872957,47.703783],[8.872301,47.703127],[8.87184,47.702849],[8.869694,47.701866],[8.870047,47.701534],[8.870999,47.701487],[8.871497,47.700044],[8.872115,47.700172],[8.872933,47.699016],[8.873752,47.698184],[8.874809,47.697586],[8.87615,47.696849],[8.876232,47.696632],[8.875519,47.696004],[8.874986,47.694998],[8.874723,47.694482],[8.874455,47.694295],[8.873403,47.693965],[8.872643,47.693827],[8.871803,47.693538],[8.871058,47.693423],[8.870519,47.693594],[8.869792,47.69405],[8.869156,47.693709],[8.868807,47.693699],[8.868342,47.693771],[8.867658,47.693942],[8.866725,47.693953],[8.866058,47.693815],[8.865002,47.693189],[8.86436,47.692712],[8.863705,47.692486],[8.863282,47.692404],[8.862738,47.692793],[8.862829,47.693186],[8.864119,47.694112],[8.863867,47.694718],[8.865231,47.694773],[8.865762,47.695559],[8.866306,47.696381],[8.864889,47.697329],[8.863224,47.698426],[8.86237,47.697204],[8.861686,47.696982],[8.860948,47.696896],[8.860622,47.696259],[8.860205,47.696501],[8.860239,47.697166],[8.860169,47.698157],[8.8595,47.698034],[8.858082,47.69874],[8.857515,47.698185],[8.856847,47.697765],[8.855889,47.69728],[8.85483,47.69704],[8.853596,47.697111],[8.852568,47.697314],[8.852071,47.697612],[8.851535,47.697618],[8.851843,47.696702],[8.851345,47.696315],[8.85097,47.696104],[8.850773,47.69517],[8.850812,47.694655],[8.85161,47.6944],[8.852703,47.694166],[8.8532,47.6945],[8.853985,47.694472],[8.854741,47.694494],[8.855426,47.694119],[8.855855,47.693874],[8.856238,47.693491],[8.8567,47.693378],[8.857125,47.693127],[8.857718,47.692648],[8.857635,47.692312],[8.857606,47.691995],[8.85694,47.691264],[8.856806,47.6908],[8.856598,47.690264],[8.856384,47.689832],[8.855836,47.689882],[8.856133,47.689303],[8.856356,47.689094],[8.856023,47.688885],[8.85534,47.688697],[8.854798,47.68843],[8.854229,47.688329],[8.85343,47.687831],[8.853261,47.687654],[8.853099,47.687205],[8.852683,47.686492],[8.853281,47.686233],[8.852765,47.68588],[8.852304,47.685696],[8.851972,47.685634],[8.851093,47.685587],[8.85111,47.68501],[8.850921,47.684641],[8.850737,47.683676],[8.850692,47.68315],[8.85054,47.68263],[8.851528,47.682691],[8.851655,47.682477],[8.850417,47.681751],[8.850564,47.681172],[8.851428,47.681058],[8.851634,47.680546],[8.851278,47.679682],[8.850841,47.679096],[8.850471,47.678748],[8.849987,47.678153],[8.849535,47.677719],[8.848924,47.67721],[8.848414,47.676852],[8.847701,47.676676],[8.846988,47.67662],[8.846342,47.676239],[8.845967,47.676017],[8.845026,47.675504],[8.844469,47.675024],[8.843872,47.674557],[8.8432,47.675081],[8.842823,47.67461],[8.842255,47.673879],[8.841565,47.674042],[8.841266,47.674165],[8.840653,47.674535],[8.840358,47.674315],[8.840191,47.674466],[8.839816,47.674205],[8.839139,47.673765],[8.839485,47.673336],[8.839544,47.673199],[8.839357,47.673079],[8.839576,47.673018],[8.839835,47.672909],[8.840115,47.672782],[8.840265,47.672604],[8.839568,47.672048],[8.838829,47.672444],[8.838667,47.672521],[8.838371,47.672629],[8.838289,47.672638],[8.838209,47.672578],[8.837819,47.672177],[8.836931,47.671266]]]]}},{"type":"Feature","properties":{"bfs":2917,"name":"Lohn","jahr":2026},"geometry":{"type":"MultiPolygon","coordinates":[[[[8.653719,47.747021],[8.653536,47.747184],[8.653253,47.747436],[8.653429,47.747499],[8.652771,47.747832],[8.652405,47.748153],[8.652352,47.748166],[8.652407,47.748299],[8.652465,47.748393],[8.652495,47.748376],[8.653571,47.748812],[8.654393,47.74931],[8.654374,47.749389],[8.654267,47.749488],[8.653909,47.749946],[8.653735,47.750308],[8.653652,47.750773],[8.654499,47.751315],[8.654913,47.751754],[8.656323,47.75405],[8.656328,47.754139],[8.656164,47.754339],[8.656179,47.75442],[8.657116,47.754799],[8.657122,47.75483],[8.657224,47.754771],[8.658006,47.754263],[8.65808,47.754318],[8.658125,47.754323],[8.65877,47.754868],[8.658981,47.755138],[8.659137,47.755413],[8.659186,47.75561],[8.658975,47.75589],[8.658964,47.756195],[8.659134,47.756668],[8.658994,47.756736],[8.658529,47.756943],[8.65878,47.757767],[8.65871,47.757806],[8.658739,47.758047],[8.6576,47.758457],[8.65717,47.758652],[8.656846,47.758893],[8.656251,47.759215],[8.655634,47.759676],[8.654659,47.759813],[8.653372,47.760216],[8.653554,47.760816],[8.653563,47.761002],[8.653635,47.761063],[8.653918,47.761166],[8.654547,47.761275],[8.65496,47.761308],[8.655106,47.761256],[8.656096,47.761216],[8.656835,47.761419],[8.65729,47.761561],[8.658057,47.762213],[8.658006,47.762231],[8.658785,47.762825],[8.659238,47.763337],[8.659199,47.76344],[8.658326,47.764248],[8.65704,47.765219],[8.65705,47.765246],[8.657614,47.76538],[8.65794,47.765474],[8.658186,47.765566],[8.658384,47.765675],[8.658575,47.765819],[8.658726,47.765948],[8.658842,47.766084],[8.658959,47.76625],[8.658836,47.766287],[8.658658,47.766754],[8.658554,47.76701],[8.658646,47.767124],[8.658786,47.767192],[8.659327,47.767207],[8.660014,47.767247],[8.660862,47.767229],[8.661463,47.76698],[8.661806,47.766948],[8.662401,47.766947],[8.663138,47.767091],[8.663554,47.767271],[8.66357,47.767557],[8.663607,47.767709],[8.663595,47.767958],[8.663554,47.768274],[8.663509,47.768505],[8.663516,47.768631],[8.663514,47.76877],[8.663658,47.768972],[8.664468,47.769533],[8.664879,47.769602],[8.665283,47.769671],[8.665589,47.769629],[8.665699,47.769612],[8.666243,47.76953],[8.667004,47.769405],[8.667528,47.76927],[8.667924,47.769135],[8.668049,47.769078],[8.668546,47.768899],[8.669133,47.768799],[8.669714,47.768724],[8.67034,47.76858],[8.670963,47.768241],[8.671154,47.768151],[8.672116,47.767832],[8.673323,47.767253],[8.673705,47.766985],[8.674542,47.766347],[8.674874,47.765643],[8.675204,47.764829],[8.675489,47.764619],[8.675858,47.764295],[8.6763,47.764033],[8.676794,47.763801],[8.677422,47.763123],[8.678229,47.762575],[8.678774,47.762376],[8.679146,47.762111],[8.679878,47.761873],[8.680173,47.761656],[8.680553,47.76153],[8.680982,47.761707],[8.681497,47.761486],[8.681747,47.76115],[8.682186,47.76111],[8.682465,47.760626],[8.683219,47.759839],[8.683507,47.7596],[8.683842,47.759078],[8.684149,47.758558],[8.684414,47.758215],[8.684647,47.757874],[8.684856,47.757661],[8.685175,47.757468],[8.685265,47.757278],[8.685385,47.757182],[8.685516,47.757115],[8.685984,47.75702],[8.686093,47.756934],[8.686614,47.756928],[8.686675,47.756591],[8.686922,47.756547],[8.68705,47.756379],[8.687121,47.756153],[8.687208,47.755902],[8.687334,47.755751],[8.687603,47.75548],[8.687779,47.755291],[8.687941,47.755132],[8.688191,47.754611],[8.688741,47.754184],[8.689027,47.754035],[8.689298,47.754024],[8.689485,47.754034],[8.689349,47.753577],[8.689063,47.753368],[8.688956,47.753261],[8.688923,47.753155],[8.688917,47.752966],[8.688949,47.752732],[8.688997,47.752466],[8.689041,47.752473],[8.688976,47.752255],[8.688915,47.752086],[8.688792,47.751931],[8.688721,47.751741],[8.688655,47.751595],[8.688392,47.751307],[8.688124,47.750947],[8.687962,47.750789],[8.68772,47.75065],[8.687294,47.750375],[8.68727,47.750322],[8.687316,47.750277],[8.68761,47.750184],[8.687525,47.750046],[8.68706,47.749665],[8.686867,47.749561],[8.686045,47.749064],[8.685163,47.748709],[8.684837,47.748373],[8.684813,47.748173],[8.68479,47.748054],[8.684729,47.747803],[8.684721,47.747725],[8.68475,47.74765],[8.684397,47.746891],[8.683987,47.746542],[8.683373,47.746326],[8.683109,47.745971],[8.683342,47.744643],[8.683313,47.744456],[8.683299,47.744245],[8.683305,47.744041],[8.683337,47.743712],[8.683343,47.743417],[8.683302,47.743281],[8.68322,47.74316],[8.683075,47.742978],[8.682882,47.742762],[8.682628,47.742534],[8.682163,47.742708],[8.681626,47.742877],[8.681326,47.743039],[8.681042,47.743793],[8.680982,47.743778],[8.680784,47.744303],[8.680633,47.744588],[8.680401,47.744959],[8.680149,47.745225],[8.679919,47.745319],[8.67938,47.745812],[8.679352,47.745911],[8.679624,47.746226],[8.679659,47.746337],[8.67963,47.746508],[8.679539,47.746751],[8.679397,47.746947],[8.679043,47.747208],[8.678729,47.747378],[8.678488,47.747529],[8.67833,47.74767],[8.678271,47.747678],[8.677078,47.74719],[8.676642,47.747047],[8.676164,47.746917],[8.675048,47.746673],[8.674247,47.747527],[8.673761,47.747458],[8.673316,47.747709],[8.6734,47.748217],[8.672854,47.748093],[8.67213,47.747645],[8.671749,47.747181],[8.671124,47.746733],[8.670753,47.746436],[8.669762,47.746245],[8.667657,47.746823],[8.666746,47.74686],[8.665968,47.746897],[8.665466,47.745149],[8.665421,47.744919],[8.665082,47.744786],[8.665089,47.744441],[8.664843,47.743982],[8.664652,47.744016],[8.664415,47.744006],[8.664192,47.743953],[8.663464,47.743666],[8.662782,47.744565],[8.661213,47.744579],[8.66119,47.74458],[8.661148,47.744594],[8.661118,47.74455],[8.66095,47.744381],[8.660245,47.744598],[8.65955,47.744792],[8.659306,47.744925],[8.659071,47.745174],[8.659045,47.745213],[8.658735,47.745688],[8.658415,47.746251],[8.657923,47.746848],[8.657995,47.746895],[8.657996,47.746927],[8.658299,47.7469],[8.658477,47.747164],[8.658454,47.747355],[8.659288,47.747803],[8.659368,47.747839],[8.658165,47.748558],[8.657691,47.748842],[8.656983,47.748902],[8.656173,47.748777],[8.655828,47.748813],[8.655693,47.748532],[8.655339,47.748211],[8.655191,47.748006],[8.65512,47.747837],[8.655073,47.74766],[8.654876,47.747479],[8.654304,47.747178],[8.65421,47.747152],[8.654056,47.747059],[8.653719,47.747021]]]]}},{"type":"Feature","properties":{"bfs":2903,"name":"Löhningen","jahr":2026},"geometry":{"type":"MultiPolygon","coordinates":[[[[8.526757,47.704462],[8.526799,47.704465],[8.527014,47.704465],[8.528986,47.704588],[8.529207,47.704588],[8.529398,47.70457],[8.529604,47.70453],[8.529797,47.704473],[8.531399,47.703848],[8.531544,47.703799],[8.531532,47.703844],[8.531816,47.704841],[8.534501,47.704027],[8.535353,47.705124],[8.535364,47.705169],[8.535388,47.705217],[8.535531,47.705191],[8.535501,47.705227],[8.536255,47.706373],[8.536309,47.706401],[8.536362,47.706506],[8.536148,47.706549],[8.535943,47.706579],[8.536298,47.707129],[8.536486,47.707453],[8.536589,47.707704],[8.536576,47.707769],[8.536612,47.707862],[8.535635,47.708799],[8.534838,47.709128],[8.535,47.710439],[8.535056,47.710647],[8.535258,47.711232],[8.535497,47.711664],[8.53646,47.712253],[8.537082,47.712659],[8.537536,47.712983],[8.538064,47.713209],[8.538933,47.713492],[8.539016,47.713702],[8.539144,47.713943],[8.539147,47.714364],[8.539319,47.714784],[8.539626,47.715177],[8.540023,47.71554],[8.540364,47.715541],[8.540827,47.716153],[8.541118,47.716504],[8.541397,47.717113],[8.54163,47.717602],[8.541771,47.71793],[8.542204,47.718534],[8.542545,47.719074],[8.543283,47.720242],[8.543715,47.720964],[8.543961,47.720949],[8.544311,47.720928],[8.545521,47.720802],[8.545797,47.720797],[8.54607,47.720816],[8.54683,47.720905],[8.549416,47.721191],[8.549486,47.720927],[8.549513,47.720725],[8.549859,47.720122],[8.549794,47.719986],[8.550843,47.718851],[8.550424,47.718689],[8.550129,47.718605],[8.549789,47.718537],[8.549529,47.718513],[8.549178,47.718491],[8.548823,47.718509],[8.548297,47.718583],[8.547795,47.718644],[8.547234,47.718689],[8.546681,47.718764],[8.546326,47.718801],[8.546379,47.718704],[8.546832,47.718386],[8.547596,47.71823],[8.548717,47.71798],[8.549762,47.7178],[8.550728,47.717624],[8.55239,47.71763],[8.553653,47.717467],[8.554307,47.717161],[8.555054,47.716723],[8.555661,47.716513],[8.556181,47.716347],[8.556897,47.716155],[8.558007,47.715836],[8.55867,47.71564],[8.55859,47.715245],[8.558522,47.71486],[8.559532,47.714961],[8.560099,47.715064],[8.560017,47.71462],[8.559629,47.713656],[8.559492,47.713327],[8.559555,47.713127],[8.560357,47.712146],[8.561103,47.711694],[8.561645,47.711351],[8.562632,47.710738],[8.563216,47.710336],[8.56361,47.709995],[8.563762,47.709774],[8.56381,47.709492],[8.564085,47.708679],[8.564412,47.707652],[8.564707,47.706942],[8.565428,47.705302],[8.565559,47.704637],[8.565623,47.703927],[8.565922,47.703182],[8.566308,47.702698],[8.565748,47.702539],[8.565062,47.702343],[8.564798,47.70187],[8.564207,47.701955],[8.563959,47.701977],[8.563229,47.702126],[8.562948,47.701581],[8.562771,47.701189],[8.56271,47.701094],[8.56254,47.700691],[8.562421,47.700381],[8.562313,47.700042],[8.56217,47.699927],[8.562797,47.699793],[8.563563,47.699621],[8.563641,47.699577],[8.563448,47.698923],[8.563335,47.698717],[8.563371,47.698703],[8.563665,47.698097],[8.563549,47.698079],[8.563163,47.698051],[8.563216,47.697182],[8.563085,47.697006],[8.563057,47.696951],[8.563091,47.695918],[8.563143,47.6946],[8.563147,47.694341],[8.563154,47.694236],[8.563176,47.694081],[8.560689,47.693905],[8.561078,47.692358],[8.558647,47.692078],[8.558711,47.691816],[8.556324,47.691544],[8.556163,47.69201],[8.553525,47.691703],[8.553331,47.692476],[8.553347,47.69254],[8.553256,47.692578],[8.550549,47.691961],[8.544717,47.690608],[8.542741,47.690128],[8.542577,47.690253],[8.541821,47.690079],[8.541061,47.689909],[8.539815,47.689615],[8.538666,47.689331],[8.53864,47.689511],[8.538603,47.690154],[8.539229,47.690596],[8.540005,47.691078],[8.540325,47.691349],[8.540825,47.691586],[8.540482,47.691856],[8.540051,47.692159],[8.539527,47.692443],[8.539096,47.692752],[8.537619,47.691907],[8.536899,47.691598],[8.536143,47.691364],[8.535624,47.691304],[8.534604,47.691209],[8.532968,47.69103],[8.532019,47.690997],[8.531008,47.691032],[8.530351,47.690865],[8.529765,47.690686],[8.529322,47.690515],[8.528883,47.690287],[8.528343,47.690911],[8.528126,47.691205],[8.5274,47.692013],[8.527338,47.692104],[8.526386,47.694804],[8.526333,47.694824],[8.526374,47.694837],[8.526349,47.694906],[8.526798,47.695047],[8.527646,47.695298],[8.527785,47.695342],[8.527702,47.695361],[8.527283,47.696151],[8.526586,47.698254],[8.526553,47.698316],[8.525464,47.701518],[8.525502,47.701559],[8.527637,47.701896],[8.527384,47.702678],[8.526757,47.704462]]]]}},{"type":"Feature","properties":{"bfs":2936,"name":"Merishausen","jahr":2026},"geometry":{"type":"MultiPolygon","coordinates":[[[[8.617661,47.780122],[8.618218,47.780183],[8.618438,47.780208],[8.618773,47.77927],[8.618848,47.778669],[8.618786,47.778143],[8.619726,47.777967],[8.620694,47.77781],[8.621927,47.77758],[8.623371,47.777275],[8.623105,47.776352],[8.622319,47.775114],[8.621973,47.773948],[8.621465,47.772641],[8.621048,47.771832],[8.620029,47.770764],[8.619421,47.769808],[8.619424,47.769479],[8.619437,47.76844],[8.619446,47.767657],[8.619925,47.767334],[8.620337,47.767057],[8.62152,47.76626],[8.622844,47.765368],[8.625041,47.763888],[8.625518,47.76283],[8.62598,47.761817],[8.626824,47.760779],[8.627698,47.759391],[8.628323,47.759177],[8.629442,47.759061],[8.63167,47.758186],[8.633312,47.759569],[8.63384,47.760135],[8.634985,47.759026],[8.635508,47.758716],[8.636051,47.758182],[8.636321,47.75806],[8.63683,47.757755],[8.63724,47.757483],[8.638037,47.756839],[8.638588,47.756421],[8.638194,47.75607],[8.637829,47.755784],[8.637613,47.755541],[8.637391,47.755259],[8.63665,47.754762],[8.63682,47.75468],[8.63664,47.754555],[8.636405,47.754316],[8.636252,47.75414],[8.636117,47.753926],[8.636259,47.75384],[8.636118,47.753802],[8.63601,47.75373],[8.635944,47.75368],[8.635365,47.753196],[8.635122,47.753024],[8.634466,47.75264],[8.634088,47.752353],[8.633831,47.752115],[8.633525,47.75177],[8.633249,47.751409],[8.632933,47.751106],[8.632658,47.75087],[8.632156,47.750384],[8.631617,47.749675],[8.631462,47.749359],[8.631411,47.749106],[8.631373,47.748271],[8.631399,47.748073],[8.631227,47.747704],[8.631134,47.747502],[8.630885,47.746967],[8.6307,47.746271],[8.630472,47.745477],[8.630638,47.744467],[8.630643,47.743804],[8.629725,47.742483],[8.628966,47.742812],[8.62796,47.743228],[8.62656,47.743814],[8.625367,47.744012],[8.624212,47.744359],[8.624094,47.743711],[8.623997,47.742953],[8.62387,47.742192],[8.623847,47.741886],[8.622915,47.741516],[8.621211,47.741257],[8.620587,47.741222],[8.620583,47.741295],[8.618084,47.741149],[8.617947,47.741942],[8.617813,47.742881],[8.617773,47.743223],[8.617294,47.743218],[8.617067,47.743777],[8.616847,47.744368],[8.616489,47.744611],[8.615439,47.744521],[8.613623,47.744042],[8.612712,47.743861],[8.612231,47.743933],[8.611885,47.743962],[8.611365,47.743951],[8.610377,47.743825],[8.609224,47.74373],[8.608474,47.743706],[8.61065,47.741014],[8.60893,47.740316],[8.608729,47.739947],[8.608425,47.739507],[8.608051,47.739224],[8.606861,47.738841],[8.606242,47.738492],[8.605973,47.738624],[8.604895,47.739231],[8.604299,47.739584],[8.60375,47.739874],[8.603608,47.73998],[8.603435,47.740166],[8.603347,47.74031],[8.603283,47.740518],[8.603289,47.741046],[8.603202,47.74128],[8.602982,47.741454],[8.601983,47.741827],[8.600895,47.742337],[8.600053,47.742604],[8.599568,47.742886],[8.599198,47.743235],[8.598988,47.743131],[8.598547,47.743669],[8.598163,47.744179],[8.597699,47.744891],[8.596121,47.745722],[8.595342,47.746251],[8.594474,47.746829],[8.593003,47.747832],[8.592441,47.748177],[8.591498,47.748511],[8.590456,47.74888],[8.589389,47.749603],[8.588091,47.749538],[8.586137,47.749901],[8.585163,47.749738],[8.584602,47.749644],[8.582927,47.74973],[8.581753,47.750102],[8.581259,47.750456],[8.58131,47.750956],[8.581185,47.751382],[8.581203,47.752452],[8.581563,47.75293],[8.581281,47.752805],[8.581067,47.752751],[8.580507,47.752576],[8.579526,47.752389],[8.578872,47.752297],[8.57789,47.752198],[8.576626,47.752098],[8.575185,47.751939],[8.574239,47.751765],[8.57389,47.751683],[8.573482,47.751554],[8.572016,47.75095],[8.570817,47.751714],[8.57009,47.752177],[8.569002,47.753097],[8.569055,47.7542],[8.569011,47.755887],[8.569239,47.757669],[8.569336,47.758099],[8.569439,47.758592],[8.569607,47.759265],[8.570084,47.761182],[8.569951,47.761571],[8.569567,47.762699],[8.569376,47.763194],[8.569301,47.76339],[8.569201,47.763649],[8.569062,47.764009],[8.568991,47.764193],[8.568823,47.764658],[8.56851,47.765194],[8.567987,47.766575],[8.567629,47.767501],[8.567889,47.76944],[8.566947,47.77088],[8.566537,47.771495],[8.566604,47.772468],[8.567053,47.773245],[8.567289,47.77367],[8.567335,47.774814],[8.567588,47.776389],[8.566863,47.777305],[8.566394,47.777908],[8.56772,47.778518],[8.568756,47.779008],[8.570347,47.779464],[8.572106,47.779955],[8.574003,47.780358],[8.575704,47.781027],[8.577331,47.781666],[8.579047,47.78169],[8.580258,47.781707],[8.580861,47.781772],[8.58081,47.781925],[8.580774,47.782165],[8.580689,47.782436],[8.580671,47.782557],[8.580786,47.782891],[8.580928,47.783036],[8.580979,47.783127],[8.581963,47.782848],[8.583716,47.782352],[8.583825,47.782452],[8.584249,47.782657],[8.584644,47.782779],[8.58578,47.783089],[8.586721,47.783327],[8.586811,47.782987],[8.587377,47.783053],[8.588013,47.783094],[8.588826,47.783106],[8.589428,47.783138],[8.591076,47.783388],[8.591603,47.783485],[8.592211,47.783559],[8.592863,47.783614],[8.59429,47.783777],[8.59491,47.783855],[8.595197,47.783928],[8.595217,47.7839],[8.59539,47.783605],[8.595543,47.783621],[8.595968,47.783684],[8.596562,47.783749],[8.597307,47.783768],[8.597879,47.783815],[8.598636,47.783882],[8.599236,47.78395],[8.59985,47.783966],[8.600649,47.78403],[8.601883,47.78412],[8.603034,47.784042],[8.605024,47.783687],[8.605229,47.78363],[8.605421,47.783555],[8.605597,47.783466],[8.607586,47.784084],[8.608065,47.784155],[8.608423,47.783494],[8.608441,47.783245],[8.608515,47.783008],[8.608653,47.782804],[8.609055,47.782448],[8.609633,47.781811],[8.609952,47.781629],[8.61013,47.7815],[8.610523,47.781231],[8.610625,47.781132],[8.610847,47.780723],[8.610893,47.780677],[8.611558,47.780395],[8.611715,47.780287],[8.611765,47.780151],[8.611873,47.780036],[8.613102,47.780377],[8.613002,47.780537],[8.613049,47.780563],[8.614653,47.781228],[8.614731,47.781174],[8.614763,47.781196],[8.614878,47.781066],[8.614956,47.780933],[8.615057,47.780709],[8.615154,47.780593],[8.61535,47.78044],[8.615482,47.780311],[8.615541,47.780186],[8.615551,47.780067],[8.615636,47.779897],[8.616545,47.779998],[8.617661,47.780122]]]]}},{"type":"Feature","properties":{"bfs":2937,"name":"Neuhausen am Rheinfall","jahr":2026},"geometry":{"type":"MultiPolygon","coordinates":[[[[8.625119,47.69167],[8.624925,47.691541],[8.624746,47.691402],[8.624585,47.691254],[8.624443,47.691098],[8.62432,47.690934],[8.624217,47.690764],[8.624135,47.690588],[8.624074,47.690409],[8.624036,47.690227],[8.624019,47.690044],[8.624025,47.68986],[8.624053,47.689677],[8.624103,47.689497],[8.624327,47.688836],[8.626359,47.682854],[8.626384,47.682785],[8.626413,47.682715],[8.626445,47.682647],[8.62648,47.682579],[8.62704,47.681554],[8.627152,47.681326],[8.627241,47.681094],[8.627307,47.680858],[8.62735,47.68062],[8.627369,47.680381],[8.627364,47.680141],[8.627336,47.679902],[8.627284,47.679665],[8.627209,47.679431],[8.627111,47.679201],[8.626768,47.678485],[8.626646,47.678258],[8.626502,47.678037],[8.626337,47.677823],[8.62615,47.677616],[8.625944,47.677419],[8.625718,47.677231],[8.625474,47.677055],[8.625213,47.676889],[8.624936,47.676736],[8.624645,47.676596],[8.62434,47.676469],[8.62397,47.676338],[8.62051,47.675206],[8.620324,47.675152],[8.620131,47.675108],[8.619933,47.675077],[8.619731,47.675057],[8.619528,47.675049],[8.619325,47.675052],[8.619123,47.675068],[8.618924,47.675096],[8.618729,47.675135],[8.61854,47.675186],[8.618405,47.675231],[8.618274,47.675281],[8.618148,47.675337],[8.618028,47.675399],[8.617914,47.675465],[8.617807,47.675536],[8.61776,47.675571],[8.617714,47.675607],[8.617627,47.67568],[8.617546,47.675758],[8.61701,47.67631],[8.616978,47.676346],[8.616951,47.676384],[8.61693,47.676424],[8.616914,47.676464],[8.616904,47.676506],[8.6169,47.676548],[8.616895,47.676749],[8.616892,47.676784],[8.616885,47.676819],[8.616874,47.676854],[8.616858,47.676888],[8.616839,47.676921],[8.616817,47.676953],[8.61679,47.676983],[8.61676,47.677012],[8.615742,47.677921],[8.61572,47.677939],[8.615696,47.677956],[8.615669,47.677971],[8.615641,47.677985],[8.615611,47.677996],[8.61558,47.678007],[8.615547,47.678015],[8.615514,47.678021],[8.614915,47.678115],[8.614879,47.678124],[8.61485,47.678133],[8.614813,47.678151],[8.614782,47.678172],[8.614513,47.678425],[8.614478,47.678455],[8.614439,47.678483],[8.614397,47.678509],[8.614352,47.678532],[8.614304,47.678553],[8.614253,47.678571],[8.614201,47.678586],[8.614146,47.678597],[8.614091,47.678606],[8.614035,47.678611],[8.613978,47.678613],[8.613921,47.678612],[8.613864,47.678607],[8.613809,47.678599],[8.613754,47.678589],[8.613701,47.678574],[8.61365,47.678557],[8.613602,47.678537],[8.613556,47.678515],[8.613513,47.678489],[8.613473,47.678462],[8.613437,47.678432],[8.613405,47.6784],[8.613377,47.678367],[8.61304,47.677919],[8.612957,47.677823],[8.612866,47.677731],[8.611592,47.676607],[8.611284,47.676312],[8.611013,47.676001],[8.610779,47.675676],[8.610584,47.67534],[8.61043,47.674994],[8.610318,47.674641],[8.609642,47.672008],[8.60858,47.672269],[8.608423,47.672306],[8.608429,47.672345],[8.608427,47.672388],[8.608406,47.672427],[8.608364,47.672459],[8.608167,47.672545],[8.608119,47.672571],[8.608088,47.672604],[8.607847,47.672131],[8.607721,47.671878],[8.607391,47.671322],[8.607286,47.671149],[8.606871,47.670639],[8.606522,47.670218],[8.606292,47.66971],[8.606142,47.669131],[8.606275,47.668868],[8.606284,47.668732],[8.606196,47.668663],[8.605833,47.66942],[8.605952,47.670478],[8.606186,47.670627],[8.606441,47.671336],[8.606445,47.671797],[8.606614,47.672147],[8.604805,47.672379],[8.602969,47.67261],[8.602256,47.67262],[8.60138,47.672655],[8.600653,47.672697],[8.599328,47.672669],[8.599137,47.672667],[8.597976,47.672724],[8.597467,47.671889],[8.597146,47.67136],[8.59645,47.670163],[8.595918,47.66925],[8.595612,47.66935],[8.594619,47.667978],[8.593976,47.667163],[8.593682,47.667269],[8.593308,47.666794],[8.591382,47.667524],[8.589381,47.666906],[8.587269,47.666254],[8.585393,47.665334],[8.583778,47.66454],[8.582027,47.663679],[8.580273,47.662816],[8.57881,47.661896],[8.577673,47.661517],[8.577166,47.661965],[8.576121,47.662467],[8.574943,47.662615],[8.573834,47.662791],[8.572899,47.663629],[8.571783,47.664323],[8.571605,47.664191],[8.570913,47.664867],[8.570779,47.664755],[8.57049,47.664842],[8.56985,47.664571],[8.569176,47.664192],[8.568398,47.664495],[8.567188,47.66494],[8.566599,47.665293],[8.566162,47.665702],[8.564754,47.665264],[8.564022,47.666907],[8.563441,47.668087],[8.563603,47.669232],[8.563717,47.67004],[8.564443,47.671207],[8.565657,47.671602],[8.565647,47.671651],[8.565998,47.671539],[8.566141,47.671529],[8.566575,47.671563],[8.566881,47.671556],[8.568088,47.671008],[8.568506,47.670823],[8.56937,47.670627],[8.57146,47.670505],[8.571845,47.670484],[8.573586,47.669781],[8.575611,47.670225],[8.576801,47.670623],[8.577773,47.671144],[8.578392,47.671716],[8.578701,47.671945],[8.579289,47.67238],[8.579946,47.672796],[8.580907,47.673189],[8.582071,47.673676],[8.582903,47.674049],[8.583094,47.674167],[8.582498,47.67484],[8.582366,47.675045],[8.582321,47.675261],[8.582344,47.675972],[8.582663,47.67697],[8.582567,47.67694],[8.582803,47.677602],[8.58303,47.678295],[8.583157,47.678548],[8.583319,47.678806],[8.583561,47.679021],[8.583713,47.679166],[8.584051,47.679551],[8.584171,47.679711],[8.58425,47.679866],[8.58432,47.680139],[8.584335,47.680261],[8.58429,47.680392],[8.583899,47.681269],[8.583629,47.681909],[8.583575,47.682219],[8.583505,47.682389],[8.583224,47.682892],[8.583045,47.68316],[8.58282,47.683438],[8.582707,47.683719],[8.582758,47.684255],[8.582733,47.685082],[8.5827,47.685467],[8.58245,47.686406],[8.582503,47.686854],[8.583322,47.68692],[8.58533,47.687067],[8.585431,47.687023],[8.586057,47.687008],[8.587451,47.686936],[8.588648,47.686847],[8.589845,47.686845],[8.590425,47.686929],[8.59104,47.687044],[8.592101,47.68716],[8.59334,47.687256],[8.593873,47.687388],[8.594407,47.687511],[8.595004,47.687605],[8.595755,47.687662],[8.596935,47.687796],[8.597814,47.688277],[8.598374,47.688397],[8.599101,47.688829],[8.600173,47.689286],[8.601069,47.689644],[8.60171,47.690012],[8.602304,47.690311],[8.60311,47.690313],[8.603858,47.690301],[8.604699,47.690646],[8.605293,47.69113],[8.606385,47.691314],[8.606659,47.691315],[8.606877,47.691306],[8.607088,47.691298],[8.60766,47.691274],[8.607897,47.691282],[8.608097,47.691309],[8.607725,47.691864],[8.607531,47.692127],[8.607399,47.692329],[8.607305,47.69249],[8.607014,47.692755],[8.606861,47.692884],[8.606694,47.693002],[8.606522,47.693115],[8.606336,47.693219],[8.606365,47.693339],[8.606499,47.693553],[8.606804,47.693817],[8.606872,47.693865],[8.606347,47.694318],[8.606932,47.694436],[8.607432,47.694554],[8.607629,47.694649],[8.607829,47.694725],[8.610393,47.695082],[8.610829,47.695102],[8.611792,47.695093],[8.612157,47.69515],[8.612622,47.695268],[8.612965,47.695269],[8.61382,47.695249],[8.614174,47.695281],[8.614674,47.695274],[8.61502,47.69524],[8.615324,47.695252],[8.615512,47.695323],[8.616215,47.695691],[8.616355,47.695714],[8.616482,47.695681],[8.616588,47.695596],[8.616764,47.695371],[8.61698,47.69531],[8.61775,47.695149],[8.617919,47.695147],[8.617987,47.69514],[8.618488,47.695138],[8.619064,47.695123],[8.619179,47.69513],[8.619591,47.69509],[8.619817,47.695048],[8.619983,47.694994],[8.620256,47.694967],[8.62076,47.694883],[8.620934,47.69484],[8.62146,47.694625],[8.622053,47.694203],[8.622656,47.69381],[8.622841,47.693694],[8.623051,47.693562],[8.623383,47.693411],[8.623509,47.693354],[8.623689,47.69328],[8.623792,47.693225],[8.624368,47.692916],[8.62439,47.692731],[8.624485,47.692103],[8.625119,47.69167]]]]}},{"type":"Feature","properties":{"bfs":2904,"name":"Neunkirch","jahr":2026},"geometry":{"type":"MultiPolygon","coordinates":[[[[8.526757,47.704462],[8.527384,47.702678],[8.527637,47.701896],[8.525502,47.701559],[8.525464,47.701518],[8.526553,47.698316],[8.526586,47.698254],[8.527283,47.696151],[8.527702,47.695361],[8.527785,47.695342],[8.527646,47.695298],[8.526798,47.695047],[8.526349,47.694906],[8.526374,47.694837],[8.526333,47.694824],[8.526386,47.694804],[8.527338,47.692104],[8.5274,47.692013],[8.528126,47.691205],[8.528343,47.690911],[8.528883,47.690287],[8.529322,47.690515],[8.529765,47.690686],[8.530351,47.690865],[8.531008,47.691032],[8.532019,47.690997],[8.532968,47.69103],[8.534604,47.691209],[8.535624,47.691304],[8.536143,47.691364],[8.536899,47.691598],[8.537619,47.691907],[8.539096,47.692752],[8.539527,47.692443],[8.540051,47.692159],[8.540482,47.691856],[8.540825,47.691586],[8.540325,47.691349],[8.540005,47.691078],[8.539229,47.690596],[8.538603,47.690154],[8.53864,47.689511],[8.538666,47.689331],[8.539815,47.689615],[8.541061,47.689909],[8.541821,47.690079],[8.542577,47.690253],[8.542741,47.690128],[8.544717,47.690608],[8.545165,47.688829],[8.545253,47.688762],[8.543298,47.688606],[8.542589,47.688541],[8.541927,47.68841],[8.541992,47.688318],[8.541941,47.68824],[8.542046,47.686912],[8.544415,47.686602],[8.544274,47.685418],[8.543599,47.685413],[8.543406,47.684628],[8.543163,47.684683],[8.542901,47.684771],[8.542819,47.684817],[8.542785,47.684886],[8.542609,47.684406],[8.542135,47.683116],[8.542873,47.683025],[8.543003,47.683024],[8.543446,47.682927],[8.543716,47.682816],[8.542931,47.681683],[8.544273,47.681367],[8.54489,47.681221],[8.546533,47.681333],[8.546687,47.681331],[8.54681,47.68099],[8.547089,47.680216],[8.548213,47.679288],[8.548234,47.67855],[8.54809,47.678204],[8.547388,47.677454],[8.546616,47.676714],[8.546364,47.676295],[8.545931,47.675648],[8.545323,47.675087],[8.545057,47.67382],[8.545421,47.673571],[8.545791,47.673327],[8.546805,47.672713],[8.547401,47.672362],[8.548149,47.672103],[8.548347,47.672029],[8.549365,47.671199],[8.550474,47.670627],[8.550366,47.669958],[8.550175,47.669385],[8.549966,47.668997],[8.549758,47.668611],[8.54966,47.668127],[8.548964,47.667821],[8.547783,47.66756],[8.546828,47.667497],[8.54608,47.667089],[8.544747,47.666493],[8.543612,47.665985],[8.542289,47.66531],[8.540982,47.665245],[8.539961,47.665076],[8.539741,47.664089],[8.538868,47.663529],[8.538871,47.662768],[8.53919,47.662435],[8.539138,47.662168],[8.53943,47.661808],[8.539776,47.661592],[8.539982,47.661331],[8.54018,47.660754],[8.54047,47.659915],[8.540861,47.659089],[8.540881,47.658751],[8.541481,47.658022],[8.541457,47.657482],[8.541679,47.657076],[8.541645,47.656793],[8.540991,47.656825],[8.540223,47.657462],[8.538664,47.657846],[8.537988,47.658074],[8.536605,47.658434],[8.535684,47.658786],[8.534469,47.659355],[8.533718,47.65999],[8.533833,47.660553],[8.53415,47.66116],[8.534071,47.661752],[8.533455,47.663121],[8.532484,47.662834],[8.531418,47.66209],[8.530075,47.661423],[8.528902,47.660973],[8.52787,47.660647],[8.526943,47.660455],[8.52632,47.660426],[8.52554,47.660145],[8.524723,47.660173],[8.524291,47.660334],[8.524043,47.660642],[8.524095,47.661163],[8.523365,47.662715],[8.523148,47.663372],[8.522822,47.663734],[8.522646,47.664159],[8.522664,47.664529],[8.522781,47.665383],[8.524289,47.666114],[8.524756,47.666345],[8.524,47.666564],[8.522907,47.666882],[8.522023,47.66696],[8.521366,47.667141],[8.519878,47.667428],[8.518394,47.667773],[8.518033,47.668299],[8.517731,47.669102],[8.517635,47.669358],[8.516808,47.66918],[8.51643,47.669111],[8.516187,47.669046],[8.515883,47.668911],[8.515567,47.668779],[8.5145,47.668409],[8.514335,47.668258],[8.513939,47.668131],[8.513573,47.668025],[8.512989,47.668011],[8.512776,47.668055],[8.512623,47.668147],[8.512544,47.668442],[8.511424,47.668962],[8.511189,47.669071],[8.510873,47.669218],[8.509998,47.668707],[8.50937,47.667989],[8.50895,47.667687],[8.508478,47.667605],[8.507945,47.667492],[8.506194,47.667212],[8.505248,47.667148],[8.504538,47.667127],[8.504092,47.667023],[8.503302,47.66697],[8.502376,47.666886],[8.501037,47.666845],[8.499627,47.666743],[8.498589,47.666762],[8.497332,47.666862],[8.496743,47.666972],[8.495679,47.666924],[8.494943,47.667014],[8.494289,47.667364],[8.493524,47.667774],[8.492347,47.668961],[8.491495,47.669709],[8.490693,47.669944],[8.490258,47.670288],[8.490709,47.670554],[8.49169,47.670987],[8.492063,47.671235],[8.492435,47.671663],[8.493012,47.672411],[8.492073,47.672645],[8.490971,47.672688],[8.48968,47.672647],[8.488918,47.672918],[8.487916,47.673892],[8.487514,47.674851],[8.487018,47.675304],[8.486584,47.675371],[8.485919,47.675463],[8.484636,47.675178],[8.483789,47.675059],[8.482945,47.67492],[8.481537,47.674658],[8.481174,47.674602],[8.481155,47.674669],[8.479309,47.674444],[8.47882,47.674823],[8.478792,47.674934],[8.47889,47.675283],[8.479484,47.676235],[8.479856,47.676667],[8.479836,47.677021],[8.479531,47.677263],[8.479102,47.677419],[8.477757,47.677407],[8.477756,47.677456],[8.476501,47.677458],[8.476504,47.678087],[8.476407,47.678475],[8.476263,47.679048],[8.476284,47.679096],[8.475463,47.679377],[8.475228,47.679444],[8.474989,47.679503],[8.471611,47.680123],[8.471414,47.68018],[8.471247,47.680273],[8.471123,47.680396],[8.470797,47.680806],[8.470795,47.680872],[8.470678,47.680952],[8.469765,47.680528],[8.46953,47.680411],[8.469459,47.680419],[8.468616,47.68129],[8.46712,47.680667],[8.467,47.68068],[8.466598,47.681002],[8.46565,47.681762],[8.465674,47.681971],[8.465646,47.682057],[8.465566,47.682191],[8.4655,47.682253],[8.465354,47.682331],[8.465149,47.682413],[8.464406,47.682509],[8.463725,47.682588],[8.463192,47.682669],[8.463052,47.682718],[8.463085,47.682805],[8.462893,47.683102],[8.466173,47.684252],[8.465911,47.684565],[8.466029,47.68455],[8.468122,47.685406],[8.467727,47.685832],[8.467854,47.685816],[8.46958,47.686375],[8.469752,47.686461],[8.470687,47.687122],[8.472551,47.68846],[8.475035,47.689711],[8.479427,47.691509],[8.479448,47.691549],[8.47933,47.691768],[8.47924,47.691831],[8.479202,47.691901],[8.478717,47.691946],[8.47845,47.691979],[8.477416,47.693648],[8.479816,47.694378],[8.481104,47.694766],[8.482127,47.695057],[8.483231,47.695341],[8.484118,47.695558],[8.484833,47.695716],[8.484807,47.695772],[8.48607,47.696022],[8.487135,47.696221],[8.487706,47.696315],[8.487801,47.696323],[8.488211,47.696393],[8.488396,47.696459],[8.488498,47.696507],[8.489226,47.697242],[8.489211,47.697338],[8.48932,47.697379],[8.489431,47.69733],[8.489613,47.697187],[8.490397,47.696462],[8.490575,47.696312],[8.490642,47.696302],[8.490687,47.696278],[8.494625,47.698297],[8.494707,47.698295],[8.495657,47.697724],[8.496803,47.698574],[8.498336,47.697844],[8.498579,47.697994],[8.50003,47.697165],[8.500328,47.697378],[8.500374,47.697436],[8.500471,47.697427],[8.500664,47.697512],[8.50083,47.697563],[8.50097,47.697591],[8.501138,47.697631],[8.501301,47.697691],[8.501441,47.697759],[8.501548,47.697832],[8.502336,47.698463],[8.502457,47.698381],[8.502481,47.698344],[8.50254,47.698297],[8.504561,47.698842],[8.50404,47.700326],[8.504078,47.700369],[8.515873,47.70225],[8.514954,47.704887],[8.515062,47.704978],[8.516759,47.704778],[8.51757,47.704727],[8.518228,47.704701],[8.519657,47.704731],[8.520212,47.704726],[8.526757,47.704462]]]]}},{"type":"Feature","properties":{"bfs":2972,"name":"Oberhallau","jahr":2026},"geometry":{"type":"MultiPolygon","coordinates":[[[[8.457048,47.729172],[8.458788,47.729281],[8.459947,47.729255],[8.460798,47.728911],[8.462351,47.728587],[8.464134,47.728288],[8.466238,47.728375],[8.467826,47.728749],[8.469427,47.729525],[8.470633,47.729849],[8.471046,47.729973],[8.471675,47.730146],[8.472441,47.730118],[8.473509,47.729708],[8.475137,47.729083],[8.476828,47.728503],[8.479072,47.727495],[8.479201,47.72731],[8.479444,47.726959],[8.480242,47.725811],[8.480475,47.725196],[8.480773,47.724408],[8.480807,47.724335],[8.48111,47.72381],[8.481534,47.723055],[8.481606,47.722616],[8.481898,47.721771],[8.482099,47.721784],[8.482061,47.721737],[8.482285,47.720814],[8.48243,47.720391],[8.48254,47.720158],[8.483222,47.719049],[8.483281,47.718996],[8.483378,47.718974],[8.484255,47.718982],[8.484477,47.718997],[8.484703,47.719034],[8.485152,47.71913],[8.48523,47.719164],[8.485363,47.719192],[8.487579,47.719508],[8.487531,47.719421],[8.487479,47.717445],[8.487507,47.717419],[8.487045,47.717259],[8.486713,47.717092],[8.485381,47.716271],[8.485312,47.716215],[8.486147,47.715835],[8.487374,47.715306],[8.487414,47.715258],[8.48748,47.715244],[8.487351,47.71499],[8.487198,47.714816],[8.486784,47.71446],[8.48667,47.714315],[8.486185,47.713521],[8.486058,47.713268],[8.485803,47.712606],[8.485814,47.712569],[8.487152,47.712049],[8.487225,47.712047],[8.487064,47.711874],[8.486695,47.711522],[8.486006,47.710771],[8.485815,47.710523],[8.485598,47.710175],[8.485507,47.709957],[8.485411,47.709843],[8.485414,47.709766],[8.48552,47.709676],[8.485695,47.70956],[8.486203,47.70901],[8.486928,47.708238],[8.4871,47.708099],[8.487333,47.707974],[8.487338,47.707895],[8.486796,47.706398],[8.486791,47.706249],[8.485874,47.705848],[8.485592,47.705711],[8.485322,47.705559],[8.485057,47.705399],[8.484872,47.705309],[8.484659,47.705256],[8.484152,47.705179],[8.483957,47.705117],[8.483799,47.705011],[8.483687,47.704891],[8.483274,47.704402],[8.483251,47.704325],[8.483295,47.704253],[8.483389,47.704208],[8.483776,47.704139],[8.483973,47.704126],[8.484358,47.704139],[8.484094,47.703344],[8.483763,47.702564],[8.483434,47.701989],[8.483136,47.701504],[8.48305,47.701348],[8.482983,47.70118],[8.482892,47.700843],[8.48293,47.700648],[8.483112,47.700559],[8.483487,47.700408],[8.483736,47.700363],[8.483907,47.70035],[8.484089,47.700356],[8.486357,47.700594],[8.487006,47.700666],[8.487024,47.700593],[8.487004,47.700545],[8.488527,47.699623],[8.488482,47.699584],[8.490325,47.698624],[8.489663,47.697581],[8.48962,47.697525],[8.489557,47.697472],[8.48932,47.697379],[8.489211,47.697338],[8.489226,47.697242],[8.488498,47.696507],[8.488396,47.696459],[8.488211,47.696393],[8.487801,47.696323],[8.487706,47.696315],[8.487135,47.696221],[8.48607,47.696022],[8.484807,47.695772],[8.484833,47.695716],[8.484118,47.695558],[8.483231,47.695341],[8.482127,47.695057],[8.481104,47.694766],[8.479816,47.694378],[8.478749,47.695452],[8.477105,47.696686],[8.477062,47.696696],[8.473944,47.695006],[8.472568,47.696002],[8.470905,47.697205],[8.472001,47.69803],[8.472211,47.698161],[8.472302,47.69823],[8.472327,47.698281],[8.470021,47.699836],[8.47056,47.700168],[8.470741,47.700286],[8.471909,47.701085],[8.471812,47.70114],[8.469703,47.702555],[8.469779,47.702593],[8.469835,47.702646],[8.470064,47.702727],[8.468683,47.703776],[8.466729,47.705259],[8.46664,47.70535],[8.466364,47.705765],[8.466359,47.705813],[8.466412,47.705845],[8.466258,47.705854],[8.466066,47.70631],[8.466193,47.706383],[8.46584,47.706887],[8.46641,47.707028],[8.465984,47.707739],[8.466103,47.707807],[8.466215,47.707879],[8.466791,47.708322],[8.466674,47.708371],[8.466108,47.7084],[8.4656,47.708476],[8.465314,47.708552],[8.464715,47.708722],[8.464447,47.708806],[8.464214,47.708938],[8.463923,47.709131],[8.463529,47.709404],[8.463307,47.709517],[8.462433,47.709713],[8.462289,47.709778],[8.461211,47.710445],[8.461246,47.710467],[8.461234,47.710534],[8.461695,47.710977],[8.461852,47.711102],[8.463533,47.711997],[8.463496,47.712029],[8.462921,47.712325],[8.463961,47.713244],[8.463514,47.713542],[8.463791,47.713877],[8.463832,47.713974],[8.463719,47.713951],[8.463647,47.713983],[8.461655,47.715464],[8.459752,47.717651],[8.45961,47.718064],[8.459438,47.718535],[8.459113,47.719237],[8.458779,47.719989],[8.457899,47.721542],[8.457605,47.722015],[8.454945,47.722453],[8.455338,47.72307],[8.45425,47.723519],[8.454504,47.724651],[8.454746,47.725929],[8.454609,47.727114],[8.455984,47.728276],[8.457048,47.729172]]]]}},{"type":"Feature","properties":{"bfs":2963,"name":"Ramsen","jahr":2026},"geometry":{"type":"MultiPolygon","coordinates":[[[[8.796058,47.675337],[8.795667,47.676034],[8.795479,47.67637],[8.795162,47.676899],[8.794671,47.677357],[8.793832,47.678778],[8.793655,47.679304],[8.793532,47.680104],[8.793736,47.680619],[8.793974,47.681115],[8.794225,47.681591],[8.79447,47.682184],[8.794853,47.682805],[8.794932,47.683341],[8.795127,47.683797],[8.795979,47.684421],[8.796165,47.685195],[8.796119,47.685602],[8.796212,47.685959],[8.796561,47.686333],[8.796718,47.686686],[8.796831,47.687086],[8.79669,47.687541],[8.796836,47.688094],[8.797091,47.688435],[8.797362,47.688686],[8.797738,47.689199],[8.798138,47.689624],[8.798555,47.690192],[8.799114,47.690576],[8.799824,47.691138],[8.799813,47.691582],[8.800107,47.69185],[8.801506,47.692014],[8.802973,47.692164],[8.804203,47.691778],[8.805394,47.691537],[8.806161,47.691588],[8.807644,47.691984],[8.808561,47.692439],[8.810113,47.693353],[8.809659,47.693683],[8.809073,47.694491],[8.808623,47.694829],[8.808149,47.695267],[8.807746,47.695508],[8.807429,47.695792],[8.807056,47.696051],[8.806336,47.696512],[8.80532,47.696353],[8.80408,47.696329],[8.8028,47.696474],[8.801177,47.696642],[8.800753,47.69673],[8.799769,47.696884],[8.798572,47.697001],[8.797602,47.697208],[8.798111,47.697752],[8.798346,47.698536],[8.79857,47.698943],[8.798563,47.699287],[8.798457,47.699912],[8.798503,47.70045],[8.798164,47.701276],[8.797691,47.702074],[8.797626,47.702447],[8.797595,47.702849],[8.796845,47.702745],[8.79634,47.702866],[8.795876,47.70312],[8.795667,47.703518],[8.795163,47.703446],[8.794206,47.703837],[8.793968,47.704239],[8.793731,47.704231],[8.793805,47.704461],[8.793969,47.704969],[8.794144,47.705509],[8.794393,47.706283],[8.794265,47.706303],[8.794216,47.70642],[8.794159,47.706428],[8.794001,47.706343],[8.793661,47.706395],[8.792842,47.706489],[8.792184,47.706546],[8.791969,47.706596],[8.791719,47.706694],[8.79175,47.707575],[8.791625,47.707973],[8.791616,47.708052],[8.791736,47.708654],[8.79137,47.7087],[8.791584,47.710339],[8.791586,47.710459],[8.791464,47.711992],[8.791518,47.712052],[8.792814,47.712448],[8.792954,47.712517],[8.793965,47.713283],[8.793688,47.713454],[8.793585,47.713511],[8.793476,47.713564],[8.792411,47.714023],[8.791664,47.714383],[8.791797,47.714571],[8.792181,47.714551],[8.792796,47.715165],[8.792205,47.715422],[8.792184,47.715485],[8.794261,47.71771],[8.794353,47.717724],[8.794378,47.717752],[8.796045,47.717048],[8.796138,47.717062],[8.796255,47.71719],[8.796332,47.717265],[8.796434,47.717351],[8.796545,47.717431],[8.79939,47.719241],[8.79951,47.719323],[8.799484,47.719475],[8.799435,47.719616],[8.799341,47.719746],[8.799219,47.719874],[8.799008,47.720058],[8.798755,47.720213],[8.797448,47.720884],[8.797163,47.72101],[8.796853,47.721111],[8.79635,47.721245],[8.796208,47.721293],[8.79608,47.721354],[8.795966,47.721428],[8.795872,47.721515],[8.795679,47.721723],[8.795681,47.721834],[8.795981,47.722153],[8.796106,47.722271],[8.796247,47.722378],[8.796773,47.72274],[8.796989,47.722898],[8.79719,47.723065],[8.797396,47.723245],[8.797585,47.723423],[8.797759,47.723608],[8.798109,47.724012],[8.798197,47.724129],[8.79847,47.724513],[8.79856,47.724614],[8.799504,47.72549],[8.79962,47.725608],[8.799568,47.725629],[8.799545,47.725633],[8.799309,47.726728],[8.7992,47.727118],[8.799132,47.727832],[8.799122,47.728875],[8.798383,47.730061],[8.797681,47.731711],[8.797163,47.73293],[8.796648,47.734146],[8.796567,47.73455],[8.797207,47.734672],[8.799784,47.735296],[8.799447,47.736124],[8.802309,47.736464],[8.804617,47.736743],[8.80451,47.737406],[8.805384,47.737553],[8.805257,47.738284],[8.806676,47.738278],[8.807578,47.737135],[8.807269,47.735527],[8.807112,47.73468],[8.807439,47.73342],[8.808263,47.732265],[8.808547,47.731211],[8.810687,47.730929],[8.81218,47.730423],[8.810905,47.729743],[8.811548,47.729294],[8.811534,47.728845],[8.810861,47.728212],[8.809795,47.727554],[8.808315,47.726953],[8.806891,47.726405],[8.805625,47.725898],[8.804918,47.725341],[8.804811,47.724517],[8.806186,47.724559],[8.808478,47.724609],[8.810705,47.724352],[8.812707,47.723765],[8.813576,47.722829],[8.815127,47.721485],[8.816497,47.720238],[8.817657,47.718805],[8.818535,47.717645],[8.81897,47.717722],[8.819966,47.717843],[8.82131,47.718096],[8.822493,47.718327],[8.824008,47.718583],[8.82538,47.718707],[8.826254,47.717865],[8.825558,47.717024],[8.824731,47.716595],[8.823726,47.716073],[8.822863,47.715534],[8.822173,47.714798],[8.821186,47.71451],[8.819881,47.713808],[8.818943,47.713299],[8.819053,47.712776],[8.820015,47.71265],[8.822332,47.712404],[8.823497,47.712166],[8.82299,47.711611],[8.823758,47.710966],[8.825532,47.711],[8.827981,47.711567],[8.83009,47.71187],[8.829929,47.712349],[8.831746,47.713777],[8.833593,47.714557],[8.83407,47.713796],[8.835414,47.713821],[8.837706,47.713216],[8.840682,47.712805],[8.841015,47.712093],[8.843183,47.712155],[8.845767,47.711154],[8.845867,47.708558],[8.846141,47.707181],[8.846543,47.707195],[8.846869,47.706449],[8.847113,47.705743],[8.847582,47.705081],[8.847999,47.704469],[8.848343,47.703369],[8.848072,47.703361],[8.847485,47.703194],[8.846784,47.70305],[8.845654,47.703129],[8.845354,47.70302],[8.844733,47.702878],[8.844259,47.702639],[8.843668,47.702085],[8.843361,47.701676],[8.842965,47.701453],[8.842223,47.70129],[8.841655,47.701247],[8.841037,47.701233],[8.840449,47.701341],[8.839816,47.701526],[8.839565,47.701376],[8.839328,47.701226],[8.840872,47.700528],[8.840641,47.70025],[8.840271,47.699994],[8.839889,47.699681],[8.839658,47.699244],[8.839708,47.699123],[8.839954,47.698941],[8.840763,47.698802],[8.840486,47.698578],[8.840249,47.698241],[8.839726,47.698006],[8.839163,47.698075],[8.838993,47.698119],[8.838972,47.698059],[8.839175,47.697913],[8.839171,47.697739],[8.839313,47.697519],[8.839191,47.697277],[8.839187,47.697145],[8.839261,47.696862],[8.839506,47.696542],[8.840014,47.696303],[8.840423,47.696163],[8.840854,47.696098],[8.841287,47.696082],[8.841577,47.696026],[8.841731,47.695894],[8.841773,47.695531],[8.841851,47.695307],[8.841937,47.695138],[8.842151,47.694806],[8.841961,47.694799],[8.841552,47.694662],[8.840915,47.694417],[8.84061,47.694401],[8.840363,47.694447],[8.839621,47.694269],[8.838663,47.694072],[8.837698,47.693909],[8.837191,47.693923],[8.83641,47.693767],[8.835923,47.693528],[8.835954,47.69313],[8.835995,47.692728],[8.836141,47.692261],[8.836266,47.691745],[8.836612,47.691263],[8.836906,47.690799],[8.837023,47.690454],[8.837161,47.689859],[8.837138,47.689669],[8.83705,47.689489],[8.836917,47.68935],[8.836729,47.689252],[8.836465,47.689171],[8.83577,47.688969],[8.835509,47.688852],[8.83533,47.688729],[8.835169,47.688658],[8.835034,47.688646],[8.834672,47.688685],[8.833803,47.688837],[8.833276,47.688893],[8.832964,47.688954],[8.832326,47.689092],[8.831781,47.6892],[8.831543,47.689239],[8.83142,47.689267],[8.831304,47.68931],[8.830852,47.689519],[8.83078,47.689557],[8.830718,47.689603],[8.83059,47.689717],[8.830426,47.689879],[8.830357,47.689964],[8.830101,47.689808],[8.829547,47.689455],[8.828985,47.689046],[8.828104,47.688238],[8.828075,47.688426],[8.827994,47.688811],[8.827877,47.689188],[8.82783,47.689297],[8.821596,47.688288],[8.821473,47.688745],[8.817941,47.68847],[8.817911,47.688396],[8.817721,47.687997],[8.817686,47.687889],[8.817616,47.687445],[8.817105,47.687464],[8.816703,47.68748],[8.816696,47.68759],[8.816721,47.687699],[8.817032,47.688721],[8.817056,47.688966],[8.817147,47.689266],[8.817468,47.689615],[8.817546,47.689792],[8.817588,47.690007],[8.817289,47.690294],[8.817217,47.690456],[8.815537,47.690102],[8.815591,47.689941],[8.815661,47.689702],[8.815636,47.689458],[8.815547,47.689225],[8.814661,47.687578],[8.814324,47.686927],[8.814225,47.686769],[8.813656,47.685734],[8.813958,47.685057],[8.813499,47.684466],[8.812914,47.684257],[8.812545,47.684312],[8.811982,47.684103],[8.811809,47.683933],[8.811163,47.683652],[8.810718,47.683507],[8.810285,47.683554],[8.810122,47.683644],[8.809848,47.683688],[8.809702,47.683516],[8.808784,47.683272],[8.808533,47.682701],[8.807853,47.681844],[8.807652,47.681318],[8.807592,47.680604],[8.807086,47.6796],[8.805044,47.678236],[8.804758,47.678291],[8.804468,47.678331],[8.804174,47.678355],[8.803878,47.678363],[8.803583,47.678355],[8.803289,47.678331],[8.802998,47.678292],[8.802714,47.678237],[8.802436,47.678167],[8.802168,47.678083],[8.80191,47.677984],[8.801665,47.677872],[8.801434,47.677747],[8.79887,47.676245],[8.79882,47.676216],[8.798522,47.676053],[8.798207,47.675906],[8.797877,47.675774],[8.797534,47.675659],[8.797179,47.67556],[8.796815,47.675479],[8.796058,47.675337]]]]}},{"type":"Feature","properties":{"bfs":2938,"name":"Rüdlingen","jahr":2026},"geometry":{"type":"MultiPolygon","coordinates":[[[[8.587381,47.59434],[8.58619,47.594086],[8.585291,47.593867],[8.58442,47.5936],[8.583584,47.593287],[8.582788,47.592929],[8.582036,47.59253],[8.581334,47.592092],[8.580939,47.591824],[8.580214,47.591293],[8.579554,47.590723],[8.578965,47.59012],[8.578449,47.589486],[8.57801,47.588827],[8.57765,47.588146],[8.577541,47.58791],[8.577446,47.587687],[8.577363,47.587462],[8.577294,47.587235],[8.577238,47.587006],[8.577196,47.586776],[8.577167,47.586545],[8.577125,47.586111],[8.577098,47.585589],[8.577115,47.585067],[8.577177,47.584546],[8.577284,47.584029],[8.577435,47.583517],[8.57763,47.583011],[8.578068,47.581994],[8.578139,47.581835],[8.578215,47.581676],[8.578295,47.581518],[8.578379,47.581361],[8.578467,47.581206],[8.57856,47.581051],[8.579926,47.578835],[8.58003,47.578646],[8.580111,47.578451],[8.580169,47.578253],[8.580203,47.578052],[8.580213,47.57785],[8.580199,47.577648],[8.580161,47.577352],[8.580138,47.577233],[8.580101,47.577116],[8.580049,47.577001],[8.579984,47.57689],[8.579905,47.576782],[8.579813,47.57668],[8.579708,47.576583],[8.579592,47.576492],[8.579466,47.576408],[8.579329,47.576331],[8.579184,47.576263],[8.57903,47.576203],[8.57887,47.576152],[8.578704,47.57611],[8.578533,47.576077],[8.578359,47.576054],[8.575194,47.575732],[8.574814,47.575682],[8.574449,47.575613],[8.574081,47.57552],[8.573732,47.575409],[8.573397,47.575279],[8.57308,47.57513],[8.572782,47.574964],[8.572505,47.574781],[8.572252,47.574584],[8.572023,47.574374],[8.571947,47.574294],[8.571875,47.574213],[8.571806,47.574131],[8.57174,47.574047],[8.571679,47.573962],[8.571621,47.573876],[8.570713,47.572465],[8.570441,47.572009],[8.570207,47.571544],[8.57001,47.57107],[8.569852,47.570591],[8.569733,47.570106],[8.569654,47.569617],[8.569293,47.566673],[8.569279,47.566581],[8.569261,47.566489],[8.569238,47.566397],[8.56921,47.566306],[8.569178,47.566216],[8.569141,47.566126],[8.567841,47.56317],[8.567745,47.562964],[8.567693,47.562861],[8.56764,47.562759],[8.567526,47.562557],[8.567393,47.562342],[8.567251,47.562131],[8.567098,47.561923],[8.566935,47.561718],[8.566763,47.561517],[8.566582,47.561319],[8.565093,47.559759],[8.564985,47.559645],[8.564773,47.559413],[8.564568,47.559178],[8.564468,47.559059],[8.563252,47.557598],[8.561729,47.558148],[8.561689,47.558167],[8.561981,47.558444],[8.562246,47.558769],[8.562512,47.55901],[8.562782,47.559408],[8.56299,47.559671],[8.563243,47.559962],[8.562771,47.560094],[8.562978,47.560406],[8.563116,47.560559],[8.563393,47.560925],[8.563678,47.561226],[8.561858,47.561845],[8.562077,47.562004],[8.562384,47.562365],[8.562537,47.56265],[8.562915,47.563058],[8.562959,47.563127],[8.563247,47.563196],[8.563353,47.563306],[8.56349,47.563424],[8.563874,47.563709],[8.563793,47.56381],[8.563831,47.564075],[8.564075,47.564301],[8.564428,47.564516],[8.564562,47.564557],[8.564837,47.5646],[8.564908,47.564632],[8.564976,47.56492],[8.565085,47.565139],[8.565148,47.565321],[8.565072,47.56572],[8.564861,47.566308],[8.56503,47.566514],[8.56504,47.566638],[8.565483,47.566738],[8.565601,47.566769],[8.565694,47.56683],[8.566086,47.567147],[8.566104,47.567167],[8.566116,47.567191],[8.566117,47.567219],[8.566109,47.567244],[8.566091,47.567265],[8.566183,47.567775],[8.566214,47.568058],[8.566288,47.568342],[8.566362,47.56836],[8.566677,47.568526],[8.566738,47.568605],[8.566748,47.568851],[8.566806,47.56899],[8.566716,47.569201],[8.566643,47.56917],[8.566149,47.569298],[8.566062,47.569335],[8.566,47.569529],[8.566028,47.569666],[8.56606,47.569717],[8.566058,47.569801],[8.566003,47.570083],[8.566037,47.57019],[8.566138,47.570276],[8.566373,47.57043],[8.566479,47.570522],[8.566522,47.570639],[8.56656,47.570961],[8.566571,47.571166],[8.566535,47.571319],[8.566409,47.571473],[8.566355,47.571577],[8.566622,47.571959],[8.566627,47.572237],[8.566706,47.57235],[8.566887,47.572496],[8.566903,47.572573],[8.567054,47.572782],[8.567322,47.572991],[8.567275,47.573034],[8.567159,47.573203],[8.566625,47.573093],[8.566349,47.573016],[8.566401,47.573122],[8.566802,47.573375],[8.566973,47.573492],[8.567056,47.573573],[8.567131,47.573632],[8.56719,47.573663],[8.567267,47.573628],[8.567446,47.573621],[8.56772,47.57394],[8.567568,47.574018],[8.5677,47.574142],[8.567987,47.57413],[8.568021,47.574153],[8.568017,47.574324],[8.568087,47.574363],[8.568162,47.57438],[8.568284,47.574392],[8.568324,47.574377],[8.568371,47.574406],[8.568448,47.574536],[8.568505,47.574723],[8.568612,47.57491],[8.568706,47.575047],[8.568735,47.57513],[8.568767,47.575343],[8.568172,47.575415],[8.56808,47.575378],[8.568038,47.575382],[8.56722,47.575197],[8.567036,47.574955],[8.566962,47.574896],[8.566874,47.574877],[8.566685,47.574859],[8.566711,47.574886],[8.566737,47.574926],[8.566713,47.574931],[8.566735,47.574974],[8.566759,47.575095],[8.566723,47.575256],[8.566623,47.575228],[8.56651,47.575387],[8.56635,47.575508],[8.566223,47.575668],[8.566095,47.575947],[8.565988,47.576352],[8.565065,47.576249],[8.565021,47.576669],[8.564951,47.576722],[8.56444,47.576784],[8.564519,47.577243],[8.564565,47.577274],[8.564253,47.577297],[8.563887,47.577356],[8.563184,47.577536],[8.562782,47.577562],[8.562687,47.577589],[8.562625,47.577644],[8.56258,47.577714],[8.562519,47.577888],[8.562384,47.577994],[8.561595,47.578247],[8.561476,47.578309],[8.561136,47.578659],[8.560999,47.578714],[8.560841,47.578728],[8.560683,47.578705],[8.560117,47.578521],[8.55986,47.578461],[8.5589,47.578344],[8.558852,47.578355],[8.559065,47.578392],[8.559229,47.578461],[8.559988,47.578928],[8.560194,47.579021],[8.560405,47.579094],[8.560886,47.579197],[8.560974,47.579223],[8.561053,47.579273],[8.560953,47.579363],[8.55938,47.579553],[8.55911,47.579595],[8.557946,47.579824],[8.557624,47.579863],[8.554138,47.580063],[8.552896,47.580165],[8.551806,47.580264],[8.550756,47.580403],[8.551914,47.583338],[8.552031,47.583445],[8.551941,47.583492],[8.551678,47.583613],[8.551406,47.583717],[8.548912,47.584561],[8.54803,47.584881],[8.547831,47.584958],[8.547616,47.585075],[8.546827,47.585579],[8.546584,47.58571],[8.546314,47.585812],[8.54471,47.586331],[8.544029,47.586594],[8.543808,47.586659],[8.543572,47.586694],[8.542709,47.586775],[8.541258,47.586872],[8.540936,47.586907],[8.540615,47.586953],[8.539258,47.587184],[8.538122,47.58737],[8.537174,47.587517],[8.538171,47.588312],[8.538864,47.588569],[8.53938,47.588732],[8.539919,47.589121],[8.540598,47.589802],[8.54098,47.590074],[8.541727,47.590391],[8.543511,47.591015],[8.544271,47.591219],[8.544719,47.59151],[8.545444,47.591847],[8.54574,47.591638],[8.546118,47.591321],[8.547238,47.590434],[8.54862,47.589311],[8.548579,47.589288],[8.551462,47.586947],[8.552437,47.586169],[8.552527,47.586056],[8.552634,47.586073],[8.55286,47.586036],[8.553093,47.586028],[8.553325,47.586044],[8.554297,47.586193],[8.5546,47.586215],[8.554995,47.586225],[8.555127,47.586277],[8.555983,47.586895],[8.556476,47.587243],[8.556685,47.587372],[8.5568,47.587365],[8.556801,47.587546],[8.556835,47.587598],[8.556916,47.587642],[8.557498,47.587872],[8.557781,47.587958],[8.558212,47.588058],[8.558465,47.588141],[8.558576,47.588164],[8.558569,47.588197],[8.558697,47.588194],[8.559154,47.588138],[8.560243,47.588014],[8.560337,47.588016],[8.560384,47.588074],[8.560491,47.588931],[8.560726,47.590047],[8.56071,47.59088],[8.560642,47.590932],[8.560062,47.590989],[8.560158,47.591557],[8.560461,47.592512],[8.560751,47.593402],[8.55975,47.593914],[8.558967,47.594339],[8.558917,47.594436],[8.558941,47.594709],[8.558954,47.595914],[8.558863,47.596254],[8.557968,47.596724],[8.557152,47.597229],[8.556757,47.597504],[8.557036,47.597545],[8.557127,47.597597],[8.557309,47.597714],[8.557419,47.597771],[8.557996,47.598111],[8.558455,47.598402],[8.558898,47.598578],[8.559828,47.599035],[8.560355,47.599177],[8.560918,47.599124],[8.561871,47.599147],[8.563082,47.599448],[8.563992,47.598478],[8.56469,47.598046],[8.565664,47.597597],[8.566642,47.597147],[8.567607,47.597621],[8.56875,47.597919],[8.569777,47.598134],[8.571135,47.598202],[8.571519,47.598147],[8.572171,47.597822],[8.57366,47.596651],[8.574867,47.595509],[8.576875,47.596823],[8.577623,47.596831],[8.579507,47.596484],[8.581005,47.59634],[8.582577,47.59614],[8.583293,47.597118],[8.583739,47.598276],[8.584316,47.599787],[8.585236,47.600256],[8.585909,47.600853],[8.586806,47.601273],[8.587784,47.601743],[8.589072,47.601599],[8.590183,47.601209],[8.591321,47.602296],[8.591204,47.602892],[8.591703,47.603766],[8.59202,47.604236],[8.592354,47.605354],[8.592741,47.606157],[8.593843,47.605969],[8.594799,47.605787],[8.595728,47.605611],[8.595369,47.604919],[8.595332,47.604852],[8.595298,47.604785],[8.595267,47.604717],[8.595239,47.604649],[8.595214,47.604579],[8.595193,47.60451],[8.594422,47.601782],[8.594345,47.601438],[8.594308,47.601092],[8.59431,47.600745],[8.594352,47.600399],[8.594433,47.600056],[8.594553,47.599718],[8.594933,47.598807],[8.595016,47.598564],[8.595066,47.598316],[8.595082,47.598067],[8.595064,47.597817],[8.595012,47.59757],[8.594926,47.597327],[8.594808,47.597091],[8.594657,47.596863],[8.594476,47.596645],[8.594266,47.59644],[8.591921,47.598211],[8.590862,47.598991],[8.589394,47.600058],[8.589104,47.599796],[8.588185,47.598795],[8.587348,47.597913],[8.586687,47.597369],[8.585578,47.596568],[8.585956,47.596278],[8.586096,47.596128],[8.586513,47.595555],[8.587381,47.59434]]]]}},{"type":"Feature","properties":{"bfs":2939,"name":"Schaffhausen","jahr":2026},"geometry":{"type":"MultiPolygon","coordinates":[[[[8.663412,47.685784],[8.663141,47.6853],[8.662636,47.685389],[8.662138,47.685493],[8.661647,47.685611],[8.661163,47.685743],[8.660689,47.68589],[8.660225,47.68605],[8.659771,47.686224],[8.659329,47.686411],[8.6589,47.686611],[8.65831,47.686898],[8.657152,47.687464],[8.656039,47.688006],[8.654651,47.688683],[8.654542,47.688737],[8.654434,47.688791],[8.654327,47.688846],[8.654188,47.688919],[8.654051,47.688993],[8.653916,47.689069],[8.653782,47.689146],[8.653573,47.689269],[8.653367,47.689396],[8.653166,47.689526],[8.652969,47.689658],[8.65197,47.690342],[8.651883,47.690401],[8.651867,47.690412],[8.651855,47.69042],[8.651833,47.690434],[8.651758,47.690483],[8.651724,47.690505],[8.651626,47.690568],[8.651607,47.690579],[8.651568,47.690604],[8.651499,47.690647],[8.651375,47.69072],[8.65125,47.690792],[8.651124,47.690863],[8.650996,47.690932],[8.649628,47.69166],[8.647077,47.693021],[8.645967,47.693613],[8.645879,47.693653],[8.645672,47.693736],[8.645657,47.693741],[8.645539,47.693794],[8.645467,47.693822],[8.64536,47.693857],[8.64528,47.693884],[8.645206,47.693911],[8.645179,47.693921],[8.645081,47.693953],[8.645039,47.693967],[8.645,47.693979],[8.644853,47.694024],[8.64479,47.694039],[8.644733,47.694052],[8.64454,47.694094],[8.644231,47.694153],[8.643871,47.694226],[8.643727,47.694254],[8.643266,47.694351],[8.643127,47.694371],[8.642988,47.694389],[8.642849,47.694406],[8.642709,47.694421],[8.642572,47.694435],[8.642435,47.694447],[8.642298,47.694458],[8.642161,47.694468],[8.642143,47.694469],[8.642141,47.694469],[8.642048,47.694469],[8.641754,47.694469],[8.641682,47.69447],[8.641514,47.694447],[8.641325,47.694412],[8.641275,47.6944],[8.641004,47.694322],[8.64092,47.694291],[8.640774,47.694243],[8.640603,47.694192],[8.640419,47.694142],[8.640232,47.694086],[8.638853,47.693553],[8.638649,47.693477],[8.638442,47.693405],[8.63823,47.693339],[8.638016,47.693277],[8.6378,47.693221],[8.637581,47.69317],[8.63736,47.693124],[8.637136,47.693084],[8.635426,47.692795],[8.633817,47.692524],[8.633686,47.692503],[8.633554,47.692483],[8.633422,47.692465],[8.633289,47.692448],[8.63229,47.692331],[8.630719,47.692026],[8.630267,47.692011],[8.629699,47.691993],[8.628848,47.691966],[8.628693,47.691961],[8.62853,47.691956],[8.628022,47.691939],[8.62755,47.69185],[8.627251,47.691793],[8.62712,47.691825],[8.627035,47.691845],[8.626933,47.691742],[8.626526,47.691582],[8.626441,47.691539],[8.626363,47.691491],[8.62627,47.691564],[8.62573,47.691253],[8.625119,47.69167],[8.624485,47.692103],[8.62439,47.692731],[8.624368,47.692916],[8.623792,47.693225],[8.623689,47.69328],[8.623509,47.693354],[8.623383,47.693411],[8.623051,47.693562],[8.622841,47.693694],[8.622656,47.69381],[8.622053,47.694203],[8.62146,47.694625],[8.620934,47.69484],[8.62076,47.694883],[8.620256,47.694967],[8.619983,47.694994],[8.619817,47.695048],[8.619591,47.69509],[8.619179,47.69513],[8.619064,47.695123],[8.618488,47.695138],[8.617987,47.69514],[8.617919,47.695147],[8.61775,47.695149],[8.61698,47.69531],[8.616764,47.695371],[8.616588,47.695596],[8.616482,47.695681],[8.616355,47.695714],[8.616215,47.695691],[8.615512,47.695323],[8.615324,47.695252],[8.61502,47.69524],[8.614674,47.695274],[8.614174,47.695281],[8.61382,47.695249],[8.612965,47.695269],[8.612622,47.695268],[8.612157,47.69515],[8.611792,47.695093],[8.610829,47.695102],[8.610393,47.695082],[8.607829,47.694725],[8.607629,47.694649],[8.607432,47.694554],[8.606932,47.694436],[8.606347,47.694318],[8.606159,47.694293],[8.60567,47.694298],[8.604986,47.694329],[8.604675,47.694366],[8.604423,47.694379],[8.604559,47.694812],[8.604841,47.695495],[8.604916,47.695796],[8.604461,47.695846],[8.604397,47.695849],[8.604439,47.696162],[8.604404,47.696289],[8.604272,47.69648],[8.604068,47.69665],[8.603985,47.696789],[8.603928,47.697305],[8.603829,47.697626],[8.603793,47.697775],[8.603845,47.697921],[8.603833,47.698006],[8.60364,47.698417],[8.603664,47.698701],[8.603624,47.698909],[8.603613,47.699122],[8.603624,47.699256],[8.603679,47.699442],[8.603684,47.699548],[8.603535,47.699829],[8.603464,47.700115],[8.603417,47.700245],[8.603376,47.700313],[8.603336,47.700364],[8.603149,47.700528],[8.602995,47.700719],[8.602957,47.700818],[8.602958,47.700921],[8.603011,47.701019],[8.603328,47.701295],[8.603542,47.701393],[8.603626,47.701451],[8.603774,47.701603],[8.603875,47.701742],[8.60402,47.701885],[8.604421,47.702125],[8.604488,47.702194],[8.6042,47.702201],[8.603498,47.702503],[8.602781,47.702811],[8.602554,47.70324],[8.602476,47.703928],[8.602267,47.704485],[8.601273,47.704417],[8.600169,47.704378],[8.599159,47.704149],[8.598519,47.703924],[8.597402,47.70326],[8.597274,47.703181],[8.596357,47.704215],[8.595786,47.704734],[8.595635,47.704999],[8.595434,47.705129],[8.594427,47.70578],[8.593992,47.706075],[8.593742,47.706376],[8.593495,47.706831],[8.594142,47.706924],[8.593537,47.708371],[8.593069,47.709456],[8.593015,47.709625],[8.592927,47.709836],[8.592765,47.710097],[8.592553,47.710458],[8.592286,47.710844],[8.594546,47.712283],[8.593781,47.712691],[8.593133,47.713075],[8.592812,47.713276],[8.592636,47.713363],[8.591874,47.713697],[8.591285,47.714152],[8.591116,47.714258],[8.590753,47.714421],[8.590621,47.714505],[8.590541,47.714613],[8.5903,47.715095],[8.590185,47.71551],[8.590034,47.716144],[8.589955,47.716305],[8.589634,47.71672],[8.589448,47.716892],[8.589162,47.717111],[8.588129,47.717722],[8.587683,47.718055],[8.587485,47.718237],[8.587393,47.718377],[8.587335,47.718586],[8.587361,47.718798],[8.587448,47.719004],[8.587638,47.71927],[8.587908,47.719508],[8.588238,47.719713],[8.588584,47.719864],[8.588952,47.719982],[8.58934,47.720051],[8.589263,47.720373],[8.589223,47.720636],[8.589802,47.721764],[8.590261,47.722657],[8.589199,47.722975],[8.588487,47.723425],[8.587822,47.723855],[8.586857,47.72417],[8.586167,47.725461],[8.585821,47.726071],[8.584914,47.726767],[8.58427,47.726967],[8.582492,47.727086],[8.581017,47.726926],[8.579396,47.726788],[8.578707,47.72673],[8.577824,47.726568],[8.576596,47.726315],[8.574331,47.72601],[8.57246,47.726324],[8.571958,47.7265],[8.571587,47.726666],[8.571298,47.726836],[8.570986,47.727091],[8.570524,47.727575],[8.570118,47.727838],[8.569392,47.727682],[8.569051,47.727534],[8.568768,47.727105],[8.569439,47.726863],[8.570038,47.726593],[8.57016,47.726559],[8.570129,47.726513],[8.569739,47.726447],[8.567261,47.726452],[8.565789,47.726281],[8.565632,47.726268],[8.565473,47.726271],[8.564277,47.726338],[8.563207,47.726537],[8.561748,47.727012],[8.561111,47.727366],[8.560583,47.727623],[8.560471,47.727688],[8.560379,47.727765],[8.559976,47.728142],[8.559845,47.728248],[8.559689,47.728336],[8.558512,47.728893],[8.558336,47.72896],[8.558142,47.729002],[8.557563,47.729084],[8.557407,47.729136],[8.557307,47.729232],[8.557108,47.729594],[8.557047,47.729756],[8.556981,47.729751],[8.557017,47.730112],[8.556956,47.730384],[8.556662,47.730761],[8.555491,47.731603],[8.554819,47.732042],[8.554421,47.73229],[8.554114,47.732421],[8.55389,47.732551],[8.553802,47.732598],[8.553205,47.733573],[8.550293,47.732828],[8.546479,47.734355],[8.546427,47.734327],[8.546093,47.73451],[8.545109,47.735146],[8.544722,47.735561],[8.544045,47.735859],[8.543011,47.736256],[8.542208,47.736462],[8.541601,47.736723],[8.54102,47.737004],[8.541089,47.73757],[8.541194,47.738426],[8.542118,47.739369],[8.543103,47.739987],[8.54423,47.740353],[8.54642,47.740905],[8.547762,47.741843],[8.548828,47.74256],[8.548733,47.743345],[8.548644,47.744184],[8.548099,47.744888],[8.547651,47.745625],[8.547888,47.746089],[8.548293,47.746881],[8.548642,47.747563],[8.550067,47.747836],[8.551784,47.747542],[8.553474,47.747423],[8.555325,47.747788],[8.557022,47.748275],[8.558471,47.747501],[8.559453,47.747283],[8.560654,47.747048],[8.561871,47.746798],[8.563464,47.747923],[8.563584,47.748416],[8.56398,47.749226],[8.563826,47.749785],[8.564515,47.750602],[8.564921,47.750928],[8.565389,47.751329],[8.569002,47.753097],[8.57009,47.752177],[8.570817,47.751714],[8.572016,47.75095],[8.573482,47.751554],[8.57389,47.751683],[8.574239,47.751765],[8.575185,47.751939],[8.576626,47.752098],[8.57789,47.752198],[8.578872,47.752297],[8.579526,47.752389],[8.580507,47.752576],[8.581067,47.752751],[8.581281,47.752805],[8.581563,47.75293],[8.581203,47.752452],[8.581185,47.751382],[8.58131,47.750956],[8.581259,47.750456],[8.581753,47.750102],[8.582927,47.74973],[8.584602,47.749644],[8.585163,47.749738],[8.586137,47.749901],[8.588091,47.749538],[8.589389,47.749603],[8.590456,47.74888],[8.591498,47.748511],[8.592441,47.748177],[8.593003,47.747832],[8.594474,47.746829],[8.595342,47.746251],[8.596121,47.745722],[8.597699,47.744891],[8.598163,47.744179],[8.598547,47.743669],[8.598988,47.743131],[8.599198,47.743235],[8.599568,47.742886],[8.600053,47.742604],[8.600895,47.742337],[8.601983,47.741827],[8.602982,47.741454],[8.603202,47.74128],[8.603289,47.741046],[8.603283,47.740518],[8.603347,47.74031],[8.603435,47.740166],[8.603608,47.73998],[8.60375,47.739874],[8.604299,47.739584],[8.604895,47.739231],[8.605973,47.738624],[8.606242,47.738492],[8.606861,47.738841],[8.608051,47.739224],[8.608425,47.739507],[8.608729,47.739947],[8.60893,47.740316],[8.61065,47.741014],[8.608474,47.743706],[8.609224,47.74373],[8.610377,47.743825],[8.611365,47.743951],[8.611885,47.743962],[8.612231,47.743933],[8.612712,47.743861],[8.613623,47.744042],[8.615439,47.744521],[8.616489,47.744611],[8.616847,47.744368],[8.617067,47.743777],[8.617294,47.743218],[8.617773,47.743223],[8.617813,47.742881],[8.617947,47.741942],[8.618084,47.741149],[8.620583,47.741295],[8.620587,47.741222],[8.621211,47.741257],[8.622915,47.741516],[8.623847,47.741886],[8.62387,47.742192],[8.623997,47.742953],[8.624094,47.743711],[8.624212,47.744359],[8.625367,47.744012],[8.62656,47.743814],[8.62796,47.743228],[8.628966,47.742812],[8.629725,47.742483],[8.631983,47.742387],[8.632062,47.742272],[8.632161,47.742175],[8.632556,47.741907],[8.632857,47.741681],[8.633172,47.741433],[8.633981,47.740631],[8.634526,47.740112],[8.634778,47.73988],[8.634946,47.739754],[8.635527,47.739383],[8.636421,47.738859],[8.63702,47.738655],[8.637256,47.738527],[8.637607,47.738379],[8.637956,47.738265],[8.63838,47.738116],[8.639104,47.737853],[8.639799,47.73744],[8.640494,47.73702],[8.640603,47.737031],[8.640721,47.737005],[8.640853,47.736944],[8.640969,47.736867],[8.640996,47.736828],[8.640954,47.736615],[8.640575,47.736263],[8.640182,47.735824],[8.639786,47.735393],[8.639662,47.735163],[8.639622,47.734773],[8.639853,47.734743],[8.640201,47.734549],[8.640349,47.734467],[8.641191,47.733977],[8.641407,47.733867],[8.640928,47.733517],[8.640162,47.733028],[8.639783,47.732706],[8.639281,47.732054],[8.639192,47.731611],[8.639369,47.730414],[8.639521,47.730037],[8.639668,47.729704],[8.639692,47.729354],[8.640174,47.728669],[8.640703,47.728205],[8.640931,47.727943],[8.641122,47.727723],[8.641969,47.727368],[8.642212,47.727341],[8.642188,47.727251],[8.642446,47.72721],[8.642631,47.727201],[8.643606,47.726878],[8.642863,47.725937],[8.642751,47.725845],[8.642915,47.725845],[8.64369,47.725651],[8.644288,47.725641],[8.644684,47.72551],[8.645315,47.72555],[8.646886,47.726305],[8.646996,47.726378],[8.647962,47.72702],[8.648387,47.727268],[8.64881,47.727492],[8.649396,47.727823],[8.649363,47.727962],[8.650768,47.728414],[8.652241,47.729004],[8.652108,47.729356],[8.652356,47.729782],[8.652205,47.730311],[8.652563,47.730462],[8.653331,47.73083],[8.65398,47.731231],[8.654643,47.731694],[8.65509,47.731489],[8.65554,47.731264],[8.656157,47.730956],[8.656812,47.730596],[8.656498,47.730353],[8.656402,47.730225],[8.656403,47.729843],[8.656814,47.729536],[8.656989,47.72959],[8.657508,47.72966],[8.658109,47.729678],[8.658642,47.729852],[8.659051,47.730047],[8.659287,47.729914],[8.659407,47.729885],[8.660124,47.729984],[8.660185,47.730034],[8.66022,47.730243],[8.660271,47.730299],[8.660502,47.730434],[8.660619,47.730473],[8.660953,47.730544],[8.661113,47.730566],[8.661662,47.730715],[8.661338,47.731237],[8.661814,47.732084],[8.662031,47.732393],[8.662113,47.732498],[8.662342,47.732873],[8.662371,47.732903],[8.662768,47.732673],[8.662704,47.732598],[8.662956,47.732528],[8.663012,47.732613],[8.663061,47.732653],[8.663513,47.732918],[8.663774,47.73308],[8.663884,47.733155],[8.664168,47.733302],[8.66449,47.733387],[8.664942,47.73342],[8.66559,47.733515],[8.66589,47.733648],[8.666364,47.73389],[8.666528,47.73392],[8.666933,47.734038],[8.667312,47.734325],[8.667618,47.734516],[8.667946,47.735003],[8.668111,47.735139],[8.668595,47.735433],[8.668871,47.735638],[8.669665,47.73594],[8.669867,47.736052],[8.670154,47.736153],[8.67113,47.736309],[8.671584,47.736414],[8.671913,47.736539],[8.672163,47.736732],[8.672512,47.737078],[8.67277,47.737218],[8.674273,47.736993],[8.674428,47.736921],[8.674566,47.736793],[8.674812,47.736498],[8.674934,47.736385],[8.67506,47.736324],[8.67514,47.736435],[8.67559,47.736992],[8.676661,47.738183],[8.678032,47.737393],[8.678149,47.737474],[8.678478,47.737545],[8.679227,47.737688],[8.679891,47.737802],[8.67994,47.737416],[8.680022,47.737127],[8.680247,47.736797],[8.680314,47.736699],[8.680636,47.736542],[8.681967,47.73597],[8.68229,47.735764],[8.682375,47.73571],[8.682747,47.735726],[8.683023,47.735753],[8.682941,47.735455],[8.682901,47.73509],[8.682761,47.734409],[8.682689,47.733884],[8.683318,47.733763],[8.683805,47.733624],[8.684419,47.733395],[8.685101,47.733123],[8.685919,47.732762],[8.685885,47.732506],[8.686169,47.732508],[8.686778,47.732431],[8.687541,47.732357],[8.688875,47.732358],[8.689447,47.732427],[8.690137,47.731816],[8.69048,47.731542],[8.690767,47.731285],[8.691106,47.730913],[8.691519,47.730913],[8.691723,47.730023],[8.692527,47.729996],[8.693311,47.729963],[8.693911,47.729714],[8.694487,47.72936],[8.693915,47.729148],[8.693843,47.728502],[8.693691,47.72822],[8.694362,47.727929],[8.694064,47.727607],[8.693373,47.72694],[8.692714,47.726178],[8.692327,47.725695],[8.692168,47.724975],[8.693436,47.724827],[8.694476,47.72478],[8.695902,47.724765],[8.696526,47.724653],[8.697118,47.724569],[8.698405,47.724621],[8.699327,47.724773],[8.700268,47.724873],[8.701011,47.724959],[8.70159,47.725145],[8.701826,47.724736],[8.702189,47.724171],[8.70252,47.723967],[8.702421,47.723582],[8.701879,47.723564],[8.701851,47.72327],[8.701794,47.722825],[8.702459,47.722694],[8.70282,47.722592],[8.703345,47.722422],[8.703841,47.722101],[8.704085,47.722055],[8.704876,47.721976],[8.705517,47.721958],[8.705936,47.721856],[8.705898,47.721808],[8.705039,47.721849],[8.704526,47.72184],[8.703786,47.721839],[8.701725,47.722033],[8.700898,47.722181],[8.700028,47.722331],[8.698878,47.722393],[8.697786,47.722415],[8.697,47.722251],[8.696024,47.722156],[8.695567,47.721741],[8.694806,47.720676],[8.694444,47.720301],[8.693976,47.719884],[8.693631,47.719603],[8.693037,47.718852],[8.692757,47.718522],[8.692562,47.718093],[8.693122,47.717932],[8.694234,47.71772],[8.694633,47.717653],[8.694339,47.716646],[8.694258,47.716197],[8.6946,47.716387],[8.694899,47.716483],[8.695146,47.716541],[8.695568,47.716592],[8.695602,47.716568],[8.695546,47.716258],[8.695404,47.715668],[8.695353,47.714986],[8.697217,47.714824],[8.69823,47.714647],[8.69743,47.713753],[8.696294,47.713428],[8.694249,47.712954],[8.692445,47.712532],[8.691665,47.712234],[8.68968,47.711714],[8.689866,47.710777],[8.690338,47.710307],[8.690324,47.70945],[8.688969,47.709174],[8.687284,47.708938],[8.686333,47.70857],[8.68458,47.708651],[8.68384,47.708728],[8.683501,47.709046],[8.681109,47.709838],[8.680865,47.710066],[8.680284,47.710401],[8.679933,47.710557],[8.680285,47.711489],[8.681077,47.711638],[8.681401,47.711779],[8.681508,47.712158],[8.681337,47.712415],[8.679315,47.712776],[8.67781,47.712928],[8.677841,47.71317],[8.677151,47.713085],[8.676502,47.712912],[8.675746,47.712791],[8.67508,47.712759],[8.674222,47.712689],[8.673907,47.712579],[8.673277,47.712284],[8.672875,47.712009],[8.672165,47.711386],[8.671666,47.711079],[8.671379,47.711003],[8.670292,47.711153],[8.669126,47.711522],[8.66733,47.712426],[8.665717,47.713052],[8.664664,47.713362],[8.664882,47.712493],[8.665038,47.711855],[8.665434,47.710262],[8.665768,47.70888],[8.666023,47.70786],[8.667386,47.707324],[8.668737,47.70679],[8.670636,47.706037],[8.671983,47.705507],[8.673576,47.704886],[8.674142,47.703541],[8.674467,47.702762],[8.675113,47.701206],[8.675434,47.700425],[8.675882,47.699337],[8.676406,47.698088],[8.676315,47.697554],[8.67411,47.697865],[8.674122,47.69658],[8.673948,47.695623],[8.673552,47.695067],[8.672839,47.694738],[8.672431,47.694958],[8.6715,47.694506],[8.669682,47.69362],[8.668054,47.693205],[8.668279,47.692689],[8.668386,47.692089],[8.667355,47.692049],[8.66537,47.692029],[8.663422,47.691756],[8.661334,47.691531],[8.659875,47.691328],[8.658883,47.691473],[8.658608,47.691339],[8.658614,47.690593],[8.659962,47.690559],[8.659689,47.689484],[8.661244,47.688733],[8.662497,47.688256],[8.664052,47.688148],[8.664138,47.68761],[8.664066,47.686953],[8.663798,47.686474],[8.663412,47.685784]]]]}},{"type":"Feature","properties":{"bfs":2952,"name":"Schleitheim","jahr":2026},"geometry":{"type":"MultiPolygon","coordinates":[[[[8.457048,47.729172],[8.457045,47.729728],[8.457125,47.730163],[8.45636,47.730519],[8.455371,47.730394],[8.453655,47.730493],[8.45263,47.730845],[8.452602,47.731439],[8.451864,47.732392],[8.451383,47.733185],[8.451086,47.734216],[8.450662,47.735173],[8.450364,47.736031],[8.450338,47.736526],[8.45019,47.736935],[8.449905,47.737509],[8.449801,47.738122],[8.450113,47.738953],[8.450639,47.739685],[8.450776,47.740162],[8.451939,47.740924],[8.452769,47.741584],[8.454586,47.742122],[8.455457,47.74264],[8.455848,47.742797],[8.455773,47.742999],[8.455403,47.743989],[8.45532,47.744213],[8.455668,47.744429],[8.455768,47.744535],[8.456011,47.744787],[8.456182,47.745001],[8.456384,47.745381],[8.456484,47.745639],[8.456522,47.74591],[8.456487,47.746163],[8.456406,47.746431],[8.456226,47.746749],[8.455986,47.747311],[8.455917,47.747575],[8.455947,47.748064],[8.456033,47.748452],[8.456191,47.748776],[8.456386,47.74903],[8.456466,47.749122],[8.456543,47.749214],[8.456784,47.749567],[8.457136,47.749939],[8.457503,47.750243],[8.45763,47.750314],[8.457979,47.750442],[8.458549,47.750597],[8.461326,47.751153],[8.461566,47.751211],[8.461779,47.751268],[8.461976,47.751327],[8.462168,47.751389],[8.462454,47.751488],[8.462661,47.751568],[8.462953,47.751692],[8.465047,47.752649],[8.465463,47.752851],[8.465824,47.753062],[8.466188,47.753321],[8.466522,47.753611],[8.46684,47.753957],[8.467082,47.754296],[8.467285,47.754686],[8.467425,47.75511],[8.467825,47.756506],[8.467897,47.756745],[8.46797,47.756968],[8.468058,47.757215],[8.468124,47.757386],[8.468551,47.758286],[8.468636,47.758443],[8.46898,47.759034],[8.469018,47.759098],[8.469126,47.759273],[8.469251,47.759469],[8.46939,47.75968],[8.469526,47.759881],[8.469691,47.760118],[8.469823,47.760302],[8.46994,47.760461],[8.470089,47.760658],[8.47024,47.760857],[8.470398,47.761062],[8.470558,47.761265],[8.470778,47.761534],[8.472483,47.763437],[8.473147,47.764068],[8.473507,47.764313],[8.474262,47.764714],[8.475756,47.765173],[8.476622,47.765545],[8.477457,47.765995],[8.478159,47.76644],[8.478894,47.76704],[8.479564,47.767448],[8.480337,47.767793],[8.481003,47.768043],[8.481547,47.768324],[8.481928,47.768706],[8.482147,47.769116],[8.482428,47.769529],[8.482758,47.769924],[8.483146,47.770289],[8.4836,47.770631],[8.484086,47.770943],[8.484949,47.771384],[8.486667,47.771948],[8.489019,47.773208],[8.489432,47.772832],[8.489512,47.772682],[8.490287,47.772024],[8.490988,47.771677],[8.49216,47.771547],[8.493056,47.771398],[8.494041,47.771206],[8.494327,47.771135],[8.494848,47.770852],[8.495367,47.77074],[8.496481,47.770898],[8.497183,47.771213],[8.498157,47.772101],[8.498363,47.772454],[8.500718,47.77316],[8.502308,47.773639],[8.503436,47.773166],[8.50427,47.773611],[8.505292,47.773986],[8.507366,47.774135],[8.508674,47.774234],[8.509613,47.774617],[8.510313,47.776197],[8.51175,47.775602],[8.512923,47.774883],[8.514773,47.774145],[8.516408,47.773279],[8.516934,47.772696],[8.517443,47.772103],[8.518098,47.771396],[8.519454,47.770597],[8.520205,47.770522],[8.52025,47.770518],[8.520251,47.770449],[8.520195,47.770286],[8.520221,47.770132],[8.520173,47.770043],[8.520155,47.769955],[8.520073,47.769888],[8.519983,47.769745],[8.519964,47.769611],[8.519901,47.769563],[8.519782,47.769504],[8.519723,47.76949],[8.519661,47.769437],[8.519622,47.769342],[8.519551,47.769281],[8.519417,47.769237],[8.519314,47.769182],[8.519207,47.769096],[8.519138,47.768957],[8.519061,47.76889],[8.519012,47.768785],[8.518929,47.768688],[8.518824,47.768604],[8.518716,47.768496],[8.5185,47.768318],[8.518329,47.768234],[8.518242,47.768158],[8.518164,47.768123],[8.518045,47.768025],[8.517746,47.767934],[8.51757,47.76792],[8.517424,47.76783],[8.517268,47.767719],[8.51719,47.767639],[8.517034,47.767455],[8.517039,47.767401],[8.516991,47.76732],[8.516893,47.767213],[8.516732,47.767151],[8.516481,47.766945],[8.516506,47.766858],[8.516487,47.766752],[8.516469,47.766714],[8.516448,47.76669],[8.516346,47.766682],[8.516215,47.766707],[8.516094,47.766699],[8.516132,47.766851],[8.516076,47.766912],[8.515087,47.767579],[8.513918,47.76734],[8.513194,47.767187],[8.511297,47.767025],[8.5113,47.766992],[8.511252,47.766971],[8.51123,47.766936],[8.510868,47.765269],[8.510886,47.765227],[8.510937,47.765201],[8.509347,47.764847],[8.509387,47.764772],[8.509772,47.763898],[8.509407,47.763792],[8.508876,47.763823],[8.509611,47.762655],[8.509976,47.762776],[8.510357,47.761989],[8.510812,47.761051],[8.511093,47.760301],[8.511937,47.759566],[8.514391,47.758412],[8.515095,47.757831],[8.51501,47.757722],[8.515083,47.757688],[8.515156,47.757647],[8.515325,47.757524],[8.515443,47.757458],[8.515604,47.757476],[8.515658,47.757478],[8.515829,47.757445],[8.515944,47.757463],[8.516028,47.75746],[8.516119,47.757472],[8.51625,47.757444],[8.516408,47.757392],[8.516665,47.757358],[8.516817,47.757314],[8.516947,47.757261],[8.517129,47.757213],[8.517215,47.757183],[8.517384,47.757149],[8.517508,47.75718],[8.518189,47.757023],[8.519774,47.756552],[8.520061,47.756474],[8.521422,47.756191],[8.521633,47.756176],[8.522486,47.756158],[8.523361,47.756145],[8.523574,47.756131],[8.52469,47.756046],[8.524955,47.756014],[8.525592,47.755888],[8.526165,47.755284],[8.528337,47.752994],[8.528589,47.752807],[8.530424,47.7515],[8.531005,47.751123],[8.532549,47.751513],[8.533704,47.751597],[8.534842,47.75168],[8.535667,47.751712],[8.536376,47.751739],[8.537425,47.751779],[8.538163,47.75168],[8.538313,47.751651],[8.539011,47.751518],[8.539277,47.751466],[8.539442,47.751435],[8.539584,47.751408],[8.540915,47.751048],[8.542102,47.750728],[8.543178,47.750446],[8.544702,47.750047],[8.544995,47.749647],[8.546424,47.749462],[8.547394,47.749426],[8.548697,47.749552],[8.548677,47.74859],[8.548642,47.747563],[8.548293,47.746881],[8.547888,47.746089],[8.547651,47.745625],[8.548099,47.744888],[8.548644,47.744184],[8.548733,47.743345],[8.548828,47.74256],[8.547762,47.741843],[8.54642,47.740905],[8.54423,47.740353],[8.543103,47.739987],[8.543136,47.740318],[8.542279,47.740157],[8.541248,47.740016],[8.53963,47.739735],[8.538638,47.739632],[8.537706,47.739681],[8.536815,47.739704],[8.536136,47.739609],[8.535128,47.739205],[8.534268,47.738999],[8.533712,47.73878],[8.533011,47.738606],[8.532039,47.738282],[8.531051,47.738035],[8.529772,47.737698],[8.528506,47.737339],[8.526958,47.736812],[8.526091,47.736438],[8.525835,47.736327],[8.524891,47.73585],[8.524377,47.73516],[8.523902,47.734538],[8.523296,47.73462],[8.52198,47.734886],[8.520538,47.735121],[8.52006,47.735206],[8.5187,47.735359],[8.518692,47.7357],[8.518751,47.736235],[8.5187,47.736928],[8.518648,47.73783],[8.517394,47.738092],[8.516601,47.738292],[8.514784,47.738673],[8.512801,47.739793],[8.510609,47.740586],[8.51057,47.740834],[8.510511,47.740896],[8.510396,47.740804],[8.510308,47.740785],[8.51025,47.740724],[8.510196,47.740681],[8.510101,47.740648],[8.51002,47.740629],[8.50992,47.740599],[8.509773,47.740574],[8.509449,47.740539],[8.50933,47.740455],[8.509286,47.740434],[8.508976,47.740414],[8.508923,47.740353],[8.508859,47.740325],[8.508832,47.740324],[8.508747,47.740333],[8.508669,47.740319],[8.50852,47.740267],[8.508368,47.740234],[8.508296,47.740225],[8.508155,47.740246],[8.508049,47.740209],[8.508002,47.740237],[8.507931,47.740215],[8.507851,47.740226],[8.507784,47.740279],[8.507741,47.74028],[8.507627,47.740354],[8.507443,47.740403],[8.507396,47.740457],[8.507253,47.740451],[8.507128,47.740467],[8.506929,47.740458],[8.506832,47.740407],[8.506759,47.740382],[8.506614,47.74039],[8.506488,47.740361],[8.506424,47.740366],[8.506301,47.740337],[8.506178,47.740322],[8.505179,47.740533],[8.505126,47.740426],[8.504989,47.740255],[8.504866,47.739877],[8.503655,47.738791],[8.503268,47.738354],[8.502749,47.737966],[8.502375,47.737572],[8.501966,47.736953],[8.501853,47.736755],[8.500705,47.735912],[8.500632,47.735968],[8.500031,47.735689],[8.49953,47.735348],[8.499296,47.735128],[8.499079,47.734619],[8.498554,47.734321],[8.498222,47.73397],[8.498004,47.733885],[8.498069,47.733773],[8.497856,47.733688],[8.497566,47.733681],[8.497235,47.733632],[8.496696,47.733238],[8.496763,47.732997],[8.496574,47.732915],[8.49627,47.732905],[8.495695,47.732603],[8.495701,47.732581],[8.49506,47.732175],[8.4948,47.73206],[8.495166,47.731686],[8.495845,47.731098],[8.49585,47.730982],[8.496026,47.73069],[8.496022,47.730627],[8.495975,47.730547],[8.495569,47.730269],[8.495486,47.730105],[8.4954,47.730059],[8.495241,47.730306],[8.49426,47.729926],[8.493659,47.729618],[8.4926,47.729146],[8.491258,47.728871],[8.489317,47.727642],[8.487643,47.72681],[8.487247,47.72684],[8.486592,47.72725],[8.485783,47.727463],[8.484884,47.727299],[8.484121,47.727024],[8.482743,47.726447],[8.4819,47.726248],[8.480242,47.725811],[8.479444,47.726959],[8.479201,47.72731],[8.479072,47.727495],[8.476828,47.728503],[8.475137,47.729083],[8.473509,47.729708],[8.472441,47.730118],[8.471675,47.730146],[8.471046,47.729973],[8.470633,47.729849],[8.469427,47.729525],[8.467826,47.728749],[8.466238,47.728375],[8.464134,47.728288],[8.462351,47.728587],[8.460798,47.728911],[8.459947,47.729255],[8.458788,47.729281],[8.457048,47.729172]]]]}},{"type":"Feature","properties":{"bfs":2953,"name":"Siblingen","jahr":2026},"geometry":{"type":"MultiPolygon","coordinates":[[[[8.55389,47.732551],[8.553151,47.732369],[8.55279,47.732257],[8.55268,47.732194],[8.552483,47.73198],[8.552135,47.731732],[8.551367,47.731076],[8.550722,47.730497],[8.550351,47.730132],[8.549969,47.729736],[8.549498,47.729297],[8.54874,47.72865],[8.548568,47.728516],[8.547949,47.728141],[8.547593,47.727904],[8.547231,47.727637],[8.546657,47.727069],[8.546174,47.726543],[8.545221,47.725344],[8.54509,47.725148],[8.544985,47.724745],[8.544366,47.724033],[8.544155,47.723535],[8.54403,47.723191],[8.543967,47.722804],[8.543953,47.722531],[8.543995,47.721943],[8.544017,47.721293],[8.543961,47.720949],[8.543715,47.720964],[8.543283,47.720242],[8.542545,47.719074],[8.542204,47.718534],[8.541771,47.71793],[8.54163,47.717602],[8.541397,47.717113],[8.541118,47.716504],[8.540827,47.716153],[8.540364,47.715541],[8.540023,47.71554],[8.539626,47.715177],[8.539319,47.714784],[8.539147,47.714364],[8.539144,47.713943],[8.539016,47.713702],[8.538933,47.713492],[8.538064,47.713209],[8.537536,47.712983],[8.537082,47.712659],[8.53646,47.712253],[8.535497,47.711664],[8.535258,47.711232],[8.535056,47.710647],[8.535,47.710439],[8.534838,47.709128],[8.535635,47.708799],[8.536612,47.707862],[8.536576,47.707769],[8.536589,47.707704],[8.536486,47.707453],[8.536298,47.707129],[8.535943,47.706579],[8.536148,47.706549],[8.536362,47.706506],[8.536309,47.706401],[8.536255,47.706373],[8.535501,47.705227],[8.535531,47.705191],[8.535388,47.705217],[8.535364,47.705169],[8.535353,47.705124],[8.534501,47.704027],[8.531816,47.704841],[8.531532,47.703844],[8.531544,47.703799],[8.531399,47.703848],[8.529797,47.704473],[8.529604,47.70453],[8.529398,47.70457],[8.529207,47.704588],[8.528986,47.704588],[8.527014,47.704465],[8.526799,47.704465],[8.526757,47.704462],[8.520212,47.704726],[8.519657,47.704731],[8.518228,47.704701],[8.51757,47.704727],[8.516759,47.704778],[8.515062,47.704978],[8.515042,47.705022],[8.515129,47.705115],[8.515239,47.705283],[8.515171,47.705302],[8.515121,47.705271],[8.515053,47.705271],[8.514993,47.705294],[8.513394,47.707022],[8.513369,47.707074],[8.513227,47.707127],[8.5131,47.707198],[8.512765,47.707191],[8.511643,47.708239],[8.512085,47.708617],[8.510407,47.70956],[8.510771,47.709916],[8.508765,47.711049],[8.508501,47.710843],[8.508474,47.710794],[8.508428,47.710792],[8.508411,47.710918],[8.508355,47.711133],[8.508267,47.71134],[8.508037,47.711752],[8.507825,47.712047],[8.50757,47.712301],[8.506568,47.713145],[8.506195,47.713409],[8.505318,47.713872],[8.507282,47.715103],[8.505018,47.716565],[8.504941,47.716621],[8.503017,47.718308],[8.501059,47.71981],[8.501003,47.71982],[8.502371,47.720595],[8.502308,47.720651],[8.502229,47.720679],[8.501225,47.721407],[8.50095,47.721588],[8.499695,47.722336],[8.497657,47.723719],[8.497686,47.723788],[8.500104,47.725593],[8.499016,47.726397],[8.49774,47.727318],[8.497768,47.727337],[8.498428,47.727124],[8.499032,47.727787],[8.499089,47.727776],[8.499507,47.727426],[8.4997,47.727243],[8.499868,47.727302],[8.499815,47.727508],[8.499946,47.727786],[8.500169,47.727884],[8.50018,47.727921],[8.500204,47.727924],[8.500301,47.727975],[8.500422,47.728029],[8.500513,47.728041],[8.500576,47.728059],[8.500888,47.728116],[8.501009,47.728144],[8.501026,47.728154],[8.501088,47.728169],[8.501152,47.728193],[8.501254,47.728219],[8.501328,47.728245],[8.50143,47.72829],[8.501459,47.728299],[8.501491,47.728319],[8.501602,47.72836],[8.501965,47.728538],[8.501948,47.728564],[8.502794,47.728762],[8.503185,47.728805],[8.503919,47.728854],[8.504061,47.728891],[8.504175,47.728956],[8.504355,47.729138],[8.504525,47.729292],[8.505654,47.730146],[8.506362,47.730332],[8.506823,47.730294],[8.50768,47.73009],[8.50825,47.730267],[8.508893,47.730602],[8.509052,47.730901],[8.50923,47.731268],[8.509324,47.731489],[8.509458,47.731666],[8.509776,47.731799],[8.509881,47.731784],[8.509747,47.731982],[8.510073,47.732082],[8.510359,47.732198],[8.510894,47.732327],[8.511999,47.732344],[8.512693,47.732222],[8.512949,47.732128],[8.513545,47.732009],[8.513883,47.731842],[8.513944,47.731596],[8.514339,47.731247],[8.514636,47.731013],[8.514901,47.730818],[8.515044,47.730734],[8.515725,47.73061],[8.517248,47.730259],[8.518186,47.730123],[8.518596,47.730347],[8.519713,47.731051],[8.520559,47.731318],[8.522544,47.731894],[8.523795,47.732891],[8.523829,47.733905],[8.523902,47.734538],[8.524377,47.73516],[8.524891,47.73585],[8.525835,47.736327],[8.526091,47.736438],[8.526958,47.736812],[8.528506,47.737339],[8.529772,47.737698],[8.531051,47.738035],[8.532039,47.738282],[8.533011,47.738606],[8.533712,47.73878],[8.534268,47.738999],[8.535128,47.739205],[8.536136,47.739609],[8.536815,47.739704],[8.537706,47.739681],[8.538638,47.739632],[8.53963,47.739735],[8.541248,47.740016],[8.542279,47.740157],[8.543136,47.740318],[8.543103,47.739987],[8.542118,47.739369],[8.541194,47.738426],[8.541089,47.73757],[8.54102,47.737004],[8.541601,47.736723],[8.542208,47.736462],[8.543011,47.736256],[8.544045,47.735859],[8.544722,47.735561],[8.545109,47.735146],[8.546093,47.73451],[8.546427,47.734327],[8.546479,47.734355],[8.550293,47.732828],[8.553205,47.733573],[8.553802,47.732598],[8.55389,47.732551]]]]}},{"type":"Feature","properties":{"bfs":2964,"name":"Stein am Rhein","jahr":2026},"geometry":{"type":"MultiPolygon","coordinates":[[[[8.875401,47.654949],[8.872449,47.653945],[8.86706,47.655973],[8.86533,47.656098],[8.862816,47.654924],[8.862489,47.654795],[8.862082,47.654581],[8.861808,47.654486],[8.861456,47.654415],[8.861132,47.654261],[8.860814,47.65404],[8.860739,47.653967],[8.860652,47.653947],[8.860603,47.653639],[8.860579,47.653567],[8.860529,47.653499],[8.860285,47.653243],[8.859844,47.652864],[8.859547,47.652431],[8.859476,47.652327],[8.859732,47.652175],[8.857946,47.650081],[8.851689,47.651186],[8.851653,47.651247],[8.85152,47.651251],[8.851491,47.651326],[8.850519,47.651729],[8.850096,47.651908],[8.84938,47.651008],[8.847266,47.651902],[8.846884,47.652054],[8.846495,47.652195],[8.846278,47.652263],[8.846541,47.652666],[8.845642,47.653061],[8.845953,47.653132],[8.846249,47.653229],[8.846218,47.653268],[8.847282,47.65366],[8.847705,47.653836],[8.847719,47.653894],[8.847368,47.65418],[8.84682,47.65462],[8.84687,47.654649],[8.847538,47.655366],[8.848681,47.654937],[8.84896,47.65521],[8.849276,47.655544],[8.849597,47.65589],[8.851682,47.657727],[8.851626,47.657746],[8.851719,47.657845],[8.852061,47.65802],[8.852125,47.658065],[8.852156,47.65813],[8.852212,47.658221],[8.852737,47.658895],[8.852937,47.658821],[8.853548,47.659513],[8.853667,47.659466],[8.85368,47.65948],[8.854573,47.660674],[8.854184,47.660918],[8.85376,47.661135],[8.853306,47.661322],[8.852827,47.661478],[8.852327,47.661601],[8.851812,47.661689],[8.851669,47.66171],[8.851526,47.661733],[8.851385,47.661759],[8.851245,47.661788],[8.851106,47.661818],[8.850968,47.661852],[8.850693,47.661926],[8.850424,47.662011],[8.850162,47.662105],[8.849908,47.662208],[8.849662,47.66232],[8.849161,47.662577],[8.848885,47.662704],[8.848601,47.662821],[8.848309,47.662929],[8.848009,47.663026],[8.847702,47.663114],[8.847598,47.66314],[8.847389,47.663191],[8.847177,47.663236],[8.842501,47.664123],[8.842288,47.664169],[8.842081,47.664227],[8.841881,47.664294],[8.841689,47.664372],[8.841507,47.66446],[8.841335,47.664556],[8.841174,47.664662],[8.841026,47.664775],[8.840891,47.664896],[8.84077,47.665023],[8.840664,47.665156],[8.840573,47.665294],[8.84004,47.666195],[8.839904,47.666448],[8.839794,47.666706],[8.839708,47.666968],[8.839647,47.667233],[8.839612,47.667501],[8.839603,47.667769],[8.839588,47.668099],[8.839533,47.668426],[8.839439,47.668749],[8.839306,47.669066],[8.839136,47.669375],[8.838928,47.669674],[8.838686,47.66996],[8.83841,47.670231],[8.838102,47.670487],[8.837764,47.670725],[8.836931,47.671266],[8.837819,47.672177],[8.838209,47.672578],[8.838289,47.672638],[8.838371,47.672629],[8.838667,47.672521],[8.838829,47.672444],[8.839568,47.672048],[8.840265,47.672604],[8.840115,47.672782],[8.839835,47.672909],[8.839576,47.673018],[8.839357,47.673079],[8.839544,47.673199],[8.839485,47.673336],[8.839139,47.673765],[8.839816,47.674205],[8.840191,47.674466],[8.840358,47.674315],[8.840653,47.674535],[8.841266,47.674165],[8.841565,47.674042],[8.842255,47.673879],[8.842823,47.67461],[8.8432,47.675081],[8.843872,47.674557],[8.844469,47.675024],[8.845026,47.675504],[8.845967,47.676017],[8.846342,47.676239],[8.846988,47.67662],[8.847701,47.676676],[8.848414,47.676852],[8.848924,47.67721],[8.849535,47.677719],[8.849987,47.678153],[8.850471,47.678748],[8.850841,47.679096],[8.851278,47.679682],[8.851634,47.680546],[8.851428,47.681058],[8.852173,47.680959],[8.853585,47.680858],[8.855101,47.680549],[8.856278,47.680269],[8.858101,47.680365],[8.859629,47.680517],[8.86058,47.680306],[8.861295,47.679905],[8.862417,47.679313],[8.863348,47.678833],[8.864448,47.678243],[8.865852,47.677282],[8.867889,47.675888],[8.868167,47.675271],[8.868379,47.674745],[8.869139,47.673673],[8.86963,47.673016],[8.869898,47.672652],[8.870662,47.671698],[8.870941,47.671512],[8.871715,47.670984],[8.873445,47.670211],[8.873713,47.669781],[8.873823,47.669494],[8.873908,47.669072],[8.873871,47.668571],[8.874057,47.667958],[8.874125,47.667734],[8.874141,47.667683],[8.874327,47.667073],[8.874627,47.666074],[8.874986,47.664875],[8.875337,47.663562],[8.875849,47.661668],[8.876174,47.660442],[8.875529,47.660354],[8.875479,47.658853],[8.875437,47.656675],[8.875401,47.654949]]]]}},{"type":"Feature","properties":{"bfs":2919,"name":"Stetten","jahr":2026},"geometry":{"type":"MultiPolygon","coordinates":[[[[8.637956,47.738265],[8.638092,47.738385],[8.639033,47.739218],[8.640187,47.739834],[8.6415,47.740545],[8.641788,47.740967],[8.642212,47.741203],[8.6424,47.741373],[8.642555,47.741625],[8.642634,47.741827],[8.642778,47.742194],[8.64301,47.742466],[8.643691,47.743003],[8.644207,47.743456],[8.644479,47.743755],[8.644868,47.743944],[8.645428,47.744078],[8.645636,47.744211],[8.645913,47.744419],[8.646337,47.744638],[8.646877,47.744868],[8.647192,47.745094],[8.647382,47.74523],[8.647622,47.745401],[8.64823,47.745424],[8.649532,47.745275],[8.650041,47.745068],[8.650492,47.744905],[8.651646,47.745452],[8.652364,47.74568],[8.652458,47.745778],[8.652667,47.745924],[8.653,47.746158],[8.653351,47.746392],[8.653566,47.746607],[8.653448,47.746784],[8.653559,47.746912],[8.653719,47.747021],[8.654056,47.747059],[8.65421,47.747152],[8.654304,47.747178],[8.654876,47.747479],[8.655073,47.74766],[8.65512,47.747837],[8.655191,47.748006],[8.655339,47.748211],[8.655693,47.748532],[8.655828,47.748813],[8.656173,47.748777],[8.656983,47.748902],[8.657691,47.748842],[8.658165,47.748558],[8.659368,47.747839],[8.659288,47.747803],[8.658454,47.747355],[8.658477,47.747164],[8.658299,47.7469],[8.657996,47.746927],[8.657995,47.746895],[8.657923,47.746848],[8.658415,47.746251],[8.658735,47.745688],[8.659045,47.745213],[8.659071,47.745174],[8.659306,47.744925],[8.65955,47.744792],[8.660245,47.744598],[8.66095,47.744381],[8.661118,47.74455],[8.661148,47.744594],[8.66119,47.74458],[8.661213,47.744579],[8.662782,47.744565],[8.663464,47.743666],[8.664192,47.743953],[8.664415,47.744006],[8.664652,47.744016],[8.664843,47.743982],[8.665089,47.744441],[8.665082,47.744786],[8.665421,47.744919],[8.665466,47.745149],[8.665968,47.746897],[8.666746,47.74686],[8.667657,47.746823],[8.669762,47.746245],[8.670753,47.746436],[8.671124,47.746733],[8.671749,47.747181],[8.67213,47.747645],[8.672854,47.748093],[8.6734,47.748217],[8.673316,47.747709],[8.673761,47.747458],[8.674247,47.747527],[8.675048,47.746673],[8.676164,47.746917],[8.676642,47.747047],[8.677078,47.74719],[8.678271,47.747678],[8.67833,47.74767],[8.678488,47.747529],[8.678729,47.747378],[8.679043,47.747208],[8.679397,47.746947],[8.679539,47.746751],[8.67963,47.746508],[8.679659,47.746337],[8.679624,47.746226],[8.679352,47.745911],[8.67938,47.745812],[8.679919,47.745319],[8.680149,47.745225],[8.680401,47.744959],[8.680633,47.744588],[8.680784,47.744303],[8.680982,47.743778],[8.681042,47.743793],[8.681326,47.743039],[8.681626,47.742877],[8.682163,47.742708],[8.682628,47.742534],[8.682735,47.742493],[8.683261,47.742187],[8.683378,47.742175],[8.683232,47.742088],[8.682097,47.741382],[8.681716,47.741167],[8.681346,47.74102],[8.680031,47.740469],[8.680107,47.740372],[8.68041,47.740225],[8.680719,47.740122],[8.680917,47.740038],[8.681096,47.740061],[8.681615,47.739571],[8.682772,47.738526],[8.682447,47.738555],[8.682131,47.738566],[8.681756,47.738568],[8.681363,47.738502],[8.681045,47.738431],[8.679891,47.737802],[8.679227,47.737688],[8.678478,47.737545],[8.678149,47.737474],[8.678032,47.737393],[8.676661,47.738183],[8.67559,47.736992],[8.67514,47.736435],[8.67506,47.736324],[8.674934,47.736385],[8.674812,47.736498],[8.674566,47.736793],[8.674428,47.736921],[8.674273,47.736993],[8.67277,47.737218],[8.672512,47.737078],[8.672163,47.736732],[8.671913,47.736539],[8.671584,47.736414],[8.67113,47.736309],[8.670154,47.736153],[8.669867,47.736052],[8.669665,47.73594],[8.668871,47.735638],[8.668595,47.735433],[8.668111,47.735139],[8.667946,47.735003],[8.667618,47.734516],[8.667312,47.734325],[8.666933,47.734038],[8.666528,47.73392],[8.666364,47.73389],[8.66589,47.733648],[8.66559,47.733515],[8.664942,47.73342],[8.66449,47.733387],[8.664168,47.733302],[8.663884,47.733155],[8.663774,47.73308],[8.663513,47.732918],[8.663061,47.732653],[8.663012,47.732613],[8.662956,47.732528],[8.662704,47.732598],[8.662768,47.732673],[8.662371,47.732903],[8.662342,47.732873],[8.662113,47.732498],[8.662031,47.732393],[8.661814,47.732084],[8.661338,47.731237],[8.661662,47.730715],[8.661113,47.730566],[8.660953,47.730544],[8.660619,47.730473],[8.660502,47.730434],[8.660271,47.730299],[8.66022,47.730243],[8.660185,47.730034],[8.660124,47.729984],[8.659407,47.729885],[8.659287,47.729914],[8.659051,47.730047],[8.658642,47.729852],[8.658109,47.729678],[8.657508,47.72966],[8.656989,47.72959],[8.656814,47.729536],[8.656403,47.729843],[8.656402,47.730225],[8.656498,47.730353],[8.656812,47.730596],[8.656157,47.730956],[8.65554,47.731264],[8.65509,47.731489],[8.654643,47.731694],[8.65398,47.731231],[8.653331,47.73083],[8.652563,47.730462],[8.652205,47.730311],[8.652356,47.729782],[8.652108,47.729356],[8.652241,47.729004],[8.650768,47.728414],[8.649363,47.727962],[8.649396,47.727823],[8.64881,47.727492],[8.648387,47.727268],[8.647962,47.72702],[8.646996,47.726378],[8.646886,47.726305],[8.645315,47.72555],[8.644684,47.72551],[8.644288,47.725641],[8.64369,47.725651],[8.642915,47.725845],[8.642751,47.725845],[8.642863,47.725937],[8.643606,47.726878],[8.642631,47.727201],[8.642446,47.72721],[8.642188,47.727251],[8.642212,47.727341],[8.641969,47.727368],[8.641122,47.727723],[8.640931,47.727943],[8.640703,47.728205],[8.640174,47.728669],[8.639692,47.729354],[8.639668,47.729704],[8.639521,47.730037],[8.639369,47.730414],[8.639192,47.731611],[8.639281,47.732054],[8.639783,47.732706],[8.640162,47.733028],[8.640928,47.733517],[8.641407,47.733867],[8.641191,47.733977],[8.640349,47.734467],[8.640201,47.734549],[8.639853,47.734743],[8.639622,47.734773],[8.639662,47.735163],[8.639786,47.735393],[8.640182,47.735824],[8.640575,47.736263],[8.640954,47.736615],[8.640996,47.736828],[8.640969,47.736867],[8.640853,47.736944],[8.640721,47.737005],[8.640603,47.737031],[8.640494,47.73702],[8.639799,47.73744],[8.639104,47.737853],[8.63838,47.738116],[8.637956,47.738265]]]]}},{"type":"Feature","properties":{"bfs":2920,"name":"Thayngen","jahr":2026},"geometry":{"type":"MultiPolygon","coordinates":[[[[8.717943,47.72162],[8.715558,47.721787],[8.714668,47.721921],[8.713941,47.721916],[8.713071,47.72188],[8.712565,47.721854],[8.712123,47.721824],[8.711643,47.721831],[8.710752,47.722003],[8.710553,47.721431],[8.70985,47.721414],[8.709017,47.721403],[8.708168,47.721532],[8.707598,47.721596],[8.706787,47.721701],[8.706139,47.721748],[8.705898,47.721808],[8.705936,47.721856],[8.705517,47.721958],[8.704876,47.721976],[8.704085,47.722055],[8.703841,47.722101],[8.703345,47.722422],[8.70282,47.722592],[8.702459,47.722694],[8.701794,47.722825],[8.701851,47.72327],[8.701879,47.723564],[8.702421,47.723582],[8.70252,47.723967],[8.702189,47.724171],[8.701826,47.724736],[8.70159,47.725145],[8.701011,47.724959],[8.700268,47.724873],[8.699327,47.724773],[8.698405,47.724621],[8.697118,47.724569],[8.696526,47.724653],[8.695902,47.724765],[8.694476,47.72478],[8.693436,47.724827],[8.692168,47.724975],[8.692327,47.725695],[8.692714,47.726178],[8.693373,47.72694],[8.694064,47.727607],[8.694362,47.727929],[8.693691,47.72822],[8.693843,47.728502],[8.693915,47.729148],[8.694487,47.72936],[8.693911,47.729714],[8.693311,47.729963],[8.692527,47.729996],[8.691723,47.730023],[8.691519,47.730913],[8.691106,47.730913],[8.690767,47.731285],[8.69048,47.731542],[8.690137,47.731816],[8.689447,47.732427],[8.688875,47.732358],[8.687541,47.732357],[8.686778,47.732431],[8.686169,47.732508],[8.685885,47.732506],[8.685919,47.732762],[8.685101,47.733123],[8.684419,47.733395],[8.683805,47.733624],[8.683318,47.733763],[8.682689,47.733884],[8.682761,47.734409],[8.682901,47.73509],[8.682941,47.735455],[8.683023,47.735753],[8.682747,47.735726],[8.682375,47.73571],[8.68229,47.735764],[8.681967,47.73597],[8.680636,47.736542],[8.680314,47.736699],[8.680247,47.736797],[8.680022,47.737127],[8.67994,47.737416],[8.679891,47.737802],[8.681045,47.738431],[8.681363,47.738502],[8.681756,47.738568],[8.682131,47.738566],[8.682447,47.738555],[8.682772,47.738526],[8.681615,47.739571],[8.681096,47.740061],[8.680917,47.740038],[8.680719,47.740122],[8.68041,47.740225],[8.680107,47.740372],[8.680031,47.740469],[8.681346,47.74102],[8.681716,47.741167],[8.682097,47.741382],[8.683232,47.742088],[8.683378,47.742175],[8.683261,47.742187],[8.682735,47.742493],[8.682628,47.742534],[8.682882,47.742762],[8.683075,47.742978],[8.68322,47.74316],[8.683302,47.743281],[8.683343,47.743417],[8.683337,47.743712],[8.683305,47.744041],[8.683299,47.744245],[8.683313,47.744456],[8.683342,47.744643],[8.683109,47.745971],[8.683373,47.746326],[8.683987,47.746542],[8.684397,47.746891],[8.68475,47.74765],[8.684721,47.747725],[8.684729,47.747803],[8.68479,47.748054],[8.684813,47.748173],[8.684837,47.748373],[8.685163,47.748709],[8.686045,47.749064],[8.686867,47.749561],[8.68706,47.749665],[8.687525,47.750046],[8.68761,47.750184],[8.687316,47.750277],[8.68727,47.750322],[8.687294,47.750375],[8.68772,47.75065],[8.687962,47.750789],[8.688124,47.750947],[8.688392,47.751307],[8.688655,47.751595],[8.688721,47.751741],[8.688792,47.751931],[8.688915,47.752086],[8.688976,47.752255],[8.689041,47.752473],[8.688997,47.752466],[8.688949,47.752732],[8.688917,47.752966],[8.688923,47.753155],[8.688956,47.753261],[8.689063,47.753368],[8.689349,47.753577],[8.689485,47.754034],[8.689298,47.754024],[8.689027,47.754035],[8.688741,47.754184],[8.688191,47.754611],[8.687941,47.755132],[8.687779,47.755291],[8.687603,47.75548],[8.687334,47.755751],[8.687208,47.755902],[8.687121,47.756153],[8.68705,47.756379],[8.686922,47.756547],[8.686675,47.756591],[8.686614,47.756928],[8.686093,47.756934],[8.685984,47.75702],[8.685516,47.757115],[8.685385,47.757182],[8.685265,47.757278],[8.685175,47.757468],[8.684856,47.757661],[8.684647,47.757874],[8.684414,47.758215],[8.684149,47.758558],[8.683842,47.759078],[8.683507,47.7596],[8.683219,47.759839],[8.682465,47.760626],[8.682186,47.76111],[8.681747,47.76115],[8.681497,47.761486],[8.680982,47.761707],[8.680553,47.76153],[8.680173,47.761656],[8.679878,47.761873],[8.679146,47.762111],[8.678774,47.762376],[8.678229,47.762575],[8.677422,47.763123],[8.676794,47.763801],[8.6763,47.764033],[8.675858,47.764295],[8.675489,47.764619],[8.675204,47.764829],[8.674874,47.765643],[8.674542,47.766347],[8.673705,47.766985],[8.673323,47.767253],[8.672116,47.767832],[8.671154,47.768151],[8.670963,47.768241],[8.67034,47.76858],[8.669714,47.768724],[8.669133,47.768799],[8.668546,47.768899],[8.668049,47.769078],[8.667924,47.769135],[8.667528,47.76927],[8.667004,47.769405],[8.666243,47.76953],[8.665699,47.769612],[8.665589,47.769629],[8.665283,47.769671],[8.664879,47.769602],[8.664468,47.769533],[8.663658,47.768972],[8.663514,47.76877],[8.663516,47.768631],[8.663509,47.768505],[8.663554,47.768274],[8.663595,47.767958],[8.663607,47.767709],[8.66357,47.767557],[8.663554,47.767271],[8.663138,47.767091],[8.662401,47.766947],[8.661806,47.766948],[8.661463,47.76698],[8.660862,47.767229],[8.660014,47.767247],[8.659327,47.767207],[8.658786,47.767192],[8.658646,47.767124],[8.658554,47.76701],[8.658658,47.766754],[8.658836,47.766287],[8.658959,47.76625],[8.658842,47.766084],[8.658726,47.765948],[8.658575,47.765819],[8.658384,47.765675],[8.658186,47.765566],[8.65794,47.765474],[8.657614,47.76538],[8.65705,47.765246],[8.657004,47.765321],[8.656819,47.765269],[8.656816,47.765331],[8.656509,47.765552],[8.656328,47.765658],[8.655695,47.765957],[8.655519,47.766031],[8.655558,47.765963],[8.655395,47.765691],[8.65496,47.765125],[8.654694,47.764839],[8.654593,47.764703],[8.654566,47.76455],[8.653986,47.764639],[8.652996,47.764542],[8.651562,47.764896],[8.651261,47.764444],[8.650935,47.764091],[8.650801,47.763965],[8.649437,47.76489],[8.64865,47.765424],[8.648453,47.765557],[8.647269,47.764942],[8.646934,47.764822],[8.646539,47.764744],[8.645951,47.764751],[8.645247,47.764966],[8.64593,47.765553],[8.646294,47.765865],[8.646985,47.766459],[8.647569,47.766961],[8.64673,47.767488],[8.645749,47.768103],[8.645348,47.768525],[8.647491,47.769517],[8.649338,47.770372],[8.650582,47.771409],[8.65161,47.772265],[8.652279,47.772822],[8.652969,47.773398],[8.652239,47.774014],[8.651123,47.774343],[8.650234,47.774294],[8.649623,47.774362],[8.648599,47.774174],[8.648112,47.774063],[8.648176,47.774853],[8.648279,47.776185],[8.649131,47.777513],[8.649485,47.778955],[8.649735,47.779976],[8.650069,47.781344],[8.649915,47.782466],[8.6498,47.783301],[8.649163,47.784294],[8.647393,47.785421],[8.646377,47.786384],[8.645959,47.786765],[8.64546,47.787219],[8.645551,47.788401],[8.645655,47.789593],[8.645749,47.790711],[8.646249,47.791764],[8.646619,47.792517],[8.646586,47.793658],[8.646932,47.794713],[8.64892,47.794992],[8.64901,47.796225],[8.648889,47.797276],[8.649113,47.79785],[8.649605,47.798461],[8.650871,47.799035],[8.651992,47.799458],[8.652626,47.799585],[8.653332,47.799899],[8.654384,47.800097],[8.655666,47.800235],[8.656863,47.800441],[8.657268,47.799861],[8.657789,47.799113],[8.658379,47.798251],[8.659254,47.797287],[8.660313,47.796321],[8.660257,47.794874],[8.660003,47.794],[8.658395,47.793104],[8.657417,47.791744],[8.659199,47.791955],[8.660395,47.792028],[8.661466,47.791949],[8.662321,47.79176],[8.663318,47.791033],[8.664295,47.790694],[8.665268,47.790356],[8.665339,47.789747],[8.665683,47.789382],[8.666379,47.788902],[8.666844,47.788618],[8.667583,47.787696],[8.668224,47.787638],[8.669422,47.787434],[8.670087,47.787378],[8.671128,47.787589],[8.672754,47.787222],[8.673463,47.786972],[8.674503,47.786613],[8.675285,47.786152],[8.675825,47.785867],[8.676241,47.785763],[8.676844,47.785682],[8.677116,47.785718],[8.677566,47.786304],[8.678396,47.786783],[8.679238,47.786847],[8.680168,47.786721],[8.681033,47.786605],[8.680494,47.7858],[8.68005,47.785262],[8.681491,47.784573],[8.682369,47.783698],[8.682067,47.78353],[8.681764,47.782936],[8.681916,47.782573],[8.68267,47.781414],[8.683318,47.780493],[8.683274,47.779576],[8.682853,47.778893],[8.682907,47.778493],[8.683212,47.777303],[8.683439,47.777014],[8.684232,47.776217],[8.68526,47.775462],[8.686435,47.774794],[8.687068,47.77453],[8.687906,47.774022],[8.688627,47.77352],[8.68801,47.773301],[8.687576,47.772875],[8.68697,47.772221],[8.685526,47.771509],[8.683661,47.770632],[8.68359,47.770599],[8.684205,47.76976],[8.685034,47.768482],[8.68586,47.767206],[8.686013,47.766929],[8.686413,47.766096],[8.686814,47.765262],[8.686939,47.764873],[8.687211,47.763725],[8.687483,47.76258],[8.687657,47.762075],[8.687753,47.762058],[8.688422,47.761943],[8.68857,47.761559],[8.68847,47.761176],[8.687859,47.760491],[8.687778,47.76027],[8.687809,47.759935],[8.688036,47.759277],[8.68844,47.758605],[8.688708,47.75836],[8.690115,47.757624],[8.691768,47.756726],[8.692835,47.756214],[8.693892,47.755976],[8.694796,47.755746],[8.695131,47.755711],[8.695421,47.755932],[8.69593,47.756812],[8.696761,47.756524],[8.697344,47.756635],[8.697767,47.757079],[8.698447,47.758166],[8.698588,47.758231],[8.699111,47.759273],[8.699109,47.759609],[8.699952,47.760011],[8.700717,47.760328],[8.701468,47.760867],[8.701573,47.760162],[8.703308,47.761099],[8.703911,47.761611],[8.704685,47.761987],[8.704579,47.762157],[8.705831,47.763002],[8.706994,47.763682],[8.709542,47.763145],[8.710007,47.763529],[8.711843,47.764812],[8.713221,47.765051],[8.714071,47.765399],[8.716739,47.764648],[8.718725,47.76431],[8.719775,47.763859],[8.721388,47.763093],[8.722269,47.764023],[8.723645,47.763419],[8.723254,47.762924],[8.725108,47.762668],[8.727326,47.762267],[8.728791,47.760824],[8.730808,47.759608],[8.729748,47.758633],[8.728961,47.75796],[8.730289,47.757372],[8.731406,47.756884],[8.731838,47.756799],[8.732443,47.75652],[8.733624,47.755925],[8.733714,47.755787],[8.735011,47.755168],[8.736432,47.754056],[8.737625,47.753595],[8.738287,47.753571],[8.739975,47.752989],[8.741137,47.751984],[8.740867,47.750222],[8.740768,47.749583],[8.741438,47.748184],[8.740495,47.747631],[8.739537,47.746518],[8.738407,47.746542],[8.737343,47.746561],[8.73632,47.74656],[8.735344,47.746562],[8.734273,47.746559],[8.733222,47.746297],[8.731863,47.74605],[8.731004,47.745844],[8.730174,47.745817],[8.728053,47.74614],[8.72659,47.745036],[8.723626,47.745649],[8.722487,47.744687],[8.72162,47.743957],[8.720761,47.742508],[8.720236,47.740998],[8.718965,47.74042],[8.717104,47.739569],[8.715806,47.73912],[8.714607,47.738585],[8.714597,47.737553],[8.714195,47.736318],[8.713848,47.735747],[8.713033,47.734443],[8.712746,47.733227],[8.712511,47.7322],[8.711772,47.730573],[8.711158,47.730138],[8.711789,47.729035],[8.712977,47.72842],[8.713811,47.727729],[8.714813,47.72628],[8.71511,47.72573],[8.715916,47.7245],[8.716318,47.723813],[8.716602,47.723295],[8.717139,47.722628],[8.717943,47.72162]]]]}},{"type":"Feature","properties":{"bfs":2973,"name":"Trasadingen","jahr":2026},"geometry":{"type":"MultiPolygon","coordinates":[[[[8.448974,47.654694],[8.448777,47.654655],[8.447166,47.654305],[8.445119,47.653862],[8.442915,47.655142],[8.441413,47.655824],[8.440642,47.656097],[8.439463,47.656406],[8.438626,47.657376],[8.436617,47.657381],[8.435941,47.658446],[8.435283,47.659485],[8.433306,47.66094],[8.431995,47.662134],[8.430285,47.663047],[8.428818,47.663837],[8.428062,47.664252],[8.427343,47.664676],[8.426388,47.665223],[8.425149,47.665654],[8.424511,47.666172],[8.423646,47.666862],[8.421851,47.666752],[8.419599,47.666611],[8.417182,47.666418],[8.41502,47.666153],[8.413275,47.666284],[8.412212,47.666329],[8.411452,47.667154],[8.410433,47.668265],[8.409614,47.669156],[8.408778,47.670315],[8.407828,47.671633],[8.40702,47.672437],[8.406223,47.67301],[8.405597,47.674185],[8.4061,47.675492],[8.406359,47.676227],[8.407012,47.677023],[8.408035,47.678218],[8.408526,47.678568],[8.408955,47.678825],[8.409481,47.679014],[8.410774,47.679201],[8.413093,47.679392],[8.414781,47.679622],[8.415948,47.68004],[8.416204,47.679786],[8.416902,47.680479],[8.417618,47.681191],[8.418362,47.682782],[8.419514,47.683315],[8.420724,47.683841],[8.420887,47.683757],[8.421415,47.683629],[8.421669,47.683521],[8.421842,47.683418],[8.422295,47.682995],[8.422356,47.682919],[8.422367,47.682839],[8.422325,47.682743],[8.422152,47.682572],[8.422072,47.682451],[8.42207,47.682317],[8.422127,47.682194],[8.422283,47.682003],[8.42249,47.681833],[8.422613,47.681754],[8.422586,47.681711],[8.422613,47.681545],[8.42268,47.681368],[8.4228,47.681147],[8.422861,47.680995],[8.422867,47.680689],[8.42286,47.680482],[8.422768,47.679741],[8.422778,47.679687],[8.422711,47.679233],[8.422639,47.678836],[8.42247,47.678581],[8.422568,47.678521],[8.422767,47.678563],[8.422932,47.678626],[8.42395,47.679138],[8.424718,47.679518],[8.424946,47.679619],[8.425277,47.67934],[8.425366,47.679101],[8.425273,47.678741],[8.425674,47.6785],[8.426249,47.678186],[8.426625,47.677968],[8.426949,47.67787],[8.427793,47.67783],[8.427917,47.677733],[8.42853,47.677226],[8.428705,47.677095],[8.429337,47.676686],[8.429586,47.6765],[8.429632,47.676524],[8.431064,47.675312],[8.431141,47.675202],[8.431185,47.675108],[8.431014,47.674733],[8.430958,47.674538],[8.431852,47.674335],[8.431929,47.674443],[8.432669,47.674274],[8.432816,47.674248],[8.433588,47.674035],[8.434233,47.673857],[8.434376,47.674038],[8.434488,47.674191],[8.436802,47.672995],[8.436857,47.672978],[8.436697,47.672679],[8.437019,47.672702],[8.437209,47.672587],[8.440485,47.670763],[8.440536,47.670764],[8.439916,47.670144],[8.439338,47.669576],[8.439442,47.669526],[8.441491,47.668317],[8.440263,47.667479],[8.440301,47.667432],[8.442304,47.666488],[8.440931,47.665459],[8.4409,47.665378],[8.440811,47.665369],[8.439502,47.664381],[8.439515,47.664308],[8.441326,47.663371],[8.44264,47.662692],[8.442612,47.662666],[8.442714,47.662582],[8.442807,47.66253],[8.44111,47.661966],[8.440863,47.661891],[8.440614,47.661837],[8.44055,47.661829],[8.440737,47.661725],[8.440945,47.66162],[8.44621,47.659304],[8.448735,47.658183],[8.448886,47.658105],[8.448949,47.658005],[8.449336,47.657132],[8.446848,47.656637],[8.447165,47.656412],[8.447379,47.656245],[8.447638,47.656017],[8.448861,47.654794],[8.448974,47.654694]]]]}},{"type":"Feature","properties":{"bfs":2974,"name":"Wilchingen","jahr":2026},"geometry":{"type":"MultiPolygon","coordinates":[[[[8.448974,47.654694],[8.448861,47.654794],[8.447638,47.656017],[8.447379,47.656245],[8.447165,47.656412],[8.446848,47.656637],[8.449336,47.657132],[8.448949,47.658005],[8.448886,47.658105],[8.448735,47.658183],[8.44621,47.659304],[8.440945,47.66162],[8.440737,47.661725],[8.44055,47.661829],[8.440614,47.661837],[8.440863,47.661891],[8.44111,47.661966],[8.442807,47.66253],[8.442714,47.662582],[8.442612,47.662666],[8.44264,47.662692],[8.441326,47.663371],[8.439515,47.664308],[8.439502,47.664381],[8.440811,47.665369],[8.4409,47.665378],[8.440931,47.665459],[8.442304,47.666488],[8.440301,47.667432],[8.440263,47.667479],[8.441491,47.668317],[8.439442,47.669526],[8.439338,47.669576],[8.439916,47.670144],[8.440536,47.670764],[8.440485,47.670763],[8.437209,47.672587],[8.437019,47.672702],[8.436697,47.672679],[8.436857,47.672978],[8.436802,47.672995],[8.434488,47.674191],[8.434376,47.674038],[8.434233,47.673857],[8.433588,47.674035],[8.432816,47.674248],[8.432669,47.674274],[8.431929,47.674443],[8.431852,47.674335],[8.430958,47.674538],[8.431014,47.674733],[8.431185,47.675108],[8.431141,47.675202],[8.431064,47.675312],[8.429632,47.676524],[8.429586,47.6765],[8.429337,47.676686],[8.428705,47.677095],[8.42853,47.677226],[8.427917,47.677733],[8.427793,47.67783],[8.426949,47.67787],[8.426625,47.677968],[8.426249,47.678186],[8.425674,47.6785],[8.425273,47.678741],[8.425366,47.679101],[8.425277,47.67934],[8.424946,47.679619],[8.424718,47.679518],[8.42395,47.679138],[8.422932,47.678626],[8.422767,47.678563],[8.422568,47.678521],[8.42247,47.678581],[8.422639,47.678836],[8.422711,47.679233],[8.422778,47.679687],[8.422768,47.679741],[8.42286,47.680482],[8.422867,47.680689],[8.422861,47.680995],[8.4228,47.681147],[8.42268,47.681368],[8.422613,47.681545],[8.422586,47.681711],[8.422613,47.681754],[8.42249,47.681833],[8.422283,47.682003],[8.422127,47.682194],[8.42207,47.682317],[8.422072,47.682451],[8.422152,47.682572],[8.422325,47.682743],[8.422367,47.682839],[8.422356,47.682919],[8.422295,47.682995],[8.421842,47.683418],[8.421669,47.683521],[8.421415,47.683629],[8.420887,47.683757],[8.420724,47.683841],[8.42079,47.68387],[8.421535,47.683732],[8.422331,47.683692],[8.423302,47.683853],[8.424121,47.684024],[8.424889,47.684193],[8.426195,47.684559],[8.427886,47.684797],[8.427935,47.684713],[8.428056,47.684736],[8.428487,47.684779],[8.429198,47.684833],[8.429547,47.684874],[8.42977,47.684917],[8.429935,47.684971],[8.431007,47.685525],[8.431181,47.685644],[8.431372,47.685837],[8.431526,47.686071],[8.43182,47.686313],[8.431971,47.686401],[8.432323,47.686587],[8.433597,47.687143],[8.434207,47.687443],[8.434211,47.687387],[8.434698,47.687033],[8.435146,47.686714],[8.4358,47.686231],[8.436387,47.685284],[8.436478,47.685256],[8.436564,47.68529],[8.437467,47.686582],[8.437742,47.68692],[8.438324,47.687545],[8.438456,47.687662],[8.438504,47.687635],[8.439589,47.687126],[8.439855,47.687398],[8.440112,47.687625],[8.441034,47.687042],[8.441209,47.687192],[8.441282,47.687212],[8.441387,47.687197],[8.441871,47.687394],[8.442004,47.687456],[8.442155,47.687545],[8.442629,47.68787],[8.442594,47.687898],[8.442704,47.687979],[8.442769,47.68798],[8.442822,47.687947],[8.442908,47.687975],[8.443003,47.687974],[8.443187,47.687948],[8.44339,47.687938],[8.443586,47.687952],[8.443777,47.687993],[8.443957,47.688052],[8.444623,47.688345],[8.444671,47.688302],[8.444732,47.688285],[8.444589,47.688105],[8.444394,47.687902],[8.444885,47.687571],[8.445723,47.688173],[8.445819,47.688223],[8.446091,47.688285],[8.446158,47.688279],[8.445832,47.687939],[8.445176,47.687146],[8.4457,47.686772],[8.445834,47.686776],[8.446029,47.68681],[8.446588,47.686828],[8.446791,47.686854],[8.446986,47.686903],[8.447168,47.68697],[8.447495,47.687109],[8.447619,47.6871],[8.44883,47.686492],[8.449413,47.686957],[8.449574,47.687055],[8.449754,47.687133],[8.451236,47.686268],[8.450378,47.685604],[8.449539,47.684928],[8.452736,47.682695],[8.452747,47.682611],[8.452858,47.682552],[8.453489,47.682071],[8.455241,47.680753],[8.455785,47.68035],[8.456151,47.680078],[8.456389,47.679901],[8.456811,47.679588],[8.456795,47.679507],[8.458649,47.680196],[8.460616,47.680841],[8.460749,47.68088],[8.463066,47.681477],[8.463137,47.681525],[8.46322,47.681521],[8.463164,47.681654],[8.462384,47.682553],[8.462221,47.682881],[8.462306,47.682894],[8.462461,47.682786],[8.462613,47.682694],[8.462995,47.682614],[8.463052,47.682718],[8.463192,47.682669],[8.463725,47.682588],[8.464406,47.682509],[8.465149,47.682413],[8.465354,47.682331],[8.4655,47.682253],[8.465566,47.682191],[8.465646,47.682057],[8.465674,47.681971],[8.46565,47.681762],[8.466598,47.681002],[8.467,47.68068],[8.46712,47.680667],[8.468616,47.68129],[8.469459,47.680419],[8.46953,47.680411],[8.469765,47.680528],[8.470678,47.680952],[8.470795,47.680872],[8.470797,47.680806],[8.471123,47.680396],[8.471247,47.680273],[8.471414,47.68018],[8.471611,47.680123],[8.474989,47.679503],[8.475228,47.679444],[8.475463,47.679377],[8.476284,47.679096],[8.476263,47.679048],[8.476407,47.678475],[8.476504,47.678087],[8.476501,47.677458],[8.477756,47.677456],[8.477757,47.677407],[8.479102,47.677419],[8.479531,47.677263],[8.479836,47.677021],[8.479856,47.676667],[8.479484,47.676235],[8.47889,47.675283],[8.478792,47.674934],[8.47882,47.674823],[8.479309,47.674444],[8.481155,47.674669],[8.481174,47.674602],[8.481537,47.674658],[8.482945,47.67492],[8.483789,47.675059],[8.484636,47.675178],[8.485919,47.675463],[8.486584,47.675371],[8.487018,47.675304],[8.487514,47.674851],[8.487916,47.673892],[8.488918,47.672918],[8.48968,47.672647],[8.490971,47.672688],[8.492073,47.672645],[8.493012,47.672411],[8.492435,47.671663],[8.492063,47.671235],[8.49169,47.670987],[8.490709,47.670554],[8.490258,47.670288],[8.490693,47.669944],[8.491495,47.669709],[8.492347,47.668961],[8.493524,47.667774],[8.494289,47.667364],[8.494943,47.667014],[8.495679,47.666924],[8.496743,47.666972],[8.497332,47.666862],[8.498589,47.666762],[8.499627,47.666743],[8.501037,47.666845],[8.502376,47.666886],[8.503302,47.66697],[8.504092,47.667023],[8.504538,47.667127],[8.505248,47.667148],[8.506194,47.667212],[8.507945,47.667492],[8.508478,47.667605],[8.50895,47.667687],[8.50937,47.667989],[8.509998,47.668707],[8.510873,47.669218],[8.511189,47.669071],[8.511424,47.668962],[8.512544,47.668442],[8.512623,47.668147],[8.512776,47.668055],[8.512989,47.668011],[8.513573,47.668025],[8.513939,47.668131],[8.514335,47.668258],[8.5145,47.668409],[8.515567,47.668779],[8.515883,47.668911],[8.516187,47.669046],[8.51643,47.669111],[8.516808,47.66918],[8.517635,47.669358],[8.517731,47.669102],[8.518033,47.668299],[8.518394,47.667773],[8.519878,47.667428],[8.521366,47.667141],[8.522023,47.66696],[8.522907,47.666882],[8.524,47.666564],[8.524756,47.666345],[8.524289,47.666114],[8.522781,47.665383],[8.522664,47.664529],[8.522646,47.664159],[8.522822,47.663734],[8.523148,47.663372],[8.523365,47.662715],[8.524095,47.661163],[8.524043,47.660642],[8.524291,47.660334],[8.524723,47.660173],[8.52554,47.660145],[8.52632,47.660426],[8.526943,47.660455],[8.527295,47.659653],[8.527643,47.658877],[8.528017,47.658022],[8.529097,47.657707],[8.530031,47.657037],[8.529421,47.656337],[8.529015,47.655491],[8.529128,47.655011],[8.530145,47.654077],[8.530876,47.653798],[8.531672,47.652694],[8.531608,47.652295],[8.531861,47.652005],[8.533037,47.651404],[8.533506,47.650983],[8.533452,47.650503],[8.533779,47.650103],[8.534622,47.649694],[8.533697,47.649207],[8.533343,47.648518],[8.533397,47.64787],[8.533113,47.647579],[8.532954,47.64713],[8.532403,47.646649],[8.532287,47.646478],[8.531793,47.645748],[8.52984,47.645937],[8.528452,47.645678],[8.526589,47.645329],[8.525216,47.645148],[8.523629,47.644938],[8.522973,47.644853],[8.521945,47.644976],[8.520478,47.645333],[8.518908,47.645814],[8.517737,47.646221],[8.517163,47.646466],[8.515813,47.646908],[8.513902,47.647387],[8.51332,47.647496],[8.512963,47.647479],[8.512443,47.647491],[8.511807,47.647433],[8.51134,47.647368],[8.511046,47.64729],[8.510806,47.646964],[8.510204,47.647183],[8.509023,47.646687],[8.508248,47.646811],[8.506891,47.646889],[8.505797,47.647031],[8.504623,47.647154],[8.503169,47.647319],[8.50185,47.64736],[8.500729,47.647373],[8.499974,47.647313],[8.499555,47.647252],[8.499749,47.64684],[8.500187,47.64621],[8.499708,47.646345],[8.499164,47.646407],[8.49853,47.646431],[8.497889,47.646444],[8.497258,47.646462],[8.496571,47.646467],[8.495693,47.646512],[8.495045,47.646589],[8.494299,47.646688],[8.494029,47.646642],[8.493759,47.64673],[8.49333,47.646947],[8.493645,47.646154],[8.493725,47.64564],[8.4938,47.645041],[8.493827,47.644371],[8.493793,47.643654],[8.493999,47.6431],[8.493686,47.643024],[8.493971,47.642506],[8.494355,47.642069],[8.493353,47.642081],[8.492401,47.642093],[8.491691,47.642948],[8.490538,47.642377],[8.490409,47.642398],[8.489597,47.64253],[8.489813,47.642863],[8.489525,47.643212],[8.488778,47.644364],[8.488045,47.644788],[8.487423,47.645069],[8.486163,47.644395],[8.485191,47.643917],[8.48437,47.643989],[8.483288,47.643987],[8.482805,47.644095],[8.482481,47.644499],[8.482292,47.644849],[8.481861,47.645306],[8.481466,47.645613],[8.481402,47.646195],[8.481949,47.646578],[8.482196,47.647073],[8.482204,47.647441],[8.48123,47.647785],[8.48064,47.648362],[8.480451,47.648876],[8.480396,47.649238],[8.479063,47.649558],[8.477684,47.649834],[8.476425,47.650102],[8.474963,47.649903],[8.473723,47.649686],[8.47302,47.649111],[8.473076,47.648274],[8.473402,47.647341],[8.47391,47.64697],[8.475122,47.646695],[8.476263,47.646563],[8.477417,47.645973],[8.477658,47.645393],[8.477848,47.644935],[8.477717,47.644655],[8.476248,47.644002],[8.475135,47.643468],[8.474804,47.643274],[8.473615,47.642947],[8.472673,47.642751],[8.471553,47.642664],[8.471038,47.642352],[8.471152,47.641887],[8.471923,47.641148],[8.472702,47.640867],[8.473999,47.641016],[8.475149,47.640997],[8.475843,47.640549],[8.477175,47.640178],[8.478049,47.639767],[8.476889,47.639502],[8.475721,47.639476],[8.474139,47.6393],[8.473503,47.638405],[8.472181,47.638582],[8.470905,47.638976],[8.470003,47.639316],[8.469287,47.63986],[8.468526,47.640537],[8.46794,47.640915],[8.467111,47.641541],[8.466517,47.642426],[8.466267,47.643],[8.466021,47.644],[8.465319,47.64497],[8.465159,47.645555],[8.464908,47.646613],[8.464277,47.647608],[8.463729,47.648464],[8.464083,47.649322],[8.464425,47.650142],[8.465189,47.651453],[8.465991,47.652906],[8.466376,47.653954],[8.46676,47.654995],[8.467139,47.65603],[8.466985,47.65628],[8.465972,47.657248],[8.465756,47.656851],[8.465522,47.656568],[8.464347,47.655732],[8.463645,47.656315],[8.462419,47.6556],[8.461338,47.654722],[8.459966,47.653708],[8.45947,47.653845],[8.458078,47.653222],[8.458229,47.652994],[8.457289,47.652736],[8.456967,47.653089],[8.454777,47.654155],[8.453667,47.65477],[8.452131,47.654765],[8.450534,47.655005],[8.448974,47.654694]]]]}}]}