{"type":"FeatureCollection","features":[{"type":"Feature","properties":{"einwohner":24,"laut65":false,"initiative":true,"gegenvorschlag":false},"geometry":{"type":"Polygon","coordinates":[[[8.72041,47.70674],[8.72043,47.70764],[8.7191,47.70765],[8.71908,47.70675],[8.72041,47.70674]]]}},{"type":"Feature","properties":{"einwohner":3,"laut65":false,"initiative":true,"gegenvorschlag":true},"geometry":{"type":"Polygon","coordinates":[[[8.46403,47.6787],[8.46405,47.6796],[8.46271,47.67961],[8.4627,47.67871],[8.46403,47.6787]]]}},{"type":"Feature","properties":{"einwohner":44,"laut65":false,"initiative":true,"gegenvorschlag":false},"geometry":{"type":"Polygon","coordinates":[[[8.4854,47.74956],[8.48542,47.75046],[8.48409,47.75048],[8.48407,47.74958],[8.4854,47.74956]]]}},{"type":"Feature","properties":{"einwohner":58,"laut65":true,"initiative":true,"gegenvorschlag":false},"geometry":{"type":"Polygon","coordinates":[[[8.62849,47.70772],[8.62851,47.70861],[8.62718,47.70863],[8.62716,47.70773],[8.62849,47.70772]]]}},{"type":"Feature","properties":{"einwohner":3,"laut65":false,"initiative":false,"gegenvorschlag":true},"geometry":{"type":"Polygon","coordinates":[[[8.60115,47.67651],[8.60117,47.67741],[8.59984,47.67742],[8.59982,47.67653],[8.60115,47.67651]]]}},{"type":"Feature","properties":{"einwohner":35,"laut65":true,"initiative":true,"gegenvorschlag":true},"geometry":{"type":"Polygon","coordinates":[[[8.66344,47.72084],[8.66346,47.72174],[8.66213,47.72176],[8.66211,47.72086],[8.66344,47.72084]]]}},{"type":"Feature","properties":{"einwohner":18,"laut65":true,"initiative":true,"gegenvorschlag":true},"geometry":{"type":"Polygon","coordinates":[[[8.82177,47.71007],[8.8218,47.71097],[8.82047,47.71099],[8.82044,47.71009],[8.82177,47.71007]]]}},{"type":"Feature","properties":{"einwohner":4,"laut65":false,"initiative":true,"gegenvorschlag":true},"geometry":{"type":"Polygon","coordinates":[[[8.67684,47.78096],[8.67686,47.78186],[8.67553,47.78188],[8.67551,47.78098],[8.67684,47.78096]]]}},{"type":"Feature","properties":{"einwohner":21,"laut65":false,"initiative":true,"gegenvorschlag":true},"geometry":{"type":"Polygon","coordinates":[[[8.65136,47.71737],[8.65139,47.71827],[8.65005,47.71829],[8.65003,47.71739],[8.65136,47.71737]]]}},{"type":"Feature","properties":{"einwohner":39,"laut65":false,"initiative":true,"gegenvorschlag":false},"geometry":{"type":"Polygon","coordinates":[[[8.62841,47.70412],[8.62843,47.70502],[8.6271,47.70503],[8.62708,47.70413],[8.62841,47.70412]]]}},{"type":"Feature","properties":{"einwohner":14,"laut65":true,"initiative":true,"gegenvorschlag":true},"geometry":{"type":"Polygon","coordinates":[[[8.82168,47.70648],[8.8217,47.70738],[8.82037,47.70739],[8.82035,47.70649],[8.82168,47.70648]]]}},{"type":"Feature","properties":{"einwohner":3,"laut65":false,"initiative":true,"gegenvorschlag":true},"geometry":{"type":"Polygon","coordinates":[[[8.66336,47.71725],[8.66338,47.71815],[8.66204,47.71816],[8.66202,47.71726],[8.66336,47.71725]]]}},{"type":"Feature","properties":{"einwohner":15,"laut65":false,"initiative":true,"gegenvorschlag":true},"geometry":{"type":"Polygon","coordinates":[[[8.60972,47.76277],[8.60974,47.76367],[8.60841,47.76368],[8.60839,47.76278],[8.60972,47.76277]]]}},{"type":"Feature","properties":{"einwohner":49,"laut65":false,"initiative":true,"gegenvorschlag":false},"geometry":{"type":"Polygon","coordinates":[[[8.62457,47.71135],[8.62459,47.71225],[8.62326,47.71227],[8.62324,47.71137],[8.62457,47.71135]]]}},{"type":"Feature","properties":{"einwohner":12,"laut65":false,"initiative":true,"gegenvorschlag":false},"geometry":{"type":"Polygon","coordinates":[[[8.83548,47.67393],[8.8355,47.67483],[8.83417,47.67485],[8.83415,47.67395],[8.83548,47.67393]]]}},{"type":"Feature","properties":{"einwohner":23,"laut65":true,"initiative":true,"gegenvorschlag":true},"geometry":{"type":"Polygon","coordinates":[[[8.63216,47.69329],[8.63218,47.69419],[8.63085,47.6942],[8.63083,47.6933],[8.63216,47.69329]]]}},{"type":"Feature","properties":{"einwohner":102,"laut65":false,"initiative":true,"gegenvorschlag":true},"geometry":{"type":"Polygon","coordinates":[[[8.60922,47.68003],[8.60924,47.68093],[8.60791,47.68094],[8.60789,47.68004],[8.60922,47.68003]]]}},{"type":"Feature","properties":{"einwohner":7,"laut65":false,"initiative":true,"gegenvorschlag":false},"geometry":{"type":"Polygon","coordinates":[[[8.47915,47.70285],[8.47917,47.70375],[8.47784,47.70376],[8.47782,47.70286],[8.47915,47.70285]]]}},{"type":"Feature","properties":{"einwohner":10,"laut65":true,"initiative":true,"gegenvorschlag":true},"geometry":{"type":"Polygon","coordinates":[[[8.50151,47.68826],[8.50153,47.68916],[8.5002,47.68917],[8.50018,47.68827],[8.50151,47.68826]]]}},{"type":"Feature","properties":{"einwohner":11,"laut65":false,"initiative":false,"gegenvorschlag":true},"geometry":{"type":"Polygon","coordinates":[[[8.46566,47.69398],[8.46567,47.69488],[8.46434,47.69489],[8.46432,47.69399],[8.46566,47.69398]]]}},{"type":"Feature","properties":{"einwohner":15,"laut65":false,"initiative":true,"gegenvorschlag":false},"geometry":{"type":"Polygon","coordinates":[[[8.48268,47.74689],[8.4827,47.74779],[8.48137,47.7478],[8.48135,47.7469],[8.48268,47.74689]]]}},{"type":"Feature","properties":{"einwohner":44,"laut65":true,"initiative":true,"gegenvorschlag":true},"geometry":{"type":"Polygon","coordinates":[[[8.58425,47.69557],[8.58427,47.69647],[8.58294,47.69648],[8.58292,47.69558],[8.58425,47.69557]]]}},{"type":"Feature","properties":{"einwohner":3,"laut65":true,"initiative":true,"gegenvorschlag":true},"geometry":{"type":"Polygon","coordinates":[[[8.63775,47.70492],[8.63777,47.70582],[8.63644,47.70583],[8.63642,47.70494],[8.63775,47.70492]]]}},{"type":"Feature","properties":{"einwohner":11,"laut65":false,"initiative":true,"gegenvorschlag":true},"geometry":{"type":"Polygon","coordinates":[[[8.67667,47.77377],[8.67669,47.77467],[8.67536,47.77468],[8.67534,47.77378],[8.67667,47.77377]]]}},{"type":"Feature","properties":{"einwohner":13,"laut65":false,"initiative":true,"gegenvorschlag":false},"geometry":{"type":"Polygon","coordinates":[[[8.56567,47.57343],[8.56569,47.57433],[8.56436,47.57434],[8.56434,47.57344],[8.56567,47.57343]]]}},{"type":"Feature","properties":{"einwohner":41,"laut65":true,"initiative":true,"gegenvorschlag":true},"geometry":{"type":"Polygon","coordinates":[[[8.85763,47.65567],[8.85765,47.65657],[8.85632,47.65659],[8.8563,47.65569],[8.85763,47.65567]]]}},{"type":"Feature","properties":{"einwohner":8,"laut65":false,"initiative":true,"gegenvorschlag":true},"geometry":{"type":"Polygon","coordinates":[[[8.87234,47.65819],[8.87237,47.65909],[8.87104,47.65911],[8.87101,47.65821],[8.87234,47.65819]]]}},{"type":"Feature","properties":{"einwohner":6,"laut65":false,"initiative":true,"gegenvorschlag":true},"geometry":{"type":"Polygon","coordinates":[[[8.63767,47.70133],[8.63769,47.70222],[8.63636,47.70224],[8.63634,47.70134],[8.63767,47.70133]]]}},{"type":"Feature","properties":{"einwohner":87,"laut65":false,"initiative":true,"gegenvorschlag":true},"geometry":{"type":"Polygon","coordinates":[[[8.6364,47.70404],[8.63642,47.70494],[8.63509,47.70495],[8.63507,47.70405],[8.6364,47.70404]]]}},{"type":"Feature","properties":{"einwohner":8,"laut65":false,"initiative":true,"gegenvorschlag":false},"geometry":{"type":"Polygon","coordinates":[[[8.59036,47.73148],[8.59038,47.73238],[8.58905,47.7324],[8.58903,47.7315],[8.59036,47.73148]]]}},{"type":"Feature","properties":{"einwohner":23,"laut65":false,"initiative":true,"gegenvorschlag":false},"geometry":{"type":"Polygon","coordinates":[[[8.6536,47.75692],[8.65363,47.75782],[8.65229,47.75784],[8.65227,47.75694],[8.6536,47.75692]]]}},{"type":"Feature","properties":{"einwohner":4,"laut65":false,"initiative":true,"gegenvorschlag":true},"geometry":{"type":"Polygon","coordinates":[[[8.66496,47.72892],[8.66498,47.72982],[8.66365,47.72984],[8.66363,47.72894],[8.66496,47.72892]]]}},{"type":"Feature","properties":{"einwohner":197,"laut65":true,"initiative":true,"gegenvorschlag":true},"geometry":{"type":"Polygon","coordinates":[[[8.61993,47.68262],[8.61995,47.68352],[8.61862,47.68353],[8.6186,47.68263],[8.61993,47.68262]]]}},{"type":"Feature","properties":{"einwohner":3,"laut65":false,"initiative":true,"gegenvorschlag":true},"geometry":{"type":"Polygon","coordinates":[[[8.47868,47.74693],[8.4787,47.74783],[8.47737,47.74784],[8.47735,47.74694],[8.47868,47.74693]]]}},{"type":"Feature","properties":{"einwohner":3,"laut65":false,"initiative":false,"gegenvorschlag":true},"geometry":{"type":"Polygon","coordinates":[[[8.43443,47.66277],[8.43445,47.66367],[8.43312,47.66368],[8.4331,47.66278],[8.43443,47.66277]]]}},{"type":"Feature","properties":{"einwohner":8,"laut65":false,"initiative":false,"gegenvorschlag":true},"geometry":{"type":"Polygon","coordinates":[[[8.87099,47.65731],[8.87101,47.65821],[8.86968,47.65822],[8.86966,47.65732],[8.87099,47.65731]]]}},{"type":"Feature","properties":{"einwohner":12,"laut65":true,"initiative":true,"gegenvorschlag":true},"geometry":{"type":"Polygon","coordinates":[[[8.63632,47.70044],[8.63634,47.70134],[8.63501,47.70135],[8.63499,47.70045],[8.63632,47.70044]]]}},{"type":"Feature","properties":{"einwohner":23,"laut65":false,"initiative":true,"gegenvorschlag":true},"geometry":{"type":"Polygon","coordinates":[[[8.66488,47.72533],[8.6649,47.72622],[8.66356,47.72624],[8.66354,47.72534],[8.66488,47.72533]]]}},{"type":"Feature","properties":{"einwohner":7,"laut65":false,"initiative":true,"gegenvorschlag":false},"geometry":{"type":"Polygon","coordinates":[[[8.47861,47.74333],[8.47863,47.74423],[8.4773,47.74424],[8.47728,47.74334],[8.47861,47.74333]]]}},{"type":"Feature","properties":{"einwohner":20,"laut65":false,"initiative":false,"gegenvorschlag":true},"geometry":{"type":"Polygon","coordinates":[[[8.86835,47.65824],[8.86837,47.65914],[8.86704,47.65916],[8.86702,47.65826],[8.86835,47.65824]]]}},{"type":"Feature","properties":{"einwohner":25,"laut65":false,"initiative":true,"gegenvorschlag":true},"geometry":{"type":"Polygon","coordinates":[[[8.46538,47.67959],[8.46539,47.68049],[8.46406,47.6805],[8.46405,47.6796],[8.46538,47.67959]]]}},{"type":"Feature","properties":{"einwohner":33,"laut65":false,"initiative":false,"gegenvorschlag":true},"geometry":{"type":"Polygon","coordinates":[[[8.60251,47.6774],[8.60253,47.6783],[8.60119,47.67831],[8.60117,47.67741],[8.60251,47.6774]]]}},{"type":"Feature","properties":{"einwohner":25,"laut65":false,"initiative":true,"gegenvorschlag":false},"geometry":{"type":"Polygon","coordinates":[[[8.53642,47.76618],[8.53644,47.76708],[8.53511,47.76709],[8.53509,47.7662],[8.53642,47.76618]]]}},{"type":"Feature","properties":{"einwohner":12,"laut65":false,"initiative":true,"gegenvorschlag":true},"geometry":{"type":"Polygon","coordinates":[[[8.6782,47.78185],[8.67822,47.78275],[8.67688,47.78276],[8.67686,47.78186],[8.6782,47.78185]]]}},{"type":"Feature","properties":{"einwohner":76,"laut65":true,"initiative":true,"gegenvorschlag":true},"geometry":{"type":"Polygon","coordinates":[[[8.61594,47.68266],[8.61596,47.68356],[8.61463,47.68357],[8.61461,47.68267],[8.61594,47.68266]]]}},{"type":"Feature","properties":{"einwohner":9,"laut65":false,"initiative":false,"gegenvorschlag":true},"geometry":{"type":"Polygon","coordinates":[[[8.46802,47.67867],[8.46804,47.67957],[8.46671,47.67958],[8.46669,47.67868],[8.46802,47.67867]]]}},{"type":"Feature","properties":{"einwohner":24,"laut65":true,"initiative":true,"gegenvorschlag":true},"geometry":{"type":"Polygon","coordinates":[[[8.57626,47.69565],[8.57628,47.69655],[8.57495,47.69656],[8.57493,47.69566],[8.57626,47.69565]]]}},{"type":"Feature","properties":{"einwohner":8,"laut65":false,"initiative":true,"gegenvorschlag":true},"geometry":{"type":"Polygon","coordinates":[[[8.68195,47.77101],[8.68197,47.77191],[8.68063,47.77193],[8.68061,47.77103],[8.68195,47.77101]]]}},{"type":"Feature","properties":{"einwohner":39,"laut65":false,"initiative":true,"gegenvorschlag":false},"geometry":{"type":"Polygon","coordinates":[[[8.70684,47.75186],[8.70686,47.75276],[8.70552,47.75277],[8.7055,47.75187],[8.70684,47.75186]]]}},{"type":"Feature","properties":{"einwohner":44,"laut65":false,"initiative":true,"gegenvorschlag":true},"geometry":{"type":"Polygon","coordinates":[[[8.61099,47.76006],[8.61101,47.76096],[8.60968,47.76097],[8.60966,47.76007],[8.61099,47.76006]]]}},{"type":"Feature","properties":{"einwohner":47,"laut65":true,"initiative":true,"gegenvorschlag":true},"geometry":{"type":"Polygon","coordinates":[[[8.5856,47.69645],[8.58562,47.69735],[8.58429,47.69737],[8.58427,47.69647],[8.5856,47.69645]]]}},{"type":"Feature","properties":{"einwohner":44,"laut65":true,"initiative":true,"gegenvorschlag":false},"geometry":{"type":"Polygon","coordinates":[[[8.70675,47.74826],[8.70677,47.74916],[8.70544,47.74918],[8.70542,47.74828],[8.70675,47.74826]]]}},{"type":"Feature","properties":{"einwohner":6,"laut65":false,"initiative":true,"gegenvorschlag":false},"geometry":{"type":"Polygon","coordinates":[[[8.56702,47.57431],[8.56704,47.57521],[8.56571,47.57522],[8.56569,47.57433],[8.56702,47.57431]]]}},{"type":"Feature","properties":{"einwohner":16,"laut65":false,"initiative":true,"gegenvorschlag":true},"geometry":{"type":"Polygon","coordinates":[[[8.46517,47.6688],[8.46519,47.6697],[8.46385,47.66971],[8.46384,47.66881],[8.46517,47.6688]]]}},{"type":"Feature","properties":{"einwohner":34,"laut65":false,"initiative":true,"gegenvorschlag":false},"geometry":{"type":"Polygon","coordinates":[[[8.6296,47.69781],[8.62962,47.69871],[8.62829,47.69872],[8.62827,47.69782],[8.6296,47.69781]]]}},{"type":"Feature","properties":{"einwohner":8,"laut65":false,"initiative":true,"gegenvorschlag":false},"geometry":{"type":"Polygon","coordinates":[[[8.61942,47.7195],[8.61945,47.7204],[8.61811,47.72041],[8.61809,47.71951],[8.61942,47.7195]]]}},{"type":"Feature","properties":{"einwohner":24,"laut65":false,"initiative":true,"gegenvorschlag":true},"geometry":{"type":"Polygon","coordinates":[[[8.61091,47.75646],[8.61093,47.75736],[8.6096,47.75737],[8.60958,47.75648],[8.61091,47.75646]]]}},{"type":"Feature","properties":{"einwohner":17,"laut65":false,"initiative":true,"gegenvorschlag":true},"geometry":{"type":"Polygon","coordinates":[[[8.64872,47.7183],[8.64874,47.7192],[8.64741,47.71921],[8.64739,47.71831],[8.64872,47.7183]]]}},{"type":"Feature","properties":{"einwohner":25,"laut65":false,"initiative":true,"gegenvorschlag":false},"geometry":{"type":"Polygon","coordinates":[[[8.65496,47.75781],[8.65498,47.75871],[8.65365,47.75872],[8.65363,47.75782],[8.65496,47.75781]]]}},{"type":"Feature","properties":{"einwohner":19,"laut65":false,"initiative":true,"gegenvorschlag":false},"geometry":{"type":"Polygon","coordinates":[[[8.5032,47.70623],[8.50322,47.70713],[8.50189,47.70714],[8.50187,47.70624],[8.5032,47.70623]]]}},{"type":"Feature","properties":{"einwohner":28,"laut65":true,"initiative":true,"gegenvorschlag":true},"geometry":{"type":"Polygon","coordinates":[[[8.58161,47.69649],[8.58163,47.69739],[8.5803,47.69741],[8.58028,47.69651],[8.58161,47.69649]]]}},{"type":"Feature","properties":{"einwohner":12,"laut65":false,"initiative":true,"gegenvorschlag":false},"geometry":{"type":"Polygon","coordinates":[[[8.66961,47.75676],[8.66963,47.75765],[8.66829,47.75767],[8.66827,47.75677],[8.66961,47.75676]]]}},{"type":"Feature","properties":{"einwohner":120,"laut65":true,"initiative":true,"gegenvorschlag":true},"geometry":{"type":"Polygon","coordinates":[[[8.63886,47.69502],[8.63888,47.69592],[8.63755,47.69593],[8.63753,47.69503],[8.63886,47.69502]]]}},{"type":"Feature","properties":{"einwohner":37,"laut65":true,"initiative":true,"gegenvorschlag":true},"geometry":{"type":"Polygon","coordinates":[[[8.5484,47.70131],[8.54842,47.70221],[8.54709,47.70222],[8.54707,47.70133],[8.5484,47.70131]]]}},{"type":"Feature","properties":{"einwohner":70,"laut65":false,"initiative":true,"gegenvorschlag":false},"geometry":{"type":"Polygon","coordinates":[[[8.66952,47.75316],[8.66954,47.75406],[8.66821,47.75407],[8.66819,47.75317],[8.66952,47.75316]]]}},{"type":"Feature","properties":{"einwohner":186,"laut65":true,"initiative":true,"gegenvorschlag":false},"geometry":{"type":"Polygon","coordinates":[[[8.61856,47.68083],[8.61858,47.68173],[8.61725,47.68175],[8.61723,47.68085],[8.61856,47.68083]]]}},{"type":"Feature","properties":{"einwohner":15,"laut65":false,"initiative":true,"gegenvorschlag":true},"geometry":{"type":"Polygon","coordinates":[[[8.61305,47.79242],[8.61307,47.79332],[8.61173,47.79333],[8.61171,47.79243],[8.61305,47.79242]]]}},{"type":"Feature","properties":{"einwohner":9,"laut65":false,"initiative":true,"gegenvorschlag":false},"geometry":{"type":"Polygon","coordinates":[[[8.56322,47.58334],[8.56324,47.58424],[8.56191,47.58426],[8.56189,47.58336],[8.56322,47.58334]]]}},{"type":"Feature","properties":{"einwohner":7,"laut65":false,"initiative":true,"gegenvorschlag":false},"geometry":{"type":"Polygon","coordinates":[[[8.69619,47.75287],[8.69621,47.75377],[8.69488,47.75379],[8.69486,47.75289],[8.69619,47.75287]]]}},{"type":"Feature","properties":{"einwohner":8,"laut65":false,"initiative":true,"gegenvorschlag":false},"geometry":{"type":"Polygon","coordinates":[[[8.70819,47.75274],[8.70821,47.75364],[8.70688,47.75366],[8.70686,47.75276],[8.70819,47.75274]]]}},{"type":"Feature","properties":{"einwohner":30,"laut65":false,"initiative":true,"gegenvorschlag":true},"geometry":{"type":"Polygon","coordinates":[[[8.52333,47.71324],[8.52335,47.71414],[8.52202,47.71415],[8.522,47.71325],[8.52333,47.71324]]]}},{"type":"Feature","properties":{"einwohner":5,"laut65":false,"initiative":true,"gegenvorschlag":false},"geometry":{"type":"Polygon","coordinates":[[[8.50041,47.69996],[8.50043,47.70086],[8.4991,47.70087],[8.49908,47.69997],[8.50041,47.69996]]]}},{"type":"Feature","properties":{"einwohner":71,"laut65":false,"initiative":true,"gegenvorschlag":false},"geometry":{"type":"Polygon","coordinates":[[[8.61721,47.67995],[8.61723,47.68085],[8.6159,47.68086],[8.61588,47.67996],[8.61721,47.67995]]]}},{"type":"Feature","properties":{"einwohner":37,"laut65":false,"initiative":false,"gegenvorschlag":true},"geometry":{"type":"Polygon","coordinates":[[[8.807,47.70575],[8.80703,47.70665],[8.80569,47.70667],[8.80567,47.70577],[8.807,47.70575]]]}},{"type":"Feature","properties":{"einwohner":119,"laut65":false,"initiative":true,"gegenvorschlag":true},"geometry":{"type":"Polygon","coordinates":[[[8.86041,47.66014],[8.86044,47.66104],[8.85911,47.66105],[8.85908,47.66015],[8.86041,47.66014]]]}},{"type":"Feature","properties":{"einwohner":14,"laut65":true,"initiative":true,"gegenvorschlag":true},"geometry":{"type":"Polygon","coordinates":[[[8.5564,47.70124],[8.55642,47.70213],[8.55508,47.70215],[8.55506,47.70125],[8.5564,47.70124]]]}},{"type":"Feature","properties":{"einwohner":77,"laut65":false,"initiative":false,"gegenvorschlag":true},"geometry":{"type":"Polygon","coordinates":[[[8.49213,47.68565],[8.49215,47.68655],[8.49082,47.68656],[8.4908,47.68566],[8.49213,47.68565]]]}},{"type":"Feature","properties":{"einwohner":141,"laut65":false,"initiative":true,"gegenvorschlag":true},"geometry":{"type":"Polygon","coordinates":[[[8.62272,47.68799],[8.62274,47.68889],[8.62141,47.6889],[8.62139,47.688],[8.62272,47.68799]]]}},{"type":"Feature","properties":{"einwohner":27,"laut65":false,"initiative":false,"gegenvorschlag":true},"geometry":{"type":"Polygon","coordinates":[[[8.6793,47.77194],[8.67932,47.77284],[8.67799,47.77286],[8.67797,47.77196],[8.6793,47.77194]]]}},{"type":"Feature","properties":{"einwohner":15,"laut65":false,"initiative":true,"gegenvorschlag":false},"geometry":{"type":"Polygon","coordinates":[[[8.6639,47.74063],[8.66392,47.74153],[8.66259,47.74154],[8.66256,47.74064],[8.6639,47.74063]]]}},{"type":"Feature","properties":{"einwohner":135,"laut65":false,"initiative":true,"gegenvorschlag":false},"geometry":{"type":"Polygon","coordinates":[[[8.6207,47.71679],[8.62072,47.71769],[8.61938,47.7177],[8.61936,47.7168],[8.6207,47.71679]]]}},{"type":"Feature","properties":{"einwohner":3,"laut65":false,"initiative":true,"gegenvorschlag":false},"geometry":{"type":"Polygon","coordinates":[[[8.83163,47.67937],[8.83165,47.68027],[8.83032,47.68029],[8.8303,47.67939],[8.83163,47.67937]]]}},{"type":"Feature","properties":{"einwohner":30,"laut65":true,"initiative":true,"gegenvorschlag":true},"geometry":{"type":"Polygon","coordinates":[[[8.5002,47.68917],[8.50021,47.69007],[8.49888,47.69008],[8.49886,47.68918],[8.5002,47.68917]]]}},{"type":"Feature","properties":{"einwohner":17,"laut65":false,"initiative":true,"gegenvorschlag":true},"geometry":{"type":"Polygon","coordinates":[[[8.64175,47.70488],[8.64177,47.70578],[8.64044,47.70579],[8.64042,47.70489],[8.64175,47.70488]]]}},{"type":"Feature","properties":{"einwohner":62,"laut65":false,"initiative":true,"gegenvorschlag":true},"geometry":{"type":"Polygon","coordinates":[[[8.64085,47.72378],[8.64087,47.72468],[8.63954,47.72469],[8.63951,47.72379],[8.64085,47.72378]]]}},{"type":"Feature","properties":{"einwohner":10,"laut65":false,"initiative":true,"gegenvorschlag":true},"geometry":{"type":"Polygon","coordinates":[[[8.46909,47.66517],[8.46911,47.66607],[8.46778,47.66608],[8.46776,47.66518],[8.46909,47.66517]]]}},{"type":"Feature","properties":{"einwohner":23,"laut65":false,"initiative":true,"gegenvorschlag":false},"geometry":{"type":"Polygon","coordinates":[[[8.72454,47.71209],[8.72456,47.71299],[8.72323,47.713],[8.72321,47.7121],[8.72454,47.71209]]]}},{"type":"Feature","properties":{"einwohner":69,"laut65":false,"initiative":true,"gegenvorschlag":true},"geometry":{"type":"Polygon","coordinates":[[[8.85632,47.65659],[8.85635,47.65749],[8.85502,47.6575],[8.85499,47.6566],[8.85632,47.65659]]]}},{"type":"Feature","properties":{"einwohner":10,"laut65":false,"initiative":true,"gegenvorschlag":false},"geometry":{"type":"Polygon","coordinates":[[[8.61678,47.72043],[8.6168,47.72133],[8.61547,47.72134],[8.61545,47.72044],[8.61678,47.72043]]]}},{"type":"Feature","properties":{"einwohner":36,"laut65":false,"initiative":true,"gegenvorschlag":true},"geometry":{"type":"Polygon","coordinates":[[[8.70402,47.74559],[8.70404,47.74649],[8.70271,47.74651],[8.70268,47.74561],[8.70402,47.74559]]]}},{"type":"Feature","properties":{"einwohner":32,"laut65":false,"initiative":true,"gegenvorschlag":false},"geometry":{"type":"Polygon","coordinates":[[[8.58907,47.7333],[8.58909,47.73419],[8.58776,47.73421],[8.58774,47.73331],[8.58907,47.7333]]]}},{"type":"Feature","properties":{"einwohner":3,"laut65":false,"initiative":true,"gegenvorschlag":true},"geometry":{"type":"Polygon","coordinates":[[[8.6382,47.7247],[8.63822,47.7256],[8.63689,47.72562],[8.63687,47.72472],[8.6382,47.7247]]]}},{"type":"Feature","properties":{"einwohner":24,"laut65":true,"initiative":true,"gegenvorschlag":true},"geometry":{"type":"Polygon","coordinates":[[[8.85369,47.65752],[8.85371,47.65842],[8.85238,47.65844],[8.85236,47.65754],[8.85369,47.65752]]]}},{"type":"Feature","properties":{"einwohner":44,"laut65":false,"initiative":true,"gegenvorschlag":true},"geometry":{"type":"Polygon","coordinates":[[[8.64341,47.71925],[8.64343,47.72015],[8.6421,47.72017],[8.64208,47.71927],[8.64341,47.71925]]]}},{"type":"Feature","properties":{"einwohner":47,"laut65":false,"initiative":true,"gegenvorschlag":false},"geometry":{"type":"Polygon","coordinates":[[[8.72181,47.70942],[8.72183,47.71032],[8.7205,47.71033],[8.72048,47.70944],[8.72181,47.70942]]]}},{"type":"Feature","properties":{"einwohner":3,"laut65":false,"initiative":true,"gegenvorschlag":true},"geometry":{"type":"Polygon","coordinates":[[[8.64151,47.69409],[8.64153,47.69499],[8.64019,47.695],[8.64017,47.6941],[8.64151,47.69409]]]}},{"type":"Feature","properties":{"einwohner":3,"laut65":false,"initiative":true,"gegenvorschlag":false},"geometry":{"type":"Polygon","coordinates":[[[8.66223,47.78382],[8.66225,47.78471],[8.66092,47.78473],[8.6609,47.78383],[8.66223,47.78382]]]}},{"type":"Feature","properties":{"einwohner":34,"laut65":false,"initiative":false,"gegenvorschlag":true},"geometry":{"type":"Polygon","coordinates":[[[8.49355,47.69013],[8.49357,47.69103],[8.49224,47.69104],[8.49222,47.69014],[8.49355,47.69013]]]}},{"type":"Feature","properties":{"einwohner":69,"laut65":false,"initiative":true,"gegenvorschlag":true},"geometry":{"type":"Polygon","coordinates":[[[8.4577,47.69585],[8.45772,47.69675],[8.45638,47.69676],[8.45637,47.69586],[8.4577,47.69585]]]}},{"type":"Feature","properties":{"einwohner":60,"laut65":false,"initiative":true,"gegenvorschlag":true},"geometry":{"type":"Polygon","coordinates":[[[8.86177,47.66102],[8.86179,47.66192],[8.86046,47.66193],[8.86044,47.66104],[8.86177,47.66102]]]}},{"type":"Feature","properties":{"einwohner":12,"laut65":false,"initiative":true,"gegenvorschlag":false},"geometry":{"type":"Polygon","coordinates":[[[8.72172,47.70582],[8.72174,47.70672],[8.72041,47.70674],[8.72039,47.70584],[8.72172,47.70582]]]}},{"type":"Feature","properties":{"einwohner":16,"laut65":false,"initiative":true,"gegenvorschlag":true},"geometry":{"type":"Polygon","coordinates":[[[8.60686,47.69354],[8.60688,47.69444],[8.60554,47.69446],[8.60552,47.69356],[8.60686,47.69354]]]}},{"type":"Feature","properties":{"einwohner":3,"laut65":false,"initiative":true,"gegenvorschlag":false},"geometry":{"type":"Polygon","coordinates":[[[8.78599,47.71769],[8.78601,47.71859],[8.78468,47.7186],[8.78465,47.7177],[8.78599,47.71769]]]}},{"type":"Feature","properties":{"einwohner":7,"laut65":false,"initiative":true,"gegenvorschlag":false},"geometry":{"type":"Polygon","coordinates":[[[8.66342,47.77751],[8.66344,47.77841],[8.6621,47.77842],[8.66208,47.77752],[8.66342,47.77751]]]}},{"type":"Feature","properties":{"einwohner":34,"laut65":false,"initiative":false,"gegenvorschlag":true},"geometry":{"type":"Polygon","coordinates":[[[8.49348,47.68653],[8.4935,47.68743],[8.49217,47.68745],[8.49215,47.68655],[8.49348,47.68653]]]}},{"type":"Feature","properties":{"einwohner":15,"laut65":false,"initiative":true,"gegenvorschlag":true},"geometry":{"type":"Polygon","coordinates":[[[8.45763,47.69225],[8.45765,47.69315],[8.45631,47.69316],[8.4563,47.69226],[8.45763,47.69225]]]}},{"type":"Feature","properties":{"einwohner":12,"laut65":false,"initiative":true,"gegenvorschlag":false},"geometry":{"type":"Polygon","coordinates":[[[8.72036,47.7598],[8.72039,47.7607],[8.71905,47.76072],[8.71903,47.75982],[8.72036,47.7598]]]}},{"type":"Feature","properties":{"einwohner":37,"laut65":false,"initiative":true,"gegenvorschlag":false},"geometry":{"type":"Polygon","coordinates":[[[8.62845,47.70592],[8.62847,47.70682],[8.62714,47.70683],[8.62712,47.70593],[8.62845,47.70592]]]}},{"type":"Feature","properties":{"einwohner":69,"laut65":false,"initiative":true,"gegenvorschlag":false},"geometry":{"type":"Polygon","coordinates":[[[8.62589,47.71044],[8.62591,47.71134],[8.62457,47.71135],[8.62455,47.71045],[8.62589,47.71044]]]}},{"type":"Feature","properties":{"einwohner":17,"laut65":false,"initiative":true,"gegenvorschlag":false},"geometry":{"type":"Polygon","coordinates":[[[8.66206,47.77662],[8.66208,47.77752],[8.66075,47.77754],[8.66073,47.77664],[8.66206,47.77662]]]}},{"type":"Feature","properties":{"einwohner":15,"laut65":false,"initiative":true,"gegenvorschlag":false},"geometry":{"type":"Polygon","coordinates":[[[8.48634,47.66231],[8.48636,47.66321],[8.48503,47.66323],[8.48501,47.66233],[8.48634,47.66231]]]}},{"type":"Feature","properties":{"einwohner":92,"laut65":false,"initiative":true,"gegenvorschlag":false},"geometry":{"type":"Polygon","coordinates":[[[8.62461,47.71315],[8.62463,47.71405],[8.6233,47.71406],[8.62328,47.71317],[8.62461,47.71315]]]}},{"type":"Feature","properties":{"einwohner":36,"laut65":true,"initiative":true,"gegenvorschlag":true},"geometry":{"type":"Polygon","coordinates":[[[8.52069,47.71417],[8.52071,47.71506],[8.51937,47.71508],[8.51935,47.71418],[8.52069,47.71417]]]}},{"type":"Feature","properties":{"einwohner":47,"laut65":false,"initiative":true,"gegenvorschlag":true},"geometry":{"type":"Polygon","coordinates":[[[8.86158,47.65383],[8.8616,47.65472],[8.86027,47.65474],[8.86024,47.65384],[8.86158,47.65383]]]}},{"type":"Feature","properties":{"einwohner":3,"laut65":true,"initiative":true,"gegenvorschlag":true},"geometry":{"type":"Polygon","coordinates":[[[8.85778,47.66107],[8.8578,47.66197],[8.85647,47.66198],[8.85644,47.66108],[8.85778,47.66107]]]}},{"type":"Feature","properties":{"einwohner":79,"laut65":false,"initiative":true,"gegenvorschlag":false},"geometry":{"type":"Polygon","coordinates":[[[8.50155,47.69006],[8.50156,47.69096],[8.50023,47.69097],[8.50021,47.69007],[8.50155,47.69006]]]}},{"type":"Feature","properties":{"einwohner":10,"laut65":false,"initiative":false,"gegenvorschlag":true},"geometry":{"type":"Polygon","coordinates":[[[8.46569,47.69578],[8.46571,47.69668],[8.46438,47.69669],[8.46436,47.69579],[8.46569,47.69578]]]}},{"type":"Feature","properties":{"einwohner":35,"laut65":true,"initiative":true,"gegenvorschlag":true},"geometry":{"type":"Polygon","coordinates":[[[8.5723,47.69748],[8.57232,47.69838],[8.57099,47.6984],[8.57097,47.6975],[8.5723,47.69748]]]}},{"type":"Feature","properties":{"einwohner":3,"laut65":true,"initiative":true,"gegenvorschlag":true},"geometry":{"type":"Polygon","coordinates":[[[8.60286,47.69358],[8.60288,47.69448],[8.60155,47.6945],[8.60153,47.6936],[8.60286,47.69358]]]}},{"type":"Feature","properties":{"einwohner":29,"laut65":false,"initiative":true,"gegenvorschlag":false},"geometry":{"type":"Polygon","coordinates":[[[8.71773,47.70587],[8.71775,47.70677],[8.71642,47.70678],[8.71639,47.70588],[8.71773,47.70587]]]}},{"type":"Feature","properties":{"einwohner":53,"laut65":true,"initiative":true,"gegenvorschlag":true},"geometry":{"type":"Polygon","coordinates":[[[8.6378,47.70672],[8.63782,47.70762],[8.63648,47.70763],[8.63646,47.70673],[8.6378,47.70672]]]}},{"type":"Feature","properties":{"einwohner":24,"laut65":false,"initiative":true,"gegenvorschlag":true},"geometry":{"type":"Polygon","coordinates":[[[8.47044,47.66605],[8.47046,47.66695],[8.46913,47.66697],[8.46911,47.66607],[8.47044,47.66605]]]}},{"type":"Feature","properties":{"einwohner":75,"laut65":false,"initiative":true,"gegenvorschlag":false},"geometry":{"type":"Polygon","coordinates":[[[8.62197,47.71408],[8.62199,47.71498],[8.62066,47.71499],[8.62064,47.71409],[8.62197,47.71408]]]}},{"type":"Feature","properties":{"einwohner":27,"laut65":false,"initiative":true,"gegenvorschlag":false},"geometry":{"type":"Polygon","coordinates":[[[8.83289,47.67666],[8.83291,47.67756],[8.83158,47.67758],[8.83156,47.67668],[8.83289,47.67666]]]}},{"type":"Feature","properties":{"einwohner":14,"laut65":false,"initiative":true,"gegenvorschlag":true},"geometry":{"type":"Polygon","coordinates":[[[8.81773,47.70832],[8.81775,47.70922],[8.81642,47.70924],[8.8164,47.70834],[8.81773,47.70832]]]}},{"type":"Feature","properties":{"einwohner":11,"laut65":false,"initiative":true,"gegenvorschlag":false},"geometry":{"type":"Polygon","coordinates":[[[8.65933,47.77395],[8.65935,47.77485],[8.65802,47.77487],[8.658,47.77397],[8.65933,47.77395]]]}},{"type":"Feature","properties":{"einwohner":25,"laut65":false,"initiative":true,"gegenvorschlag":false},"geometry":{"type":"Polygon","coordinates":[[[8.49079,47.75221],[8.49081,47.75311],[8.48948,47.75313],[8.48946,47.75223],[8.49079,47.75221]]]}},{"type":"Feature","properties":{"einwohner":110,"laut65":false,"initiative":true,"gegenvorschlag":true},"geometry":{"type":"Polygon","coordinates":[[[8.60654,47.67916],[8.60656,47.68006],[8.60523,47.68007],[8.60521,47.67917],[8.60654,47.67916]]]}},{"type":"Feature","properties":{"einwohner":8,"laut65":false,"initiative":true,"gegenvorschlag":true},"geometry":{"type":"Polygon","coordinates":[[[8.85758,47.65387],[8.85761,47.65477],[8.85628,47.65479],[8.85625,47.65389],[8.85758,47.65387]]]}},{"type":"Feature","properties":{"einwohner":10,"laut65":false,"initiative":false,"gegenvorschlag":true},"geometry":{"type":"Polygon","coordinates":[[[8.78753,47.72577],[8.78755,47.72667],[8.78622,47.72668],[8.78619,47.72578],[8.78753,47.72577]]]}},{"type":"Feature","properties":{"einwohner":36,"laut65":true,"initiative":true,"gegenvorschlag":true},"geometry":{"type":"Polygon","coordinates":[[[8.49755,47.69009],[8.49757,47.69099],[8.49624,47.69101],[8.49622,47.69011],[8.49755,47.69009]]]}},{"type":"Feature","properties":{"einwohner":5,"laut65":false,"initiative":false,"gegenvorschlag":true},"geometry":{"type":"Polygon","coordinates":[[[8.43446,47.66457],[8.43448,47.66547],[8.43315,47.66548],[8.43313,47.66458],[8.43446,47.66457]]]}},{"type":"Feature","properties":{"einwohner":16,"laut65":false,"initiative":true,"gegenvorschlag":false},"geometry":{"type":"Polygon","coordinates":[[[8.72316,47.71031],[8.72319,47.7112],[8.72185,47.71122],[8.72183,47.71032],[8.72316,47.71031]]]}},{"type":"Feature","properties":{"einwohner":30,"laut65":false,"initiative":true,"gegenvorschlag":true},"geometry":{"type":"Polygon","coordinates":[[[8.66492,47.72712],[8.66494,47.72802],[8.66361,47.72804],[8.66359,47.72714],[8.66492,47.72712]]]}},{"type":"Feature","properties":{"einwohner":38,"laut65":true,"initiative":true,"gegenvorschlag":true},"geometry":{"type":"Polygon","coordinates":[[[8.61461,47.68267],[8.61463,47.68357],[8.6133,47.68359],[8.61328,47.68269],[8.61461,47.68267]]]}},{"type":"Feature","properties":{"einwohner":22,"laut65":false,"initiative":true,"gegenvorschlag":false},"geometry":{"type":"Polygon","coordinates":[[[8.47865,47.74513],[8.47867,47.74603],[8.47733,47.74604],[8.47732,47.74514],[8.47865,47.74513]]]}},{"type":"Feature","properties":{"einwohner":28,"laut65":false,"initiative":true,"gegenvorschlag":false},"geometry":{"type":"Polygon","coordinates":[[[8.48807,47.74954],[8.48809,47.75044],[8.48676,47.75045],[8.48674,47.74955],[8.48807,47.74954]]]}},{"type":"Feature","properties":{"einwohner":5,"laut65":false,"initiative":true,"gegenvorschlag":true},"geometry":{"type":"Polygon","coordinates":[[[8.46541,47.68139],[8.46543,47.68229],[8.4641,47.6823],[8.46408,47.6814],[8.46541,47.68139]]]}},{"type":"Feature","properties":{"einwohner":35,"laut65":true,"initiative":true,"gegenvorschlag":true},"geometry":{"type":"Polygon","coordinates":[[[8.62548,47.69246],[8.6255,47.69336],[8.62417,47.69337],[8.62415,47.69247],[8.62548,47.69246]]]}},{"type":"Feature","properties":{"einwohner":5,"laut65":false,"initiative":true,"gegenvorschlag":true},"geometry":{"type":"Polygon","coordinates":[[[8.52596,47.71142],[8.52598,47.71232],[8.52465,47.71233],[8.52463,47.71143],[8.52596,47.71142]]]}},{"type":"Feature","properties":{"einwohner":5,"laut65":false,"initiative":true,"gegenvorschlag":true},"geometry":{"type":"Polygon","coordinates":[[[8.65603,47.68854],[8.65605,47.68944],[8.65472,47.68946],[8.6547,47.68856],[8.65603,47.68854]]]}},{"type":"Feature","properties":{"einwohner":30,"laut65":false,"initiative":true,"gegenvorschlag":true},"geometry":{"type":"Polygon","coordinates":[[[8.66483,47.72353],[8.66486,47.72443],[8.66352,47.72444],[8.6635,47.72354],[8.66483,47.72353]]]}},{"type":"Feature","properties":{"einwohner":8,"laut65":false,"initiative":false,"gegenvorschlag":true},"geometry":{"type":"Polygon","coordinates":[[[8.78734,47.71857],[8.78736,47.71947],[8.78603,47.71949],[8.78601,47.71859],[8.78734,47.71857]]]}},{"type":"Feature","properties":{"einwohner":14,"laut65":false,"initiative":false,"gegenvorschlag":true},"geometry":{"type":"Polygon","coordinates":[[[8.67824,47.78365],[8.67826,47.78455],[8.67693,47.78456],[8.67691,47.78366],[8.67824,47.78365]]]}},{"type":"Feature","properties":{"einwohner":51,"laut65":true,"initiative":true,"gegenvorschlag":true},"geometry":{"type":"Polygon","coordinates":[[[8.63364,47.69957],[8.63366,47.70047],[8.63232,47.70048],[8.6323,47.69958],[8.63364,47.69957]]]}},{"type":"Feature","properties":{"einwohner":3,"laut65":false,"initiative":true,"gegenvorschlag":false},"geometry":{"type":"Polygon","coordinates":[[[8.69488,47.75379],[8.6949,47.75469],[8.69357,47.7547],[8.69354,47.7538],[8.69488,47.75379]]]}},{"type":"Feature","properties":{"einwohner":99,"laut65":false,"initiative":true,"gegenvorschlag":true},"geometry":{"type":"Polygon","coordinates":[[[8.61061,47.68271],[8.61063,47.68361],[8.6093,47.68363],[8.60928,47.68273],[8.61061,47.68271]]]}},{"type":"Feature","properties":{"einwohner":50,"laut65":true,"initiative":true,"gegenvorschlag":true},"geometry":{"type":"Polygon","coordinates":[[[8.65268,47.71646],[8.6527,47.71736],[8.65136,47.71737],[8.65134,47.71647],[8.65268,47.71646]]]}},{"type":"Feature","properties":{"einwohner":10,"laut65":false,"initiative":true,"gegenvorschlag":false},"geometry":{"type":"Polygon","coordinates":[[[8.71908,47.70675],[8.7191,47.70765],[8.71777,47.70767],[8.71775,47.70677],[8.71908,47.70675]]]}},{"type":"Feature","properties":{"einwohner":17,"laut65":false,"initiative":true,"gegenvorschlag":false},"geometry":{"type":"Polygon","coordinates":[[[8.46704,47.69666],[8.46706,47.69756],[8.46573,47.69758],[8.46571,47.69668],[8.46704,47.69666]]]}},{"type":"Feature","properties":{"einwohner":48,"laut65":true,"initiative":true,"gegenvorschlag":true},"geometry":{"type":"Polygon","coordinates":[[[8.63915,47.70761],[8.63917,47.70851],[8.63784,47.70852],[8.63782,47.70762],[8.63915,47.70761]]]}},{"type":"Feature","properties":{"einwohner":10,"laut65":false,"initiative":true,"gegenvorschlag":true},"geometry":{"type":"Polygon","coordinates":[[[8.85903,47.65835],[8.85906,47.65925],[8.85773,47.65927],[8.8577,47.65837],[8.85903,47.65835]]]}},{"type":"Feature","properties":{"einwohner":9,"laut65":false,"initiative":false,"gegenvorschlag":true},"geometry":{"type":"Polygon","coordinates":[[[8.46697,47.69307],[8.46699,47.69397],[8.46566,47.69398],[8.46564,47.69308],[8.46697,47.69307]]]}},{"type":"Feature","properties":{"einwohner":36,"laut65":false,"initiative":true,"gegenvorschlag":true},"geometry":{"type":"Polygon","coordinates":[[[8.61095,47.75826],[8.61097,47.75916],[8.60964,47.75917],[8.60962,47.75827],[8.61095,47.75826]]]}},{"type":"Feature","properties":{"einwohner":14,"laut65":false,"initiative":true,"gegenvorschlag":true},"geometry":{"type":"Polygon","coordinates":[[[8.60839,47.76278],[8.60841,47.76368],[8.60707,47.7637],[8.60705,47.7628],[8.60839,47.76278]]]}},{"type":"Feature","properties":{"einwohner":30,"laut65":false,"initiative":true,"gegenvorschlag":true},"geometry":{"type":"Polygon","coordinates":[[[8.65003,47.71739],[8.65005,47.71829],[8.64872,47.7183],[8.6487,47.7174],[8.65003,47.71739]]]}},{"type":"Feature","properties":{"einwohner":23,"laut65":true,"initiative":true,"gegenvorschlag":true},"geometry":{"type":"Polygon","coordinates":[[[8.63907,47.70401],[8.63909,47.70491],[8.63775,47.70492],[8.63773,47.70402],[8.63907,47.70401]]]}},{"type":"Feature","properties":{"einwohner":7,"laut65":false,"initiative":true,"gegenvorschlag":false},"geometry":{"type":"Polygon","coordinates":[[[8.66069,47.77484],[8.66071,47.77574],[8.65937,47.77575],[8.65935,47.77485],[8.66069,47.77484]]]}},{"type":"Feature","properties":{"einwohner":4,"laut65":false,"initiative":true,"gegenvorschlag":false},"geometry":{"type":"Polygon","coordinates":[[[8.47782,47.70286],[8.47784,47.70376],[8.4765,47.70378],[8.47649,47.70288],[8.47782,47.70286]]]}},{"type":"Feature","properties":{"einwohner":28,"laut65":true,"initiative":true,"gegenvorschlag":true},"geometry":{"type":"Polygon","coordinates":[[[8.60789,47.68004],[8.60791,47.68094],[8.60658,47.68095],[8.60656,47.68006],[8.60789,47.68004]]]}},{"type":"Feature","properties":{"einwohner":32,"laut65":false,"initiative":true,"gegenvorschlag":true},"geometry":{"type":"Polygon","coordinates":[[[8.85894,47.65476],[8.85896,47.65566],[8.85763,47.65567],[8.85761,47.65477],[8.85894,47.65476]]]}},{"type":"Feature","properties":{"einwohner":78,"laut65":true,"initiative":true,"gegenvorschlag":false},"geometry":{"type":"Polygon","coordinates":[[[8.62956,47.69601],[8.62958,47.69691],[8.62825,47.69692],[8.62823,47.69603],[8.62956,47.69601]]]}},{"type":"Feature","properties":{"einwohner":29,"laut65":false,"initiative":true,"gegenvorschlag":false},"geometry":{"type":"Polygon","coordinates":[[[8.50452,47.70532],[8.50453,47.70622],[8.5032,47.70623],[8.50318,47.70533],[8.50452,47.70532]]]}},{"type":"Feature","properties":{"einwohner":8,"laut65":false,"initiative":false,"gegenvorschlag":true},"geometry":{"type":"Polygon","coordinates":[[[8.43581,47.66546],[8.43583,47.66636],[8.4345,47.66637],[8.43448,47.66547],[8.43581,47.66546]]]}},{"type":"Feature","properties":{"einwohner":29,"laut65":false,"initiative":true,"gegenvorschlag":true},"geometry":{"type":"Polygon","coordinates":[[[8.56966,47.69841],[8.56968,47.69931],[8.56835,47.69932],[8.56833,47.69842],[8.56966,47.69841]]]}},{"type":"Feature","properties":{"einwohner":3,"laut65":false,"initiative":true,"gegenvorschlag":true},"geometry":{"type":"Polygon","coordinates":[[[8.58292,47.69558],[8.58294,47.69648],[8.58161,47.69649],[8.58159,47.69559],[8.58292,47.69558]]]}},{"type":"Feature","properties":{"einwohner":4,"laut65":false,"initiative":true,"gegenvorschlag":true},"geometry":{"type":"Polygon","coordinates":[[[8.64612,47.72102],[8.64614,47.72192],[8.6448,47.72194],[8.64478,47.72104],[8.64612,47.72102]]]}},{"type":"Feature","properties":{"einwohner":18,"laut65":false,"initiative":true,"gegenvorschlag":true},"geometry":{"type":"Polygon","coordinates":[[[8.67534,47.77378],[8.67536,47.77468],[8.67403,47.7747],[8.67401,47.7738],[8.67534,47.77378]]]}},{"type":"Feature","properties":{"einwohner":24,"laut65":false,"initiative":true,"gegenvorschlag":false},"geometry":{"type":"Polygon","coordinates":[[[8.52974,47.76535],[8.52976,47.76625],[8.52842,47.76626],[8.5284,47.76536],[8.52974,47.76535]]]}},{"type":"Feature","properties":{"einwohner":27,"laut65":false,"initiative":true,"gegenvorschlag":false},"geometry":{"type":"Polygon","coordinates":[[[8.57247,47.58056],[8.57249,47.58145],[8.57116,47.58147],[8.57114,47.58057],[8.57247,47.58056]]]}},{"type":"Feature","properties":{"einwohner":47,"laut65":true,"initiative":true,"gegenvorschlag":true},"geometry":{"type":"Polygon","coordinates":[[[8.6389,47.69682],[8.63892,47.69771],[8.63759,47.69773],[8.63757,47.69683],[8.6389,47.69682]]]}},{"type":"Feature","properties":{"einwohner":23,"laut65":false,"initiative":true,"gegenvorschlag":false},"geometry":{"type":"Polygon","coordinates":[[[8.48,47.74602],[8.48002,47.74691],[8.47868,47.74693],[8.47867,47.74603],[8.48,47.74602]]]}},{"type":"Feature","properties":{"einwohner":3,"laut65":false,"initiative":true,"gegenvorschlag":false},"geometry":{"type":"Polygon","coordinates":[[[8.56958,47.69481],[8.5696,47.69571],[8.56827,47.69572],[8.56825,47.69483],[8.56958,47.69481]]]}},{"type":"Feature","properties":{"einwohner":19,"laut65":false,"initiative":true,"gegenvorschlag":true},"geometry":{"type":"Polygon","coordinates":[[[8.6186,47.68263],[8.61862,47.68353],[8.61729,47.68355],[8.61727,47.68265],[8.6186,47.68263]]]}},{"type":"Feature","properties":{"einwohner":4,"laut65":false,"initiative":false,"gegenvorschlag":true},"geometry":{"type":"Polygon","coordinates":[[[8.86966,47.65732],[8.86968,47.65822],[8.86835,47.65824],[8.86833,47.65734],[8.86966,47.65732]]]}},{"type":"Feature","properties":{"einwohner":50,"laut65":true,"initiative":true,"gegenvorschlag":true},"geometry":{"type":"Polygon","coordinates":[[[8.63499,47.70045],[8.63501,47.70135],[8.63368,47.70137],[8.63366,47.70047],[8.63499,47.70045]]]}},{"type":"Feature","properties":{"einwohner":26,"laut65":false,"initiative":true,"gegenvorschlag":true},"geometry":{"type":"Polygon","coordinates":[[[8.61204,47.6872],[8.61206,47.6881],[8.61073,47.68811],[8.61071,47.68721],[8.61204,47.6872]]]}},{"type":"Feature","properties":{"einwohner":24,"laut65":false,"initiative":true,"gegenvorschlag":true},"geometry":{"type":"Polygon","coordinates":[[[8.57893,47.69562],[8.57895,47.69652],[8.57761,47.69653],[8.57759,47.69563],[8.57893,47.69562]]]}},{"type":"Feature","properties":{"einwohner":29,"laut65":false,"initiative":true,"gegenvorschlag":true},"geometry":{"type":"Polygon","coordinates":[[[8.84858,47.66568],[8.8486,47.66658],[8.84727,47.66659],[8.84725,47.66569],[8.84858,47.66568]]]}},{"type":"Feature","properties":{"einwohner":44,"laut65":false,"initiative":true,"gegenvorschlag":true},"geometry":{"type":"Polygon","coordinates":[[[8.70006,47.74743],[8.70008,47.74833],[8.69875,47.74835],[8.69873,47.74745],[8.70006,47.74743]]]}},{"type":"Feature","properties":{"einwohner":14,"laut65":false,"initiative":true,"gegenvorschlag":false},"geometry":{"type":"Polygon","coordinates":[[[8.50045,47.70176],[8.50047,47.70266],[8.49913,47.70267],[8.49912,47.70177],[8.50045,47.70176]]]}},{"type":"Feature","properties":{"einwohner":7,"laut65":false,"initiative":true,"gegenvorschlag":false},"geometry":{"type":"Polygon","coordinates":[[[8.56318,47.58155],[8.5632,47.58244],[8.56187,47.58246],[8.56185,47.58156],[8.56318,47.58155]]]}},{"type":"Feature","properties":{"einwohner":21,"laut65":false,"initiative":true,"gegenvorschlag":true},"geometry":{"type":"Polygon","coordinates":[[[8.46405,47.6796],[8.46406,47.6805],[8.46273,47.68051],[8.46271,47.67961],[8.46405,47.6796]]]}},{"type":"Feature","properties":{"einwohner":133,"laut65":true,"initiative":true,"gegenvorschlag":true},"geometry":{"type":"Polygon","coordinates":[[[8.66346,47.72174],[8.66348,47.72264],[8.66215,47.72266],[8.66213,47.72176],[8.66346,47.72174]]]}},{"type":"Feature","properties":{"einwohner":98,"laut65":false,"initiative":true,"gegenvorschlag":true},"geometry":{"type":"Polygon","coordinates":[[[8.64579,47.70664],[8.64581,47.70754],[8.64448,47.70755],[8.64446,47.70665],[8.64579,47.70664]]]}},{"type":"Feature","properties":{"einwohner":23,"laut65":true,"initiative":true,"gegenvorschlag":true},"geometry":{"type":"Polygon","coordinates":[[[8.63483,47.69326],[8.63485,47.69416],[8.63351,47.69417],[8.63349,47.69327],[8.63483,47.69326]]]}},{"type":"Feature","properties":{"einwohner":3,"laut65":false,"initiative":true,"gegenvorschlag":true},"geometry":{"type":"Polygon","coordinates":[[[8.69606,47.74748],[8.69608,47.74838],[8.69475,47.74839],[8.69473,47.74749],[8.69606,47.74748]]]}},{"type":"Feature","properties":{"einwohner":16,"laut65":false,"initiative":true,"gegenvorschlag":true},"geometry":{"type":"Polygon","coordinates":[[[8.58692,47.69554],[8.58694,47.69644],[8.5856,47.69645],[8.58559,47.69555],[8.58692,47.69554]]]}},{"type":"Feature","properties":{"einwohner":98,"laut65":true,"initiative":true,"gegenvorschlag":true},"geometry":{"type":"Polygon","coordinates":[[[8.64042,47.70489],[8.64044,47.70579],[8.63911,47.70581],[8.63909,47.70491],[8.64042,47.70489]]]}},{"type":"Feature","properties":{"einwohner":98,"laut65":true,"initiative":true,"gegenvorschlag":false},"geometry":{"type":"Polygon","coordinates":[[[8.63218,47.69419],[8.6322,47.69509],[8.63087,47.6951],[8.63085,47.6942],[8.63218,47.69419]]]}},{"type":"Feature","properties":{"einwohner":19,"laut65":false,"initiative":true,"gegenvorschlag":true},"geometry":{"type":"Polygon","coordinates":[[[8.61223,47.75555],[8.61225,47.75645],[8.61091,47.75646],[8.61089,47.75556],[8.61223,47.75555]]]}},{"type":"Feature","properties":{"einwohner":27,"laut65":false,"initiative":true,"gegenvorschlag":false},"geometry":{"type":"Polygon","coordinates":[[[8.61545,47.72044],[8.61547,47.72134],[8.61413,47.72135],[8.61411,47.72045],[8.61545,47.72044]]]}},{"type":"Feature","properties":{"einwohner":95,"laut65":true,"initiative":true,"gegenvorschlag":true},"geometry":{"type":"Polygon","coordinates":[[[8.62268,47.68619],[8.6227,47.68709],[8.62137,47.6871],[8.62135,47.6862],[8.62268,47.68619]]]}},{"type":"Feature","properties":{"einwohner":46,"laut65":true,"initiative":true,"gegenvorschlag":true},"geometry":{"type":"Polygon","coordinates":[[[8.55371,47.70036],[8.55373,47.70126],[8.5524,47.70127],[8.55238,47.70037],[8.55371,47.70036]]]}},{"type":"Feature","properties":{"einwohner":12,"laut65":false,"initiative":true,"gegenvorschlag":true},"geometry":{"type":"Polygon","coordinates":[[[8.60155,47.6945],[8.60157,47.6954],[8.60024,47.69541],[8.60022,47.69451],[8.60155,47.6945]]]}},{"type":"Feature","properties":{"einwohner":39,"laut65":false,"initiative":true,"gegenvorschlag":false},"geometry":{"type":"Polygon","coordinates":[[[8.70415,47.75099],[8.70417,47.75189],[8.70284,47.7519],[8.70281,47.751],[8.70415,47.75099]]]}},{"type":"Feature","properties":{"einwohner":3,"laut65":false,"initiative":false,"gegenvorschlag":true},"geometry":{"type":"Polygon","coordinates":[[[8.70533,47.74468],[8.70535,47.74558],[8.70402,47.74559],[8.704,47.74469],[8.70533,47.74468]]]}},{"type":"Feature","properties":{"einwohner":28,"laut65":false,"initiative":true,"gegenvorschlag":true},"geometry":{"type":"Polygon","coordinates":[[[8.85383,47.66291],[8.85385,47.66381],[8.85252,47.66383],[8.8525,47.66293],[8.85383,47.66291]]]}},{"type":"Feature","properties":{"einwohner":47,"laut65":false,"initiative":true,"gegenvorschlag":true},"geometry":{"type":"Polygon","coordinates":[[[8.46173,47.69761],[8.46175,47.69851],[8.46041,47.69852],[8.4604,47.69762],[8.46173,47.69761]]]}},{"type":"Feature","properties":{"einwohner":136,"laut65":false,"initiative":true,"gegenvorschlag":true},"geometry":{"type":"Polygon","coordinates":[[[8.63642,47.70494],[8.63644,47.70583],[8.63511,47.70585],[8.63509,47.70495],[8.63642,47.70494]]]}},{"type":"Feature","properties":{"einwohner":3,"laut65":false,"initiative":true,"gegenvorschlag":false},"geometry":{"type":"Polygon","coordinates":[[[8.59038,47.73238],[8.5904,47.73328],[8.58907,47.7333],[8.58905,47.7324],[8.59038,47.73238]]]}},{"type":"Feature","properties":{"einwohner":49,"laut65":true,"initiative":true,"gegenvorschlag":true},"geometry":{"type":"Polygon","coordinates":[[[8.61995,47.68352],[8.61997,47.68442],[8.61864,47.68443],[8.61862,47.68353],[8.61995,47.68352]]]}},{"type":"Feature","properties":{"einwohner":19,"laut65":false,"initiative":false,"gegenvorschlag":true},"geometry":{"type":"Polygon","coordinates":[[[8.87101,47.65821],[8.87104,47.65911],[8.86971,47.65912],[8.86968,47.65822],[8.87101,47.65821]]]}},{"type":"Feature","properties":{"einwohner":55,"laut65":true,"initiative":true,"gegenvorschlag":true},"geometry":{"type":"Polygon","coordinates":[[[8.54972,47.7004],[8.54974,47.7013],[8.5484,47.70131],[8.54838,47.70041],[8.54972,47.7004]]]}},{"type":"Feature","properties":{"einwohner":16,"laut65":false,"initiative":true,"gegenvorschlag":true},"geometry":{"type":"Polygon","coordinates":[[[8.61436,47.7915],[8.61438,47.7924],[8.61305,47.79242],[8.61303,47.79152],[8.61436,47.7915]]]}},{"type":"Feature","properties":{"einwohner":13,"laut65":false,"initiative":true,"gegenvorschlag":false},"geometry":{"type":"Polygon","coordinates":[[[8.5018,47.70265],[8.50182,47.70355],[8.50048,47.70356],[8.50047,47.70266],[8.5018,47.70265]]]}},{"type":"Feature","properties":{"einwohner":6,"laut65":false,"initiative":true,"gegenvorschlag":true},"geometry":{"type":"Polygon","coordinates":[[[8.54707,47.70133],[8.54709,47.70222],[8.54576,47.70224],[8.54574,47.70134],[8.54707,47.70133]]]}},{"type":"Feature","properties":{"einwohner":52,"laut65":true,"initiative":true,"gegenvorschlag":true},"geometry":{"type":"Polygon","coordinates":[[[8.52465,47.71233],[8.52467,47.71323],[8.52333,47.71324],[8.52331,47.71234],[8.52465,47.71233]]]}},{"type":"Feature","properties":{"einwohner":4,"laut65":false,"initiative":true,"gegenvorschlag":true},"geometry":{"type":"Polygon","coordinates":[[[8.65472,47.68946],[8.65474,47.69035],[8.65341,47.69037],[8.65339,47.68947],[8.65472,47.68946]]]}},{"type":"Feature","properties":{"einwohner":13,"laut65":false,"initiative":true,"gegenvorschlag":true},"geometry":{"type":"Polygon","coordinates":[[[8.61171,47.79243],[8.61173,47.79333],[8.6104,47.79334],[8.61038,47.79244],[8.61171,47.79243]]]}},{"type":"Feature","properties":{"einwohner":22,"laut65":false,"initiative":true,"gegenvorschlag":true},"geometry":{"type":"Polygon","coordinates":[[[8.45766,47.69405],[8.45768,47.69495],[8.45635,47.69496],[8.45633,47.69406],[8.45766,47.69405]]]}},{"type":"Feature","properties":{"einwohner":62,"laut65":false,"initiative":true,"gegenvorschlag":true},"geometry":{"type":"Polygon","coordinates":[[[8.86172,47.65922],[8.86174,47.66012],[8.86041,47.66014],[8.86039,47.65924],[8.86172,47.65922]]]}},{"type":"Feature","properties":{"einwohner":10,"laut65":false,"initiative":true,"gegenvorschlag":false},"geometry":{"type":"Polygon","coordinates":[[[8.65713,47.7362],[8.65715,47.7371],[8.65582,47.73711],[8.6558,47.73621],[8.65713,47.7362]]]}},{"type":"Feature","properties":{"einwohner":10,"laut65":false,"initiative":true,"gegenvorschlag":true},"geometry":{"type":"Polygon","coordinates":[[[8.55771,47.70032],[8.55773,47.70122],[8.5564,47.70124],[8.55638,47.70034],[8.55771,47.70032]]]}},{"type":"Feature","properties":{"einwohner":3,"laut65":false,"initiative":true,"gegenvorschlag":false},"geometry":{"type":"Polygon","coordinates":[[[8.49908,47.69997],[8.4991,47.70087],[8.49777,47.70089],[8.49775,47.69999],[8.49908,47.69997]]]}},{"type":"Feature","properties":{"einwohner":16,"laut65":false,"initiative":true,"gegenvorschlag":false},"geometry":{"type":"Polygon","coordinates":[[[8.53509,47.7662],[8.53511,47.76709],[8.53378,47.76711],[8.53376,47.76621],[8.53509,47.7662]]]}},{"type":"Feature","properties":{"einwohner":15,"laut65":false,"initiative":true,"gegenvorschlag":false},"geometry":{"type":"Polygon","coordinates":[[[8.65954,47.78294],[8.65956,47.78384],[8.65823,47.78386],[8.65821,47.78296],[8.65954,47.78294]]]}},{"type":"Feature","properties":{"einwohner":6,"laut65":false,"initiative":true,"gegenvorschlag":true},"geometry":{"type":"Polygon","coordinates":[[[8.65081,47.69309],[8.65083,47.69399],[8.6495,47.69401],[8.64948,47.69311],[8.65081,47.69309]]]}},{"type":"Feature","properties":{"einwohner":31,"laut65":false,"initiative":true,"gegenvorschlag":false},"geometry":{"type":"Polygon","coordinates":[[[8.50158,47.69186],[8.5016,47.69276],[8.50027,47.69277],[8.50025,47.69187],[8.50158,47.69186]]]}},{"type":"Feature","properties":{"einwohner":34,"laut65":true,"initiative":true,"gegenvorschlag":true},"geometry":{"type":"Polygon","coordinates":[[[8.55506,47.70125],[8.55508,47.70215],[8.55375,47.70216],[8.55373,47.70126],[8.55506,47.70125]]]}},{"type":"Feature","properties":{"einwohner":19,"laut65":false,"initiative":true,"gegenvorschlag":false},"geometry":{"type":"Polygon","coordinates":[[[8.7833,47.71682],[8.78332,47.71772],[8.78199,47.71774],[8.78197,47.71684],[8.7833,47.71682]]]}},{"type":"Feature","properties":{"einwohner":24,"laut65":false,"initiative":true,"gegenvorschlag":false},"geometry":{"type":"Polygon","coordinates":[[[8.62585,47.70864],[8.62587,47.70954],[8.62453,47.70955],[8.62451,47.70866],[8.62585,47.70864]]]}},{"type":"Feature","properties":{"einwohner":38,"laut65":true,"initiative":true,"gegenvorschlag":true},"geometry":{"type":"Polygon","coordinates":[[[8.46573,47.69758],[8.46574,47.69847],[8.46441,47.69849],[8.46439,47.69759],[8.46573,47.69758]]]}},{"type":"Feature","properties":{"einwohner":15,"laut65":false,"initiative":true,"gegenvorschlag":false},"geometry":{"type":"Polygon","coordinates":[[[8.70677,47.74916],[8.70679,47.75006],[8.70546,47.75007],[8.70544,47.74918],[8.70677,47.74916]]]}},{"type":"Feature","properties":{"einwohner":4,"laut65":false,"initiative":true,"gegenvorschlag":true},"geometry":{"type":"Polygon","coordinates":[[[8.68061,47.77103],[8.68063,47.77193],[8.6793,47.77194],[8.67928,47.77104],[8.68061,47.77103]]]}},{"type":"Feature","properties":{"einwohner":6,"laut65":false,"initiative":true,"gegenvorschlag":false},"geometry":{"type":"Polygon","coordinates":[[[8.66265,47.74424],[8.66267,47.74514],[8.66134,47.74515],[8.66131,47.74425],[8.66265,47.74424]]]}},{"type":"Feature","properties":{"einwohner":13,"laut65":false,"initiative":true,"gegenvorschlag":true},"geometry":{"type":"Polygon","coordinates":[[[8.46519,47.6697],[8.4652,47.6706],[8.46387,47.67061],[8.46385,47.66971],[8.46519,47.6697]]]}},{"type":"Feature","properties":{"einwohner":86,"laut65":false,"initiative":true,"gegenvorschlag":false},"geometry":{"type":"Polygon","coordinates":[[[8.62201,47.71588],[8.62203,47.71678],[8.6207,47.71679],[8.62068,47.71589],[8.62201,47.71588]]]}},{"type":"Feature","properties":{"einwohner":4,"laut65":false,"initiative":true,"gegenvorschlag":true},"geometry":{"type":"Polygon","coordinates":[[[8.70668,47.74556],[8.70671,47.74646],[8.70537,47.74648],[8.70535,47.74558],[8.70668,47.74556]]]}},{"type":"Feature","properties":{"einwohner":24,"laut65":false,"initiative":true,"gegenvorschlag":false},"geometry":{"type":"Polygon","coordinates":[[[8.61809,47.71951],[8.61811,47.72041],[8.61678,47.72043],[8.61676,47.71953],[8.61809,47.71951]]]}},{"type":"Feature","properties":{"einwohner":91,"laut65":false,"initiative":true,"gegenvorschlag":true},"geometry":{"type":"Polygon","coordinates":[[[8.49886,47.68918],[8.49888,47.69008],[8.49755,47.69009],[8.49753,47.6892],[8.49886,47.68918]]]}},{"type":"Feature","properties":{"einwohner":3,"laut65":false,"initiative":true,"gegenvorschlag":false},"geometry":{"type":"Polygon","coordinates":[[[8.50322,47.70713],[8.50324,47.70803],[8.50191,47.70804],[8.50189,47.70714],[8.50322,47.70713]]]}},{"type":"Feature","properties":{"einwohner":20,"laut65":false,"initiative":true,"gegenvorschlag":false},"geometry":{"type":"Polygon","coordinates":[[[8.66248,47.73704],[8.6625,47.73794],[8.66117,47.73796],[8.66115,47.73706],[8.66248,47.73704]]]}},{"type":"Feature","properties":{"einwohner":4,"laut65":false,"initiative":true,"gegenvorschlag":false},"geometry":{"type":"Polygon","coordinates":[[[8.7793,47.71687],[8.77932,47.71777],[8.77799,47.71778],[8.77797,47.71688],[8.7793,47.71687]]]}},{"type":"Feature","properties":{"einwohner":5,"laut65":true,"initiative":true,"gegenvorschlag":true},"geometry":{"type":"Polygon","coordinates":[[[8.6448,47.72194],[8.64482,47.72284],[8.64349,47.72285],[8.64347,47.72195],[8.6448,47.72194]]]}},{"type":"Feature","properties":{"einwohner":4,"laut65":true,"initiative":true,"gegenvorschlag":true},"geometry":{"type":"Polygon","coordinates":[[[8.63951,47.72379],[8.63954,47.72469],[8.6382,47.7247],[8.63818,47.72381],[8.63951,47.72379]]]}},{"type":"Feature","properties":{"einwohner":3,"laut65":false,"initiative":true,"gegenvorschlag":false},"geometry":{"type":"Polygon","coordinates":[[[8.66963,47.75765],[8.66965,47.75855],[8.66831,47.75857],[8.66829,47.75767],[8.66963,47.75765]]]}},{"type":"Feature","properties":{"einwohner":85,"laut65":false,"initiative":true,"gegenvorschlag":true},"geometry":{"type":"Polygon","coordinates":[[[8.85499,47.6566],[8.85502,47.6575],[8.85369,47.65752],[8.85366,47.65662],[8.85499,47.6566]]]}},{"type":"Feature","properties":{"einwohner":41,"laut65":false,"initiative":true,"gegenvorschlag":false},"geometry":{"type":"Polygon","coordinates":[[[8.50315,47.70353],[8.50317,47.70443],[8.50183,47.70445],[8.50182,47.70355],[8.50315,47.70353]]]}},{"type":"Feature","properties":{"einwohner":22,"laut65":false,"initiative":true,"gegenvorschlag":false},"geometry":{"type":"Polygon","coordinates":[[[8.57116,47.58147],[8.57118,47.58237],[8.56985,47.58238],[8.56983,47.58148],[8.57116,47.58147]]]}},{"type":"Feature","properties":{"einwohner":90,"laut65":false,"initiative":true,"gegenvorschlag":true},"geometry":{"type":"Polygon","coordinates":[[[8.70268,47.74561],[8.70271,47.74651],[8.70137,47.74652],[8.70135,47.74562],[8.70268,47.74561]]]}},{"type":"Feature","properties":{"einwohner":18,"laut65":false,"initiative":true,"gegenvorschlag":true},"geometry":{"type":"Polygon","coordinates":[[[8.85119,47.66385],[8.85122,47.66475],[8.84988,47.66476],[8.84986,47.66386],[8.85119,47.66385]]]}},{"type":"Feature","properties":{"einwohner":7,"laut65":false,"initiative":true,"gegenvorschlag":true},"geometry":{"type":"Polygon","coordinates":[[[8.81504,47.70745],[8.81507,47.70835],[8.81373,47.70837],[8.81371,47.70747],[8.81504,47.70745]]]}},{"type":"Feature","properties":{"einwohner":32,"laut65":false,"initiative":true,"gegenvorschlag":false},"geometry":{"type":"Polygon","coordinates":[[[8.66954,47.75406],[8.66956,47.75496],[8.66823,47.75497],[8.66821,47.75407],[8.66954,47.75406]]]}},{"type":"Feature","properties":{"einwohner":3,"laut65":false,"initiative":false,"gegenvorschlag":true},"geometry":{"type":"Polygon","coordinates":[[[8.78739,47.72037],[8.78741,47.72127],[8.78608,47.72129],[8.78606,47.72039],[8.78739,47.72037]]]}},{"type":"Feature","properties":{"einwohner":27,"laut65":false,"initiative":true,"gegenvorschlag":false},"geometry":{"type":"Polygon","coordinates":[[[8.66819,47.75317],[8.66821,47.75407],[8.66688,47.75409],[8.66686,47.75319],[8.66819,47.75317]]]}},{"type":"Feature","properties":{"einwohner":14,"laut65":false,"initiative":true,"gegenvorschlag":false},"geometry":{"type":"Polygon","coordinates":[[[8.65848,47.73709],[8.6585,47.73798],[8.65717,47.738],[8.65715,47.7371],[8.65848,47.73709]]]}},{"type":"Feature","properties":{"einwohner":5,"laut65":true,"initiative":true,"gegenvorschlag":true},"geometry":{"type":"Polygon","coordinates":[[[8.82313,47.71096],[8.82315,47.71186],[8.82182,47.71187],[8.8218,47.71097],[8.82313,47.71096]]]}},{"type":"Feature","properties":{"einwohner":34,"laut65":false,"initiative":true,"gegenvorschlag":false},"geometry":{"type":"Polygon","coordinates":[[[8.66223,47.72625],[8.66225,47.72715],[8.66092,47.72717],[8.6609,47.72627],[8.66223,47.72625]]]}},{"type":"Feature","properties":{"einwohner":20,"laut65":false,"initiative":true,"gegenvorschlag":false},"geometry":{"type":"Polygon","coordinates":[[[8.6609,47.78383],[8.66092,47.78473],[8.65958,47.78474],[8.65956,47.78384],[8.6609,47.78383]]]}},{"type":"Feature","properties":{"einwohner":40,"laut65":false,"initiative":true,"gegenvorschlag":true},"geometry":{"type":"Polygon","coordinates":[[[8.45894,47.69134],[8.45896,47.69224],[8.45763,47.69225],[8.45761,47.69135],[8.45894,47.69134]]]}},{"type":"Feature","properties":{"einwohner":3,"laut65":false,"initiative":false,"gegenvorschlag":true},"geometry":{"type":"Polygon","coordinates":[[[8.86571,47.65917],[8.86574,47.66007],[8.86441,47.66009],[8.86438,47.65919],[8.86571,47.65917]]]}},{"type":"Feature","properties":{"einwohner":10,"laut65":false,"initiative":true,"gegenvorschlag":false},"geometry":{"type":"Polygon","coordinates":[[[8.78465,47.7177],[8.78468,47.7186],[8.78334,47.71862],[8.78332,47.71772],[8.78465,47.7177]]]}},{"type":"Feature","properties":{"einwohner":25,"laut65":true,"initiative":true,"gegenvorschlag":true},"geometry":{"type":"Polygon","coordinates":[[[8.522,47.71325],[8.52202,47.71415],[8.52069,47.71417],[8.52067,47.71327],[8.522,47.71325]]]}},{"type":"Feature","properties":{"einwohner":16,"laut65":false,"initiative":false,"gegenvorschlag":true},"geometry":{"type":"Polygon","coordinates":[[[8.80567,47.70577],[8.80569,47.70667],[8.80436,47.70668],[8.80434,47.70578],[8.80567,47.70577]]]}},{"type":"Feature","properties":{"einwohner":11,"laut65":false,"initiative":true,"gegenvorschlag":false},"geometry":{"type":"Polygon","coordinates":[[[8.48404,47.74778],[8.48405,47.74868],[8.48272,47.74869],[8.4827,47.74779],[8.48404,47.74778]]]}},{"type":"Feature","properties":{"einwohner":8,"laut65":false,"initiative":true,"gegenvorschlag":true},"geometry":{"type":"Polygon","coordinates":[[[8.82039,47.70829],[8.82042,47.70919],[8.81909,47.70921],[8.81906,47.70831],[8.82039,47.70829]]]}},{"type":"Feature","properties":{"einwohner":134,"laut65":false,"initiative":true,"gegenvorschlag":false},"geometry":{"type":"Polygon","coordinates":[[[8.62328,47.71317],[8.6233,47.71406],[8.62197,47.71408],[8.62195,47.71318],[8.62328,47.71317]]]}},{"type":"Feature","properties":{"einwohner":17,"laut65":false,"initiative":true,"gegenvorschlag":false},"geometry":{"type":"Polygon","coordinates":[[[8.8342,47.67575],[8.83422,47.67664],[8.83289,47.67666],[8.83286,47.67576],[8.8342,47.67575]]]}},{"type":"Feature","properties":{"einwohner":115,"laut65":false,"initiative":true,"gegenvorschlag":true},"geometry":{"type":"Polygon","coordinates":[[[8.86024,47.65384],[8.86027,47.65474],[8.85894,47.65476],[8.85891,47.65386],[8.86024,47.65384]]]}},{"type":"Feature","properties":{"einwohner":44,"laut65":false,"initiative":true,"gegenvorschlag":true},"geometry":{"type":"Polygon","coordinates":[[[8.64817,47.69402],[8.64819,47.69492],[8.64685,47.69493],[8.64683,47.69403],[8.64817,47.69402]]]}},{"type":"Feature","properties":{"einwohner":28,"laut65":false,"initiative":true,"gegenvorschlag":false},"geometry":{"type":"Polygon","coordinates":[[[8.47785,47.70466],[8.47787,47.70556],[8.47654,47.70557],[8.47652,47.70467],[8.47785,47.70466]]]}},{"type":"Feature","properties":{"einwohner":26,"laut65":true,"initiative":true,"gegenvorschlag":true},"geometry":{"type":"Polygon","coordinates":[[[8.85899,47.65656],[8.85901,47.65745],[8.85768,47.65747],[8.85765,47.65657],[8.85899,47.65656]]]}},{"type":"Feature","properties":{"einwohner":11,"laut65":false,"initiative":true,"gegenvorschlag":false},"geometry":{"type":"Polygon","coordinates":[[[8.71639,47.70588],[8.71642,47.70678],[8.71508,47.7068],[8.71506,47.7059],[8.71639,47.70588]]]}},{"type":"Feature","properties":{"einwohner":20,"laut65":false,"initiative":true,"gegenvorschlag":true},"geometry":{"type":"Polygon","coordinates":[[[8.8737,47.65907],[8.87372,47.65997],[8.87239,47.65999],[8.87237,47.65909],[8.8737,47.65907]]]}},{"type":"Feature","properties":{"einwohner":3,"laut65":false,"initiative":true,"gegenvorschlag":true},"geometry":{"type":"Polygon","coordinates":[[[8.57097,47.6975],[8.57099,47.6984],[8.56966,47.69841],[8.56964,47.69751],[8.57097,47.6975]]]}},{"type":"Feature","properties":{"einwohner":16,"laut65":true,"initiative":true,"gegenvorschlag":true},"geometry":{"type":"Polygon","coordinates":[[[8.63903,47.70221],[8.63905,47.70311],[8.63771,47.70312],[8.63769,47.70222],[8.63903,47.70221]]]}},{"type":"Feature","properties":{"einwohner":33,"laut65":false,"initiative":true,"gegenvorschlag":false},"geometry":{"type":"Polygon","coordinates":[[[8.66384,47.73793],[8.66386,47.73883],[8.66252,47.73884],[8.6625,47.73794],[8.66384,47.73793]]]}},{"type":"Feature","properties":{"einwohner":3,"laut65":false,"initiative":true,"gegenvorschlag":false},"geometry":{"type":"Polygon","coordinates":[[[8.65623,47.7551],[8.65625,47.756],[8.65492,47.75601],[8.6549,47.75511],[8.65623,47.7551]]]}},{"type":"Feature","properties":{"einwohner":19,"laut65":false,"initiative":true,"gegenvorschlag":false},"geometry":{"type":"Polygon","coordinates":[[[8.48366,47.66144],[8.48368,47.66234],[8.48235,47.66235],[8.48233,47.66145],[8.48366,47.66144]]]}},{"type":"Feature","properties":{"einwohner":17,"laut65":false,"initiative":true,"gegenvorschlag":true},"geometry":{"type":"Polygon","coordinates":[[[8.66134,47.68759],[8.66136,47.68849],[8.66003,47.6885],[8.66001,47.6876],[8.66134,47.68759]]]}},{"type":"Feature","properties":{"einwohner":12,"laut65":false,"initiative":true,"gegenvorschlag":false},"geometry":{"type":"Polygon","coordinates":[[[8.62696,47.69874],[8.62698,47.69964],[8.62564,47.69965],[8.62562,47.69875],[8.62696,47.69874]]]}},{"type":"Feature","properties":{"einwohner":4,"laut65":false,"initiative":true,"gegenvorschlag":false},"geometry":{"type":"Polygon","coordinates":[[[8.71504,47.705],[8.71506,47.7059],[8.71373,47.70591],[8.71371,47.70501],[8.71504,47.705]]]}},{"type":"Feature","properties":{"einwohner":10,"laut65":false,"initiative":true,"gegenvorschlag":true},"geometry":{"type":"Polygon","coordinates":[[[8.8164,47.70834],[8.81642,47.70924],[8.81509,47.70925],[8.81507,47.70835],[8.8164,47.70834]]]}},{"type":"Feature","properties":{"einwohner":3,"laut65":false,"initiative":true,"gegenvorschlag":false},"geometry":{"type":"Polygon","coordinates":[[[8.47514,47.70199],[8.47516,47.70289],[8.47382,47.7029],[8.47381,47.702],[8.47514,47.70199]]]}},{"type":"Feature","properties":{"einwohner":15,"laut65":false,"initiative":true,"gegenvorschlag":true},"geometry":{"type":"Polygon","coordinates":[[[8.85625,47.65389],[8.85628,47.65479],[8.85494,47.65481],[8.85492,47.65391],[8.85625,47.65389]]]}},{"type":"Feature","properties":{"einwohner":29,"laut65":false,"initiative":true,"gegenvorschlag":false},"geometry":{"type":"Polygon","coordinates":[[[8.57243,47.57876],[8.57245,47.57966],[8.57112,47.57967],[8.5711,47.57877],[8.57243,47.57876]]]}},{"type":"Feature","properties":{"einwohner":5,"laut65":false,"initiative":true,"gegenvorschlag":true},"geometry":{"type":"Polygon","coordinates":[[[8.47996,47.74422],[8.47998,47.74512],[8.47865,47.74513],[8.47863,47.74423],[8.47996,47.74422]]]}},{"type":"Feature","properties":{"einwohner":27,"laut65":false,"initiative":false,"gegenvorschlag":true},"geometry":{"type":"Polygon","coordinates":[[[8.49622,47.69011],[8.49624,47.69101],[8.4949,47.69102],[8.49489,47.69012],[8.49622,47.69011]]]}},{"type":"Feature","properties":{"einwohner":22,"laut65":false,"initiative":true,"gegenvorschlag":false},"geometry":{"type":"Polygon","coordinates":[[[8.72439,47.70579],[8.72441,47.70669],[8.72308,47.70671],[8.72306,47.70581],[8.72439,47.70579]]]}},{"type":"Feature","properties":{"einwohner":65,"laut65":true,"initiative":true,"gegenvorschlag":true},"geometry":{"type":"Polygon","coordinates":[[[8.63503,47.70225],[8.63505,47.70315],[8.63372,47.70316],[8.6337,47.70227],[8.63503,47.70225]]]}},{"type":"Feature","properties":{"einwohner":39,"laut65":true,"initiative":true,"gegenvorschlag":true},"geometry":{"type":"Polygon","coordinates":[[[8.64216,47.72286],[8.64218,47.72376],[8.64085,47.72378],[8.64083,47.72288],[8.64216,47.72286]]]}},{"type":"Feature","properties":{"einwohner":33,"laut65":false,"initiative":true,"gegenvorschlag":false},"geometry":{"type":"Polygon","coordinates":[[[8.65984,47.73797],[8.65986,47.73887],[8.65852,47.73888],[8.6585,47.73798],[8.65984,47.73797]]]}},{"type":"Feature","properties":{"einwohner":66,"laut65":true,"initiative":true,"gegenvorschlag":true},"geometry":{"type":"Polygon","coordinates":[[[8.60386,47.67828],[8.60388,47.67918],[8.60254,47.6792],[8.60253,47.6783],[8.60386,47.67828]]]}},{"type":"Feature","properties":{"einwohner":45,"laut65":false,"initiative":true,"gegenvorschlag":true},"geometry":{"type":"Polygon","coordinates":[[[8.85236,47.65754],[8.85238,47.65844],[8.85105,47.65845],[8.85102,47.65755],[8.85236,47.65754]]]}},{"type":"Feature","properties":{"einwohner":34,"laut65":false,"initiative":false,"gegenvorschlag":true},"geometry":{"type":"Polygon","coordinates":[[[8.49615,47.68651],[8.49616,47.68741],[8.49483,47.68742],[8.49481,47.68652],[8.49615,47.68651]]]}},{"type":"Feature","properties":{"einwohner":159,"laut65":true,"initiative":true,"gegenvorschlag":true},"geometry":{"type":"Polygon","coordinates":[[[8.61328,47.68269],[8.6133,47.68359],[8.61197,47.6836],[8.61195,47.6827],[8.61328,47.68269]]]}},{"type":"Feature","properties":{"einwohner":85,"laut65":false,"initiative":true,"gegenvorschlag":true},"geometry":{"type":"Polygon","coordinates":[[[8.64335,47.71656],[8.64337,47.71746],[8.64204,47.71747],[8.64202,47.71657],[8.64335,47.71656]]]}},{"type":"Feature","properties":{"einwohner":39,"laut65":false,"initiative":true,"gegenvorschlag":true},"geometry":{"type":"Polygon","coordinates":[[[8.612,47.6854],[8.61202,47.6863],[8.61069,47.68631],[8.61067,47.68541],[8.612,47.6854]]]}},{"type":"Feature","properties":{"einwohner":16,"laut65":false,"initiative":true,"gegenvorschlag":false},"geometry":{"type":"Polygon","coordinates":[[[8.58507,47.73334],[8.58509,47.73423],[8.58376,47.73425],[8.58374,47.73335],[8.58507,47.73334]]]}},{"type":"Feature","properties":{"einwohner":16,"laut65":false,"initiative":true,"gegenvorschlag":false},"geometry":{"type":"Polygon","coordinates":[[[8.48901,47.66229],[8.48902,47.66319],[8.48769,47.6632],[8.48768,47.6623],[8.48901,47.66229]]]}},{"type":"Feature","properties":{"einwohner":32,"laut65":false,"initiative":true,"gegenvorschlag":false},"geometry":{"type":"Polygon","coordinates":[[[8.6635,47.72354],[8.66352,47.72444],[8.66219,47.72445],[8.66217,47.72356],[8.6635,47.72354]]]}},{"type":"Feature","properties":{"einwohner":54,"laut65":false,"initiative":true,"gegenvorschlag":true},"geometry":{"type":"Polygon","coordinates":[[[8.64054,47.71029],[8.64056,47.71119],[8.63923,47.7112],[8.63921,47.7103],[8.64054,47.71029]]]}},{"type":"Feature","properties":{"einwohner":99,"laut65":false,"initiative":true,"gegenvorschlag":true},"geometry":{"type":"Polygon","coordinates":[[[8.64327,47.71296],[8.64329,47.71386],[8.64196,47.71387],[8.64193,47.71297],[8.64327,47.71296]]]}},{"type":"Feature","properties":{"einwohner":28,"laut65":false,"initiative":true,"gegenvorschlag":false},"geometry":{"type":"Polygon","coordinates":[[[8.72039,47.70584],[8.72041,47.70674],[8.71908,47.70675],[8.71906,47.70585],[8.72039,47.70584]]]}},{"type":"Feature","properties":{"einwohner":4,"laut65":false,"initiative":false,"gegenvorschlag":true},"geometry":{"type":"Polygon","coordinates":[[[8.46401,47.6778],[8.46403,47.6787],[8.4627,47.67871],[8.46268,47.67782],[8.46401,47.6778]]]}},{"type":"Feature","properties":{"einwohner":66,"laut65":false,"initiative":true,"gegenvorschlag":false},"geometry":{"type":"Polygon","coordinates":[[[8.48539,47.74867],[8.4854,47.74956],[8.48407,47.74958],[8.48405,47.74868],[8.48539,47.74867]]]}},{"type":"Feature","properties":{"einwohner":63,"laut65":true,"initiative":true,"gegenvorschlag":true},"geometry":{"type":"Polygon","coordinates":[[[8.57497,47.69746],[8.57499,47.69836],[8.57366,47.69837],[8.57364,47.69747],[8.57497,47.69746]]]}},{"type":"Feature","properties":{"einwohner":88,"laut65":true,"initiative":true,"gegenvorschlag":false},"geometry":{"type":"Polygon","coordinates":[[[8.62847,47.70682],[8.62849,47.70772],[8.62716,47.70773],[8.62714,47.70683],[8.62847,47.70682]]]}},{"type":"Feature","properties":{"einwohner":14,"laut65":true,"initiative":true,"gegenvorschlag":true},"geometry":{"type":"Polygon","coordinates":[[[8.82175,47.70917],[8.82177,47.71007],[8.82044,47.71009],[8.82042,47.70919],[8.82175,47.70917]]]}},{"type":"Feature","properties":{"einwohner":7,"laut65":false,"initiative":true,"gegenvorschlag":false},"geometry":{"type":"Polygon","coordinates":[[[8.69354,47.7538],[8.69357,47.7547],[8.69223,47.75471],[8.69221,47.75382],[8.69354,47.7538]]]}},{"type":"Feature","properties":{"einwohner":25,"laut65":false,"initiative":true,"gegenvorschlag":false},"geometry":{"type":"Polygon","coordinates":[[[8.66208,47.77752],[8.6621,47.77842],[8.66077,47.77843],[8.66075,47.77754],[8.66208,47.77752]]]}},{"type":"Feature","properties":{"einwohner":3,"laut65":false,"initiative":true,"gegenvorschlag":true},"geometry":{"type":"Polygon","coordinates":[[[8.64191,47.71207],[8.64193,47.71297],[8.6406,47.71299],[8.64058,47.71209],[8.64191,47.71207]]]}},{"type":"Feature","properties":{"einwohner":66,"laut65":false,"initiative":true,"gegenvorschlag":false},"geometry":{"type":"Polygon","coordinates":[[[8.63222,47.69598],[8.63224,47.69688],[8.63091,47.6969],[8.63089,47.696],[8.63222,47.69598]]]}},{"type":"Feature","properties":{"einwohner":35,"laut65":true,"initiative":true,"gegenvorschlag":true},"geometry":{"type":"Polygon","coordinates":[[[8.65134,47.71647],[8.65136,47.71737],[8.65003,47.71739],[8.65001,47.71649],[8.65134,47.71647]]]}},{"type":"Feature","properties":{"einwohner":66,"laut65":false,"initiative":true,"gegenvorschlag":false},"geometry":{"type":"Polygon","coordinates":[[[8.62839,47.70322],[8.62841,47.70412],[8.62708,47.70413],[8.62706,47.70323],[8.62839,47.70322]]]}},{"type":"Feature","properties":{"einwohner":4,"laut65":false,"initiative":false,"gegenvorschlag":true},"geometry":{"type":"Polygon","coordinates":[[[8.82166,47.70558],[8.82168,47.70648],[8.82035,47.70649],[8.82032,47.70559],[8.82166,47.70558]]]}},{"type":"Feature","properties":{"einwohner":11,"laut65":false,"initiative":true,"gegenvorschlag":true},"geometry":{"type":"Polygon","coordinates":[[[8.87505,47.65996],[8.87508,47.66085],[8.87375,47.66087],[8.87372,47.65997],[8.87505,47.65996]]]}},{"type":"Feature","properties":{"einwohner":9,"laut65":false,"initiative":true,"gegenvorschlag":true},"geometry":{"type":"Polygon","coordinates":[[[8.6097,47.76187],[8.60972,47.76277],[8.60839,47.76278],[8.60837,47.76188],[8.6097,47.76187]]]}},{"type":"Feature","properties":{"einwohner":57,"laut65":true,"initiative":true,"gegenvorschlag":true},"geometry":{"type":"Polygon","coordinates":[[[8.6431,47.70577],[8.64312,47.70667],[8.64179,47.70668],[8.64177,47.70578],[8.6431,47.70577]]]}},{"type":"Feature","properties":{"einwohner":60,"laut65":false,"initiative":true,"gegenvorschlag":false},"geometry":{"type":"Polygon","coordinates":[[[8.70546,47.75007],[8.70548,47.75097],[8.70415,47.75099],[8.70413,47.75009],[8.70546,47.75007]]]}},{"type":"Feature","properties":{"einwohner":3,"laut65":false,"initiative":true,"gegenvorschlag":true},"geometry":{"type":"Polygon","coordinates":[[[8.64743,47.72011],[8.64745,47.72101],[8.64612,47.72102],[8.6461,47.72013],[8.64743,47.72011]]]}},{"type":"Feature","properties":{"einwohner":8,"laut65":false,"initiative":true,"gegenvorschlag":false},"geometry":{"type":"Polygon","coordinates":[[[8.56565,47.57253],[8.56567,47.57343],[8.56434,47.57344],[8.56432,47.57254],[8.56565,47.57253]]]}},{"type":"Feature","properties":{"einwohner":23,"laut65":false,"initiative":true,"gegenvorschlag":true},"geometry":{"type":"Polygon","coordinates":[[[8.4638,47.66701],[8.46382,47.66791],[8.46249,47.66792],[8.46247,47.66702],[8.4638,47.66701]]]}},{"type":"Feature","properties":{"einwohner":12,"laut65":false,"initiative":true,"gegenvorschlag":true},"geometry":{"type":"Polygon","coordinates":[[[8.63765,47.70043],[8.63767,47.70133],[8.63634,47.70134],[8.63632,47.70044],[8.63765,47.70043]]]}},{"type":"Feature","properties":{"einwohner":31,"laut65":true,"initiative":true,"gegenvorschlag":true},"geometry":{"type":"Polygon","coordinates":[[[8.81236,47.70659],[8.81238,47.70749],[8.81105,47.7075],[8.81102,47.7066],[8.81236,47.70659]]]}},{"type":"Feature","properties":{"einwohner":3,"laut65":false,"initiative":true,"gegenvorschlag":true},"geometry":{"type":"Polygon","coordinates":[[[8.56833,47.69842],[8.56835,47.69932],[8.56701,47.69933],[8.567,47.69844],[8.56833,47.69842]]]}},{"type":"Feature","properties":{"einwohner":31,"laut65":true,"initiative":true,"gegenvorschlag":true},"geometry":{"type":"Polygon","coordinates":[[[8.63638,47.70314],[8.6364,47.70404],[8.63507,47.70405],[8.63505,47.70315],[8.63638,47.70314]]]}},{"type":"Feature","properties":{"einwohner":30,"laut65":false,"initiative":true,"gegenvorschlag":false},"geometry":{"type":"Polygon","coordinates":[[[8.59034,47.73058],[8.59036,47.73148],[8.58903,47.7315],[8.58901,47.7306],[8.59034,47.73058]]]}},{"type":"Feature","properties":{"einwohner":21,"laut65":false,"initiative":true,"gegenvorschlag":false},"geometry":{"type":"Polygon","coordinates":[[[8.65358,47.75602],[8.6536,47.75692],[8.65227,47.75694],[8.65225,47.75604],[8.65358,47.75602]]]}},{"type":"Feature","properties":{"einwohner":36,"laut65":true,"initiative":true,"gegenvorschlag":true},"geometry":{"type":"Polygon","coordinates":[[[8.62815,47.69243],[8.62817,47.69333],[8.62683,47.69334],[8.62681,47.69244],[8.62815,47.69243]]]}},{"type":"Feature","properties":{"einwohner":31,"laut65":true,"initiative":true,"gegenvorschlag":true},"geometry":{"type":"Polygon","coordinates":[[[8.64286,47.69498],[8.64288,47.69587],[8.64155,47.69589],[8.64153,47.69499],[8.64286,47.69498]]]}},{"type":"Feature","properties":{"einwohner":44,"laut65":false,"initiative":true,"gegenvorschlag":true},"geometry":{"type":"Polygon","coordinates":[[[8.66494,47.72802],[8.66496,47.72892],[8.66363,47.72894],[8.66361,47.72804],[8.66494,47.72802]]]}},{"type":"Feature","properties":{"einwohner":16,"laut65":true,"initiative":true,"gegenvorschlag":true},"geometry":{"type":"Polygon","coordinates":[[[8.6363,47.69954],[8.63632,47.70044],[8.63499,47.70045],[8.63497,47.69955],[8.6363,47.69954]]]}},{"type":"Feature","properties":{"einwohner":31,"laut65":false,"initiative":true,"gegenvorschlag":true},"geometry":{"type":"Polygon","coordinates":[[[8.65669,47.71732],[8.65672,47.71822],[8.65538,47.71823],[8.65536,47.71733],[8.65669,47.71732]]]}},{"type":"Feature","properties":{"einwohner":27,"laut65":false,"initiative":true,"gegenvorschlag":true},"geometry":{"type":"Polygon","coordinates":[[[8.70137,47.74652],[8.70139,47.74742],[8.70006,47.74743],[8.70004,47.74654],[8.70137,47.74652]]]}},{"type":"Feature","properties":{"einwohner":22,"laut65":false,"initiative":true,"gegenvorschlag":true},"geometry":{"type":"Polygon","coordinates":[[[8.84988,47.66476],[8.84991,47.66566],[8.84858,47.66568],[8.84855,47.66478],[8.84988,47.66476]]]}},{"type":"Feature","properties":{"einwohner":53,"laut65":false,"initiative":true,"gegenvorschlag":true},"geometry":{"type":"Polygon","coordinates":[[[8.66486,47.72443],[8.66488,47.72533],[8.66354,47.72534],[8.66352,47.72444],[8.66486,47.72443]]]}},{"type":"Feature","properties":{"einwohner":24,"laut65":false,"initiative":true,"gegenvorschlag":true},"geometry":{"type":"Polygon","coordinates":[[[8.80836,47.70663],[8.80838,47.70753],[8.80705,47.70755],[8.80703,47.70665],[8.80836,47.70663]]]}},{"type":"Feature","properties":{"einwohner":34,"laut65":false,"initiative":true,"gegenvorschlag":true},"geometry":{"type":"Polygon","coordinates":[[[8.69873,47.74745],[8.69875,47.74835],[8.69742,47.74836],[8.6974,47.74746],[8.69873,47.74745]]]}},{"type":"Feature","properties":{"einwohner":15,"laut65":false,"initiative":false,"gegenvorschlag":true},"geometry":{"type":"Polygon","coordinates":[[[8.46536,47.67869],[8.46538,47.67959],[8.46405,47.6796],[8.46403,47.6787],[8.46536,47.67869]]]}},{"type":"Feature","properties":{"einwohner":5,"laut65":false,"initiative":true,"gegenvorschlag":true},"geometry":{"type":"Polygon","coordinates":[[[8.62415,47.69247],[8.62417,47.69337],[8.62284,47.69338],[8.62282,47.69248],[8.62415,47.69247]]]}},{"type":"Feature","properties":{"einwohner":25,"laut65":false,"initiative":true,"gegenvorschlag":false},"geometry":{"type":"Polygon","coordinates":[[[8.49912,47.70177],[8.49913,47.70267],[8.4978,47.70268],[8.49778,47.70178],[8.49912,47.70177]]]}},{"type":"Feature","properties":{"einwohner":31,"laut65":false,"initiative":true,"gegenvorschlag":true},"geometry":{"type":"Polygon","coordinates":[[[8.61592,47.68176],[8.61594,47.68266],[8.61461,47.68267],[8.61459,47.68177],[8.61592,47.68176]]]}},{"type":"Feature","properties":{"einwohner":59,"laut65":true,"initiative":true,"gegenvorschlag":true},"geometry":{"type":"Polygon","coordinates":[[[8.64446,47.70665],[8.64448,47.70755],[8.64314,47.70756],[8.64312,47.70667],[8.64446,47.70665]]]}},{"type":"Feature","properties":{"einwohner":19,"laut65":false,"initiative":true,"gegenvorschlag":false},"geometry":{"type":"Polygon","coordinates":[[[8.70681,47.75096],[8.70684,47.75186],[8.7055,47.75187],[8.70548,47.75097],[8.70681,47.75096]]]}},{"type":"Feature","properties":{"einwohner":47,"laut65":true,"initiative":true,"gegenvorschlag":true},"geometry":{"type":"Polygon","coordinates":[[[8.63349,47.69327],[8.63351,47.69417],[8.63218,47.69419],[8.63216,47.69329],[8.63349,47.69327]]]}},{"type":"Feature","properties":{"einwohner":4,"laut65":false,"initiative":true,"gegenvorschlag":true},"geometry":{"type":"Polygon","coordinates":[[[8.46522,47.6715],[8.46524,47.6724],[8.46391,47.67241],[8.46389,47.67151],[8.46522,47.6715]]]}},{"type":"Feature","properties":{"einwohner":59,"laut65":false,"initiative":true,"gegenvorschlag":true},"geometry":{"type":"Polygon","coordinates":[[[8.61097,47.75916],[8.61099,47.76006],[8.60966,47.76007],[8.60964,47.75917],[8.61097,47.75916]]]}},{"type":"Feature","properties":{"einwohner":18,"laut65":false,"initiative":true,"gegenvorschlag":true},"geometry":{"type":"Polygon","coordinates":[[[8.58559,47.69555],[8.5856,47.69645],[8.58427,47.69647],[8.58425,47.69557],[8.58559,47.69555]]]}},{"type":"Feature","properties":{"einwohner":87,"laut65":false,"initiative":true,"gegenvorschlag":false},"geometry":{"type":"Polygon","coordinates":[[[8.70673,47.74736],[8.70675,47.74826],[8.70542,47.74828],[8.70539,47.74738],[8.70673,47.74736]]]}},{"type":"Feature","properties":{"einwohner":16,"laut65":false,"initiative":true,"gegenvorschlag":false},"geometry":{"type":"Polygon","coordinates":[[[8.5324,47.76532],[8.53242,47.76622],[8.53109,47.76623],[8.53107,47.76533],[8.5324,47.76532]]]}},{"type":"Feature","properties":{"einwohner":37,"laut65":false,"initiative":true,"gegenvorschlag":true},"geometry":{"type":"Polygon","coordinates":[[[8.46515,47.6679],[8.46517,47.6688],[8.46384,47.66881],[8.46382,47.66791],[8.46515,47.6679]]]}},{"type":"Feature","properties":{"einwohner":13,"laut65":true,"initiative":true,"gegenvorschlag":false},"geometry":{"type":"Polygon","coordinates":[[[8.62958,47.69691],[8.6296,47.69781],[8.62827,47.69782],[8.62825,47.69692],[8.62958,47.69691]]]}},{"type":"Feature","properties":{"einwohner":22,"laut65":false,"initiative":true,"gegenvorschlag":false},"geometry":{"type":"Polygon","coordinates":[[[8.6194,47.7186],[8.61942,47.7195],[8.61809,47.71951],[8.61807,47.71861],[8.6194,47.7186]]]}},{"type":"Feature","properties":{"einwohner":42,"laut65":false,"initiative":true,"gegenvorschlag":true},"geometry":{"type":"Polygon","coordinates":[[[8.61089,47.75556],[8.61091,47.75646],[8.60958,47.75648],[8.60956,47.75558],[8.61089,47.75556]]]}},{"type":"Feature","properties":{"einwohner":81,"laut65":true,"initiative":true,"gegenvorschlag":true},"geometry":{"type":"Polygon","coordinates":[[[8.62135,47.6862],[8.62137,47.6871],[8.62004,47.68711],[8.62002,47.68622],[8.62135,47.6862]]]}},{"type":"Feature","properties":{"einwohner":71,"laut65":true,"initiative":true,"gegenvorschlag":true},"geometry":{"type":"Polygon","coordinates":[[[8.55238,47.70037],[8.5524,47.70127],[8.55107,47.70129],[8.55105,47.70039],[8.55238,47.70037]]]}},{"type":"Feature","properties":{"einwohner":31,"laut65":false,"initiative":true,"gegenvorschlag":true},"geometry":{"type":"Polygon","coordinates":[[[8.81371,47.70747],[8.81373,47.70837],[8.8124,47.70839],[8.81238,47.70749],[8.81371,47.70747]]]}},{"type":"Feature","properties":{"einwohner":27,"laut65":false,"initiative":true,"gegenvorschlag":false},"geometry":{"type":"Polygon","coordinates":[[[8.65494,47.75691],[8.65496,47.75781],[8.65363,47.75782],[8.6536,47.75692],[8.65494,47.75691]]]}},{"type":"Feature","properties":{"einwohner":14,"laut65":false,"initiative":true,"gegenvorschlag":false},"geometry":{"type":"Polygon","coordinates":[[[8.66252,47.73884],[8.66254,47.73974],[8.66121,47.73976],[8.66119,47.73886],[8.66252,47.73884]]]}},{"type":"Feature","properties":{"einwohner":30,"laut65":false,"initiative":true,"gegenvorschlag":true},"geometry":{"type":"Polygon","coordinates":[[[8.4678,47.66698],[8.46781,47.66788],[8.46648,47.66789],[8.46646,47.66699],[8.4678,47.66698]]]}},{"type":"Feature","properties":{"einwohner":6,"laut65":false,"initiative":false,"gegenvorschlag":true},"geometry":{"type":"Polygon","coordinates":[[[8.49883,47.68738],[8.49885,47.68828],[8.49751,47.6883],[8.4975,47.6874],[8.49883,47.68738]]]}},{"type":"Feature","properties":{"einwohner":33,"laut65":false,"initiative":true,"gegenvorschlag":false},"geometry":{"type":"Polygon","coordinates":[[[8.50318,47.70533],[8.5032,47.70623],[8.50187,47.70624],[8.50185,47.70535],[8.50318,47.70533]]]}},{"type":"Feature","properties":{"einwohner":118,"laut65":false,"initiative":true,"gegenvorschlag":true},"geometry":{"type":"Polygon","coordinates":[[[8.58159,47.69559],[8.58161,47.69649],[8.58028,47.69651],[8.58026,47.69561],[8.58159,47.69559]]]}},{"type":"Feature","properties":{"einwohner":3,"laut65":false,"initiative":true,"gegenvorschlag":false},"geometry":{"type":"Polygon","coordinates":[[[8.66244,47.73525],[8.66246,47.73614],[8.66113,47.73616],[8.66111,47.73526],[8.66244,47.73525]]]}},{"type":"Feature","properties":{"einwohner":4,"laut65":false,"initiative":true,"gegenvorschlag":true},"geometry":{"type":"Polygon","coordinates":[[[8.67401,47.7738],[8.67403,47.7747],[8.67269,47.77471],[8.67267,47.77381],[8.67401,47.7738]]]}},{"type":"Feature","properties":{"einwohner":15,"laut65":false,"initiative":true,"gegenvorschlag":false},"geometry":{"type":"Polygon","coordinates":[[[8.5284,47.76536],[8.52842,47.76626],[8.52709,47.76627],[8.52707,47.76537],[8.5284,47.76536]]]}},{"type":"Feature","properties":{"einwohner":8,"laut65":false,"initiative":false,"gegenvorschlag":true},"geometry":{"type":"Polygon","coordinates":[[[8.78488,47.7267],[8.78491,47.7276],[8.78357,47.72761],[8.78355,47.72671],[8.78488,47.7267]]]}},{"type":"Feature","properties":{"einwohner":90,"laut65":true,"initiative":true,"gegenvorschlag":true},"geometry":{"type":"Polygon","coordinates":[[[8.45905,47.69673],[8.45907,47.69763],[8.45773,47.69765],[8.45772,47.69675],[8.45905,47.69673]]]}},{"type":"Feature","properties":{"einwohner":15,"laut65":false,"initiative":true,"gegenvorschlag":true},"geometry":{"type":"Polygon","coordinates":[[[8.54838,47.70041],[8.5484,47.70131],[8.54707,47.70133],[8.54705,47.70043],[8.54838,47.70041]]]}},{"type":"Feature","properties":{"einwohner":44,"laut65":true,"initiative":true,"gegenvorschlag":true},"geometry":{"type":"Polygon","coordinates":[[[8.80971,47.70752],[8.80974,47.70842],[8.80841,47.70843],[8.80838,47.70753],[8.80971,47.70752]]]}},{"type":"Feature","properties":{"einwohner":49,"laut65":false,"initiative":true,"gegenvorschlag":false},"geometry":{"type":"Polygon","coordinates":[[[8.50047,47.70266],[8.50048,47.70356],[8.49915,47.70357],[8.49913,47.70267],[8.50047,47.70266]]]}},{"type":"Feature","properties":{"einwohner":22,"laut65":false,"initiative":true,"gegenvorschlag":false},"geometry":{"type":"Polygon","coordinates":[[[8.5632,47.58244],[8.56322,47.58334],[8.56189,47.58336],[8.56187,47.58246],[8.5632,47.58244]]]}},{"type":"Feature","properties":{"einwohner":6,"laut65":false,"initiative":true,"gegenvorschlag":true},"geometry":{"type":"Polygon","coordinates":[[[8.84725,47.66569],[8.84727,47.66659],[8.84594,47.66661],[8.84592,47.66571],[8.84725,47.66569]]]}},{"type":"Feature","properties":{"einwohner":48,"laut65":false,"initiative":true,"gegenvorschlag":false},"geometry":{"type":"Polygon","coordinates":[[[8.50039,47.69906],[8.50041,47.69996],[8.49908,47.69997],[8.49906,47.69907],[8.50039,47.69906]]]}},{"type":"Feature","properties":{"einwohner":10,"laut65":false,"initiative":true,"gegenvorschlag":true},"geometry":{"type":"Polygon","coordinates":[[[8.65212,47.69218],[8.65214,47.69308],[8.65081,47.69309],[8.65079,47.69219],[8.65212,47.69218]]]}},{"type":"Feature","properties":{"einwohner":12,"laut65":true,"initiative":true,"gegenvorschlag":false},"geometry":{"type":"Polygon","coordinates":[[[8.62716,47.70773],[8.62718,47.70863],[8.62585,47.70864],[8.62583,47.70774],[8.62716,47.70773]]]}},{"type":"Feature","properties":{"einwohner":18,"laut65":false,"initiative":true,"gegenvorschlag":false},"geometry":{"type":"Polygon","coordinates":[[[8.78461,47.71591],[8.78463,47.71681],[8.7833,47.71682],[8.78328,47.71592],[8.78461,47.71591]]]}},{"type":"Feature","properties":{"einwohner":3,"laut65":false,"initiative":true,"gegenvorschlag":false},"geometry":{"type":"Polygon","coordinates":[[[8.53376,47.76621],[8.53378,47.76711],[8.53244,47.76712],[8.53242,47.76622],[8.53376,47.76621]]]}},{"type":"Feature","properties":{"einwohner":3,"laut65":false,"initiative":true,"gegenvorschlag":false},"geometry":{"type":"Polygon","coordinates":[[[8.66396,47.74332],[8.66398,47.74422],[8.66265,47.74424],[8.66263,47.74334],[8.66396,47.74332]]]}},{"type":"Feature","properties":{"einwohner":3,"laut65":false,"initiative":false,"gegenvorschlag":true},"geometry":{"type":"Polygon","coordinates":[[[8.80562,47.70397],[8.80565,47.70487],[8.80432,47.70488],[8.80429,47.70398],[8.80562,47.70397]]]}},{"type":"Feature","properties":{"einwohner":38,"laut65":true,"initiative":true,"gegenvorschlag":true},"geometry":{"type":"Polygon","coordinates":[[[8.46439,47.69759],[8.46441,47.69849],[8.46308,47.6985],[8.46306,47.6976],[8.46439,47.69759]]]}},{"type":"Feature","properties":{"einwohner":7,"laut65":false,"initiative":true,"gegenvorschlag":false},"geometry":{"type":"Polygon","coordinates":[[[8.67359,47.75581],[8.67361,47.75671],[8.67227,47.75673],[8.67225,47.75583],[8.67359,47.75581]]]}},{"type":"Feature","properties":{"einwohner":58,"laut65":false,"initiative":true,"gegenvorschlag":false},"geometry":{"type":"Polygon","coordinates":[[[8.66388,47.73973],[8.6639,47.74063],[8.66256,47.74064],[8.66254,47.73974],[8.66388,47.73973]]]}},{"type":"Feature","properties":{"einwohner":97,"laut65":false,"initiative":true,"gegenvorschlag":false},"geometry":{"type":"Polygon","coordinates":[[[8.62068,47.71589],[8.6207,47.71679],[8.61936,47.7168],[8.61934,47.7159],[8.62068,47.71589]]]}},{"type":"Feature","properties":{"einwohner":4,"laut65":false,"initiative":true,"gegenvorschlag":false},"geometry":{"type":"Polygon","coordinates":[[[8.8316,47.67847],[8.83163,47.67937],[8.8303,47.67939],[8.83027,47.67849],[8.8316,47.67847]]]}},{"type":"Feature","properties":{"einwohner":12,"laut65":true,"initiative":false,"gegenvorschlag":true},"geometry":{"type":"Polygon","coordinates":[[[8.50018,47.68827],[8.5002,47.68917],[8.49886,47.68918],[8.49885,47.68828],[8.50018,47.68827]]]}},{"type":"Feature","properties":{"einwohner":12,"laut65":false,"initiative":true,"gegenvorschlag":true},"geometry":{"type":"Polygon","coordinates":[[[8.48135,47.7469],[8.48137,47.7478],[8.48004,47.74781],[8.48002,47.74691],[8.48135,47.7469]]]}},{"type":"Feature","properties":{"einwohner":3,"laut65":false,"initiative":true,"gegenvorschlag":true},"geometry":{"type":"Polygon","coordinates":[[[8.64083,47.72288],[8.64085,47.72378],[8.63951,47.72379],[8.63949,47.72289],[8.64083,47.72288]]]}},{"type":"Feature","properties":{"einwohner":9,"laut65":false,"initiative":true,"gegenvorschlag":true},"geometry":{"type":"Polygon","coordinates":[[[8.60022,47.69451],[8.60024,47.69541],[8.5989,47.69542],[8.59889,47.69452],[8.60022,47.69451]]]}},{"type":"Feature","properties":{"einwohner":19,"laut65":false,"initiative":true,"gegenvorschlag":false},"geometry":{"type":"Polygon","coordinates":[[[8.67094,47.75674],[8.67096,47.75764],[8.66963,47.75765],[8.66961,47.75676],[8.67094,47.75674]]]}},{"type":"Feature","properties":{"einwohner":5,"laut65":false,"initiative":true,"gegenvorschlag":true},"geometry":{"type":"Polygon","coordinates":[[[8.8525,47.66293],[8.85252,47.66383],[8.85119,47.66385],[8.85117,47.66295],[8.8525,47.66293]]]}},{"type":"Feature","properties":{"einwohner":73,"laut65":false,"initiative":true,"gegenvorschlag":true},"geometry":{"type":"Polygon","coordinates":[[[8.4604,47.69762],[8.46041,47.69852],[8.45908,47.69853],[8.45907,47.69763],[8.4604,47.69762]]]}},{"type":"Feature","properties":{"einwohner":6,"laut65":true,"initiative":true,"gegenvorschlag":true},"geometry":{"type":"Polygon","coordinates":[[[8.64347,47.72195],[8.64349,47.72285],[8.64216,47.72286],[8.64214,47.72197],[8.64347,47.72195]]]}},{"type":"Feature","properties":{"einwohner":24,"laut65":false,"initiative":true,"gegenvorschlag":false},"geometry":{"type":"Polygon","coordinates":[[[8.58905,47.7324],[8.58907,47.7333],[8.58774,47.73331],[8.58772,47.73241],[8.58905,47.7324]]]}},{"type":"Feature","properties":{"einwohner":49,"laut65":false,"initiative":true,"gegenvorschlag":false},"geometry":{"type":"Polygon","coordinates":[[[8.48942,47.75043],[8.48944,47.75133],[8.48811,47.75134],[8.48809,47.75044],[8.48942,47.75043]]]}},{"type":"Feature","properties":{"einwohner":19,"laut65":false,"initiative":true,"gegenvorschlag":false},"geometry":{"type":"Polygon","coordinates":[[[8.77797,47.71688],[8.77799,47.71778],[8.77666,47.7178],[8.77664,47.7169],[8.77797,47.71688]]]}},{"type":"Feature","properties":{"einwohner":106,"laut65":false,"initiative":true,"gegenvorschlag":true},"geometry":{"type":"Polygon","coordinates":[[[8.61332,47.68448],[8.61334,47.68538],[8.612,47.6854],[8.61199,47.6845],[8.61332,47.68448]]]}},{"type":"Feature","properties":{"einwohner":30,"laut65":false,"initiative":false,"gegenvorschlag":true},"geometry":{"type":"Polygon","coordinates":[[[8.4331,47.66278],[8.43312,47.66368],[8.43178,47.66369],[8.43177,47.66279],[8.4331,47.66278]]]}},{"type":"Feature","properties":{"einwohner":28,"laut65":false,"initiative":true,"gegenvorschlag":false},"geometry":{"type":"Polygon","coordinates":[[[8.72434,47.704],[8.72437,47.7049],[8.72303,47.70491],[8.72301,47.70401],[8.72434,47.704]]]}},{"type":"Feature","properties":{"einwohner":11,"laut65":false,"initiative":true,"gegenvorschlag":true},"geometry":{"type":"Polygon","coordinates":[[[8.47735,47.74694],[8.47737,47.74784],[8.47604,47.74785],[8.47602,47.74695],[8.47735,47.74694]]]}},{"type":"Feature","properties":{"einwohner":126,"laut65":false,"initiative":true,"gegenvorschlag":true},"geometry":{"type":"Polygon","coordinates":[[[8.64339,47.71836],[8.64341,47.71925],[8.64208,47.71927],[8.64206,47.71837],[8.64339,47.71836]]]}},{"type":"Feature","properties":{"einwohner":55,"laut65":false,"initiative":true,"gegenvorschlag":false},"geometry":{"type":"Polygon","coordinates":[[[8.72179,47.70852],[8.72181,47.70942],[8.72048,47.70944],[8.72046,47.70854],[8.72179,47.70852]]]}},{"type":"Feature","properties":{"einwohner":32,"laut65":false,"initiative":true,"gegenvorschlag":true},"geometry":{"type":"Polygon","coordinates":[[[8.52467,47.71323],[8.52468,47.71413],[8.52335,47.71414],[8.52333,47.71324],[8.52467,47.71323]]]}},{"type":"Feature","properties":{"einwohner":7,"laut65":false,"initiative":true,"gegenvorschlag":true},"geometry":{"type":"Polygon","coordinates":[[[8.65474,47.69035],[8.65476,47.69125],[8.65343,47.69127],[8.65341,47.69037],[8.65474,47.69035]]]}},{"type":"Feature","properties":{"einwohner":28,"laut65":false,"initiative":true,"gegenvorschlag":false},"geometry":{"type":"Polygon","coordinates":[[[8.66354,47.72534],[8.66356,47.72624],[8.66223,47.72625],[8.66221,47.72535],[8.66354,47.72534]]]}},{"type":"Feature","properties":{"einwohner":63,"laut65":false,"initiative":true,"gegenvorschlag":true},"geometry":{"type":"Polygon","coordinates":[[[8.64331,47.71476],[8.64333,47.71566],[8.642,47.71567],[8.64198,47.71477],[8.64331,47.71476]]]}},{"type":"Feature","properties":{"einwohner":15,"laut65":false,"initiative":false,"gegenvorschlag":true},"geometry":{"type":"Polygon","coordinates":[[[8.86702,47.65826],[8.86704,47.65916],[8.86571,47.65917],[8.86569,47.65827],[8.86702,47.65826]]]}},{"type":"Feature","properties":{"einwohner":19,"laut65":false,"initiative":true,"gegenvorschlag":true},"geometry":{"type":"Polygon","coordinates":[[[8.86174,47.66012],[8.86177,47.66102],[8.86044,47.66104],[8.86041,47.66014],[8.86174,47.66012]]]}},{"type":"Feature","properties":{"einwohner":31,"laut65":false,"initiative":true,"gegenvorschlag":false},"geometry":{"type":"Polygon","coordinates":[[[8.72043,47.70764],[8.72046,47.70854],[8.71912,47.70855],[8.7191,47.70765],[8.72043,47.70764]]]}},{"type":"Feature","properties":{"einwohner":51,"laut65":false,"initiative":true,"gegenvorschlag":true},"geometry":{"type":"Polygon","coordinates":[[[8.55773,47.70122],[8.55775,47.70212],[8.55642,47.70213],[8.5564,47.70124],[8.55773,47.70122]]]}},{"type":"Feature","properties":{"einwohner":61,"laut65":false,"initiative":true,"gegenvorschlag":true},"geometry":{"type":"Polygon","coordinates":[[[8.8218,47.71097],[8.82182,47.71187],[8.82049,47.71189],[8.82047,47.71099],[8.8218,47.71097]]]}},{"type":"Feature","properties":{"einwohner":6,"laut65":false,"initiative":true,"gegenvorschlag":false},"geometry":{"type":"Polygon","coordinates":[[[8.6634,47.77661],[8.66342,47.77751],[8.66208,47.77752],[8.66206,47.77662],[8.6634,47.77661]]]}},{"type":"Feature","properties":{"einwohner":14,"laut65":false,"initiative":true,"gegenvorschlag":true},"geometry":{"type":"Polygon","coordinates":[[[8.6405,47.70849],[8.64052,47.70939],[8.63919,47.7094],[8.63917,47.70851],[8.6405,47.70849]]]}},{"type":"Feature","properties":{"einwohner":10,"laut65":false,"initiative":false,"gegenvorschlag":true},"geometry":{"type":"Polygon","coordinates":[[[8.49346,47.68563],[8.49348,47.68653],[8.49215,47.68655],[8.49213,47.68565],[8.49346,47.68563]]]}},{"type":"Feature","properties":{"einwohner":35,"laut65":false,"initiative":true,"gegenvorschlag":true},"geometry":{"type":"Polygon","coordinates":[[[8.67686,47.78186],[8.67688,47.78276],[8.67555,47.78278],[8.67553,47.78188],[8.67686,47.78186]]]}},{"type":"Feature","properties":{"einwohner":65,"laut65":true,"initiative":true,"gegenvorschlag":true},"geometry":{"type":"Polygon","coordinates":[[[8.65139,47.71827],[8.65141,47.71917],[8.65007,47.71918],[8.65005,47.71829],[8.65139,47.71827]]]}},{"type":"Feature","properties":{"einwohner":55,"laut65":false,"initiative":true,"gegenvorschlag":false},"geometry":{"type":"Polygon","coordinates":[[[8.62843,47.70502],[8.62845,47.70592],[8.62712,47.70593],[8.6271,47.70503],[8.62843,47.70502]]]}},{"type":"Feature","properties":{"einwohner":29,"laut65":false,"initiative":true,"gegenvorschlag":false},"geometry":{"type":"Polygon","coordinates":[[[8.5016,47.69276],[8.50162,47.69365],[8.50029,47.69367],[8.50027,47.69277],[8.5016,47.69276]]]}},{"type":"Feature","properties":{"einwohner":4,"laut65":false,"initiative":true,"gegenvorschlag":true},"geometry":{"type":"Polygon","coordinates":[[[8.60974,47.76367],[8.60976,47.76457],[8.60843,47.76458],[8.60841,47.76368],[8.60974,47.76367]]]}},{"type":"Feature","properties":{"einwohner":35,"laut65":false,"initiative":true,"gegenvorschlag":false},"geometry":{"type":"Polygon","coordinates":[[[8.62587,47.70954],[8.62589,47.71044],[8.62455,47.71045],[8.62453,47.70955],[8.62587,47.70954]]]}},{"type":"Feature","properties":{"einwohner":15,"laut65":false,"initiative":true,"gegenvorschlag":false},"geometry":{"type":"Polygon","coordinates":[[[8.66204,47.77572],[8.66206,47.77662],[8.66073,47.77664],[8.66071,47.77574],[8.66204,47.77572]]]}},{"type":"Feature","properties":{"einwohner":16,"laut65":false,"initiative":true,"gegenvorschlag":false},"geometry":{"type":"Polygon","coordinates":[[[8.48633,47.66142],[8.48634,47.66231],[8.48501,47.66233],[8.485,47.66143],[8.48633,47.66142]]]}},{"type":"Feature","properties":{"einwohner":24,"laut65":true,"initiative":true,"gegenvorschlag":true},"geometry":{"type":"Polygon","coordinates":[[[8.52067,47.71327],[8.52069,47.71417],[8.51935,47.71418],[8.51934,47.71328],[8.52067,47.71327]]]}},{"type":"Feature","properties":{"einwohner":48,"laut65":false,"initiative":true,"gegenvorschlag":false},"geometry":{"type":"Polygon","coordinates":[[[8.62459,47.71225],[8.62461,47.71315],[8.62328,47.71317],[8.62326,47.71227],[8.62459,47.71225]]]}},{"type":"Feature","properties":{"einwohner":9,"laut65":false,"initiative":true,"gegenvorschlag":false},"geometry":{"type":"Polygon","coordinates":[[[8.8355,47.67483],[8.83553,47.67573],[8.8342,47.67575],[8.83417,47.67485],[8.8355,47.67483]]]}},{"type":"Feature","properties":{"einwohner":8,"laut65":false,"initiative":true,"gegenvorschlag":false},"geometry":{"type":"Polygon","coordinates":[[[8.47917,47.70375],[8.47919,47.70465],[8.47785,47.70466],[8.47784,47.70376],[8.47917,47.70375]]]}},{"type":"Feature","properties":{"einwohner":157,"laut65":true,"initiative":true,"gegenvorschlag":true},"geometry":{"type":"Polygon","coordinates":[[[8.60924,47.68093],[8.60926,47.68183],[8.60793,47.68184],[8.60791,47.68094],[8.60924,47.68093]]]}},{"type":"Feature","properties":{"einwohner":3,"laut65":false,"initiative":false,"gegenvorschlag":true},"geometry":{"type":"Polygon","coordinates":[[[8.82161,47.70378],[8.82163,47.70468],[8.8203,47.70469],[8.82028,47.70379],[8.82161,47.70378]]]}},{"type":"Feature","properties":{"einwohner":24,"laut65":false,"initiative":true,"gegenvorschlag":true},"geometry":{"type":"Polygon","coordinates":[[[8.50153,47.68916],[8.50155,47.69006],[8.50021,47.69007],[8.5002,47.68917],[8.50153,47.68916]]]}},{"type":"Feature","properties":{"einwohner":22,"laut65":false,"initiative":false,"gegenvorschlag":true},"geometry":{"type":"Polygon","coordinates":[[[8.46567,47.69488],[8.46569,47.69578],[8.46436,47.69579],[8.46434,47.69489],[8.46567,47.69488]]]}},{"type":"Feature","properties":{"einwohner":85,"laut65":false,"initiative":true,"gegenvorschlag":false},"geometry":{"type":"Polygon","coordinates":[[[8.57229,47.69658],[8.5723,47.69748],[8.57097,47.6975],[8.57095,47.6966],[8.57229,47.69658]]]}},{"type":"Feature","properties":{"einwohner":12,"laut65":false,"initiative":true,"gegenvorschlag":false},"geometry":{"type":"Polygon","coordinates":[[[8.62835,47.70142],[8.62837,47.70232],[8.62704,47.70233],[8.62702,47.70143],[8.62835,47.70142]]]}},{"type":"Feature","properties":{"einwohner":16,"laut65":false,"initiative":true,"gegenvorschlag":false},"geometry":{"type":"Polygon","coordinates":[[[8.46839,47.69755],[8.46841,47.69845],[8.46707,47.69846],[8.46706,47.69756],[8.46839,47.69755]]]}},{"type":"Feature","properties":{"einwohner":63,"laut65":true,"initiative":true,"gegenvorschlag":true},"geometry":{"type":"Polygon","coordinates":[[[8.63777,47.70582],[8.6378,47.70672],[8.63646,47.70673],[8.63644,47.70583],[8.63777,47.70582]]]}},{"type":"Feature","properties":{"einwohner":20,"laut65":false,"initiative":true,"gegenvorschlag":false},"geometry":{"type":"Polygon","coordinates":[[[8.78197,47.71684],[8.78199,47.71774],[8.78066,47.71775],[8.78063,47.71685],[8.78197,47.71684]]]}},{"type":"Feature","properties":{"einwohner":45,"laut65":false,"initiative":true,"gegenvorschlag":false},"geometry":{"type":"Polygon","coordinates":[[[8.4827,47.74779],[8.48272,47.74869],[8.48139,47.7487],[8.48137,47.7478],[8.4827,47.74779]]]}},{"type":"Feature","properties":{"einwohner":8,"laut65":false,"initiative":true,"gegenvorschlag":false},"geometry":{"type":"Polygon","coordinates":[[[8.72587,47.71207],[8.72589,47.71297],[8.72456,47.71299],[8.72454,47.71209],[8.72587,47.71207]]]}},{"type":"Feature","properties":{"einwohner":13,"laut65":false,"initiative":true,"gegenvorschlag":true},"geometry":{"type":"Polygon","coordinates":[[[8.66265,47.68667],[8.66267,47.68757],[8.66134,47.68759],[8.66132,47.68669],[8.66265,47.68667]]]}},{"type":"Feature","properties":{"einwohner":21,"laut65":false,"initiative":true,"gegenvorschlag":false},"geometry":{"type":"Polygon","coordinates":[[[8.83286,47.67576],[8.83289,47.67666],[8.83156,47.67668],[8.83153,47.67578],[8.83286,47.67576]]]}},{"type":"Feature","properties":{"einwohner":3,"laut65":false,"initiative":true,"gegenvorschlag":true},"geometry":{"type":"Polygon","coordinates":[[[8.85765,47.65657],[8.85768,47.65747],[8.85635,47.65749],[8.85632,47.65659],[8.85765,47.65657]]]}},{"type":"Feature","properties":{"einwohner":74,"laut65":true,"initiative":true,"gegenvorschlag":false},"geometry":{"type":"Polygon","coordinates":[[[8.62827,47.69782],[8.62829,47.69872],[8.62696,47.69874],[8.62694,47.69784],[8.62827,47.69782]]]}},{"type":"Feature","properties":{"einwohner":3,"laut65":false,"initiative":true,"gegenvorschlag":false},"geometry":{"type":"Polygon","coordinates":[[[8.65931,47.77305],[8.65933,47.77395],[8.658,47.77397],[8.65798,47.77307],[8.65931,47.77305]]]}},{"type":"Feature","properties":{"einwohner":35,"laut65":false,"initiative":true,"gegenvorschlag":false},"geometry":{"type":"Polygon","coordinates":[[[8.49077,47.75131],[8.49079,47.75221],[8.48946,47.75223],[8.48944,47.75133],[8.49077,47.75131]]]}},{"type":"Feature","properties":{"einwohner":67,"laut65":false,"initiative":true,"gegenvorschlag":true},"geometry":{"type":"Polygon","coordinates":[[[8.60652,47.67826],[8.60654,47.67916],[8.60521,47.67917],[8.60519,47.67827],[8.60652,47.67826]]]}},{"type":"Feature","properties":{"einwohner":4,"laut65":false,"initiative":true,"gegenvorschlag":false},"geometry":{"type":"Polygon","coordinates":[[[8.55742,47.68684],[8.55744,47.68773],[8.55611,47.68775],[8.55609,47.68685],[8.55742,47.68684]]]}},{"type":"Feature","properties":{"einwohner":4,"laut65":false,"initiative":true,"gegenvorschlag":false},"geometry":{"type":"Polygon","coordinates":[[[8.57118,47.58237],[8.57119,47.58327],[8.56987,47.58328],[8.56985,47.58238],[8.57118,47.58237]]]}},{"type":"Feature","properties":{"einwohner":11,"laut65":false,"initiative":true,"gegenvorschlag":true},"geometry":{"type":"Polygon","coordinates":[[[8.49753,47.6892],[8.49755,47.69009],[8.49622,47.69011],[8.4962,47.68921],[8.49753,47.6892]]]}},{"type":"Feature","properties":{"einwohner":14,"laut65":false,"initiative":false,"gegenvorschlag":true},"geometry":{"type":"Polygon","coordinates":[[[8.43445,47.66367],[8.43446,47.66457],[8.43313,47.66458],[8.43312,47.66368],[8.43445,47.66367]]]}},{"type":"Feature","properties":{"einwohner":6,"laut65":false,"initiative":false,"gegenvorschlag":true},"geometry":{"type":"Polygon","coordinates":[[[8.68095,47.78542],[8.68097,47.78632],[8.67964,47.78633],[8.67962,47.78543],[8.68095,47.78542]]]}},{"type":"Feature","properties":{"einwohner":58,"laut65":true,"initiative":true,"gegenvorschlag":true},"geometry":{"type":"Polygon","coordinates":[[[8.58028,47.69651],[8.5803,47.69741],[8.57896,47.69742],[8.57895,47.69652],[8.58028,47.69651]]]}},{"type":"Feature","properties":{"einwohner":30,"laut65":false,"initiative":true,"gegenvorschlag":true},"geometry":{"type":"Polygon","coordinates":[[[8.6649,47.72622],[8.66492,47.72712],[8.66359,47.72714],[8.66356,47.72624],[8.6649,47.72622]]]}},{"type":"Feature","properties":{"einwohner":7,"laut65":false,"initiative":true,"gegenvorschlag":false},"geometry":{"type":"Polygon","coordinates":[[[8.47863,47.74423],[8.47865,47.74513],[8.47732,47.74514],[8.4773,47.74424],[8.47863,47.74423]]]}},{"type":"Feature","properties":{"einwohner":13,"laut65":false,"initiative":true,"gegenvorschlag":false},"geometry":{"type":"Polygon","coordinates":[[[8.66821,47.75407],[8.66823,47.75497],[8.6669,47.75499],[8.66688,47.75409],[8.66821,47.75407]]]}},{"type":"Feature","properties":{"einwohner":12,"laut65":false,"initiative":true,"gegenvorschlag":true},"geometry":{"type":"Polygon","coordinates":[[[8.46539,47.68049],[8.46541,47.68139],[8.46408,47.6814],[8.46406,47.6805],[8.46539,47.68049]]]}},{"type":"Feature","properties":{"einwohner":29,"laut65":false,"initiative":true,"gegenvorschlag":true},"geometry":{"type":"Polygon","coordinates":[[[8.66481,47.72263],[8.66483,47.72353],[8.6635,47.72354],[8.66348,47.72264],[8.66481,47.72263]]]}},{"type":"Feature","properties":{"einwohner":30,"laut65":false,"initiative":true,"gegenvorschlag":true},"geometry":{"type":"Polygon","coordinates":[[[8.67822,47.78275],[8.67824,47.78365],[8.67691,47.78366],[8.67688,47.78276],[8.67822,47.78275]]]}},{"type":"Feature","properties":{"einwohner":31,"laut65":true,"initiative":true,"gegenvorschlag":true},"geometry":{"type":"Polygon","coordinates":[[[8.57628,47.69655],[8.5763,47.69744],[8.57497,47.69746],[8.57495,47.69656],[8.57628,47.69655]]]}},{"type":"Feature","properties":{"einwohner":52,"laut65":false,"initiative":true,"gegenvorschlag":false},"geometry":{"type":"Polygon","coordinates":[[[8.69486,47.75289],[8.69488,47.75379],[8.69354,47.7538],[8.69352,47.7529],[8.69486,47.75289]]]}},{"type":"Feature","properties":{"einwohner":19,"laut65":false,"initiative":true,"gegenvorschlag":false},"geometry":{"type":"Polygon","coordinates":[[[8.48768,47.6623],[8.48769,47.6632],[8.48636,47.66321],[8.48634,47.66231],[8.48768,47.6623]]]}},{"type":"Feature","properties":{"einwohner":31,"laut65":false,"initiative":true,"gegenvorschlag":false},"geometry":{"type":"Polygon","coordinates":[[[8.70686,47.75276],[8.70688,47.75366],[8.70555,47.75367],[8.70552,47.75277],[8.70686,47.75276]]]}},{"type":"Feature","properties":{"einwohner":149,"laut65":true,"initiative":true,"gegenvorschlag":true},"geometry":{"type":"Polygon","coordinates":[[[8.61059,47.68181],[8.61061,47.68271],[8.60928,47.68273],[8.60926,47.68183],[8.61059,47.68181]]]}},{"type":"Feature","properties":{"einwohner":27,"laut65":false,"initiative":false,"gegenvorschlag":true},"geometry":{"type":"Polygon","coordinates":[[[8.86438,47.65919],[8.86441,47.66009],[8.86307,47.6601],[8.86305,47.6592],[8.86438,47.65919]]]}},{"type":"Feature","properties":{"einwohner":62,"laut65":true,"initiative":true,"gegenvorschlag":true},"geometry":{"type":"Polygon","coordinates":[[[8.57364,47.69747],[8.57366,47.69837],[8.57232,47.69838],[8.5723,47.69748],[8.57364,47.69747]]]}},{"type":"Feature","properties":{"einwohner":31,"laut65":false,"initiative":true,"gegenvorschlag":true},"geometry":{"type":"Polygon","coordinates":[[[8.61093,47.75736],[8.61095,47.75826],[8.60962,47.75827],[8.6096,47.75737],[8.61093,47.75736]]]}},{"type":"Feature","properties":{"einwohner":86,"laut65":false,"initiative":true,"gegenvorschlag":true},"geometry":{"type":"Polygon","coordinates":[[[8.65001,47.71649],[8.65003,47.71739],[8.6487,47.7174],[8.64868,47.7165],[8.65001,47.71649]]]}},{"type":"Feature","properties":{"einwohner":48,"laut65":false,"initiative":true,"gegenvorschlag":true},"geometry":{"type":"Polygon","coordinates":[[[8.63905,47.70311],[8.63907,47.70401],[8.63773,47.70402],[8.63771,47.70312],[8.63905,47.70311]]]}},{"type":"Feature","properties":{"einwohner":12,"laut65":false,"initiative":true,"gegenvorschlag":false},"geometry":{"type":"Polygon","coordinates":[[[8.65498,47.75871],[8.655,47.75961],[8.65367,47.75962],[8.65365,47.75872],[8.65498,47.75871]]]}},{"type":"Feature","properties":{"einwohner":7,"laut65":false,"initiative":true,"gegenvorschlag":false},"geometry":{"type":"Polygon","coordinates":[[[8.49212,47.7522],[8.49214,47.7531],[8.49081,47.75311],[8.49079,47.75221],[8.49212,47.7522]]]}},{"type":"Feature","properties":{"einwohner":49,"laut65":false,"initiative":true,"gegenvorschlag":true},"geometry":{"type":"Polygon","coordinates":[[[8.60787,47.67914],[8.60789,47.68004],[8.60656,47.68006],[8.60654,47.67916],[8.60787,47.67914]]]}},{"type":"Feature","properties":{"einwohner":68,"laut65":true,"initiative":true,"gegenvorschlag":false},"geometry":{"type":"Polygon","coordinates":[[[8.62954,47.69511],[8.62956,47.69601],[8.62823,47.69603],[8.62821,47.69513],[8.62954,47.69511]]]}},{"type":"Feature","properties":{"einwohner":3,"laut65":true,"initiative":true,"gegenvorschlag":false},"geometry":{"type":"Polygon","coordinates":[[[8.62698,47.69964],[8.627,47.70054],[8.62566,47.70055],[8.62564,47.69965],[8.62698,47.69964]]]}},{"type":"Feature","properties":{"einwohner":6,"laut65":false,"initiative":true,"gegenvorschlag":false},"geometry":{"type":"Polygon","coordinates":[[[8.5045,47.70442],[8.50452,47.70532],[8.50318,47.70533],[8.50317,47.70443],[8.5045,47.70442]]]}},{"type":"Feature","properties":{"einwohner":72,"laut65":true,"initiative":true,"gegenvorschlag":true},"geometry":{"type":"Polygon","coordinates":[[[8.62131,47.6844],[8.62133,47.6853],[8.62,47.68532],[8.61997,47.68442],[8.62131,47.6844]]]}},{"type":"Feature","properties":{"einwohner":24,"laut65":false,"initiative":false,"gegenvorschlag":true},"geometry":{"type":"Polygon","coordinates":[[[8.43579,47.66456],[8.43581,47.66546],[8.43448,47.66547],[8.43446,47.66457],[8.43579,47.66456]]]}},{"type":"Feature","properties":{"einwohner":4,"laut65":false,"initiative":true,"gegenvorschlag":false},"geometry":{"type":"Polygon","coordinates":[[[8.6549,47.75511],[8.65492,47.75601],[8.65358,47.75602],[8.65356,47.75513],[8.6549,47.75511]]]}},{"type":"Feature","properties":{"einwohner":10,"laut65":false,"initiative":true,"gegenvorschlag":false},"geometry":{"type":"Polygon","coordinates":[[[8.59166,47.72967],[8.59168,47.73057],[8.59034,47.73058],[8.59032,47.72969],[8.59166,47.72967]]]}},{"type":"Feature","properties":{"einwohner":13,"laut65":false,"initiative":true,"gegenvorschlag":true},"geometry":{"type":"Polygon","coordinates":[[[8.66001,47.6876],[8.66003,47.6885],[8.6587,47.68851],[8.65868,47.68762],[8.66001,47.6876]]]}},{"type":"Feature","properties":{"einwohner":109,"laut65":true,"initiative":true,"gegenvorschlag":true},"geometry":{"type":"Polygon","coordinates":[[[8.63888,47.69592],[8.6389,47.69682],[8.63757,47.69683],[8.63755,47.69593],[8.63888,47.69592]]]}},{"type":"Feature","properties":{"einwohner":20,"laut65":false,"initiative":true,"gegenvorschlag":true},"geometry":{"type":"Polygon","coordinates":[[[8.47998,47.74512],[8.48,47.74602],[8.47867,47.74603],[8.47865,47.74513],[8.47998,47.74512]]]}},{"type":"Feature","properties":{"einwohner":3,"laut65":false,"initiative":true,"gegenvorschlag":false},"geometry":{"type":"Polygon","coordinates":[[[8.56956,47.69391],[8.56958,47.69481],[8.56825,47.69483],[8.56823,47.69393],[8.56956,47.69391]]]}},{"type":"Feature","properties":{"einwohner":14,"laut65":false,"initiative":true,"gegenvorschlag":false},"geometry":{"type":"Polygon","coordinates":[[[8.58774,47.73331],[8.58776,47.73421],[8.58642,47.73422],[8.5864,47.73332],[8.58774,47.73331]]]}},{"type":"Feature","properties":{"einwohner":30,"laut65":true,"initiative":true,"gegenvorschlag":true},"geometry":{"type":"Polygon","coordinates":[[[8.62681,47.69244],[8.62683,47.69334],[8.6255,47.69336],[8.62548,47.69246],[8.62681,47.69244]]]}},{"type":"Feature","properties":{"einwohner":181,"laut65":true,"initiative":true,"gegenvorschlag":true},"geometry":{"type":"Polygon","coordinates":[[[8.61858,47.68173],[8.6186,47.68263],[8.61727,47.68265],[8.61725,47.68175],[8.61858,47.68173]]]}},{"type":"Feature","properties":{"einwohner":7,"laut65":false,"initiative":false,"gegenvorschlag":true},"geometry":{"type":"Polygon","coordinates":[[[8.67957,47.78363],[8.67959,47.78453],[8.67826,47.78455],[8.67824,47.78365],[8.67957,47.78363]]]}},{"type":"Feature","properties":{"einwohner":4,"laut65":false,"initiative":true,"gegenvorschlag":true},"geometry":{"type":"Polygon","coordinates":[[[8.63497,47.69955],[8.63499,47.70045],[8.63366,47.70047],[8.63364,47.69957],[8.63497,47.69955]]]}},{"type":"Feature","properties":{"einwohner":12,"laut65":false,"initiative":true,"gegenvorschlag":true},"geometry":{"type":"Polygon","coordinates":[[[8.84855,47.66478],[8.84858,47.66568],[8.84725,47.66569],[8.84722,47.66479],[8.84855,47.66478]]]}},{"type":"Feature","properties":{"einwohner":24,"laut65":false,"initiative":true,"gegenvorschlag":false},"geometry":{"type":"Polygon","coordinates":[[[8.70821,47.75364],[8.70823,47.75454],[8.7069,47.75456],[8.70688,47.75366],[8.70821,47.75364]]]}},{"type":"Feature","properties":{"einwohner":76,"laut65":false,"initiative":true,"gegenvorschlag":false},"geometry":{"type":"Polygon","coordinates":[[[8.61723,47.68085],[8.61725,47.68175],[8.61592,47.68176],[8.6159,47.68086],[8.61723,47.68085]]]}},{"type":"Feature","properties":{"einwohner":47,"laut65":false,"initiative":true,"gegenvorschlag":true},"geometry":{"type":"Polygon","coordinates":[[[8.61195,47.6827],[8.61197,47.6836],[8.61063,47.68361],[8.61061,47.68271],[8.61195,47.6827]]]}},{"type":"Feature","properties":{"einwohner":7,"laut65":false,"initiative":true,"gegenvorschlag":false},"geometry":{"type":"Polygon","coordinates":[[[8.56316,47.58065],[8.56318,47.58155],[8.56185,47.58156],[8.56183,47.58066],[8.56316,47.58065]]]}},{"type":"Feature","properties":{"einwohner":74,"laut65":false,"initiative":false,"gegenvorschlag":true},"geometry":{"type":"Polygon","coordinates":[[[8.49222,47.69014],[8.49224,47.69104],[8.49091,47.69105],[8.49089,47.69015],[8.49222,47.69014]]]}},{"type":"Feature","properties":{"einwohner":15,"laut65":false,"initiative":true,"gegenvorschlag":true},"geometry":{"type":"Polygon","coordinates":[[[8.65401,47.71645],[8.65403,47.71734],[8.6527,47.71736],[8.65268,47.71646],[8.65401,47.71645]]]}},{"type":"Feature","properties":{"einwohner":10,"laut65":false,"initiative":true,"gegenvorschlag":true},"geometry":{"type":"Polygon","coordinates":[[[8.86044,47.66104],[8.86046,47.66193],[8.85913,47.66195],[8.85911,47.66105],[8.86044,47.66104]]]}},{"type":"Feature","properties":{"einwohner":38,"laut65":false,"initiative":false,"gegenvorschlag":true},"geometry":{"type":"Polygon","coordinates":[[[8.80703,47.70665],[8.80705,47.70755],[8.80572,47.70756],[8.80569,47.70667],[8.80703,47.70665]]]}},{"type":"Feature","properties":{"einwohner":6,"laut65":false,"initiative":true,"gegenvorschlag":false},"geometry":{"type":"Polygon","coordinates":[[[8.65825,47.78476],[8.65827,47.78566],[8.65693,47.78567],[8.65691,47.78477],[8.65825,47.78476]]]}},{"type":"Feature","properties":{"einwohner":7,"laut65":false,"initiative":true,"gegenvorschlag":false},"geometry":{"type":"Polygon","coordinates":[[[8.71903,47.75982],[8.71905,47.76072],[8.71772,47.76073],[8.7177,47.75983],[8.71903,47.75982]]]}},{"type":"Feature","properties":{"einwohner":42,"laut65":false,"initiative":true,"gegenvorschlag":false},"geometry":{"type":"Polygon","coordinates":[[[8.70804,47.74645],[8.70806,47.74735],[8.70673,47.74736],[8.70671,47.74646],[8.70804,47.74645]]]}},{"type":"Feature","properties":{"einwohner":14,"laut65":false,"initiative":false,"gegenvorschlag":true},"geometry":{"type":"Polygon","coordinates":[[[8.67932,47.77284],[8.67934,47.77374],[8.67801,47.77375],[8.67799,47.77286],[8.67932,47.77284]]]}},{"type":"Feature","properties":{"einwohner":20,"laut65":false,"initiative":true,"gegenvorschlag":false},"geometry":{"type":"Polygon","coordinates":[[[8.66392,47.74153],[8.66394,47.74242],[8.66261,47.74244],[8.66259,47.74154],[8.66392,47.74153]]]}},{"type":"Feature","properties":{"einwohner":47,"laut65":false,"initiative":true,"gegenvorschlag":true},"geometry":{"type":"Polygon","coordinates":[[[8.46646,47.66699],[8.46648,47.66789],[8.46515,47.6679],[8.46513,47.667],[8.46646,47.66699]]]}},{"type":"Feature","properties":{"einwohner":26,"laut65":true,"initiative":true,"gegenvorschlag":true},"geometry":{"type":"Polygon","coordinates":[[[8.51935,47.71418],[8.51937,47.71508],[8.51804,47.71509],[8.51802,47.71419],[8.51935,47.71418]]]}},{"type":"Feature","properties":{"einwohner":19,"laut65":false,"initiative":true,"gegenvorschlag":true},"geometry":{"type":"Polygon","coordinates":[[[8.61221,47.75465],[8.61223,47.75555],[8.61089,47.75556],[8.61087,47.75466],[8.61221,47.75465]]]}},{"type":"Feature","properties":{"einwohner":53,"laut65":false,"initiative":true,"gegenvorschlag":false},"geometry":{"type":"Polygon","coordinates":[[[8.62072,47.71769],[8.62074,47.71859],[8.6194,47.7186],[8.61938,47.7177],[8.62072,47.71769]]]}},{"type":"Feature","properties":{"einwohner":8,"laut65":false,"initiative":true,"gegenvorschlag":false},"geometry":{"type":"Polygon","coordinates":[[[8.83165,47.68027],[8.83168,47.68117],[8.83034,47.68119],[8.83032,47.68029],[8.83165,47.68027]]]}},{"type":"Feature","properties":{"einwohner":24,"laut65":false,"initiative":true,"gegenvorschlag":true},"geometry":{"type":"Polygon","coordinates":[[[8.64177,47.70578],[8.64179,47.70668],[8.64046,47.70669],[8.64044,47.70579],[8.64177,47.70578]]]}},{"type":"Feature","properties":{"einwohner":82,"laut65":false,"initiative":true,"gegenvorschlag":false},"geometry":{"type":"Polygon","coordinates":[[[8.70413,47.75009],[8.70415,47.75099],[8.70281,47.751],[8.70279,47.7501],[8.70413,47.75009]]]}},{"type":"Feature","properties":{"einwohner":5,"laut65":false,"initiative":true,"gegenvorschlag":false},"geometry":{"type":"Polygon","coordinates":[[[8.53107,47.76533],[8.53109,47.76623],[8.52976,47.76625],[8.52974,47.76535],[8.53107,47.76533]]]}},{"type":"Feature","properties":{"einwohner":30,"laut65":false,"initiative":true,"gegenvorschlag":true},"geometry":{"type":"Polygon","coordinates":[[[8.46911,47.66607],[8.46913,47.66697],[8.4678,47.66698],[8.46778,47.66608],[8.46911,47.66607]]]}},{"type":"Feature","properties":{"einwohner":20,"laut65":false,"initiative":true,"gegenvorschlag":true},"geometry":{"type":"Polygon","coordinates":[[[8.46382,47.66791],[8.46384,47.66881],[8.46251,47.66882],[8.46249,47.66792],[8.46382,47.66791]]]}},{"type":"Feature","properties":{"einwohner":3,"laut65":false,"initiative":true,"gegenvorschlag":false},"geometry":{"type":"Polygon","coordinates":[[[8.83156,47.67668],[8.83158,47.67758],[8.83025,47.67759],[8.83023,47.67669],[8.83156,47.67668]]]}},{"type":"Feature","properties":{"einwohner":68,"laut65":false,"initiative":true,"gegenvorschlag":true},"geometry":{"type":"Polygon","coordinates":[[[8.64552,47.69495],[8.64554,47.69585],[8.64421,47.69586],[8.64419,47.69496],[8.64552,47.69495]]]}},{"type":"Feature","properties":{"einwohner":10,"laut65":false,"initiative":false,"gegenvorschlag":true},"geometry":{"type":"Polygon","coordinates":[[[8.70531,47.74378],[8.70533,47.74468],[8.704,47.74469],[8.70398,47.74379],[8.70531,47.74378]]]}},{"type":"Feature","properties":{"einwohner":38,"laut65":false,"initiative":true,"gegenvorschlag":false},"geometry":{"type":"Polygon","coordinates":[[[8.6709,47.75494],[8.67092,47.75584],[8.66959,47.75586],[8.66956,47.75496],[8.6709,47.75494]]]}},{"type":"Feature","properties":{"einwohner":14,"laut65":false,"initiative":false,"gegenvorschlag":true},"geometry":{"type":"Polygon","coordinates":[[[8.78619,47.72578],[8.78622,47.72668],[8.78488,47.7267],[8.78486,47.7258],[8.78619,47.72578]]]}},{"type":"Feature","properties":{"einwohner":74,"laut65":true,"initiative":true,"gegenvorschlag":true},"geometry":{"type":"Polygon","coordinates":[[[8.81102,47.7066],[8.81105,47.7075],[8.80971,47.70752],[8.80969,47.70662],[8.81102,47.7066]]]}},{"type":"Feature","properties":{"einwohner":14,"laut65":false,"initiative":true,"gegenvorschlag":true},"geometry":{"type":"Polygon","coordinates":[[[8.70139,47.74742],[8.70142,47.74832],[8.70008,47.74833],[8.70006,47.74743],[8.70139,47.74742]]]}},{"type":"Feature","properties":{"einwohner":3,"laut65":false,"initiative":true,"gegenvorschlag":true},"geometry":{"type":"Polygon","coordinates":[[[8.61434,47.7906],[8.61436,47.7915],[8.61303,47.79152],[8.61301,47.79062],[8.61434,47.7906]]]}},{"type":"Feature","properties":{"einwohner":36,"laut65":true,"initiative":true,"gegenvorschlag":true},"geometry":{"type":"Polygon","coordinates":[[[8.64153,47.69499],[8.64155,47.69589],[8.64021,47.6959],[8.64019,47.695],[8.64153,47.69499]]]}},{"type":"Feature","properties":{"einwohner":72,"laut65":false,"initiative":true,"gegenvorschlag":true},"geometry":{"type":"Polygon","coordinates":[[[8.45772,47.69675],[8.45773,47.69765],[8.4564,47.69766],[8.45638,47.69676],[8.45772,47.69675]]]}},{"type":"Feature","properties":{"einwohner":14,"laut65":false,"initiative":true,"gegenvorschlag":true},"geometry":{"type":"Polygon","coordinates":[[[8.80838,47.70753],[8.80841,47.70843],[8.80707,47.70845],[8.80705,47.70755],[8.80838,47.70753]]]}},{"type":"Feature","properties":{"einwohner":22,"laut65":false,"initiative":true,"gegenvorschlag":false},"geometry":{"type":"Polygon","coordinates":[[[8.48674,47.74955],[8.48676,47.75045],[8.48542,47.75046],[8.4854,47.74956],[8.48674,47.74955]]]}},{"type":"Feature","properties":{"einwohner":13,"laut65":false,"initiative":true,"gegenvorschlag":true},"geometry":{"type":"Polygon","coordinates":[[[8.52463,47.71143],[8.52465,47.71233],[8.52331,47.71234],[8.5233,47.71144],[8.52463,47.71143]]]}},{"type":"Feature","properties":{"einwohner":9,"laut65":false,"initiative":true,"gegenvorschlag":true},"geometry":{"type":"Polygon","coordinates":[[[8.45765,47.69315],[8.45766,47.69405],[8.45633,47.69406],[8.45631,47.69316],[8.45765,47.69315]]]}},{"type":"Feature","properties":{"einwohner":22,"laut65":true,"initiative":true,"gegenvorschlag":true},"geometry":{"type":"Polygon","coordinates":[[[8.8617,47.65832],[8.86172,47.65922],[8.86039,47.65924],[8.86036,47.65834],[8.8617,47.65832]]]}},{"type":"Feature","properties":{"einwohner":44,"laut65":false,"initiative":true,"gegenvorschlag":true},"geometry":{"type":"Polygon","coordinates":[[[8.6974,47.74746],[8.69742,47.74836],[8.69608,47.74838],[8.69606,47.74748],[8.6974,47.74746]]]}},{"type":"Feature","properties":{"einwohner":3,"laut65":true,"initiative":true,"gegenvorschlag":true},"geometry":{"type":"Polygon","coordinates":[[[8.60552,47.69356],[8.60554,47.69446],[8.60421,47.69447],[8.60419,47.69357],[8.60552,47.69356]]]}},{"type":"Feature","properties":{"einwohner":91,"laut65":false,"initiative":true,"gegenvorschlag":false},"geometry":{"type":"Polygon","coordinates":[[[8.62591,47.71134],[8.62593,47.71224],[8.62459,47.71225],[8.62457,47.71135],[8.62591,47.71134]]]}},{"type":"Feature","properties":{"einwohner":4,"laut65":false,"initiative":true,"gegenvorschlag":true},"geometry":{"type":"Polygon","coordinates":[[[8.65079,47.69219],[8.65081,47.69309],[8.64948,47.69311],[8.64946,47.69221],[8.65079,47.69219]]]}},{"type":"Feature","properties":{"einwohner":6,"laut65":false,"initiative":true,"gegenvorschlag":false},"geometry":{"type":"Polygon","coordinates":[[[8.71775,47.70677],[8.71777,47.70767],[8.71644,47.70768],[8.71642,47.70678],[8.71775,47.70677]]]}},{"type":"Feature","properties":{"einwohner":29,"laut65":false,"initiative":true,"gegenvorschlag":false},"geometry":{"type":"Polygon","coordinates":[[[8.50156,47.69096],[8.50158,47.69186],[8.50025,47.69187],[8.50023,47.69097],[8.50156,47.69096]]]}},{"type":"Feature","properties":{"einwohner":30,"laut65":false,"initiative":true,"gegenvorschlag":true},"geometry":{"type":"Polygon","coordinates":[[[8.46571,47.69668],[8.46573,47.69758],[8.46439,47.69759],[8.46438,47.69669],[8.46571,47.69668]]]}},{"type":"Feature","properties":{"einwohner":14,"laut65":false,"initiative":true,"gegenvorschlag":false},"geometry":{"type":"Polygon","coordinates":[[[8.78328,47.71592],[8.7833,47.71682],[8.78197,47.71684],[8.78194,47.71594],[8.78328,47.71592]]]}},{"type":"Feature","properties":{"einwohner":44,"laut65":false,"initiative":true,"gegenvorschlag":true},"geometry":{"type":"Polygon","coordinates":[[[8.60288,47.69448],[8.6029,47.69538],[8.60157,47.6954],[8.60155,47.6945],[8.60288,47.69448]]]}},{"type":"Feature","properties":{"einwohner":44,"laut65":true,"initiative":true,"gegenvorschlag":true},"geometry":{"type":"Polygon","coordinates":[[[8.63782,47.70762],[8.63784,47.70852],[8.6365,47.70853],[8.63648,47.70763],[8.63782,47.70762]]]}},{"type":"Feature","properties":{"einwohner":42,"laut65":false,"initiative":true,"gegenvorschlag":true},"geometry":{"type":"Polygon","coordinates":[[[8.47046,47.66695],[8.47048,47.66785],[8.46914,47.66786],[8.46913,47.66697],[8.47046,47.66695]]]}},{"type":"Feature","properties":{"einwohner":129,"laut65":false,"initiative":true,"gegenvorschlag":false},"geometry":{"type":"Polygon","coordinates":[[[8.62199,47.71498],[8.62201,47.71588],[8.62068,47.71589],[8.62066,47.71499],[8.62199,47.71498]]]}},{"type":"Feature","properties":{"einwohner":64,"laut65":true,"initiative":true,"gegenvorschlag":true},"geometry":{"type":"Polygon","coordinates":[[[8.46306,47.6976],[8.46308,47.6985],[8.46175,47.69851],[8.46173,47.69761],[8.46306,47.6976]]]}},{"type":"Feature","properties":{"einwohner":48,"laut65":false,"initiative":true,"gegenvorschlag":false},"geometry":{"type":"Polygon","coordinates":[[[8.67225,47.75583],[8.67227,47.75673],[8.67094,47.75674],[8.67092,47.75584],[8.67225,47.75583]]]}},{"type":"Feature","properties":{"einwohner":30,"laut65":false,"initiative":true,"gegenvorschlag":false},"geometry":{"type":"Polygon","coordinates":[[[8.66254,47.73974],[8.66256,47.74064],[8.66123,47.74065],[8.66121,47.73976],[8.66254,47.73974]]]}},{"type":"Feature","properties":{"einwohner":14,"laut65":false,"initiative":true,"gegenvorschlag":true},"geometry":{"type":"Polygon","coordinates":[[[8.85761,47.65477],[8.85763,47.65567],[8.8563,47.65569],[8.85628,47.65479],[8.85761,47.65477]]]}},{"type":"Feature","properties":{"einwohner":3,"laut65":true,"initiative":false,"gegenvorschlag":true},"geometry":{"type":"Polygon","coordinates":[[[8.49885,47.68828],[8.49886,47.68918],[8.49753,47.6892],[8.49751,47.6883],[8.49885,47.68828]]]}},{"type":"Feature","properties":{"einwohner":60,"laut65":true,"initiative":true,"gegenvorschlag":true},"geometry":{"type":"Polygon","coordinates":[[[8.55105,47.70039],[8.55107,47.70129],[8.54974,47.7013],[8.54972,47.7004],[8.55105,47.70039]]]}},{"type":"Feature","properties":{"einwohner":6,"laut65":false,"initiative":true,"gegenvorschlag":false},"geometry":{"type":"Polygon","coordinates":[[[8.49757,47.69099],[8.49759,47.69189],[8.49625,47.69191],[8.49624,47.69101],[8.49757,47.69099]]]}},{"type":"Feature","properties":{"einwohner":36,"laut65":false,"initiative":true,"gegenvorschlag":false},"geometry":{"type":"Polygon","coordinates":[[[8.66246,47.73614],[8.66248,47.73704],[8.66115,47.73706],[8.66113,47.73616],[8.66246,47.73614]]]}},{"type":"Feature","properties":{"einwohner":18,"laut65":true,"initiative":true,"gegenvorschlag":true},"geometry":{"type":"Polygon","coordinates":[[[8.59889,47.69452],[8.5989,47.69542],[8.59757,47.69544],[8.59755,47.69454],[8.59889,47.69452]]]}},{"type":"Feature","properties":{"einwohner":37,"laut65":false,"initiative":true,"gegenvorschlag":false},"geometry":{"type":"Polygon","coordinates":[[[8.66119,47.73886],[8.66121,47.73976],[8.65988,47.73977],[8.65986,47.73887],[8.66119,47.73886]]]}},{"type":"Feature","properties":{"einwohner":39,"laut65":false,"initiative":true,"gegenvorschlag":false},"geometry":{"type":"Polygon","coordinates":[[[8.72319,47.7112],[8.72321,47.7121],[8.72188,47.71212],[8.72185,47.71122],[8.72319,47.7112]]]}},{"type":"Feature","properties":{"einwohner":3,"laut65":false,"initiative":true,"gegenvorschlag":false},"geometry":{"type":"Polygon","coordinates":[[[8.57114,47.58057],[8.57116,47.58147],[8.56983,47.58148],[8.56981,47.58058],[8.57114,47.58057]]]}},{"type":"Feature","properties":{"einwohner":3,"laut65":false,"initiative":false,"gegenvorschlag":true},"geometry":{"type":"Polygon","coordinates":[[[8.4975,47.6874],[8.49751,47.6883],[8.49618,47.68831],[8.49616,47.68741],[8.4975,47.6874]]]}},{"type":"Feature","properties":{"einwohner":5,"laut65":false,"initiative":false,"gegenvorschlag":true},"geometry":{"type":"Polygon","coordinates":[[[8.78736,47.71947],[8.78739,47.72037],[8.78606,47.72039],[8.78603,47.71949],[8.78736,47.71947]]]}},{"type":"Feature","properties":{"einwohner":39,"laut65":false,"initiative":true,"gegenvorschlag":true},"geometry":{"type":"Polygon","coordinates":[[[8.65605,47.68944],[8.65607,47.69034],[8.65474,47.69035],[8.65472,47.68946],[8.65605,47.68944]]]}},{"type":"Feature","properties":{"einwohner":7,"laut65":false,"initiative":true,"gegenvorschlag":false},"geometry":{"type":"Polygon","coordinates":[[[8.66817,47.75227],[8.66819,47.75317],[8.66686,47.75319],[8.66684,47.75229],[8.66817,47.75227]]]}},{"type":"Feature","properties":{"einwohner":36,"laut65":false,"initiative":true,"gegenvorschlag":false},"geometry":{"type":"Polygon","coordinates":[[[8.65846,47.73619],[8.65848,47.73709],[8.65715,47.7371],[8.65713,47.7362],[8.65846,47.73619]]]}},{"type":"Feature","properties":{"einwohner":26,"laut65":true,"initiative":true,"gegenvorschlag":true},"geometry":{"type":"Polygon","coordinates":[[[8.57759,47.69563],[8.57761,47.69653],[8.57628,47.69655],[8.57626,47.69565],[8.57759,47.69563]]]}},{"type":"Feature","properties":{"einwohner":11,"laut65":false,"initiative":true,"gegenvorschlag":true},"geometry":{"type":"Polygon","coordinates":[[[8.45893,47.69044],[8.45894,47.69134],[8.45761,47.69135],[8.45759,47.69045],[8.45893,47.69044]]]}},{"type":"Feature","properties":{"einwohner":3,"laut65":false,"initiative":false,"gegenvorschlag":true},"geometry":{"type":"Polygon","coordinates":[[[8.86569,47.65827],[8.86571,47.65917],[8.86438,47.65919],[8.86436,47.65829],[8.86569,47.65827]]]}},{"type":"Feature","properties":{"einwohner":18,"laut65":false,"initiative":true,"gegenvorschlag":false},"geometry":{"type":"Polygon","coordinates":[[[8.46706,47.69756],[8.46707,47.69846],[8.46574,47.69847],[8.46573,47.69758],[8.46706,47.69756]]]}},{"type":"Feature","properties":{"einwohner":25,"laut65":false,"initiative":true,"gegenvorschlag":false},"geometry":{"type":"Polygon","coordinates":[[[8.78463,47.71681],[8.78465,47.7177],[8.78332,47.71772],[8.7833,47.71682],[8.78463,47.71681]]]}},{"type":"Feature","properties":{"einwohner":92,"laut65":false,"initiative":true,"gegenvorschlag":false},"geometry":{"type":"Polygon","coordinates":[[[8.62718,47.70863],[8.6272,47.70953],[8.62587,47.70954],[8.62585,47.70864],[8.62718,47.70863]]]}},{"type":"Feature","properties":{"einwohner":162,"laut65":true,"initiative":true,"gegenvorschlag":true},"geometry":{"type":"Polygon","coordinates":[[[8.63917,47.70851],[8.63919,47.7094],[8.63786,47.70942],[8.63784,47.70852],[8.63917,47.70851]]]}},{"type":"Feature","properties":{"einwohner":7,"laut65":false,"initiative":true,"gegenvorschlag":true},"geometry":{"type":"Polygon","coordinates":[[[8.50284,47.68825],[8.50286,47.68915],[8.50153,47.68916],[8.50151,47.68826],[8.50284,47.68825]]]}},{"type":"Feature","properties":{"einwohner":33,"laut65":false,"initiative":true,"gegenvorschlag":true},"geometry":{"type":"Polygon","coordinates":[[[8.65005,47.71829],[8.65007,47.71918],[8.64874,47.7192],[8.64872,47.7183],[8.65005,47.71829]]]}},{"type":"Feature","properties":{"einwohner":27,"laut65":false,"initiative":true,"gegenvorschlag":true},"geometry":{"type":"Polygon","coordinates":[[[8.60841,47.76368],[8.60843,47.76458],[8.60709,47.7646],[8.60707,47.7637],[8.60841,47.76368]]]}},{"type":"Feature","properties":{"einwohner":11,"laut65":false,"initiative":true,"gegenvorschlag":false},"geometry":{"type":"Polygon","coordinates":[[[8.66071,47.77574],[8.66073,47.77664],[8.6594,47.77665],[8.65937,47.77575],[8.66071,47.77574]]]}},{"type":"Feature","properties":{"einwohner":16,"laut65":false,"initiative":true,"gegenvorschlag":false},"geometry":{"type":"Polygon","coordinates":[[[8.485,47.66143],[8.48501,47.66233],[8.48368,47.66234],[8.48366,47.66144],[8.485,47.66143]]]}},{"type":"Feature","properties":{"einwohner":4,"laut65":false,"initiative":true,"gegenvorschlag":true},"geometry":{"type":"Polygon","coordinates":[[[8.66396,47.68576],[8.66398,47.68666],[8.66265,47.68667],[8.66263,47.68577],[8.66396,47.68576]]]}},{"type":"Feature","properties":{"einwohner":12,"laut65":false,"initiative":true,"gegenvorschlag":false},"geometry":{"type":"Polygon","coordinates":[[[8.83417,47.67485],[8.8342,47.67575],[8.83286,47.67576],[8.83284,47.67486],[8.83417,47.67485]]]}},{"type":"Feature","properties":{"einwohner":26,"laut65":false,"initiative":true,"gegenvorschlag":false},"geometry":{"type":"Polygon","coordinates":[[[8.47784,47.70376],[8.47785,47.70466],[8.47652,47.70467],[8.4765,47.70378],[8.47784,47.70376]]]}},{"type":"Feature","properties":{"einwohner":6,"laut65":false,"initiative":true,"gegenvorschlag":true},"geometry":{"type":"Polygon","coordinates":[[[8.85896,47.65566],[8.85899,47.65656],[8.85765,47.65657],[8.85763,47.65567],[8.85896,47.65566]]]}},{"type":"Feature","properties":{"einwohner":18,"laut65":false,"initiative":true,"gegenvorschlag":false},"geometry":{"type":"Polygon","coordinates":[[[8.57095,47.6966],[8.57097,47.6975],[8.56964,47.69751],[8.56962,47.69661],[8.57095,47.6966]]]}},{"type":"Feature","properties":{"einwohner":23,"laut65":false,"initiative":true,"gegenvorschlag":false},"geometry":{"type":"Polygon","coordinates":[[[8.78063,47.71685],[8.78066,47.71775],[8.77932,47.71777],[8.7793,47.71687],[8.78063,47.71685]]]}},{"type":"Feature","properties":{"einwohner":4,"laut65":false,"initiative":true,"gegenvorschlag":true},"geometry":{"type":"Polygon","coordinates":[[[8.66132,47.68669],[8.66134,47.68759],[8.66001,47.6876],[8.65999,47.6867],[8.66132,47.68669]]]}},{"type":"Feature","properties":{"einwohner":12,"laut65":false,"initiative":true,"gegenvorschlag":true},"geometry":{"type":"Polygon","coordinates":[[[8.48002,47.74691],[8.48004,47.74781],[8.4787,47.74783],[8.47868,47.74693],[8.48002,47.74691]]]}},{"type":"Feature","properties":{"einwohner":54,"laut65":false,"initiative":true,"gegenvorschlag":false},"geometry":{"type":"Polygon","coordinates":[[[8.48944,47.75133],[8.48946,47.75223],[8.48812,47.75224],[8.48811,47.75134],[8.48944,47.75133]]]}},{"type":"Feature","properties":{"einwohner":20,"laut65":true,"initiative":true,"gegenvorschlag":true},"geometry":{"type":"Polygon","coordinates":[[[8.63884,47.69412],[8.63886,47.69502],[8.63753,47.69503],[8.63751,47.69413],[8.63884,47.69412]]]}},{"type":"Feature","properties":{"einwohner":43,"laut65":false,"initiative":false,"gegenvorschlag":true},"geometry":{"type":"Polygon","coordinates":[[[8.86968,47.65822],[8.86971,47.65912],[8.86837,47.65914],[8.86835,47.65824],[8.86968,47.65822]]]}},{"type":"Feature","properties":{"einwohner":87,"laut65":false,"initiative":true,"gegenvorschlag":false},"geometry":{"type":"Polygon","coordinates":[[[8.72437,47.7049],[8.72439,47.70579],[8.72306,47.70581],[8.72303,47.70491],[8.72437,47.7049]]]}},{"type":"Feature","properties":{"einwohner":3,"laut65":false,"initiative":true,"gegenvorschlag":true},"geometry":{"type":"Polygon","coordinates":[[[8.61206,47.6881],[8.61208,47.68899],[8.61075,47.68901],[8.61073,47.68811],[8.61206,47.6881]]]}},{"type":"Feature","properties":{"einwohner":90,"laut65":true,"initiative":true,"gegenvorschlag":true},"geometry":{"type":"Polygon","coordinates":[[[8.63501,47.70135],[8.63503,47.70225],[8.6337,47.70227],[8.63368,47.70137],[8.63501,47.70135]]]}},{"type":"Feature","properties":{"einwohner":34,"laut65":true,"initiative":true,"gegenvorschlag":true},"geometry":{"type":"Polygon","coordinates":[[[8.57895,47.69652],[8.57896,47.69742],[8.57763,47.69743],[8.57761,47.69653],[8.57895,47.69652]]]}},{"type":"Feature","properties":{"einwohner":3,"laut65":false,"initiative":true,"gegenvorschlag":true},"geometry":{"type":"Polygon","coordinates":[[[8.64214,47.72197],[8.64216,47.72286],[8.64083,47.72288],[8.64081,47.72198],[8.64214,47.72197]]]}},{"type":"Feature","properties":{"einwohner":86,"laut65":false,"initiative":true,"gegenvorschlag":true},"geometry":{"type":"Polygon","coordinates":[[[8.60384,47.67738],[8.60386,47.67828],[8.60253,47.6783],[8.60251,47.6774],[8.60384,47.67738]]]}},{"type":"Feature","properties":{"einwohner":22,"laut65":false,"initiative":true,"gegenvorschlag":false},"geometry":{"type":"Polygon","coordinates":[[[8.66356,47.72624],[8.66359,47.72714],[8.66225,47.72715],[8.66223,47.72625],[8.66356,47.72624]]]}},{"type":"Feature","properties":{"einwohner":37,"laut65":false,"initiative":true,"gegenvorschlag":true},"geometry":{"type":"Polygon","coordinates":[[[8.64333,47.71566],[8.64335,47.71656],[8.64202,47.71657],[8.642,47.71567],[8.64333,47.71566]]]}},{"type":"Feature","properties":{"einwohner":15,"laut65":false,"initiative":false,"gegenvorschlag":true},"geometry":{"type":"Polygon","coordinates":[[[8.4587,47.748],[8.45872,47.7489],[8.45739,47.74891],[8.45737,47.74801],[8.4587,47.748]]]}},{"type":"Feature","properties":{"einwohner":82,"laut65":false,"initiative":true,"gegenvorschlag":true},"geometry":{"type":"Polygon","coordinates":[[[8.61199,47.6845],[8.612,47.6854],[8.61067,47.68541],[8.61065,47.68451],[8.61199,47.6845]]]}},{"type":"Feature","properties":{"einwohner":26,"laut65":false,"initiative":true,"gegenvorschlag":false},"geometry":{"type":"Polygon","coordinates":[[[8.72046,47.70854],[8.72048,47.70944],[8.71915,47.70945],[8.71912,47.70855],[8.72046,47.70854]]]}},{"type":"Feature","properties":{"einwohner":38,"laut65":true,"initiative":true,"gegenvorschlag":true},"geometry":{"type":"Polygon","coordinates":[[[8.66348,47.72264],[8.6635,47.72354],[8.66217,47.72356],[8.66215,47.72266],[8.66348,47.72264]]]}},{"type":"Feature","properties":{"einwohner":72,"laut65":true,"initiative":true,"gegenvorschlag":true},"geometry":{"type":"Polygon","coordinates":[[[8.64052,47.70939],[8.64054,47.71029],[8.63921,47.7103],[8.63919,47.7094],[8.64052,47.70939]]]}},{"type":"Feature","properties":{"einwohner":3,"laut65":false,"initiative":true,"gegenvorschlag":true},"geometry":{"type":"Polygon","coordinates":[[[8.65524,47.71194],[8.65526,47.71283],[8.65393,47.71285],[8.65391,47.71195],[8.65524,47.71194]]]}},{"type":"Feature","properties":{"einwohner":57,"laut65":true,"initiative":true,"gegenvorschlag":true},"geometry":{"type":"Polygon","coordinates":[[[8.57495,47.69656],[8.57497,47.69746],[8.57364,47.69747],[8.57362,47.69657],[8.57495,47.69656]]]}},{"type":"Feature","properties":{"einwohner":3,"laut65":false,"initiative":true,"gegenvorschlag":true},"geometry":{"type":"Polygon","coordinates":[[[8.60976,47.76457],[8.60978,47.76547],[8.60845,47.76548],[8.60843,47.76458],[8.60976,47.76457]]]}},{"type":"Feature","properties":{"einwohner":39,"laut65":false,"initiative":true,"gegenvorschlag":true},"geometry":{"type":"Polygon","coordinates":[[[8.58694,47.69644],[8.58696,47.69734],[8.58562,47.69735],[8.5856,47.69645],[8.58694,47.69644]]]}},{"type":"Feature","properties":{"einwohner":30,"laut65":false,"initiative":true,"gegenvorschlag":true},"geometry":{"type":"Polygon","coordinates":[[[8.64189,47.71118],[8.64191,47.71207],[8.64058,47.71209],[8.64056,47.71119],[8.64189,47.71118]]]}},{"type":"Feature","properties":{"einwohner":100,"laut65":true,"initiative":true,"gegenvorschlag":false},"geometry":{"type":"Polygon","coordinates":[[[8.6322,47.69509],[8.63222,47.69598],[8.63089,47.696],[8.63087,47.6951],[8.6322,47.69509]]]}},{"type":"Feature","properties":{"einwohner":53,"laut65":false,"initiative":true,"gegenvorschlag":true},"geometry":{"type":"Polygon","coordinates":[[[8.60926,47.68183],[8.60928,47.68273],[8.60795,47.68274],[8.60793,47.68184],[8.60926,47.68183]]]}},{"type":"Feature","properties":{"einwohner":7,"laut65":false,"initiative":true,"gegenvorschlag":true},"geometry":{"type":"Polygon","coordinates":[[[8.86305,47.6592],[8.86307,47.6601],[8.86174,47.66012],[8.86172,47.65922],[8.86305,47.6592]]]}},{"type":"Feature","properties":{"einwohner":8,"laut65":false,"initiative":true,"gegenvorschlag":false},"geometry":{"type":"Polygon","coordinates":[[[8.62837,47.70232],[8.62839,47.70322],[8.62706,47.70323],[8.62704,47.70233],[8.62837,47.70232]]]}},{"type":"Feature","properties":{"einwohner":50,"laut65":false,"initiative":true,"gegenvorschlag":true},"geometry":{"type":"Polygon","coordinates":[[[8.60968,47.76097],[8.6097,47.76187],[8.60837,47.76188],[8.60835,47.76098],[8.60968,47.76097]]]}},{"type":"Feature","properties":{"einwohner":67,"laut65":true,"initiative":true,"gegenvorschlag":true},"geometry":{"type":"Polygon","coordinates":[[[8.6227,47.68709],[8.62272,47.68799],[8.62139,47.688],[8.62137,47.6871],[8.6227,47.68709]]]}},{"type":"Feature","properties":{"einwohner":70,"laut65":true,"initiative":true,"gegenvorschlag":true},"geometry":{"type":"Polygon","coordinates":[[[8.55373,47.70126],[8.55375,47.70216],[8.55242,47.70217],[8.5524,47.70127],[8.55373,47.70126]]]}},{"type":"Feature","properties":{"einwohner":71,"laut65":false,"initiative":true,"gegenvorschlag":false},"geometry":{"type":"Polygon","coordinates":[[[8.70544,47.74918],[8.70546,47.75007],[8.70413,47.75009],[8.7041,47.74919],[8.70544,47.74918]]]}},{"type":"Feature","properties":{"einwohner":22,"laut65":true,"initiative":true,"gegenvorschlag":false},"geometry":{"type":"Polygon","coordinates":[[[8.62829,47.69872],[8.62831,47.69962],[8.62698,47.69964],[8.62696,47.69874],[8.62829,47.69872]]]}},{"type":"Feature","properties":{"einwohner":3,"laut65":false,"initiative":true,"gegenvorschlag":true},"geometry":{"type":"Polygon","coordinates":[[[8.64741,47.71921],[8.64743,47.72011],[8.6461,47.72013],[8.64608,47.71923],[8.64741,47.71921]]]}},{"type":"Feature","properties":{"einwohner":105,"laut65":false,"initiative":true,"gegenvorschlag":true},"geometry":{"type":"Polygon","coordinates":[[[8.70535,47.74558],[8.70537,47.74648],[8.70404,47.74649],[8.70402,47.74559],[8.70535,47.74558]]]}},{"type":"Feature","properties":{"einwohner":153,"laut65":false,"initiative":true,"gegenvorschlag":true},"geometry":{"type":"Polygon","coordinates":[[[8.64019,47.695],[8.64021,47.6959],[8.63888,47.69592],[8.63886,47.69502],[8.64019,47.695]]]}},{"type":"Feature","properties":{"einwohner":26,"laut65":false,"initiative":true,"gegenvorschlag":true},"geometry":{"type":"Polygon","coordinates":[[[8.61997,47.68442],[8.62,47.68532],[8.61866,47.68533],[8.61864,47.68443],[8.61997,47.68442]]]}},{"type":"Feature","properties":{"einwohner":5,"laut65":false,"initiative":false,"gegenvorschlag":true},"geometry":{"type":"Polygon","coordinates":[[[8.68097,47.78632],[8.68099,47.78721],[8.67966,47.78723],[8.67964,47.78633],[8.68097,47.78632]]]}},{"type":"Feature","properties":{"einwohner":20,"laut65":false,"initiative":true,"gegenvorschlag":false},"geometry":{"type":"Polygon","coordinates":[[[8.65356,47.75513],[8.65358,47.75602],[8.65225,47.75604],[8.65223,47.75514],[8.65356,47.75513]]]}},{"type":"Feature","properties":{"einwohner":20,"laut65":false,"initiative":true,"gegenvorschlag":false},"geometry":{"type":"Polygon","coordinates":[[[8.59032,47.72969],[8.59034,47.73058],[8.58901,47.7306],[8.58899,47.7297],[8.59032,47.72969]]]}},{"type":"Feature","properties":{"einwohner":42,"laut65":true,"initiative":true,"gegenvorschlag":true},"geometry":{"type":"Polygon","coordinates":[[[8.60519,47.67827],[8.60521,47.67917],[8.60388,47.67918],[8.60386,47.67828],[8.60519,47.67827]]]}},{"type":"Feature","properties":{"einwohner":51,"laut65":false,"initiative":true,"gegenvorschlag":false},"geometry":{"type":"Polygon","coordinates":[[[8.50182,47.70355],[8.50183,47.70445],[8.5005,47.70446],[8.50048,47.70356],[8.50182,47.70355]]]}},{"type":"Feature","properties":{"einwohner":73,"laut65":true,"initiative":true,"gegenvorschlag":true},"geometry":{"type":"Polygon","coordinates":[[[8.63628,47.69864],[8.6363,47.69954],[8.63497,47.69955],[8.63495,47.69865],[8.63628,47.69864]]]}},{"type":"Feature","properties":{"einwohner":24,"laut65":false,"initiative":false,"gegenvorschlag":true},"geometry":{"type":"Polygon","coordinates":[[[8.49089,47.69015],[8.49091,47.69105],[8.48958,47.69107],[8.48956,47.69017],[8.49089,47.69015]]]}},{"type":"Feature","properties":{"einwohner":23,"laut65":false,"initiative":true,"gegenvorschlag":true},"geometry":{"type":"Polygon","coordinates":[[[8.70135,47.74562],[8.70137,47.74652],[8.70004,47.74654],[8.70002,47.74564],[8.70135,47.74562]]]}},{"type":"Feature","properties":{"einwohner":23,"laut65":false,"initiative":true,"gegenvorschlag":true},"geometry":{"type":"Polygon","coordinates":[[[8.54709,47.70222],[8.54711,47.70312],[8.54578,47.70314],[8.54576,47.70224],[8.54709,47.70222]]]}},{"type":"Feature","properties":{"einwohner":22,"laut65":false,"initiative":true,"gegenvorschlag":false},"geometry":{"type":"Polygon","coordinates":[[[8.5864,47.73332],[8.58642,47.73422],[8.58509,47.73423],[8.58507,47.73334],[8.5864,47.73332]]]}},{"type":"Feature","properties":{"einwohner":12,"laut65":false,"initiative":true,"gegenvorschlag":false},"geometry":{"type":"Polygon","coordinates":[[[8.49034,47.66228],[8.49036,47.66318],[8.48902,47.66319],[8.48901,47.66229],[8.49034,47.66228]]]}},{"type":"Feature","properties":{"einwohner":50,"laut65":false,"initiative":true,"gegenvorschlag":true},"geometry":{"type":"Polygon","coordinates":[[[8.45768,47.69495],[8.4577,47.69585],[8.45637,47.69586],[8.45635,47.69496],[8.45768,47.69495]]]}},{"type":"Feature","properties":{"einwohner":4,"laut65":false,"initiative":false,"gegenvorschlag":true},"geometry":{"type":"Polygon","coordinates":[[[8.46534,47.67779],[8.46536,47.67869],[8.46403,47.6787],[8.46401,47.6778],[8.46534,47.67779]]]}},{"type":"Feature","properties":{"einwohner":20,"laut65":false,"initiative":true,"gegenvorschlag":false},"geometry":{"type":"Polygon","coordinates":[[[8.4991,47.70087],[8.49912,47.70177],[8.49778,47.70178],[8.49777,47.70089],[8.4991,47.70087]]]}},{"type":"Feature","properties":{"einwohner":20,"laut65":false,"initiative":true,"gegenvorschlag":false},"geometry":{"type":"Polygon","coordinates":[[[8.65956,47.78384],[8.65958,47.78474],[8.65825,47.78476],[8.65823,47.78386],[8.65956,47.78384]]]}},{"type":"Feature","properties":{"einwohner":3,"laut65":false,"initiative":true,"gegenvorschlag":false},"geometry":{"type":"Polygon","coordinates":[[[8.72034,47.75891],[8.72036,47.7598],[8.71903,47.75982],[8.71901,47.75892],[8.72034,47.75891]]]}},{"type":"Feature","properties":{"einwohner":13,"laut65":false,"initiative":true,"gegenvorschlag":true},"geometry":{"type":"Polygon","coordinates":[[[8.87638,47.65994],[8.87641,47.66084],[8.87508,47.66085],[8.87505,47.65996],[8.87638,47.65994]]]}},{"type":"Feature","properties":{"einwohner":22,"laut65":false,"initiative":true,"gegenvorschlag":true},"geometry":{"type":"Polygon","coordinates":[[[8.68063,47.77193],[8.68065,47.77283],[8.67932,47.77284],[8.6793,47.77194],[8.68063,47.77193]]]}},{"type":"Feature","properties":{"einwohner":4,"laut65":false,"initiative":true,"gegenvorschlag":false},"geometry":{"type":"Polygon","coordinates":[[[8.70679,47.75006],[8.70681,47.75096],[8.70548,47.75097],[8.70546,47.75007],[8.70679,47.75006]]]}},{"type":"Feature","properties":{"einwohner":3,"laut65":false,"initiative":true,"gegenvorschlag":false},"geometry":{"type":"Polygon","coordinates":[[[8.65691,47.78477],[8.65693,47.78567],[8.6556,47.78568],[8.65558,47.78478],[8.65691,47.78477]]]}},{"type":"Feature","properties":{"einwohner":3,"laut65":false,"initiative":true,"gegenvorschlag":true},"geometry":{"type":"Polygon","coordinates":[[[8.81906,47.70831],[8.81909,47.70921],[8.81775,47.70922],[8.81773,47.70832],[8.81906,47.70831]]]}},{"type":"Feature","properties":{"einwohner":16,"laut65":false,"initiative":true,"gegenvorschlag":true},"geometry":{"type":"Polygon","coordinates":[[[8.67799,47.77286],[8.67801,47.77375],[8.67667,47.77377],[8.67665,47.77287],[8.67799,47.77286]]]}},{"type":"Feature","properties":{"einwohner":68,"laut65":false,"initiative":true,"gegenvorschlag":true},"geometry":{"type":"Polygon","coordinates":[[[8.46513,47.667],[8.46515,47.6679],[8.46382,47.66791],[8.4638,47.66701],[8.46513,47.667]]]}},{"type":"Feature","properties":{"einwohner":4,"laut65":false,"initiative":true,"gegenvorschlag":true},"geometry":{"type":"Polygon","coordinates":[[[8.51802,47.71419],[8.51804,47.71509],[8.51671,47.7151],[8.51669,47.7142],[8.51802,47.71419]]]}},{"type":"Feature","properties":{"einwohner":14,"laut65":false,"initiative":true,"gegenvorschlag":true},"geometry":{"type":"Polygon","coordinates":[[[8.64683,47.69403],[8.64685,47.69493],[8.64552,47.69495],[8.6455,47.69405],[8.64683,47.69403]]]}},{"type":"Feature","properties":{"einwohner":22,"laut65":false,"initiative":true,"gegenvorschlag":false},"geometry":{"type":"Polygon","coordinates":[[[8.83032,47.68029],[8.83034,47.68119],[8.82901,47.6812],[8.82899,47.6803],[8.83032,47.68029]]]}},{"type":"Feature","properties":{"einwohner":29,"laut65":false,"initiative":true,"gegenvorschlag":false},"geometry":{"type":"Polygon","coordinates":[[[8.61811,47.72041],[8.61813,47.72131],[8.6168,47.72133],[8.61678,47.72043],[8.61811,47.72041]]]}},{"type":"Feature","properties":{"einwohner":78,"laut65":true,"initiative":true,"gegenvorschlag":true},"geometry":{"type":"Polygon","coordinates":[[[8.62133,47.6853],[8.62135,47.6862],[8.62002,47.68622],[8.62,47.68532],[8.62133,47.6853]]]}},{"type":"Feature","properties":{"einwohner":44,"laut65":false,"initiative":true,"gegenvorschlag":true},"geometry":{"type":"Polygon","coordinates":[[[8.81369,47.70657],[8.81371,47.70747],[8.81238,47.70749],[8.81236,47.70659],[8.81369,47.70657]]]}},{"type":"Feature","properties":{"einwohner":51,"laut65":false,"initiative":true,"gegenvorschlag":false},"geometry":{"type":"Polygon","coordinates":[[[8.6625,47.73794],[8.66252,47.73884],[8.66119,47.73886],[8.66117,47.73796],[8.6625,47.73794]]]}},{"type":"Feature","properties":{"einwohner":3,"laut65":false,"initiative":true,"gegenvorschlag":true},"geometry":{"type":"Polygon","coordinates":[[[8.62948,47.69242],[8.6295,47.69331],[8.62817,47.69333],[8.62815,47.69243],[8.62948,47.69242]]]}},{"type":"Feature","properties":{"einwohner":92,"laut65":true,"initiative":true,"gegenvorschlag":true},"geometry":{"type":"Polygon","coordinates":[[[8.64419,47.69496],[8.64421,47.69586],[8.64288,47.69587],[8.64286,47.69498],[8.64419,47.69496]]]}},{"type":"Feature","properties":{"einwohner":21,"laut65":false,"initiative":true,"gegenvorschlag":true},"geometry":{"type":"Polygon","coordinates":[[[8.85502,47.6575],[8.85504,47.6584],[8.85371,47.65842],[8.85369,47.65752],[8.85502,47.6575]]]}},{"type":"Feature","properties":{"einwohner":10,"laut65":false,"initiative":true,"gegenvorschlag":false},"geometry":{"type":"Polygon","coordinates":[[[8.50317,47.70443],[8.50318,47.70533],[8.50185,47.70535],[8.50183,47.70445],[8.50317,47.70443]]]}},{"type":"Feature","properties":{"einwohner":19,"laut65":false,"initiative":false,"gegenvorschlag":true},"geometry":{"type":"Polygon","coordinates":[[[8.7875,47.72487],[8.78753,47.72577],[8.78619,47.72578],[8.78617,47.72488],[8.7875,47.72487]]]}},{"type":"Feature","properties":{"einwohner":5,"laut65":false,"initiative":true,"gegenvorschlag":true},"geometry":{"type":"Polygon","coordinates":[[[8.81507,47.70835],[8.81509,47.70925],[8.81376,47.70927],[8.81373,47.70837],[8.81507,47.70835]]]}},{"type":"Feature","properties":{"einwohner":70,"laut65":false,"initiative":true,"gegenvorschlag":false},"geometry":{"type":"Polygon","coordinates":[[[8.66956,47.75496],[8.66959,47.75586],[8.66825,47.75587],[8.66823,47.75497],[8.66956,47.75496]]]}},{"type":"Feature","properties":{"einwohner":14,"laut65":false,"initiative":true,"gegenvorschlag":false},"geometry":{"type":"Polygon","coordinates":[[[8.72314,47.70941],[8.72316,47.71031],[8.72183,47.71032],[8.72181,47.70942],[8.72314,47.70941]]]}},{"type":"Feature","properties":{"einwohner":52,"laut65":false,"initiative":false,"gegenvorschlag":true},"geometry":{"type":"Polygon","coordinates":[[[8.49489,47.69012],[8.4949,47.69102],[8.49357,47.69103],[8.49355,47.69013],[8.49489,47.69012]]]}},{"type":"Feature","properties":{"einwohner":28,"laut65":false,"initiative":true,"gegenvorschlag":true},"geometry":{"type":"Polygon","coordinates":[[[8.80969,47.70662],[8.80971,47.70752],[8.80838,47.70753],[8.80836,47.70663],[8.80969,47.70662]]]}},{"type":"Feature","properties":{"einwohner":7,"laut65":false,"initiative":true,"gegenvorschlag":false},"geometry":{"type":"Polygon","coordinates":[[[8.72306,47.70581],[8.72308,47.70671],[8.72174,47.70672],[8.72172,47.70582],[8.72306,47.70581]]]}},{"type":"Feature","properties":{"einwohner":3,"laut65":false,"initiative":true,"gegenvorschlag":true},"geometry":{"type":"Polygon","coordinates":[[[8.61725,47.68175],[8.61727,47.68265],[8.61594,47.68266],[8.61592,47.68176],[8.61725,47.68175]]]}},{"type":"Feature","properties":{"einwohner":72,"laut65":false,"initiative":true,"gegenvorschlag":false},"geometry":{"type":"Polygon","coordinates":[[[8.66225,47.72715],[8.66227,47.72805],[8.66094,47.72807],[8.66092,47.72717],[8.66225,47.72715]]]}},{"type":"Feature","properties":{"einwohner":34,"laut65":false,"initiative":false,"gegenvorschlag":true},"geometry":{"type":"Polygon","coordinates":[[[8.49481,47.68652],[8.49483,47.68742],[8.4935,47.68743],[8.49348,47.68653],[8.49481,47.68652]]]}},{"type":"Feature","properties":{"einwohner":15,"laut65":false,"initiative":true,"gegenvorschlag":true},"geometry":{"type":"Polygon","coordinates":[[[8.45896,47.69224],[8.45898,47.69314],[8.45765,47.69315],[8.45763,47.69225],[8.45896,47.69224]]]}},{"type":"Feature","properties":{"einwohner":10,"laut65":false,"initiative":true,"gegenvorschlag":false},"geometry":{"type":"Polygon","coordinates":[[[8.66092,47.78473],[8.66094,47.78563],[8.6596,47.78564],[8.65958,47.78474],[8.66092,47.78473]]]}},{"type":"Feature","properties":{"einwohner":4,"laut65":false,"initiative":true,"gegenvorschlag":false},"geometry":{"type":"Polygon","coordinates":[[[8.50038,47.69816],[8.50039,47.69906],[8.49906,47.69907],[8.49904,47.69818],[8.50038,47.69816]]]}},{"type":"Feature","properties":{"einwohner":12,"laut65":false,"initiative":true,"gegenvorschlag":true},"geometry":{"type":"Polygon","coordinates":[[[8.45889,47.68864],[8.45891,47.68954],[8.45758,47.68955],[8.45756,47.68865],[8.45889,47.68864]]]}},{"type":"Feature","properties":{"einwohner":42,"laut65":true,"initiative":true,"gegenvorschlag":true},"geometry":{"type":"Polygon","coordinates":[[[8.86036,47.65834],[8.86039,47.65924],[8.85906,47.65925],[8.85903,47.65835],[8.86036,47.65834]]]}},{"type":"Feature","properties":{"einwohner":3,"laut65":false,"initiative":true,"gegenvorschlag":true},"geometry":{"type":"Polygon","coordinates":[[[8.50415,47.68734],[8.50417,47.68824],[8.50284,47.68825],[8.50282,47.68735],[8.50415,47.68734]]]}},{"type":"Feature","properties":{"einwohner":4,"laut65":false,"initiative":true,"gegenvorschlag":true},"geometry":{"type":"Polygon","coordinates":[[[8.85911,47.66105],[8.85913,47.66195],[8.8578,47.66197],[8.85778,47.66107],[8.85911,47.66105]]]}},{"type":"Feature","properties":{"einwohner":33,"laut65":false,"initiative":true,"gegenvorschlag":false},"geometry":{"type":"Polygon","coordinates":[[[8.50288,47.69005],[8.5029,47.69095],[8.50156,47.69096],[8.50155,47.69006],[8.50288,47.69005]]]}},{"type":"Feature","properties":{"einwohner":47,"laut65":false,"initiative":true,"gegenvorschlag":false},"geometry":{"type":"Polygon","coordinates":[[[8.48405,47.74868],[8.48407,47.74958],[8.48274,47.74959],[8.48272,47.74869],[8.48405,47.74868]]]}},{"type":"Feature","properties":{"einwohner":52,"laut65":true,"initiative":true,"gegenvorschlag":false},"geometry":{"type":"Polygon","coordinates":[[[8.70806,47.74735],[8.70808,47.74825],[8.70675,47.74826],[8.70673,47.74736],[8.70806,47.74735]]]}},{"type":"Feature","properties":{"einwohner":9,"laut65":false,"initiative":true,"gegenvorschlag":false},"geometry":{"type":"Polygon","coordinates":[[[8.53374,47.76531],[8.53376,47.76621],[8.53242,47.76622],[8.5324,47.76532],[8.53374,47.76531]]]}},{"type":"Feature","properties":{"einwohner":17,"laut65":false,"initiative":true,"gegenvorschlag":false},"geometry":{"type":"Polygon","coordinates":[[[8.66394,47.74242],[8.66396,47.74332],[8.66263,47.74334],[8.66261,47.74244],[8.66394,47.74242]]]}},{"type":"Feature","properties":{"einwohner":53,"laut65":false,"initiative":true,"gegenvorschlag":false},"geometry":{"type":"Polygon","coordinates":[[[8.6233,47.71406],[8.62332,47.71496],[8.62199,47.71498],[8.62197,47.71408],[8.6233,47.71406]]]}},{"type":"Feature","properties":{"einwohner":45,"laut65":true,"initiative":true,"gegenvorschlag":true},"geometry":{"type":"Polygon","coordinates":[[[8.86027,47.65474],[8.86029,47.65564],[8.85896,47.65566],[8.85894,47.65476],[8.86027,47.65474]]]}},{"type":"Feature","properties":{"einwohner":19,"laut65":true,"initiative":true,"gegenvorschlag":true},"geometry":{"type":"Polygon","coordinates":[[[8.85901,47.65745],[8.85903,47.65835],[8.8577,47.65837],[8.85768,47.65747],[8.85901,47.65745]]]}},{"type":"Feature","properties":{"einwohner":5,"laut65":false,"initiative":true,"gegenvorschlag":true},"geometry":{"type":"Polygon","coordinates":[[[8.85647,47.66198],[8.85649,47.66288],[8.85516,47.6629],[8.85514,47.662],[8.85647,47.66198]]]}},{"type":"Feature","properties":{"einwohner":4,"laut65":false,"initiative":false,"gegenvorschlag":true},"geometry":{"type":"Polygon","coordinates":[[[8.43714,47.66545],[8.43716,47.66635],[8.43583,47.66636],[8.43581,47.66546],[8.43714,47.66545]]]}},{"type":"Feature","properties":{"einwohner":20,"laut65":false,"initiative":true,"gegenvorschlag":false},"geometry":{"type":"Polygon","coordinates":[[[8.67356,47.75491],[8.67359,47.75581],[8.67225,47.75583],[8.67223,47.75493],[8.67356,47.75491]]]}},{"type":"Feature","properties":{"einwohner":17,"laut65":false,"initiative":true,"gegenvorschlag":true},"geometry":{"type":"Polygon","coordinates":[[[8.60966,47.76007],[8.60968,47.76097],[8.60835,47.76098],[8.60833,47.76009],[8.60966,47.76007]]]}},{"type":"Feature","properties":{"einwohner":51,"laut65":false,"initiative":true,"gegenvorschlag":false},"geometry":{"type":"Polygon","coordinates":[[[8.66386,47.73883],[8.66388,47.73973],[8.66254,47.73974],[8.66252,47.73884],[8.66386,47.73883]]]}},{"type":"Feature","properties":{"einwohner":56,"laut65":false,"initiative":true,"gegenvorschlag":true},"geometry":{"type":"Polygon","coordinates":[[[8.46913,47.66697],[8.46914,47.66786],[8.46781,47.66788],[8.4678,47.66698],[8.46913,47.66697]]]}},{"type":"Feature","properties":{"einwohner":18,"laut65":false,"initiative":true,"gegenvorschlag":false},"geometry":{"type":"Polygon","coordinates":[[[8.83158,47.67758],[8.8316,47.67847],[8.83027,47.67849],[8.83025,47.67759],[8.83158,47.67758]]]}},{"type":"Feature","properties":{"einwohner":27,"laut65":false,"initiative":true,"gegenvorschlag":true},"geometry":{"type":"Polygon","coordinates":[[[8.48133,47.746],[8.48135,47.7469],[8.48002,47.74691],[8.48,47.74602],[8.48133,47.746]]]}},{"type":"Feature","properties":{"einwohner":16,"laut65":true,"initiative":true,"gegenvorschlag":true},"geometry":{"type":"Polygon","coordinates":[[[8.6461,47.72013],[8.64612,47.72102],[8.64478,47.72104],[8.64476,47.72014],[8.6461,47.72013]]]}},{"type":"Feature","properties":{"einwohner":60,"laut65":true,"initiative":true,"gegenvorschlag":false},"geometry":{"type":"Polygon","coordinates":[[[8.67092,47.75584],[8.67094,47.75674],[8.66961,47.75676],[8.66959,47.75586],[8.67092,47.75584]]]}},{"type":"Feature","properties":{"einwohner":3,"laut65":false,"initiative":true,"gegenvorschlag":false},"geometry":{"type":"Polygon","coordinates":[[[8.47516,47.70289],[8.47517,47.70379],[8.47384,47.7038],[8.47382,47.7029],[8.47516,47.70289]]]}},{"type":"Feature","properties":{"einwohner":23,"laut65":false,"initiative":true,"gegenvorschlag":false},"geometry":{"type":"Polygon","coordinates":[[[8.57245,47.57966],[8.57247,47.58056],[8.57114,47.58057],[8.57112,47.57967],[8.57245,47.57966]]]}},{"type":"Feature","properties":{"einwohner":35,"laut65":false,"initiative":true,"gegenvorschlag":true},"geometry":{"type":"Polygon","coordinates":[[[8.46038,47.69672],[8.4604,47.69762],[8.45907,47.69763],[8.45905,47.69673],[8.46038,47.69672]]]}},{"type":"Feature","properties":{"einwohner":25,"laut65":false,"initiative":true,"gegenvorschlag":true},"geometry":{"type":"Polygon","coordinates":[[[8.81105,47.7075],[8.81107,47.7084],[8.80974,47.70842],[8.80971,47.70752],[8.81105,47.7075]]]}},{"type":"Feature","properties":{"einwohner":20,"laut65":false,"initiative":true,"gegenvorschlag":false},"geometry":{"type":"Polygon","coordinates":[[[8.4894,47.74953],[8.48942,47.75043],[8.48809,47.75044],[8.48807,47.74954],[8.4894,47.74953]]]}},{"type":"Feature","properties":{"einwohner":84,"laut65":false,"initiative":true,"gegenvorschlag":false},"geometry":{"type":"Polygon","coordinates":[[[8.65986,47.73887],[8.65988,47.73977],[8.65854,47.73978],[8.65852,47.73888],[8.65986,47.73887]]]}},{"type":"Feature","properties":{"einwohner":4,"laut65":false,"initiative":true,"gegenvorschlag":true},"geometry":{"type":"Polygon","coordinates":[[[8.65736,47.68853],[8.65739,47.68943],[8.65605,47.68944],[8.65603,47.68854],[8.65736,47.68853]]]}},{"type":"Feature","properties":{"einwohner":78,"laut65":true,"initiative":true,"gegenvorschlag":true},"geometry":{"type":"Polygon","coordinates":[[[8.6133,47.68359],[8.61332,47.68448],[8.61199,47.6845],[8.61197,47.6836],[8.6133,47.68359]]]}},{"type":"Feature","properties":{"einwohner":14,"laut65":false,"initiative":false,"gegenvorschlag":true},"geometry":{"type":"Polygon","coordinates":[[[8.43308,47.66188],[8.4331,47.66278],[8.43177,47.66279],[8.43175,47.66189],[8.43308,47.66188]]]}},{"type":"Feature","properties":{"einwohner":58,"laut65":false,"initiative":true,"gegenvorschlag":true},"geometry":{"type":"Polygon","coordinates":[[[8.64337,47.71746],[8.64339,47.71836],[8.64206,47.71837],[8.64204,47.71747],[8.64337,47.71746]]]}},{"type":"Feature","properties":{"einwohner":68,"laut65":false,"initiative":true,"gegenvorschlag":true},"geometry":{"type":"Polygon","coordinates":[[[8.65536,47.71733],[8.65538,47.71823],[8.65405,47.71824],[8.65403,47.71734],[8.65536,47.71733]]]}},{"type":"Feature","properties":{"einwohner":63,"laut65":false,"initiative":true,"gegenvorschlag":false},"geometry":{"type":"Polygon","coordinates":[[[8.66352,47.72444],[8.66354,47.72534],[8.66221,47.72535],[8.66219,47.72445],[8.66352,47.72444]]]}},{"type":"Feature","properties":{"einwohner":202,"laut65":false,"initiative":true,"gegenvorschlag":true},"geometry":{"type":"Polygon","coordinates":[[[8.64329,47.71386],[8.64331,47.71476],[8.64198,47.71477],[8.64196,47.71387],[8.64329,47.71386]]]}}]}