{"type":"FeatureCollection","features":[{"type":"Feature","properties":{"nr":"73","achse":"Hallau - Neunkirch","strasse":"Klettgauerplatz","gemeinde":"Neunkirch","fkt":"VO","fkt_text":"verkehrsorientiert","tempo":50,"dtv":4371,"laerm_tag_db":76.3,"bus":true,"linien":["21","N77"],"haltestellen":[],"bus_anteil":1.0,"bus_text":"ja","laenge_m":62,"abschnitt":"Klettgauerplatz","abschnitt_km":0.063,"unfaelle":2,"unf_fuss":1,"unf_velo":0,"fassaden_igw":0,"initiative":true,"gegenvorschlag":true,"vorlage":"initiative"},"geometry":{"type":"LineString","coordinates":[[8.49695,47.69016],[8.49697,47.69015],[8.49699,47.69012],[8.49699,47.69009],[8.49698,47.69003],[8.49693,47.68974],[8.4969,47.68961]]}},{"type":"Feature","properties":{"nr":"H329","achse":"Schaffhausen - Ramsen","strasse":"Sonnenstrasse","gemeinde":"Ramsen","fkt":"VO","fkt_text":"verkehrsorientiert","tempo":50,"dtv":2542,"laerm_tag_db":73.9,"bus":true,"linien":["25","33"],"haltestellen":[],"bus_anteil":1.0,"bus_text":"ja","laenge_m":547,"abschnitt":"Sonnenstrasse","abschnitt_km":0.733,"unfaelle":3,"unf_fuss":1,"unf_velo":2,"fassaden_igw":0,"initiative":true,"gegenvorschlag":true,"vorlage":"initiative"},"geometry":{"type":"LineString","coordinates":[[8.82106,47.70892],[8.82103,47.70891],[8.82097,47.70891],[8.8209,47.70891],[8.82082,47.7089],[8.82039,47.70888],[8.81914,47.70881],[8.81883,47.70879],[8.81794,47.70873],[8.81722,47.70869],[8.817,47.70868],[8.81658,47.70865],[8.81621,47.70863],[8.81604,47.70862],[8.8159,47.7086],[8.81573,47.70858],[8.81548,47.70854],[8.81522,47.70849],[8.81495,47.70841],[8.81458,47.70829],[8.81408,47.70812],[8.81395,47.70808]]}},{"type":"Feature","properties":{"nr":"747","achse":"Büsingen - Randegg","strasse":"Randeggerstrasse","gemeinde":"Dörflingen","fkt":"SO","fkt_text":"siedlungsorientiert","tempo":50,"dtv":1229,"laerm_tag_db":69.6,"bus":true,"linien":["25"],"haltestellen":[],"bus_anteil":1.0,"bus_text":"ja","laenge_m":160,"abschnitt":"Randeggerstrasse","abschnitt_km":0.28,"unfaelle":0,"unf_fuss":0,"unf_velo":0,"fassaden_igw":0,"initiative":true,"gegenvorschlag":false,"vorlage":"initiative"},"geometry":{"type":"LineString","coordinates":[[8.72299,47.71239],[8.72303,47.71239],[8.72313,47.7124],[8.72322,47.71242],[8.72336,47.71251],[8.72349,47.71257],[8.7236,47.71262],[8.72369,47.71266],[8.72389,47.71273],[8.72413,47.71281],[8.72422,47.71284],[8.72423,47.71285],[8.72451,47.71295],[8.72471,47.71303],[8.72484,47.71309]]}},{"type":"Feature","properties":{"nr":"H13","achse":"Wagenhausen - Schaffhausen","strasse":"Eschenzerstrasse","gemeinde":"Stein am Rhein","fkt":"VO","fkt_text":"verkehrsorientiert","tempo":50,"dtv":6455,"laerm_tag_db":78.5,"bus":true,"linien":["33","825"],"haltestellen":[],"bus_anteil":1.0,"bus_text":"ja","laenge_m":292,"abschnitt":"Eschenzerstrasse","abschnitt_km":0.292,"unfaelle":4,"unf_fuss":0,"unf_velo":1,"fassaden_igw":44,"initiative":true,"gegenvorschlag":true,"vorlage":"initiative"},"geometry":{"type":"LineString","coordinates":[[8.85807,47.65586],[8.85824,47.65583],[8.85829,47.6558],[8.85837,47.65576],[8.85853,47.65561],[8.85862,47.65555],[8.85873,47.65547],[8.85896,47.6553],[8.85931,47.65505],[8.85969,47.65478],[8.85996,47.65459],[8.86024,47.65439],[8.86064,47.6541],[8.86071,47.65404],[8.86077,47.654]]}},{"type":"Feature","properties":{"nr":"H332","achse":"Rielasingen - Rheinbrücke","strasse":"Petersburg","gemeinde":"Ramsen","fkt":"VO","fkt_text":"verkehrsorientiert","tempo":50,"dtv":5708,"laerm_tag_db":77.8,"bus":true,"linien":["25","33"],"haltestellen":["Ramsen, Petersburg"],"bus_anteil":0.35,"bus_text":"teilweise","laenge_m":181,"abschnitt":"Petersburg","abschnitt_km":0.624,"unfaelle":8,"unf_fuss":0,"unf_velo":2,"fassaden_igw":2,"initiative":true,"gegenvorschlag":true,"vorlage":"initiative"},"geometry":{"type":"LineString","coordinates":[[8.82106,47.70892],[8.82104,47.70875],[8.82101,47.70842],[8.82098,47.70814],[8.82095,47.70797],[8.82092,47.70783],[8.82088,47.70769],[8.82082,47.70752],[8.82076,47.70737],[8.82074,47.70731]]}},{"type":"Feature","properties":{"nr":"725","achse":"Bargen Schaffhausen","strasse":"Schulstrasse","gemeinde":"Bargen (SH)","fkt":"VO","fkt_text":"verkehrsorientiert","tempo":50,"dtv":700,"laerm_tag_db":64.7,"bus":true,"linien":["23"],"haltestellen":["Bargen SH, Schinderwies"],"bus_anteil":1.0,"bus_text":"ja","laenge_m":245,"abschnitt":"Schulstrasse","abschnitt_km":0.53,"unfaelle":1,"unf_fuss":0,"unf_velo":1,"fassaden_igw":0,"initiative":true,"gegenvorschlag":true,"vorlage":"initiative"},"geometry":{"type":"LineString","coordinates":[[8.61405,47.79145],[8.61406,47.79158],[8.61407,47.79172],[8.61409,47.79203],[8.61409,47.79208],[8.61408,47.79212],[8.61407,47.79215],[8.61405,47.79219],[8.61403,47.79221],[8.614,47.79222],[8.61397,47.79224],[8.61391,47.79226],[8.61384,47.79227],[8.61377,47.79229],[8.61369,47.79231],[8.61363,47.79234],[8.61352,47.79239],[8.61339,47.79246],[8.6133,47.79251],[8.61303,47.79262],[8.61291,47.79268],[8.6128,47.79272],[8.61268,47.79276],[8.61252,47.7928],[8.61234,47.79283],[8.61222,47.79284],[8.61215,47.79285]]}},{"type":"Feature","properties":{"nr":"H4","achse":"Bargen Schaffhausen","strasse":"Schweizersbildstrasse","gemeinde":"Schaffhausen","fkt":"VO","fkt_text":"verkehrsorientiert","tempo":50,"dtv":6765,"laerm_tag_db":78.7,"bus":true,"linien":["3","6","10","N2"],"haltestellen":["Schaffhausen, Dachsenbüel","Schaffhausen, Gräfler","Schaffhausen, Schweizersbild"],"bus_anteil":1.0,"bus_text":"ja","laenge_m":658,"abschnitt":"Schweizersbildstrasse","abschnitt_km":1.775,"unfaelle":20,"unf_fuss":2,"unf_velo":7,"fassaden_igw":34,"initiative":true,"gegenvorschlag":true,"vorlage":"initiative"},"geometry":{"type":"LineString","coordinates":[[8.65046,47.71876],[8.65044,47.71878],[8.6504,47.71879],[8.65034,47.7188],[8.65027,47.71881],[8.65003,47.71884],[8.64977,47.71889],[8.64947,47.71897],[8.64888,47.71913],[8.64864,47.7192],[8.64791,47.71944],[8.64736,47.71965],[8.64715,47.71975],[8.64677,47.71992],[8.64653,47.72003],[8.64622,47.72021],[8.64592,47.72039],[8.64568,47.72054],[8.64546,47.72067],[8.64524,47.72083],[8.64509,47.72094],[8.64498,47.72103],[8.64474,47.72121],[8.64445,47.72146],[8.64422,47.72165],[8.64408,47.72176],[8.64393,47.72189],[8.64379,47.72198],[8.64375,47.72201],[8.64363,47.72208],[8.64349,47.72215]]}},{"type":"Feature","properties":{"nr":"76","achse":"Zentrum Schaffhausen - Schweizersbild","strasse":"Hochstrasse","gemeinde":"Schaffhausen","fkt":"VO","fkt_text":"verkehrsorientiert","tempo":50,"dtv":8671,"laerm_tag_db":79.1,"bus":true,"linien":["3","6","7","21","23","24","N2","N77"],"haltestellen":["Schaffhausen, Durach","Schaffhausen, Seidenhof"],"bus_anteil":1.0,"bus_text":"ja","laenge_m":253,"abschnitt":"Hochstrasse","abschnitt_km":1.821,"unfaelle":70,"unf_fuss":11,"unf_velo":21,"fassaden_igw":174,"initiative":true,"gegenvorschlag":true,"vorlage":"initiative"},"geometry":{"type":"LineString","coordinates":[[8.63362,47.69997],[8.63368,47.70005],[8.63378,47.70014],[8.63403,47.70031],[8.63438,47.70051],[8.63442,47.70053],[8.63447,47.70057],[8.63453,47.70063],[8.63458,47.7007],[8.63465,47.70078],[8.63471,47.70089],[8.63475,47.70099],[8.63478,47.70114],[8.63481,47.70129],[8.63488,47.70171],[8.63492,47.70196]]}},{"type":"Feature","properties":{"nr":"76","achse":"Zentrum Schaffhausen - Schweizersbild","strasse":"Hochstrasse","gemeinde":"Schaffhausen","fkt":"VO","fkt_text":"verkehrsorientiert","tempo":50,"dtv":7066,"laerm_tag_db":78.7,"bus":true,"linien":["3","6","24","N2"],"haltestellen":["Schaffhausen, Finsterwaldstr."],"bus_anteil":1.0,"bus_text":"ja","laenge_m":155,"abschnitt":"Hochstrasse","abschnitt_km":1.821,"unfaelle":70,"unf_fuss":11,"unf_velo":21,"fassaden_igw":174,"initiative":true,"gegenvorschlag":true,"vorlage":"initiative"},"geometry":{"type":"LineString","coordinates":[[8.63809,47.70808],[8.63816,47.70818],[8.63826,47.70829],[8.63838,47.70843],[8.63851,47.70856],[8.63861,47.70866],[8.6388,47.70885],[8.63894,47.70899],[8.63905,47.70911],[8.63913,47.7092],[8.63919,47.70926]]}},{"type":"Feature","properties":{"nr":"H329","achse":"Schaffhausen - Ramsen","strasse":"Namenlos","gemeinde":"Ramsen","fkt":"VO","fkt_text":"verkehrsorientiert","tempo":50,"dtv":2530,"laerm_tag_db":73.7,"bus":true,"linien":["25"],"haltestellen":["Ramsen, Brücke"],"bus_anteil":0.14,"bus_text":"teilweise","laenge_m":20,"abschnitt":"","abschnitt_km":null,"unfaelle":null,"unf_fuss":null,"unf_velo":null,"fassaden_igw":null,"initiative":true,"gegenvorschlag":true,"vorlage":"initiative"},"geometry":{"type":"LineString","coordinates":[[8.80805,47.70736],[8.80797,47.70734],[8.80782,47.7073],[8.8078,47.70729]]}},{"type":"Feature","properties":{"nr":"H15","achse":"Herblingen - Thayngen","strasse":"Herblingerstrasse","gemeinde":"Schaffhausen","fkt":"VO","fkt_text":"verkehrsorientiert","tempo":50,"dtv":4241,"laerm_tag_db":75.7,"bus":true,"linien":["5","24","N76"],"haltestellen":["Schaffhausen, Post Herblingen"],"bus_anteil":1.0,"bus_text":"ja","laenge_m":25,"abschnitt":"Herblingerstrasse","abschnitt_km":0.025,"unfaelle":2,"unf_fuss":0,"unf_velo":1,"fassaden_igw":2,"initiative":true,"gegenvorschlag":true,"vorlage":"initiative"},"geometry":{"type":"LineString","coordinates":[[8.66244,47.72215],[8.66237,47.72211],[8.66226,47.72205],[8.66218,47.72201]]}},{"type":"Feature","properties":{"nr":"713","achse":"Löhningen - Guntmadingen","strasse":"Dorfstrasse","gemeinde":"Beringen","fkt":"SO","fkt_text":"siedlungsorientiert","tempo":30,"dtv":539,"laerm_tag_db":58.8,"bus":true,"linien":["28"],"haltestellen":[],"bus_anteil":1.0,"bus_text":"ja","laenge_m":82,"abschnitt":"Dorfstrasse","abschnitt_km":0.1,"unfaelle":0,"unf_fuss":0,"unf_velo":0,"fassaden_igw":0,"initiative":true,"gegenvorschlag":false,"vorlage":"initiative"},"geometry":{"type":"LineString","coordinates":[[8.55726,47.68759],[8.5573,47.68723],[8.55735,47.68696],[8.55736,47.68685]]}},{"type":"Feature","properties":{"nr":"73","achse":"Hallau - Neunkirch","strasse":"Grabenstrasse","gemeinde":"Neunkirch","fkt":"VO","fkt_text":"verkehrsorientiert","tempo":50,"dtv":4892,"laerm_tag_db":77.1,"bus":true,"linien":["21","N77"],"haltestellen":["Neunkirch, Schweizerbund"],"bus_anteil":1.0,"bus_text":"ja","laenge_m":269,"abschnitt":"Grabenstrasse","abschnitt_km":0.275,"unfaelle":8,"unf_fuss":2,"unf_velo":4,"fassaden_igw":3,"initiative":true,"gegenvorschlag":true,"vorlage":"initiative"},"geometry":{"type":"LineString","coordinates":[[8.4969,47.68961],[8.49702,47.68957],[8.49713,47.68953],[8.49724,47.6895],[8.49735,47.68948],[8.49764,47.68944],[8.49782,47.68942],[8.49795,47.68941],[8.49809,47.68941],[8.49815,47.68941],[8.49834,47.68941],[8.49854,47.68943],[8.49876,47.68944],[8.49915,47.68947],[8.4994,47.68949],[8.49969,47.68951],[8.50008,47.68952],[8.50026,47.68953],[8.50036,47.68953],[8.50042,47.68953]]}},{"type":"Feature","properties":{"nr":"H14","achse":"Schaffhausen - Stühlingen","strasse":"Hauptstrasse","gemeinde":"Siblingen","fkt":"VO","fkt_text":"verkehrsorientiert","tempo":50,"dtv":4242,"laerm_tag_db":77.1,"bus":true,"linien":["21"],"haltestellen":[],"bus_anteil":1.0,"bus_text":"ja","laenge_m":243,"abschnitt":"Hauptstrasse","abschnitt_km":1.049,"unfaelle":5,"unf_fuss":0,"unf_velo":1,"fassaden_igw":23,"initiative":true,"gegenvorschlag":true,"vorlage":"initiative"},"geometry":{"type":"LineString","coordinates":[[8.52546,47.71158],[8.52544,47.71159],[8.5248,47.7118],[8.52427,47.71197],[8.52418,47.71201],[8.52413,47.71203],[8.52403,47.71208],[8.52395,47.71213],[8.5239,47.71218],[8.52387,47.71222],[8.52384,47.71227],[8.52381,47.71232],[8.5238,47.71236],[8.52379,47.71241],[8.52378,47.71245],[8.52377,47.71256],[8.52377,47.71264],[8.52376,47.7129],[8.52375,47.71313]]}},{"type":"Feature","properties":{"nr":"H4","achse":"Bargen Schaffhausen","strasse":"Bachstrasse","gemeinde":"Schaffhausen","fkt":"VO","fkt_text":"verkehrsorientiert","tempo":50,"dtv":10754,"laerm_tag_db":78.3,"bus":true,"linien":["1","4","5","N3","N76"],"haltestellen":["Schaffhausen, Feuerwehrzentrum"],"bus_anteil":1.0,"bus_text":"ja","laenge_m":112,"abschnitt":"Bachstrasse","abschnitt_km":0.912,"unfaelle":75,"unf_fuss":5,"unf_velo":24,"fassaden_igw":146,"initiative":true,"gegenvorschlag":true,"vorlage":"initiative"},"geometry":{"type":"LineString","coordinates":[[8.63595,47.70014],[8.63602,47.70022],[8.63611,47.7003],[8.63616,47.70035],[8.63621,47.7004],[8.63626,47.70046],[8.63633,47.70055],[8.63638,47.70066],[8.63645,47.70086],[8.63651,47.70105]]}},{"type":"Feature","properties":{"nr":"735","achse":"Büllenhardt","strasse":"Wilerstrasse","gemeinde":"Büttenhardt","fkt":"SO","fkt_text":"siedlungsorientiert","tempo":50,"dtv":758,"laerm_tag_db":66.3,"bus":true,"linien":["24"],"haltestellen":[],"bus_anteil":1.0,"bus_text":"ja","laenge_m":173,"abschnitt":"Wilerstrasse","abschnitt_km":0.073,"unfaelle":0,"unf_fuss":0,"unf_velo":0,"fassaden_igw":0,"initiative":true,"gegenvorschlag":false,"vorlage":"initiative"},"geometry":{"type":"LineString","coordinates":[[8.65506,47.75542],[8.65463,47.75549],[8.65416,47.75555],[8.65391,47.75558],[8.65372,47.7556],[8.65363,47.75562],[8.65356,47.75563],[8.65348,47.75566],[8.65338,47.75571],[8.65324,47.75577],[8.65311,47.75584],[8.65302,47.75588],[8.65298,47.7559],[8.65295,47.75592],[8.65294,47.75594]]}},{"type":"Feature","properties":{"nr":"707","achse":"Hallau - Oberhallau","strasse":"Oberhallauerstrasse","gemeinde":"Hallau","fkt":"SO","fkt_text":"siedlungsorientiert","tempo":50,"dtv":1062,"laerm_tag_db":68.3,"bus":true,"linien":["27","N77"],"haltestellen":["Hallau, Atlingen"],"bus_anteil":1.0,"bus_text":"ja","laenge_m":286,"abschnitt":"Oberhallauerstrasse","abschnitt_km":0.295,"unfaelle":1,"unf_fuss":0,"unf_velo":0,"fassaden_igw":0,"initiative":true,"gegenvorschlag":false,"vorlage":"initiative"},"geometry":{"type":"LineString","coordinates":[[8.4644,47.69769],[8.46448,47.69769],[8.46457,47.69769],[8.46463,47.69768],[8.46477,47.69767],[8.46493,47.69767],[8.46501,47.69766],[8.46509,47.69764],[8.46519,47.69762],[8.4653,47.69759],[8.46537,47.69756],[8.46554,47.69749],[8.46574,47.6974],[8.46586,47.69735],[8.46591,47.69734],[8.46597,47.69733],[8.46603,47.69734],[8.46609,47.69735],[8.46618,47.69738],[8.46626,47.69742],[8.46634,47.69746],[8.46652,47.69754],[8.46671,47.69764],[8.46687,47.69771],[8.4671,47.69782],[8.46733,47.69794],[8.46752,47.69805],[8.46768,47.69815]]}},{"type":"Feature","properties":{"nr":"73","achse":"Hallau - Neunkirch","strasse":"Hauptstrasse","gemeinde":"Hallau","fkt":"VO","fkt_text":"verkehrsorientiert","tempo":50,"dtv":3569,"laerm_tag_db":75.8,"bus":true,"linien":["27","N77"],"haltestellen":[],"bus_anteil":1.0,"bus_text":"ja","laenge_m":304,"abschnitt":"Hauptstrasse","abschnitt_km":0.632,"unfaelle":3,"unf_fuss":1,"unf_velo":1,"fassaden_igw":13,"initiative":true,"gegenvorschlag":true,"vorlage":"initiative"},"geometry":{"type":"LineString","coordinates":[[8.46084,47.69813],[8.46089,47.69815],[8.46096,47.69817],[8.46103,47.69818],[8.46112,47.69818],[8.46121,47.69818],[8.46131,47.69817],[8.4614,47.69816],[8.46146,47.69815],[8.46153,47.69813],[8.46161,47.6981],[8.46166,47.69808],[8.46167,47.69808],[8.46171,47.69806],[8.46177,47.69802],[8.46183,47.69798],[8.46188,47.69794],[8.46191,47.69791],[8.46193,47.69789],[8.46196,47.69785],[8.46201,47.6978],[8.46206,47.69775],[8.46209,47.69773],[8.46213,47.6977],[8.46217,47.69769],[8.46222,47.69768],[8.46229,47.69767],[8.46236,47.69767],[8.46249,47.69767],[8.46258,47.69769],[8.46272,47.69772],[8.46289,47.69776],[8.46318,47.69783],[8.46339,47.69788],[8.46347,47.6979],[8.4635,47.69791],[8.46353,47.69792],[8.46357,47.69792],[8.46363,47.69793],[8.46369,47.69793],[8.46375,47.69793],[8.46381,47.69792],[8.46389,47.69791],[8.46397,47.6979],[8.46404,47.69787],[8.46414,47.69784],[8.4642,47.69781],[8.46426,47.69778],[8.46432,47.69774],[8.46437,47.69772],[8.4644,47.69769]]}},{"type":"Feature","properties":{"nr":"715","achse":"Neuhausen - Nohl","strasse":"Rheinfallstrasse","gemeinde":"Neuhausen am Rheinfall","fkt":"SO","fkt_text":"siedlungsorientiert","tempo":50,"dtv":3987,"laerm_tag_db":76.7,"bus":true,"linien":["1","7","N4"],"haltestellen":[],"bus_anteil":0.2,"bus_text":"teilweise","laenge_m":30,"abschnitt":"Rheinfallstrasse","abschnitt_km":0.679,"unfaelle":8,"unf_fuss":2,"unf_velo":1,"fassaden_igw":5,"initiative":true,"gegenvorschlag":false,"vorlage":"initiative"},"geometry":{"type":"LineString","coordinates":[[8.6171,47.6809],[8.61693,47.68086],[8.61684,47.68084],[8.61673,47.68082],[8.61672,47.68082]]}},{"type":"Feature","properties":{"nr":"H4","achse":"Bargen Schaffhausen","strasse":"Ebnatstrasse","gemeinde":"Schaffhausen","fkt":"VO","fkt_text":"verkehrsorientiert","tempo":50,"dtv":7386,"laerm_tag_db":79.5,"bus":true,"linien":["1","5","N3","N76"],"haltestellen":[],"bus_anteil":1.0,"bus_text":"ja","laenge_m":47,"abschnitt":"Ebnatstrasse","abschnitt_km":2.434,"unfaelle":57,"unf_fuss":4,"unf_velo":9,"fassaden_igw":10,"initiative":true,"gegenvorschlag":true,"vorlage":"initiative"},"geometry":{"type":"LineString","coordinates":[[8.63972,47.70673],[8.63981,47.70669],[8.64004,47.70663],[8.64012,47.70659],[8.64019,47.70654],[8.64023,47.70649]]}},{"type":"Feature","properties":{"nr":"H332","achse":"Rielasingen - Rheinbrücke","strasse":"Moskau","gemeinde":"Ramsen","fkt":"VO","fkt_text":"verkehrsorientiert","tempo":20,"dtv":8374,"laerm_tag_db":73.7,"bus":true,"linien":["33"],"haltestellen":[],"bus_anteil":1.0,"bus_text":"ja","laenge_m":93,"abschnitt":"Moskau","abschnitt_km":0.404,"unfaelle":7,"unf_fuss":0,"unf_velo":4,"fassaden_igw":14,"initiative":true,"gegenvorschlag":true,"vorlage":"initiative"},"geometry":{"type":"LineString","coordinates":[[8.82278,47.71231],[8.82264,47.71203],[8.82249,47.71168],[8.82241,47.7116],[8.82233,47.71154]]}},{"type":"Feature","properties":{"nr":"601","achse":"Steinenkreuz - Chlainert","strasse":"Buchbergerstrasse","gemeinde":"Rüdlingen","fkt":"SO","fkt_text":"siedlungsorientiert","tempo":50,"dtv":2183,"laerm_tag_db":73.5,"bus":true,"linien":["675"],"haltestellen":[],"bus_anteil":0.29,"bus_text":"teilweise","laenge_m":21,"abschnitt":"Buchbergerstrasse","abschnitt_km":0.199,"unfaelle":0,"unf_fuss":0,"unf_velo":0,"fassaden_igw":0,"initiative":true,"gegenvorschlag":false,"vorlage":"initiative"},"geometry":{"type":"LineString","coordinates":[[8.56289,47.58117],[8.56287,47.58118],[8.56277,47.58121],[8.56264,47.58125]]}},{"type":"Feature","properties":{"nr":"743","achse":"Thayngen - Barzheim","strasse":"Barzheimerstrasse","gemeinde":"Thayngen","fkt":"SO","fkt_text":"siedlungsorientiert","tempo":50,"dtv":3691,"laerm_tag_db":75.8,"bus":true,"linien":["24","N76"],"haltestellen":["Thayngen, Sägi"],"bus_anteil":1.0,"bus_text":"ja","laenge_m":147,"abschnitt":"Barzheimerstrasse","abschnitt_km":0.809,"unfaelle":3,"unf_fuss":1,"unf_velo":2,"fassaden_igw":4,"initiative":true,"gegenvorschlag":false,"vorlage":"initiative"},"geometry":{"type":"LineString","coordinates":[[8.70549,47.74992],[8.70555,47.74996],[8.7056,47.74999],[8.70562,47.75001],[8.70562,47.75006],[8.70565,47.75014],[8.70568,47.75032],[8.70572,47.75049],[8.70573,47.75063],[8.70576,47.75076],[8.70579,47.75093],[8.70584,47.7512]]}},{"type":"Feature","properties":{"nr":"H15","achse":"Herblingen - Thayngen","strasse":"Thayngerstrasse","gemeinde":"Schaffhausen","fkt":"VO","fkt_text":"verkehrsorientiert","tempo":50,"dtv":4241,"laerm_tag_db":75.9,"bus":true,"linien":["5","N76"],"haltestellen":["Schaffhausen, Berghaldenweg","Schaffhausen, Unterdorf"],"bus_anteil":1.0,"bus_text":"ja","laenge_m":359,"abschnitt":"Thayngerstrasse","abschnitt_km":0.874,"unfaelle":13,"unf_fuss":1,"unf_velo":1,"fassaden_igw":11,"initiative":true,"gegenvorschlag":true,"vorlage":"initiative"},"geometry":{"type":"LineString","coordinates":[[8.66395,47.72674],[8.66395,47.72672],[8.66396,47.72671],[8.66396,47.7267],[8.66396,47.72668],[8.66396,47.72667],[8.66396,47.72665],[8.66396,47.72664],[8.66396,47.72661],[8.66396,47.72647],[8.66395,47.72633],[8.66394,47.72602],[8.66392,47.72563],[8.66392,47.72556],[8.66391,47.72538],[8.66391,47.72525],[8.66393,47.72515],[8.66395,47.72505],[8.66397,47.72496],[8.6641,47.72462],[8.66415,47.72447],[8.66419,47.72437],[8.66421,47.72427],[8.66424,47.72416],[8.66425,47.72403],[8.66425,47.72387],[8.66423,47.72374],[8.6642,47.72363],[8.66417,47.72354]]}},{"type":"Feature","properties":{"nr":"H14","achse":"Schaffhausen - Stühlingen","strasse":"Schleitheimerstrasse","gemeinde":"Löhningen","fkt":"VO","fkt_text":"verkehrsorientiert","tempo":50,"dtv":4242,"laerm_tag_db":77.1,"bus":true,"linien":["21"],"haltestellen":[],"bus_anteil":1.0,"bus_text":"ja","laenge_m":205,"abschnitt":"Schleitheimerstrasse","abschnitt_km":0.306,"unfaelle":3,"unf_fuss":0,"unf_velo":1,"fassaden_igw":42,"initiative":true,"gegenvorschlag":true,"vorlage":"initiative"},"geometry":{"type":"LineString","coordinates":[[8.54813,47.70132],[8.54802,47.70135],[8.54791,47.70138],[8.54779,47.70142],[8.54763,47.70148],[8.54753,47.70152],[8.54743,47.70156],[8.54716,47.70167],[8.54662,47.70189],[8.5463,47.70202],[8.54592,47.70218],[8.54585,47.7022],[8.54577,47.70224],[8.54577,47.70224]]}},{"type":"Feature","properties":{"nr":"733","achse":"Schweizersbild  -Lohn","strasse":"Ausserdorf","gemeinde":"Lohn (SH)","fkt":"SO","fkt_text":"siedlungsorientiert","tempo":50,"dtv":2607,"laerm_tag_db":74.2,"bus":true,"linien":["24"],"haltestellen":[],"bus_anteil":1.0,"bus_text":"ja","laenge_m":98,"abschnitt":"Ausserdorf","abschnitt_km":0.222,"unfaelle":0,"unf_fuss":0,"unf_velo":0,"fassaden_igw":1,"initiative":true,"gegenvorschlag":false,"vorlage":"initiative"},"geometry":{"type":"LineString","coordinates":[[8.67068,47.75646],[8.67062,47.75643],[8.67054,47.75639],[8.67029,47.75623],[8.67022,47.75618],[8.67011,47.75611],[8.67002,47.75605],[8.66989,47.75595],[8.66975,47.75584]]}},{"type":"Feature","properties":{"nr":"735","achse":"Büllenhardt","strasse":"Dorfstrasse","gemeinde":"Büttenhardt","fkt":"SO","fkt_text":"siedlungsorientiert","tempo":50,"dtv":260,"laerm_tag_db":59.3,"bus":true,"linien":["24"],"haltestellen":["Büttenhardt, Dorf"],"bus_anteil":1.0,"bus_text":"ja","laenge_m":412,"abschnitt":"Dorfstrasse","abschnitt_km":0.413,"unfaelle":1,"unf_fuss":1,"unf_velo":0,"fassaden_igw":0,"initiative":true,"gegenvorschlag":false,"vorlage":"initiative"},"geometry":{"type":"LineString","coordinates":[[8.65294,47.75594],[8.65294,47.75597],[8.65294,47.75599],[8.65296,47.75601],[8.65301,47.75606],[8.65312,47.75617],[8.65316,47.75622],[8.6532,47.75626],[8.65321,47.7563],[8.65322,47.75636],[8.65322,47.75641],[8.65319,47.75652],[8.65317,47.75663],[8.65316,47.75667],[8.65316,47.75673],[8.65317,47.75679],[8.65318,47.75682],[8.65321,47.75688],[8.65324,47.75693],[8.65328,47.75697],[8.65344,47.75711],[8.65356,47.75722],[8.65362,47.75728],[8.65368,47.75734],[8.65379,47.75748],[8.65405,47.75776],[8.65423,47.75795],[8.65432,47.75804],[8.65439,47.75815],[8.65445,47.75826],[8.65448,47.75832],[8.65449,47.75836],[8.6545,47.75843],[8.6545,47.7585],[8.6545,47.75855],[8.65448,47.75862],[8.65446,47.75869],[8.65442,47.75877],[8.65434,47.75892],[8.65428,47.75902],[8.65425,47.75906],[8.65419,47.75913],[8.65412,47.7592],[8.65402,47.75927]]}},{"type":"Feature","properties":{"nr":"H4-10","achse":"Schaffhausen, äussere Bahnhofstrasse ab Schlagbaumstrasse","strasse":"Bahnhofstrasse","gemeinde":"Schaffhausen","fkt":"VO","fkt_text":"verkehrsorientiert","tempo":50,"dtv":8850,"laerm_tag_db":78.2,"bus":true,"linien":["1","4","5","N3","N76"],"haltestellen":["Schaffhausen, Feuerwehrzentrum"],"bus_anteil":0.23,"bus_text":"teilweise","laenge_m":31,"abschnitt":"Bahnhofstrasse","abschnitt_km":0.117,"unfaelle":4,"unf_fuss":0,"unf_velo":3,"fassaden_igw":0,"initiative":true,"gegenvorschlag":true,"vorlage":"initiative"},"geometry":{"type":"LineString","coordinates":[[8.63651,47.70105],[8.63645,47.70103],[8.63635,47.701],[8.63632,47.70099],[8.63618,47.70095],[8.63613,47.70094]]}},{"type":"Feature","properties":{"nr":"712","achse":"Neunkirch - Löhningen","strasse":"Neunkircherstrasse","gemeinde":"Löhningen","fkt":"SO","fkt_text":"siedlungsorientiert","tempo":50,"dtv":1581,"laerm_tag_db":71.3,"bus":true,"linien":["21"],"haltestellen":[],"bus_anteil":0.15,"bus_text":"teilweise","laenge_m":28,"abschnitt":"Neunkircherstrasse","abschnitt_km":0.07,"unfaelle":1,"unf_fuss":0,"unf_velo":0,"fassaden_igw":0,"initiative":true,"gegenvorschlag":false,"vorlage":"initiative"},"geometry":{"type":"LineString","coordinates":[[8.54778,47.70123],[8.5479,47.70126],[8.54804,47.70129],[8.54813,47.70132]]}},{"type":"Feature","properties":{"nr":"H14","achse":"Schaffhausen - Stühlingen","strasse":"Schleitheimerstrasse","gemeinde":"Löhningen","fkt":"VO","fkt_text":"verkehrsorientiert","tempo":50,"dtv":7196,"laerm_tag_db":78.5,"bus":true,"linien":["21"],"haltestellen":[],"bus_anteil":1.0,"bus_text":"ja","laenge_m":357,"abschnitt":"Schleitheimerstrasse","abschnitt_km":0.306,"unfaelle":3,"unf_fuss":0,"unf_velo":1,"fassaden_igw":42,"initiative":true,"gegenvorschlag":true,"vorlage":"initiative"},"geometry":{"type":"LineString","coordinates":[[8.55793,47.70113],[8.55792,47.70113],[8.55777,47.70115],[8.55753,47.70118],[8.55731,47.70121],[8.55722,47.70122],[8.5571,47.70123],[8.557,47.70125],[8.55683,47.70129],[8.55654,47.70135],[8.55637,47.70139],[8.55635,47.70139],[8.55625,47.70142],[8.5561,47.70144],[8.55596,47.70146],[8.55583,47.70147],[8.55564,47.70148],[8.55543,47.70149],[8.55518,47.70149],[8.55496,47.70149],[8.5546,47.70147],[8.55426,47.70145],[8.55376,47.70141],[8.55324,47.70136]]}},{"type":"Feature","properties":{"nr":"H14","achse":"Schaffhausen - Stühlingen","strasse":"Schleitheimerstrasse","gemeinde":"Beringen","fkt":"VO","fkt_text":"verkehrsorientiert","tempo":50,"dtv":7196,"laerm_tag_db":77.9,"bus":true,"linien":["21","N77"],"haltestellen":["Beringen, Höhenweg"],"bus_anteil":1.0,"bus_text":"ja","laenge_m":371,"abschnitt":"","abschnitt_km":null,"unfaelle":null,"unf_fuss":null,"unf_velo":null,"fassaden_igw":null,"initiative":true,"gegenvorschlag":true,"vorlage":"initiative"},"geometry":{"type":"LineString","coordinates":[[8.57175,47.69782],[8.57167,47.69782],[8.57157,47.69782],[8.57147,47.69782],[8.57133,47.69783],[8.57112,47.69785],[8.57097,47.69786],[8.57089,47.69787],[8.57075,47.69789],[8.57046,47.69794],[8.5702,47.69799],[8.56995,47.69805],[8.56979,47.6981],[8.56963,47.69816],[8.56924,47.69832],[8.569,47.69843],[8.56881,47.69851],[8.56864,47.69858],[8.56854,47.69861],[8.56843,47.69864],[8.5683,47.69867],[8.56813,47.69871],[8.56791,47.69876],[8.56784,47.69878],[8.56765,47.69882],[8.5674,47.69887],[8.56715,47.69892]]}},{"type":"Feature","properties":{"nr":"73","achse":"Hallau - Neunkirch","strasse":"Hauptstrasse","gemeinde":"Hallau","fkt":"VO","fkt_text":"verkehrsorientiert","tempo":50,"dtv":2324,"laerm_tag_db":74.3,"bus":true,"linien":["27","N77"],"haltestellen":["Hallau, Gemeindehaus"],"bus_anteil":1.0,"bus_text":"ja","laenge_m":315,"abschnitt":"Hauptstrasse","abschnitt_km":0.632,"unfaelle":3,"unf_fuss":1,"unf_velo":1,"fassaden_igw":13,"initiative":true,"gegenvorschlag":true,"vorlage":"initiative"},"geometry":{"type":"LineString","coordinates":[[8.45728,47.69668],[8.45738,47.69675],[8.45747,47.69682],[8.4575,47.69684],[8.45754,47.69687],[8.4576,47.69691],[8.45766,47.69695],[8.45771,47.69698],[8.45776,47.69701],[8.45779,47.69702],[8.45785,47.69705],[8.45791,47.69708],[8.45798,47.69712],[8.45804,47.69715],[8.4581,47.69717],[8.45817,47.6972],[8.45824,47.69722],[8.45832,47.69726],[8.45842,47.69729],[8.45852,47.69732],[8.45859,47.69734],[8.45867,47.69736],[8.45877,47.69739],[8.45888,47.69742],[8.459,47.69745],[8.45917,47.6975],[8.45946,47.6976],[8.45952,47.69762],[8.45987,47.69773],[8.4601,47.6978],[8.46023,47.69786],[8.4603,47.69788],[8.46043,47.69794],[8.46052,47.69798],[8.46065,47.69804],[8.46077,47.6981],[8.46084,47.69813]]}},{"type":"Feature","properties":{"nr":"H331","achse":"Thayngen - Büsslingen","strasse":"Hauptstrasse","gemeinde":"Thayngen","fkt":"VO","fkt_text":"verkehrsorientiert","tempo":50,"dtv":1202,"laerm_tag_db":69.4,"bus":true,"linien":["24"],"haltestellen":["Hofen SH, Dorf"],"bus_anteil":0.27,"bus_text":"teilweise","laenge_m":164,"abschnitt":"Hauptstrasse","abschnitt_km":1.235,"unfaelle":1,"unf_fuss":0,"unf_velo":0,"fassaden_igw":0,"initiative":true,"gegenvorschlag":true,"vorlage":"initiative"},"geometry":{"type":"LineString","coordinates":[[8.67625,47.78148],[8.67633,47.78162],[8.67644,47.78182],[8.67654,47.78202],[8.67669,47.78232],[8.6768,47.78253],[8.67689,47.7827],[8.67693,47.78278],[8.67698,47.78283],[8.67701,47.78286]]}},{"type":"Feature","properties":{"nr":"H4","achse":"Bargen Schaffhausen","strasse":"Zollstrasse","gemeinde":"Neuhausen am Rheinfall","fkt":"VO","fkt_text":"verkehrsorientiert","tempo":50,"dtv":10406,"laerm_tag_db":80.8,"bus":true,"linien":["1","7","21","N4","N77"],"haltestellen":["Neuhausen, Kreuzstrasse","Neuhausen, Neue Welt"],"bus_anteil":1.0,"bus_text":"ja","laenge_m":251,"abschnitt":"Zollstrasse","abschnitt_km":2.124,"unfaelle":75,"unf_fuss":19,"unf_velo":11,"fassaden_igw":23,"initiative":true,"gegenvorschlag":true,"vorlage":"initiative"},"geometry":{"type":"LineString","coordinates":[[8.60986,47.68251],[8.61001,47.68264],[8.61014,47.68275],[8.61025,47.68283],[8.61034,47.6829],[8.61046,47.68298],[8.61059,47.68305],[8.61069,47.6831],[8.6108,47.68316],[8.6109,47.68321],[8.61101,47.68325],[8.61111,47.68328],[8.61133,47.68336],[8.61139,47.68338],[8.61162,47.68345],[8.61192,47.68354],[8.61224,47.68363],[8.61243,47.68369],[8.61261,47.68372]]}},{"type":"Feature","properties":{"nr":"723","achse":"Schleitheim - Beggingen","strasse":"Beggingerstrasse","gemeinde":"Schleitheim","fkt":"SO","fkt_text":"siedlungsorientiert","tempo":50,"dtv":1049,"laerm_tag_db":68.2,"bus":true,"linien":["21"],"haltestellen":["Schleitheim, Schweizerbund"],"bus_anteil":1.0,"bus_text":"ja","laenge_m":449,"abschnitt":"Beggingerstrasse","abschnitt_km":0.754,"unfaelle":2,"unf_fuss":0,"unf_velo":0,"fassaden_igw":0,"initiative":true,"gegenvorschlag":false,"vorlage":"initiative"},"geometry":{"type":"LineString","coordinates":[[8.48744,47.74992],[8.4875,47.74994],[8.4876,47.75],[8.48768,47.75005],[8.48777,47.75012],[8.48782,47.75015],[8.48792,47.75021],[8.48799,47.75027],[8.48809,47.75035],[8.4882,47.75044],[8.48842,47.75065],[8.48853,47.75076],[8.4886,47.75083],[8.48865,47.75088],[8.48872,47.75096],[8.48882,47.75106],[8.48894,47.75116],[8.4891,47.7513],[8.48919,47.75137],[8.48927,47.75143],[8.48936,47.75149],[8.48945,47.75156],[8.48959,47.75163],[8.4897,47.75169],[8.48994,47.75183],[8.49021,47.75199],[8.49025,47.75202],[8.4903,47.75205],[8.49035,47.75208],[8.49039,47.75211],[8.49041,47.75213],[8.49044,47.75217],[8.49047,47.75224],[8.49051,47.75234],[8.4906,47.75254],[8.49064,47.75265],[8.49068,47.75272],[8.49073,47.7528],[8.49079,47.75286],[8.49083,47.75291],[8.49088,47.75295],[8.49093,47.75299],[8.49101,47.75303],[8.49104,47.75305]]}},{"type":"Feature","properties":{"nr":"H4","achse":"Bargen Schaffhausen","strasse":"Ebnatstrasse","gemeinde":"Schaffhausen","fkt":"VO","fkt_text":"verkehrsorientiert","tempo":50,"dtv":8183,"laerm_tag_db":79.2,"bus":true,"linien":["9"],"haltestellen":["Schaffhausen, Ernst Homberger-Strasse"],"bus_anteil":0.09,"bus_text":"ja","laenge_m":223,"abschnitt":"Ebnatstrasse","abschnitt_km":2.434,"unfaelle":57,"unf_fuss":4,"unf_velo":9,"fassaden_igw":10,"initiative":true,"gegenvorschlag":true,"vorlage":"initiative"},"geometry":{"type":"LineString","coordinates":[[8.65749,47.71536],[8.65742,47.71549],[8.65732,47.71566],[8.65711,47.71607],[8.65686,47.71652],[8.65675,47.71673],[8.65646,47.71725]]}},{"type":"Feature","properties":{"nr":"721","achse":"Schaffhausen - Hemmental","strasse":"Steigstrasse","gemeinde":"Schaffhausen","fkt":"SO","fkt_text":"siedlungsorientiert","tempo":50,"dtv":10486,"laerm_tag_db":80.6,"bus":true,"linien":["3","4","7","22","N1","N4"],"haltestellen":["Schaffhausen, Schützenhaus"],"bus_anteil":1.0,"bus_text":"ja","laenge_m":49,"abschnitt":"Steigstrasse","abschnitt_km":0.837,"unfaelle":54,"unf_fuss":5,"unf_velo":20,"fassaden_igw":58,"initiative":true,"gegenvorschlag":false,"vorlage":"initiative"},"geometry":{"type":"LineString","coordinates":[[8.62632,47.70023],[8.62646,47.70015],[8.6265,47.70012],[8.62656,47.70008],[8.62661,47.70004],[8.62666,47.7],[8.62669,47.69997],[8.62671,47.69995],[8.62675,47.6999]]}},{"type":"Feature","properties":{"nr":"76","achse":"Zentrum Schaffhausen - Schweizersbild","strasse":"Gemsgasse","gemeinde":"Schaffhausen","fkt":"VO","fkt_text":"verkehrsorientiert","tempo":50,"dtv":4274,"laerm_tag_db":75.9,"bus":true,"linien":["6","N2"],"haltestellen":["Schaffhausen, Spiegelgutstr."],"bus_anteil":1.0,"bus_text":"ja","laenge_m":350,"abschnitt":"Gemsgasse","abschnitt_km":1.1,"unfaelle":25,"unf_fuss":3,"unf_velo":8,"fassaden_igw":25,"initiative":true,"gegenvorschlag":true,"vorlage":"initiative"},"geometry":{"type":"LineString","coordinates":[[8.64254,47.71816],[8.64256,47.71824],[8.64257,47.71836],[8.64257,47.71846],[8.64257,47.71856],[8.64257,47.71865],[8.64256,47.71874],[8.64255,47.71878],[8.64254,47.71885],[8.64252,47.71898],[8.64244,47.71936],[8.64236,47.71976],[8.64231,47.71996],[8.6423,47.72004],[8.64227,47.72017],[8.64221,47.72044],[8.64218,47.72062],[8.64216,47.7207],[8.64216,47.72078],[8.64217,47.72086],[8.64219,47.72095],[8.64224,47.72105],[8.64231,47.72115],[8.64241,47.72125]]}},{"type":"Feature","properties":{"nr":"603","achse":"Steinenkreuz - Spitzrüti","strasse":"Steinenkreuzstrasse","gemeinde":"Rüdlingen","fkt":"SO","fkt_text":"siedlungsorientiert","tempo":50,"dtv":1412,"laerm_tag_db":70.8,"bus":true,"linien":["675"],"haltestellen":[],"bus_anteil":1.0,"bus_text":"ja","laenge_m":359,"abschnitt":"Steinenkreuzstrasse","abschnitt_km":0.388,"unfaelle":1,"unf_fuss":0,"unf_velo":0,"fassaden_igw":0,"initiative":true,"gegenvorschlag":false,"vorlage":"initiative"},"geometry":{"type":"LineString","coordinates":[[8.56289,47.58117],[8.56296,47.58121],[8.56299,47.58124],[8.56301,47.58128],[8.56303,47.5814],[8.56312,47.58191],[8.56315,47.58213],[8.56317,47.58228],[8.56319,47.58244],[8.56318,47.58253],[8.56317,47.58262],[8.56314,47.5827],[8.56311,47.58278],[8.56305,47.58287],[8.56298,47.58295],[8.5629,47.58303],[8.56283,47.5831],[8.56274,47.58318],[8.56264,47.58328],[8.56258,47.58337],[8.56252,47.58346],[8.56241,47.58368],[8.56234,47.58385],[8.5623,47.58396],[8.56229,47.58403],[8.56229,47.58414],[8.56229,47.58422]]}},{"type":"Feature","properties":{"nr":"73","achse":"Hallau - Neunkirch","strasse":"Neunkircherstrasse","gemeinde":"Hallau","fkt":"VO","fkt_text":"verkehrsorientiert","tempo":50,"dtv":3569,"laerm_tag_db":75.8,"bus":true,"linien":["27","N77"],"haltestellen":[],"bus_anteil":0.13,"bus_text":"teilweise","laenge_m":22,"abschnitt":"Neunkircherstrasse","abschnitt_km":0.345,"unfaelle":2,"unf_fuss":0,"unf_velo":1,"fassaden_igw":5,"initiative":true,"gegenvorschlag":true,"vorlage":"initiative"},"geometry":{"type":"LineString","coordinates":[[8.4644,47.69769],[8.46444,47.69764],[8.46447,47.69761],[8.46449,47.69758],[8.4645,47.69754],[8.46451,47.69751]]}},{"type":"Feature","properties":{"nr":"731","achse":"Herblingen - Lohn","strasse":"Schlossstrasse","gemeinde":"Schaffhausen","fkt":"SO","fkt_text":"siedlungsorientiert","tempo":50,"dtv":3448,"laerm_tag_db":75.2,"bus":true,"linien":["5","24","N76"],"haltestellen":[],"bus_anteil":1.0,"bus_text":"ja","laenge_m":140,"abschnitt":"Schlossstrasse","abschnitt_km":0.851,"unfaelle":7,"unf_fuss":2,"unf_velo":4,"fassaden_igw":11,"initiative":true,"gegenvorschlag":false,"vorlage":"initiative"},"geometry":{"type":"LineString","coordinates":[[8.66244,47.72215],[8.66241,47.72219],[8.66236,47.72228],[8.66235,47.72233],[8.66235,47.72242],[8.66238,47.72274],[8.66238,47.72292],[8.66239,47.72299],[8.66242,47.72305],[8.66245,47.72311],[8.66257,47.72325],[8.66265,47.72334],[8.66265,47.72335]]}},{"type":"Feature","properties":{"nr":"731","achse":"Herblingen - Lohn","strasse":"Schlossstrasse","gemeinde":"Stetten (SH)","fkt":"SO","fkt_text":"siedlungsorientiert","tempo":50,"dtv":1530,"laerm_tag_db":71.7,"bus":true,"linien":["24"],"haltestellen":["Stetten SH, Braati"],"bus_anteil":1.0,"bus_text":"ja","laenge_m":350,"abschnitt":"Schlossstrasse","abschnitt_km":1.027,"unfaelle":4,"unf_fuss":0,"unf_velo":0,"fassaden_igw":0,"initiative":true,"gegenvorschlag":false,"vorlage":"initiative"},"geometry":{"type":"LineString","coordinates":[[8.66195,47.73554],[8.66196,47.73555],[8.662,47.73562],[8.66203,47.73567],[8.66205,47.73572],[8.66207,47.73578],[8.66209,47.73585],[8.6621,47.73592],[8.66211,47.73598],[8.6621,47.73607],[8.66208,47.73616],[8.66206,47.73624],[8.66204,47.7363],[8.66202,47.73642],[8.66201,47.73649],[8.662,47.73655],[8.662,47.73662],[8.662,47.73665],[8.66202,47.73672],[8.66205,47.73683],[8.66208,47.73694],[8.66211,47.73703],[8.66213,47.7371],[8.66215,47.73717],[8.6622,47.73731],[8.66227,47.73745],[8.66231,47.73756],[8.66245,47.73788],[8.66254,47.73809],[8.66262,47.7383],[8.66272,47.73853],[8.66275,47.7386]]}},{"type":"Feature","properties":{"nr":"76","achse":"Zentrum Schaffhausen - Schweizersbild","strasse":"Adlerunterführung","gemeinde":"Schaffhausen","fkt":"VO","fkt_text":"verkehrsorientiert","tempo":50,"dtv":15998,"laerm_tag_db":79.9,"bus":true,"linien":["1","3","4","5","6","7","8","21","23","24","25","630","632","634","N2","N3","N69","N76","N77"],"haltestellen":[],"bus_anteil":1.0,"bus_text":"ja","laenge_m":60,"abschnitt":"Adlerunterführung","abschnitt_km":0.078,"unfaelle":12,"unf_fuss":2,"unf_velo":3,"fassaden_igw":3,"initiative":true,"gegenvorschlag":true,"vorlage":"initiative"},"geometry":{"type":"LineString","coordinates":[[8.6346,47.69985],[8.63453,47.69984],[8.6345,47.69984],[8.63446,47.69984],[8.63428,47.69985],[8.63389,47.6999],[8.63381,47.69991]]}},{"type":"Feature","properties":{"nr":"804","achse":"Wysseler - Rheinbrücke","strasse":"Hauptstrasse","gemeinde":"Hemishofen","fkt":"SO","fkt_text":"siedlungsorientiert","tempo":50,"dtv":802,"laerm_tag_db":66.8,"bus":true,"linien":["33"],"haltestellen":[],"bus_anteil":1.0,"bus_text":"ja","laenge_m":234,"abschnitt":"Hauptstrasse","abschnitt_km":1.351,"unfaelle":7,"unf_fuss":0,"unf_velo":6,"fassaden_igw":1,"initiative":true,"gegenvorschlag":false,"vorlage":"initiative"},"geometry":{"type":"LineString","coordinates":[[8.83522,47.67439],[8.83517,47.67442],[8.83472,47.6747],[8.83425,47.675],[8.83379,47.67529],[8.83338,47.67558],[8.83315,47.67575],[8.833,47.67587]]}},{"type":"Feature","properties":{"nr":"72","achse":"Wichingen - Hallau","strasse":"Bahnhofstrasse","gemeinde":"Hallau","fkt":"VO","fkt_text":"verkehrsorientiert","tempo":50,"dtv":2091,"laerm_tag_db":73.7,"bus":true,"linien":["27","N77"],"haltestellen":["Hallau, Brugg"],"bus_anteil":1.0,"bus_text":"ja","laenge_m":837,"abschnitt":"Bahnhofstrasse","abschnitt_km":0.863,"unfaelle":4,"unf_fuss":1,"unf_velo":2,"fassaden_igw":1,"initiative":true,"gegenvorschlag":true,"vorlage":"initiative"},"geometry":{"type":"LineString","coordinates":[[8.45898,47.68935],[8.45889,47.68955],[8.45871,47.68991],[8.45857,47.69019],[8.45848,47.69038],[8.45834,47.69072],[8.4582,47.69106],[8.45807,47.69141],[8.45799,47.69162],[8.45786,47.69201],[8.45773,47.69246],[8.45755,47.69308],[8.45751,47.69322],[8.4575,47.69329],[8.45748,47.69338],[8.45746,47.69354],[8.45746,47.69376],[8.45745,47.69387],[8.45744,47.69395],[8.45743,47.69403],[8.45742,47.69411],[8.45741,47.69419],[8.45739,47.69431],[8.45735,47.69449],[8.45731,47.69471],[8.45728,47.69485],[8.45726,47.69497],[8.45724,47.69506],[8.45722,47.69515],[8.45722,47.69519],[8.45722,47.69524],[8.45723,47.69528],[8.45723,47.69534],[8.45724,47.69539],[8.45725,47.69543],[8.45727,47.69547],[8.45729,47.69551],[8.45733,47.69558],[8.4574,47.69569],[8.45743,47.69575],[8.45745,47.69581],[8.45747,47.69585],[8.45748,47.6959],[8.45749,47.69596],[8.45748,47.696],[8.45747,47.69603],[8.45744,47.69611],[8.45741,47.69619],[8.45737,47.69627],[8.45731,47.69639],[8.45725,47.69648],[8.45723,47.69653],[8.45722,47.69656],[8.45722,47.69661],[8.45724,47.69664],[8.45728,47.69668]]}},{"type":"Feature","properties":{"nr":"72","achse":"Wichingen - Hallau","strasse":"Bahnhofstrasse","gemeinde":"Wilchingen","fkt":"VO","fkt_text":"verkehrsorientiert","tempo":50,"dtv":2091,"laerm_tag_db":73.7,"bus":true,"linien":["27","N77"],"haltestellen":[],"bus_anteil":1.0,"bus_text":"ja","laenge_m":146,"abschnitt":"Bahnhofstrasse","abschnitt_km":0.831,"unfaelle":1,"unf_fuss":0,"unf_velo":0,"fassaden_igw":0,"initiative":true,"gegenvorschlag":true,"vorlage":"initiative"},"geometry":{"type":"LineString","coordinates":[[8.46514,47.68132],[8.46523,47.68143],[8.4653,47.68152],[8.4654,47.68164],[8.46546,47.68171],[8.46551,47.68178],[8.46554,47.68186],[8.46555,47.6819],[8.46555,47.68195],[8.46555,47.68199],[8.46554,47.68203],[8.46553,47.68208],[8.4655,47.68212],[8.46548,47.68216],[8.46545,47.68219],[8.46542,47.68222],[8.46538,47.68225],[8.46534,47.68228],[8.46529,47.68231],[8.46525,47.68233],[8.46519,47.68235],[8.46512,47.68237],[8.46502,47.68239]]}},{"type":"Feature","properties":{"nr":"715","achse":"Neuhausen - Nohl","strasse":"Rheinfallstrasse","gemeinde":"Neuhausen am Rheinfall","fkt":"SO","fkt_text":"siedlungsorientiert","tempo":50,"dtv":6539,"laerm_tag_db":78.5,"bus":true,"linien":["1","7","21","N4","N77"],"haltestellen":[],"bus_anteil":1.0,"bus_text":"ja","laenge_m":187,"abschnitt":"Rheinfallstrasse","abschnitt_km":0.679,"unfaelle":8,"unf_fuss":2,"unf_velo":1,"fassaden_igw":5,"initiative":true,"gegenvorschlag":false,"vorlage":"initiative"},"geometry":{"type":"LineString","coordinates":[[8.61742,47.68227],[8.61746,47.68222],[8.61749,47.68218],[8.61751,47.68216],[8.61757,47.68212],[8.61763,47.68209],[8.61767,47.68206],[8.61776,47.682],[8.6178,47.68197],[8.61783,47.68193],[8.61785,47.6819],[8.61787,47.68186],[8.61788,47.68182],[8.61789,47.68179],[8.61789,47.68177],[8.61789,47.68174],[8.61789,47.68169],[8.61788,47.68165],[8.61787,47.6816],[8.61785,47.68156],[8.61782,47.68152],[8.61777,47.68146],[8.6177,47.6814],[8.6176,47.68133],[8.61747,47.68125],[8.61736,47.68118],[8.61728,47.68114],[8.61723,47.68111],[8.61718,47.68107],[8.61714,47.681],[8.6171,47.6809]]}},{"type":"Feature","properties":{"nr":"711","achse":"Neunkirch - Siblingen","strasse":"Siblingerstrasse","gemeinde":"Gächlingen","fkt":"SO","fkt_text":"siedlungsorientiert","tempo":50,"dtv":1099,"laerm_tag_db":69.3,"bus":true,"linien":["21"],"haltestellen":["Gächlingen, Siblingerstrasse"],"bus_anteil":1.0,"bus_text":"ja","laenge_m":136,"abschnitt":"","abschnitt_km":null,"unfaelle":null,"unf_fuss":null,"unf_velo":null,"fassaden_igw":null,"initiative":true,"gegenvorschlag":false,"vorlage":"initiative"},"geometry":{"type":"LineString","coordinates":[[8.50295,47.70437],[8.50312,47.70448],[8.50319,47.70452],[8.50333,47.7046],[8.5034,47.70464],[8.50361,47.70475],[8.50385,47.70489],[8.50395,47.70494],[8.50405,47.705],[8.50416,47.70505],[8.50427,47.70511],[8.50434,47.70515]]}},{"type":"Feature","properties":{"nr":"721","achse":"Schaffhausen - Hemmental","strasse":"Nordstrasse","gemeinde":"Schaffhausen","fkt":"SO","fkt_text":"siedlungsorientiert","tempo":50,"dtv":6466,"laerm_tag_db":77.6,"bus":true,"linien":["3","4","22","N1"],"haltestellen":["Schaffhausen, Neubrunn"],"bus_anteil":1.0,"bus_text":"ja","laenge_m":208,"abschnitt":"Nordstrasse","abschnitt_km":1.026,"unfaelle":37,"unf_fuss":6,"unf_velo":16,"fassaden_igw":111,"initiative":true,"gegenvorschlag":false,"vorlage":"initiative"},"geometry":{"type":"LineString","coordinates":[[8.62617,47.70867],[8.62628,47.70866],[8.62633,47.70866],[8.6264,47.70864],[8.62648,47.70863],[8.62656,47.70861],[8.62663,47.70858],[8.6267,47.70855],[8.62676,47.70852],[8.62683,47.70848],[8.62689,47.70844],[8.62694,47.7084],[8.62698,47.70837],[8.62703,47.70832],[8.62707,47.70828],[8.62711,47.70824],[8.62714,47.70819],[8.62717,47.70816],[8.62718,47.70813],[8.6272,47.70807],[8.62725,47.70795],[8.62739,47.7076],[8.62746,47.70741],[8.62751,47.70728],[8.62754,47.70721]]}},{"type":"Feature","properties":{"nr":"82","achse":"Gottmadingen - Ramsen","strasse":"Wattgrabenweg","gemeinde":"Ramsen","fkt":"VO","fkt_text":"verkehrsorientiert","tempo":50,"dtv":3322,"laerm_tag_db":75.3,"bus":true,"linien":["25"],"haltestellen":["Ramsen, Brücke"],"bus_anteil":1.0,"bus_text":"ja","laenge_m":67,"abschnitt":"Wattgrabenweg","abschnitt_km":0.005,"unfaelle":1,"unf_fuss":0,"unf_velo":0,"fassaden_igw":0,"initiative":true,"gegenvorschlag":true,"vorlage":"initiative"},"geometry":{"type":"LineString","coordinates":[[8.80751,47.70784],[8.80754,47.70783],[8.80762,47.70778],[8.80768,47.70773],[8.80773,47.7077],[8.80778,47.70766],[8.80786,47.70759],[8.80792,47.70752],[8.80798,47.70745],[8.80802,47.7074],[8.80805,47.70736]]}},{"type":"Feature","properties":{"nr":"711","achse":"Neunkirch - Siblingen","strasse":"Neunkircherstrasse","gemeinde":"Gächlingen","fkt":"SO","fkt_text":"siedlungsorientiert","tempo":50,"dtv":2481,"laerm_tag_db":74.4,"bus":true,"linien":["21"],"haltestellen":[],"bus_anteil":1.0,"bus_text":"ja","laenge_m":149,"abschnitt":"Neunkircherstrasse","abschnitt_km":0.129,"unfaelle":0,"unf_fuss":0,"unf_velo":0,"fassaden_igw":0,"initiative":true,"gegenvorschlag":false,"vorlage":"initiative"},"geometry":{"type":"LineString","coordinates":[[8.49991,47.69848],[8.4999,47.6985],[8.49991,47.69858],[8.49991,47.69867],[8.49992,47.69874],[8.49994,47.69879],[8.49995,47.69883],[8.49996,47.69888],[8.49999,47.69897],[8.50005,47.69916],[8.50011,47.69934],[8.50013,47.6994],[8.50015,47.69948],[8.50016,47.69955],[8.50016,47.69961],[8.50013,47.69967],[8.50011,47.69971],[8.50009,47.69974],[8.50005,47.69978]]}},{"type":"Feature","properties":{"nr":"723","achse":"Schleitheim - Beggingen","strasse":"Dorfstrasse","gemeinde":"Beggingen","fkt":"SO","fkt_text":"siedlungsorientiert","tempo":50,"dtv":1049,"laerm_tag_db":68.2,"bus":true,"linien":["21"],"haltestellen":["Beggingen, Dorf","Beggingen, Neumühle"],"bus_anteil":0.89,"bus_text":"teilweise","laenge_m":692,"abschnitt":"Dorfstrasse","abschnitt_km":0.778,"unfaelle":1,"unf_fuss":0,"unf_velo":0,"fassaden_igw":0,"initiative":true,"gegenvorschlag":false,"vorlage":"initiative"},"geometry":{"type":"LineString","coordinates":[[8.52712,47.76548],[8.52715,47.76548],[8.52736,47.76548],[8.52749,47.76549],[8.52764,47.76551],[8.5278,47.76553],[8.52808,47.76556],[8.52828,47.76559],[8.52854,47.76562],[8.52878,47.76565],[8.52898,47.76567],[8.52914,47.76569],[8.52926,47.76571],[8.52934,47.76572],[8.52947,47.76575],[8.52956,47.76577],[8.52964,47.76578],[8.52968,47.76579],[8.52977,47.76579],[8.52986,47.76578],[8.52993,47.76577],[8.53002,47.76575],[8.53012,47.76573],[8.53029,47.76568],[8.53075,47.76554],[8.53089,47.76551],[8.53105,47.76548],[8.53122,47.76545],[8.53137,47.76544],[8.53154,47.76543],[8.5317,47.76543],[8.53186,47.76544],[8.53195,47.76545],[8.53202,47.76547],[8.53205,47.76548],[8.53209,47.76549],[8.53216,47.76552],[8.53237,47.7656],[8.53268,47.76572],[8.53278,47.76576],[8.53286,47.7658],[8.53294,47.76584],[8.53302,47.76588],[8.53311,47.76593],[8.53322,47.76598],[8.53331,47.76604],[8.53337,47.76607],[8.53345,47.76611],[8.53354,47.76614],[8.53371,47.76621],[8.53385,47.76626],[8.53396,47.7663],[8.53405,47.76632],[8.53413,47.76634],[8.53422,47.76638],[8.53432,47.7664],[8.53441,47.76642],[8.53448,47.76644],[8.5346,47.76648],[8.53479,47.76652],[8.53499,47.76658],[8.53511,47.76661],[8.53519,47.76663],[8.5353,47.76665],[8.53542,47.76667],[8.53549,47.76668],[8.5356,47.76669],[8.53569,47.7667],[8.53573,47.7667]]}},{"type":"Feature","properties":{"nr":"H4","achse":"Bargen Schaffhausen","strasse":"Schweizersbildstrasse","gemeinde":"Schaffhausen","fkt":"VO","fkt_text":"verkehrsorientiert","tempo":50,"dtv":8251,"laerm_tag_db":79.4,"bus":true,"linien":["6","10","N2"],"haltestellen":["Schaffhausen, Dachsenbüel"],"bus_anteil":1.0,"bus_text":"ja","laenge_m":108,"abschnitt":"Schweizersbildstrasse","abschnitt_km":1.775,"unfaelle":20,"unf_fuss":2,"unf_velo":7,"fassaden_igw":34,"initiative":true,"gegenvorschlag":true,"vorlage":"initiative"},"geometry":{"type":"LineString","coordinates":[[8.64349,47.72215],[8.64337,47.72223],[8.64326,47.72232],[8.64321,47.72235],[8.64309,47.72241],[8.64291,47.7225],[8.64268,47.7226],[8.64236,47.72273]]}},{"type":"Feature","properties":{"nr":"H13","achse":"Neuhausen - Erzingen","strasse":"Grebenstrasse","gemeinde":"Neunkirch","fkt":"VO","fkt_text":"verkehrsorientiert","tempo":50,"dtv":9035,"laerm_tag_db":79.6,"bus":true,"linien":["N77"],"haltestellen":[],"bus_anteil":1.0,"bus_text":"ja","laenge_m":113,"abschnitt":"Grebenstrasse","abschnitt_km":0.109,"unfaelle":1,"unf_fuss":0,"unf_velo":0,"fassaden_igw":0,"initiative":true,"gegenvorschlag":true,"vorlage":"initiative"},"geometry":{"type":"LineString","coordinates":[[8.50425,47.68769],[8.50423,47.6877],[8.50405,47.68777],[8.50361,47.68796],[8.50345,47.68801],[8.50331,47.68804],[8.50314,47.68806],[8.50288,47.68808]]}},{"type":"Feature","properties":{"nr":"H15","achse":"Herblingen - Thayngen","strasse":"Gennersbrunnerstrasse","gemeinde":"Schaffhausen","fkt":"VO","fkt_text":"verkehrsorientiert","tempo":50,"dtv":7018,"laerm_tag_db":78.6,"bus":true,"linien":["5","9","24","N76"],"haltestellen":["Schaffhausen, Post Herblingen"],"bus_anteil":1.0,"bus_text":"ja","laenge_m":195,"abschnitt":"Gennersbrunnerstrasse","abschnitt_km":0.978,"unfaelle":38,"unf_fuss":7,"unf_velo":7,"fassaden_igw":24,"initiative":true,"gegenvorschlag":true,"vorlage":"initiative"},"geometry":{"type":"LineString","coordinates":[[8.66218,47.72201],[8.66223,47.72197],[8.66228,47.72191],[8.66229,47.72187],[8.6623,47.72175],[8.66237,47.72105],[8.66244,47.72052],[8.66243,47.72041],[8.66244,47.72028]]}},{"type":"Feature","properties":{"nr":"711","achse":"Neunkirch - Siblingen","strasse":"Kirchstrasse","gemeinde":"Gächlingen","fkt":"SO","fkt_text":"siedlungsorientiert","tempo":50,"dtv":1099,"laerm_tag_db":69.3,"bus":true,"linien":["21"],"haltestellen":[],"bus_anteil":1.0,"bus_text":"ja","laenge_m":463,"abschnitt":"Kirchstrasse","abschnitt_km":0.461,"unfaelle":1,"unf_fuss":0,"unf_velo":0,"fassaden_igw":0,"initiative":true,"gegenvorschlag":false,"vorlage":"initiative"},"geometry":{"type":"LineString","coordinates":[[8.49817,47.70182],[8.49818,47.70184],[8.49822,47.70188],[8.49826,47.70191],[8.49831,47.70193],[8.49841,47.70196],[8.49854,47.702],[8.499,47.70214],[8.49922,47.70221],[8.49938,47.70227],[8.49952,47.70233],[8.49969,47.7024],[8.49994,47.70251],[8.50004,47.70256],[8.50039,47.7027],[8.50047,47.70274],[8.50055,47.70278],[8.50062,47.70282],[8.5007,47.70287],[8.50083,47.70296],[8.50104,47.7031],[8.50124,47.70323],[8.5016,47.70347],[8.50195,47.70371],[8.50206,47.70378],[8.50232,47.70395],[8.5027,47.70421],[8.5028,47.70427],[8.50291,47.70435],[8.50295,47.70437]]}},{"type":"Feature","properties":{"nr":"H14","achse":"Schaffhausen - Stühlingen","strasse":"Hauptstrasse","gemeinde":"Löhningen","fkt":"VO","fkt_text":"verkehrsorientiert","tempo":50,"dtv":6981,"laerm_tag_db":79.0,"bus":true,"linien":["21"],"haltestellen":["Löhningen, Dorf"],"bus_anteil":1.0,"bus_text":"ja","laenge_m":389,"abschnitt":"Hauptstrasse","abschnitt_km":0.389,"unfaelle":6,"unf_fuss":3,"unf_velo":0,"fassaden_igw":56,"initiative":true,"gegenvorschlag":true,"vorlage":"initiative"},"geometry":{"type":"LineString","coordinates":[[8.55324,47.70136],[8.55304,47.70133],[8.55288,47.70131],[8.55266,47.70128],[8.55253,47.70126],[8.55241,47.70124],[8.55225,47.70122],[8.55202,47.70118],[8.55177,47.70114],[8.55163,47.70113],[8.55141,47.70111],[8.55114,47.7011],[8.5508,47.70109],[8.5505,47.7011],[8.55026,47.70111],[8.55003,47.70111],[8.54989,47.70111],[8.54978,47.70112],[8.54961,47.70112],[8.54945,47.70113],[8.54924,47.70115],[8.54901,47.70117],[8.54877,47.7012],[8.54857,47.70123],[8.54839,47.70126],[8.54813,47.70132]]}},{"type":"Feature","properties":{"nr":"708","achse":"Neunkirch - Oberhallauerberg","strasse":"Oberhallauerstrasse","gemeinde":"Neunkirch","fkt":"SO","fkt_text":"siedlungsorientiert","tempo":50,"dtv":1249,"laerm_tag_db":69.5,"bus":true,"linien":["N77"],"haltestellen":[],"bus_anteil":1.0,"bus_text":"ja","laenge_m":178,"abschnitt":"Oberhallauerstrasse","abschnitt_km":0.189,"unfaelle":0,"unf_fuss":0,"unf_velo":0,"fassaden_igw":0,"initiative":true,"gegenvorschlag":false,"vorlage":"initiative"},"geometry":{"type":"LineString","coordinates":[[8.49752,47.69164],[8.49754,47.69153],[8.49757,47.69136],[8.49758,47.69127],[8.49758,47.69122],[8.49757,47.6912],[8.49754,47.69115],[8.49749,47.69111],[8.49737,47.69102],[8.49725,47.69092],[8.49719,47.69085],[8.49716,47.6908],[8.49715,47.69076],[8.49712,47.69065],[8.4971,47.69057],[8.49708,47.69047],[8.49705,47.69029],[8.49703,47.69022],[8.49701,47.69019],[8.49695,47.69016]]}},{"type":"Feature","properties":{"nr":"H13","achse":"Wagenhausen - Schaffhausen","strasse":"Rheinuferstrasse","gemeinde":"Schaffhausen","fkt":"VO","fkt_text":"verkehrsorientiert","tempo":50,"dtv":18170,"laerm_tag_db":82.7,"bus":true,"linien":["6","8","25","630","632","634","N3","N69"],"haltestellen":[],"bus_anteil":1.0,"bus_text":"ja","laenge_m":127,"abschnitt":"Rheinuferstrasse","abschnitt_km":0.653,"unfaelle":28,"unf_fuss":3,"unf_velo":2,"fassaden_igw":43,"initiative":true,"gegenvorschlag":true,"vorlage":"initiative"},"geometry":{"type":"LineString","coordinates":[[8.63836,47.69455],[8.63905,47.69479],[8.63921,47.69484],[8.63968,47.69502],[8.63977,47.69506],[8.63984,47.69509]]}},{"type":"Feature","properties":{"nr":"H4","achse":"Bargen Schaffhausen","strasse":"Klettgauerstrasse","gemeinde":"Neuhausen am Rheinfall","fkt":"VO","fkt_text":"verkehrsorientiert","tempo":50,"dtv":14359,"laerm_tag_db":82.1,"bus":true,"linien":["1","7","21","N4","N77"],"haltestellen":["Neuhausen, Kreuzstrasse","Neuhausen, Rhytech"],"bus_anteil":1.0,"bus_text":"ja","laenge_m":398,"abschnitt":"Klettgauerstrasse","abschnitt_km":0.984,"unfaelle":42,"unf_fuss":4,"unf_velo":5,"fassaden_igw":56,"initiative":true,"gegenvorschlag":true,"vorlage":"initiative"},"geometry":{"type":"LineString","coordinates":[[8.61261,47.68372],[8.61274,47.68364],[8.61282,47.6836],[8.61294,47.68355],[8.61386,47.68327],[8.61402,47.68323],[8.61419,47.68318],[8.61455,47.68307],[8.61506,47.68291],[8.61553,47.68276],[8.61588,47.68265],[8.61658,47.68244],[8.6169,47.68234],[8.61706,47.6823],[8.61714,47.68228],[8.61722,47.68227],[8.61733,47.68226],[8.61742,47.68227]]}},{"type":"Feature","properties":{"nr":"76","achse":"Zentrum Schaffhausen - Schweizersbild","strasse":"Gemsgasse","gemeinde":"Schaffhausen","fkt":"VO","fkt_text":"verkehrsorientiert","tempo":50,"dtv":2193,"laerm_tag_db":75.1,"bus":true,"linien":["3","6","24","N2"],"haltestellen":["Schaffhausen, Gemsstübli"],"bus_anteil":1.0,"bus_text":"ja","laenge_m":457,"abschnitt":"Gemsgasse","abschnitt_km":1.1,"unfaelle":25,"unf_fuss":3,"unf_velo":8,"fassaden_igw":25,"initiative":true,"gegenvorschlag":true,"vorlage":"initiative"},"geometry":{"type":"LineString","coordinates":[[8.64187,47.713],[8.64185,47.71304],[8.64183,47.71309],[8.64182,47.71315],[8.64183,47.7132],[8.64187,47.71331],[8.64197,47.71355],[8.64206,47.7138],[8.64218,47.71413],[8.6422,47.71418],[8.64227,47.7144],[8.64233,47.7146],[8.64237,47.71476],[8.64241,47.71495],[8.64244,47.71512],[8.64245,47.71528],[8.64247,47.71539],[8.64248,47.71556],[8.64248,47.71569],[8.64248,47.71575],[8.64248,47.71591],[8.64248,47.716],[8.64247,47.71615],[8.64246,47.71626],[8.64244,47.7164],[8.64244,47.71643],[8.64239,47.71672],[8.64237,47.71684],[8.64236,47.71693],[8.64235,47.71699],[8.64235,47.71705]]}},{"type":"Feature","properties":{"nr":"711","achse":"Neunkirch - Siblingen","strasse":"Gächlingerstrasse","gemeinde":"Siblingen","fkt":"SO","fkt_text":"siedlungsorientiert","tempo":50,"dtv":1099,"laerm_tag_db":69.3,"bus":true,"linien":["21"],"haltestellen":[],"bus_anteil":1.0,"bus_text":"ja","laenge_m":53,"abschnitt":"Gächlingerstrasse","abschnitt_km":0.15,"unfaelle":0,"unf_fuss":0,"unf_velo":0,"fassaden_igw":0,"initiative":true,"gegenvorschlag":false,"vorlage":"initiative"},"geometry":{"type":"LineString","coordinates":[[8.5156,47.7145],[8.51554,47.71442],[8.51548,47.71436],[8.5154,47.7143],[8.51533,47.71425],[8.51525,47.71417],[8.51519,47.71412]]}},{"type":"Feature","properties":{"nr":"741","achse":"Thayngen Zentrum - Auen","strasse":"Biberstrasse","gemeinde":"Thayngen","fkt":"SO","fkt_text":"siedlungsorientiert","tempo":50,"dtv":1376,"laerm_tag_db":70.7,"bus":true,"linien":["24","N76"],"haltestellen":["Thayngen, Hüttenleben"],"bus_anteil":1.0,"bus_text":"ja","laenge_m":388,"abschnitt":"Biberstrasse","abschnitt_km":1.555,"unfaelle":16,"unf_fuss":4,"unf_velo":7,"fassaden_igw":2,"initiative":true,"gegenvorschlag":false,"vorlage":"initiative"},"geometry":{"type":"LineString","coordinates":[[8.69615,47.75362],[8.69609,47.75362],[8.69574,47.75364],[8.69519,47.75365],[8.695,47.75366],[8.69479,47.75368],[8.69453,47.75373],[8.69442,47.75375],[8.69436,47.75376],[8.69415,47.75382],[8.69394,47.7539],[8.69371,47.75399],[8.69347,47.75411],[8.69325,47.75422],[8.69273,47.75448],[8.69243,47.75464],[8.69213,47.75478],[8.69188,47.75491],[8.69177,47.75497],[8.69168,47.75501],[8.69164,47.75502],[8.69161,47.75502],[8.69158,47.75501]]}},{"type":"Feature","properties":{"nr":"741","achse":"Thayngen Zentrum - Auen","strasse":"Biberstrasse","gemeinde":"Thayngen","fkt":"SO","fkt_text":"siedlungsorientiert","tempo":50,"dtv":1376,"laerm_tag_db":70.7,"bus":true,"linien":["24","N76"],"haltestellen":["Thayngen, Sägi"],"bus_anteil":1.0,"bus_text":"ja","laenge_m":280,"abschnitt":"Biberstrasse","abschnitt_km":1.555,"unfaelle":16,"unf_fuss":4,"unf_velo":7,"fassaden_igw":2,"initiative":true,"gegenvorschlag":false,"vorlage":"initiative"},"geometry":{"type":"LineString","coordinates":[[8.70549,47.74992],[8.70539,47.75003],[8.70528,47.75015],[8.70517,47.75028],[8.70505,47.75039],[8.70494,47.7505],[8.70474,47.75062],[8.70452,47.75075],[8.70433,47.75086],[8.70401,47.75103],[8.70391,47.75109],[8.7035,47.75132],[8.70296,47.75162],[8.70285,47.75167]]}},{"type":"Feature","properties":{"nr":"731","achse":"Herblingen - Lohn","strasse":"Stettemerstrasse","gemeinde":"Lohn (SH)","fkt":"SO","fkt_text":"siedlungsorientiert","tempo":50,"dtv":966,"laerm_tag_db":68.4,"bus":true,"linien":["24"],"haltestellen":["Lohn SH, Kreuz"],"bus_anteil":1.0,"bus_text":"ja","laenge_m":257,"abschnitt":"Stettemerstrasse","abschnitt_km":0.246,"unfaelle":1,"unf_fuss":0,"unf_velo":0,"fassaden_igw":0,"initiative":true,"gegenvorschlag":false,"vorlage":"initiative"},"geometry":{"type":"LineString","coordinates":[[8.66867,47.755],[8.66866,47.75499],[8.66866,47.75498],[8.66865,47.75497],[8.66865,47.75496],[8.66864,47.75495],[8.66864,47.75495],[8.66864,47.75494],[8.66857,47.75469],[8.66856,47.75465],[8.66852,47.75458],[8.66843,47.75434],[8.66839,47.75425],[8.66835,47.75415],[8.66823,47.75385],[8.66821,47.7538],[8.66819,47.75376],[8.66817,47.7537],[8.66811,47.75355],[8.66802,47.75333],[8.66796,47.75317],[8.66783,47.75286],[8.66779,47.75276]]}},{"type":"Feature","properties":{"nr":"711","achse":"Neunkirch - Siblingen","strasse":"Namenlos","gemeinde":"Neunkirch","fkt":"SO","fkt_text":"siedlungsorientiert","tempo":50,"dtv":3982,"laerm_tag_db":76.2,"bus":true,"linien":["21","N77"],"haltestellen":[],"bus_anteil":1.0,"bus_text":"ja","laenge_m":131,"abschnitt":"","abschnitt_km":null,"unfaelle":null,"unf_fuss":null,"unf_velo":null,"fassaden_igw":null,"initiative":true,"gegenvorschlag":false,"vorlage":"initiative"},"geometry":{"type":"LineString","coordinates":[[8.50042,47.68953],[8.5006,47.68954],[8.50071,47.68955],[8.50079,47.68957],[8.50089,47.68959],[8.50099,47.68962],[8.50105,47.68965],[8.50111,47.68968],[8.50117,47.68971],[8.50123,47.68975],[8.50128,47.68979],[8.50131,47.68982],[8.50132,47.68986],[8.50133,47.68989],[8.50135,47.69],[8.50137,47.69007],[8.50138,47.69013],[8.5014,47.69019],[8.50141,47.69023],[8.50143,47.69027],[8.50146,47.69029]]}},{"type":"Feature","properties":{"nr":"721","achse":"Schaffhausen - Hemmental","strasse":"Steigstrasse","gemeinde":"Schaffhausen","fkt":"SO","fkt_text":"siedlungsorientiert","tempo":50,"dtv":9408,"laerm_tag_db":80.2,"bus":true,"linien":["3","4","7","22","N1","N4"],"haltestellen":["Schaffhausen, Promenade"],"bus_anteil":1.0,"bus_text":"ja","laenge_m":443,"abschnitt":"Steigstrasse","abschnitt_km":0.837,"unfaelle":54,"unf_fuss":5,"unf_velo":20,"fassaden_igw":58,"initiative":true,"gegenvorschlag":false,"vorlage":"initiative"},"geometry":{"type":"LineString","coordinates":[[8.62789,47.69799],[8.62791,47.69798],[8.62797,47.69796],[8.62801,47.69795],[8.6281,47.69793],[8.62823,47.69789],[8.62834,47.69786],[8.62843,47.69784],[8.6285,47.69781],[8.62856,47.69779],[8.62858,47.69778],[8.62861,47.69775],[8.62863,47.69772],[8.62864,47.69768],[8.62865,47.69764],[8.62865,47.6976],[8.62867,47.69751],[8.62868,47.69744],[8.62868,47.69738],[8.62868,47.69734],[8.62868,47.69731],[8.62867,47.69728],[8.62865,47.69724],[8.62859,47.69715],[8.62853,47.69706],[8.62847,47.69696],[8.62841,47.69689],[8.62838,47.69683],[8.62835,47.69678],[8.62833,47.69673],[8.62832,47.69669],[8.62831,47.69665],[8.6283,47.69662],[8.6283,47.69658],[8.62831,47.69654],[8.62832,47.69651],[8.62833,47.69649],[8.62835,47.69646],[8.62835,47.69645],[8.62838,47.69642],[8.62841,47.69639],[8.62845,47.69635],[8.62852,47.6963],[8.62868,47.69621],[8.62892,47.69606],[8.62909,47.69596],[8.62936,47.69579],[8.62962,47.69563],[8.62973,47.69559],[8.62988,47.69553],[8.63002,47.69549],[8.63015,47.69546],[8.63027,47.69545],[8.63038,47.69544],[8.63046,47.69544],[8.63054,47.69544],[8.63064,47.69546],[8.63074,47.6955],[8.63084,47.69555]]}},{"type":"Feature","properties":{"nr":"H13","achse":"Wagenhausen - Schaffhausen","strasse":"Wagenhauserstrasse","gemeinde":"Stein am Rhein","fkt":"VO","fkt_text":"verkehrsorientiert","tempo":50,"dtv":6455,"laerm_tag_db":78.4,"bus":true,"linien":["33","825"],"haltestellen":[],"bus_anteil":1.0,"bus_text":"ja","laenge_m":356,"abschnitt":"Wagenhauserstrasse","abschnitt_km":0.746,"unfaelle":14,"unf_fuss":3,"unf_velo":2,"fassaden_igw":59,"initiative":true,"gegenvorschlag":true,"vorlage":"initiative"},"geometry":{"type":"LineString","coordinates":[[8.85218,47.65818],[8.85223,47.65816],[8.85237,47.65812],[8.85262,47.65805],[8.85319,47.6579],[8.85363,47.65779],[8.85385,47.65772],[8.8541,47.65764],[8.85433,47.65756],[8.85474,47.65742],[8.8552,47.65726],[8.85544,47.65717],[8.85575,47.65704],[8.85603,47.65692],[8.85614,47.65683],[8.8563,47.6568],[8.85641,47.65677]]}},{"type":"Feature","properties":{"nr":"H15","achse":"Herblingen - Thayngen","strasse":"Gennersbrunnerstrasse","gemeinde":"Schaffhausen","fkt":"VO","fkt_text":"verkehrsorientiert","tempo":50,"dtv":10177,"laerm_tag_db":80.9,"bus":true,"linien":["9"],"haltestellen":[],"bus_anteil":1.0,"bus_text":"ja","laenge_m":98,"abschnitt":"Gennersbrunnerstrasse","abschnitt_km":0.978,"unfaelle":38,"unf_fuss":7,"unf_velo":7,"fassaden_igw":24,"initiative":true,"gegenvorschlag":true,"vorlage":"initiative"},"geometry":{"type":"LineString","coordinates":[[8.66262,47.71826],[8.66274,47.71799],[8.66305,47.71742]]}},{"type":"Feature","properties":{"nr":"76","achse":"Zentrum Schaffhausen - Schweizersbild","strasse":"Gemsgasse","gemeinde":"Schaffhausen","fkt":"VO","fkt_text":"verkehrsorientiert","tempo":50,"dtv":4274,"laerm_tag_db":76.5,"bus":true,"linien":["6","10","N2"],"haltestellen":["Schaffhausen, Dachsenbüel"],"bus_anteil":1.0,"bus_text":"ja","laenge_m":129,"abschnitt":"Gemsgasse","abschnitt_km":1.1,"unfaelle":25,"unf_fuss":3,"unf_velo":8,"fassaden_igw":25,"initiative":true,"gegenvorschlag":true,"vorlage":"initiative"},"geometry":{"type":"LineString","coordinates":[[8.64241,47.72125],[8.64255,47.72137],[8.64277,47.72155],[8.64294,47.72168],[8.64318,47.72186],[8.64329,47.72194],[8.6434,47.72205],[8.64349,47.72215]]}},{"type":"Feature","properties":{"nr":"H14","achse":"Schaffhausen - Stühlingen","strasse":"Schaffhauserstrasse","gemeinde":"Schleitheim","fkt":"VO","fkt_text":"verkehrsorientiert","tempo":50,"dtv":3347,"laerm_tag_db":75.7,"bus":true,"linien":["21"],"haltestellen":[],"bus_anteil":1.0,"bus_text":"ja","laenge_m":364,"abschnitt":"Schaffhauserstrasse","abschnitt_km":0.527,"unfaelle":6,"unf_fuss":0,"unf_velo":0,"fassaden_igw":1,"initiative":true,"gegenvorschlag":true,"vorlage":"initiative"},"geometry":{"type":"LineString","coordinates":[[8.47971,47.74431],[8.47921,47.74474],[8.4791,47.74484],[8.47903,47.74492],[8.47897,47.74501],[8.47895,47.74508],[8.47894,47.74514],[8.47894,47.74517],[8.47895,47.74523],[8.47898,47.74531],[8.47903,47.74539],[8.4791,47.74546],[8.47917,47.74552],[8.47925,47.74556],[8.47932,47.7456],[8.47942,47.74565],[8.47977,47.74581],[8.48018,47.746],[8.48026,47.74604],[8.48033,47.74608],[8.48037,47.74612],[8.48042,47.74615],[8.48046,47.74621],[8.48049,47.74625],[8.48051,47.74629],[8.48051,47.74632],[8.48051,47.74635],[8.48051,47.74639],[8.4805,47.74645],[8.48048,47.74649],[8.48044,47.74657],[8.48037,47.7467],[8.48031,47.7468],[8.48024,47.74691]]}},{"type":"Feature","properties":{"nr":"H4","achse":"Bargen Schaffhausen","strasse":"Bachstrasse","gemeinde":"Schaffhausen","fkt":"VO","fkt_text":"verkehrsorientiert","tempo":50,"dtv":9738,"laerm_tag_db":79.3,"bus":true,"linien":["6","8","25","630","632","634","N3","N69"],"haltestellen":["Schaffhausen, Bachstrasse"],"bus_anteil":1.0,"bus_text":"ja","laenge_m":160,"abschnitt":"Bachstrasse","abschnitt_km":0.912,"unfaelle":75,"unf_fuss":5,"unf_velo":24,"fassaden_igw":146,"initiative":true,"gegenvorschlag":true,"vorlage":"initiative"},"geometry":{"type":"LineString","coordinates":[[8.63836,47.69455],[8.63827,47.69464],[8.63822,47.69471],[8.63819,47.69479],[8.6382,47.69488],[8.63822,47.69494],[8.63823,47.69506],[8.63824,47.69529],[8.63824,47.69533],[8.63822,47.69542],[8.6382,47.69549],[8.63817,47.69555],[8.63812,47.69564],[8.63808,47.69577],[8.63807,47.69582],[8.63806,47.6959],[8.63805,47.69594]]}},{"type":"Feature","properties":{"nr":"604","achse":"Steinenkreuz - Buchberg","strasse":"Buchbergerstrasse","gemeinde":"Rüdlingen","fkt":"SO","fkt_text":"siedlungsorientiert","tempo":50,"dtv":2231,"laerm_tag_db":73.6,"bus":true,"linien":["675"],"haltestellen":[],"bus_anteil":1.0,"bus_text":"ja","laenge_m":38,"abschnitt":"Buchbergerstrasse","abschnitt_km":0.199,"unfaelle":0,"unf_fuss":0,"unf_velo":0,"fassaden_igw":0,"initiative":true,"gegenvorschlag":false,"vorlage":"initiative"},"geometry":{"type":"LineString","coordinates":[[8.56302,47.58085],[8.563,47.58088],[8.56297,47.58098],[8.56296,47.58104],[8.56296,47.5811],[8.56295,47.58111],[8.56293,47.58114],[8.56291,47.58116],[8.56289,47.58117]]}},{"type":"Feature","properties":{"nr":"H4","achse":"Bargen Schaffhausen","strasse":"Fulachstrasse","gemeinde":"Schaffhausen","fkt":"VO","fkt_text":"verkehrsorientiert","tempo":50,"dtv":12441,"laerm_tag_db":81.9,"bus":true,"linien":["1","4","5","N3","N76"],"haltestellen":["Schaffhausen, Schönenberg"],"bus_anteil":1.0,"bus_text":"ja","laenge_m":584,"abschnitt":"Fulachstrasse","abschnitt_km":0.585,"unfaelle":28,"unf_fuss":4,"unf_velo":3,"fassaden_igw":32,"initiative":true,"gegenvorschlag":true,"vorlage":"initiative"},"geometry":{"type":"LineString","coordinates":[[8.63749,47.70173],[8.63749,47.70173],[8.63753,47.70178],[8.63755,47.70182],[8.63757,47.70188],[8.63759,47.70199],[8.6376,47.7021],[8.63762,47.70223],[8.63763,47.70234],[8.63765,47.70249],[8.63771,47.70273],[8.63779,47.70302],[8.63787,47.70328],[8.63793,47.70354],[8.638,47.70377],[8.63807,47.70396],[8.63811,47.70407],[8.63817,47.70422],[8.63825,47.70439],[8.63834,47.70456],[8.63844,47.70473],[8.63854,47.70488],[8.63873,47.70518],[8.63887,47.70541],[8.63901,47.70564],[8.63915,47.70586],[8.63924,47.70599],[8.63933,47.70612],[8.6394,47.70622],[8.63953,47.70642],[8.63965,47.7066],[8.63972,47.70673]]}},{"type":"Feature","properties":{"nr":"747","achse":"Büsingen - Randegg","strasse":"Neudörflingerstrasse","gemeinde":"Dörflingen","fkt":"SO","fkt_text":"siedlungsorientiert","tempo":50,"dtv":2391,"laerm_tag_db":74.2,"bus":true,"linien":["25"],"haltestellen":[],"bus_anteil":1.0,"bus_text":"ja","laenge_m":69,"abschnitt":"Neudörflingerstrasse","abschnitt_km":0.657,"unfaelle":1,"unf_fuss":0,"unf_velo":1,"fassaden_igw":12,"initiative":true,"gegenvorschlag":false,"vorlage":"initiative"},"geometry":{"type":"LineString","coordinates":[[8.71939,47.70723],[8.71935,47.70736],[8.71932,47.70746],[8.7193,47.7076],[8.71928,47.70769],[8.71928,47.70777],[8.7193,47.70782],[8.71931,47.70785]]}},{"type":"Feature","properties":{"nr":"H15","achse":"Herblingen - Thayngen","strasse":"Bahnhofstrasse","gemeinde":"Thayngen","fkt":"VO","fkt_text":"verkehrsorientiert","tempo":50,"dtv":3314,"laerm_tag_db":75.5,"bus":true,"linien":["24","N76"],"haltestellen":[],"bus_anteil":0.72,"bus_text":"teilweise","laenge_m":71,"abschnitt":"Bahnhofstrasse","abschnitt_km":1.003,"unfaelle":13,"unf_fuss":4,"unf_velo":5,"fassaden_igw":29,"initiative":true,"gegenvorschlag":true,"vorlage":"initiative"},"geometry":{"type":"LineString","coordinates":[[8.70589,47.74582],[8.70589,47.74582],[8.70584,47.74584],[8.70577,47.74585],[8.70571,47.74586],[8.70564,47.74585],[8.70555,47.74584],[8.70517,47.74577],[8.70506,47.74575],[8.70497,47.74574]]}},{"type":"Feature","properties":{"nr":"711","achse":"Neunkirch - Siblingen","strasse":"Gächlingerstrasse","gemeinde":"Neunkirch","fkt":"SO","fkt_text":"siedlungsorientiert","tempo":50,"dtv":2481,"laerm_tag_db":74.4,"bus":true,"linien":["21"],"haltestellen":["Neunkirch, Schulstrasse"],"bus_anteil":1.0,"bus_text":"ja","laenge_m":180,"abschnitt":"Gächlingerstrasse","abschnitt_km":0.451,"unfaelle":1,"unf_fuss":0,"unf_velo":1,"fassaden_igw":0,"initiative":true,"gegenvorschlag":false,"vorlage":"initiative"},"geometry":{"type":"LineString","coordinates":[[8.50146,47.69029],[8.50141,47.69033],[8.50136,47.69037],[8.50134,47.69039],[8.50132,47.69044],[8.50131,47.69047],[8.50129,47.69051],[8.50125,47.69071],[8.50117,47.69111],[8.50114,47.69126],[8.50111,47.69139],[8.50107,47.69155],[8.50104,47.69173],[8.50101,47.69186]]}},{"type":"Feature","properties":{"nr":"733","achse":"Schweizersbild  -Lohn","strasse":"Freudentalstrasse","gemeinde":"Lohn (SH)","fkt":"SO","fkt_text":"siedlungsorientiert","tempo":50,"dtv":1245,"laerm_tag_db":70.3,"bus":true,"linien":["24"],"haltestellen":["Lohn SH, Kreuz"],"bus_anteil":1.0,"bus_text":"ja","laenge_m":138,"abschnitt":"Freudentalstrasse","abschnitt_km":0.241,"unfaelle":2,"unf_fuss":0,"unf_velo":1,"fassaden_igw":0,"initiative":true,"gegenvorschlag":false,"vorlage":"initiative"},"geometry":{"type":"LineString","coordinates":[[8.66867,47.755],[8.66866,47.755],[8.66864,47.755],[8.66863,47.755],[8.66862,47.75501],[8.6686,47.75501],[8.66859,47.75501],[8.66858,47.755],[8.66856,47.755],[8.66855,47.755],[8.66854,47.755],[8.66852,47.75499],[8.6685,47.75498],[8.66847,47.75497],[8.66845,47.75497],[8.66842,47.75496],[8.6684,47.75495],[8.66837,47.75494],[8.66835,47.75493],[8.66827,47.75489],[8.6681,47.75483],[8.66794,47.75476],[8.66771,47.75467],[8.66758,47.75461],[8.66753,47.75459],[8.66747,47.75457],[8.66741,47.75455],[8.66735,47.75453],[8.66729,47.75451],[8.66723,47.75449],[8.66717,47.75448],[8.66711,47.75446],[8.66705,47.75445]]}},{"type":"Feature","properties":{"nr":"736","achse":"Opfersthofen - Landesgrenze","strasse":"Wiechserstrasse","gemeinde":"Thayngen","fkt":"SO","fkt_text":"siedlungsorientiert","tempo":50,"dtv":428,"laerm_tag_db":62.0,"bus":true,"linien":["24"],"haltestellen":["Altdorf SH, Dorf"],"bus_anteil":0.07,"bus_text":"ja","laenge_m":265,"abschnitt":"Wiechserstrasse","abschnitt_km":0.443,"unfaelle":0,"unf_fuss":0,"unf_velo":0,"fassaden_igw":0,"initiative":true,"gegenvorschlag":false,"vorlage":"initiative"},"geometry":{"type":"LineString","coordinates":[[8.65977,47.78465],[8.65975,47.78468],[8.65972,47.78473],[8.6597,47.78478],[8.65967,47.78483],[8.65962,47.78487],[8.65957,47.78491],[8.6595,47.78495],[8.65945,47.78497],[8.65935,47.78501],[8.6593,47.78503],[8.65921,47.78505],[8.65914,47.78506],[8.65904,47.78507],[8.659,47.78507],[8.65874,47.78507],[8.65844,47.78508],[8.65801,47.78508],[8.65754,47.78509],[8.65743,47.78509],[8.65734,47.78509],[8.65721,47.78509],[8.65703,47.7851],[8.65692,47.7851],[8.65682,47.78509],[8.65671,47.78507],[8.65663,47.78504],[8.65656,47.78501]]}},{"type":"Feature","properties":{"nr":"702","achse":"Wisental - Osterfingen","strasse":"Dorfstrasse","gemeinde":"Wilchingen","fkt":"SO","fkt_text":"siedlungsorientiert","tempo":50,"dtv":758,"laerm_tag_db":65.7,"bus":true,"linien":["27","N77"],"haltestellen":["Osterfingen, Lindenhof"],"bus_anteil":0.94,"bus_text":"ja","laenge_m":169,"abschnitt":"Dorfstrasse","abschnitt_km":0.893,"unfaelle":4,"unf_fuss":0,"unf_velo":0,"fassaden_igw":0,"initiative":true,"gegenvorschlag":false,"vorlage":"initiative"},"geometry":{"type":"LineString","coordinates":[[8.48291,47.66126],[8.48292,47.66126],[8.483,47.66135],[8.48307,47.66142],[8.48313,47.66148],[8.48317,47.66152],[8.48324,47.66156],[8.48332,47.66161],[8.48339,47.66164],[8.48345,47.66167],[8.48352,47.6617],[8.48361,47.66175],[8.48369,47.66179],[8.48376,47.66181],[8.48387,47.66186],[8.484,47.66191],[8.48411,47.66195],[8.48426,47.66201],[8.48437,47.66205],[8.48446,47.66208],[8.48455,47.66211],[8.48469,47.66214]]}},{"type":"Feature","properties":{"nr":"H332","achse":"Rielasingen - Rheinbrücke","strasse":"Moskau","gemeinde":"Ramsen","fkt":"VO","fkt_text":"verkehrsorientiert","tempo":50,"dtv":8374,"laerm_tag_db":79.3,"bus":true,"linien":["25","33"],"haltestellen":[],"bus_anteil":1.0,"bus_text":"ja","laenge_m":312,"abschnitt":"Moskau","abschnitt_km":0.404,"unfaelle":7,"unf_fuss":0,"unf_velo":4,"fassaden_igw":14,"initiative":true,"gegenvorschlag":true,"vorlage":"initiative"},"geometry":{"type":"LineString","coordinates":[[8.82233,47.71154],[8.82221,47.71144],[8.82208,47.71133],[8.82195,47.7112],[8.82184,47.71108],[8.82172,47.71094],[8.82164,47.71081],[8.82155,47.71065],[8.8215,47.71054],[8.82146,47.71043],[8.82138,47.71017],[8.82128,47.70982],[8.82121,47.70958],[8.82114,47.70931],[8.82109,47.70906],[8.82106,47.70892]]}},{"type":"Feature","properties":{"nr":"737","achse":"Hofemerhölzli - Altdorf","strasse":"Altdorferstrasse","gemeinde":"Thayngen","fkt":"SO","fkt_text":"siedlungsorientiert","tempo":50,"dtv":607,"laerm_tag_db":63.5,"bus":true,"linien":["24"],"haltestellen":["Altdorf SH, Dorf"],"bus_anteil":1.0,"bus_text":"ja","laenge_m":181,"abschnitt":"Altdorferstrasse","abschnitt_km":0.126,"unfaelle":0,"unf_fuss":0,"unf_velo":0,"fassaden_igw":0,"initiative":true,"gegenvorschlag":false,"vorlage":"initiative"},"geometry":{"type":"LineString","coordinates":[[8.65977,47.78465],[8.65984,47.78463],[8.65993,47.78461],[8.66001,47.78459],[8.6601,47.78456],[8.66021,47.78451],[8.66028,47.78447],[8.66036,47.78444],[8.66046,47.7844],[8.66057,47.78435],[8.66065,47.78433],[8.66078,47.7843],[8.66091,47.78427],[8.66105,47.78426],[8.66117,47.78424],[8.66132,47.78424],[8.66144,47.78425],[8.66159,47.78426],[8.66175,47.78427],[8.66195,47.7843],[8.66203,47.78431]]}},{"type":"Feature","properties":{"nr":"H330","achse":"Stein am Rhein - Öhningen","strasse":"Oehningerstrasse","gemeinde":"Stein am Rhein","fkt":"VO","fkt_text":"verkehrsorientiert","tempo":50,"dtv":3448,"laerm_tag_db":75.8,"bus":true,"linien":[],"haltestellen":["Stein am Rhein, Grenzstein"],"bus_anteil":0.0,"bus_text":"ja","laenge_m":412,"abschnitt":"Oehningerstrasse","abschnitt_km":1.181,"unfaelle":16,"unf_fuss":1,"unf_velo":11,"fassaden_igw":15,"initiative":true,"gegenvorschlag":true,"vorlage":"initiative"},"geometry":{"type":"LineString","coordinates":[[8.87161,47.65822],[8.87191,47.65823],[8.87213,47.65822],[8.8723,47.65822],[8.87238,47.65823],[8.87248,47.65824],[8.87261,47.65827],[8.8727,47.65831],[8.87279,47.65835],[8.87288,47.65841],[8.87294,47.65847],[8.87299,47.65853],[8.87304,47.65861],[8.87309,47.6587],[8.87326,47.65901],[8.87345,47.65935],[8.87365,47.6597],[8.8737,47.65976],[8.87377,47.65982],[8.87384,47.65987],[8.87393,47.65993],[8.87402,47.65997],[8.87412,47.66001],[8.87468,47.66022],[8.87485,47.66028],[8.87502,47.66034],[8.87513,47.66037],[8.87521,47.66039],[8.87534,47.6604],[8.87539,47.66041]]}},{"type":"Feature","properties":{"nr":"714","achse":"Beringen - Guntmadingen","strasse":"Guntmadingerstrasse","gemeinde":"Beringen","fkt":"SO","fkt_text":"siedlungsorientiert","tempo":50,"dtv":1211,"laerm_tag_db":70.0,"bus":true,"linien":["21","28","N77"],"haltestellen":[],"bus_anteil":1.0,"bus_text":"ja","laenge_m":524,"abschnitt":"Guntmadingerstrasse","abschnitt_km":0.0,"unfaelle":0,"unf_fuss":0,"unf_velo":0,"fassaden_igw":0,"initiative":true,"gegenvorschlag":false,"vorlage":"initiative"},"geometry":{"type":"LineString","coordinates":[[8.56757,47.69407],[8.56767,47.69414],[8.56775,47.69421],[8.56785,47.69429],[8.56802,47.69442],[8.56812,47.69452],[8.56819,47.69458],[8.56847,47.6948],[8.56861,47.69491],[8.56868,47.69497],[8.56934,47.69552],[8.56973,47.69584],[8.56985,47.69594],[8.57007,47.69613],[8.57015,47.69619],[8.57017,47.69621],[8.57022,47.69627],[8.57034,47.6964],[8.57067,47.69675],[8.57077,47.69685],[8.57085,47.69693],[8.57088,47.69696],[8.57097,47.69705],[8.57111,47.69718],[8.57117,47.69723],[8.5713,47.69738],[8.57137,47.69743],[8.57167,47.69768],[8.57173,47.69773],[8.57174,47.69778],[8.57175,47.69782]]}},{"type":"Feature","properties":{"nr":"721","achse":"Schaffhausen - Hemmental","strasse":"Hauentalstrasse","gemeinde":"Schaffhausen","fkt":"SO","fkt_text":"siedlungsorientiert","tempo":50,"dtv":4015,"laerm_tag_db":76.2,"bus":true,"linien":["3","22","N1"],"haltestellen":["Schaffhausen, Heuberg"],"bus_anteil":1.0,"bus_text":"ja","laenge_m":345,"abschnitt":"Hauentalstrasse","abschnitt_km":1.795,"unfaelle":10,"unf_fuss":2,"unf_velo":0,"fassaden_igw":93,"initiative":true,"gegenvorschlag":false,"vorlage":"initiative"},"geometry":{"type":"LineString","coordinates":[[8.61938,47.71783],[8.61939,47.71782],[8.61941,47.71777],[8.61945,47.71772],[8.61949,47.71766],[8.61954,47.71761],[8.61961,47.71753],[8.61972,47.71742],[8.61983,47.71731],[8.61994,47.7172],[8.62,47.71712],[8.62008,47.71703],[8.62015,47.71694],[8.62025,47.7168],[8.62059,47.71631],[8.62072,47.71611],[8.62101,47.7157],[8.62113,47.71554],[8.62123,47.71541],[8.62154,47.7151]]}},{"type":"Feature","properties":{"nr":"73","achse":"Hallau - Neunkirch","strasse":"Namenlos","gemeinde":"Neunkirch","fkt":"VO","fkt_text":"verkehrsorientiert","tempo":50,"dtv":5668,"laerm_tag_db":77.7,"bus":true,"linien":["21","N77"],"haltestellen":[],"bus_anteil":1.0,"bus_text":"ja","laenge_m":99,"abschnitt":"","abschnitt_km":null,"unfaelle":null,"unf_fuss":null,"unf_velo":null,"fassaden_igw":null,"initiative":true,"gegenvorschlag":true,"vorlage":"initiative"},"geometry":{"type":"LineString","coordinates":[[8.50042,47.68953],[8.50043,47.68947],[8.50043,47.6894],[8.50046,47.68932],[8.50048,47.68928],[8.50053,47.68924],[8.50059,47.68919],[8.50066,47.68915],[8.50075,47.68912],[8.50085,47.68909],[8.50093,47.68906],[8.50101,47.68903],[8.5011,47.68899],[8.50116,47.68895],[8.50123,47.68891]]}},{"type":"Feature","properties":{"nr":"H13","achse":"Neuhausen - Erzingen","strasse":"Klettgauerstrasse","gemeinde":"Neuhausen am Rheinfall","fkt":"VO","fkt_text":"verkehrsorientiert","tempo":50,"dtv":8703,"laerm_tag_db":79.4,"bus":true,"linien":["21","N77"],"haltestellen":["Neuhausen, Engestrasse"],"bus_anteil":1.0,"bus_text":"ja","laenge_m":223,"abschnitt":"Klettgauerstrasse","abschnitt_km":0.984,"unfaelle":42,"unf_fuss":4,"unf_velo":5,"fassaden_igw":56,"initiative":true,"gegenvorschlag":true,"vorlage":"initiative"},"geometry":{"type":"LineString","coordinates":[[8.61142,47.68731],[8.61144,47.68741],[8.61146,47.68754],[8.61146,47.68765],[8.61142,47.68787],[8.6114,47.68798],[8.61136,47.68816],[8.61133,47.68829],[8.61127,47.68843],[8.61117,47.68861],[8.61105,47.68879],[8.61091,47.68895],[8.61078,47.68909],[8.61066,47.68919]]}},{"type":"Feature","properties":{"nr":"H13","achse":"Neuhausen - Erzingen","strasse":"Klettgauerstrasse","gemeinde":"Neuhausen am Rheinfall","fkt":"VO","fkt_text":"verkehrsorientiert","tempo":50,"dtv":7545,"laerm_tag_db":79.4,"bus":true,"linien":["1","7","21","N4","N77"],"haltestellen":["Neuhausen, Kreuzstrasse"],"bus_anteil":1.0,"bus_text":"ja","laenge_m":423,"abschnitt":"Klettgauerstrasse","abschnitt_km":0.984,"unfaelle":42,"unf_fuss":4,"unf_velo":5,"fassaden_igw":56,"initiative":true,"gegenvorschlag":true,"vorlage":"initiative"},"geometry":{"type":"LineString","coordinates":[[8.61261,47.68372],[8.61254,47.68381],[8.61222,47.68428],[8.61218,47.68433],[8.61201,47.68458],[8.61184,47.68482],[8.61178,47.68492],[8.61164,47.68512],[8.61143,47.68542],[8.61138,47.68549],[8.61136,47.68553],[8.61133,47.68558],[8.61131,47.68561],[8.61129,47.68569],[8.61126,47.68578],[8.61125,47.68583],[8.61124,47.68589],[8.61123,47.68595],[8.61121,47.68607],[8.61121,47.68619],[8.6112,47.68633],[8.61122,47.68645],[8.61123,47.6866],[8.61131,47.68684],[8.61139,47.68718],[8.61142,47.68731]]}},{"type":"Feature","properties":{"nr":"747","achse":"Büsingen - Randegg","strasse":"Büsingerstrasse","gemeinde":"Dörflingen","fkt":"SO","fkt_text":"siedlungsorientiert","tempo":50,"dtv":1724,"laerm_tag_db":72.6,"bus":true,"linien":["25"],"haltestellen":["Dörflingen, Unterberg"],"bus_anteil":1.0,"bus_text":"ja","laenge_m":99,"abschnitt":"Büsingerstrasse","abschnitt_km":0.437,"unfaelle":3,"unf_fuss":0,"unf_velo":2,"fassaden_igw":2,"initiative":true,"gegenvorschlag":false,"vorlage":"initiative"},"geometry":{"type":"LineString","coordinates":[[8.71374,47.70532],[8.71384,47.70539],[8.71402,47.70551],[8.71407,47.70554],[8.71421,47.70562],[8.71435,47.7057],[8.71451,47.70579],[8.71464,47.70586],[8.71474,47.70591]]}},{"type":"Feature","properties":{"nr":"733","achse":"Schweizersbild  -Lohn","strasse":"Freudentalstrasse","gemeinde":"Schaffhausen","fkt":"SO","fkt_text":"siedlungsorientiert","tempo":50,"dtv":2924,"laerm_tag_db":74.6,"bus":true,"linien":["10"],"haltestellen":[],"bus_anteil":0.15,"bus_text":"teilweise","laenge_m":21,"abschnitt":"Freudentalstrasse","abschnitt_km":0.113,"unfaelle":1,"unf_fuss":0,"unf_velo":0,"fassaden_igw":0,"initiative":true,"gegenvorschlag":false,"vorlage":"initiative"},"geometry":{"type":"LineString","coordinates":[[8.63828,47.72446],[8.63844,47.72461]]}},{"type":"Feature","properties":{"nr":"H15","achse":"Herblingen - Thayngen","strasse":"Thayngerstrasse","gemeinde":"Schaffhausen","fkt":"VO","fkt_text":"verkehrsorientiert","tempo":50,"dtv":2608,"laerm_tag_db":75.1,"bus":true,"linien":["5","N76"],"haltestellen":["Schaffhausen, Schlossweiher"],"bus_anteil":1.0,"bus_text":"ja","laenge_m":104,"abschnitt":"Thayngerstrasse","abschnitt_km":0.874,"unfaelle":13,"unf_fuss":1,"unf_velo":1,"fassaden_igw":11,"initiative":true,"gegenvorschlag":true,"vorlage":"initiative"},"geometry":{"type":"LineString","coordinates":[[8.66448,47.72953],[8.66447,47.72952],[8.6644,47.72948],[8.66436,47.72945],[8.66432,47.72942],[8.66429,47.72939],[8.66425,47.72936],[8.66422,47.72933],[8.66418,47.7293],[8.66415,47.72926],[8.66405,47.72913],[8.66394,47.72895],[8.66384,47.72879],[8.66381,47.72873]]}},{"type":"Feature","properties":{"nr":"H15","achse":"Herblingen - Thayngen","strasse":"Ernst Homberger-Strasse","gemeinde":"Schaffhausen","fkt":"VO","fkt_text":"verkehrsorientiert","tempo":50,"dtv":5029,"laerm_tag_db":77.7,"bus":true,"linien":["9"],"haltestellen":["Herblingen, Bahnhof"],"bus_anteil":1.0,"bus_text":"ja","laenge_m":53,"abschnitt":"Ernst Homberger-Strasse","abschnitt_km":0.471,"unfaelle":15,"unf_fuss":1,"unf_velo":8,"fassaden_igw":0,"initiative":true,"gegenvorschlag":true,"vorlage":"initiative"},"geometry":{"type":"LineString","coordinates":[[8.66341,47.71674],[8.66329,47.71674],[8.66318,47.71673],[8.66306,47.71672],[8.66294,47.71671],[8.66283,47.71669],[8.66272,47.71667]]}},{"type":"Feature","properties":{"nr":"605","achse":"Gyrengrüebli - Rüdlingen","strasse":"Dorfstrasse","gemeinde":"Rüdlingen","fkt":"SO","fkt_text":"siedlungsorientiert","tempo":50,"dtv":388,"laerm_tag_db":61.4,"bus":true,"linien":["675"],"haltestellen":[],"bus_anteil":1.0,"bus_text":"ja","laenge_m":98,"abschnitt":"Dorfstrasse","abschnitt_km":0.428,"unfaelle":1,"unf_fuss":0,"unf_velo":0,"fassaden_igw":0,"initiative":true,"gegenvorschlag":false,"vorlage":"initiative"},"geometry":{"type":"LineString","coordinates":[[8.56988,47.58245],[8.57011,47.58226],[8.57034,47.58207],[8.57041,47.58201],[8.57049,47.58192],[8.57055,47.58185],[8.57063,47.58174]]}},{"type":"Feature","properties":{"nr":"747","achse":"Büsingen - Randegg","strasse":"Neudörflingerstrasse","gemeinde":"Dörflingen","fkt":"SO","fkt_text":"siedlungsorientiert","tempo":50,"dtv":3208,"laerm_tag_db":75.4,"bus":true,"linien":["25"],"haltestellen":[],"bus_anteil":1.0,"bus_text":"ja","laenge_m":191,"abschnitt":"Neudörflingerstrasse","abschnitt_km":0.657,"unfaelle":1,"unf_fuss":0,"unf_velo":1,"fassaden_igw":12,"initiative":true,"gegenvorschlag":false,"vorlage":"initiative"},"geometry":{"type":"LineString","coordinates":[[8.71931,47.70785],[8.71934,47.70789],[8.71939,47.70793],[8.71944,47.70796],[8.71953,47.70802],[8.71966,47.7081],[8.71984,47.70821],[8.72,47.7083],[8.72017,47.70839],[8.72043,47.70855],[8.72049,47.70858],[8.72057,47.70864],[8.72066,47.7087],[8.72076,47.70877],[8.72079,47.70878],[8.72088,47.70886],[8.72094,47.7089],[8.72112,47.70905]]}},{"type":"Feature","properties":{"nr":"72","achse":"Wichingen - Hallau","strasse":"Bahnhofstrasse","gemeinde":"Wilchingen","fkt":"VO","fkt_text":"verkehrsorientiert","tempo":50,"dtv":2744,"laerm_tag_db":74.9,"bus":true,"linien":["27","N77"],"haltestellen":[],"bus_anteil":1.0,"bus_text":"ja","laenge_m":499,"abschnitt":"Bahnhofstrasse","abschnitt_km":0.831,"unfaelle":1,"unf_fuss":0,"unf_velo":0,"fassaden_igw":0,"initiative":true,"gegenvorschlag":true,"vorlage":"initiative"},"geometry":{"type":"LineString","coordinates":[[8.45763,47.67692],[8.45797,47.67705],[8.45807,47.67709],[8.45819,47.67714],[8.45826,47.67718],[8.45841,47.67728],[8.45866,47.67744],[8.45882,47.67755],[8.45896,47.67764],[8.45904,47.67769],[8.45914,47.67773],[8.45982,47.67802],[8.46079,47.67842],[8.46122,47.67859],[8.46158,47.67873],[8.46197,47.67888],[8.46234,47.67902],[8.46277,47.6792],[8.46305,47.67931],[8.46318,47.67936]]}},{"type":"Feature","properties":{"nr":"72","achse":"Wichingen - Hallau","strasse":"Bahnhofstrasse","gemeinde":"Wilchingen","fkt":"VO","fkt_text":"verkehrsorientiert","tempo":50,"dtv":2744,"laerm_tag_db":74.9,"bus":true,"linien":["27","N77"],"haltestellen":[],"bus_anteil":1.0,"bus_text":"ja","laenge_m":130,"abschnitt":"Bahnhofstrasse","abschnitt_km":0.831,"unfaelle":1,"unf_fuss":0,"unf_velo":0,"fassaden_igw":0,"initiative":true,"gegenvorschlag":true,"vorlage":"initiative"},"geometry":{"type":"LineString","coordinates":[[8.4643,47.68031],[8.46431,47.68032],[8.46436,47.68038],[8.4644,47.68043],[8.46445,47.68049],[8.46452,47.68057],[8.46458,47.68064],[8.46464,47.68072],[8.4647,47.68079],[8.46477,47.68088],[8.46484,47.68096],[8.46491,47.68105],[8.465,47.68116],[8.46508,47.68126],[8.46514,47.68132]]}},{"type":"Feature","properties":{"nr":"721","achse":"Schaffhausen - Hemmental","strasse":"Hauptstrasse","gemeinde":"Schaffhausen","fkt":"SO","fkt_text":"siedlungsorientiert","tempo":50,"dtv":1336,"laerm_tag_db":70.4,"bus":true,"linien":["22"],"haltestellen":["Hemmental, Gehren"],"bus_anteil":1.0,"bus_text":"ja","laenge_m":489,"abschnitt":"Hauptstrasse","abschnitt_km":0.785,"unfaelle":1,"unf_fuss":0,"unf_velo":1,"fassaden_igw":0,"initiative":true,"gegenvorschlag":false,"vorlage":"initiative"},"geometry":{"type":"LineString","coordinates":[[8.58403,47.73373],[8.58434,47.7337],[8.58458,47.73368],[8.58504,47.73363],[8.58537,47.73359],[8.5859,47.73354],[8.58626,47.7335],[8.58707,47.73344],[8.58724,47.73342],[8.58734,47.73341],[8.58766,47.73336],[8.58782,47.73332],[8.58794,47.73328],[8.58818,47.73318],[8.58834,47.73309],[8.58845,47.73302],[8.58853,47.73297],[8.58863,47.73289],[8.58872,47.73281],[8.58881,47.73273],[8.58888,47.73266],[8.58894,47.73257],[8.58902,47.73245],[8.58916,47.73224],[8.58936,47.73191]]}},{"type":"Feature","properties":{"nr":"H4","achse":"Bargen Schaffhausen","strasse":"Ebnatstrasse","gemeinde":"Schaffhausen","fkt":"VO","fkt_text":"verkehrsorientiert","tempo":50,"dtv":6931,"laerm_tag_db":79.3,"bus":true,"linien":["1","9","N3"],"haltestellen":["Schaffhausen, Ebnatring"],"bus_anteil":1.0,"bus_text":"ja","laenge_m":691,"abschnitt":"Ebnatstrasse","abschnitt_km":2.434,"unfaelle":57,"unf_fuss":4,"unf_velo":9,"fassaden_igw":10,"initiative":true,"gegenvorschlag":true,"vorlage":"initiative"},"geometry":{"type":"LineString","coordinates":[[8.64679,47.70819],[8.64694,47.70829],[8.64706,47.70834],[8.64733,47.70842],[8.64762,47.70854],[8.64806,47.70875],[8.64857,47.709],[8.64909,47.70925],[8.64975,47.70958],[8.6501,47.70974],[8.65056,47.70997],[8.65075,47.71006],[8.65105,47.71021],[8.65165,47.7105],[8.65236,47.71085],[8.65274,47.71103],[8.65317,47.71125],[8.65363,47.71148],[8.65425,47.71181]]}},{"type":"Feature","properties":{"nr":"746","achse":"Herblingen - Dörflingen","strasse":"Gennersbrunnerstrasse","gemeinde":"Dörflingen","fkt":"SO","fkt_text":"siedlungsorientiert","tempo":50,"dtv":2040,"laerm_tag_db":72.8,"bus":true,"linien":["25"],"haltestellen":[],"bus_anteil":0.13,"bus_text":"teilweise","laenge_m":21,"abschnitt":"Gennersbrunnerstrasse","abschnitt_km":0.154,"unfaelle":0,"unf_fuss":0,"unf_velo":0,"fassaden_igw":0,"initiative":true,"gegenvorschlag":false,"vorlage":"initiative"},"geometry":{"type":"LineString","coordinates":[[8.71914,47.70799],[8.71917,47.70796],[8.71922,47.7079],[8.71927,47.70787],[8.71931,47.70785]]}},{"type":"Feature","properties":{"nr":"801","achse":"Buch - Murbach","strasse":"Dorfstrasse","gemeinde":"Buch (SH)","fkt":"SO","fkt_text":"siedlungsorientiert","tempo":50,"dtv":390,"laerm_tag_db":61.1,"bus":true,"linien":["25"],"haltestellen":[],"bus_anteil":1.0,"bus_text":"ja","laenge_m":75,"abschnitt":"Dorfstrasse","abschnitt_km":0.823,"unfaelle":2,"unf_fuss":1,"unf_velo":1,"fassaden_igw":0,"initiative":true,"gegenvorschlag":false,"vorlage":"initiative"},"geometry":{"type":"LineString","coordinates":[[8.77682,47.71734],[8.77683,47.71733],[8.77694,47.71732],[8.77718,47.71728],[8.77752,47.71721],[8.77762,47.71719],[8.77778,47.71714]]}},{"type":"Feature","properties":{"nr":"72","achse":"Wichingen - Hallau","strasse":"Bahnhofstrasse","gemeinde":"Wilchingen","fkt":"VO","fkt_text":"verkehrsorientiert","tempo":30,"dtv":2744,"laerm_tag_db":71.1,"bus":true,"linien":["27","N77"],"haltestellen":["Wilchingen-Hallau, Bahnhof"],"bus_anteil":1.0,"bus_text":"ja","laenge_m":142,"abschnitt":"Bahnhofstrasse","abschnitt_km":0.831,"unfaelle":1,"unf_fuss":0,"unf_velo":0,"fassaden_igw":0,"initiative":true,"gegenvorschlag":true,"vorlage":"initiative"},"geometry":{"type":"LineString","coordinates":[[8.46318,47.67936],[8.46369,47.67957],[8.46384,47.67964],[8.46394,47.67969],[8.46399,47.67973],[8.46403,47.67977],[8.46406,47.67983],[8.46408,47.67989],[8.46409,47.67996],[8.4641,47.68003],[8.46414,47.68011],[8.4642,47.68019],[8.46425,47.68024],[8.4643,47.68031]]}},{"type":"Feature","properties":{"nr":"721","achse":"Schaffhausen - Hemmental","strasse":"Nordstrasse","gemeinde":"Schaffhausen","fkt":"SO","fkt_text":"siedlungsorientiert","tempo":50,"dtv":5443,"laerm_tag_db":77.3,"bus":true,"linien":["3","4","22","N1"],"haltestellen":["Schaffhausen, Psychiatriezentr"],"bus_anteil":1.0,"bus_text":"ja","laenge_m":87,"abschnitt":"Nordstrasse","abschnitt_km":1.026,"unfaelle":37,"unf_fuss":6,"unf_velo":16,"fassaden_igw":111,"initiative":true,"gegenvorschlag":false,"vorlage":"initiative"},"geometry":{"type":"LineString","coordinates":[[8.62754,47.70721],[8.62755,47.70717],[8.62757,47.70712],[8.62757,47.70707],[8.62757,47.70703],[8.62757,47.70698],[8.62755,47.70684],[8.62751,47.70664],[8.62749,47.70643]]}},{"type":"Feature","properties":{"nr":"738","achse":"Lohn - Hofen","strasse":"Schmittengasse","gemeinde":"Lohn (SH)","fkt":"SO","fkt_text":"siedlungsorientiert","tempo":50,"dtv":498,"laerm_tag_db":62.1,"bus":true,"linien":["24"],"haltestellen":[],"bus_anteil":1.0,"bus_text":"ja","laenge_m":272,"abschnitt":"Schmittengasse","abschnitt_km":0.216,"unfaelle":1,"unf_fuss":0,"unf_velo":0,"fassaden_igw":0,"initiative":true,"gegenvorschlag":false,"vorlage":"initiative"},"geometry":{"type":"LineString","coordinates":[[8.66884,47.75849],[8.669,47.75806],[8.6691,47.75779],[8.66914,47.75772],[8.66917,47.75768],[8.66927,47.75757],[8.6694,47.75742],[8.66944,47.75737],[8.66949,47.75732],[8.66957,47.75725],[8.66959,47.75723],[8.66962,47.75721],[8.66976,47.75713],[8.67004,47.75696],[8.67023,47.75685],[8.67039,47.75674],[8.67046,47.7567],[8.6705,47.75667],[8.67054,47.75662],[8.6706,47.75656],[8.67064,47.75652],[8.67066,47.75648],[8.67068,47.75646]]}},{"type":"Feature","properties":{"nr":"707","achse":"Hallau - Oberhallau","strasse":"Dorfstrasse","gemeinde":"Oberhallau","fkt":"SO","fkt_text":"siedlungsorientiert","tempo":50,"dtv":1062,"laerm_tag_db":68.3,"bus":true,"linien":["27","N77"],"haltestellen":[],"bus_anteil":1.0,"bus_text":"ja","laenge_m":388,"abschnitt":"Dorfstrasse","abschnitt_km":0.569,"unfaelle":0,"unf_fuss":0,"unf_velo":0,"fassaden_igw":0,"initiative":true,"gegenvorschlag":false,"vorlage":"initiative"},"geometry":{"type":"LineString","coordinates":[[8.47412,47.7026],[8.47413,47.70261],[8.4742,47.70265],[8.47427,47.70269],[8.47435,47.70273],[8.47441,47.70277],[8.47451,47.70281],[8.47461,47.70284],[8.47469,47.70285],[8.47479,47.70287],[8.47488,47.70288],[8.47499,47.70289],[8.47508,47.7029],[8.47525,47.70291],[8.4754,47.70291],[8.47549,47.70293],[8.47557,47.70294],[8.47565,47.70296],[8.47571,47.70297],[8.4758,47.703],[8.47588,47.70303],[8.47595,47.70306],[8.476,47.70309],[8.47606,47.70312],[8.47613,47.70317],[8.47617,47.7032],[8.47623,47.70324],[8.47629,47.70329],[8.47637,47.70336],[8.47645,47.70345],[8.47656,47.70355],[8.47664,47.70364],[8.47674,47.70374],[8.47684,47.70386],[8.47692,47.70396],[8.47694,47.704],[8.47697,47.70404],[8.47699,47.70409],[8.47701,47.70414],[8.47701,47.70418],[8.47701,47.70422],[8.477,47.70425],[8.477,47.70428],[8.477,47.70433],[8.477,47.70439],[8.47701,47.70444],[8.47702,47.70451],[8.47702,47.70457],[8.47704,47.70462],[8.47706,47.7047],[8.47709,47.70476],[8.47713,47.70484],[8.47718,47.70495]]}},{"type":"Feature","properties":{"nr":"H4","achse":"Bargen Schaffhausen","strasse":"Schaffhauserstrasse","gemeinde":"Neuhausen am Rheinfall","fkt":"VO","fkt_text":"verkehrsorientiert","tempo":50,"dtv":11253,"laerm_tag_db":80.7,"bus":true,"linien":["1","7","21","N4","N77"],"haltestellen":["Neuhausen, Rheinhof","Neuhausen, Scheidegg"],"bus_anteil":1.0,"bus_text":"ja","laenge_m":697,"abschnitt":"Schaffhauserstrasse","abschnitt_km":1.233,"unfaelle":61,"unf_fuss":6,"unf_velo":11,"fassaden_igw":51,"initiative":true,"gegenvorschlag":true,"vorlage":"initiative"},"geometry":{"type":"LineString","coordinates":[[8.61742,47.68227],[8.61749,47.68229],[8.61758,47.68233],[8.61768,47.68238],[8.61779,47.68246],[8.61792,47.68255],[8.61806,47.68266],[8.61827,47.68284],[8.61847,47.68303],[8.61879,47.68332],[8.61919,47.68369],[8.61974,47.6842],[8.61982,47.68428],[8.62005,47.68455],[8.62039,47.68494],[8.62065,47.68524],[8.62071,47.68532],[8.6208,47.68543],[8.62097,47.68569],[8.62104,47.68578],[8.62119,47.68599],[8.62139,47.68628],[8.62155,47.68651],[8.62174,47.68676],[8.62207,47.68721],[8.62216,47.68732],[8.62234,47.68753]]}},{"type":"Feature","properties":{"nr":"H4","achse":"Bargen Schaffhausen","strasse":"Zollstrasse","gemeinde":"Neuhausen am Rheinfall","fkt":"VO","fkt_text":"verkehrsorientiert","tempo":50,"dtv":9608,"laerm_tag_db":79.4,"bus":true,"linien":["1","N4"],"haltestellen":["Neuhausen, Durstgraben"],"bus_anteil":0.57,"bus_text":"teilweise","laenge_m":440,"abschnitt":"Zollstrasse","abschnitt_km":2.124,"unfaelle":75,"unf_fuss":19,"unf_velo":11,"fassaden_igw":23,"initiative":true,"gegenvorschlag":true,"vorlage":"initiative"},"geometry":{"type":"LineString","coordinates":[[8.60329,47.67818],[8.60351,47.67826],[8.60366,47.67832],[8.6039,47.67842],[8.60403,47.67847],[8.60426,47.67854],[8.60434,47.67858],[8.60442,47.6786],[8.60456,47.67864],[8.60475,47.67871],[8.60495,47.67878],[8.60516,47.67887],[8.60532,47.67894],[8.60541,47.67898],[8.60553,47.67905],[8.60554,47.67905],[8.60568,47.67913],[8.60577,47.67918],[8.60586,47.67924],[8.6059,47.67927],[8.60597,47.67933],[8.60622,47.67952],[8.60652,47.67978],[8.60697,47.68015],[8.60716,47.6803],[8.60746,47.68056],[8.60759,47.68066],[8.60765,47.68072]]}},{"type":"Feature","properties":{"nr":"H4","achse":"Bargen Schaffhausen","strasse":"Rheinuferstrasse","gemeinde":"Schaffhausen","fkt":"VO","fkt_text":"verkehrsorientiert","tempo":50,"dtv":15336,"laerm_tag_db":81.9,"bus":true,"linien":["1","6","21","25","630","632","634","N3","N4","N69","N77"],"haltestellen":["Schaffhausen, Mühlentor"],"bus_anteil":1.0,"bus_text":"ja","laenge_m":101,"abschnitt":"Rheinuferstrasse","abschnitt_km":0.653,"unfaelle":28,"unf_fuss":3,"unf_velo":2,"fassaden_igw":43,"initiative":true,"gegenvorschlag":true,"vorlage":"initiative"},"geometry":{"type":"LineString","coordinates":[[8.63171,47.69359],[8.63176,47.69358],[8.63189,47.69356],[8.63198,47.69354],[8.63211,47.69353],[8.63228,47.6935],[8.63246,47.69349],[8.63266,47.69348],[8.63285,47.69347],[8.63305,47.69347]]}},{"type":"Feature","properties":{"nr":"721","achse":"Schaffhausen - Hemmental","strasse":"Hauentalstrasse","gemeinde":"Schaffhausen","fkt":"SO","fkt_text":"siedlungsorientiert","tempo":50,"dtv":1336,"laerm_tag_db":70.4,"bus":true,"linien":["22"],"haltestellen":[],"bus_anteil":1.0,"bus_text":"ja","laenge_m":71,"abschnitt":"Hauentalstrasse","abschnitt_km":1.795,"unfaelle":10,"unf_fuss":2,"unf_velo":0,"fassaden_igw":93,"initiative":true,"gegenvorschlag":false,"vorlage":"initiative"},"geometry":{"type":"LineString","coordinates":[[8.61644,47.72088],[8.6167,47.72084],[8.61697,47.72079],[8.61715,47.72075],[8.61723,47.72073],[8.61735,47.72069]]}},{"type":"Feature","properties":{"nr":"710","achse":"Gächlingen - Siblingerhöhe","strasse":"Bergstrasse","gemeinde":"Gächlingen","fkt":"SO","fkt_text":"siedlungsorientiert","tempo":50,"dtv":676,"laerm_tag_db":64.6,"bus":true,"linien":["21"],"haltestellen":[],"bus_anteil":1.0,"bus_text":"ja","laenge_m":339,"abschnitt":"","abschnitt_km":null,"unfaelle":null,"unf_fuss":null,"unf_velo":null,"fassaden_igw":null,"initiative":true,"gegenvorschlag":false,"vorlage":"initiative"},"geometry":{"type":"LineString","coordinates":[[8.50295,47.70437],[8.50291,47.7044],[8.50287,47.70443],[8.50283,47.70447],[8.50279,47.70452],[8.50278,47.70455],[8.50277,47.7046],[8.50277,47.70464],[8.50279,47.70468],[8.50282,47.70473],[8.5029,47.7048],[8.5031,47.70495],[8.5033,47.70511],[8.5034,47.70519],[8.50347,47.70525],[8.5035,47.70529],[8.50353,47.70534],[8.50354,47.7054],[8.50353,47.70546],[8.50351,47.70551],[8.50348,47.70557],[8.50342,47.70562],[8.50336,47.70566],[8.50329,47.70568],[8.50321,47.7057],[8.50305,47.70573],[8.5029,47.70577],[8.50281,47.7058],[8.50273,47.70584],[8.50268,47.70589],[8.50266,47.70591],[8.50264,47.70594],[8.50262,47.70598],[8.5026,47.70602],[8.50257,47.7061],[8.50256,47.70616],[8.50254,47.70625],[8.50253,47.70634],[8.50252,47.70642],[8.5025,47.7065],[8.50246,47.70661],[8.50242,47.7067],[8.50237,47.70685]]}},{"type":"Feature","properties":{"nr":"H4","achse":"Bargen Schaffhausen","strasse":"Mühlenstrasse","gemeinde":"Schaffhausen","fkt":"VO","fkt_text":"verkehrsorientiert","tempo":50,"dtv":21236,"laerm_tag_db":84.0,"bus":true,"linien":["1","21","N4","N77"],"haltestellen":["Schaffhausen, Brüggli"],"bus_anteil":1.0,"bus_text":"ja","laenge_m":150,"abschnitt":"Mühlenstrasse","abschnitt_km":0.575,"unfaelle":40,"unf_fuss":1,"unf_velo":9,"fassaden_igw":65,"initiative":true,"gegenvorschlag":true,"vorlage":"initiative"},"geometry":{"type":"LineString","coordinates":[[8.62699,47.6931],[8.62703,47.69309],[8.62709,47.69308],[8.62716,47.69307],[8.62723,47.69306],[8.62731,47.69305],[8.62739,47.69304],[8.62752,47.69303],[8.62767,47.69301],[8.62774,47.69301],[8.62784,47.69302],[8.62798,47.69303],[8.62809,47.69304],[8.62822,47.69307],[8.62832,47.69309],[8.62847,47.69314],[8.62867,47.69321],[8.6288,47.69326],[8.62888,47.6933]]}},{"type":"Feature","properties":{"nr":"745","achse":"Thayngen - Neu Dörflingen","strasse":"Thayngerstrasse","gemeinde":"Dörflingen","fkt":"SO","fkt_text":"siedlungsorientiert","tempo":50,"dtv":1325,"laerm_tag_db":69.8,"bus":true,"linien":["25"],"haltestellen":[],"bus_anteil":0.31,"bus_text":"teilweise","laenge_m":20,"abschnitt":"","abschnitt_km":null,"unfaelle":null,"unf_fuss":null,"unf_velo":null,"fassaden_igw":null,"initiative":true,"gegenvorschlag":false,"vorlage":"initiative"},"geometry":{"type":"LineString","coordinates":[[8.72299,47.71239],[8.72299,47.71242],[8.72301,47.71252],[8.72301,47.71257]]}},{"type":"Feature","properties":{"nr":"743","achse":"Thayngen - Barzheim","strasse":"Barzheimerstrasse","gemeinde":"Thayngen","fkt":"SO","fkt_text":"siedlungsorientiert","tempo":50,"dtv":303,"laerm_tag_db":60.2,"bus":true,"linien":["24"],"haltestellen":[],"bus_anteil":1.0,"bus_text":"ja","laenge_m":244,"abschnitt":"Barzheimerstrasse","abschnitt_km":0.809,"unfaelle":3,"unf_fuss":1,"unf_velo":2,"fassaden_igw":4,"initiative":true,"gegenvorschlag":false,"vorlage":"initiative"},"geometry":{"type":"LineString","coordinates":[[8.70594,47.75305],[8.70598,47.75308],[8.70603,47.75312],[8.70607,47.75314],[8.70617,47.75319],[8.70629,47.75326],[8.7064,47.75332],[8.70675,47.75351],[8.7073,47.7538],[8.70753,47.75393],[8.70789,47.75412],[8.7084,47.7544],[8.70847,47.75444]]}},{"type":"Feature","properties":{"nr":"743","achse":"Thayngen - Barzheim","strasse":"Barzheimerstrasse","gemeinde":"Thayngen","fkt":"SO","fkt_text":"siedlungsorientiert","tempo":50,"dtv":303,"laerm_tag_db":59.9,"bus":true,"linien":["24"],"haltestellen":["Barzheim, Dorf"],"bus_anteil":1.0,"bus_text":"ja","laenge_m":193,"abschnitt":"Barzheimerstrasse","abschnitt_km":0.809,"unfaelle":3,"unf_fuss":1,"unf_velo":2,"fassaden_igw":4,"initiative":true,"gegenvorschlag":false,"vorlage":"initiative"},"geometry":{"type":"LineString","coordinates":[[8.71785,47.76011],[8.71799,47.76009],[8.71824,47.76006],[8.71862,47.76],[8.71882,47.75998],[8.71909,47.75994],[8.71936,47.7599],[8.71978,47.75984],[8.71986,47.75983],[8.72023,47.75978],[8.72026,47.75977],[8.72028,47.75976],[8.72031,47.75974],[8.72033,47.75973],[8.72035,47.75972]]}},{"type":"Feature","properties":{"nr":"H329","achse":"Schaffhausen - Ramsen","strasse":"Fischerhäuserstrasse","gemeinde":"Schaffhausen","fkt":"VO","fkt_text":"verkehrsorientiert","tempo":30,"dtv":8892,"laerm_tag_db":76.4,"bus":true,"linien":["6","8","25","630","632","634","N3","N69"],"haltestellen":["Schaffhausen, Schifflände"],"bus_anteil":1.0,"bus_text":"ja","laenge_m":127,"abschnitt":"Fischerhäuserstrasse","abschnitt_km":0.357,"unfaelle":23,"unf_fuss":4,"unf_velo":8,"fassaden_igw":10,"initiative":true,"gegenvorschlag":true,"vorlage":"initiative"},"geometry":{"type":"LineString","coordinates":[[8.63984,47.69509],[8.63989,47.69511],[8.63993,47.69513],[8.64018,47.69526],[8.64036,47.69535],[8.64055,47.69547],[8.64067,47.69554],[8.64076,47.69561],[8.64088,47.69568],[8.64096,47.69571],[8.64106,47.69575],[8.64118,47.69578]]}},{"type":"Feature","properties":{"nr":"71","achse":"Wilchingen - Jestetten","strasse":"Tiefenweg","gemeinde":"Wilchingen","fkt":"VO","fkt_text":"verkehrsorientiert","tempo":50,"dtv":3347,"laerm_tag_db":75.5,"bus":true,"linien":["27","N77"],"haltestellen":["Wilchingen, Dorf","Wilchingen, Kapellenweg"],"bus_anteil":1.0,"bus_text":"ja","laenge_m":948,"abschnitt":"Tiefenweg","abschnitt_km":0.95,"unfaelle":5,"unf_fuss":1,"unf_velo":0,"fassaden_igw":1,"initiative":true,"gegenvorschlag":true,"vorlage":"initiative"},"geometry":{"type":"LineString","coordinates":[[8.46447,47.67209],[8.46448,47.67208],[8.46451,47.67203],[8.46453,47.67201],[8.46457,47.67193],[8.46461,47.67183],[8.46464,47.67176],[8.46466,47.67169],[8.46468,47.67159],[8.46468,47.67153],[8.46469,47.67143],[8.46469,47.67137],[8.46468,47.67127],[8.46467,47.67119],[8.46466,47.67115],[8.46464,47.67108],[8.4646,47.67094],[8.46458,47.67084],[8.46453,47.67069],[8.4645,47.67059],[8.46447,47.67047],[8.46444,47.67037],[8.46441,47.67028],[8.46439,47.67021],[8.46436,47.67011],[8.46431,47.66995],[8.46428,47.66981],[8.46422,47.66962],[8.46418,47.6695],[8.46413,47.66934],[8.46409,47.6692],[8.46406,47.6691],[8.46403,47.66899],[8.46399,47.66888],[8.46397,47.66879],[8.46388,47.66849],[8.4638,47.66818],[8.46375,47.66799],[8.46372,47.66791],[8.46371,47.66786],[8.46371,47.66781],[8.46373,47.66777],[8.46375,47.66774],[8.46379,47.66772],[8.46386,47.6677],[8.46394,47.66769],[8.46406,47.66768],[8.46505,47.66761],[8.46597,47.66757],[8.46673,47.66754],[8.46701,47.66754],[8.46722,47.66754],[8.46788,47.66757],[8.46797,47.66757],[8.46806,47.66757],[8.46818,47.66757],[8.46839,47.66755],[8.46866,47.66752],[8.46911,47.66747],[8.46939,47.66743],[8.46952,47.66742],[8.46961,47.66741],[8.46966,47.6674],[8.4697,47.66738],[8.46973,47.66736]]}},{"type":"Feature","properties":{"nr":"H13","achse":"Neuhausen - Erzingen","strasse":"Grosser Letten","gemeinde":"Neunkirch","fkt":"VO","fkt_text":"verkehrsorientiert","tempo":50,"dtv":6331,"laerm_tag_db":78.2,"bus":true,"linien":["N77"],"haltestellen":[],"bus_anteil":0.73,"bus_text":"teilweise","laenge_m":35,"abschnitt":"Grosser Letten","abschnitt_km":0.611,"unfaelle":4,"unf_fuss":0,"unf_velo":0,"fassaden_igw":10,"initiative":true,"gegenvorschlag":true,"vorlage":"initiative"},"geometry":{"type":"LineString","coordinates":[[8.50288,47.68808],[8.50276,47.68802],[8.50264,47.688],[8.50255,47.68799],[8.50244,47.68798]]}},{"type":"Feature","properties":{"nr":"712","achse":"Neunkirch - Löhningen","strasse":"Löhningerstrasse","gemeinde":"Neunkirch","fkt":"SO","fkt_text":"siedlungsorientiert","tempo":50,"dtv":2796,"laerm_tag_db":74.6,"bus":true,"linien":["21"],"haltestellen":[],"bus_anteil":0.12,"bus_text":"teilweise","laenge_m":21,"abschnitt":"Löhningerstrasse","abschnitt_km":0.45,"unfaelle":1,"unf_fuss":0,"unf_velo":0,"fassaden_igw":0,"initiative":true,"gegenvorschlag":false,"vorlage":"initiative"},"geometry":{"type":"LineString","coordinates":[[8.50146,47.69029],[8.50149,47.6903],[8.50154,47.69032],[8.5016,47.69033],[8.50169,47.69034],[8.50172,47.69034]]}},{"type":"Feature","properties":{"nr":"723","achse":"Schleitheim - Beggingen","strasse":"Poststrasse","gemeinde":"Schleitheim","fkt":"SO","fkt_text":"siedlungsorientiert","tempo":50,"dtv":2713,"laerm_tag_db":74.9,"bus":true,"linien":["21"],"haltestellen":["Schleitheim, Bahnhofstrasse","Schleitheim, Gemeindehaus","Schleitheim, Poststrasse"],"bus_anteil":1.0,"bus_text":"ja","laenge_m":692,"abschnitt":"Poststrasse","abschnitt_km":0.747,"unfaelle":2,"unf_fuss":1,"unf_velo":0,"fassaden_igw":0,"initiative":true,"gegenvorschlag":false,"vorlage":"initiative"},"geometry":{"type":"LineString","coordinates":[[8.48024,47.74691],[8.48026,47.74693],[8.48027,47.74696],[8.48036,47.74702],[8.48042,47.74705],[8.48047,47.74709],[8.48055,47.74714],[8.48066,47.74723],[8.48074,47.74729],[8.48087,47.74738],[8.48098,47.74745],[8.48114,47.74757],[8.48129,47.74766],[8.48139,47.74771],[8.48148,47.74776],[8.48159,47.74781],[8.48176,47.74788],[8.48193,47.74795],[8.48205,47.748],[8.48208,47.74803],[8.48211,47.74805],[8.48216,47.74812],[8.48219,47.74821],[8.4822,47.74822],[8.48223,47.74825],[8.48227,47.74826],[8.48238,47.74831],[8.48248,47.74837],[8.48259,47.74842],[8.48269,47.7485],[8.48277,47.74856],[8.48284,47.74862],[8.48298,47.74877],[8.48308,47.74887],[8.48314,47.74892],[8.4832,47.74896],[8.48329,47.749],[8.48339,47.74905],[8.48349,47.7491],[8.4837,47.74919],[8.48396,47.7493],[8.48416,47.74939],[8.48429,47.74946],[8.48439,47.74952],[8.48448,47.74958],[8.48459,47.74966],[8.48471,47.74975],[8.48482,47.74984],[8.48491,47.7499],[8.48501,47.74995],[8.48507,47.74997],[8.4851,47.74998],[8.48519,47.75],[8.4853,47.75001],[8.48539,47.75002],[8.4855,47.75003],[8.48559,47.75003],[8.4857,47.75004],[8.48582,47.75005],[8.48597,47.75007],[8.48611,47.75009],[8.48635,47.75013],[8.48646,47.75014],[8.48655,47.75016],[8.48665,47.75016],[8.48671,47.75013],[8.48674,47.75011],[8.48678,47.75007],[8.48681,47.75005],[8.48689,47.75002],[8.48699,47.75],[8.4871,47.74997],[8.48719,47.74994],[8.48729,47.74992],[8.48735,47.74992],[8.4874,47.74992],[8.48744,47.74992]]}},{"type":"Feature","properties":{"nr":"H329","achse":"Schaffhausen - Ramsen","strasse":"Rheinhaldenstrasse","gemeinde":"Schaffhausen","fkt":"VO","fkt_text":"verkehrsorientiert","tempo":30,"dtv":4648,"laerm_tag_db":72.6,"bus":true,"linien":["6","8","25","N3"],"haltestellen":[],"bus_anteil":1.0,"bus_text":"ja","laenge_m":20,"abschnitt":"Rheinhaldenstrasse","abschnitt_km":1.861,"unfaelle":16,"unf_fuss":3,"unf_velo":7,"fassaden_igw":34,"initiative":true,"gegenvorschlag":true,"vorlage":"initiative"},"geometry":{"type":"LineString","coordinates":[[8.64375,47.69571],[8.64376,47.69565],[8.64376,47.69563],[8.64378,47.6956],[8.6438,47.69555],[8.64381,47.69553]]}},{"type":"Feature","properties":{"nr":"H13","achse":"Wagenhausen - Schaffhausen","strasse":"Feuerthaler Brücke","gemeinde":"Schaffhausen","fkt":"VO","fkt_text":"verkehrsorientiert","tempo":50,"dtv":17347,"laerm_tag_db":82.5,"bus":true,"linien":["6","8","25","630","632","634","N3","N69"],"haltestellen":[],"bus_anteil":1.0,"bus_text":"ja","laenge_m":130,"abschnitt":"Feuerthaler Brücke","abschnitt_km":0.12,"unfaelle":11,"unf_fuss":0,"unf_velo":5,"fassaden_igw":0,"initiative":true,"gegenvorschlag":true,"vorlage":"initiative"},"geometry":{"type":"LineString","coordinates":[[8.63984,47.69509],[8.64011,47.69488],[8.64044,47.69465],[8.64103,47.69424]]}},{"type":"Feature","properties":{"nr":"H14","achse":"Schaffhausen - Stühlingen","strasse":"Schaffhauserstrasse","gemeinde":"Beringen","fkt":"VO","fkt_text":"verkehrsorientiert","tempo":50,"dtv":11568,"laerm_tag_db":80.3,"bus":true,"linien":["21","N77"],"haltestellen":["Beringen, Hägli"],"bus_anteil":1.0,"bus_text":"ja","laenge_m":812,"abschnitt":"Schaffhauserstrasse","abschnitt_km":1.536,"unfaelle":40,"unf_fuss":4,"unf_velo":9,"fassaden_igw":129,"initiative":true,"gegenvorschlag":true,"vorlage":"initiative"},"geometry":{"type":"LineString","coordinates":[[8.58731,47.69628],[8.58682,47.69634],[8.58649,47.69638],[8.58617,47.69642],[8.58601,47.69643],[8.58593,47.69644],[8.58569,47.69645],[8.58549,47.69646],[8.58535,47.69646],[8.58521,47.69646],[8.58511,47.69646],[8.58499,47.69646],[8.58491,47.69646],[8.58482,47.69645],[8.58461,47.69645],[8.58458,47.69644],[8.58437,47.69643],[8.58406,47.69641],[8.58387,47.69639],[8.58372,47.69637],[8.58357,47.69635],[8.58343,47.69633],[8.58326,47.69631],[8.58314,47.6963],[8.58305,47.69629],[8.58298,47.69628],[8.58291,47.69627],[8.58283,47.69627],[8.58262,47.69626],[8.58246,47.69626],[8.58229,47.69627],[8.5821,47.69629],[8.58192,47.69632],[8.58175,47.69636],[8.58157,47.6964],[8.58133,47.69644],[8.58103,47.6965],[8.58084,47.69653],[8.58067,47.69655],[8.58059,47.69657],[8.58046,47.69658],[8.58017,47.69661],[8.57996,47.69662],[8.57969,47.69663],[8.57942,47.69663],[8.57923,47.69663],[8.579,47.69661],[8.5788,47.6966],[8.5786,47.69657],[8.57798,47.6965],[8.57775,47.69647],[8.5775,47.69645],[8.57725,47.69643],[8.5768,47.6964],[8.57663,47.69639]]}},{"type":"Feature","properties":{"nr":"H4","achse":"Bargen Schaffhausen","strasse":"Hochstrasse","gemeinde":"Schaffhausen","fkt":"VO","fkt_text":"verkehrsorientiert","tempo":50,"dtv":9159,"laerm_tag_db":79.6,"bus":true,"linien":["6","10","24"],"haltestellen":[],"bus_anteil":1.0,"bus_text":"ja","laenge_m":49,"abschnitt":"Hochstrasse","abschnitt_km":1.821,"unfaelle":70,"unf_fuss":11,"unf_velo":21,"fassaden_igw":174,"initiative":true,"gegenvorschlag":true,"vorlage":"initiative"},"geometry":{"type":"LineString","coordinates":[[8.65232,47.71706],[8.65221,47.71703],[8.65213,47.71701],[8.65202,47.717],[8.65198,47.717],[8.65186,47.71698],[8.65174,47.71698],[8.65168,47.71699]]}},{"type":"Feature","properties":{"nr":"H4","achse":"Bargen Schaffhausen","strasse":"Stettemerstrasse","gemeinde":"Schaffhausen","fkt":"VO","fkt_text":"verkehrsorientiert","tempo":50,"dtv":7328,"laerm_tag_db":78.2,"bus":true,"linien":["3","6","10","24","N2"],"haltestellen":[],"bus_anteil":1.0,"bus_text":"ja","laenge_m":29,"abschnitt":"Stettemerstrasse","abschnitt_km":0.076,"unfaelle":2,"unf_fuss":0,"unf_velo":0,"fassaden_igw":6,"initiative":true,"gegenvorschlag":true,"vorlage":"initiative"},"geometry":{"type":"LineString","coordinates":[[8.64991,47.71734],[8.64991,47.71738],[8.64992,47.71746],[8.64993,47.71751],[8.64999,47.7176]]}},{"type":"Feature","properties":{"nr":"746","achse":"Herblingen - Dörflingen","strasse":"Gennersbrunnerstrasse","gemeinde":"Schaffhausen","fkt":"SO","fkt_text":"siedlungsorientiert","tempo":50,"dtv":5029,"laerm_tag_db":77.8,"bus":true,"linien":["9"],"haltestellen":["Herblingen, Bahnhof"],"bus_anteil":0.67,"bus_text":"teilweise","laenge_m":33,"abschnitt":"Gennersbrunnerstrasse","abschnitt_km":0.978,"unfaelle":38,"unf_fuss":7,"unf_velo":7,"fassaden_igw":24,"initiative":true,"gegenvorschlag":false,"vorlage":"initiative"},"geometry":{"type":"LineString","coordinates":[[8.66341,47.71674],[8.66347,47.71659],[8.6635,47.71655],[8.66353,47.7165],[8.66356,47.71646]]}},{"type":"Feature","properties":{"nr":"748","achse":"Dörflingen - H329","strasse":"Dorfstrasse","gemeinde":"Dörflingen","fkt":"SO","fkt_text":"siedlungsorientiert","tempo":50,"dtv":1315,"laerm_tag_db":70.2,"bus":true,"linien":["25"],"haltestellen":[],"bus_anteil":1.0,"bus_text":"ja","laenge_m":146,"abschnitt":"Dorfstrasse","abschnitt_km":0.582,"unfaelle":0,"unf_fuss":0,"unf_velo":0,"fassaden_igw":1,"initiative":true,"gegenvorschlag":false,"vorlage":"initiative"},"geometry":{"type":"LineString","coordinates":[[8.71939,47.70723],[8.71943,47.70715],[8.71948,47.70706],[8.71954,47.70699],[8.71964,47.70684],[8.71971,47.70677],[8.71977,47.7067],[8.71985,47.70665],[8.71992,47.7066],[8.72006,47.70651],[8.72012,47.7065],[8.72017,47.70648],[8.72022,47.70647],[8.72028,47.70646],[8.72033,47.70644],[8.72039,47.70643],[8.72045,47.70642],[8.72053,47.7064],[8.72069,47.70637]]}},{"type":"Feature","properties":{"nr":"732","achse":"Schweizersbild - Stetten","strasse":"Dorfstrasse","gemeinde":"Stetten (SH)","fkt":"SO","fkt_text":"siedlungsorientiert","tempo":30,"dtv":663,"laerm_tag_db":59.8,"bus":true,"linien":["24"],"haltestellen":["Stetten SH, Sonne","Stetten SH, Vorderdorf"],"bus_anteil":1.0,"bus_text":"ja","laenge_m":551,"abschnitt":"Dorfstrasse","abschnitt_km":0.924,"unfaelle":3,"unf_fuss":0,"unf_velo":1,"fassaden_igw":0,"initiative":true,"gegenvorschlag":false,"vorlage":"initiative"},"geometry":{"type":"LineString","coordinates":[[8.66314,47.74035],[8.66303,47.74032],[8.66291,47.74028],[8.66281,47.74024],[8.66275,47.74022],[8.66267,47.7402],[8.6626,47.74019],[8.66253,47.74018],[8.66245,47.74017],[8.66241,47.74016],[8.66237,47.74015],[8.6623,47.74012],[8.66224,47.7401],[8.66219,47.74009],[8.66209,47.74005],[8.66193,47.73998],[8.66178,47.73992],[8.66154,47.73983],[8.66138,47.73977],[8.66128,47.73972],[8.66119,47.73967],[8.66109,47.73961],[8.66105,47.73957],[8.66102,47.73955],[8.66099,47.73954],[8.66095,47.73951],[8.6609,47.73949],[8.66083,47.73945],[8.66077,47.73942],[8.6607,47.73939],[8.66062,47.73935],[8.66048,47.7393],[8.66002,47.73913],[8.65963,47.739],[8.65928,47.73888],[8.65915,47.73884],[8.65907,47.73881],[8.65901,47.73879],[8.65897,47.73877],[8.65891,47.73873],[8.65885,47.73869],[8.65879,47.73865],[8.65875,47.73861],[8.65869,47.73855],[8.65856,47.73839],[8.65836,47.73815],[8.65816,47.73791],[8.65782,47.73755],[8.65761,47.73735],[8.65759,47.73734]]}},{"type":"Feature","properties":{"nr":"731","achse":"Herblingen - Lohn","strasse":"Schlossstrasse","gemeinde":"Stetten (SH)","fkt":"SO","fkt_text":"siedlungsorientiert","tempo":50,"dtv":966,"laerm_tag_db":68.5,"bus":true,"linien":["24"],"haltestellen":["Stetten SH, Staaringelacker"],"bus_anteil":1.0,"bus_text":"ja","laenge_m":326,"abschnitt":"Schlossstrasse","abschnitt_km":1.027,"unfaelle":4,"unf_fuss":0,"unf_velo":0,"fassaden_igw":0,"initiative":true,"gegenvorschlag":false,"vorlage":"initiative"},"geometry":{"type":"LineString","coordinates":[[8.6626,47.74463],[8.66262,47.74457],[8.66268,47.74436],[8.6628,47.74394],[8.66288,47.74368],[8.66295,47.74347],[8.66304,47.74325],[8.66311,47.74308],[8.66316,47.74297],[8.6632,47.74289],[8.66323,47.74281],[8.66325,47.74273],[8.66326,47.74267],[8.66327,47.74258],[8.66326,47.74236],[8.66322,47.7418],[8.66321,47.74175]]}},{"type":"Feature","properties":{"nr":"734","achse":"Thayngen - Lohn","strasse":"Vorderdorf","gemeinde":"Lohn (SH)","fkt":"SO","fkt_text":"siedlungsorientiert","tempo":50,"dtv":707,"laerm_tag_db":64.5,"bus":true,"linien":["24"],"haltestellen":[],"bus_anteil":1.0,"bus_text":"ja","laenge_m":60,"abschnitt":"Vorderdorf","abschnitt_km":0.395,"unfaelle":0,"unf_fuss":0,"unf_velo":0,"fassaden_igw":0,"initiative":true,"gegenvorschlag":false,"vorlage":"initiative"},"geometry":{"type":"LineString","coordinates":[[8.67068,47.75646],[8.67071,47.75648],[8.67075,47.75649],[8.6708,47.7565],[8.67094,47.75654],[8.67106,47.75656],[8.67114,47.75657],[8.67122,47.75658],[8.67128,47.75657],[8.67133,47.75657],[8.67135,47.75657],[8.67138,47.75656],[8.67141,47.75655],[8.67143,47.75655]]}},{"type":"Feature","properties":{"nr":"738","achse":"Lohn - Hofen","strasse":"Dorfstrasse","gemeinde":"Thayngen","fkt":"SO","fkt_text":"siedlungsorientiert","tempo":50,"dtv":672,"laerm_tag_db":64.5,"bus":true,"linien":["24"],"haltestellen":["Opfertshofen SH, Dorf"],"bus_anteil":1.0,"bus_text":"ja","laenge_m":46,"abschnitt":"Dorfstrasse","abschnitt_km":0.937,"unfaelle":4,"unf_fuss":1,"unf_velo":2,"fassaden_igw":0,"initiative":true,"gegenvorschlag":false,"vorlage":"initiative"},"geometry":{"type":"LineString","coordinates":[[8.66222,47.77862],[8.66213,47.77836],[8.66208,47.77821]]}},{"type":"Feature","properties":{"nr":"736","achse":"Opfersthofen - Landesgrenze","strasse":"Dorfstrasse","gemeinde":"Thayngen","fkt":"SO","fkt_text":"siedlungsorientiert","tempo":50,"dtv":260,"laerm_tag_db":59.5,"bus":true,"linien":["24"],"haltestellen":[],"bus_anteil":1.0,"bus_text":"ja","laenge_m":150,"abschnitt":"Dorfstrasse","abschnitt_km":0.937,"unfaelle":4,"unf_fuss":1,"unf_velo":2,"fassaden_igw":0,"initiative":true,"gegenvorschlag":false,"vorlage":"initiative"},"geometry":{"type":"LineString","coordinates":[[8.65738,47.78333],[8.65729,47.78336],[8.65718,47.78341],[8.6571,47.78345],[8.65705,47.78348],[8.65702,47.78352],[8.65702,47.78355],[8.65702,47.78358],[8.65706,47.7836],[8.65709,47.78362],[8.65712,47.78363],[8.65721,47.78365],[8.65765,47.78373],[8.65796,47.78378],[8.65813,47.78382],[8.65827,47.78384],[8.6584,47.78386]]}},{"type":"Feature","properties":{"nr":"H331","achse":"Thayngen - Büsslingen","strasse":"Hauptstrasse","gemeinde":"Thayngen","fkt":"VO","fkt_text":"verkehrsorientiert","tempo":50,"dtv":2071,"laerm_tag_db":73.0,"bus":true,"linien":["24"],"haltestellen":[],"bus_anteil":0.41,"bus_text":"teilweise","laenge_m":137,"abschnitt":"Hauptstrasse","abschnitt_km":1.235,"unfaelle":1,"unf_fuss":0,"unf_velo":0,"fassaden_igw":0,"initiative":true,"gegenvorschlag":true,"vorlage":"initiative"},"geometry":{"type":"LineString","coordinates":[[8.6809,47.77079],[8.68083,47.77087],[8.6808,47.7709],[8.68067,47.77105],[8.68062,47.77113],[8.68058,47.7712],[8.68056,47.77126],[8.68054,47.77132],[8.68053,47.77139],[8.68052,47.77153],[8.68049,47.77177],[8.68048,47.77182],[8.68044,47.77192],[8.68042,47.77196]]}},{"type":"Feature","properties":{"nr":"H329","achse":"Schaffhausen - Ramsen","strasse":"Hauptstrasse","gemeinde":"Ramsen","fkt":"VO","fkt_text":"verkehrsorientiert","tempo":50,"dtv":4439,"laerm_tag_db":76.9,"bus":true,"linien":["25","33"],"haltestellen":["Ramsen, Dorf"],"bus_anteil":1.0,"bus_text":"ja","laenge_m":160,"abschnitt":"Hauptstrasse","abschnitt_km":0.347,"unfaelle":2,"unf_fuss":0,"unf_velo":0,"fassaden_igw":10,"initiative":true,"gegenvorschlag":true,"vorlage":"initiative"},"geometry":{"type":"LineString","coordinates":[[8.81217,47.707],[8.81213,47.70702],[8.81207,47.70704],[8.81196,47.70706],[8.81169,47.70711],[8.81139,47.70716],[8.81133,47.70717],[8.8112,47.70718],[8.81106,47.70719],[8.81094,47.7072],[8.81083,47.7072],[8.81058,47.70718],[8.81031,47.70717],[8.8102,47.70717],[8.81014,47.70717],[8.81009,47.70719]]}},{"type":"Feature","properties":{"nr":"H332","achse":"Stein am Rhein - Heinishofen","strasse":"Langstuck","gemeinde":"Stein am Rhein","fkt":"VO","fkt_text":"verkehrsorientiert","tempo":40,"dtv":3517,"laerm_tag_db":74.4,"bus":true,"linien":["33"],"haltestellen":[],"bus_anteil":1.0,"bus_text":"ja","laenge_m":249,"abschnitt":"Langstuck","abschnitt_km":0.579,"unfaelle":7,"unf_fuss":1,"unf_velo":3,"fassaden_igw":0,"initiative":true,"gegenvorschlag":true,"vorlage":"initiative"},"geometry":{"type":"LineString","coordinates":[[8.85766,47.66107],[8.85772,47.66108],[8.85777,47.66109],[8.85786,47.66113],[8.85798,47.66118],[8.85808,47.66121],[8.85818,47.66122],[8.85828,47.66123],[8.85838,47.66122],[8.8584,47.66122],[8.85871,47.6612],[8.85888,47.66117],[8.85911,47.66113],[8.85928,47.66107],[8.85959,47.66098],[8.85967,47.66097],[8.85971,47.66096],[8.85975,47.66095],[8.85981,47.66094],[8.85987,47.66092],[8.85991,47.66092],[8.85993,47.66092],[8.85997,47.66092],[8.86,47.66093],[8.86002,47.66094],[8.86005,47.66095],[8.86007,47.66096],[8.8601,47.66098],[8.86025,47.66112],[8.86038,47.66123],[8.86042,47.66126],[8.86044,47.66127],[8.86048,47.66129],[8.86052,47.6613],[8.86055,47.6613],[8.86059,47.6613]]}},{"type":"Feature","properties":{"nr":"H13-05","achse":"Stein am Rhein, Charregass Auffahrt zum Kreisel Bahnhofstrasse","strasse":"Rhigass","gemeinde":"Stein am Rhein","fkt":"VO","fkt_text":"verkehrsorientiert","tempo":40,"dtv":5829,"laerm_tag_db":75.8,"bus":true,"linien":["33"],"haltestellen":[],"bus_anteil":0.98,"bus_text":"ja","laenge_m":67,"abschnitt":"Rhigass","abschnitt_km":0.452,"unfaelle":19,"unf_fuss":3,"unf_velo":13,"fassaden_igw":14,"initiative":true,"gegenvorschlag":true,"vorlage":"initiative"},"geometry":{"type":"LineString","coordinates":[[8.85737,47.65637],[8.85769,47.6567],[8.85775,47.65678],[8.85784,47.65688]]}},{"type":"Feature","properties":{"nr":"604","achse":"Steinenkreuz - Buchberg","strasse":"Dorfstrasse","gemeinde":"Buchberg","fkt":"SO","fkt_text":"siedlungsorientiert","tempo":50,"dtv":1837,"laerm_tag_db":73.9,"bus":true,"linien":["675"],"haltestellen":[],"bus_anteil":1.0,"bus_text":"ja","laenge_m":46,"abschnitt":"Dorfstrasse","abschnitt_km":0.524,"unfaelle":2,"unf_fuss":1,"unf_velo":0,"fassaden_igw":1,"initiative":true,"gegenvorschlag":false,"vorlage":"initiative"},"geometry":{"type":"LineString","coordinates":[[8.56615,47.5746],[8.56635,47.57471],[8.56654,47.57482],[8.56659,47.57485],[8.56661,47.57487]]}},{"type":"Feature","properties":{"nr":"H4","achse":"Bargen Schaffhausen","strasse":"Zollstrasse","gemeinde":"Neuhausen am Rheinfall","fkt":"VO","fkt_text":"verkehrsorientiert","tempo":50,"dtv":10406,"laerm_tag_db":80.8,"bus":true,"linien":["1","N4"],"haltestellen":["Neuhausen, Neue Welt","Neuhausen, Rhenania"],"bus_anteil":1.0,"bus_text":"ja","laenge_m":259,"abschnitt":"Zollstrasse","abschnitt_km":2.124,"unfaelle":75,"unf_fuss":19,"unf_velo":11,"fassaden_igw":23,"initiative":true,"gegenvorschlag":true,"vorlage":"initiative"},"geometry":{"type":"LineString","coordinates":[[8.60765,47.68072],[8.60776,47.68081],[8.60796,47.68096],[8.60811,47.68109],[8.60828,47.68123],[8.6085,47.6814],[8.60865,47.68152],[8.60889,47.68171],[8.60904,47.68182],[8.60917,47.68193],[8.60927,47.68201],[8.60935,47.68208],[8.60954,47.68226],[8.60972,47.6824],[8.60986,47.68251]]}},{"type":"Feature","properties":{"nr":"722","achse":"Hemmental - Beggingen","strasse":"Im Gehren","gemeinde":"Schaffhausen","fkt":"SO","fkt_text":"siedlungsorientiert","tempo":40,"dtv":216,"laerm_tag_db":57.0,"bus":true,"linien":[],"haltestellen":["Hemmental, Mäserich (Randen)"],"bus_anteil":0.0,"bus_text":"ja","laenge_m":208,"abschnitt":"Im Gehren","abschnitt_km":0.246,"unfaelle":0,"unf_fuss":0,"unf_velo":0,"fassaden_igw":0,"initiative":true,"gegenvorschlag":false,"vorlage":"initiative"},"geometry":{"type":"LineString","coordinates":[[8.56193,47.74684],[8.56209,47.74679],[8.56223,47.74676],[8.56243,47.74672],[8.56262,47.74668],[8.5629,47.74665],[8.56319,47.74661],[8.56347,47.74655],[8.56353,47.74654],[8.56382,47.74645],[8.56405,47.74638],[8.56416,47.74634],[8.5642,47.74634],[8.56424,47.74633],[8.56446,47.7463],[8.56451,47.74629],[8.56457,47.74629]]}},{"type":"Feature","properties":{"nr":"721","achse":"Schaffhausen - Hemmental","strasse":"Hauentalstrasse","gemeinde":"Schaffhausen","fkt":"SO","fkt_text":"siedlungsorientiert","tempo":50,"dtv":4015,"laerm_tag_db":76.9,"bus":true,"linien":["3","22","N1"],"haltestellen":[],"bus_anteil":1.0,"bus_text":"ja","laenge_m":85,"abschnitt":"Hauentalstrasse","abschnitt_km":1.795,"unfaelle":10,"unf_fuss":2,"unf_velo":0,"fassaden_igw":93,"initiative":true,"gegenvorschlag":false,"vorlage":"initiative"},"geometry":{"type":"LineString","coordinates":[[8.61914,47.71858],[8.61917,47.71848],[8.61918,47.71842],[8.61927,47.71814],[8.61931,47.71803],[8.61934,47.71794],[8.61936,47.71789],[8.61938,47.71783]]}},{"type":"Feature","properties":{"nr":"721","achse":"Schaffhausen - Hemmental","strasse":"Hauentalstrasse","gemeinde":"Schaffhausen","fkt":"SO","fkt_text":"siedlungsorientiert","tempo":50,"dtv":1336,"laerm_tag_db":70.4,"bus":true,"linien":["22"],"haltestellen":["Schaffhausen, Sommerhalde"],"bus_anteil":1.0,"bus_text":"ja","laenge_m":139,"abschnitt":"Hauentalstrasse","abschnitt_km":1.795,"unfaelle":10,"unf_fuss":2,"unf_velo":0,"fassaden_igw":93,"initiative":true,"gegenvorschlag":false,"vorlage":"initiative"},"geometry":{"type":"LineString","coordinates":[[8.61231,47.72148],[8.61241,47.72143],[8.61255,47.72137],[8.6127,47.7213],[8.61286,47.72123],[8.61316,47.72112],[8.61336,47.72105],[8.61352,47.721],[8.61366,47.72095],[8.61382,47.72091],[8.61393,47.72088]]}},{"type":"Feature","properties":{"nr":"731","achse":"Herblingen - Lohn","strasse":"Schlossstrasse","gemeinde":"Stetten (SH)","fkt":"SO","fkt_text":"siedlungsorientiert","tempo":30,"dtv":1530,"laerm_tag_db":68.5,"bus":true,"linien":["24"],"haltestellen":["Stetten SH, Sonne"],"bus_anteil":1.0,"bus_text":"ja","laenge_m":115,"abschnitt":"Schlossstrasse","abschnitt_km":1.027,"unfaelle":4,"unf_fuss":0,"unf_velo":0,"fassaden_igw":0,"initiative":true,"gegenvorschlag":false,"vorlage":"initiative"},"geometry":{"type":"LineString","coordinates":[[8.66311,47.73939],[8.66327,47.73963],[8.66334,47.73974],[8.66338,47.73982],[8.66339,47.73986],[8.66338,47.7399],[8.66337,47.73994],[8.66333,47.74001],[8.6633,47.74007],[8.66327,47.74014],[8.66323,47.74021],[8.66318,47.7403],[8.66317,47.74032],[8.66316,47.74034],[8.66314,47.74035]]}},{"type":"Feature","properties":{"nr":"738","achse":"Lohn - Hofen","strasse":"Dorfstrasse","gemeinde":"Thayngen","fkt":"SO","fkt_text":"siedlungsorientiert","tempo":50,"dtv":672,"laerm_tag_db":64.6,"bus":true,"linien":["24"],"haltestellen":["Opfertshofen SH, Reiatstube"],"bus_anteil":1.0,"bus_text":"ja","laenge_m":263,"abschnitt":"Dorfstrasse","abschnitt_km":0.937,"unfaelle":4,"unf_fuss":1,"unf_velo":2,"fassaden_igw":0,"initiative":true,"gegenvorschlag":false,"vorlage":"initiative"},"geometry":{"type":"LineString","coordinates":[[8.66053,47.77575],[8.66044,47.77566],[8.66035,47.77559],[8.66025,47.7755],[8.6601,47.77539],[8.65996,47.77528],[8.65985,47.77521],[8.65975,47.77515],[8.65966,47.7751],[8.65957,47.77506],[8.65952,47.77504],[8.65951,47.77503],[8.65947,47.77499],[8.65939,47.77488],[8.6593,47.77478],[8.65919,47.77466],[8.65906,47.7745],[8.65901,47.77445],[8.65898,47.77441],[8.65894,47.77434],[8.65892,47.77428],[8.6589,47.77421],[8.65889,47.77416],[8.65889,47.77411],[8.6589,47.77406],[8.65891,47.77401],[8.65893,47.77398],[8.65897,47.77392],[8.65901,47.77387],[8.65907,47.77382],[8.65909,47.7738]]}},{"type":"Feature","properties":{"nr":"H332","achse":"Stein am Rhein - Heinishofen","strasse":"Langstuck","gemeinde":"Stein am Rhein","fkt":"VO","fkt_text":"verkehrsorientiert","tempo":40,"dtv":3517,"laerm_tag_db":74.3,"bus":true,"linien":["33"],"haltestellen":["Stein am Rhein, Untertor"],"bus_anteil":1.0,"bus_text":"ja","laenge_m":103,"abschnitt":"Langstuck","abschnitt_km":0.579,"unfaelle":7,"unf_fuss":1,"unf_velo":3,"fassaden_igw":0,"initiative":true,"gegenvorschlag":true,"vorlage":"initiative"},"geometry":{"type":"LineString","coordinates":[[8.85766,47.66107],[8.85761,47.66108],[8.85757,47.66109],[8.85753,47.66111],[8.85747,47.66116],[8.85739,47.66125],[8.85722,47.66145],[8.85707,47.66161],[8.857,47.66167],[8.85695,47.66171],[8.85691,47.66174],[8.85682,47.66179]]}},{"type":"Feature","properties":{"nr":"H4","achse":"Bargen Schaffhausen","strasse":"Falkeneckbrücke","gemeinde":"Schaffhausen","fkt":"VO","fkt_text":"verkehrsorientiert","tempo":50,"dtv":9159,"laerm_tag_db":80.1,"bus":true,"linien":["6","10","24"],"haltestellen":[],"bus_anteil":1.0,"bus_text":"ja","laenge_m":48,"abschnitt":"Falkeneckbrücke","abschnitt_km":0.045,"unfaelle":2,"unf_fuss":0,"unf_velo":0,"fassaden_igw":0,"initiative":true,"gegenvorschlag":true,"vorlage":"initiative"},"geometry":{"type":"LineString","coordinates":[[8.65289,47.71725],[8.65276,47.71721],[8.65247,47.71711],[8.65232,47.71706]]}},{"type":"Feature","properties":{"nr":"H4","achse":"Bargen Schaffhausen","strasse":"Mühlenstrasse","gemeinde":"Neuhausen am Rheinfall","fkt":"VO","fkt_text":"verkehrsorientiert","tempo":50,"dtv":34000,"laerm_tag_db":86.2,"bus":true,"linien":["1","21","N4","N77"],"haltestellen":[],"bus_anteil":1.0,"bus_text":"ja","laenge_m":99,"abschnitt":"Mühlenstrasse","abschnitt_km":0.161,"unfaelle":24,"unf_fuss":0,"unf_velo":1,"fassaden_igw":3,"initiative":true,"gegenvorschlag":true,"vorlage":"initiative"},"geometry":{"type":"LineString","coordinates":[[8.62235,47.69254],[8.6225,47.69256],[8.62279,47.69261],[8.62299,47.69264],[8.62345,47.6927],[8.62365,47.69271]]}},{"type":"Feature","properties":{"nr":"H14","achse":"Schaffhausen - Stühlingen","strasse":"Schaffhauserstrasse","gemeinde":"Beringen","fkt":"VO","fkt_text":"verkehrsorientiert","tempo":50,"dtv":11568,"laerm_tag_db":80.3,"bus":true,"linien":["21","N77"],"haltestellen":["Beringen, Enge"],"bus_anteil":1.0,"bus_text":"ja","laenge_m":450,"abschnitt":"Schaffhauserstrasse","abschnitt_km":1.536,"unfaelle":40,"unf_fuss":4,"unf_velo":9,"fassaden_igw":129,"initiative":true,"gegenvorschlag":true,"vorlage":"initiative"},"geometry":{"type":"LineString","coordinates":[[8.60188,47.69447],[8.60175,47.6945],[8.60169,47.69452],[8.6016,47.69454],[8.60127,47.69462],[8.60097,47.69469],[8.60067,47.69476],[8.60036,47.69483],[8.60002,47.69489],[8.59976,47.69493],[8.5995,47.69496],[8.5993,47.69498],[8.59902,47.69501],[8.59887,47.69503],[8.59807,47.69509],[8.59735,47.69515],[8.59678,47.6952],[8.59653,47.69521],[8.59635,47.69523],[8.59633,47.69523],[8.59613,47.69525],[8.59603,47.69526]]}},{"type":"Feature","properties":{"nr":"H4","achse":"Bargen Schaffhausen","strasse":"Galgenbucktunnel Zufahrt Schaffhausen","gemeinde":"Neuhausen am Rheinfall","fkt":"VO","fkt_text":"verkehrsorientiert","tempo":50,"dtv":18000,"laerm_tag_db":82.9,"bus":true,"linien":["1","21","N4","N77"],"haltestellen":[],"bus_anteil":1.0,"bus_text":"ja","laenge_m":51,"abschnitt":"","abschnitt_km":null,"unfaelle":null,"unf_fuss":null,"unf_velo":null,"fassaden_igw":null,"initiative":true,"gegenvorschlag":true,"vorlage":"initiative"},"geometry":{"type":"LineString","coordinates":[[8.62161,47.69118],[8.62167,47.69129],[8.62169,47.69139],[8.62171,47.69163]]}},{"type":"Feature","properties":{"nr":"H4","achse":"Bargen Schaffhausen","strasse":"Schaffhauserstrasse","gemeinde":"Neuhausen am Rheinfall","fkt":"VO","fkt_text":"verkehrsorientiert","tempo":50,"dtv":34000,"laerm_tag_db":86.1,"bus":true,"linien":["1","21","N4","N77"],"haltestellen":[],"bus_anteil":1.0,"bus_text":"ja","laenge_m":116,"abschnitt":"Schaffhauserstrasse","abschnitt_km":1.233,"unfaelle":61,"unf_fuss":6,"unf_velo":11,"fassaden_igw":51,"initiative":true,"gegenvorschlag":true,"vorlage":"initiative"},"geometry":{"type":"LineString","coordinates":[[8.62171,47.69163],[8.62174,47.69177],[8.62183,47.69201],[8.62193,47.6922],[8.62203,47.69235],[8.62213,47.69244],[8.62223,47.69249],[8.62235,47.69254]]}},{"type":"Feature","properties":{"nr":"H4","achse":"Bargen Schaffhausen","strasse":"Mühlenstrasse","gemeinde":"Schaffhausen","fkt":"VO","fkt_text":"verkehrsorientiert","tempo":50,"dtv":34000,"laerm_tag_db":86.1,"bus":true,"linien":["1","21","N4","N77"],"haltestellen":["Schaffhausen, Brüggli","Schaffhausen, Kreuz"],"bus_anteil":1.0,"bus_text":"ja","laenge_m":255,"abschnitt":"Mühlenstrasse","abschnitt_km":0.575,"unfaelle":40,"unf_fuss":1,"unf_velo":9,"fassaden_igw":65,"initiative":true,"gegenvorschlag":true,"vorlage":"initiative"},"geometry":{"type":"LineString","coordinates":[[8.62365,47.69271],[8.62401,47.69274],[8.62435,47.6928],[8.62438,47.6928],[8.62471,47.69284],[8.62544,47.69294],[8.62631,47.69306],[8.62641,47.69308],[8.62648,47.69309],[8.62655,47.6931],[8.62663,47.6931],[8.62669,47.69311],[8.62676,47.69311],[8.62682,47.69311],[8.62687,47.69311],[8.62693,47.6931],[8.62699,47.6931]]}},{"type":"Feature","properties":{"nr":"H4","achse":"Bargen Schaffhausen","strasse":"Schaffhauserstrasse","gemeinde":"Neuhausen am Rheinfall","fkt":"VO","fkt_text":"verkehrsorientiert","tempo":50,"dtv":16766,"laerm_tag_db":80.5,"bus":true,"linien":["1","21","N4","N77"],"haltestellen":["Neuhausen, Scheidegg"],"bus_anteil":1.0,"bus_text":"ja","laenge_m":308,"abschnitt":"Schaffhauserstrasse","abschnitt_km":1.233,"unfaelle":61,"unf_fuss":6,"unf_velo":11,"fassaden_igw":51,"initiative":true,"gegenvorschlag":true,"vorlage":"initiative"},"geometry":{"type":"LineString","coordinates":[[8.62234,47.68753],[8.62239,47.68779],[8.62243,47.68797],[8.62247,47.68818],[8.62249,47.68834],[8.6225,47.68843],[8.6225,47.68856],[8.62249,47.68864],[8.62249,47.68868],[8.62247,47.68884],[8.62245,47.689],[8.62238,47.68954],[8.62236,47.68974],[8.62231,47.69005],[8.62228,47.69024],[8.62226,47.69028]]}},{"type":"Feature","properties":{"nr":"731","achse":"Herblingen - Lohn","strasse":"Schlossstrasse","gemeinde":"Schaffhausen","fkt":"SO","fkt_text":"siedlungsorientiert","tempo":30,"dtv":3448,"laerm_tag_db":71.0,"bus":true,"linien":["24"],"haltestellen":[],"bus_anteil":1.0,"bus_text":"ja","laenge_m":260,"abschnitt":"Schlossstrasse","abschnitt_km":0.851,"unfaelle":7,"unf_fuss":2,"unf_velo":4,"fassaden_igw":11,"initiative":true,"gegenvorschlag":false,"vorlage":"initiative"},"geometry":{"type":"LineString","coordinates":[[8.66265,47.72335],[8.66288,47.72362],[8.66292,47.72366],[8.66295,47.7237],[8.66297,47.72374],[8.66298,47.72377],[8.66298,47.72379],[8.66296,47.72395],[8.66295,47.72404],[8.66294,47.72407],[8.66295,47.72412],[8.66296,47.72418],[8.66298,47.72425],[8.663,47.72433],[8.66304,47.72446],[8.66307,47.72453],[8.66307,47.72456],[8.66307,47.7246],[8.66306,47.72465],[8.66303,47.7247],[8.66299,47.72476],[8.66294,47.72484],[8.66289,47.7249],[8.66286,47.72494],[8.66285,47.72496],[8.66283,47.72501],[8.66281,47.72506],[8.66278,47.72515],[8.66273,47.72523],[8.66268,47.7253],[8.66262,47.7254],[8.66257,47.72551],[8.66255,47.72556]]}},{"type":"Feature","properties":{"nr":"731","achse":"Herblingen - Lohn","strasse":"Schlossstrasse","gemeinde":"Schaffhausen","fkt":"SO","fkt_text":"siedlungsorientiert","tempo":50,"dtv":3448,"laerm_tag_db":75.3,"bus":true,"linien":["24"],"haltestellen":["Schaffhausen, Otteregass"],"bus_anteil":1.0,"bus_text":"ja","laenge_m":425,"abschnitt":"Schlossstrasse","abschnitt_km":0.851,"unfaelle":7,"unf_fuss":2,"unf_velo":4,"fassaden_igw":11,"initiative":true,"gegenvorschlag":false,"vorlage":"initiative"},"geometry":{"type":"LineString","coordinates":[[8.66255,47.72556],[8.66246,47.72574],[8.66233,47.72599],[8.6623,47.72609],[8.66227,47.72618],[8.66224,47.72625],[8.66216,47.72639],[8.66204,47.72663],[8.66184,47.72704],[8.66176,47.72722],[8.6617,47.72732],[8.66162,47.72745],[8.66148,47.72767],[8.66131,47.72791],[8.66128,47.72795],[8.66126,47.72799],[8.66123,47.72803],[8.66121,47.72807],[8.66119,47.72811],[8.66117,47.72815],[8.66115,47.72819],[8.66115,47.72821],[8.66114,47.72824],[8.66114,47.72826],[8.66114,47.72828],[8.66114,47.72831],[8.66114,47.72833],[8.66114,47.72836],[8.66116,47.72888],[8.66118,47.72919],[8.66118,47.72921]]}},{"type":"Feature","properties":{"nr":"H330","achse":"Stein am Rhein - Öhningen","strasse":"Rhigass","gemeinde":"Stein am Rhein","fkt":"VO","fkt_text":"verkehrsorientiert","tempo":40,"dtv":5829,"laerm_tag_db":75.2,"bus":true,"linien":["33"],"haltestellen":["Stein am Rhein, Rathaus"],"bus_anteil":1.0,"bus_text":"ja","laenge_m":98,"abschnitt":"Rhigass","abschnitt_km":0.452,"unfaelle":19,"unf_fuss":3,"unf_velo":13,"fassaden_igw":14,"initiative":true,"gegenvorschlag":true,"vorlage":"initiative"},"geometry":{"type":"LineString","coordinates":[[8.85923,47.65867],[8.85929,47.65876],[8.85936,47.65886],[8.85939,47.65888],[8.85942,47.65892],[8.85944,47.65896],[8.85947,47.659],[8.8595,47.65905],[8.85951,47.65908],[8.85953,47.6591],[8.85956,47.65912],[8.85959,47.65912],[8.85961,47.65913],[8.85964,47.65912],[8.8597,47.6591],[8.85975,47.65909],[8.8598,47.65908],[8.85987,47.65908],[8.85996,47.65908],[8.86003,47.65908],[8.86011,47.65907]]}},{"type":"Feature","properties":{"nr":"H330","achse":"Stein am Rhein - Öhningen","strasse":"Rhigass","gemeinde":"Stein am Rhein","fkt":"VO","fkt_text":"verkehrsorientiert","tempo":40,"dtv":5829,"laerm_tag_db":75.1,"bus":true,"linien":["33"],"haltestellen":["Stein am Rhein, Schule"],"bus_anteil":1.0,"bus_text":"ja","laenge_m":88,"abschnitt":"Rhigass","abschnitt_km":0.452,"unfaelle":19,"unf_fuss":3,"unf_velo":13,"fassaden_igw":14,"initiative":true,"gegenvorschlag":true,"vorlage":"initiative"},"geometry":{"type":"LineString","coordinates":[[8.86121,47.65932],[8.86125,47.65934],[8.86131,47.65935],[8.86144,47.65938],[8.86186,47.65944],[8.86195,47.65946],[8.86205,47.65948],[8.86213,47.65951],[8.8622,47.65954],[8.86223,47.65956],[8.86229,47.6596]]}},{"type":"Feature","properties":{"nr":"71","achse":"Wilchingen - Jestetten","strasse":"In der Gasse","gemeinde":"Wilchingen","fkt":"VO","fkt_text":"verkehrsorientiert","tempo":50,"dtv":2759,"laerm_tag_db":72.8,"bus":true,"linien":["27","N77"],"haltestellen":[],"bus_anteil":1.0,"bus_text":"ja","laenge_m":188,"abschnitt":"In der Gasse","abschnitt_km":0.207,"unfaelle":2,"unf_fuss":0,"unf_velo":2,"fassaden_igw":2,"initiative":true,"gegenvorschlag":true,"vorlage":"initiative"},"geometry":{"type":"LineString","coordinates":[[8.46973,47.66736],[8.46975,47.66733],[8.46976,47.6673],[8.46976,47.66726],[8.46975,47.66721],[8.46972,47.66716],[8.46967,47.66707],[8.46962,47.66701],[8.46954,47.6669],[8.46945,47.66679],[8.46938,47.6667],[8.46927,47.66658],[8.46919,47.66649],[8.46913,47.66642],[8.46905,47.66633],[8.46902,47.6663],[8.46896,47.66623],[8.46888,47.66614],[8.46884,47.6661],[8.46882,47.66607],[8.46878,47.66603],[8.46875,47.66598],[8.46873,47.66595],[8.46872,47.66592],[8.46871,47.66587],[8.4687,47.66586]]}},{"type":"Feature","properties":{"nr":"H4","achse":"Bargen Schaffhausen","strasse":"Hochstrasse","gemeinde":"Schaffhausen","fkt":"VO","fkt_text":"verkehrsorientiert","tempo":50,"dtv":9159,"laerm_tag_db":80.1,"bus":true,"linien":["5","6","10","24","N76"],"haltestellen":["Schaffhausen, Falkeneck"],"bus_anteil":1.0,"bus_text":"ja","laenge_m":47,"abschnitt":"Hochstrasse","abschnitt_km":1.821,"unfaelle":70,"unf_fuss":11,"unf_velo":21,"fassaden_igw":174,"initiative":true,"gegenvorschlag":true,"vorlage":"initiative"},"geometry":{"type":"LineString","coordinates":[[8.65351,47.71723],[8.65349,47.71723],[8.65347,47.71724],[8.65345,47.71724],[8.65343,47.71725],[8.65341,47.71725],[8.65339,47.71725],[8.65337,47.71726],[8.65335,47.71726],[8.65333,47.71726],[8.65331,47.71726],[8.65329,47.71726],[8.65326,47.71726],[8.65324,47.71727],[8.65322,47.71727],[8.6532,47.71727],[8.65318,47.71727],[8.65316,47.71727],[8.65313,47.71727],[8.65311,47.71727],[8.65309,47.71727],[8.65306,47.71727],[8.65298,47.71726],[8.65289,47.71725]]}},{"type":"Feature","properties":{"nr":"H4","achse":"Bargen Schaffhausen","strasse":"Stettemerstrasse","gemeinde":"Schaffhausen","fkt":"VO","fkt_text":"verkehrsorientiert","tempo":50,"dtv":7328,"laerm_tag_db":79.0,"bus":true,"linien":["3","6","10","N2"],"haltestellen":["Schaffhausen, Gräfler"],"bus_anteil":1.0,"bus_text":"ja","laenge_m":45,"abschnitt":"Stettemerstrasse","abschnitt_km":0.076,"unfaelle":2,"unf_fuss":0,"unf_velo":0,"fassaden_igw":6,"initiative":true,"gegenvorschlag":true,"vorlage":"initiative"},"geometry":{"type":"LineString","coordinates":[[8.6504,47.71837],[8.65044,47.71849],[8.65048,47.71865],[8.65049,47.71869],[8.65049,47.71872],[8.65048,47.71875],[8.65046,47.71876]]}},{"type":"Feature","properties":{"nr":"721","achse":"Schaffhausen - Hemmental","strasse":"Steigstrasse","gemeinde":"Schaffhausen","fkt":"SO","fkt_text":"siedlungsorientiert","tempo":50,"dtv":9408,"laerm_tag_db":79.9,"bus":true,"linien":["3","4","7","21","22","23","N1","N4","N77"],"haltestellen":[],"bus_anteil":1.0,"bus_text":"ja","laenge_m":122,"abschnitt":"Steigstrasse","abschnitt_km":0.837,"unfaelle":54,"unf_fuss":5,"unf_velo":20,"fassaden_igw":58,"initiative":true,"gegenvorschlag":false,"vorlage":"initiative"},"geometry":{"type":"LineString","coordinates":[[8.63084,47.69555],[8.63086,47.69556],[8.63093,47.69561],[8.63097,47.69566],[8.63101,47.69575],[8.63102,47.69579],[8.63104,47.69586],[8.63112,47.69625],[8.63115,47.69637],[8.63119,47.69643],[8.63123,47.6965],[8.63129,47.69658]]}},{"type":"Feature","properties":{"nr":"721","achse":"Schaffhausen - Hemmental","strasse":"Steigstrasse","gemeinde":"Schaffhausen","fkt":"SO","fkt_text":"siedlungsorientiert","tempo":50,"dtv":10486,"laerm_tag_db":80.6,"bus":true,"linien":["3","4","7","22","N1","N4"],"haltestellen":["Schaffhausen, Steigbrunnen"],"bus_anteil":1.0,"bus_text":"ja","laenge_m":83,"abschnitt":"Steigstrasse","abschnitt_km":0.837,"unfaelle":54,"unf_fuss":5,"unf_velo":20,"fassaden_igw":58,"initiative":true,"gegenvorschlag":false,"vorlage":"initiative"},"geometry":{"type":"LineString","coordinates":[[8.62757,47.69867],[8.62758,47.69863],[8.62758,47.6986],[8.62758,47.69854],[8.62758,47.69847],[8.62758,47.69839],[8.62759,47.69833],[8.6276,47.69829],[8.62762,47.69825],[8.62765,47.6982],[8.62769,47.69816],[8.62774,47.69811],[8.62778,47.69807],[8.62781,47.69805],[8.62784,47.69802],[8.62786,47.69801],[8.62789,47.69799]]}},{"type":"Feature","properties":{"nr":"721","achse":"Schaffhausen - Hemmental","strasse":"Steigstrasse","gemeinde":"Schaffhausen","fkt":"SO","fkt_text":"siedlungsorientiert","tempo":50,"dtv":10486,"laerm_tag_db":81.2,"bus":true,"linien":["3","4","7","22","N1","N4"],"haltestellen":["Schaffhausen, Steigbrunnen"],"bus_anteil":1.0,"bus_text":"ja","laenge_m":150,"abschnitt":"Steigstrasse","abschnitt_km":0.837,"unfaelle":54,"unf_fuss":5,"unf_velo":20,"fassaden_igw":58,"initiative":true,"gegenvorschlag":false,"vorlage":"initiative"},"geometry":{"type":"LineString","coordinates":[[8.62675,47.6999],[8.62684,47.69977],[8.6271,47.69938],[8.62721,47.69921],[8.62731,47.69907],[8.62739,47.69894],[8.62748,47.69881],[8.62754,47.69872],[8.62757,47.69867]]}},{"type":"Feature","properties":{"nr":"H4","achse":"Bargen Schaffhausen","strasse":"Mühlenstrasse","gemeinde":"Schaffhausen","fkt":"VO","fkt_text":"verkehrsorientiert","tempo":50,"dtv":21236,"laerm_tag_db":84.1,"bus":true,"linien":["1","6","21","25","630","632","634","N3","N4","N69","N77"],"haltestellen":[],"bus_anteil":1.0,"bus_text":"ja","laenge_m":226,"abschnitt":"Mühlenstrasse","abschnitt_km":0.575,"unfaelle":40,"unf_fuss":1,"unf_velo":9,"fassaden_igw":65,"initiative":true,"gegenvorschlag":true,"vorlage":"initiative"},"geometry":{"type":"LineString","coordinates":[[8.62888,47.6933],[8.62904,47.69337],[8.62923,47.69346],[8.62938,47.69353],[8.62951,47.69359],[8.62961,47.69363],[8.6297,47.69366],[8.62978,47.69368],[8.62988,47.69369],[8.62999,47.6937],[8.63019,47.6937],[8.63032,47.69371],[8.63045,47.69371],[8.6306,47.69371],[8.63075,47.69371],[8.63091,47.69369],[8.63106,47.69367],[8.63126,47.69365],[8.63149,47.69362],[8.63159,47.69361],[8.63171,47.69359]]}},{"type":"Feature","properties":{"nr":"710","achse":"Gächlingen - Siblingerhöhe","strasse":"Bergstrasse","gemeinde":"Gächlingen","fkt":"SO","fkt_text":"siedlungsorientiert","tempo":50,"dtv":676,"laerm_tag_db":64.5,"bus":true,"linien":["21"],"haltestellen":[],"bus_anteil":1.0,"bus_text":"ja","laenge_m":85,"abschnitt":"","abschnitt_km":null,"unfaelle":null,"unf_fuss":null,"unf_velo":null,"fassaden_igw":null,"initiative":true,"gegenvorschlag":false,"vorlage":"initiative"},"geometry":{"type":"LineString","coordinates":[[8.50237,47.70685],[8.50232,47.70699],[8.5023,47.70705],[8.50229,47.70713],[8.50227,47.70722],[8.50223,47.70746],[8.5022,47.7076]]}},{"type":"Feature","properties":{"nr":"H14","achse":"Schaffhausen - Stühlingen","strasse":"Hauptstrasse","gemeinde":"Siblingen","fkt":"VO","fkt_text":"verkehrsorientiert","tempo":50,"dtv":4242,"laerm_tag_db":77.1,"bus":true,"linien":["21"],"haltestellen":["Siblingen, Am Stei"],"bus_anteil":1.0,"bus_text":"ja","laenge_m":386,"abschnitt":"Hauptstrasse","abschnitt_km":1.049,"unfaelle":5,"unf_fuss":0,"unf_velo":1,"fassaden_igw":23,"initiative":true,"gegenvorschlag":true,"vorlage":"initiative"},"geometry":{"type":"LineString","coordinates":[[8.52059,47.71413],[8.52034,47.71418],[8.52007,47.71424],[8.51991,47.71429],[8.5197,47.71434],[8.5195,47.71438],[8.51929,47.71443],[8.51912,47.71447],[8.51898,47.7145],[8.51881,47.71452],[8.5187,47.71454],[8.51862,47.71455],[8.51854,47.71454],[8.51846,47.71453],[8.51836,47.71452],[8.51823,47.7145],[8.51799,47.71445],[8.51784,47.71442],[8.51771,47.71439],[8.51758,47.71438],[8.51741,47.71437],[8.51726,47.71436],[8.5171,47.71436],[8.51695,47.71436],[8.51683,47.71436],[8.51671,47.71437],[8.51658,47.71438],[8.5165,47.71439],[8.51636,47.71441],[8.51614,47.71443],[8.5159,47.71446],[8.5156,47.7145]]}},{"type":"Feature","properties":{"nr":"H14","achse":"Schaffhausen - Stühlingen","strasse":"Hauptstrasse","gemeinde":"Siblingen","fkt":"VO","fkt_text":"verkehrsorientiert","tempo":50,"dtv":4242,"laerm_tag_db":77.2,"bus":true,"linien":["21"],"haltestellen":["Siblingen, Dorf"],"bus_anteil":1.0,"bus_text":"ja","laenge_m":277,"abschnitt":"Hauptstrasse","abschnitt_km":1.049,"unfaelle":5,"unf_fuss":0,"unf_velo":1,"fassaden_igw":23,"initiative":true,"gegenvorschlag":true,"vorlage":"initiative"},"geometry":{"type":"LineString","coordinates":[[8.52375,47.71313],[8.52374,47.71323],[8.52372,47.71328],[8.52369,47.71335],[8.52364,47.71341],[8.52361,47.71343],[8.52358,47.71347],[8.52352,47.7135],[8.52344,47.71354],[8.52335,47.71357],[8.52325,47.7136],[8.52306,47.71363],[8.5227,47.7137],[8.52227,47.71379],[8.52196,47.71385],[8.5212,47.714],[8.52106,47.71403],[8.52072,47.7141],[8.52059,47.71413]]}},{"type":"Feature","properties":{"nr":"721","achse":"Schaffhausen - Hemmental","strasse":"Nordstrasse","gemeinde":"Schaffhausen","fkt":"SO","fkt_text":"siedlungsorientiert","tempo":50,"dtv":5443,"laerm_tag_db":77.3,"bus":true,"linien":["3","4","22","N1"],"haltestellen":["Schaffhausen, Nordstrasse"],"bus_anteil":1.0,"bus_text":"ja","laenge_m":285,"abschnitt":"Nordstrasse","abschnitt_km":1.026,"unfaelle":37,"unf_fuss":6,"unf_velo":16,"fassaden_igw":111,"initiative":true,"gegenvorschlag":false,"vorlage":"initiative"},"geometry":{"type":"LineString","coordinates":[[8.6274,47.70461],[8.6274,47.70439],[8.6274,47.70427],[8.62741,47.70416],[8.62742,47.70377],[8.62743,47.70347],[8.62744,47.70327],[8.62744,47.70311],[8.62745,47.70299],[8.62747,47.70285],[8.62749,47.70262],[8.62751,47.7025],[8.62754,47.70233],[8.62754,47.70229],[8.62754,47.70224],[8.62753,47.70219],[8.62752,47.70214],[8.62751,47.7021],[8.6275,47.70205]]}},{"type":"Feature","properties":{"nr":"721","achse":"Schaffhausen - Hemmental","strasse":"Nordstrasse","gemeinde":"Schaffhausen","fkt":"SO","fkt_text":"siedlungsorientiert","tempo":50,"dtv":5443,"laerm_tag_db":77.4,"bus":true,"linien":["3","4","22","N1"],"haltestellen":["Schaffhausen, Psychiatriezentr"],"bus_anteil":1.0,"bus_text":"ja","laenge_m":203,"abschnitt":"Nordstrasse","abschnitt_km":1.026,"unfaelle":37,"unf_fuss":6,"unf_velo":16,"fassaden_igw":111,"initiative":true,"gegenvorschlag":false,"vorlage":"initiative"},"geometry":{"type":"LineString","coordinates":[[8.62749,47.70643],[8.62748,47.70627],[8.62746,47.706],[8.62743,47.70582],[8.62741,47.70559],[8.6274,47.70543],[8.6274,47.70533],[8.62739,47.7053],[8.62739,47.70524],[8.62739,47.70496],[8.6274,47.70461]]}},{"type":"Feature","properties":{"nr":"721","achse":"Schaffhausen - Hemmental","strasse":"Hauentalstrasse","gemeinde":"Schaffhausen","fkt":"SO","fkt_text":"siedlungsorientiert","tempo":50,"dtv":4015,"laerm_tag_db":76.1,"bus":true,"linien":["3","22","N1"],"haltestellen":["Schaffhausen, Neubrunn","Schaffhausen, Plattenhalde"],"bus_anteil":1.0,"bus_text":"ja","laenge_m":812,"abschnitt":"Hauentalstrasse","abschnitt_km":1.795,"unfaelle":10,"unf_fuss":2,"unf_velo":0,"fassaden_igw":93,"initiative":true,"gegenvorschlag":false,"vorlage":"initiative"},"geometry":{"type":"LineString","coordinates":[[8.62154,47.7151],[8.62193,47.71472],[8.62227,47.7144],[8.62233,47.71433],[8.6228,47.71388],[8.62301,47.71369],[8.62317,47.71356],[8.62344,47.71336],[8.6238,47.71312],[8.62405,47.71296],[8.62407,47.71294],[8.62411,47.71291],[8.62414,47.71289],[8.62419,47.71285],[8.62424,47.7128],[8.62428,47.71275],[8.62433,47.7127],[8.62437,47.71264],[8.6244,47.71259],[8.62443,47.71254],[8.62446,47.71248],[8.62451,47.71234],[8.62455,47.71225],[8.62483,47.71158],[8.62498,47.71125],[8.62518,47.71081],[8.62539,47.71036],[8.62554,47.71004],[8.62559,47.70992],[8.62566,47.70976],[8.6257,47.70967],[8.62572,47.70961],[8.62575,47.70954],[8.62576,47.70947],[8.62578,47.7094],[8.6258,47.70932],[8.62584,47.70923],[8.62587,47.70915],[8.6259,47.70908],[8.62594,47.70902],[8.62599,47.70895],[8.62602,47.70892],[8.62605,47.70888],[8.6261,47.70883],[8.62614,47.70879],[8.62617,47.70876],[8.62618,47.70872],[8.62617,47.70867]]}},{"type":"Feature","properties":{"nr":"721","achse":"Schaffhausen - Hemmental","strasse":"Hauentalstrasse","gemeinde":"Schaffhausen","fkt":"SO","fkt_text":"siedlungsorientiert","tempo":50,"dtv":1336,"laerm_tag_db":70.3,"bus":true,"linien":["22"],"haltestellen":["Schaffhausen, Sommerhalde"],"bus_anteil":1.0,"bus_text":"ja","laenge_m":190,"abschnitt":"Hauentalstrasse","abschnitt_km":1.795,"unfaelle":10,"unf_fuss":2,"unf_velo":0,"fassaden_igw":93,"initiative":true,"gegenvorschlag":false,"vorlage":"initiative"},"geometry":{"type":"LineString","coordinates":[[8.61393,47.72088],[8.61401,47.72087],[8.61412,47.72085],[8.61421,47.72084],[8.61428,47.72083],[8.61433,47.72083],[8.61441,47.72083],[8.61451,47.72083],[8.61458,47.72083],[8.61466,47.72084],[8.61474,47.72084],[8.61485,47.72085],[8.61499,47.72086],[8.61518,47.72087],[8.61536,47.72089],[8.61561,47.7209],[8.61571,47.72091],[8.61591,47.72092],[8.61604,47.72092],[8.61617,47.72091],[8.61632,47.7209],[8.61644,47.72088]]}},{"type":"Feature","properties":{"nr":"721","achse":"Schaffhausen - Hemmental","strasse":"Hauptstrasse","gemeinde":"Schaffhausen","fkt":"SO","fkt_text":"siedlungsorientiert","tempo":50,"dtv":1336,"laerm_tag_db":70.3,"bus":true,"linien":["22"],"haltestellen":["Hemmental, Hochrahn"],"bus_anteil":1.0,"bus_text":"ja","laenge_m":295,"abschnitt":"Hauptstrasse","abschnitt_km":0.785,"unfaelle":1,"unf_fuss":0,"unf_velo":1,"fassaden_igw":0,"initiative":true,"gegenvorschlag":false,"vorlage":"initiative"},"geometry":{"type":"LineString","coordinates":[[8.58936,47.73191],[8.58944,47.73176],[8.58949,47.73166],[8.58954,47.73158],[8.58957,47.73149],[8.58967,47.73126],[8.5898,47.73097],[8.58991,47.7307],[8.58995,47.73061],[8.58999,47.73052],[8.59004,47.73043],[8.59009,47.73033],[8.59016,47.73022],[8.59023,47.73011],[8.59029,47.73004],[8.59037,47.72991],[8.59051,47.72972],[8.59064,47.72952],[8.59071,47.72942]]}},{"type":"Feature","properties":{"nr":"722","achse":"Hemmental - Beggingen","strasse":"Im Gehren","gemeinde":"Schaffhausen","fkt":"SO","fkt_text":"siedlungsorientiert","tempo":50,"dtv":216,"laerm_tag_db":59.1,"bus":true,"linien":["22"],"haltestellen":[],"bus_anteil":0.23,"bus_text":"teilweise","laenge_m":23,"abschnitt":"Im Gehren","abschnitt_km":0.246,"unfaelle":0,"unf_fuss":0,"unf_velo":0,"fassaden_igw":0,"initiative":true,"gegenvorschlag":false,"vorlage":"initiative"},"geometry":{"type":"LineString","coordinates":[[8.58752,47.73357],[8.58751,47.73357],[8.58745,47.73353],[8.5874,47.73349],[8.58735,47.73344],[8.58734,47.73341]]}},{"type":"Feature","properties":{"nr":"722","achse":"Hemmental - Beggingen","strasse":"Im Gehren","gemeinde":"Schaffhausen","fkt":"SO","fkt_text":"siedlungsorientiert","tempo":40,"dtv":216,"laerm_tag_db":56.8,"bus":true,"linien":[],"haltestellen":["Hemmental, Kreuzweg (Randen)"],"bus_anteil":0.0,"bus_text":"ja","laenge_m":170,"abschnitt":"Im Gehren","abschnitt_km":0.246,"unfaelle":0,"unf_fuss":0,"unf_velo":0,"fassaden_igw":0,"initiative":true,"gegenvorschlag":false,"vorlage":"initiative"},"geometry":{"type":"LineString","coordinates":[[8.57468,47.74655],[8.57474,47.74654],[8.57481,47.74653],[8.57489,47.74651],[8.57498,47.74648],[8.57506,47.74645],[8.57518,47.7464],[8.5754,47.74629],[8.57544,47.74627],[8.57552,47.74623],[8.57565,47.74617],[8.57578,47.74611],[8.5758,47.7461],[8.57596,47.74602],[8.57607,47.74597],[8.57618,47.74591],[8.57625,47.74587],[8.57636,47.74579],[8.57651,47.74568]]}},{"type":"Feature","properties":{"nr":"722","achse":"Hemmental - Beggingen","strasse":"Randenstrasse","gemeinde":"Beggingen","fkt":"SO","fkt_text":"siedlungsorientiert","tempo":40,"dtv":216,"laerm_tag_db":57.0,"bus":true,"linien":[],"haltestellen":["Hemmental, Mäserich (Randen)"],"bus_anteil":0.0,"bus_text":"ja","laenge_m":115,"abschnitt":"Randenstrasse","abschnitt_km":0.404,"unfaelle":1,"unf_fuss":0,"unf_velo":0,"fassaden_igw":0,"initiative":true,"gegenvorschlag":false,"vorlage":"initiative"},"geometry":{"type":"LineString","coordinates":[[8.56145,47.7477],[8.56147,47.74743],[8.56148,47.74719],[8.56148,47.74713],[8.56148,47.74708],[8.56148,47.74704],[8.56149,47.74701],[8.5615,47.747],[8.56153,47.74698],[8.56157,47.74696],[8.5616,47.74695],[8.56163,47.74693],[8.56168,47.74692],[8.56175,47.74689],[8.56179,47.74688],[8.56188,47.74686],[8.56193,47.74684]]}},{"type":"Feature","properties":{"nr":"H4","achse":"Bargen Schaffhausen","strasse":"Hochstrasse","gemeinde":"Schaffhausen","fkt":"VO","fkt_text":"verkehrsorientiert","tempo":50,"dtv":9159,"laerm_tag_db":79.9,"bus":true,"linien":["3","6","10","24","N2"],"haltestellen":["Schaffhausen, St. Peter"],"bus_anteil":1.0,"bus_text":"ja","laenge_m":42,"abschnitt":"Hochstrasse","abschnitt_km":1.821,"unfaelle":70,"unf_fuss":11,"unf_velo":21,"fassaden_igw":174,"initiative":true,"gegenvorschlag":true,"vorlage":"initiative"},"geometry":{"type":"LineString","coordinates":[[8.65045,47.71727],[8.65042,47.71727],[8.65031,47.71729],[8.65019,47.7173],[8.65008,47.7173],[8.64991,47.71734]]}},{"type":"Feature","properties":{"nr":"76","achse":"Zentrum Schaffhausen - Schweizersbild","strasse":"Hochstrasse","gemeinde":"Schaffhausen","fkt":"VO","fkt_text":"verkehrsorientiert","tempo":50,"dtv":8671,"laerm_tag_db":79.1,"bus":true,"linien":["3","6","24","N2"],"haltestellen":["Schaffhausen, Finsterwaldstr.","Schaffhausen, Hornbergstieg","Schaffhausen, Seidenhof"],"bus_anteil":1.0,"bus_text":"ja","laenge_m":724,"abschnitt":"Hochstrasse","abschnitt_km":1.821,"unfaelle":70,"unf_fuss":11,"unf_velo":21,"fassaden_igw":174,"initiative":true,"gegenvorschlag":true,"vorlage":"initiative"},"geometry":{"type":"LineString","coordinates":[[8.63492,47.70196],[8.63494,47.70214],[8.63496,47.70225],[8.63498,47.70232],[8.63502,47.70243],[8.63505,47.70251],[8.6351,47.7026],[8.63515,47.70269],[8.63527,47.7029],[8.63546,47.70319],[8.63557,47.70336],[8.63563,47.70345],[8.63566,47.70352],[8.63571,47.70363],[8.63573,47.70367],[8.63576,47.70372],[8.63582,47.70385],[8.63588,47.704],[8.63591,47.70408],[8.63604,47.70439],[8.63609,47.7045],[8.63615,47.70464],[8.63623,47.70484],[8.63632,47.70504],[8.63636,47.70515],[8.63646,47.70537],[8.63663,47.7058],[8.63674,47.70604],[8.63682,47.7062],[8.63687,47.7063],[8.63695,47.70645],[8.63708,47.70668],[8.63726,47.70699],[8.63743,47.70725],[8.63757,47.70743],[8.63775,47.70765],[8.63797,47.70791],[8.63809,47.70808]]}},{"type":"Feature","properties":{"nr":"H4","achse":"Bargen Schaffhausen","strasse":"Bachstrasse","gemeinde":"Schaffhausen","fkt":"VO","fkt_text":"verkehrsorientiert","tempo":50,"dtv":18000,"laerm_tag_db":83.1,"bus":true,"linien":["1","4","5","N3","N76"],"haltestellen":["Schaffhausen, Feuerwehrzentrum"],"bus_anteil":1.0,"bus_text":"ja","laenge_m":84,"abschnitt":"Bachstrasse","abschnitt_km":0.912,"unfaelle":75,"unf_fuss":5,"unf_velo":24,"fassaden_igw":146,"initiative":true,"gegenvorschlag":true,"vorlage":"initiative"},"geometry":{"type":"LineString","coordinates":[[8.6366,47.70133],[8.63667,47.70143],[8.6368,47.70152],[8.63694,47.70159],[8.63703,47.70162],[8.63707,47.70163],[8.63717,47.70165],[8.63726,47.70167],[8.63734,47.70168],[8.6374,47.70169],[8.63746,47.70171],[8.63749,47.70173]]}},{"type":"Feature","properties":{"nr":"H4","achse":"Bargen Schaffhausen","strasse":"Bachstrasse","gemeinde":"Schaffhausen","fkt":"VO","fkt_text":"verkehrsorientiert","tempo":50,"dtv":9738,"laerm_tag_db":80.0,"bus":true,"linien":["8","25","630","632","634","N69"],"haltestellen":[],"bus_anteil":1.0,"bus_text":"ja","laenge_m":117,"abschnitt":"Bachstrasse","abschnitt_km":0.912,"unfaelle":75,"unf_fuss":5,"unf_velo":24,"fassaden_igw":146,"initiative":true,"gegenvorschlag":true,"vorlage":"initiative"},"geometry":{"type":"LineString","coordinates":[[8.63791,47.69648],[8.63782,47.69683],[8.63778,47.697],[8.63772,47.69726],[8.63765,47.69748],[8.63765,47.69752]]}},{"type":"Feature","properties":{"nr":"H4","achse":"Bargen Schaffhausen","strasse":"Rheinuferstrasse","gemeinde":"Schaffhausen","fkt":"VO","fkt_text":"verkehrsorientiert","tempo":50,"dtv":15336,"laerm_tag_db":81.9,"bus":true,"linien":["6","8","25","630","632","634","N3","N69"],"haltestellen":["Schaffhausen, Rhybadi"],"bus_anteil":1.0,"bus_text":"ja","laenge_m":426,"abschnitt":"Rheinuferstrasse","abschnitt_km":0.653,"unfaelle":28,"unf_fuss":3,"unf_velo":2,"fassaden_igw":43,"initiative":true,"gegenvorschlag":true,"vorlage":"initiative"},"geometry":{"type":"LineString","coordinates":[[8.63305,47.69347],[8.63328,47.69348],[8.63412,47.6935],[8.63462,47.69352],[8.63484,47.69352],[8.635,47.69353],[8.63513,47.69354],[8.63521,47.69355],[8.6354,47.69358],[8.63563,47.69361],[8.6358,47.69364],[8.636,47.69368],[8.63623,47.69374],[8.63641,47.6938],[8.63657,47.69385],[8.63673,47.69391],[8.6369,47.69397],[8.63709,47.69404],[8.63729,47.69412],[8.63751,47.6942],[8.63783,47.69433],[8.63836,47.69455]]}},{"type":"Feature","properties":{"nr":"721","achse":"Schaffhausen - Hemmental","strasse":"Grabenstrasse","gemeinde":"Schaffhausen","fkt":"SO","fkt_text":"siedlungsorientiert","tempo":50,"dtv":14971,"laerm_tag_db":81.8,"bus":true,"linien":["1","6","21","25","630","632","634","N3","N4","N69","N77"],"haltestellen":[],"bus_anteil":1.0,"bus_text":"ja","laenge_m":51,"abschnitt":"Grabenstrasse","abschnitt_km":0.38,"unfaelle":13,"unf_fuss":1,"unf_velo":5,"fassaden_igw":102,"initiative":true,"gegenvorschlag":false,"vorlage":"initiative"},"geometry":{"type":"LineString","coordinates":[[8.63177,47.69404],[8.63178,47.69397],[8.63179,47.6939],[8.63179,47.69384],[8.63178,47.6938],[8.63178,47.69377],[8.63177,47.69373],[8.63175,47.69368],[8.63173,47.69363],[8.63171,47.69359]]}},{"type":"Feature","properties":{"nr":"H4","achse":"Bargen Schaffhausen","strasse":"Ebnatstrasse","gemeinde":"Schaffhausen","fkt":"VO","fkt_text":"verkehrsorientiert","tempo":50,"dtv":7386,"laerm_tag_db":79.6,"bus":true,"linien":["1","N3"],"haltestellen":["Schaffhausen, Kronenhalde"],"bus_anteil":1.0,"bus_text":"ja","laenge_m":240,"abschnitt":"Ebnatstrasse","abschnitt_km":2.434,"unfaelle":57,"unf_fuss":4,"unf_velo":9,"fassaden_igw":10,"initiative":true,"gegenvorschlag":true,"vorlage":"initiative"},"geometry":{"type":"LineString","coordinates":[[8.64023,47.70649],[8.64025,47.70643],[8.64026,47.70636],[8.64027,47.70622],[8.64027,47.70606],[8.64029,47.70596],[8.6403,47.70589],[8.64033,47.70579],[8.64038,47.70573],[8.64042,47.70569],[8.6405,47.70565],[8.64057,47.70562],[8.64064,47.70561],[8.6407,47.70561],[8.64085,47.70564],[8.6411,47.7057],[8.64138,47.70578],[8.64156,47.70585],[8.64169,47.70592],[8.64211,47.70617]]}},{"type":"Feature","properties":{"nr":"H4","achse":"Bargen Schaffhausen","strasse":"Ebnatstrasse","gemeinde":"Schaffhausen","fkt":"VO","fkt_text":"verkehrsorientiert","tempo":50,"dtv":7386,"laerm_tag_db":79.5,"bus":true,"linien":["1","N3"],"haltestellen":["Schaffhausen, Kronenhalde"],"bus_anteil":1.0,"bus_text":"ja","laenge_m":149,"abschnitt":"Ebnatstrasse","abschnitt_km":2.434,"unfaelle":57,"unf_fuss":4,"unf_velo":9,"fassaden_igw":10,"initiative":true,"gegenvorschlag":true,"vorlage":"initiative"},"geometry":{"type":"LineString","coordinates":[[8.64211,47.70617],[8.64244,47.70637],[8.64265,47.70648],[8.64294,47.70663],[8.64347,47.7069],[8.64367,47.707]]}},{"type":"Feature","properties":{"nr":"H4","achse":"Bargen Schaffhausen","strasse":"Ebnatstrasse","gemeinde":"Schaffhausen","fkt":"VO","fkt_text":"verkehrsorientiert","tempo":50,"dtv":7386,"laerm_tag_db":79.3,"bus":true,"linien":["1","9","N3"],"haltestellen":["Schaffhausen, Ebnat"],"bus_anteil":1.0,"bus_text":"ja","laenge_m":271,"abschnitt":"Ebnatstrasse","abschnitt_km":2.434,"unfaelle":57,"unf_fuss":4,"unf_velo":9,"fassaden_igw":10,"initiative":true,"gegenvorschlag":true,"vorlage":"initiative"},"geometry":{"type":"LineString","coordinates":[[8.64367,47.707],[8.64392,47.70713],[8.6441,47.70722],[8.64425,47.7073],[8.64455,47.70745],[8.64468,47.7075],[8.64474,47.70753],[8.64493,47.70762],[8.64511,47.70768],[8.64567,47.70787],[8.64641,47.70812],[8.64651,47.70815],[8.64659,47.70817],[8.64679,47.70819]]}},{"type":"Feature","properties":{"nr":"H4","achse":"Bargen Schaffhausen","strasse":"Ebnatstrasse","gemeinde":"Schaffhausen","fkt":"VO","fkt_text":"verkehrsorientiert","tempo":50,"dtv":8183,"laerm_tag_db":79.5,"bus":true,"linien":["5","6","10","24","N76"],"haltestellen":["Schaffhausen, Falkeneck"],"bus_anteil":0.67,"bus_text":"teilweise","laenge_m":32,"abschnitt":"Ebnatstrasse","abschnitt_km":2.434,"unfaelle":57,"unf_fuss":4,"unf_velo":9,"fassaden_igw":10,"initiative":true,"gegenvorschlag":true,"vorlage":"initiative"},"geometry":{"type":"LineString","coordinates":[[8.65393,47.71719],[8.65379,47.7172],[8.65362,47.71722],[8.65351,47.71723]]}},{"type":"Feature","properties":{"nr":"H4","achse":"Bargen Schaffhausen","strasse":"Hochstrasse","gemeinde":"Schaffhausen","fkt":"VO","fkt_text":"verkehrsorientiert","tempo":50,"dtv":9159,"laerm_tag_db":80.1,"bus":true,"linien":["6","10","24"],"haltestellen":["Schaffhausen, St. Peter"],"bus_anteil":1.0,"bus_text":"ja","laenge_m":98,"abschnitt":"Hochstrasse","abschnitt_km":1.821,"unfaelle":70,"unf_fuss":11,"unf_velo":21,"fassaden_igw":174,"initiative":true,"gegenvorschlag":true,"vorlage":"initiative"},"geometry":{"type":"LineString","coordinates":[[8.65168,47.71699],[8.65159,47.71699],[8.65146,47.71701],[8.65132,47.71704],[8.65115,47.71709],[8.65081,47.71719],[8.65063,47.71723],[8.65045,47.71727]]}},{"type":"Feature","properties":{"nr":"H4","achse":"Bargen Schaffhausen","strasse":"Schweizersbildstrasse","gemeinde":"Schaffhausen","fkt":"VO","fkt_text":"verkehrsorientiert","tempo":50,"dtv":8251,"laerm_tag_db":79.4,"bus":true,"linien":["10"],"haltestellen":[],"bus_anteil":1.0,"bus_text":"ja","laenge_m":238,"abschnitt":"Schweizersbildstrasse","abschnitt_km":1.775,"unfaelle":20,"unf_fuss":2,"unf_velo":7,"fassaden_igw":34,"initiative":true,"gegenvorschlag":true,"vorlage":"initiative"},"geometry":{"type":"LineString","coordinates":[[8.64236,47.72273],[8.64204,47.72286],[8.64174,47.72298],[8.64093,47.7233],[8.64058,47.72344],[8.64013,47.72361],[8.63962,47.72381]]}},{"type":"Feature","properties":{"nr":"H4","achse":"Bargen Schaffhausen","strasse":"Schweizersbildstrasse","gemeinde":"Schaffhausen","fkt":"VO","fkt_text":"verkehrsorientiert","tempo":50,"dtv":8349,"laerm_tag_db":79.3,"bus":true,"linien":["10"],"haltestellen":[],"bus_anteil":1.0,"bus_text":"ja","laenge_m":264,"abschnitt":"Schweizersbildstrasse","abschnitt_km":1.775,"unfaelle":20,"unf_fuss":2,"unf_velo":7,"fassaden_igw":34,"initiative":true,"gegenvorschlag":true,"vorlage":"initiative"},"geometry":{"type":"LineString","coordinates":[[8.63828,47.72446],[8.63804,47.72458],[8.63794,47.72463],[8.6378,47.72469],[8.63763,47.72475],[8.63742,47.72481],[8.63729,47.72485],[8.63719,47.72487],[8.63705,47.72489],[8.63692,47.72491],[8.63676,47.72494],[8.63656,47.72498],[8.63597,47.72506],[8.6356,47.72511],[8.63523,47.72518],[8.635,47.72523]]}},{"type":"Feature","properties":{"nr":"721","achse":"Schaffhausen - Hemmental","strasse":"Hauentalstrasse","gemeinde":"Schaffhausen","fkt":"SO","fkt_text":"siedlungsorientiert","tempo":50,"dtv":1336,"laerm_tag_db":70.6,"bus":true,"linien":["22"],"haltestellen":[],"bus_anteil":1.0,"bus_text":"ja","laenge_m":278,"abschnitt":"Hauentalstrasse","abschnitt_km":1.795,"unfaelle":10,"unf_fuss":2,"unf_velo":0,"fassaden_igw":93,"initiative":true,"gegenvorschlag":false,"vorlage":"initiative"},"geometry":{"type":"LineString","coordinates":[[8.61735,47.72069],[8.61745,47.72066],[8.61751,47.72063],[8.61756,47.72061],[8.61762,47.72058],[8.61769,47.72055],[8.61775,47.72051],[8.61781,47.72046],[8.61786,47.72042],[8.61791,47.72038],[8.61799,47.7203],[8.61825,47.72002],[8.61856,47.71968],[8.61861,47.71961],[8.61869,47.71952],[8.61876,47.71943],[8.61882,47.71933],[8.61889,47.71923],[8.61891,47.71918],[8.61893,47.71913],[8.61895,47.71909],[8.61897,47.71906],[8.61899,47.719],[8.61914,47.71858]]}},{"type":"Feature","properties":{"nr":"725","achse":"Bargen Schaffhausen","strasse":"Hauptstrasse","gemeinde":"Merishausen","fkt":"VO","fkt_text":"verkehrsorientiert","tempo":50,"dtv":1936,"laerm_tag_db":71.9,"bus":true,"linien":["23"],"haltestellen":["Merishausen, im Kerr"],"bus_anteil":1.0,"bus_text":"ja","laenge_m":402,"abschnitt":"Hauptstrasse","abschnitt_km":0.919,"unfaelle":0,"unf_fuss":0,"unf_velo":0,"fassaden_igw":0,"initiative":true,"gegenvorschlag":true,"vorlage":"initiative"},"geometry":{"type":"LineString","coordinates":[[8.61217,47.75517],[8.61209,47.75526],[8.61179,47.75556],[8.6117,47.75565],[8.61165,47.7557],[8.61158,47.75576],[8.61143,47.75591],[8.6112,47.75614],[8.61079,47.75655],[8.61063,47.75671],[8.61054,47.75681],[8.61045,47.75691],[8.61034,47.75705],[8.61027,47.75716],[8.6102,47.75731],[8.61014,47.75744],[8.61011,47.75753],[8.61009,47.75763],[8.61008,47.75774],[8.61006,47.7579],[8.61002,47.75836],[8.61002,47.75838]]}},{"type":"Feature","properties":{"nr":"725","achse":"Bargen Schaffhausen","strasse":"Hauptstrasse","gemeinde":"Merishausen","fkt":"VO","fkt_text":"verkehrsorientiert","tempo":50,"dtv":1936,"laerm_tag_db":72.0,"bus":true,"linien":["23"],"haltestellen":["Merishausen, Brunngasse","Merishausen, Gemeindehaus"],"bus_anteil":1.0,"bus_text":"ja","laenge_m":337,"abschnitt":"Hauptstrasse","abschnitt_km":0.919,"unfaelle":0,"unf_fuss":0,"unf_velo":0,"fassaden_igw":0,"initiative":true,"gegenvorschlag":true,"vorlage":"initiative"},"geometry":{"type":"LineString","coordinates":[[8.61002,47.75838],[8.61,47.75861],[8.60998,47.75877],[8.60997,47.75892],[8.60996,47.75915],[8.60995,47.75939],[8.60995,47.75944],[8.60995,47.75951],[8.60994,47.75955],[8.60992,47.75963],[8.60988,47.75976],[8.6098,47.75997],[8.60976,47.76009],[8.60975,47.76012],[8.60974,47.76015],[8.60973,47.76017],[8.60972,47.7602],[8.60971,47.76022],[8.6097,47.76025],[8.60969,47.76027],[8.60962,47.7604],[8.60946,47.76064],[8.60938,47.76076],[8.60931,47.76088],[8.60924,47.76098],[8.60916,47.76109],[8.60908,47.76119],[8.609,47.76129]]}},{"type":"Feature","properties":{"nr":"725","achse":"Bargen Schaffhausen","strasse":"Hauptstrasse","gemeinde":"Merishausen","fkt":"VO","fkt_text":"verkehrsorientiert","tempo":50,"dtv":1936,"laerm_tag_db":71.9,"bus":true,"linien":["23"],"haltestellen":["Merishausen, Gemeindehaus"],"bus_anteil":1.0,"bus_text":"ja","laenge_m":263,"abschnitt":"Hauptstrasse","abschnitt_km":0.919,"unfaelle":0,"unf_fuss":0,"unf_velo":0,"fassaden_igw":0,"initiative":true,"gegenvorschlag":true,"vorlage":"initiative"},"geometry":{"type":"LineString","coordinates":[[8.609,47.76129],[8.60895,47.76134],[8.6089,47.76139],[8.60886,47.76145],[8.60881,47.76153],[8.60876,47.76163],[8.60874,47.7617],[8.60872,47.76178],[8.60862,47.76214],[8.60848,47.76267],[8.60843,47.76284],[8.60839,47.76296],[8.60829,47.76321],[8.60825,47.76333],[8.60824,47.7634],[8.60823,47.76346],[8.60824,47.76353],[8.60825,47.76359]]}},{"type":"Feature","properties":{"nr":"725","achse":"Bargen Schaffhausen","strasse":"Hauptstrasse","gemeinde":"Merishausen","fkt":"VO","fkt_text":"verkehrsorientiert","tempo":50,"dtv":1936,"laerm_tag_db":71.9,"bus":true,"linien":["23"],"haltestellen":["Merishausen, Eichwis"],"bus_anteil":1.0,"bus_text":"ja","laenge_m":174,"abschnitt":"Hauptstrasse","abschnitt_km":0.919,"unfaelle":0,"unf_fuss":0,"unf_velo":0,"fassaden_igw":0,"initiative":true,"gegenvorschlag":true,"vorlage":"initiative"},"geometry":{"type":"LineString","coordinates":[[8.60825,47.76359],[8.60827,47.76363],[8.6083,47.7637],[8.60833,47.76376],[8.60846,47.76401],[8.6088,47.76463],[8.6089,47.76482],[8.60902,47.76506]]}},{"type":"Feature","properties":{"nr":"725","achse":"Bargen Schaffhausen","strasse":"Schulstrasse","gemeinde":"Bargen (SH)","fkt":"VO","fkt_text":"verkehrsorientiert","tempo":50,"dtv":700,"laerm_tag_db":64.8,"bus":true,"linien":["23"],"haltestellen":[],"bus_anteil":1.0,"bus_text":"ja","laenge_m":57,"abschnitt":"Schulstrasse","abschnitt_km":0.53,"unfaelle":1,"unf_fuss":0,"unf_velo":1,"fassaden_igw":0,"initiative":true,"gegenvorschlag":true,"vorlage":"initiative"},"geometry":{"type":"LineString","coordinates":[[8.61215,47.79285],[8.61205,47.79285],[8.61195,47.79286],[8.61181,47.79287],[8.61177,47.79286],[8.61173,47.79286],[8.61169,47.79286],[8.61166,47.79286],[8.61162,47.79285],[8.61158,47.79285],[8.61155,47.79284],[8.61152,47.79283],[8.61149,47.79283],[8.61146,47.79282],[8.61144,47.79281],[8.61141,47.7928]]}},{"type":"Feature","properties":{"nr":"725","achse":"Bargen Schaffhausen","strasse":"Schulstrasse","gemeinde":"Bargen (SH)","fkt":"VO","fkt_text":"verkehrsorientiert","tempo":50,"dtv":700,"laerm_tag_db":64.8,"bus":true,"linien":["23"],"haltestellen":[],"bus_anteil":1.0,"bus_text":"ja","laenge_m":24,"abschnitt":"Schulstrasse","abschnitt_km":0.53,"unfaelle":1,"unf_fuss":0,"unf_velo":1,"fassaden_igw":0,"initiative":true,"gegenvorschlag":true,"vorlage":"initiative"},"geometry":{"type":"LineString","coordinates":[[8.61141,47.7928],[8.61139,47.79278],[8.61137,47.79277],[8.61135,47.79276],[8.61133,47.79274],[8.61127,47.79269],[8.61122,47.79262]]}},{"type":"Feature","properties":{"nr":"H4","achse":"Bargen Schaffhausen","strasse":"Ebnatstrasse","gemeinde":"Schaffhausen","fkt":"VO","fkt_text":"verkehrsorientiert","tempo":50,"dtv":6931,"laerm_tag_db":79.4,"bus":true,"linien":["9","N3"],"haltestellen":["Schaffhausen, Busdepot"],"bus_anteil":1.0,"bus_text":"ja","laenge_m":356,"abschnitt":"Ebnatstrasse","abschnitt_km":2.434,"unfaelle":57,"unf_fuss":4,"unf_velo":9,"fassaden_igw":10,"initiative":true,"gegenvorschlag":true,"vorlage":"initiative"},"geometry":{"type":"LineString","coordinates":[[8.65425,47.71181],[8.6549,47.71213],[8.65561,47.71251],[8.65627,47.71287],[8.65659,47.71305],[8.6569,47.71321],[8.65703,47.71327],[8.65728,47.71339],[8.65762,47.71357],[8.65773,47.71364],[8.65785,47.71371],[8.65796,47.71381]]}},{"type":"Feature","properties":{"nr":"H4","achse":"Bargen Schaffhausen","strasse":"Ebnatstrasse","gemeinde":"Schaffhausen","fkt":"VO","fkt_text":"verkehrsorientiert","tempo":50,"dtv":6931,"laerm_tag_db":79.3,"bus":true,"linien":["9","N3"],"haltestellen":["Schaffhausen, Ernst Homberger-Strasse"],"bus_anteil":1.0,"bus_text":"ja","laenge_m":183,"abschnitt":"Ebnatstrasse","abschnitt_km":2.434,"unfaelle":57,"unf_fuss":4,"unf_velo":9,"fassaden_igw":10,"initiative":true,"gegenvorschlag":true,"vorlage":"initiative"},"geometry":{"type":"LineString","coordinates":[[8.65796,47.71381],[8.65803,47.71391],[8.65806,47.71396],[8.65807,47.714],[8.65809,47.71411],[8.65808,47.71422],[8.65806,47.7143],[8.65802,47.71437],[8.65791,47.71459],[8.65769,47.71496],[8.65765,47.71505],[8.6576,47.71516],[8.65749,47.71536]]}},{"type":"Feature","properties":{"nr":"H15","achse":"Herblingen - Thayngen","strasse":"Ernst Homberger-Strasse","gemeinde":"Schaffhausen","fkt":"VO","fkt_text":"verkehrsorientiert","tempo":50,"dtv":5029,"laerm_tag_db":77.7,"bus":true,"linien":["9"],"haltestellen":["Schaffhausen, Ernst Homberger-Strasse"],"bus_anteil":1.0,"bus_text":"ja","laenge_m":418,"abschnitt":"Ernst Homberger-Strasse","abschnitt_km":0.471,"unfaelle":15,"unf_fuss":1,"unf_velo":8,"fassaden_igw":0,"initiative":true,"gegenvorschlag":true,"vorlage":"initiative"},"geometry":{"type":"LineString","coordinates":[[8.66272,47.71667],[8.66261,47.71664],[8.66198,47.71648],[8.66148,47.71636],[8.6612,47.71629],[8.66058,47.71614],[8.65995,47.71598],[8.65961,47.71589],[8.65907,47.71576],[8.65878,47.71569],[8.65828,47.71556],[8.65777,47.71544],[8.65749,47.71536]]}},{"type":"Feature","properties":{"nr":"H15","achse":"Herblingen - Thayngen","strasse":"Gennersbrunnerstrasse","gemeinde":"Schaffhausen","fkt":"VO","fkt_text":"verkehrsorientiert","tempo":50,"dtv":10177,"laerm_tag_db":80.6,"bus":true,"linien":["9"],"haltestellen":["Herblingen, Bahnhof"],"bus_anteil":1.0,"bus_text":"ja","laenge_m":81,"abschnitt":"Gennersbrunnerstrasse","abschnitt_km":0.978,"unfaelle":38,"unf_fuss":7,"unf_velo":7,"fassaden_igw":24,"initiative":true,"gegenvorschlag":true,"vorlage":"initiative"},"geometry":{"type":"LineString","coordinates":[[8.66305,47.71742],[8.66335,47.71687],[8.66341,47.71674]]}},{"type":"Feature","properties":{"nr":"H15","achse":"Herblingen - Thayngen","strasse":"Thayngerstrasse","gemeinde":"Schaffhausen","fkt":"VO","fkt_text":"verkehrsorientiert","tempo":50,"dtv":4241,"laerm_tag_db":75.7,"bus":true,"linien":["5","24","N76"],"haltestellen":["Schaffhausen, Unterdorf"],"bus_anteil":1.0,"bus_text":"ja","laenge_m":208,"abschnitt":"Thayngerstrasse","abschnitt_km":0.874,"unfaelle":13,"unf_fuss":1,"unf_velo":1,"fassaden_igw":11,"initiative":true,"gegenvorschlag":true,"vorlage":"initiative"},"geometry":{"type":"LineString","coordinates":[[8.66417,47.72354],[8.66413,47.72343],[8.66411,47.72338],[8.66406,47.7233],[8.66401,47.72323],[8.66395,47.72316],[8.66388,47.72307],[8.66379,47.72297],[8.6637,47.72288],[8.66353,47.72274],[8.66343,47.72267],[8.66332,47.7226],[8.66321,47.72253],[8.66309,47.72247],[8.6626,47.72221],[8.66244,47.72215]]}},{"type":"Feature","properties":{"nr":"H15","achse":"Herblingen - Thayngen","strasse":"Thayngerstrasse","gemeinde":"Schaffhausen","fkt":"VO","fkt_text":"verkehrsorientiert","tempo":50,"dtv":2608,"laerm_tag_db":74.8,"bus":true,"linien":["5","N76"],"haltestellen":[],"bus_anteil":1.0,"bus_text":"ja","laenge_m":225,"abschnitt":"Thayngerstrasse","abschnitt_km":0.874,"unfaelle":13,"unf_fuss":1,"unf_velo":1,"fassaden_igw":11,"initiative":true,"gegenvorschlag":true,"vorlage":"initiative"},"geometry":{"type":"LineString","coordinates":[[8.66381,47.72873],[8.66378,47.72867],[8.66376,47.72862],[8.66374,47.72856],[8.66371,47.7285],[8.6637,47.72845],[8.66368,47.72839],[8.66367,47.72833],[8.66366,47.72828],[8.66365,47.72822],[8.66365,47.72817],[8.66365,47.72811],[8.66365,47.72806],[8.66365,47.728],[8.66366,47.72792],[8.66366,47.72786],[8.66367,47.7278],[8.66368,47.72775],[8.6637,47.72769],[8.66372,47.72763],[8.66373,47.72757],[8.66375,47.72752],[8.66383,47.7273],[8.66385,47.72724],[8.66387,47.72718],[8.66388,47.72712],[8.6639,47.72705],[8.66391,47.72699],[8.66392,47.72693],[8.66393,47.72687],[8.66395,47.72674]]}},{"type":"Feature","properties":{"nr":"H15","achse":"Herblingen - Thayngen","strasse":"Bahnhofstrasse","gemeinde":"Thayngen","fkt":"VO","fkt_text":"verkehrsorientiert","tempo":50,"dtv":3314,"laerm_tag_db":75.4,"bus":true,"linien":["N76"],"haltestellen":[],"bus_anteil":1.0,"bus_text":"ja","laenge_m":204,"abschnitt":"Bahnhofstrasse","abschnitt_km":1.003,"unfaelle":13,"unf_fuss":4,"unf_velo":5,"fassaden_igw":29,"initiative":true,"gegenvorschlag":true,"vorlage":"initiative"},"geometry":{"type":"LineString","coordinates":[[8.69764,47.74794],[8.69761,47.74795],[8.6974,47.74797],[8.69721,47.74799],[8.69698,47.74801],[8.69683,47.74801],[8.69669,47.74802],[8.69662,47.74802],[8.69649,47.74802],[8.69635,47.74801],[8.6962,47.748],[8.69608,47.74799],[8.69598,47.74797],[8.69582,47.74796],[8.69558,47.74793],[8.69525,47.74789],[8.69498,47.74785],[8.69494,47.74785]]}},{"type":"Feature","properties":{"nr":"H15","achse":"Herblingen - Thayngen","strasse":"Bahnhofstrasse","gemeinde":"Thayngen","fkt":"VO","fkt_text":"verkehrsorientiert","tempo":50,"dtv":3314,"laerm_tag_db":75.3,"bus":true,"linien":["N76"],"haltestellen":["Thayngen, Silberberg"],"bus_anteil":1.0,"bus_text":"ja","laenge_m":93,"abschnitt":"Bahnhofstrasse","abschnitt_km":1.003,"unfaelle":13,"unf_fuss":4,"unf_velo":5,"fassaden_igw":29,"initiative":true,"gegenvorschlag":true,"vorlage":"initiative"},"geometry":{"type":"LineString","coordinates":[[8.69884,47.74771],[8.69862,47.74776],[8.69843,47.7478],[8.69825,47.74784],[8.69809,47.74787],[8.69792,47.7479],[8.69785,47.74791],[8.69776,47.74792],[8.69764,47.74794]]}},{"type":"Feature","properties":{"nr":"H15","achse":"Herblingen - Thayngen","strasse":"Bahnhofstrasse","gemeinde":"Thayngen","fkt":"VO","fkt_text":"verkehrsorientiert","tempo":50,"dtv":3314,"laerm_tag_db":75.3,"bus":true,"linien":["N76"],"haltestellen":["Thayngen, Silberberg"],"bus_anteil":1.0,"bus_text":"ja","laenge_m":102,"abschnitt":"Bahnhofstrasse","abschnitt_km":1.003,"unfaelle":13,"unf_fuss":4,"unf_velo":5,"fassaden_igw":29,"initiative":true,"gegenvorschlag":true,"vorlage":"initiative"},"geometry":{"type":"LineString","coordinates":[[8.70015,47.74749],[8.70001,47.74751],[8.69985,47.74752],[8.69964,47.74755],[8.69947,47.74757],[8.69928,47.74761],[8.69918,47.74763],[8.69884,47.74771]]}},{"type":"Feature","properties":{"nr":"H15","achse":"Herblingen - Thayngen","strasse":"Bahnhofstrasse","gemeinde":"Thayngen","fkt":"VO","fkt_text":"verkehrsorientiert","tempo":50,"dtv":3314,"laerm_tag_db":75.5,"bus":true,"linien":["N76"],"haltestellen":[],"bus_anteil":1.0,"bus_text":"ja","laenge_m":155,"abschnitt":"Bahnhofstrasse","abschnitt_km":1.003,"unfaelle":13,"unf_fuss":4,"unf_velo":5,"fassaden_igw":29,"initiative":true,"gegenvorschlag":true,"vorlage":"initiative"},"geometry":{"type":"LineString","coordinates":[[8.7009,47.74637],[8.70086,47.74657],[8.70074,47.74711],[8.70071,47.74727],[8.70068,47.74732],[8.70065,47.74737],[8.7006,47.74741],[8.70055,47.74743],[8.7005,47.74746],[8.70044,47.74747],[8.70035,47.74748],[8.70015,47.74749]]}},{"type":"Feature","properties":{"nr":"H15","achse":"Herblingen - Thayngen","strasse":"Bahnhofstrasse","gemeinde":"Thayngen","fkt":"VO","fkt_text":"verkehrsorientiert","tempo":50,"dtv":3314,"laerm_tag_db":75.3,"bus":true,"linien":["N76"],"haltestellen":[],"bus_anteil":1.0,"bus_text":"ja","laenge_m":49,"abschnitt":"Bahnhofstrasse","abschnitt_km":1.003,"unfaelle":13,"unf_fuss":4,"unf_velo":5,"fassaden_igw":29,"initiative":true,"gegenvorschlag":true,"vorlage":"initiative"},"geometry":{"type":"LineString","coordinates":[[8.70104,47.74593],[8.70101,47.74597],[8.70099,47.746],[8.70096,47.74608],[8.70093,47.74622],[8.7009,47.74637]]}},{"type":"Feature","properties":{"nr":"H15","achse":"Herblingen - Thayngen","strasse":"Bahnhofstrasse","gemeinde":"Thayngen","fkt":"VO","fkt_text":"verkehrsorientiert","tempo":50,"dtv":3314,"laerm_tag_db":75.3,"bus":true,"linien":["24","N76"],"haltestellen":["Thayngen, Bahnhof"],"bus_anteil":1.0,"bus_text":"ja","laenge_m":299,"abschnitt":"Bahnhofstrasse","abschnitt_km":1.003,"unfaelle":13,"unf_fuss":4,"unf_velo":5,"fassaden_igw":29,"initiative":true,"gegenvorschlag":true,"vorlage":"initiative"},"geometry":{"type":"LineString","coordinates":[[8.70497,47.74574],[8.70488,47.74575],[8.70475,47.74577],[8.7046,47.74579],[8.70452,47.7458],[8.70441,47.7458],[8.70415,47.7458],[8.70395,47.74579],[8.70383,47.7458],[8.70369,47.7458],[8.70357,47.74581],[8.70347,47.74582],[8.7034,47.74583],[8.70328,47.74584],[8.70303,47.74584],[8.70266,47.74584],[8.70174,47.74584],[8.70137,47.74584],[8.7013,47.74584],[8.70124,47.74585],[8.70118,47.74586],[8.70114,47.74587],[8.7011,47.74589],[8.70107,47.74591],[8.70104,47.74593]]}},{"type":"Feature","properties":{"nr":"741","achse":"Thayngen Zentrum - Auen","strasse":"Biberstrasse","gemeinde":"Thayngen","fkt":"SO","fkt_text":"siedlungsorientiert","tempo":50,"dtv":3635,"laerm_tag_db":75.7,"bus":true,"linien":["24","N76"],"haltestellen":[],"bus_anteil":1.0,"bus_text":"ja","laenge_m":94,"abschnitt":"Biberstrasse","abschnitt_km":1.555,"unfaelle":16,"unf_fuss":4,"unf_velo":7,"fassaden_igw":2,"initiative":true,"gegenvorschlag":false,"vorlage":"initiative"},"geometry":{"type":"LineString","coordinates":[[8.70646,47.74596],[8.70655,47.74605],[8.70667,47.74617],[8.7068,47.74634],[8.70681,47.74637],[8.70684,47.74642],[8.70694,47.74656],[8.70702,47.74672]]}},{"type":"Feature","properties":{"nr":"741","achse":"Thayngen Zentrum - Auen","strasse":"Biberstrasse","gemeinde":"Thayngen","fkt":"SO","fkt_text":"siedlungsorientiert","tempo":50,"dtv":3635,"laerm_tag_db":75.8,"bus":true,"linien":["24","N76"],"haltestellen":[],"bus_anteil":1.0,"bus_text":"ja","laenge_m":57,"abschnitt":"Biberstrasse","abschnitt_km":1.555,"unfaelle":16,"unf_fuss":4,"unf_velo":7,"fassaden_igw":2,"initiative":true,"gegenvorschlag":false,"vorlage":"initiative"},"geometry":{"type":"LineString","coordinates":[[8.70702,47.74672],[8.70707,47.74683],[8.70711,47.74693],[8.70712,47.74698],[8.70713,47.74701],[8.70713,47.74705],[8.70712,47.74712],[8.70709,47.74722]]}},{"type":"Feature","properties":{"nr":"741","achse":"Thayngen Zentrum - Auen","strasse":"Biberstrasse","gemeinde":"Thayngen","fkt":"SO","fkt_text":"siedlungsorientiert","tempo":50,"dtv":3635,"laerm_tag_db":75.7,"bus":true,"linien":["24","N76"],"haltestellen":["Thayngen, Weierli"],"bus_anteil":1.0,"bus_text":"ja","laenge_m":326,"abschnitt":"Biberstrasse","abschnitt_km":1.555,"unfaelle":16,"unf_fuss":4,"unf_velo":7,"fassaden_igw":2,"initiative":true,"gegenvorschlag":false,"vorlage":"initiative"},"geometry":{"type":"LineString","coordinates":[[8.70709,47.74722],[8.70707,47.74734],[8.70706,47.74739],[8.70704,47.74743],[8.70701,47.74751],[8.70689,47.74775],[8.70675,47.74807],[8.7066,47.74838],[8.70652,47.74857],[8.70648,47.74865],[8.70643,47.74876],[8.70639,47.74884],[8.70632,47.74894],[8.70631,47.74896],[8.70624,47.74906],[8.70616,47.74915],[8.70608,47.74925],[8.70594,47.74942],[8.70575,47.74963],[8.70567,47.7497],[8.70559,47.7498],[8.70549,47.74992]]}},{"type":"Feature","properties":{"nr":"743","achse":"Thayngen - Barzheim","strasse":"Barzheimerstrasse","gemeinde":"Thayngen","fkt":"SO","fkt_text":"siedlungsorientiert","tempo":50,"dtv":3691,"laerm_tag_db":76.0,"bus":true,"linien":["24"],"haltestellen":[],"bus_anteil":1.0,"bus_text":"ja","laenge_m":209,"abschnitt":"Barzheimerstrasse","abschnitt_km":0.809,"unfaelle":3,"unf_fuss":1,"unf_velo":2,"fassaden_igw":4,"initiative":true,"gegenvorschlag":false,"vorlage":"initiative"},"geometry":{"type":"LineString","coordinates":[[8.70584,47.7512],[8.70584,47.75129],[8.70585,47.75134],[8.70585,47.75144],[8.70584,47.75159],[8.70582,47.75181],[8.70581,47.75194],[8.70581,47.75195],[8.7058,47.75208],[8.70577,47.75242],[8.70575,47.75262],[8.70575,47.75272],[8.70577,47.75279],[8.70579,47.75282],[8.70581,47.75289],[8.70585,47.75294],[8.70589,47.75299],[8.70593,47.75304],[8.70594,47.75305]]}},{"type":"Feature","properties":{"nr":"H331","achse":"Thayngen - Büsslingen","strasse":"Hauptstrasse","gemeinde":"Thayngen","fkt":"VO","fkt_text":"verkehrsorientiert","tempo":50,"dtv":2071,"laerm_tag_db":73.0,"bus":true,"linien":["24"],"haltestellen":[],"bus_anteil":0.75,"bus_text":"teilweise","laenge_m":325,"abschnitt":"Hauptstrasse","abschnitt_km":1.235,"unfaelle":1,"unf_fuss":0,"unf_velo":0,"fassaden_igw":0,"initiative":true,"gegenvorschlag":true,"vorlage":"initiative"},"geometry":{"type":"LineString","coordinates":[[8.67709,47.77339],[8.67706,47.77341],[8.67695,47.77345],[8.67686,47.7735],[8.67663,47.77359],[8.67646,47.77366],[8.6763,47.77371],[8.67614,47.77375],[8.676,47.77379],[8.6756,47.7739],[8.67536,47.77396],[8.67448,47.77419],[8.67421,47.77426],[8.67379,47.77438],[8.67312,47.77456]]}},{"type":"Feature","properties":{"nr":"736","achse":"Opfersthofen - Landesgrenze","strasse":"Dorfstrasse","gemeinde":"Thayngen","fkt":"SO","fkt_text":"siedlungsorientiert","tempo":50,"dtv":260,"laerm_tag_db":59.3,"bus":true,"linien":["24"],"haltestellen":["Altdorf SH, Dorf"],"bus_anteil":1.0,"bus_text":"ja","laenge_m":52,"abschnitt":"Dorfstrasse","abschnitt_km":0.937,"unfaelle":4,"unf_fuss":1,"unf_velo":2,"fassaden_igw":0,"initiative":true,"gegenvorschlag":false,"vorlage":"initiative"},"geometry":{"type":"LineString","coordinates":[[8.65948,47.78424],[8.65952,47.7843],[8.65955,47.78437],[8.65965,47.78454],[8.65968,47.78458],[8.65971,47.78461],[8.65973,47.78463],[8.65977,47.78465]]}},{"type":"Feature","properties":{"nr":"736","achse":"Opfersthofen - Landesgrenze","strasse":"Dorfstrasse","gemeinde":"Thayngen","fkt":"SO","fkt_text":"siedlungsorientiert","tempo":50,"dtv":260,"laerm_tag_db":59.5,"bus":true,"linien":["24"],"haltestellen":[],"bus_anteil":1.0,"bus_text":"ja","laenge_m":50,"abschnitt":"Dorfstrasse","abschnitt_km":0.937,"unfaelle":4,"unf_fuss":1,"unf_velo":2,"fassaden_igw":0,"initiative":true,"gegenvorschlag":false,"vorlage":"initiative"},"geometry":{"type":"LineString","coordinates":[[8.65888,47.78408],[8.65906,47.78411],[8.6593,47.78415],[8.65937,47.78416],[8.65942,47.78418],[8.65946,47.78421],[8.65948,47.78424]]}},{"type":"Feature","properties":{"nr":"736","achse":"Opfersthofen - Landesgrenze","strasse":"Dorfstrasse","gemeinde":"Thayngen","fkt":"SO","fkt_text":"siedlungsorientiert","tempo":50,"dtv":260,"laerm_tag_db":59.3,"bus":true,"linien":["24"],"haltestellen":[],"bus_anteil":1.0,"bus_text":"ja","laenge_m":47,"abschnitt":"Dorfstrasse","abschnitt_km":0.937,"unfaelle":4,"unf_fuss":1,"unf_velo":2,"fassaden_igw":0,"initiative":true,"gegenvorschlag":false,"vorlage":"initiative"},"geometry":{"type":"LineString","coordinates":[[8.6584,47.78386],[8.6585,47.78388],[8.65854,47.78389],[8.65857,47.78391],[8.65859,47.78393],[8.65861,47.78396],[8.65862,47.78398],[8.65864,47.78401],[8.65866,47.78403],[8.65868,47.78404],[8.65871,47.78405],[8.65877,47.78406],[8.65888,47.78408]]}},{"type":"Feature","properties":{"nr":"738","achse":"Lohn - Hofen","strasse":"Dorfstrasse","gemeinde":"Thayngen","fkt":"SO","fkt_text":"siedlungsorientiert","tempo":50,"dtv":672,"laerm_tag_db":64.3,"bus":true,"linien":["24"],"haltestellen":["Opfertshofen SH, Dorf"],"bus_anteil":1.0,"bus_text":"ja","laenge_m":99,"abschnitt":"Dorfstrasse","abschnitt_km":0.937,"unfaelle":4,"unf_fuss":1,"unf_velo":2,"fassaden_igw":0,"initiative":true,"gegenvorschlag":false,"vorlage":"initiative"},"geometry":{"type":"LineString","coordinates":[[8.66208,47.77821],[8.66204,47.77811],[8.66203,47.77805],[8.66203,47.778],[8.66203,47.77795],[8.66204,47.77792],[8.66207,47.77788],[8.66211,47.77783],[8.66223,47.77771],[8.6623,47.77765],[8.66233,47.77761],[8.66235,47.77757],[8.66236,47.77752],[8.66237,47.77746],[8.66237,47.77739]]}},{"type":"Feature","properties":{"nr":"738","achse":"Lohn - Hofen","strasse":"Dorfstrasse","gemeinde":"Thayngen","fkt":"SO","fkt_text":"siedlungsorientiert","tempo":50,"dtv":672,"laerm_tag_db":64.4,"bus":true,"linien":["24"],"haltestellen":[],"bus_anteil":1.0,"bus_text":"ja","laenge_m":233,"abschnitt":"Dorfstrasse","abschnitt_km":0.937,"unfaelle":4,"unf_fuss":1,"unf_velo":2,"fassaden_igw":0,"initiative":true,"gegenvorschlag":false,"vorlage":"initiative"},"geometry":{"type":"LineString","coordinates":[[8.66237,47.77739],[8.66233,47.77728],[8.66229,47.77718],[8.66225,47.7771],[8.66221,47.77704],[8.66215,47.77698],[8.66211,47.77694],[8.66201,47.77688],[8.66191,47.77682],[8.66176,47.77673],[8.66166,47.77666],[8.6615,47.77656],[8.6613,47.77643],[8.66115,47.77633],[8.66107,47.77627],[8.661,47.77621],[8.66093,47.77615],[8.66085,47.77607],[8.66074,47.77596],[8.66057,47.77579],[8.66053,47.77575]]}},{"type":"Feature","properties":{"nr":"733","achse":"Schweizersbild  -Lohn","strasse":"Ausserdorf","gemeinde":"Lohn (SH)","fkt":"SO","fkt_text":"siedlungsorientiert","tempo":50,"dtv":2607,"laerm_tag_db":74.3,"bus":true,"linien":["24"],"haltestellen":["Lohn SH, Kreuz"],"bus_anteil":1.0,"bus_text":"ja","laenge_m":124,"abschnitt":"Ausserdorf","abschnitt_km":0.222,"unfaelle":0,"unf_fuss":0,"unf_velo":0,"fassaden_igw":1,"initiative":true,"gegenvorschlag":false,"vorlage":"initiative"},"geometry":{"type":"LineString","coordinates":[[8.66975,47.75584],[8.66958,47.75571],[8.66944,47.7556],[8.66924,47.75545],[8.66899,47.75524],[8.66887,47.75514],[8.66884,47.75511],[8.66882,47.75508],[8.66879,47.75506],[8.66878,47.75505],[8.66867,47.755]]}},{"type":"Feature","properties":{"nr":"734","achse":"Thayngen - Lohn","strasse":"Vorderdorf","gemeinde":"Lohn (SH)","fkt":"SO","fkt_text":"siedlungsorientiert","tempo":50,"dtv":707,"laerm_tag_db":64.7,"bus":true,"linien":["24"],"haltestellen":[],"bus_anteil":1.0,"bus_text":"ja","laenge_m":86,"abschnitt":"Vorderdorf","abschnitt_km":0.395,"unfaelle":0,"unf_fuss":0,"unf_velo":0,"fassaden_igw":0,"initiative":true,"gegenvorschlag":false,"vorlage":"initiative"},"geometry":{"type":"LineString","coordinates":[[8.67143,47.75655],[8.67146,47.75654],[8.67148,47.75653],[8.67151,47.75652],[8.67155,47.75648],[8.67159,47.75646],[8.67165,47.75643],[8.67171,47.75639],[8.67178,47.75635],[8.67183,47.75632],[8.67187,47.75628],[8.67194,47.75621],[8.67217,47.75597]]}},{"type":"Feature","properties":{"nr":"734","achse":"Thayngen - Lohn","strasse":"Vorderdorf","gemeinde":"Lohn (SH)","fkt":"SO","fkt_text":"siedlungsorientiert","tempo":50,"dtv":707,"laerm_tag_db":65.5,"bus":true,"linien":["24"],"haltestellen":[],"bus_anteil":0.27,"bus_text":"teilweise","laenge_m":28,"abschnitt":"Vorderdorf","abschnitt_km":0.395,"unfaelle":0,"unf_fuss":0,"unf_velo":0,"fassaden_igw":0,"initiative":true,"gegenvorschlag":false,"vorlage":"initiative"},"geometry":{"type":"LineString","coordinates":[[8.67217,47.75597],[8.67222,47.75591],[8.67228,47.75586],[8.67235,47.75579],[8.67239,47.75576]]}},{"type":"Feature","properties":{"nr":"604","achse":"Steinenkreuz - Buchberg","strasse":"Dorfstrasse","gemeinde":"Buchberg","fkt":"SO","fkt_text":"siedlungsorientiert","tempo":50,"dtv":1837,"laerm_tag_db":73.2,"bus":true,"linien":["675"],"haltestellen":[],"bus_anteil":1.0,"bus_text":"ja","laenge_m":102,"abschnitt":"Dorfstrasse","abschnitt_km":0.524,"unfaelle":2,"unf_fuss":1,"unf_velo":0,"fassaden_igw":1,"initiative":true,"gegenvorschlag":false,"vorlage":"initiative"},"geometry":{"type":"LineString","coordinates":[[8.56441,47.57339],[8.5645,47.57345],[8.56462,47.57351],[8.56473,47.57358],[8.56485,47.57365],[8.56504,47.57375],[8.56517,47.57382],[8.56535,47.57394],[8.56542,47.57399]]}},{"type":"Feature","properties":{"nr":"747","achse":"Büsingen - Randegg","strasse":"Neudörflingerstrasse","gemeinde":"Dörflingen","fkt":"SO","fkt_text":"siedlungsorientiert","tempo":50,"dtv":3208,"laerm_tag_db":75.1,"bus":true,"linien":["25"],"haltestellen":["Dörflingen, Neuhus"],"bus_anteil":1.0,"bus_text":"ja","laenge_m":405,"abschnitt":"Neudörflingerstrasse","abschnitt_km":0.657,"unfaelle":1,"unf_fuss":0,"unf_velo":1,"fassaden_igw":12,"initiative":true,"gegenvorschlag":false,"vorlage":"initiative"},"geometry":{"type":"LineString","coordinates":[[8.72112,47.70905],[8.72114,47.70906],[8.72139,47.70928],[8.72161,47.70948],[8.72179,47.70963],[8.72185,47.70968],[8.72188,47.70972],[8.72189,47.70974],[8.72194,47.70983],[8.72205,47.71001],[8.72222,47.71035],[8.72228,47.71047],[8.72231,47.71054],[8.72233,47.71059],[8.72233,47.71064],[8.72234,47.71068],[8.72234,47.71078],[8.72236,47.71093],[8.72238,47.71104],[8.72239,47.71114],[8.72241,47.71123],[8.72242,47.71128],[8.72244,47.71133],[8.72246,47.71138],[8.72248,47.71142],[8.7225,47.71147],[8.72253,47.71152],[8.72255,47.71157],[8.72261,47.71166],[8.72267,47.71176],[8.72284,47.71202],[8.72291,47.71212],[8.72294,47.71217],[8.72296,47.71222],[8.72297,47.71226],[8.72299,47.71239]]}},{"type":"Feature","properties":{"nr":"748","achse":"Dörflingen - H329","strasse":"Dorfstrasse","gemeinde":"Dörflingen","fkt":"SO","fkt_text":"siedlungsorientiert","tempo":50,"dtv":1315,"laerm_tag_db":70.2,"bus":true,"linien":["25"],"haltestellen":["Dörflingen, Kirche"],"bus_anteil":1.0,"bus_text":"ja","laenge_m":146,"abschnitt":"Dorfstrasse","abschnitt_km":0.582,"unfaelle":0,"unf_fuss":0,"unf_velo":0,"fassaden_igw":1,"initiative":true,"gegenvorschlag":false,"vorlage":"initiative"},"geometry":{"type":"LineString","coordinates":[[8.72069,47.70637],[8.72089,47.70634],[8.72104,47.70632],[8.72117,47.70631],[8.72141,47.7063],[8.72158,47.70628],[8.72179,47.70624],[8.72206,47.7062],[8.7224,47.70613],[8.72253,47.70611],[8.72259,47.70609]]}},{"type":"Feature","properties":{"nr":"748","achse":"Dörflingen - H329","strasse":"Dorfstrasse","gemeinde":"Dörflingen","fkt":"SO","fkt_text":"siedlungsorientiert","tempo":50,"dtv":1315,"laerm_tag_db":70.2,"bus":true,"linien":["25"],"haltestellen":["Dörflingen, Kirche"],"bus_anteil":1.0,"bus_text":"ja","laenge_m":158,"abschnitt":"Dorfstrasse","abschnitt_km":0.582,"unfaelle":0,"unf_fuss":0,"unf_velo":0,"fassaden_igw":1,"initiative":true,"gegenvorschlag":false,"vorlage":"initiative"},"geometry":{"type":"LineString","coordinates":[[8.72259,47.70609],[8.72271,47.70606],[8.7228,47.70603],[8.72289,47.70599],[8.72304,47.70592],[8.72318,47.70585],[8.72335,47.70576],[8.72348,47.7057],[8.72362,47.70564],[8.72372,47.70557],[8.72382,47.7055],[8.72392,47.7054],[8.72402,47.70528],[8.72412,47.70516]]}},{"type":"Feature","properties":{"nr":"748","achse":"Dörflingen - H329","strasse":"Dorfstrasse","gemeinde":"Dörflingen","fkt":"SO","fkt_text":"siedlungsorientiert","tempo":50,"dtv":1315,"laerm_tag_db":70.9,"bus":true,"linien":["25"],"haltestellen":[],"bus_anteil":1.0,"bus_text":"ja","laenge_m":150,"abschnitt":"Dorfstrasse","abschnitt_km":0.582,"unfaelle":0,"unf_fuss":0,"unf_velo":0,"fassaden_igw":1,"initiative":true,"gegenvorschlag":false,"vorlage":"initiative"},"geometry":{"type":"LineString","coordinates":[[8.72412,47.70516],[8.72417,47.70511],[8.72422,47.70502],[8.72416,47.70498],[8.72407,47.70492],[8.72398,47.70485],[8.72383,47.70474],[8.72374,47.70467],[8.72367,47.70463],[8.7236,47.70458],[8.72352,47.70454],[8.72338,47.70448],[8.72324,47.70443],[8.72309,47.70437],[8.72286,47.70429],[8.72285,47.70429]]}},{"type":"Feature","properties":{"nr":"747","achse":"Büsingen - Randegg","strasse":"Büsingerstrasse","gemeinde":"Dörflingen","fkt":"SO","fkt_text":"siedlungsorientiert","tempo":50,"dtv":1724,"laerm_tag_db":72.6,"bus":true,"linien":["25"],"haltestellen":["Dörflingen, Post"],"bus_anteil":1.0,"bus_text":"ja","laenge_m":141,"abschnitt":"Büsingerstrasse","abschnitt_km":0.437,"unfaelle":3,"unf_fuss":0,"unf_velo":2,"fassaden_igw":2,"initiative":true,"gegenvorschlag":false,"vorlage":"initiative"},"geometry":{"type":"LineString","coordinates":[[8.71762,47.70685],[8.71769,47.70686],[8.71775,47.70688],[8.71784,47.7069],[8.71793,47.70691],[8.71807,47.70694],[8.71821,47.70696],[8.71832,47.70697],[8.71871,47.70703],[8.71886,47.70705],[8.7189,47.70706],[8.71893,47.70706],[8.71897,47.70707],[8.719,47.70708],[8.71904,47.70709],[8.71907,47.7071],[8.7191,47.70711],[8.7192,47.70715],[8.71927,47.70717],[8.71933,47.70721],[8.71939,47.70723]]}},{"type":"Feature","properties":{"nr":"747","achse":"Büsingen - Randegg","strasse":"Büsingerstrasse","gemeinde":"Dörflingen","fkt":"SO","fkt_text":"siedlungsorientiert","tempo":50,"dtv":1724,"laerm_tag_db":72.7,"bus":true,"linien":["25"],"haltestellen":["Dörflingen, Unterberg"],"bus_anteil":1.0,"bus_text":"ja","laenge_m":242,"abschnitt":"Büsingerstrasse","abschnitt_km":0.437,"unfaelle":3,"unf_fuss":0,"unf_velo":2,"fassaden_igw":2,"initiative":true,"gegenvorschlag":false,"vorlage":"initiative"},"geometry":{"type":"LineString","coordinates":[[8.71474,47.70591],[8.71481,47.70594],[8.71504,47.70605],[8.71519,47.70612],[8.71537,47.7062],[8.71557,47.70628],[8.71578,47.70636],[8.71598,47.70642],[8.71617,47.70648],[8.71674,47.70662],[8.71726,47.70676],[8.71751,47.70682],[8.71762,47.70685]]}},{"type":"Feature","properties":{"nr":"73","achse":"Hallau - Neunkirch","strasse":"Namenlos","gemeinde":"Neunkirch","fkt":"VO","fkt_text":"verkehrsorientiert","tempo":50,"dtv":5668,"laerm_tag_db":77.8,"bus":true,"linien":["N77"],"haltestellen":[],"bus_anteil":1.0,"bus_text":"ja","laenge_m":75,"abschnitt":"","abschnitt_km":null,"unfaelle":null,"unf_fuss":null,"unf_velo":null,"fassaden_igw":null,"initiative":true,"gegenvorschlag":true,"vorlage":"initiative"},"geometry":{"type":"LineString","coordinates":[[8.50155,47.68855],[8.50168,47.68846],[8.5018,47.68841],[8.50189,47.68837],[8.50204,47.68833],[8.50215,47.68832],[8.50224,47.68831],[8.50232,47.6883],[8.5024,47.68828],[8.50244,47.68827]]}},{"type":"Feature","properties":{"nr":"73","achse":"Hallau - Neunkirch","strasse":"Namenlos","gemeinde":"Neunkirch","fkt":"VO","fkt_text":"verkehrsorientiert","tempo":50,"dtv":5668,"laerm_tag_db":77.5,"bus":true,"linien":["N77"],"haltestellen":[],"bus_anteil":1.0,"bus_text":"ja","laenge_m":47,"abschnitt":"","abschnitt_km":null,"unfaelle":null,"unf_fuss":null,"unf_velo":null,"fassaden_igw":null,"initiative":true,"gegenvorschlag":true,"vorlage":"initiative"},"geometry":{"type":"LineString","coordinates":[[8.50123,47.68891],[8.50128,47.68886],[8.50135,47.68879],[8.50144,47.68866],[8.50155,47.68855]]}},{"type":"Feature","properties":{"nr":"73","achse":"Hallau - Neunkirch","strasse":"Namenlos","gemeinde":"Neunkirch","fkt":"VO","fkt_text":"verkehrsorientiert","tempo":50,"dtv":5668,"laerm_tag_db":77.6,"bus":true,"linien":["N77"],"haltestellen":[],"bus_anteil":1.0,"bus_text":"ja","laenge_m":40,"abschnitt":"","abschnitt_km":null,"unfaelle":null,"unf_fuss":null,"unf_velo":null,"fassaden_igw":null,"initiative":true,"gegenvorschlag":true,"vorlage":"initiative"},"geometry":{"type":"LineString","coordinates":[[8.50244,47.68827],[8.50248,47.68827],[8.50255,47.68824],[8.50269,47.68818],[8.50288,47.68808]]}},{"type":"Feature","properties":{"nr":"H13","achse":"Neuhausen - Erzingen","strasse":"Grosser Letten","gemeinde":"Neunkirch","fkt":"VO","fkt_text":"verkehrsorientiert","tempo":50,"dtv":6331,"laerm_tag_db":78.1,"bus":true,"linien":["N77"],"haltestellen":[],"bus_anteil":0.14,"bus_text":"teilweise","laenge_m":34,"abschnitt":"Grosser Letten","abschnitt_km":0.611,"unfaelle":4,"unf_fuss":0,"unf_velo":0,"fassaden_igw":10,"initiative":true,"gegenvorschlag":true,"vorlage":"initiative"},"geometry":{"type":"LineString","coordinates":[[8.50173,47.68823],[8.50168,47.68826],[8.50157,47.68832],[8.50144,47.68839],[8.50137,47.68842]]}},{"type":"Feature","properties":{"nr":"711","achse":"Neunkirch - Siblingen","strasse":"Gächlingerstrasse","gemeinde":"Neunkirch","fkt":"SO","fkt_text":"siedlungsorientiert","tempo":50,"dtv":2481,"laerm_tag_db":74.4,"bus":true,"linien":["21"],"haltestellen":[],"bus_anteil":1.0,"bus_text":"ja","laenge_m":124,"abschnitt":"Gächlingerstrasse","abschnitt_km":0.451,"unfaelle":1,"unf_fuss":0,"unf_velo":1,"fassaden_igw":0,"initiative":true,"gegenvorschlag":false,"vorlage":"initiative"},"geometry":{"type":"LineString","coordinates":[[8.50101,47.69186],[8.50097,47.69207],[8.50096,47.69213],[8.50092,47.69236],[8.50089,47.69259],[8.50086,47.69278],[8.50086,47.69281],[8.50084,47.69297]]}},{"type":"Feature","properties":{"nr":"711","achse":"Neunkirch - Siblingen","strasse":"Gächlingerstrasse","gemeinde":"Neunkirch","fkt":"SO","fkt_text":"siedlungsorientiert","tempo":50,"dtv":2481,"laerm_tag_db":74.4,"bus":true,"linien":["21"],"haltestellen":[],"bus_anteil":1.0,"bus_text":"ja","laenge_m":117,"abschnitt":"Gächlingerstrasse","abschnitt_km":0.451,"unfaelle":1,"unf_fuss":0,"unf_velo":1,"fassaden_igw":0,"initiative":true,"gegenvorschlag":false,"vorlage":"initiative"},"geometry":{"type":"LineString","coordinates":[[8.50084,47.69297],[8.5008,47.69319],[8.50079,47.69328],[8.50078,47.69337],[8.50078,47.69343],[8.50078,47.69349],[8.50079,47.69358],[8.50081,47.69372],[8.50086,47.69402]]}},{"type":"Feature","properties":{"nr":"711","achse":"Neunkirch - Siblingen","strasse":"Neunkircherstrasse","gemeinde":"Gächlingen","fkt":"SO","fkt_text":"siedlungsorientiert","tempo":50,"dtv":2481,"laerm_tag_db":74.4,"bus":true,"linien":["21"],"haltestellen":[],"bus_anteil":1.0,"bus_text":"ja","laenge_m":271,"abschnitt":"Neunkircherstrasse","abschnitt_km":0.129,"unfaelle":0,"unf_fuss":0,"unf_velo":0,"fassaden_igw":0,"initiative":true,"gegenvorschlag":false,"vorlage":"initiative"},"geometry":{"type":"LineString","coordinates":[[8.50005,47.69978],[8.49998,47.69984],[8.49986,47.69992],[8.49964,47.70008],[8.4996,47.70011],[8.49935,47.7003],[8.49914,47.70046],[8.49901,47.70057],[8.49893,47.70064],[8.49886,47.7007],[8.49882,47.70075],[8.49879,47.70079],[8.49868,47.70096],[8.49851,47.70121],[8.49839,47.70139],[8.4983,47.70153],[8.49824,47.70162],[8.49819,47.70171],[8.49818,47.70176],[8.49817,47.70179],[8.49817,47.70182]]}},{"type":"Feature","properties":{"nr":"708","achse":"Neunkirch - Oberhallauerberg","strasse":"Mitteldorfstrasse","gemeinde":"Oberhallau","fkt":"SO","fkt_text":"siedlungsorientiert","tempo":50,"dtv":1249,"laerm_tag_db":69.6,"bus":true,"linien":["N77"],"haltestellen":["Oberhallau, Trottengasse"],"bus_anteil":1.0,"bus_text":"ja","laenge_m":184,"abschnitt":"Mitteldorfstrasse","abschnitt_km":0.043,"unfaelle":0,"unf_fuss":0,"unf_velo":0,"fassaden_igw":0,"initiative":true,"gegenvorschlag":false,"vorlage":"initiative"},"geometry":{"type":"LineString","coordinates":[[8.47867,47.70421],[8.4787,47.70418],[8.47873,47.70413],[8.47874,47.70412],[8.47875,47.70409],[8.47876,47.70406],[8.4788,47.70402],[8.47886,47.70396],[8.47895,47.70387],[8.47905,47.70378],[8.47911,47.70372],[8.47915,47.70365],[8.47919,47.70358],[8.47922,47.70352],[8.47925,47.70344],[8.47927,47.70338],[8.47934,47.70319],[8.4794,47.70301],[8.47941,47.70297],[8.47945,47.7029],[8.47948,47.70284],[8.47949,47.70283],[8.47953,47.70277],[8.47959,47.7027],[8.47959,47.70269]]}},{"type":"Feature","properties":{"nr":"71","achse":"Wilchingen - Jestetten","strasse":"In der Gasse","gemeinde":"Wilchingen","fkt":"VO","fkt_text":"verkehrsorientiert","tempo":50,"dtv":2759,"laerm_tag_db":74.7,"bus":true,"linien":["27","N77"],"haltestellen":[],"bus_anteil":1.0,"bus_text":"ja","laenge_m":387,"abschnitt":"In der Gasse","abschnitt_km":0.207,"unfaelle":2,"unf_fuss":0,"unf_velo":2,"fassaden_igw":2,"initiative":true,"gegenvorschlag":true,"vorlage":"initiative"},"geometry":{"type":"LineString","coordinates":[[8.46875,47.66525],[8.46876,47.66518],[8.46876,47.66511],[8.46875,47.66504],[8.46875,47.66495],[8.46874,47.66487],[8.46872,47.66479],[8.46871,47.66474],[8.4687,47.66468],[8.46869,47.66461],[8.46864,47.66445],[8.46862,47.66438],[8.46859,47.66432],[8.46855,47.66423],[8.46843,47.66398],[8.46841,47.66394],[8.46838,47.66386],[8.46837,47.6638],[8.46837,47.66374],[8.46839,47.66367],[8.46842,47.66361],[8.46845,47.66354],[8.46851,47.66348],[8.46856,47.66343],[8.46861,47.66338],[8.46868,47.66333],[8.46876,47.66328],[8.46886,47.66323],[8.46894,47.6632],[8.46897,47.66319],[8.46907,47.66317],[8.46915,47.66315],[8.46926,47.66314],[8.46935,47.66314],[8.46945,47.66315],[8.46955,47.66316],[8.46961,47.66317],[8.46969,47.66318],[8.46976,47.66318],[8.46983,47.66318],[8.46991,47.66318],[8.47,47.66317],[8.47009,47.66317],[8.47016,47.66316],[8.47027,47.66315],[8.47037,47.66313],[8.47045,47.66312],[8.47055,47.6631],[8.47065,47.66307],[8.47074,47.66304]]}},{"type":"Feature","properties":{"nr":"71","achse":"Wilchingen - Jestetten","strasse":"In der Gasse","gemeinde":"Wilchingen","fkt":"VO","fkt_text":"verkehrsorientiert","tempo":50,"dtv":2759,"laerm_tag_db":75.0,"bus":true,"linien":["27","N77"],"haltestellen":[],"bus_anteil":1.0,"bus_text":"ja","laenge_m":67,"abschnitt":"In der Gasse","abschnitt_km":0.207,"unfaelle":2,"unf_fuss":0,"unf_velo":2,"fassaden_igw":2,"initiative":true,"gegenvorschlag":true,"vorlage":"initiative"},"geometry":{"type":"LineString","coordinates":[[8.4687,47.66586],[8.4687,47.66583],[8.4687,47.6658],[8.4687,47.66578],[8.4687,47.66574],[8.46874,47.66539],[8.46875,47.66532],[8.46875,47.66525]]}},{"type":"Feature","properties":{"nr":"605","achse":"Gyrengrüebli - Rüdlingen","strasse":"Dorfstrasse","gemeinde":"Rüdlingen","fkt":"SO","fkt_text":"siedlungsorientiert","tempo":50,"dtv":388,"laerm_tag_db":61.3,"bus":true,"linien":["675"],"haltestellen":[],"bus_anteil":1.0,"bus_text":"ja","laenge_m":98,"abschnitt":"Dorfstrasse","abschnitt_km":0.428,"unfaelle":1,"unf_fuss":0,"unf_velo":0,"fassaden_igw":0,"initiative":true,"gegenvorschlag":false,"vorlage":"initiative"},"geometry":{"type":"LineString","coordinates":[[8.57063,47.58174],[8.57083,47.58145],[8.5709,47.58134],[8.57096,47.58126],[8.57105,47.58115],[8.57111,47.58108],[8.57122,47.58095]]}},{"type":"Feature","properties":{"nr":"605","achse":"Gyrengrüebli - Rüdlingen","strasse":"Dorfstrasse","gemeinde":"Rüdlingen","fkt":"SO","fkt_text":"siedlungsorientiert","tempo":50,"dtv":388,"laerm_tag_db":61.2,"bus":true,"linien":["675"],"haltestellen":[],"bus_anteil":1.0,"bus_text":"ja","laenge_m":52,"abschnitt":"Dorfstrasse","abschnitt_km":0.428,"unfaelle":1,"unf_fuss":0,"unf_velo":0,"fassaden_igw":0,"initiative":true,"gegenvorschlag":false,"vorlage":"initiative"},"geometry":{"type":"LineString","coordinates":[[8.57122,47.58095],[8.57126,47.5809],[8.57129,47.58085],[8.57135,47.58068],[8.57138,47.58058],[8.57141,47.58051]]}},{"type":"Feature","properties":{"nr":"605","achse":"Gyrengrüebli - Rüdlingen","strasse":"Dorfstrasse","gemeinde":"Rüdlingen","fkt":"SO","fkt_text":"siedlungsorientiert","tempo":50,"dtv":388,"laerm_tag_db":61.4,"bus":true,"linien":["675"],"haltestellen":[],"bus_anteil":1.0,"bus_text":"ja","laenge_m":99,"abschnitt":"Dorfstrasse","abschnitt_km":0.428,"unfaelle":1,"unf_fuss":0,"unf_velo":0,"fassaden_igw":0,"initiative":true,"gegenvorschlag":false,"vorlage":"initiative"},"geometry":{"type":"LineString","coordinates":[[8.57141,47.58051],[8.57145,47.58041],[8.57153,47.58029],[8.5717,47.58002],[8.57173,47.57998],[8.57181,47.57986],[8.57191,47.57969]]}},{"type":"Feature","properties":{"nr":"605","achse":"Gyrengrüebli - Rüdlingen","strasse":"Dorfstrasse","gemeinde":"Rüdlingen","fkt":"SO","fkt_text":"siedlungsorientiert","tempo":50,"dtv":388,"laerm_tag_db":61.2,"bus":true,"linien":["675"],"haltestellen":[],"bus_anteil":1.0,"bus_text":"ja","laenge_m":75,"abschnitt":"Dorfstrasse","abschnitt_km":0.428,"unfaelle":1,"unf_fuss":0,"unf_velo":0,"fassaden_igw":0,"initiative":true,"gegenvorschlag":false,"vorlage":"initiative"},"geometry":{"type":"LineString","coordinates":[[8.57191,47.57969],[8.57196,47.5796],[8.57201,47.5795],[8.57201,47.57948],[8.57205,47.57942],[8.57208,47.57938],[8.57213,47.57933],[8.57216,47.57929],[8.57218,47.57922],[8.57218,47.5792],[8.57222,47.57905]]}},{"type":"Feature","properties":{"nr":"604","achse":"Steinenkreuz - Buchberg","strasse":"Dorfstrasse","gemeinde":"Buchberg","fkt":"SO","fkt_text":"siedlungsorientiert","tempo":50,"dtv":1837,"laerm_tag_db":74.3,"bus":true,"linien":["675"],"haltestellen":[],"bus_anteil":1.0,"bus_text":"ja","laenge_m":58,"abschnitt":"Dorfstrasse","abschnitt_km":0.524,"unfaelle":2,"unf_fuss":1,"unf_velo":0,"fassaden_igw":1,"initiative":true,"gegenvorschlag":false,"vorlage":"initiative"},"geometry":{"type":"LineString","coordinates":[[8.56661,47.57487],[8.56663,47.57489],[8.56665,47.57491],[8.56666,47.57493],[8.56668,47.57495],[8.56669,47.57498],[8.5667,47.575],[8.56671,47.57502],[8.56671,47.57505],[8.56671,47.57507],[8.56672,47.57509],[8.56671,47.57512],[8.56671,47.57514],[8.5667,47.57517],[8.56669,47.57519],[8.56667,47.57524],[8.56657,47.57536]]}},{"type":"Feature","properties":{"nr":"604","achse":"Steinenkreuz - Buchberg","strasse":"Dorfstrasse","gemeinde":"Rüdlingen","fkt":"SO","fkt_text":"siedlungsorientiert","tempo":50,"dtv":1837,"laerm_tag_db":73.9,"bus":true,"linien":["675"],"haltestellen":[],"bus_anteil":1.0,"bus_text":"ja","laenge_m":33,"abschnitt":"Dorfstrasse","abschnitt_km":0.428,"unfaelle":1,"unf_fuss":0,"unf_velo":0,"fassaden_igw":0,"initiative":true,"gegenvorschlag":false,"vorlage":"initiative"},"geometry":{"type":"LineString","coordinates":[[8.56657,47.57536],[8.56649,47.57547],[8.56647,47.5755],[8.56642,47.57558],[8.56639,47.57563]]}},{"type":"Feature","properties":{"nr":"604","achse":"Steinenkreuz - Buchberg","strasse":"Dorfstrasse","gemeinde":"Buchberg","fkt":"SO","fkt_text":"siedlungsorientiert","tempo":50,"dtv":1837,"laerm_tag_db":73.3,"bus":true,"linien":["675"],"haltestellen":[],"bus_anteil":1.0,"bus_text":"ja","laenge_m":88,"abschnitt":"Dorfstrasse","abschnitt_km":0.524,"unfaelle":2,"unf_fuss":1,"unf_velo":0,"fassaden_igw":1,"initiative":true,"gegenvorschlag":false,"vorlage":"initiative"},"geometry":{"type":"LineString","coordinates":[[8.56542,47.57399],[8.56552,47.57407],[8.56565,47.57419],[8.5657,47.57424],[8.56582,47.57436],[8.56589,47.57443],[8.56593,47.57447],[8.566,47.57452],[8.56606,47.57456],[8.56615,47.5746]]}},{"type":"Feature","properties":{"nr":"H330","achse":"Stein am Rhein - Öhningen","strasse":"Rhigass","gemeinde":"Stein am Rhein","fkt":"VO","fkt_text":"verkehrsorientiert","tempo":40,"dtv":5829,"laerm_tag_db":75.1,"bus":true,"linien":["33"],"haltestellen":["Stein am Rhein, Rathaus"],"bus_anteil":1.0,"bus_text":"ja","laenge_m":91,"abschnitt":"Rhigass","abschnitt_km":0.452,"unfaelle":19,"unf_fuss":3,"unf_velo":13,"fassaden_igw":14,"initiative":true,"gegenvorschlag":true,"vorlage":"initiative"},"geometry":{"type":"LineString","coordinates":[[8.86011,47.65907],[8.8602,47.65905],[8.8603,47.65902],[8.86049,47.65894],[8.86066,47.65887],[8.86074,47.65885],[8.86076,47.65884],[8.86078,47.65884],[8.86081,47.65885],[8.86083,47.65886],[8.86084,47.65888],[8.86086,47.65891],[8.86089,47.65894],[8.8609,47.65897],[8.86092,47.659],[8.86092,47.65901],[8.86094,47.65902],[8.86097,47.65903],[8.861,47.65904],[8.86103,47.65905],[8.86106,47.65907]]}},{"type":"Feature","properties":{"nr":"H330","achse":"Stein am Rhein - Öhningen","strasse":"Rhigass","gemeinde":"Stein am Rhein","fkt":"VO","fkt_text":"verkehrsorientiert","tempo":40,"dtv":5829,"laerm_tag_db":75.1,"bus":true,"linien":["33"],"haltestellen":["Stein am Rhein, Schule"],"bus_anteil":1.0,"bus_text":"ja","laenge_m":31,"abschnitt":"Rhigass","abschnitt_km":0.452,"unfaelle":19,"unf_fuss":3,"unf_velo":13,"fassaden_igw":14,"initiative":true,"gegenvorschlag":true,"vorlage":"initiative"},"geometry":{"type":"LineString","coordinates":[[8.86106,47.65907],[8.8611,47.6591],[8.86111,47.65912],[8.86113,47.65917],[8.86114,47.65921],[8.86116,47.65925],[8.86118,47.65929],[8.8612,47.65931],[8.86121,47.65932]]}},{"type":"Feature","properties":{"nr":"H352","achse":"Kaltenbach - Stein am Rhein","strasse":"Rhigass","gemeinde":"Stein am Rhein","fkt":"VO","fkt_text":"verkehrsorientiert","tempo":40,"dtv":5829,"laerm_tag_db":75.5,"bus":true,"linien":["33"],"haltestellen":[],"bus_anteil":1.0,"bus_text":"ja","laenge_m":113,"abschnitt":"Rhigass","abschnitt_km":0.452,"unfaelle":19,"unf_fuss":3,"unf_velo":13,"fassaden_igw":14,"initiative":true,"gegenvorschlag":true,"vorlage":"initiative"},"geometry":{"type":"LineString","coordinates":[[8.85784,47.65688],[8.85796,47.65701],[8.85818,47.65724],[8.85834,47.6574],[8.85845,47.65752],[8.85849,47.65757],[8.85856,47.65765],[8.85863,47.65774]]}},{"type":"Feature","properties":{"nr":"H352","achse":"Kaltenbach - Stein am Rhein","strasse":"Kaltenbacherstrasse","gemeinde":"Stein am Rhein","fkt":"VO","fkt_text":"verkehrsorientiert","tempo":50,"dtv":5353,"laerm_tag_db":78.1,"bus":true,"linien":["33","825"],"haltestellen":[],"bus_anteil":1.0,"bus_text":"ja","laenge_m":384,"abschnitt":"Kaltenbacherstrasse","abschnitt_km":0.73,"unfaelle":10,"unf_fuss":0,"unf_velo":6,"fassaden_igw":19,"initiative":true,"gegenvorschlag":true,"vorlage":"initiative"},"geometry":{"type":"LineString","coordinates":[[8.85745,47.65508],[8.85742,47.65501],[8.85741,47.65496],[8.85738,47.65492],[8.85737,47.65489],[8.85734,47.65485],[8.85729,47.65476],[8.85725,47.65471],[8.85721,47.65466],[8.85716,47.65463],[8.85709,47.65459],[8.85699,47.65456],[8.8565,47.65441],[8.85588,47.65423],[8.85558,47.65413],[8.85549,47.6541],[8.85536,47.65404],[8.85525,47.654],[8.8551,47.65393],[8.85497,47.65386],[8.85485,47.6538],[8.85471,47.65372],[8.85461,47.65366],[8.85447,47.65355],[8.85437,47.65348],[8.85424,47.65336],[8.85419,47.65331],[8.85406,47.6532],[8.85394,47.65308],[8.85376,47.65289]]}},{"type":"Feature","properties":{"nr":"H352","achse":"Kaltenbach - Stein am Rhein","strasse":"Kaltenbacherstrasse","gemeinde":"Stein am Rhein","fkt":"VO","fkt_text":"verkehrsorientiert","tempo":50,"dtv":5353,"laerm_tag_db":78.1,"bus":true,"linien":["825"],"haltestellen":[],"bus_anteil":1.0,"bus_text":"ja","laenge_m":121,"abschnitt":"Kaltenbacherstrasse","abschnitt_km":0.73,"unfaelle":10,"unf_fuss":0,"unf_velo":6,"fassaden_igw":19,"initiative":true,"gegenvorschlag":true,"vorlage":"initiative"},"geometry":{"type":"LineString","coordinates":[[8.85376,47.65289],[8.85347,47.65259],[8.85337,47.65249],[8.85331,47.65243],[8.85319,47.65232],[8.85306,47.65222],[8.85293,47.65213],[8.85283,47.65206],[8.85278,47.65203]]}},{"type":"Feature","properties":{"nr":"H352","achse":"Kaltenbach - Stein am Rhein","strasse":"Kaltenbacherstrasse","gemeinde":"Stein am Rhein","fkt":"VO","fkt_text":"verkehrsorientiert","tempo":50,"dtv":5353,"laerm_tag_db":78.1,"bus":true,"linien":["825"],"haltestellen":[],"bus_anteil":1.0,"bus_text":"ja","laenge_m":126,"abschnitt":"Kaltenbacherstrasse","abschnitt_km":0.73,"unfaelle":10,"unf_fuss":0,"unf_velo":6,"fassaden_igw":19,"initiative":true,"gegenvorschlag":true,"vorlage":"initiative"},"geometry":{"type":"LineString","coordinates":[[8.85278,47.65203],[8.85265,47.65195],[8.85248,47.65186],[8.85222,47.65171],[8.85199,47.65159],[8.85187,47.65151],[8.85177,47.65144],[8.85169,47.65137],[8.85163,47.65132],[8.85163,47.65131],[8.85161,47.65128],[8.85158,47.65125]]}},{"type":"Feature","properties":{"nr":"H13","achse":"Wagenhausen - Schaffhausen","strasse":"Wagenhauserstrasse","gemeinde":"Stein am Rhein","fkt":"VO","fkt_text":"verkehrsorientiert","tempo":50,"dtv":6455,"laerm_tag_db":78.5,"bus":true,"linien":["33","825"],"haltestellen":[],"bus_anteil":0.96,"bus_text":"ja","laenge_m":163,"abschnitt":"Wagenhauserstrasse","abschnitt_km":0.746,"unfaelle":14,"unf_fuss":3,"unf_velo":2,"fassaden_igw":59,"initiative":true,"gegenvorschlag":true,"vorlage":"initiative"},"geometry":{"type":"LineString","coordinates":[[8.85641,47.65677],[8.85673,47.65665],[8.85699,47.65655],[8.85709,47.65651],[8.85722,47.65645],[8.8574,47.65636],[8.85752,47.65629],[8.85764,47.65623],[8.85785,47.65608],[8.85795,47.656],[8.85807,47.65586]]}},{"type":"Feature","properties":{"nr":"H332","achse":"Stein am Rhein - Heinishofen","strasse":"Langstuck","gemeinde":"Stein am Rhein","fkt":"VO","fkt_text":"verkehrsorientiert","tempo":40,"dtv":3517,"laerm_tag_db":74.4,"bus":true,"linien":["33"],"haltestellen":[],"bus_anteil":1.0,"bus_text":"ja","laenge_m":86,"abschnitt":"Langstuck","abschnitt_km":0.579,"unfaelle":7,"unf_fuss":1,"unf_velo":3,"fassaden_igw":0,"initiative":true,"gegenvorschlag":true,"vorlage":"initiative"},"geometry":{"type":"LineString","coordinates":[[8.86152,47.66017],[8.86177,47.65998],[8.86203,47.65979],[8.86211,47.65973],[8.86216,47.65967],[8.86222,47.65963],[8.86229,47.6596]]}},{"type":"Feature","properties":{"nr":"H332","achse":"Stein am Rhein - Heinishofen","strasse":"Langstuck","gemeinde":"Stein am Rhein","fkt":"VO","fkt_text":"verkehrsorientiert","tempo":40,"dtv":3517,"laerm_tag_db":74.3,"bus":true,"linien":["33"],"haltestellen":[],"bus_anteil":1.0,"bus_text":"ja","laenge_m":146,"abschnitt":"Langstuck","abschnitt_km":0.579,"unfaelle":7,"unf_fuss":1,"unf_velo":3,"fassaden_igw":0,"initiative":true,"gegenvorschlag":true,"vorlage":"initiative"},"geometry":{"type":"LineString","coordinates":[[8.86059,47.6613],[8.86062,47.6613],[8.86063,47.6613],[8.86066,47.66129],[8.8607,47.66127],[8.86072,47.66124],[8.86074,47.66121],[8.86077,47.66117],[8.86097,47.66085],[8.86115,47.66058],[8.8612,47.66051],[8.86124,47.66044],[8.8613,47.66038],[8.86138,47.6603],[8.86145,47.66023],[8.86152,47.66017]]}},{"type":"Feature","properties":{"nr":"H332","achse":"Stein am Rhein - Heinishofen","strasse":"Langstuck","gemeinde":"Stein am Rhein","fkt":"VO","fkt_text":"verkehrsorientiert","tempo":40,"dtv":3517,"laerm_tag_db":74.3,"bus":true,"linien":["33"],"haltestellen":[],"bus_anteil":1.0,"bus_text":"ja","laenge_m":119,"abschnitt":"Langstuck","abschnitt_km":0.579,"unfaelle":7,"unf_fuss":1,"unf_velo":3,"fassaden_igw":0,"initiative":true,"gegenvorschlag":true,"vorlage":"initiative"},"geometry":{"type":"LineString","coordinates":[[8.85682,47.66179],[8.85672,47.66182],[8.85648,47.6619],[8.85587,47.66213],[8.85565,47.66222],[8.85543,47.6623]]}},{"type":"Feature","properties":{"nr":"H332","achse":"Stein am Rhein - Heinishofen","strasse":"Hemishoferstrasse","gemeinde":"Stein am Rhein","fkt":"VO","fkt_text":"verkehrsorientiert","tempo":50,"dtv":3517,"laerm_tag_db":76.2,"bus":true,"linien":["33"],"haltestellen":[],"bus_anteil":1.0,"bus_text":"ja","laenge_m":122,"abschnitt":"Hemishoferstrasse","abschnitt_km":1.379,"unfaelle":12,"unf_fuss":1,"unf_velo":7,"fassaden_igw":13,"initiative":true,"gegenvorschlag":true,"vorlage":"initiative"},"geometry":{"type":"LineString","coordinates":[[8.85252,47.66323],[8.85226,47.66331],[8.85204,47.6634],[8.85187,47.66347],[8.85172,47.66354],[8.85164,47.66358],[8.85132,47.66375],[8.85116,47.66383]]}},{"type":"Feature","properties":{"nr":"H332","achse":"Stein am Rhein - Heinishofen","strasse":"Hemishoferstrasse","gemeinde":"Stein am Rhein","fkt":"VO","fkt_text":"verkehrsorientiert","tempo":50,"dtv":3517,"laerm_tag_db":76.1,"bus":true,"linien":["33"],"haltestellen":["Stein am Rhein, Strandbad"],"bus_anteil":1.0,"bus_text":"ja","laenge_m":165,"abschnitt":"Hemishoferstrasse","abschnitt_km":1.379,"unfaelle":12,"unf_fuss":1,"unf_velo":7,"fassaden_igw":13,"initiative":true,"gegenvorschlag":true,"vorlage":"initiative"},"geometry":{"type":"LineString","coordinates":[[8.85116,47.66383],[8.85094,47.66392],[8.8507,47.66402],[8.85032,47.66415],[8.85007,47.66424],[8.84967,47.66438],[8.84942,47.66447],[8.84924,47.66455]]}},{"type":"Feature","properties":{"nr":"H332","achse":"Stein am Rhein - Heinishofen","strasse":"Hemishoferstrasse","gemeinde":"Stein am Rhein","fkt":"VO","fkt_text":"verkehrsorientiert","tempo":50,"dtv":3517,"laerm_tag_db":76.2,"bus":true,"linien":["33"],"haltestellen":[],"bus_anteil":1.0,"bus_text":"ja","laenge_m":205,"abschnitt":"Hemishoferstrasse","abschnitt_km":1.379,"unfaelle":12,"unf_fuss":1,"unf_velo":7,"fassaden_igw":13,"initiative":true,"gegenvorschlag":true,"vorlage":"initiative"},"geometry":{"type":"LineString","coordinates":[[8.84804,47.66534],[8.84769,47.66559],[8.8473,47.66589],[8.84692,47.6662],[8.84665,47.66641],[8.84658,47.66647],[8.84652,47.66653],[8.8464,47.66665],[8.84628,47.66675]]}},{"type":"Feature","properties":{"nr":"H332","achse":"Stein am Rhein - Heinishofen","strasse":"Hemishoferstrasse","gemeinde":"Stein am Rhein","fkt":"VO","fkt_text":"verkehrsorientiert","tempo":50,"dtv":3517,"laerm_tag_db":76.1,"bus":true,"linien":["33"],"haltestellen":[],"bus_anteil":1.0,"bus_text":"ja","laenge_m":126,"abschnitt":"Hemishoferstrasse","abschnitt_km":1.379,"unfaelle":12,"unf_fuss":1,"unf_velo":7,"fassaden_igw":13,"initiative":true,"gegenvorschlag":true,"vorlage":"initiative"},"geometry":{"type":"LineString","coordinates":[[8.84924,47.66455],[8.84906,47.66465],[8.84885,47.66478],[8.84867,47.6649],[8.84841,47.66508],[8.84804,47.66534]]}},{"type":"Feature","properties":{"nr":"804","achse":"Wysseler - Rheinbrücke","strasse":"Hauptstrasse","gemeinde":"Hemishofen","fkt":"SO","fkt_text":"siedlungsorientiert","tempo":50,"dtv":802,"laerm_tag_db":66.9,"bus":true,"linien":["33"],"haltestellen":[],"bus_anteil":1.0,"bus_text":"ja","laenge_m":115,"abschnitt":"Hauptstrasse","abschnitt_km":1.351,"unfaelle":7,"unf_fuss":0,"unf_velo":6,"fassaden_igw":1,"initiative":true,"gegenvorschlag":false,"vorlage":"initiative"},"geometry":{"type":"LineString","coordinates":[[8.833,47.67587],[8.83273,47.6761],[8.83261,47.6762],[8.83244,47.67635],[8.83218,47.67661],[8.83209,47.6767]]}},{"type":"Feature","properties":{"nr":"804","achse":"Wysseler - Rheinbrücke","strasse":"Hauptstrasse","gemeinde":"Hemishofen","fkt":"SO","fkt_text":"siedlungsorientiert","tempo":50,"dtv":802,"laerm_tag_db":66.8,"bus":true,"linien":["33"],"haltestellen":[],"bus_anteil":1.0,"bus_text":"ja","laenge_m":49,"abschnitt":"Hauptstrasse","abschnitt_km":1.351,"unfaelle":7,"unf_fuss":0,"unf_velo":6,"fassaden_igw":1,"initiative":true,"gegenvorschlag":false,"vorlage":"initiative"},"geometry":{"type":"LineString","coordinates":[[8.83209,47.6767],[8.83198,47.67682],[8.83197,47.67684],[8.83191,47.67691],[8.83182,47.67703],[8.83178,47.67709]]}},{"type":"Feature","properties":{"nr":"804","achse":"Wysseler - Rheinbrücke","strasse":"Hauptstrasse","gemeinde":"Hemishofen","fkt":"SO","fkt_text":"siedlungsorientiert","tempo":50,"dtv":802,"laerm_tag_db":66.9,"bus":true,"linien":["33"],"haltestellen":[],"bus_anteil":1.0,"bus_text":"ja","laenge_m":51,"abschnitt":"Hauptstrasse","abschnitt_km":1.351,"unfaelle":7,"unf_fuss":0,"unf_velo":6,"fassaden_igw":1,"initiative":true,"gegenvorschlag":false,"vorlage":"initiative"},"geometry":{"type":"LineString","coordinates":[[8.83178,47.67709],[8.83157,47.67738],[8.83149,47.6775]]}},{"type":"Feature","properties":{"nr":"804","achse":"Wysseler - Rheinbrücke","strasse":"Hauptstrasse","gemeinde":"Hemishofen","fkt":"SO","fkt_text":"siedlungsorientiert","tempo":50,"dtv":802,"laerm_tag_db":66.8,"bus":true,"linien":["33"],"haltestellen":["Hemishofen, Dorf"],"bus_anteil":1.0,"bus_text":"ja","laenge_m":297,"abschnitt":"Hauptstrasse","abschnitt_km":1.351,"unfaelle":7,"unf_fuss":0,"unf_velo":6,"fassaden_igw":1,"initiative":true,"gegenvorschlag":false,"vorlage":"initiative"},"geometry":{"type":"LineString","coordinates":[[8.83149,47.6775],[8.83147,47.67754],[8.83138,47.6777],[8.83131,47.67785],[8.83126,47.678],[8.8312,47.67818],[8.83116,47.67831],[8.83107,47.67862],[8.83101,47.67888],[8.83092,47.67923],[8.83091,47.6793],[8.83087,47.67948],[8.83077,47.67993],[8.83073,47.68011]]}},{"type":"Feature","properties":{"nr":"804","achse":"Wysseler - Rheinbrücke","strasse":"Hauptstrasse","gemeinde":"Hemishofen","fkt":"SO","fkt_text":"siedlungsorientiert","tempo":50,"dtv":802,"laerm_tag_db":66.9,"bus":true,"linien":["33"],"haltestellen":[],"bus_anteil":1.0,"bus_text":"ja","laenge_m":166,"abschnitt":"Hauptstrasse","abschnitt_km":1.351,"unfaelle":7,"unf_fuss":0,"unf_velo":6,"fassaden_igw":1,"initiative":true,"gegenvorschlag":false,"vorlage":"initiative"},"geometry":{"type":"LineString","coordinates":[[8.83073,47.68011],[8.83073,47.68012],[8.83068,47.68022],[8.83049,47.68052],[8.83039,47.68069],[8.83033,47.68079],[8.83016,47.68106],[8.82989,47.68149]]}},{"type":"Feature","properties":{"nr":"H329","achse":"Schaffhausen - Ramsen","strasse":"Sonnenstrasse","gemeinde":"Ramsen","fkt":"VO","fkt_text":"verkehrsorientiert","tempo":50,"dtv":2542,"laerm_tag_db":73.9,"bus":true,"linien":["25","33"],"haltestellen":["Ramsen, Sonne"],"bus_anteil":1.0,"bus_text":"ja","laenge_m":73,"abschnitt":"Sonnenstrasse","abschnitt_km":0.733,"unfaelle":3,"unf_fuss":1,"unf_velo":2,"fassaden_igw":0,"initiative":true,"gegenvorschlag":true,"vorlage":"initiative"},"geometry":{"type":"LineString","coordinates":[[8.81263,47.70757],[8.81256,47.70751],[8.81251,47.70745],[8.81248,47.70741],[8.81233,47.70718],[8.81228,47.7071],[8.81225,47.70705],[8.81221,47.70703],[8.81217,47.707]]}},{"type":"Feature","properties":{"nr":"H329","achse":"Schaffhausen - Ramsen","strasse":"Sonnenstrasse","gemeinde":"Ramsen","fkt":"VO","fkt_text":"verkehrsorientiert","tempo":50,"dtv":2542,"laerm_tag_db":73.9,"bus":true,"linien":["25","33"],"haltestellen":["Ramsen, Sonne"],"bus_anteil":1.0,"bus_text":"ja","laenge_m":114,"abschnitt":"Sonnenstrasse","abschnitt_km":0.733,"unfaelle":3,"unf_fuss":1,"unf_velo":2,"fassaden_igw":0,"initiative":true,"gegenvorschlag":true,"vorlage":"initiative"},"geometry":{"type":"LineString","coordinates":[[8.81395,47.70808],[8.81345,47.7079],[8.81332,47.70786],[8.81285,47.70769],[8.81275,47.70764],[8.81263,47.70757]]}},{"type":"Feature","properties":{"nr":"H329","achse":"Schaffhausen - Ramsen","strasse":"Hauptstrasse","gemeinde":"Ramsen","fkt":"VO","fkt_text":"verkehrsorientiert","tempo":50,"dtv":3989,"laerm_tag_db":76.5,"bus":true,"linien":["25"],"haltestellen":["Ramsen, Brücke"],"bus_anteil":1.0,"bus_text":"ja","laenge_m":111,"abschnitt":"Hauptstrasse","abschnitt_km":0.347,"unfaelle":2,"unf_fuss":0,"unf_velo":0,"fassaden_igw":10,"initiative":true,"gegenvorschlag":true,"vorlage":"initiative"},"geometry":{"type":"LineString","coordinates":[[8.80948,47.70761],[8.80922,47.70755],[8.80905,47.70752],[8.80887,47.7075],[8.80842,47.70744],[8.80825,47.7074],[8.80805,47.70736]]}},{"type":"Feature","properties":{"nr":"801","achse":"Buch - Murbach","strasse":"Dorfstrasse","gemeinde":"Buch (SH)","fkt":"SO","fkt_text":"siedlungsorientiert","tempo":50,"dtv":390,"laerm_tag_db":61.0,"bus":true,"linien":["25"],"haltestellen":["Buch SH, Brücke"],"bus_anteil":1.0,"bus_text":"ja","laenge_m":100,"abschnitt":"Dorfstrasse","abschnitt_km":0.823,"unfaelle":2,"unf_fuss":1,"unf_velo":1,"fassaden_igw":0,"initiative":true,"gegenvorschlag":false,"vorlage":"initiative"},"geometry":{"type":"LineString","coordinates":[[8.78389,47.71728],[8.78392,47.7173],[8.784,47.71736],[8.78406,47.71743],[8.78415,47.71754],[8.78423,47.71766],[8.7843,47.71775],[8.78435,47.7178],[8.78439,47.71782],[8.78443,47.71784],[8.78452,47.71787],[8.7847,47.71794],[8.78473,47.71795]]}},{"type":"Feature","properties":{"nr":"801","achse":"Buch - Murbach","strasse":"Dorfstrasse","gemeinde":"Buch (SH)","fkt":"SO","fkt_text":"siedlungsorientiert","tempo":50,"dtv":390,"laerm_tag_db":61.1,"bus":true,"linien":["25"],"haltestellen":[],"bus_anteil":1.0,"bus_text":"ja","laenge_m":75,"abschnitt":"Dorfstrasse","abschnitt_km":0.823,"unfaelle":2,"unf_fuss":1,"unf_velo":1,"fassaden_igw":0,"initiative":true,"gegenvorschlag":false,"vorlage":"initiative"},"geometry":{"type":"LineString","coordinates":[[8.78329,47.71679],[8.78332,47.71678],[8.78338,47.71679],[8.78341,47.71681],[8.78344,47.71684],[8.78345,47.71689],[8.78347,47.71694],[8.78352,47.71701],[8.78358,47.71707],[8.78365,47.71714],[8.78373,47.71718],[8.78378,47.71721],[8.78383,47.71725],[8.78389,47.71728]]}},{"type":"Feature","properties":{"nr":"801","achse":"Buch - Murbach","strasse":"Dorfstrasse","gemeinde":"Buch (SH)","fkt":"SO","fkt_text":"siedlungsorientiert","tempo":50,"dtv":390,"laerm_tag_db":61.0,"bus":true,"linien":["25"],"haltestellen":["Buch SH, Dorf"],"bus_anteil":1.0,"bus_text":"ja","laenge_m":147,"abschnitt":"Dorfstrasse","abschnitt_km":0.823,"unfaelle":2,"unf_fuss":1,"unf_velo":1,"fassaden_igw":0,"initiative":true,"gegenvorschlag":false,"vorlage":"initiative"},"geometry":{"type":"LineString","coordinates":[[8.78175,47.71745],[8.78182,47.71734],[8.78192,47.71721],[8.78201,47.71712],[8.78208,47.71706],[8.78214,47.71702],[8.78223,47.71698],[8.78236,47.71694],[8.78248,47.71691],[8.78278,47.71687],[8.7829,47.71685],[8.78307,47.71682],[8.78322,47.71679],[8.78329,47.71679]]}},{"type":"Feature","properties":{"nr":"801","achse":"Buch - Murbach","strasse":"Dorfstrasse","gemeinde":"Buch (SH)","fkt":"SO","fkt_text":"siedlungsorientiert","tempo":50,"dtv":390,"laerm_tag_db":61.1,"bus":true,"linien":["25"],"haltestellen":[],"bus_anteil":1.0,"bus_text":"ja","laenge_m":247,"abschnitt":"Dorfstrasse","abschnitt_km":0.823,"unfaelle":2,"unf_fuss":1,"unf_velo":1,"fassaden_igw":0,"initiative":true,"gegenvorschlag":false,"vorlage":"initiative"},"geometry":{"type":"LineString","coordinates":[[8.77876,47.71693],[8.77887,47.71693],[8.77898,47.71694],[8.77908,47.71695],[8.77918,47.71696],[8.77945,47.71701],[8.77978,47.71706],[8.78031,47.71716],[8.78054,47.7172],[8.7807,47.71723],[8.7808,47.71726],[8.78087,47.71729],[8.78092,47.71731],[8.78099,47.71735],[8.78105,47.71739],[8.78113,47.71744],[8.78121,47.71748],[8.78128,47.71751],[8.78135,47.71754],[8.78142,47.71756],[8.78148,47.71757],[8.78153,47.71757],[8.78159,47.71757],[8.78163,47.71756],[8.78166,47.71754],[8.78169,47.71752],[8.78174,47.71746],[8.78175,47.71745]]}},{"type":"Feature","properties":{"nr":"801","achse":"Buch - Murbach","strasse":"Dorfstrasse","gemeinde":"Buch (SH)","fkt":"SO","fkt_text":"siedlungsorientiert","tempo":50,"dtv":390,"laerm_tag_db":61.2,"bus":true,"linien":["25"],"haltestellen":[],"bus_anteil":1.0,"bus_text":"ja","laenge_m":78,"abschnitt":"Dorfstrasse","abschnitt_km":0.823,"unfaelle":2,"unf_fuss":1,"unf_velo":1,"fassaden_igw":0,"initiative":true,"gegenvorschlag":false,"vorlage":"initiative"},"geometry":{"type":"LineString","coordinates":[[8.77778,47.71714],[8.77779,47.71714],[8.77793,47.7171],[8.77844,47.71697],[8.77849,47.71696],[8.77855,47.71695],[8.77863,47.71694],[8.77875,47.71693],[8.77876,47.71693]]}},{"type":"Feature","properties":{"nr":"H329","achse":"Schaffhausen - Ramsen","strasse":"Rheinhaldenstrasse","gemeinde":"Schaffhausen","fkt":"VO","fkt_text":"verkehrsorientiert","tempo":50,"dtv":2796,"laerm_tag_db":74.0,"bus":true,"linien":["8","25"],"haltestellen":["Schaffhausen, Lindli","Schaffhausen, Rheinbühl","Schaffhausen, Rheinhalde Mitte","Schaffhausen,Rheinhalde Grenze"],"bus_anteil":1.0,"bus_text":"ja","laenge_m":1148,"abschnitt":"Rheinhaldenstrasse","abschnitt_km":1.861,"unfaelle":16,"unf_fuss":3,"unf_velo":7,"fassaden_igw":34,"initiative":true,"gegenvorschlag":true,"vorlage":"initiative"},"geometry":{"type":"LineString","coordinates":[[8.65178,47.69243],[8.65187,47.69236],[8.65195,47.6923],[8.65201,47.69225],[8.6521,47.69217],[8.65216,47.69211],[8.65232,47.69198],[8.65247,47.69186],[8.65274,47.69162],[8.65288,47.6915],[8.6531,47.69132],[8.6533,47.69114],[8.65343,47.69103],[8.65386,47.69066],[8.6541,47.69046],[8.65436,47.69024],[8.65451,47.69012],[8.65466,47.69],[8.65478,47.68991],[8.65485,47.68985],[8.655,47.68975],[8.65517,47.68963],[8.65536,47.68951],[8.65553,47.68941],[8.6557,47.68932],[8.65608,47.68911],[8.65632,47.689],[8.65641,47.68896],[8.65659,47.68887],[8.65685,47.68877],[8.65703,47.6887],[8.65726,47.68862],[8.65746,47.68855],[8.65762,47.6885],[8.65779,47.68845],[8.65822,47.68833],[8.65837,47.68828],[8.6589,47.68813],[8.65906,47.68808],[8.65919,47.68804],[8.65933,47.68799],[8.65951,47.68792],[8.65962,47.68787],[8.65963,47.68787],[8.65986,47.68777],[8.66009,47.68766],[8.66025,47.68758],[8.66043,47.68749],[8.66054,47.68745],[8.66065,47.6874],[8.6608,47.68732],[8.66099,47.68723],[8.66113,47.68716],[8.66136,47.68705],[8.66154,47.68696],[8.66166,47.6869],[8.66178,47.68685],[8.6619,47.68681],[8.66198,47.68678],[8.66211,47.68673],[8.66225,47.68668],[8.66245,47.68662],[8.66259,47.68658],[8.66277,47.68654],[8.66281,47.68653],[8.66292,47.68651],[8.66302,47.68649],[8.66311,47.68647],[8.66318,47.68646],[8.66333,47.68644],[8.66347,47.68642],[8.66375,47.6864]]}},{"type":"Feature","properties":{"nr":"H329","achse":"Schaffhausen - Ramsen","strasse":"Rheinhaldenstrasse","gemeinde":"Schaffhausen","fkt":"VO","fkt_text":"verkehrsorientiert","tempo":50,"dtv":4648,"laerm_tag_db":76.9,"bus":true,"linien":["8","25"],"haltestellen":[],"bus_anteil":1.0,"bus_text":"ja","laenge_m":317,"abschnitt":"Rheinhaldenstrasse","abschnitt_km":1.861,"unfaelle":16,"unf_fuss":3,"unf_velo":7,"fassaden_igw":34,"initiative":true,"gegenvorschlag":true,"vorlage":"initiative"},"geometry":{"type":"LineString","coordinates":[[8.64815,47.69387],[8.64881,47.69365],[8.64907,47.69356],[8.64953,47.6934],[8.64979,47.6933],[8.65006,47.6932],[8.65037,47.69308],[8.65064,47.69298],[8.6509,47.69287],[8.65103,47.69281],[8.65118,47.69274],[8.6514,47.69263],[8.65151,47.69258],[8.65165,47.6925],[8.65178,47.69243]]}},{"type":"Feature","properties":{"nr":"H329","achse":"Schaffhausen - Ramsen","strasse":"Rheinhaldenstrasse","gemeinde":"Schaffhausen","fkt":"VO","fkt_text":"verkehrsorientiert","tempo":30,"dtv":4648,"laerm_tag_db":72.6,"bus":true,"linien":["8","25"],"haltestellen":["Schaffhausen, Rosentalgässchen"],"bus_anteil":1.0,"bus_text":"ja","laenge_m":129,"abschnitt":"Rheinhaldenstrasse","abschnitt_km":1.861,"unfaelle":16,"unf_fuss":3,"unf_velo":7,"fassaden_igw":34,"initiative":true,"gegenvorschlag":true,"vorlage":"initiative"},"geometry":{"type":"LineString","coordinates":[[8.6459,47.69473],[8.64602,47.69469],[8.64612,47.69465],[8.64625,47.69459],[8.64637,47.69453],[8.64646,47.69449],[8.64656,47.69444],[8.64666,47.6944],[8.64669,47.69439],[8.64683,47.69433],[8.647,47.69426],[8.6473,47.69414],[8.64735,47.69412]]}},{"type":"Feature","properties":{"nr":"H329","achse":"Schaffhausen - Ramsen","strasse":"Rheinhaldenstrasse","gemeinde":"Schaffhausen","fkt":"VO","fkt_text":"verkehrsorientiert","tempo":30,"dtv":4648,"laerm_tag_db":73.0,"bus":true,"linien":["6","8","25","N3"],"haltestellen":[],"bus_anteil":1.0,"bus_text":"ja","laenge_m":186,"abschnitt":"Rheinhaldenstrasse","abschnitt_km":1.861,"unfaelle":16,"unf_fuss":3,"unf_velo":7,"fassaden_igw":34,"initiative":true,"gegenvorschlag":true,"vorlage":"initiative"},"geometry":{"type":"LineString","coordinates":[[8.64381,47.69553],[8.64385,47.69545],[8.64388,47.6954],[8.64392,47.69536],[8.64397,47.69532],[8.64401,47.69529],[8.64407,47.69526],[8.64416,47.69523],[8.64427,47.6952],[8.64453,47.69513],[8.64483,47.69504],[8.64519,47.69494],[8.64533,47.6949],[8.64555,47.69483],[8.6459,47.69473]]}},{"type":"Feature","properties":{"nr":"H329","achse":"Schaffhausen - Ramsen","strasse":"Fischerhäuserstrasse","gemeinde":"Schaffhausen","fkt":"VO","fkt_text":"verkehrsorientiert","tempo":30,"dtv":8892,"laerm_tag_db":76.0,"bus":true,"linien":["6","8","25","N3"],"haltestellen":[],"bus_anteil":1.0,"bus_text":"ja","laenge_m":194,"abschnitt":"Fischerhäuserstrasse","abschnitt_km":0.357,"unfaelle":23,"unf_fuss":4,"unf_velo":8,"fassaden_igw":10,"initiative":true,"gegenvorschlag":true,"vorlage":"initiative"},"geometry":{"type":"LineString","coordinates":[[8.64118,47.69578],[8.64121,47.69578],[8.64129,47.69579],[8.64138,47.6958],[8.6415,47.69579],[8.64159,47.69578],[8.6417,47.69577],[8.64173,47.69577],[8.64184,47.69576],[8.64209,47.69575],[8.64223,47.69575],[8.64283,47.69573],[8.64308,47.69572],[8.64334,47.69571],[8.64348,47.6957],[8.64359,47.6957],[8.64368,47.6957],[8.64375,47.69571]]}},{"type":"Feature","properties":{"nr":"H4","achse":"Bargen Schaffhausen","strasse":"Bachstrasse","gemeinde":"Schaffhausen","fkt":"VO","fkt_text":"verkehrsorientiert","tempo":50,"dtv":9738,"laerm_tag_db":79.9,"bus":true,"linien":["8","25","630","632","634","N69"],"haltestellen":["Schaffhausen, Bachstrasse"],"bus_anteil":1.0,"bus_text":"ja","laenge_m":61,"abschnitt":"Bachstrasse","abschnitt_km":0.912,"unfaelle":75,"unf_fuss":5,"unf_velo":24,"fassaden_igw":146,"initiative":true,"gegenvorschlag":true,"vorlage":"initiative"},"geometry":{"type":"LineString","coordinates":[[8.63805,47.69594],[8.63804,47.69602],[8.63803,47.69605],[8.63801,47.69614],[8.63796,47.69628],[8.63791,47.69648]]}},{"type":"Feature","properties":{"nr":"721","achse":"Schaffhausen - Hemmental","strasse":"Grabenstrasse","gemeinde":"Schaffhausen","fkt":"SO","fkt_text":"siedlungsorientiert","tempo":50,"dtv":14971,"laerm_tag_db":82.0,"bus":true,"linien":["1","6","21","25","630","632","634","N3","N4","N69","N77"],"haltestellen":[],"bus_anteil":1.0,"bus_text":"ja","laenge_m":140,"abschnitt":"Grabenstrasse","abschnitt_km":0.38,"unfaelle":13,"unf_fuss":1,"unf_velo":5,"fassaden_igw":102,"initiative":true,"gegenvorschlag":false,"vorlage":"initiative"},"geometry":{"type":"LineString","coordinates":[[8.6316,47.6953],[8.6316,47.6953],[8.63161,47.69516],[8.63162,47.69498],[8.63163,47.69488],[8.63165,47.69473],[8.63172,47.69431],[8.63174,47.69419],[8.63177,47.69404]]}},{"type":"Feature","properties":{"nr":"721","achse":"Schaffhausen - Hemmental","strasse":"Nordstrasse","gemeinde":"Schaffhausen","fkt":"SO","fkt_text":"siedlungsorientiert","tempo":50,"dtv":5443,"laerm_tag_db":77.9,"bus":true,"linien":["3","4","7","22","N1","N4"],"haltestellen":["Schaffhausen, Schützenhaus"],"bus_anteil":1.0,"bus_text":"ja","laenge_m":225,"abschnitt":"Nordstrasse","abschnitt_km":1.026,"unfaelle":37,"unf_fuss":6,"unf_velo":16,"fassaden_igw":111,"initiative":true,"gegenvorschlag":false,"vorlage":"initiative"},"geometry":{"type":"LineString","coordinates":[[8.6275,47.70205],[8.62749,47.70202],[8.62748,47.70199],[8.62747,47.70197],[8.62744,47.70193],[8.62739,47.70187],[8.62717,47.70162],[8.62679,47.70122],[8.6267,47.70112],[8.6266,47.70102],[8.62655,47.70097],[8.6265,47.70089],[8.62646,47.70084],[8.62643,47.70077],[8.62639,47.7007],[8.62637,47.70063],[8.62636,47.7006],[8.62635,47.70055],[8.62634,47.70045],[8.62634,47.70041],[8.62634,47.70038],[8.62634,47.70036],[8.62632,47.70023]]}},{"type":"Feature","properties":{"nr":"76","achse":"Zentrum Schaffhausen - Schweizersbild","strasse":"Hochstrasse","gemeinde":"Schaffhausen","fkt":"VO","fkt_text":"verkehrsorientiert","tempo":50,"dtv":7066,"laerm_tag_db":78.1,"bus":true,"linien":["3","24","N2"],"haltestellen":["Schaffhausen, Cilag","Schaffhausen, Gemsstübli"],"bus_anteil":1.0,"bus_text":"ja","laenge_m":463,"abschnitt":"Hochstrasse","abschnitt_km":1.821,"unfaelle":70,"unf_fuss":11,"unf_velo":21,"fassaden_igw":174,"initiative":true,"gegenvorschlag":true,"vorlage":"initiative"},"geometry":{"type":"LineString","coordinates":[[8.63919,47.70926],[8.6392,47.70927],[8.63928,47.70938],[8.63936,47.70949],[8.63948,47.70966],[8.63956,47.70979],[8.63964,47.70992],[8.63966,47.70996],[8.63978,47.71016],[8.63984,47.71025],[8.63995,47.71043],[8.64004,47.71057],[8.64013,47.7107],[8.64025,47.71086],[8.64045,47.71115],[8.64051,47.71123],[8.64061,47.71137],[8.64086,47.71172],[8.64114,47.71211],[8.64143,47.71251],[8.64157,47.71271],[8.6416,47.71275],[8.64163,47.71279],[8.64166,47.71281],[8.6417,47.71288],[8.64178,47.71295],[8.64187,47.713]]}},{"type":"Feature","properties":{"nr":"76","achse":"Zentrum Schaffhausen - Schweizersbild","strasse":"Gemsgasse","gemeinde":"Schaffhausen","fkt":"VO","fkt_text":"verkehrsorientiert","tempo":50,"dtv":2193,"laerm_tag_db":74.5,"bus":true,"linien":["6","N2"],"haltestellen":["Schaffhausen, Spiegelgutstr."],"bus_anteil":1.0,"bus_text":"ja","laenge_m":126,"abschnitt":"Gemsgasse","abschnitt_km":1.1,"unfaelle":25,"unf_fuss":3,"unf_velo":8,"fassaden_igw":25,"initiative":true,"gegenvorschlag":true,"vorlage":"initiative"},"geometry":{"type":"LineString","coordinates":[[8.64235,47.71705],[8.64234,47.71709],[8.64234,47.71713],[8.64234,47.71718],[8.64234,47.71724],[8.64234,47.71732],[8.64236,47.71745],[8.64238,47.71757],[8.64239,47.71763],[8.64244,47.71779],[8.64246,47.71786],[8.6425,47.718],[8.64253,47.71811],[8.64254,47.71816]]}},{"type":"Feature","properties":{"nr":"H329","achse":"Schaffhausen - Ramsen","strasse":"Rheinhaldenstrasse","gemeinde":"Schaffhausen","fkt":"VO","fkt_text":"verkehrsorientiert","tempo":50,"dtv":4648,"laerm_tag_db":76.3,"bus":true,"linien":["8","25"],"haltestellen":["Schaffhausen, Rosentalgässchen"],"bus_anteil":1.0,"bus_text":"ja","laenge_m":66,"abschnitt":"Rheinhaldenstrasse","abschnitt_km":1.861,"unfaelle":16,"unf_fuss":3,"unf_velo":7,"fassaden_igw":34,"initiative":true,"gegenvorschlag":true,"vorlage":"initiative"},"geometry":{"type":"LineString","coordinates":[[8.64735,47.69412],[8.6474,47.69411],[8.64763,47.69403],[8.64808,47.6939],[8.64815,47.69387]]}},{"type":"Feature","properties":{"nr":"H329","achse":"Schaffhausen - Ramsen","strasse":"Hauptstrasse","gemeinde":"Ramsen","fkt":"VO","fkt_text":"verkehrsorientiert","tempo":50,"dtv":4198,"laerm_tag_db":76.7,"bus":true,"linien":["25"],"haltestellen":[],"bus_anteil":1.0,"bus_text":"ja","laenge_m":76,"abschnitt":"Hauptstrasse","abschnitt_km":0.347,"unfaelle":2,"unf_fuss":0,"unf_velo":0,"fassaden_igw":10,"initiative":true,"gegenvorschlag":true,"vorlage":"initiative"},"geometry":{"type":"LineString","coordinates":[[8.81009,47.70719],[8.81004,47.70721],[8.81001,47.70725],[8.80997,47.70732],[8.80988,47.70743],[8.80982,47.70751],[8.80976,47.7076],[8.80973,47.70762],[8.8097,47.70763],[8.80967,47.70764],[8.80963,47.70764],[8.80958,47.70763],[8.80948,47.70761]]}},{"type":"Feature","properties":{"nr":"H4","achse":"Bargen Schaffhausen","strasse":"Schweizersbildstrasse","gemeinde":"Schaffhausen","fkt":"VO","fkt_text":"verkehrsorientiert","tempo":50,"dtv":8251,"laerm_tag_db":79.4,"bus":true,"linien":["10"],"haltestellen":["Schaffhausen, Buchbrunnen"],"bus_anteil":1.0,"bus_text":"ja","laenge_m":123,"abschnitt":"Schweizersbildstrasse","abschnitt_km":1.775,"unfaelle":20,"unf_fuss":2,"unf_velo":7,"fassaden_igw":34,"initiative":true,"gegenvorschlag":true,"vorlage":"initiative"},"geometry":{"type":"LineString","coordinates":[[8.63962,47.72381],[8.63942,47.7239],[8.63924,47.72398],[8.63894,47.72412],[8.63862,47.72429],[8.63828,47.72446],[8.63828,47.72446]]}},{"type":"Feature","properties":{"nr":"H4-15","achse":"Schaffhausen, Schlagbaumstrasse","strasse":"Schlagbaumstrasse","gemeinde":"Schaffhausen","fkt":"VO","fkt_text":"verkehrsorientiert","tempo":50,"dtv":7500,"laerm_tag_db":77.5,"bus":true,"linien":["1","4","5","N3","N76"],"haltestellen":[],"bus_anteil":0.35,"bus_text":"teilweise","laenge_m":27,"abschnitt":"Schlagbaumstrasse","abschnitt_km":0.144,"unfaelle":3,"unf_fuss":1,"unf_velo":0,"fassaden_igw":0,"initiative":true,"gegenvorschlag":true,"vorlage":"initiative"},"geometry":{"type":"LineString","coordinates":[[8.63595,47.70014],[8.6358,47.70021],[8.63567,47.70028]]}},{"type":"Feature","properties":{"nr":"H4-05","achse":"Schaffhausen, äussere Bahnhofstrasse zwischen Adler- und Schlagbaumstr.","strasse":"Schlagbaumstrasse","gemeinde":"Schaffhausen","fkt":"VO","fkt_text":"verkehrsorientiert","tempo":50,"dtv":16950,"laerm_tag_db":81.0,"bus":true,"linien":["1","3","4","5","6","8","24","25","630","632","634","N2","N3","N69","N76"],"haltestellen":[],"bus_anteil":0.4,"bus_text":"teilweise","laenge_m":28,"abschnitt":"Schlagbaumstrasse","abschnitt_km":0.144,"unfaelle":3,"unf_fuss":1,"unf_velo":0,"fassaden_igw":0,"initiative":true,"gegenvorschlag":true,"vorlage":"initiative"},"geometry":{"type":"LineString","coordinates":[[8.63481,47.70005],[8.63473,47.69996],[8.63466,47.69989],[8.6346,47.69985]]}},{"type":"Feature","properties":{"nr":"76","achse":"Zentrum Schaffhausen - Schweizersbild","strasse":"Adlerunterführung","gemeinde":"Schaffhausen","fkt":"VO","fkt_text":"verkehrsorientiert","tempo":50,"dtv":15998,"laerm_tag_db":81.9,"bus":true,"linien":["3","6","7","21","23","24","N2","N77"],"haltestellen":[],"bus_anteil":1.0,"bus_text":"ja","laenge_m":16,"abschnitt":"Adlerunterführung","abschnitt_km":0.078,"unfaelle":12,"unf_fuss":2,"unf_velo":3,"fassaden_igw":3,"initiative":true,"gegenvorschlag":true,"vorlage":"initiative"},"geometry":{"type":"LineString","coordinates":[[8.63381,47.69991],[8.63374,47.69994],[8.63368,47.69996],[8.63362,47.69997]]}},{"type":"Feature","properties":{"nr":"H4","achse":"Bargen Schaffhausen","strasse":"Bachstrasse","gemeinde":"Schaffhausen","fkt":"VO","fkt_text":"verkehrsorientiert","tempo":50,"dtv":9738,"laerm_tag_db":77.9,"bus":true,"linien":["1","4","5","8","25","630","632","634","N3","N69","N76"],"haltestellen":[],"bus_anteil":1.0,"bus_text":"ja","laenge_m":137,"abschnitt":"Bachstrasse","abschnitt_km":0.912,"unfaelle":75,"unf_fuss":5,"unf_velo":24,"fassaden_igw":146,"initiative":true,"gegenvorschlag":true,"vorlage":"initiative"},"geometry":{"type":"LineString","coordinates":[[8.63612,47.69894],[8.63609,47.69898],[8.63602,47.69911],[8.63597,47.69924],[8.63592,47.69934],[8.63589,47.69946],[8.63585,47.6996],[8.63585,47.69969],[8.63585,47.69979],[8.63588,47.69994],[8.63591,47.70003],[8.63595,47.70014]]}},{"type":"Feature","properties":{"nr":"H4","achse":"Bargen Schaffhausen","strasse":"Bachstrasse","gemeinde":"Schaffhausen","fkt":"VO","fkt_text":"verkehrsorientiert","tempo":50,"dtv":18000,"laerm_tag_db":82.7,"bus":true,"linien":["1","4","5","N3","N76"],"haltestellen":["Schaffhausen, Feuerwehrzentrum"],"bus_anteil":1.0,"bus_text":"ja","laenge_m":32,"abschnitt":"Bachstrasse","abschnitt_km":0.912,"unfaelle":75,"unf_fuss":5,"unf_velo":24,"fassaden_igw":146,"initiative":true,"gegenvorschlag":true,"vorlage":"initiative"},"geometry":{"type":"LineString","coordinates":[[8.63651,47.70105],[8.63654,47.70115],[8.63655,47.70122],[8.6366,47.70133]]}},{"type":"Feature","properties":{"nr":"H4","achse":"Bargen Schaffhausen","strasse":"Kronenackerbrücke","gemeinde":"Schaffhausen","fkt":"VO","fkt_text":"verkehrsorientiert","tempo":50,"dtv":4474,"laerm_tag_db":77.2,"bus":true,"linien":["5","6","10","24","N76"],"haltestellen":["Schaffhausen, Falkeneck"],"bus_anteil":1.0,"bus_text":"ja","laenge_m":21,"abschnitt":"","abschnitt_km":null,"unfaelle":null,"unf_fuss":null,"unf_velo":null,"fassaden_igw":null,"initiative":true,"gegenvorschlag":true,"vorlage":"initiative"},"geometry":{"type":"LineString","coordinates":[[8.65341,47.71705],[8.65351,47.71723]]}},{"type":"Feature","properties":{"nr":"H4","achse":"Bargen Schaffhausen","strasse":"St. Peter-Brücke","gemeinde":"Schaffhausen","fkt":"VO","fkt_text":"verkehrsorientiert","tempo":50,"dtv":7328,"laerm_tag_db":78.9,"bus":true,"linien":["3","6","10","N2"],"haltestellen":[],"bus_anteil":1.0,"bus_text":"ja","laenge_m":91,"abschnitt":"St. Peter-Brücke","abschnitt_km":0.092,"unfaelle":0,"unf_fuss":0,"unf_velo":0,"fassaden_igw":4,"initiative":true,"gegenvorschlag":true,"vorlage":"initiative"},"geometry":{"type":"LineString","coordinates":[[8.64999,47.7176],[8.65023,47.71802],[8.6503,47.71814],[8.65037,47.71831],[8.6504,47.71837]]}},{"type":"Feature","properties":{"nr":"H352","achse":"Kaltenbach - Stein am Rhein","strasse":"Rhigass","gemeinde":"Stein am Rhein","fkt":"VO","fkt_text":"verkehrsorientiert","tempo":40,"dtv":5829,"laerm_tag_db":75.1,"bus":true,"linien":["33"],"haltestellen":[],"bus_anteil":1.0,"bus_text":"ja","laenge_m":113,"abschnitt":"Rhigass","abschnitt_km":0.452,"unfaelle":19,"unf_fuss":3,"unf_velo":13,"fassaden_igw":14,"initiative":true,"gegenvorschlag":true,"vorlage":"initiative"},"geometry":{"type":"LineString","coordinates":[[8.85863,47.65774],[8.8587,47.65785],[8.85895,47.65823],[8.8591,47.65846],[8.85923,47.65867]]}},{"type":"Feature","properties":{"nr":"721","achse":"Schaffhausen - Hemmental","strasse":"Grabenstrasse","gemeinde":"Schaffhausen","fkt":"SO","fkt_text":"siedlungsorientiert","tempo":50,"dtv":14971,"laerm_tag_db":82.6,"bus":true,"linien":["1","3","4","6","7","21","22","23","25","630","632","634","N1","N3","N4","N69","N77"],"haltestellen":[],"bus_anteil":1.0,"bus_text":"ja","laenge_m":29,"abschnitt":"Grabenstrasse","abschnitt_km":0.38,"unfaelle":13,"unf_fuss":1,"unf_velo":5,"fassaden_igw":102,"initiative":true,"gegenvorschlag":false,"vorlage":"initiative"},"geometry":{"type":"LineString","coordinates":[[8.63129,47.69658],[8.63136,47.69655],[8.63141,47.69652],[8.63147,47.69649],[8.6315,47.69648],[8.63154,47.69646],[8.63157,47.69643],[8.63159,47.69642]]}},{"type":"Feature","properties":{"nr":"731","achse":"Herblingen - Lohn","strasse":"Schlossstrasse","gemeinde":"Stetten (SH)","fkt":"SO","fkt_text":"siedlungsorientiert","tempo":30,"dtv":966,"laerm_tag_db":64.9,"bus":true,"linien":["24"],"haltestellen":["Stetten SH, Sonne"],"bus_anteil":1.0,"bus_text":"ja","laenge_m":156,"abschnitt":"Schlossstrasse","abschnitt_km":1.027,"unfaelle":4,"unf_fuss":0,"unf_velo":0,"fassaden_igw":0,"initiative":true,"gegenvorschlag":false,"vorlage":"initiative"},"geometry":{"type":"LineString","coordinates":[[8.66321,47.74175],[8.6632,47.74151],[8.66319,47.74136],[8.66317,47.74126],[8.66317,47.74125],[8.66317,47.74118],[8.66315,47.74108],[8.66313,47.74093],[8.66312,47.74087],[8.66311,47.74082],[8.66311,47.74077],[8.66311,47.74075],[8.66311,47.74072],[8.66312,47.74067],[8.66314,47.74054],[8.66316,47.74047],[8.66316,47.74043],[8.66316,47.7404],[8.66315,47.74038],[8.66314,47.74035]]}},{"type":"Feature","properties":{"nr":"732","achse":"Schweizersbild - Stetten","strasse":"Dorfstrasse","gemeinde":"Stetten (SH)","fkt":"SO","fkt_text":"siedlungsorientiert","tempo":50,"dtv":663,"laerm_tag_db":64.0,"bus":true,"linien":["24"],"haltestellen":["Stetten SH, Rietwis"],"bus_anteil":0.38,"bus_text":"teilweise","laenge_m":143,"abschnitt":"Dorfstrasse","abschnitt_km":0.924,"unfaelle":3,"unf_fuss":0,"unf_velo":1,"fassaden_igw":0,"initiative":true,"gegenvorschlag":false,"vorlage":"initiative"},"geometry":{"type":"LineString","coordinates":[[8.65759,47.73734],[8.65722,47.737],[8.65676,47.73659],[8.65661,47.73644],[8.6565,47.73635],[8.65646,47.73631]]}},{"type":"Feature","properties":{"nr":"731","achse":"Herblingen - Lohn","strasse":"Schlossstrasse","gemeinde":"Stetten (SH)","fkt":"SO","fkt_text":"siedlungsorientiert","tempo":50,"dtv":1530,"laerm_tag_db":72.2,"bus":true,"linien":["24"],"haltestellen":[],"bus_anteil":1.0,"bus_text":"ja","laenge_m":92,"abschnitt":"Schlossstrasse","abschnitt_km":1.027,"unfaelle":4,"unf_fuss":0,"unf_velo":0,"fassaden_igw":0,"initiative":true,"gegenvorschlag":false,"vorlage":"initiative"},"geometry":{"type":"LineString","coordinates":[[8.66275,47.7386],[8.66283,47.73879],[8.66288,47.73892],[8.66292,47.73901],[8.66299,47.73917],[8.66301,47.73922],[8.66305,47.73929],[8.66308,47.73933],[8.66309,47.73936],[8.66311,47.73939]]}},{"type":"Feature","properties":{"nr":"H14","achse":"Schaffhausen - Stühlingen","strasse":"Schaffhauserstrasse","gemeinde":"Neuhausen am Rheinfall","fkt":"VO","fkt_text":"verkehrsorientiert","tempo":50,"dtv":11568,"laerm_tag_db":80.3,"bus":true,"linien":["21","N77"],"haltestellen":[],"bus_anteil":1.0,"bus_text":"ja","laenge_m":63,"abschnitt":"Schaffhauserstrasse","abschnitt_km":1.233,"unfaelle":61,"unf_fuss":6,"unf_velo":11,"fassaden_igw":51,"initiative":true,"gegenvorschlag":true,"vorlage":"initiative"},"geometry":{"type":"LineString","coordinates":[[8.60662,47.69295],[8.60653,47.69309],[8.60647,47.69318],[8.60635,47.69328],[8.60631,47.6933],[8.60616,47.69341],[8.60616,47.69341]]}},{"type":"Feature","properties":{"nr":"H14","achse":"Schaffhausen - Stühlingen","strasse":"Schaffhauserstrasse","gemeinde":"Beringen","fkt":"VO","fkt_text":"verkehrsorientiert","tempo":50,"dtv":11568,"laerm_tag_db":79.7,"bus":true,"linien":["21","N77"],"haltestellen":[],"bus_anteil":1.0,"bus_text":"ja","laenge_m":363,"abschnitt":"Schaffhauserstrasse","abschnitt_km":1.536,"unfaelle":40,"unf_fuss":4,"unf_velo":9,"fassaden_igw":129,"initiative":true,"gegenvorschlag":true,"vorlage":"initiative"},"geometry":{"type":"LineString","coordinates":[[8.60616,47.69341],[8.60567,47.69375],[8.60531,47.694],[8.60518,47.6941],[8.60505,47.69418],[8.60494,47.69422],[8.60482,47.69426],[8.60471,47.69428],[8.60456,47.6943],[8.60444,47.6943],[8.60441,47.6943],[8.60412,47.69428],[8.60379,47.69427],[8.60367,47.69427],[8.60347,47.69426],[8.6032,47.69425],[8.60299,47.69426],[8.60284,47.69427],[8.60269,47.69429],[8.60253,47.69432],[8.60235,47.69436],[8.60188,47.69447]]}},{"type":"Feature","properties":{"nr":"H14","achse":"Schaffhausen - Stühlingen","strasse":"Schaffhauserstrasse","gemeinde":"Beringen","fkt":"VO","fkt_text":"verkehrsorientiert","tempo":50,"dtv":11568,"laerm_tag_db":79.7,"bus":true,"linien":["21","28","N77"],"haltestellen":["Beringen, Sonne"],"bus_anteil":1.0,"bus_text":"ja","laenge_m":454,"abschnitt":"Schaffhauserstrasse","abschnitt_km":1.536,"unfaelle":40,"unf_fuss":4,"unf_velo":9,"fassaden_igw":129,"initiative":true,"gegenvorschlag":true,"vorlage":"initiative"},"geometry":{"type":"LineString","coordinates":[[8.57663,47.69639],[8.5763,47.69637],[8.57608,47.69636],[8.57592,47.69637],[8.57579,47.69638],[8.57567,47.6964],[8.57553,47.69643],[8.57544,47.69646],[8.57531,47.69652],[8.5752,47.69658],[8.57511,47.69663],[8.57506,47.69668],[8.57498,47.69673],[8.5748,47.69689],[8.57464,47.69703],[8.57456,47.6971],[8.57435,47.6973],[8.5742,47.69744],[8.57412,47.69753],[8.57402,47.69762],[8.57388,47.69776],[8.57383,47.69782],[8.57377,47.69788],[8.57372,47.69794],[8.57366,47.69797],[8.57362,47.69798],[8.57357,47.69799],[8.57346,47.698],[8.57332,47.698],[8.57319,47.698],[8.57299,47.698],[8.57276,47.698],[8.57261,47.69799],[8.57251,47.69799],[8.57249,47.69798],[8.5724,47.69797],[8.57231,47.69794],[8.57222,47.69792],[8.57218,47.6979],[8.57212,47.69789],[8.57202,47.69787],[8.57192,47.69785],[8.57186,47.69784],[8.57177,47.69783],[8.57175,47.69782]]}},{"type":"Feature","properties":{"nr":"H4","achse":"Bargen Schaffhausen","strasse":"Schaffhauserstrasse","gemeinde":"Neuhausen am Rheinfall","fkt":"VO","fkt_text":"verkehrsorientiert","tempo":50,"dtv":16766,"laerm_tag_db":82.4,"bus":true,"linien":["1","21","N4","N77"],"haltestellen":[],"bus_anteil":1.0,"bus_text":"ja","laenge_m":157,"abschnitt":"Schaffhauserstrasse","abschnitt_km":1.233,"unfaelle":61,"unf_fuss":6,"unf_velo":11,"fassaden_igw":51,"initiative":true,"gegenvorschlag":true,"vorlage":"initiative"},"geometry":{"type":"LineString","coordinates":[[8.62226,47.69028],[8.6222,47.69049],[8.62209,47.69078],[8.62193,47.69104],[8.62179,47.69127],[8.62174,47.69138],[8.62171,47.69151],[8.62171,47.69163]]}},{"type":"Feature","properties":{"nr":"H330","achse":"Stein am Rhein - Öhningen","strasse":"Oehningerstrasse","gemeinde":"Stein am Rhein","fkt":"VO","fkt_text":"verkehrsorientiert","tempo":20,"dtv":3448,"laerm_tag_db":70.7,"bus":true,"linien":[],"haltestellen":["Stein am Rhein, Grenzstein"],"bus_anteil":0.0,"bus_text":"ja","laenge_m":35,"abschnitt":"Oehningerstrasse","abschnitt_km":1.181,"unfaelle":16,"unf_fuss":1,"unf_velo":11,"fassaden_igw":15,"initiative":true,"gegenvorschlag":true,"vorlage":"initiative"},"geometry":{"type":"LineString","coordinates":[[8.87539,47.66041],[8.8755,47.66041],[8.8756,47.66041],[8.87566,47.66041],[8.87575,47.6604],[8.87586,47.6604]]}}]}