{"type":"FeatureCollection","features":[{"type":"Feature","properties":{"nr":"H331","achse":"Thayngen - Büsslingen","strasse":"Hauptstrasse","gemeinde":"Thayngen","fkt":"VO","fkt_text":"verkehrsorientiert","tempo":20,"dtv":1202,"laerm_tag_db":63.8,"bus":false,"linien":[],"haltestellen":[],"bus_anteil":0.0,"bus_text":"nein","laenge_m":67,"abschnitt":"Hauptstrasse","abschnitt_km":1.235,"unfaelle":1,"unf_fuss":0,"unf_velo":0,"fassaden_igw":0,"initiative":false,"gegenvorschlag":true,"vorlage":"gegenvorschlag"},"geometry":{"type":"LineString","coordinates":[[8.68058,47.78607],[8.68077,47.78634],[8.68096,47.78662]]}},{"type":"Feature","properties":{"nr":"73","achse":"Hallau - Neunkirch","strasse":"Klettgauerplatz","gemeinde":"Neunkirch","fkt":"VO","fkt_text":"verkehrsorientiert","tempo":50,"dtv":4371,"laerm_tag_db":76.3,"bus":true,"linien":["21","N77"],"haltestellen":[],"bus_anteil":1.0,"bus_text":"ja","laenge_m":62,"abschnitt":"Klettgauerplatz","abschnitt_km":0.063,"unfaelle":2,"unf_fuss":1,"unf_velo":0,"fassaden_igw":0,"initiative":true,"gegenvorschlag":true,"vorlage":"gegenvorschlag"},"geometry":{"type":"LineString","coordinates":[[8.49695,47.69016],[8.49697,47.69015],[8.49699,47.69012],[8.49699,47.69009],[8.49698,47.69003],[8.49693,47.68974],[8.4969,47.68961]]}},{"type":"Feature","properties":{"nr":"H329","achse":"Schaffhausen - Ramsen","strasse":"Sonnenstrasse","gemeinde":"Ramsen","fkt":"VO","fkt_text":"verkehrsorientiert","tempo":50,"dtv":2542,"laerm_tag_db":73.9,"bus":true,"linien":["25","33"],"haltestellen":[],"bus_anteil":1.0,"bus_text":"ja","laenge_m":547,"abschnitt":"Sonnenstrasse","abschnitt_km":0.733,"unfaelle":3,"unf_fuss":1,"unf_velo":2,"fassaden_igw":0,"initiative":true,"gegenvorschlag":true,"vorlage":"gegenvorschlag"},"geometry":{"type":"LineString","coordinates":[[8.82106,47.70892],[8.82103,47.70891],[8.82097,47.70891],[8.8209,47.70891],[8.82082,47.7089],[8.82039,47.70888],[8.81914,47.70881],[8.81883,47.70879],[8.81794,47.70873],[8.81722,47.70869],[8.817,47.70868],[8.81658,47.70865],[8.81621,47.70863],[8.81604,47.70862],[8.8159,47.7086],[8.81573,47.70858],[8.81548,47.70854],[8.81522,47.70849],[8.81495,47.70841],[8.81458,47.70829],[8.81408,47.70812],[8.81395,47.70808]]}},{"type":"Feature","properties":{"nr":"H13","achse":"Wagenhausen - Schaffhausen","strasse":"Eschenzerstrasse","gemeinde":"Stein am Rhein","fkt":"VO","fkt_text":"verkehrsorientiert","tempo":50,"dtv":6455,"laerm_tag_db":78.5,"bus":true,"linien":["33","825"],"haltestellen":[],"bus_anteil":1.0,"bus_text":"ja","laenge_m":292,"abschnitt":"Eschenzerstrasse","abschnitt_km":0.292,"unfaelle":4,"unf_fuss":0,"unf_velo":1,"fassaden_igw":44,"initiative":true,"gegenvorschlag":true,"vorlage":"gegenvorschlag"},"geometry":{"type":"LineString","coordinates":[[8.85807,47.65586],[8.85824,47.65583],[8.85829,47.6558],[8.85837,47.65576],[8.85853,47.65561],[8.85862,47.65555],[8.85873,47.65547],[8.85896,47.6553],[8.85931,47.65505],[8.85969,47.65478],[8.85996,47.65459],[8.86024,47.65439],[8.86064,47.6541],[8.86071,47.65404],[8.86077,47.654]]}},{"type":"Feature","properties":{"nr":"H332","achse":"Rielasingen - Rheinbrücke","strasse":"Petersburg","gemeinde":"Ramsen","fkt":"VO","fkt_text":"verkehrsorientiert","tempo":50,"dtv":5708,"laerm_tag_db":77.8,"bus":true,"linien":["25","33"],"haltestellen":["Ramsen, Petersburg"],"bus_anteil":0.35,"bus_text":"teilweise","laenge_m":521,"abschnitt":"Petersburg","abschnitt_km":0.624,"unfaelle":8,"unf_fuss":0,"unf_velo":2,"fassaden_igw":2,"initiative":true,"gegenvorschlag":true,"vorlage":"gegenvorschlag"},"geometry":{"type":"LineString","coordinates":[[8.82106,47.70892],[8.82104,47.70875],[8.82101,47.70842],[8.82098,47.70814],[8.82095,47.70797],[8.82092,47.70783],[8.82088,47.70769],[8.82082,47.70752],[8.82076,47.70737],[8.82068,47.70717],[8.82062,47.70701],[8.82052,47.70677],[8.82046,47.70663],[8.82039,47.70649],[8.82033,47.70636],[8.82029,47.70624],[8.82026,47.70614],[8.82023,47.70604],[8.82021,47.70594],[8.82018,47.70579],[8.82017,47.70564],[8.82018,47.70548],[8.82019,47.70532],[8.82021,47.70515],[8.82023,47.70489],[8.82025,47.70478],[8.82029,47.70463],[8.82033,47.70447],[8.82038,47.70431]]}},{"type":"Feature","properties":{"nr":"725","achse":"Bargen Schaffhausen","strasse":"Schulstrasse","gemeinde":"Bargen (SH)","fkt":"VO","fkt_text":"verkehrsorientiert","tempo":50,"dtv":700,"laerm_tag_db":64.7,"bus":true,"linien":["23"],"haltestellen":["Bargen SH, Schinderwies"],"bus_anteil":1.0,"bus_text":"ja","laenge_m":245,"abschnitt":"Schulstrasse","abschnitt_km":0.53,"unfaelle":1,"unf_fuss":0,"unf_velo":1,"fassaden_igw":0,"initiative":true,"gegenvorschlag":true,"vorlage":"gegenvorschlag"},"geometry":{"type":"LineString","coordinates":[[8.61405,47.79145],[8.61406,47.79158],[8.61407,47.79172],[8.61409,47.79203],[8.61409,47.79208],[8.61408,47.79212],[8.61407,47.79215],[8.61405,47.79219],[8.61403,47.79221],[8.614,47.79222],[8.61397,47.79224],[8.61391,47.79226],[8.61384,47.79227],[8.61377,47.79229],[8.61369,47.79231],[8.61363,47.79234],[8.61352,47.79239],[8.61339,47.79246],[8.6133,47.79251],[8.61303,47.79262],[8.61291,47.79268],[8.6128,47.79272],[8.61268,47.79276],[8.61252,47.7928],[8.61234,47.79283],[8.61222,47.79284],[8.61215,47.79285]]}},{"type":"Feature","properties":{"nr":"H4","achse":"Bargen Schaffhausen","strasse":"Schweizersbildstrasse","gemeinde":"Schaffhausen","fkt":"VO","fkt_text":"verkehrsorientiert","tempo":50,"dtv":6765,"laerm_tag_db":78.7,"bus":true,"linien":["3","6","10","N2"],"haltestellen":["Schaffhausen, Dachsenbüel","Schaffhausen, Gräfler","Schaffhausen, Schweizersbild"],"bus_anteil":1.0,"bus_text":"ja","laenge_m":658,"abschnitt":"Schweizersbildstrasse","abschnitt_km":1.775,"unfaelle":20,"unf_fuss":2,"unf_velo":7,"fassaden_igw":34,"initiative":true,"gegenvorschlag":true,"vorlage":"gegenvorschlag"},"geometry":{"type":"LineString","coordinates":[[8.65046,47.71876],[8.65044,47.71878],[8.6504,47.71879],[8.65034,47.7188],[8.65027,47.71881],[8.65003,47.71884],[8.64977,47.71889],[8.64947,47.71897],[8.64888,47.71913],[8.64864,47.7192],[8.64791,47.71944],[8.64736,47.71965],[8.64715,47.71975],[8.64677,47.71992],[8.64653,47.72003],[8.64622,47.72021],[8.64592,47.72039],[8.64568,47.72054],[8.64546,47.72067],[8.64524,47.72083],[8.64509,47.72094],[8.64498,47.72103],[8.64474,47.72121],[8.64445,47.72146],[8.64422,47.72165],[8.64408,47.72176],[8.64393,47.72189],[8.64379,47.72198],[8.64375,47.72201],[8.64363,47.72208],[8.64349,47.72215]]}},{"type":"Feature","properties":{"nr":"H14","achse":"Schaffhausen - Stühlingen","strasse":"Schwarzwaldstrasse","gemeinde":"Schleitheim","fkt":"VO","fkt_text":"verkehrsorientiert","tempo":20,"dtv":2294,"laerm_tag_db":68.8,"bus":false,"linien":[],"haltestellen":[],"bus_anteil":0.0,"bus_text":"nein","laenge_m":137,"abschnitt":"Schwarzwaldstrasse","abschnitt_km":0.767,"unfaelle":3,"unf_fuss":0,"unf_velo":1,"fassaden_igw":0,"initiative":false,"gegenvorschlag":true,"vorlage":"gegenvorschlag"},"geometry":{"type":"LineString","coordinates":[[8.45782,47.74829],[8.45773,47.74834],[8.45737,47.74856],[8.45721,47.74866],[8.45708,47.74874],[8.45697,47.74882],[8.45687,47.74888],[8.45677,47.74893],[8.45666,47.74898],[8.45655,47.74903],[8.45643,47.74908]]}},{"type":"Feature","properties":{"nr":"76","achse":"Zentrum Schaffhausen - Schweizersbild","strasse":"Hochstrasse","gemeinde":"Schaffhausen","fkt":"VO","fkt_text":"verkehrsorientiert","tempo":50,"dtv":8671,"laerm_tag_db":79.1,"bus":true,"linien":["3","6","7","21","23","24","N2","N77"],"haltestellen":["Schaffhausen, Durach","Schaffhausen, Seidenhof"],"bus_anteil":1.0,"bus_text":"ja","laenge_m":253,"abschnitt":"Hochstrasse","abschnitt_km":1.821,"unfaelle":70,"unf_fuss":11,"unf_velo":21,"fassaden_igw":174,"initiative":true,"gegenvorschlag":true,"vorlage":"gegenvorschlag"},"geometry":{"type":"LineString","coordinates":[[8.63362,47.69997],[8.63368,47.70005],[8.63378,47.70014],[8.63403,47.70031],[8.63438,47.70051],[8.63442,47.70053],[8.63447,47.70057],[8.63453,47.70063],[8.63458,47.7007],[8.63465,47.70078],[8.63471,47.70089],[8.63475,47.70099],[8.63478,47.70114],[8.63481,47.70129],[8.63488,47.70171],[8.63492,47.70196]]}},{"type":"Feature","properties":{"nr":"76","achse":"Zentrum Schaffhausen - Schweizersbild","strasse":"Hochstrasse","gemeinde":"Schaffhausen","fkt":"VO","fkt_text":"verkehrsorientiert","tempo":50,"dtv":7066,"laerm_tag_db":78.7,"bus":true,"linien":["3","6","24","N2"],"haltestellen":["Schaffhausen, Finsterwaldstr."],"bus_anteil":1.0,"bus_text":"ja","laenge_m":155,"abschnitt":"Hochstrasse","abschnitt_km":1.821,"unfaelle":70,"unf_fuss":11,"unf_velo":21,"fassaden_igw":174,"initiative":true,"gegenvorschlag":true,"vorlage":"gegenvorschlag"},"geometry":{"type":"LineString","coordinates":[[8.63809,47.70808],[8.63816,47.70818],[8.63826,47.70829],[8.63838,47.70843],[8.63851,47.70856],[8.63861,47.70866],[8.6388,47.70885],[8.63894,47.70899],[8.63905,47.70911],[8.63913,47.7092],[8.63919,47.70926]]}},{"type":"Feature","properties":{"nr":"H329","achse":"Schaffhausen - Ramsen","strasse":"Namenlos","gemeinde":"Ramsen","fkt":"VO","fkt_text":"verkehrsorientiert","tempo":50,"dtv":2530,"laerm_tag_db":73.7,"bus":true,"linien":["25"],"haltestellen":["Ramsen, Brücke"],"bus_anteil":0.14,"bus_text":"teilweise","laenge_m":142,"abschnitt":"","abschnitt_km":null,"unfaelle":null,"unf_fuss":null,"unf_velo":null,"fassaden_igw":null,"initiative":true,"gegenvorschlag":true,"vorlage":"gegenvorschlag"},"geometry":{"type":"LineString","coordinates":[[8.80805,47.70736],[8.80797,47.70734],[8.80782,47.7073],[8.80762,47.70723],[8.80745,47.70716],[8.80722,47.70707],[8.80715,47.70705],[8.80709,47.70702],[8.80702,47.70698],[8.80698,47.70695],[8.80692,47.70692],[8.80686,47.70687],[8.80679,47.70682],[8.80673,47.70677],[8.80655,47.70661]]}},{"type":"Feature","properties":{"nr":"H15","achse":"Herblingen - Thayngen","strasse":"Herblingerstrasse","gemeinde":"Schaffhausen","fkt":"VO","fkt_text":"verkehrsorientiert","tempo":50,"dtv":4241,"laerm_tag_db":75.7,"bus":true,"linien":["5","24","N76"],"haltestellen":["Schaffhausen, Post Herblingen"],"bus_anteil":1.0,"bus_text":"ja","laenge_m":25,"abschnitt":"Herblingerstrasse","abschnitt_km":0.025,"unfaelle":2,"unf_fuss":0,"unf_velo":1,"fassaden_igw":2,"initiative":true,"gegenvorschlag":true,"vorlage":"gegenvorschlag"},"geometry":{"type":"LineString","coordinates":[[8.66244,47.72215],[8.66237,47.72211],[8.66226,47.72205],[8.66218,47.72201]]}},{"type":"Feature","properties":{"nr":"73","achse":"Hallau - Neunkirch","strasse":"Grabenstrasse","gemeinde":"Neunkirch","fkt":"VO","fkt_text":"verkehrsorientiert","tempo":50,"dtv":4892,"laerm_tag_db":77.1,"bus":true,"linien":["21","N77"],"haltestellen":["Neunkirch, Schweizerbund"],"bus_anteil":1.0,"bus_text":"ja","laenge_m":269,"abschnitt":"Grabenstrasse","abschnitt_km":0.275,"unfaelle":8,"unf_fuss":2,"unf_velo":4,"fassaden_igw":3,"initiative":true,"gegenvorschlag":true,"vorlage":"gegenvorschlag"},"geometry":{"type":"LineString","coordinates":[[8.4969,47.68961],[8.49702,47.68957],[8.49713,47.68953],[8.49724,47.6895],[8.49735,47.68948],[8.49764,47.68944],[8.49782,47.68942],[8.49795,47.68941],[8.49809,47.68941],[8.49815,47.68941],[8.49834,47.68941],[8.49854,47.68943],[8.49876,47.68944],[8.49915,47.68947],[8.4994,47.68949],[8.49969,47.68951],[8.50008,47.68952],[8.50026,47.68953],[8.50036,47.68953],[8.50042,47.68953]]}},{"type":"Feature","properties":{"nr":"H14","achse":"Schaffhausen - Stühlingen","strasse":"Hauptstrasse","gemeinde":"Siblingen","fkt":"VO","fkt_text":"verkehrsorientiert","tempo":50,"dtv":4242,"laerm_tag_db":77.1,"bus":true,"linien":["21"],"haltestellen":[],"bus_anteil":1.0,"bus_text":"ja","laenge_m":243,"abschnitt":"Hauptstrasse","abschnitt_km":1.049,"unfaelle":5,"unf_fuss":0,"unf_velo":1,"fassaden_igw":23,"initiative":true,"gegenvorschlag":true,"vorlage":"gegenvorschlag"},"geometry":{"type":"LineString","coordinates":[[8.52546,47.71158],[8.52544,47.71159],[8.5248,47.7118],[8.52427,47.71197],[8.52418,47.71201],[8.52413,47.71203],[8.52403,47.71208],[8.52395,47.71213],[8.5239,47.71218],[8.52387,47.71222],[8.52384,47.71227],[8.52381,47.71232],[8.5238,47.71236],[8.52379,47.71241],[8.52378,47.71245],[8.52377,47.71256],[8.52377,47.71264],[8.52376,47.7129],[8.52375,47.71313]]}},{"type":"Feature","properties":{"nr":"H4","achse":"Bargen Schaffhausen","strasse":"Bachstrasse","gemeinde":"Schaffhausen","fkt":"VO","fkt_text":"verkehrsorientiert","tempo":50,"dtv":10754,"laerm_tag_db":78.3,"bus":true,"linien":["1","4","5","N3","N76"],"haltestellen":["Schaffhausen, Feuerwehrzentrum"],"bus_anteil":1.0,"bus_text":"ja","laenge_m":112,"abschnitt":"Bachstrasse","abschnitt_km":0.912,"unfaelle":75,"unf_fuss":5,"unf_velo":24,"fassaden_igw":146,"initiative":true,"gegenvorschlag":true,"vorlage":"gegenvorschlag"},"geometry":{"type":"LineString","coordinates":[[8.63595,47.70014],[8.63602,47.70022],[8.63611,47.7003],[8.63616,47.70035],[8.63621,47.7004],[8.63626,47.70046],[8.63633,47.70055],[8.63638,47.70066],[8.63645,47.70086],[8.63651,47.70105]]}},{"type":"Feature","properties":{"nr":"73","achse":"Hallau - Neunkirch","strasse":"Hauptstrasse","gemeinde":"Hallau","fkt":"VO","fkt_text":"verkehrsorientiert","tempo":50,"dtv":3569,"laerm_tag_db":75.8,"bus":true,"linien":["27","N77"],"haltestellen":[],"bus_anteil":1.0,"bus_text":"ja","laenge_m":304,"abschnitt":"Hauptstrasse","abschnitt_km":0.632,"unfaelle":3,"unf_fuss":1,"unf_velo":1,"fassaden_igw":13,"initiative":true,"gegenvorschlag":true,"vorlage":"gegenvorschlag"},"geometry":{"type":"LineString","coordinates":[[8.46084,47.69813],[8.46089,47.69815],[8.46096,47.69817],[8.46103,47.69818],[8.46112,47.69818],[8.46121,47.69818],[8.46131,47.69817],[8.4614,47.69816],[8.46146,47.69815],[8.46153,47.69813],[8.46161,47.6981],[8.46166,47.69808],[8.46167,47.69808],[8.46171,47.69806],[8.46177,47.69802],[8.46183,47.69798],[8.46188,47.69794],[8.46191,47.69791],[8.46193,47.69789],[8.46196,47.69785],[8.46201,47.6978],[8.46206,47.69775],[8.46209,47.69773],[8.46213,47.6977],[8.46217,47.69769],[8.46222,47.69768],[8.46229,47.69767],[8.46236,47.69767],[8.46249,47.69767],[8.46258,47.69769],[8.46272,47.69772],[8.46289,47.69776],[8.46318,47.69783],[8.46339,47.69788],[8.46347,47.6979],[8.4635,47.69791],[8.46353,47.69792],[8.46357,47.69792],[8.46363,47.69793],[8.46369,47.69793],[8.46375,47.69793],[8.46381,47.69792],[8.46389,47.69791],[8.46397,47.6979],[8.46404,47.69787],[8.46414,47.69784],[8.4642,47.69781],[8.46426,47.69778],[8.46432,47.69774],[8.46437,47.69772],[8.4644,47.69769]]}},{"type":"Feature","properties":{"nr":"H4","achse":"Bargen Schaffhausen","strasse":"Ebnatstrasse","gemeinde":"Schaffhausen","fkt":"VO","fkt_text":"verkehrsorientiert","tempo":50,"dtv":7386,"laerm_tag_db":79.5,"bus":true,"linien":["1","5","N3","N76"],"haltestellen":[],"bus_anteil":1.0,"bus_text":"ja","laenge_m":47,"abschnitt":"Ebnatstrasse","abschnitt_km":2.434,"unfaelle":57,"unf_fuss":4,"unf_velo":9,"fassaden_igw":10,"initiative":true,"gegenvorschlag":true,"vorlage":"gegenvorschlag"},"geometry":{"type":"LineString","coordinates":[[8.63972,47.70673],[8.63981,47.70669],[8.64004,47.70663],[8.64012,47.70659],[8.64019,47.70654],[8.64023,47.70649]]}},{"type":"Feature","properties":{"nr":"H332","achse":"Rielasingen - Rheinbrücke","strasse":"Moskau","gemeinde":"Ramsen","fkt":"VO","fkt_text":"verkehrsorientiert","tempo":20,"dtv":8374,"laerm_tag_db":73.7,"bus":true,"linien":["33"],"haltestellen":[],"bus_anteil":1.0,"bus_text":"ja","laenge_m":93,"abschnitt":"Moskau","abschnitt_km":0.404,"unfaelle":7,"unf_fuss":0,"unf_velo":4,"fassaden_igw":14,"initiative":true,"gegenvorschlag":true,"vorlage":"gegenvorschlag"},"geometry":{"type":"LineString","coordinates":[[8.82278,47.71231],[8.82264,47.71203],[8.82249,47.71168],[8.82241,47.7116],[8.82233,47.71154]]}},{"type":"Feature","properties":{"nr":"H15","achse":"Herblingen - Thayngen","strasse":"Thayngerstrasse","gemeinde":"Schaffhausen","fkt":"VO","fkt_text":"verkehrsorientiert","tempo":50,"dtv":4241,"laerm_tag_db":75.9,"bus":true,"linien":["5","N76"],"haltestellen":["Schaffhausen, Berghaldenweg","Schaffhausen, Unterdorf"],"bus_anteil":1.0,"bus_text":"ja","laenge_m":359,"abschnitt":"Thayngerstrasse","abschnitt_km":0.874,"unfaelle":13,"unf_fuss":1,"unf_velo":1,"fassaden_igw":11,"initiative":true,"gegenvorschlag":true,"vorlage":"gegenvorschlag"},"geometry":{"type":"LineString","coordinates":[[8.66395,47.72674],[8.66395,47.72672],[8.66396,47.72671],[8.66396,47.7267],[8.66396,47.72668],[8.66396,47.72667],[8.66396,47.72665],[8.66396,47.72664],[8.66396,47.72661],[8.66396,47.72647],[8.66395,47.72633],[8.66394,47.72602],[8.66392,47.72563],[8.66392,47.72556],[8.66391,47.72538],[8.66391,47.72525],[8.66393,47.72515],[8.66395,47.72505],[8.66397,47.72496],[8.6641,47.72462],[8.66415,47.72447],[8.66419,47.72437],[8.66421,47.72427],[8.66424,47.72416],[8.66425,47.72403],[8.66425,47.72387],[8.66423,47.72374],[8.6642,47.72363],[8.66417,47.72354]]}},{"type":"Feature","properties":{"nr":"H14","achse":"Schaffhausen - Stühlingen","strasse":"Schleitheimerstrasse","gemeinde":"Löhningen","fkt":"VO","fkt_text":"verkehrsorientiert","tempo":50,"dtv":4242,"laerm_tag_db":77.1,"bus":true,"linien":["21"],"haltestellen":[],"bus_anteil":1.0,"bus_text":"ja","laenge_m":205,"abschnitt":"Schleitheimerstrasse","abschnitt_km":0.306,"unfaelle":3,"unf_fuss":0,"unf_velo":1,"fassaden_igw":42,"initiative":true,"gegenvorschlag":true,"vorlage":"gegenvorschlag"},"geometry":{"type":"LineString","coordinates":[[8.54813,47.70132],[8.54802,47.70135],[8.54791,47.70138],[8.54779,47.70142],[8.54763,47.70148],[8.54753,47.70152],[8.54743,47.70156],[8.54716,47.70167],[8.54662,47.70189],[8.5463,47.70202],[8.54592,47.70218],[8.54585,47.7022],[8.54577,47.70224],[8.54577,47.70224]]}},{"type":"Feature","properties":{"nr":"H4-10","achse":"Schaffhausen, äussere Bahnhofstrasse ab Schlagbaumstrasse","strasse":"Bahnhofstrasse","gemeinde":"Schaffhausen","fkt":"VO","fkt_text":"verkehrsorientiert","tempo":50,"dtv":8850,"laerm_tag_db":78.2,"bus":true,"linien":["1","4","5","N3","N76"],"haltestellen":["Schaffhausen, Feuerwehrzentrum"],"bus_anteil":0.23,"bus_text":"teilweise","laenge_m":133,"abschnitt":"Bahnhofstrasse","abschnitt_km":0.117,"unfaelle":4,"unf_fuss":0,"unf_velo":3,"fassaden_igw":0,"initiative":true,"gegenvorschlag":true,"vorlage":"gegenvorschlag"},"geometry":{"type":"LineString","coordinates":[[8.63651,47.70105],[8.63645,47.70103],[8.63635,47.701],[8.63632,47.70099],[8.63618,47.70095],[8.63611,47.70093],[8.63605,47.70092],[8.63589,47.70086],[8.63576,47.7008],[8.63551,47.70068],[8.63539,47.70062],[8.63528,47.70055],[8.63523,47.70052],[8.63519,47.70049],[8.63515,47.70044],[8.63512,47.70039],[8.6351,47.70037]]}},{"type":"Feature","properties":{"nr":"H14","achse":"Schaffhausen - Stühlingen","strasse":"Schleitheimerstrasse","gemeinde":"Löhningen","fkt":"VO","fkt_text":"verkehrsorientiert","tempo":50,"dtv":7196,"laerm_tag_db":78.5,"bus":true,"linien":["21"],"haltestellen":[],"bus_anteil":1.0,"bus_text":"ja","laenge_m":357,"abschnitt":"Schleitheimerstrasse","abschnitt_km":0.306,"unfaelle":3,"unf_fuss":0,"unf_velo":1,"fassaden_igw":42,"initiative":true,"gegenvorschlag":true,"vorlage":"gegenvorschlag"},"geometry":{"type":"LineString","coordinates":[[8.55793,47.70113],[8.55792,47.70113],[8.55777,47.70115],[8.55753,47.70118],[8.55731,47.70121],[8.55722,47.70122],[8.5571,47.70123],[8.557,47.70125],[8.55683,47.70129],[8.55654,47.70135],[8.55637,47.70139],[8.55635,47.70139],[8.55625,47.70142],[8.5561,47.70144],[8.55596,47.70146],[8.55583,47.70147],[8.55564,47.70148],[8.55543,47.70149],[8.55518,47.70149],[8.55496,47.70149],[8.5546,47.70147],[8.55426,47.70145],[8.55376,47.70141],[8.55324,47.70136]]}},{"type":"Feature","properties":{"nr":"H14","achse":"Schaffhausen - Stühlingen","strasse":"Schleitheimerstrasse","gemeinde":"Beringen","fkt":"VO","fkt_text":"verkehrsorientiert","tempo":50,"dtv":7196,"laerm_tag_db":77.9,"bus":true,"linien":["21","N77"],"haltestellen":["Beringen, Höhenweg"],"bus_anteil":1.0,"bus_text":"ja","laenge_m":371,"abschnitt":"","abschnitt_km":null,"unfaelle":null,"unf_fuss":null,"unf_velo":null,"fassaden_igw":null,"initiative":true,"gegenvorschlag":true,"vorlage":"gegenvorschlag"},"geometry":{"type":"LineString","coordinates":[[8.57175,47.69782],[8.57167,47.69782],[8.57157,47.69782],[8.57147,47.69782],[8.57133,47.69783],[8.57112,47.69785],[8.57097,47.69786],[8.57089,47.69787],[8.57075,47.69789],[8.57046,47.69794],[8.5702,47.69799],[8.56995,47.69805],[8.56979,47.6981],[8.56963,47.69816],[8.56924,47.69832],[8.569,47.69843],[8.56881,47.69851],[8.56864,47.69858],[8.56854,47.69861],[8.56843,47.69864],[8.5683,47.69867],[8.56813,47.69871],[8.56791,47.69876],[8.56784,47.69878],[8.56765,47.69882],[8.5674,47.69887],[8.56715,47.69892]]}},{"type":"Feature","properties":{"nr":"73","achse":"Hallau - Neunkirch","strasse":"Hauptstrasse","gemeinde":"Hallau","fkt":"VO","fkt_text":"verkehrsorientiert","tempo":50,"dtv":2324,"laerm_tag_db":74.3,"bus":true,"linien":["27","N77"],"haltestellen":["Hallau, Gemeindehaus"],"bus_anteil":1.0,"bus_text":"ja","laenge_m":315,"abschnitt":"Hauptstrasse","abschnitt_km":0.632,"unfaelle":3,"unf_fuss":1,"unf_velo":1,"fassaden_igw":13,"initiative":true,"gegenvorschlag":true,"vorlage":"gegenvorschlag"},"geometry":{"type":"LineString","coordinates":[[8.45728,47.69668],[8.45738,47.69675],[8.45747,47.69682],[8.4575,47.69684],[8.45754,47.69687],[8.4576,47.69691],[8.45766,47.69695],[8.45771,47.69698],[8.45776,47.69701],[8.45779,47.69702],[8.45785,47.69705],[8.45791,47.69708],[8.45798,47.69712],[8.45804,47.69715],[8.4581,47.69717],[8.45817,47.6972],[8.45824,47.69722],[8.45832,47.69726],[8.45842,47.69729],[8.45852,47.69732],[8.45859,47.69734],[8.45867,47.69736],[8.45877,47.69739],[8.45888,47.69742],[8.459,47.69745],[8.45917,47.6975],[8.45946,47.6976],[8.45952,47.69762],[8.45987,47.69773],[8.4601,47.6978],[8.46023,47.69786],[8.4603,47.69788],[8.46043,47.69794],[8.46052,47.69798],[8.46065,47.69804],[8.46077,47.6981],[8.46084,47.69813]]}},{"type":"Feature","properties":{"nr":"H331","achse":"Thayngen - Büsslingen","strasse":"Hauptstrasse","gemeinde":"Thayngen","fkt":"VO","fkt_text":"verkehrsorientiert","tempo":50,"dtv":1202,"laerm_tag_db":69.4,"bus":true,"linien":["24"],"haltestellen":["Hofen SH, Dorf"],"bus_anteil":0.27,"bus_text":"teilweise","laenge_m":614,"abschnitt":"Hauptstrasse","abschnitt_km":1.235,"unfaelle":1,"unf_fuss":0,"unf_velo":0,"fassaden_igw":0,"initiative":true,"gegenvorschlag":true,"vorlage":"gegenvorschlag"},"geometry":{"type":"LineString","coordinates":[[8.67625,47.78148],[8.67633,47.78162],[8.67644,47.78182],[8.67654,47.78202],[8.67669,47.78232],[8.6768,47.78253],[8.67689,47.7827],[8.67693,47.78278],[8.67698,47.78283],[8.67705,47.78288],[8.67714,47.78294],[8.67755,47.78318],[8.67789,47.78338],[8.67798,47.78344],[8.67814,47.78356],[8.67827,47.78369],[8.67858,47.78397],[8.6789,47.78427],[8.67921,47.78455],[8.67955,47.78486],[8.67986,47.78516],[8.68005,47.78535],[8.68014,47.78547],[8.68029,47.78566],[8.68046,47.7859],[8.68053,47.786],[8.68058,47.78607]]}},{"type":"Feature","properties":{"nr":"H4","achse":"Bargen Schaffhausen","strasse":"Zollstrasse","gemeinde":"Neuhausen am Rheinfall","fkt":"VO","fkt_text":"verkehrsorientiert","tempo":50,"dtv":10406,"laerm_tag_db":80.8,"bus":true,"linien":["1","7","21","N4","N77"],"haltestellen":["Neuhausen, Kreuzstrasse","Neuhausen, Neue Welt"],"bus_anteil":1.0,"bus_text":"ja","laenge_m":251,"abschnitt":"Zollstrasse","abschnitt_km":2.124,"unfaelle":75,"unf_fuss":19,"unf_velo":11,"fassaden_igw":23,"initiative":true,"gegenvorschlag":true,"vorlage":"gegenvorschlag"},"geometry":{"type":"LineString","coordinates":[[8.60986,47.68251],[8.61001,47.68264],[8.61014,47.68275],[8.61025,47.68283],[8.61034,47.6829],[8.61046,47.68298],[8.61059,47.68305],[8.61069,47.6831],[8.6108,47.68316],[8.6109,47.68321],[8.61101,47.68325],[8.61111,47.68328],[8.61133,47.68336],[8.61139,47.68338],[8.61162,47.68345],[8.61192,47.68354],[8.61224,47.68363],[8.61243,47.68369],[8.61261,47.68372]]}},{"type":"Feature","properties":{"nr":"H13","achse":"Neuhausen - Erzingen","strasse":"Trasadingerstrasse","gemeinde":"Wilchingen","fkt":"VO","fkt_text":"verkehrsorientiert","tempo":50,"dtv":5919,"laerm_tag_db":77.6,"bus":false,"linien":[],"haltestellen":[],"bus_anteil":0.0,"bus_text":"nein","laenge_m":491,"abschnitt":"Trasadingerstrasse","abschnitt_km":0.426,"unfaelle":2,"unf_fuss":0,"unf_velo":1,"fassaden_igw":4,"initiative":false,"gegenvorschlag":true,"vorlage":"gegenvorschlag"},"geometry":{"type":"LineString","coordinates":[[8.46835,47.67973],[8.46825,47.67969],[8.46812,47.67962],[8.46797,47.67954],[8.46785,47.67948],[8.46775,47.67943],[8.46765,47.67939],[8.46754,47.67935],[8.46752,47.67933],[8.46743,47.6793],[8.46732,47.67927],[8.46721,47.67923],[8.46708,47.67919],[8.46694,47.67916],[8.4668,47.67914],[8.46667,47.67911],[8.46653,47.67909],[8.46638,47.67906],[8.46621,47.67904],[8.46602,47.67901],[8.46581,47.67898],[8.46564,47.67895],[8.46545,47.67892],[8.46527,47.67889],[8.46507,47.67886],[8.46502,47.67885],[8.4649,47.67883],[8.46477,47.67881],[8.46474,47.67881],[8.46466,47.67879],[8.46458,47.67878],[8.46446,47.67876],[8.46433,47.67874],[8.46426,47.67873],[8.46407,47.6787],[8.46388,47.67867],[8.46381,47.67866],[8.46373,47.67865],[8.46367,47.67864],[8.4636,47.67862],[8.46351,47.6786],[8.46344,47.67858],[8.46335,47.67856],[8.46326,47.67854],[8.46313,47.6785],[8.463,47.67846],[8.46289,47.67842],[8.46284,47.6784],[8.46272,47.67836],[8.46253,47.67829],[8.46235,47.67822],[8.4623,47.6782]]}},{"type":"Feature","properties":{"nr":"H4","achse":"Bargen Schaffhausen","strasse":"Ebnatstrasse","gemeinde":"Schaffhausen","fkt":"VO","fkt_text":"verkehrsorientiert","tempo":50,"dtv":8183,"laerm_tag_db":79.2,"bus":true,"linien":["9"],"haltestellen":["Schaffhausen, Ernst Homberger-Strasse"],"bus_anteil":0.09,"bus_text":"ja","laenge_m":223,"abschnitt":"Ebnatstrasse","abschnitt_km":2.434,"unfaelle":57,"unf_fuss":4,"unf_velo":9,"fassaden_igw":10,"initiative":true,"gegenvorschlag":true,"vorlage":"gegenvorschlag"},"geometry":{"type":"LineString","coordinates":[[8.65749,47.71536],[8.65742,47.71549],[8.65732,47.71566],[8.65711,47.71607],[8.65686,47.71652],[8.65675,47.71673],[8.65646,47.71725]]}},{"type":"Feature","properties":{"nr":"76","achse":"Zentrum Schaffhausen - Schweizersbild","strasse":"Gemsgasse","gemeinde":"Schaffhausen","fkt":"VO","fkt_text":"verkehrsorientiert","tempo":50,"dtv":4274,"laerm_tag_db":75.9,"bus":true,"linien":["6","N2"],"haltestellen":["Schaffhausen, Spiegelgutstr."],"bus_anteil":1.0,"bus_text":"ja","laenge_m":350,"abschnitt":"Gemsgasse","abschnitt_km":1.1,"unfaelle":25,"unf_fuss":3,"unf_velo":8,"fassaden_igw":25,"initiative":true,"gegenvorschlag":true,"vorlage":"gegenvorschlag"},"geometry":{"type":"LineString","coordinates":[[8.64254,47.71816],[8.64256,47.71824],[8.64257,47.71836],[8.64257,47.71846],[8.64257,47.71856],[8.64257,47.71865],[8.64256,47.71874],[8.64255,47.71878],[8.64254,47.71885],[8.64252,47.71898],[8.64244,47.71936],[8.64236,47.71976],[8.64231,47.71996],[8.6423,47.72004],[8.64227,47.72017],[8.64221,47.72044],[8.64218,47.72062],[8.64216,47.7207],[8.64216,47.72078],[8.64217,47.72086],[8.64219,47.72095],[8.64224,47.72105],[8.64231,47.72115],[8.64241,47.72125]]}},{"type":"Feature","properties":{"nr":"73","achse":"Hallau - Neunkirch","strasse":"Neunkircherstrasse","gemeinde":"Hallau","fkt":"VO","fkt_text":"verkehrsorientiert","tempo":50,"dtv":3569,"laerm_tag_db":75.8,"bus":true,"linien":["27","N77"],"haltestellen":[],"bus_anteil":0.13,"bus_text":"teilweise","laenge_m":171,"abschnitt":"Neunkircherstrasse","abschnitt_km":0.345,"unfaelle":2,"unf_fuss":0,"unf_velo":1,"fassaden_igw":5,"initiative":true,"gegenvorschlag":true,"vorlage":"gegenvorschlag"},"geometry":{"type":"LineString","coordinates":[[8.4644,47.69769],[8.46444,47.69764],[8.46447,47.69761],[8.46449,47.69758],[8.4645,47.69754],[8.46451,47.69746],[8.46451,47.69742],[8.46451,47.69736],[8.46451,47.69729],[8.46453,47.6972],[8.46454,47.69712],[8.46456,47.69703],[8.46463,47.69677],[8.46464,47.69672],[8.46467,47.69664],[8.46474,47.69638],[8.46477,47.69629],[8.46481,47.69619]]}},{"type":"Feature","properties":{"nr":"H15","achse":"Herblingen - Thayngen","strasse":"Erlengasse","gemeinde":"Thayngen","fkt":"VO","fkt_text":"verkehrsorientiert","tempo":50,"dtv":5820,"laerm_tag_db":77.8,"bus":false,"linien":[],"haltestellen":[],"bus_anteil":0.0,"bus_text":"nein","laenge_m":210,"abschnitt":"Erlengasse","abschnitt_km":0.428,"unfaelle":5,"unf_fuss":0,"unf_velo":1,"fassaden_igw":0,"initiative":false,"gegenvorschlag":true,"vorlage":"gegenvorschlag"},"geometry":{"type":"LineString","coordinates":[[8.70559,47.74395],[8.70546,47.74407],[8.70537,47.74417],[8.70534,47.74422],[8.7053,47.74427],[8.70528,47.74434],[8.70526,47.74442],[8.70525,47.74448],[8.70524,47.74458],[8.70524,47.74464],[8.70526,47.74474],[8.70528,47.74478],[8.7053,47.74484],[8.70536,47.74492],[8.70542,47.745],[8.7055,47.74508],[8.70557,47.74514],[8.70567,47.74524],[8.70574,47.7453],[8.70587,47.74542],[8.70608,47.74561]]}},{"type":"Feature","properties":{"nr":"76","achse":"Zentrum Schaffhausen - Schweizersbild","strasse":"Adlerunterführung","gemeinde":"Schaffhausen","fkt":"VO","fkt_text":"verkehrsorientiert","tempo":50,"dtv":15998,"laerm_tag_db":79.9,"bus":true,"linien":["1","3","4","5","6","7","8","21","23","24","25","630","632","634","N2","N3","N69","N76","N77"],"haltestellen":[],"bus_anteil":1.0,"bus_text":"ja","laenge_m":60,"abschnitt":"Adlerunterführung","abschnitt_km":0.078,"unfaelle":12,"unf_fuss":2,"unf_velo":3,"fassaden_igw":3,"initiative":true,"gegenvorschlag":true,"vorlage":"gegenvorschlag"},"geometry":{"type":"LineString","coordinates":[[8.6346,47.69985],[8.63453,47.69984],[8.6345,47.69984],[8.63446,47.69984],[8.63428,47.69985],[8.63389,47.6999],[8.63381,47.69991]]}},{"type":"Feature","properties":{"nr":"72","achse":"Wichingen - Hallau","strasse":"Bahnhofstrasse","gemeinde":"Hallau","fkt":"VO","fkt_text":"verkehrsorientiert","tempo":50,"dtv":2091,"laerm_tag_db":73.7,"bus":true,"linien":["27","N77"],"haltestellen":["Hallau, Brugg"],"bus_anteil":1.0,"bus_text":"ja","laenge_m":837,"abschnitt":"Bahnhofstrasse","abschnitt_km":0.863,"unfaelle":4,"unf_fuss":1,"unf_velo":2,"fassaden_igw":1,"initiative":true,"gegenvorschlag":true,"vorlage":"gegenvorschlag"},"geometry":{"type":"LineString","coordinates":[[8.45898,47.68935],[8.45889,47.68955],[8.45871,47.68991],[8.45857,47.69019],[8.45848,47.69038],[8.45834,47.69072],[8.4582,47.69106],[8.45807,47.69141],[8.45799,47.69162],[8.45786,47.69201],[8.45773,47.69246],[8.45755,47.69308],[8.45751,47.69322],[8.4575,47.69329],[8.45748,47.69338],[8.45746,47.69354],[8.45746,47.69376],[8.45745,47.69387],[8.45744,47.69395],[8.45743,47.69403],[8.45742,47.69411],[8.45741,47.69419],[8.45739,47.69431],[8.45735,47.69449],[8.45731,47.69471],[8.45728,47.69485],[8.45726,47.69497],[8.45724,47.69506],[8.45722,47.69515],[8.45722,47.69519],[8.45722,47.69524],[8.45723,47.69528],[8.45723,47.69534],[8.45724,47.69539],[8.45725,47.69543],[8.45727,47.69547],[8.45729,47.69551],[8.45733,47.69558],[8.4574,47.69569],[8.45743,47.69575],[8.45745,47.69581],[8.45747,47.69585],[8.45748,47.6959],[8.45749,47.69596],[8.45748,47.696],[8.45747,47.69603],[8.45744,47.69611],[8.45741,47.69619],[8.45737,47.69627],[8.45731,47.69639],[8.45725,47.69648],[8.45723,47.69653],[8.45722,47.69656],[8.45722,47.69661],[8.45724,47.69664],[8.45728,47.69668]]}},{"type":"Feature","properties":{"nr":"72","achse":"Wichingen - Hallau","strasse":"Bahnhofstrasse","gemeinde":"Wilchingen","fkt":"VO","fkt_text":"verkehrsorientiert","tempo":50,"dtv":2091,"laerm_tag_db":73.7,"bus":true,"linien":["27","N77"],"haltestellen":[],"bus_anteil":1.0,"bus_text":"ja","laenge_m":146,"abschnitt":"Bahnhofstrasse","abschnitt_km":0.831,"unfaelle":1,"unf_fuss":0,"unf_velo":0,"fassaden_igw":0,"initiative":true,"gegenvorschlag":true,"vorlage":"gegenvorschlag"},"geometry":{"type":"LineString","coordinates":[[8.46514,47.68132],[8.46523,47.68143],[8.4653,47.68152],[8.4654,47.68164],[8.46546,47.68171],[8.46551,47.68178],[8.46554,47.68186],[8.46555,47.6819],[8.46555,47.68195],[8.46555,47.68199],[8.46554,47.68203],[8.46553,47.68208],[8.4655,47.68212],[8.46548,47.68216],[8.46545,47.68219],[8.46542,47.68222],[8.46538,47.68225],[8.46534,47.68228],[8.46529,47.68231],[8.46525,47.68233],[8.46519,47.68235],[8.46512,47.68237],[8.46502,47.68239]]}},{"type":"Feature","properties":{"nr":"73","achse":"Hallau - Neunkirch","strasse":"Hallauerstrasse","gemeinde":"Neunkirch","fkt":"VO","fkt_text":"verkehrsorientiert","tempo":50,"dtv":3569,"laerm_tag_db":75.7,"bus":false,"linien":["N77"],"haltestellen":[],"bus_anteil":0.03,"bus_text":"nein","laenge_m":563,"abschnitt":"Hallauerstrasse","abschnitt_km":0.531,"unfaelle":2,"unf_fuss":0,"unf_velo":1,"fassaden_igw":1,"initiative":false,"gegenvorschlag":true,"vorlage":"gegenvorschlag"},"geometry":{"type":"LineString","coordinates":[[8.48955,47.69089],[8.49011,47.69083],[8.49031,47.69081],[8.49102,47.69075],[8.49119,47.69073],[8.49196,47.69066],[8.49294,47.69057],[8.49392,47.69047],[8.4948,47.69039],[8.49532,47.69034],[8.49569,47.69031],[8.49624,47.69025],[8.49667,47.69021],[8.49685,47.69019],[8.49691,47.69018],[8.49694,47.69017],[8.49695,47.69016]]}},{"type":"Feature","properties":{"nr":"82","achse":"Gottmadingen - Ramsen","strasse":"Hardstrasse","gemeinde":"Buch (SH)","fkt":"VO","fkt_text":"verkehrsorientiert","tempo":50,"dtv":3000,"laerm_tag_db":75.0,"bus":false,"linien":[],"haltestellen":[],"bus_anteil":0.0,"bus_text":"nein","laenge_m":75,"abschnitt":"Hardstrasse","abschnitt_km":0.393,"unfaelle":2,"unf_fuss":0,"unf_velo":1,"fassaden_igw":0,"initiative":false,"gegenvorschlag":true,"vorlage":"gegenvorschlag"},"geometry":{"type":"LineString","coordinates":[[8.78727,47.72089],[8.78729,47.7207],[8.78729,47.72061],[8.78728,47.72046],[8.78725,47.72033],[8.78721,47.72022]]}},{"type":"Feature","properties":{"nr":"82","achse":"Gottmadingen - Ramsen","strasse":"Wattgrabenweg","gemeinde":"Ramsen","fkt":"VO","fkt_text":"verkehrsorientiert","tempo":50,"dtv":3322,"laerm_tag_db":75.3,"bus":true,"linien":["25"],"haltestellen":["Ramsen, Brücke"],"bus_anteil":1.0,"bus_text":"ja","laenge_m":67,"abschnitt":"Wattgrabenweg","abschnitt_km":0.005,"unfaelle":1,"unf_fuss":0,"unf_velo":0,"fassaden_igw":0,"initiative":true,"gegenvorschlag":true,"vorlage":"gegenvorschlag"},"geometry":{"type":"LineString","coordinates":[[8.80751,47.70784],[8.80754,47.70783],[8.80762,47.70778],[8.80768,47.70773],[8.80773,47.7077],[8.80778,47.70766],[8.80786,47.70759],[8.80792,47.70752],[8.80798,47.70745],[8.80802,47.7074],[8.80805,47.70736]]}},{"type":"Feature","properties":{"nr":"H4","achse":"Bargen Schaffhausen","strasse":"Schweizersbildstrasse","gemeinde":"Schaffhausen","fkt":"VO","fkt_text":"verkehrsorientiert","tempo":50,"dtv":8251,"laerm_tag_db":79.4,"bus":true,"linien":["6","10","N2"],"haltestellen":["Schaffhausen, Dachsenbüel"],"bus_anteil":1.0,"bus_text":"ja","laenge_m":108,"abschnitt":"Schweizersbildstrasse","abschnitt_km":1.775,"unfaelle":20,"unf_fuss":2,"unf_velo":7,"fassaden_igw":34,"initiative":true,"gegenvorschlag":true,"vorlage":"gegenvorschlag"},"geometry":{"type":"LineString","coordinates":[[8.64349,47.72215],[8.64337,47.72223],[8.64326,47.72232],[8.64321,47.72235],[8.64309,47.72241],[8.64291,47.7225],[8.64268,47.7226],[8.64236,47.72273]]}},{"type":"Feature","properties":{"nr":"H13","achse":"Neuhausen - Erzingen","strasse":"Grebenstrasse","gemeinde":"Neunkirch","fkt":"VO","fkt_text":"verkehrsorientiert","tempo":50,"dtv":9035,"laerm_tag_db":79.6,"bus":true,"linien":["N77"],"haltestellen":[],"bus_anteil":1.0,"bus_text":"ja","laenge_m":113,"abschnitt":"Grebenstrasse","abschnitt_km":0.109,"unfaelle":1,"unf_fuss":0,"unf_velo":0,"fassaden_igw":0,"initiative":true,"gegenvorschlag":true,"vorlage":"gegenvorschlag"},"geometry":{"type":"LineString","coordinates":[[8.50425,47.68769],[8.50423,47.6877],[8.50405,47.68777],[8.50361,47.68796],[8.50345,47.68801],[8.50331,47.68804],[8.50314,47.68806],[8.50288,47.68808]]}},{"type":"Feature","properties":{"nr":"H15","achse":"Herblingen - Thayngen","strasse":"Gennersbrunnerstrasse","gemeinde":"Schaffhausen","fkt":"VO","fkt_text":"verkehrsorientiert","tempo":50,"dtv":7018,"laerm_tag_db":78.6,"bus":true,"linien":["5","9","24","N76"],"haltestellen":["Schaffhausen, Post Herblingen"],"bus_anteil":1.0,"bus_text":"ja","laenge_m":195,"abschnitt":"Gennersbrunnerstrasse","abschnitt_km":0.978,"unfaelle":38,"unf_fuss":7,"unf_velo":7,"fassaden_igw":24,"initiative":true,"gegenvorschlag":true,"vorlage":"gegenvorschlag"},"geometry":{"type":"LineString","coordinates":[[8.66218,47.72201],[8.66223,47.72197],[8.66228,47.72191],[8.66229,47.72187],[8.6623,47.72175],[8.66237,47.72105],[8.66244,47.72052],[8.66243,47.72041],[8.66244,47.72028]]}},{"type":"Feature","properties":{"nr":"H14","achse":"Schaffhausen - Stühlingen","strasse":"Hauptstrasse","gemeinde":"Löhningen","fkt":"VO","fkt_text":"verkehrsorientiert","tempo":50,"dtv":6981,"laerm_tag_db":79.0,"bus":true,"linien":["21"],"haltestellen":["Löhningen, Dorf"],"bus_anteil":1.0,"bus_text":"ja","laenge_m":389,"abschnitt":"Hauptstrasse","abschnitt_km":0.389,"unfaelle":6,"unf_fuss":3,"unf_velo":0,"fassaden_igw":56,"initiative":true,"gegenvorschlag":true,"vorlage":"gegenvorschlag"},"geometry":{"type":"LineString","coordinates":[[8.55324,47.70136],[8.55304,47.70133],[8.55288,47.70131],[8.55266,47.70128],[8.55253,47.70126],[8.55241,47.70124],[8.55225,47.70122],[8.55202,47.70118],[8.55177,47.70114],[8.55163,47.70113],[8.55141,47.70111],[8.55114,47.7011],[8.5508,47.70109],[8.5505,47.7011],[8.55026,47.70111],[8.55003,47.70111],[8.54989,47.70111],[8.54978,47.70112],[8.54961,47.70112],[8.54945,47.70113],[8.54924,47.70115],[8.54901,47.70117],[8.54877,47.7012],[8.54857,47.70123],[8.54839,47.70126],[8.54813,47.70132]]}},{"type":"Feature","properties":{"nr":"H13","achse":"Wagenhausen - Schaffhausen","strasse":"Rheinuferstrasse","gemeinde":"Schaffhausen","fkt":"VO","fkt_text":"verkehrsorientiert","tempo":50,"dtv":18170,"laerm_tag_db":82.7,"bus":true,"linien":["6","8","25","630","632","634","N3","N69"],"haltestellen":[],"bus_anteil":1.0,"bus_text":"ja","laenge_m":127,"abschnitt":"Rheinuferstrasse","abschnitt_km":0.653,"unfaelle":28,"unf_fuss":3,"unf_velo":2,"fassaden_igw":43,"initiative":true,"gegenvorschlag":true,"vorlage":"gegenvorschlag"},"geometry":{"type":"LineString","coordinates":[[8.63836,47.69455],[8.63905,47.69479],[8.63921,47.69484],[8.63968,47.69502],[8.63977,47.69506],[8.63984,47.69509]]}},{"type":"Feature","properties":{"nr":"H4","achse":"Bargen Schaffhausen","strasse":"Klettgauerstrasse","gemeinde":"Neuhausen am Rheinfall","fkt":"VO","fkt_text":"verkehrsorientiert","tempo":50,"dtv":14359,"laerm_tag_db":82.1,"bus":true,"linien":["1","7","21","N4","N77"],"haltestellen":["Neuhausen, Kreuzstrasse","Neuhausen, Rhytech"],"bus_anteil":1.0,"bus_text":"ja","laenge_m":398,"abschnitt":"Klettgauerstrasse","abschnitt_km":0.984,"unfaelle":42,"unf_fuss":4,"unf_velo":5,"fassaden_igw":56,"initiative":true,"gegenvorschlag":true,"vorlage":"gegenvorschlag"},"geometry":{"type":"LineString","coordinates":[[8.61261,47.68372],[8.61274,47.68364],[8.61282,47.6836],[8.61294,47.68355],[8.61386,47.68327],[8.61402,47.68323],[8.61419,47.68318],[8.61455,47.68307],[8.61506,47.68291],[8.61553,47.68276],[8.61588,47.68265],[8.61658,47.68244],[8.6169,47.68234],[8.61706,47.6823],[8.61714,47.68228],[8.61722,47.68227],[8.61733,47.68226],[8.61742,47.68227]]}},{"type":"Feature","properties":{"nr":"H13","achse":"Neuhausen - Erzingen","strasse":"Zollstrasse","gemeinde":"Trasadingen","fkt":"VO","fkt_text":"verkehrsorientiert","tempo":50,"dtv":6613,"laerm_tag_db":77.9,"bus":false,"linien":[],"haltestellen":[],"bus_anteil":0.0,"bus_text":"nein","laenge_m":271,"abschnitt":"Zollstrasse","abschnitt_km":0.684,"unfaelle":5,"unf_fuss":1,"unf_velo":0,"fassaden_igw":0,"initiative":false,"gegenvorschlag":true,"vorlage":"gegenvorschlag"},"geometry":{"type":"LineString","coordinates":[[8.43733,47.66735],[8.43722,47.66724],[8.4372,47.66721],[8.43718,47.6672],[8.43694,47.66696],[8.43664,47.66668],[8.43632,47.66637],[8.43599,47.66604],[8.43568,47.66574],[8.43551,47.66558],[8.43539,47.66548],[8.43526,47.66535]]}},{"type":"Feature","properties":{"nr":"76","achse":"Zentrum Schaffhausen - Schweizersbild","strasse":"Gemsgasse","gemeinde":"Schaffhausen","fkt":"VO","fkt_text":"verkehrsorientiert","tempo":50,"dtv":2193,"laerm_tag_db":75.1,"bus":true,"linien":["3","6","24","N2"],"haltestellen":["Schaffhausen, Gemsstübli"],"bus_anteil":1.0,"bus_text":"ja","laenge_m":457,"abschnitt":"Gemsgasse","abschnitt_km":1.1,"unfaelle":25,"unf_fuss":3,"unf_velo":8,"fassaden_igw":25,"initiative":true,"gegenvorschlag":true,"vorlage":"gegenvorschlag"},"geometry":{"type":"LineString","coordinates":[[8.64187,47.713],[8.64185,47.71304],[8.64183,47.71309],[8.64182,47.71315],[8.64183,47.7132],[8.64187,47.71331],[8.64197,47.71355],[8.64206,47.7138],[8.64218,47.71413],[8.6422,47.71418],[8.64227,47.7144],[8.64233,47.7146],[8.64237,47.71476],[8.64241,47.71495],[8.64244,47.71512],[8.64245,47.71528],[8.64247,47.71539],[8.64248,47.71556],[8.64248,47.71569],[8.64248,47.71575],[8.64248,47.71591],[8.64248,47.716],[8.64247,47.71615],[8.64246,47.71626],[8.64244,47.7164],[8.64244,47.71643],[8.64239,47.71672],[8.64237,47.71684],[8.64236,47.71693],[8.64235,47.71699],[8.64235,47.71705]]}},{"type":"Feature","properties":{"nr":"H13","achse":"Wagenhausen - Schaffhausen","strasse":"Wagenhauserstrasse","gemeinde":"Stein am Rhein","fkt":"VO","fkt_text":"verkehrsorientiert","tempo":50,"dtv":6455,"laerm_tag_db":78.4,"bus":true,"linien":["33","825"],"haltestellen":[],"bus_anteil":1.0,"bus_text":"ja","laenge_m":356,"abschnitt":"Wagenhauserstrasse","abschnitt_km":0.746,"unfaelle":14,"unf_fuss":3,"unf_velo":2,"fassaden_igw":59,"initiative":true,"gegenvorschlag":true,"vorlage":"gegenvorschlag"},"geometry":{"type":"LineString","coordinates":[[8.85218,47.65818],[8.85223,47.65816],[8.85237,47.65812],[8.85262,47.65805],[8.85319,47.6579],[8.85363,47.65779],[8.85385,47.65772],[8.8541,47.65764],[8.85433,47.65756],[8.85474,47.65742],[8.8552,47.65726],[8.85544,47.65717],[8.85575,47.65704],[8.85603,47.65692],[8.85614,47.65683],[8.8563,47.6568],[8.85641,47.65677]]}},{"type":"Feature","properties":{"nr":"H15","achse":"Herblingen - Thayngen","strasse":"Gennersbrunnerstrasse","gemeinde":"Schaffhausen","fkt":"VO","fkt_text":"verkehrsorientiert","tempo":50,"dtv":10177,"laerm_tag_db":80.9,"bus":true,"linien":["9"],"haltestellen":[],"bus_anteil":1.0,"bus_text":"ja","laenge_m":98,"abschnitt":"Gennersbrunnerstrasse","abschnitt_km":0.978,"unfaelle":38,"unf_fuss":7,"unf_velo":7,"fassaden_igw":24,"initiative":true,"gegenvorschlag":true,"vorlage":"gegenvorschlag"},"geometry":{"type":"LineString","coordinates":[[8.66262,47.71826],[8.66274,47.71799],[8.66305,47.71742]]}},{"type":"Feature","properties":{"nr":"76","achse":"Zentrum Schaffhausen - Schweizersbild","strasse":"Gemsgasse","gemeinde":"Schaffhausen","fkt":"VO","fkt_text":"verkehrsorientiert","tempo":50,"dtv":4274,"laerm_tag_db":76.5,"bus":true,"linien":["6","10","N2"],"haltestellen":["Schaffhausen, Dachsenbüel"],"bus_anteil":1.0,"bus_text":"ja","laenge_m":129,"abschnitt":"Gemsgasse","abschnitt_km":1.1,"unfaelle":25,"unf_fuss":3,"unf_velo":8,"fassaden_igw":25,"initiative":true,"gegenvorschlag":true,"vorlage":"gegenvorschlag"},"geometry":{"type":"LineString","coordinates":[[8.64241,47.72125],[8.64255,47.72137],[8.64277,47.72155],[8.64294,47.72168],[8.64318,47.72186],[8.64329,47.72194],[8.6434,47.72205],[8.64349,47.72215]]}},{"type":"Feature","properties":{"nr":"H13","achse":"Neuhausen - Erzingen","strasse":"Zollstrasse","gemeinde":"Trasadingen","fkt":"VO","fkt_text":"verkehrsorientiert","tempo":50,"dtv":5484,"laerm_tag_db":77.0,"bus":false,"linien":[],"haltestellen":[],"bus_anteil":0.0,"bus_text":"nein","laenge_m":385,"abschnitt":"Zollstrasse","abschnitt_km":0.684,"unfaelle":5,"unf_fuss":1,"unf_velo":0,"fassaden_igw":0,"initiative":false,"gegenvorschlag":true,"vorlage":"gegenvorschlag"},"geometry":{"type":"LineString","coordinates":[[8.43526,47.66535],[8.43513,47.66522],[8.435,47.6651],[8.43486,47.66498],[8.43475,47.66487],[8.43467,47.6648],[8.43459,47.66472],[8.43449,47.66462],[8.43438,47.6645],[8.43422,47.66431],[8.43404,47.66412],[8.43386,47.66391],[8.43367,47.6637],[8.43348,47.66351],[8.43325,47.66328],[8.43306,47.6631],[8.43284,47.66287],[8.43244,47.66247]]}},{"type":"Feature","properties":{"nr":"H14","achse":"Schaffhausen - Stühlingen","strasse":"Schaffhauserstrasse","gemeinde":"Schleitheim","fkt":"VO","fkt_text":"verkehrsorientiert","tempo":50,"dtv":3347,"laerm_tag_db":75.7,"bus":true,"linien":["21"],"haltestellen":[],"bus_anteil":1.0,"bus_text":"ja","laenge_m":364,"abschnitt":"Schaffhauserstrasse","abschnitt_km":0.527,"unfaelle":6,"unf_fuss":0,"unf_velo":0,"fassaden_igw":1,"initiative":true,"gegenvorschlag":true,"vorlage":"gegenvorschlag"},"geometry":{"type":"LineString","coordinates":[[8.47971,47.74431],[8.47921,47.74474],[8.4791,47.74484],[8.47903,47.74492],[8.47897,47.74501],[8.47895,47.74508],[8.47894,47.74514],[8.47894,47.74517],[8.47895,47.74523],[8.47898,47.74531],[8.47903,47.74539],[8.4791,47.74546],[8.47917,47.74552],[8.47925,47.74556],[8.47932,47.7456],[8.47942,47.74565],[8.47977,47.74581],[8.48018,47.746],[8.48026,47.74604],[8.48033,47.74608],[8.48037,47.74612],[8.48042,47.74615],[8.48046,47.74621],[8.48049,47.74625],[8.48051,47.74629],[8.48051,47.74632],[8.48051,47.74635],[8.48051,47.74639],[8.4805,47.74645],[8.48048,47.74649],[8.48044,47.74657],[8.48037,47.7467],[8.48031,47.7468],[8.48024,47.74691]]}},{"type":"Feature","properties":{"nr":"H4","achse":"Bargen Schaffhausen","strasse":"Bachstrasse","gemeinde":"Schaffhausen","fkt":"VO","fkt_text":"verkehrsorientiert","tempo":50,"dtv":9738,"laerm_tag_db":79.3,"bus":true,"linien":["6","8","25","630","632","634","N3","N69"],"haltestellen":["Schaffhausen, Bachstrasse"],"bus_anteil":1.0,"bus_text":"ja","laenge_m":160,"abschnitt":"Bachstrasse","abschnitt_km":0.912,"unfaelle":75,"unf_fuss":5,"unf_velo":24,"fassaden_igw":146,"initiative":true,"gegenvorschlag":true,"vorlage":"gegenvorschlag"},"geometry":{"type":"LineString","coordinates":[[8.63836,47.69455],[8.63827,47.69464],[8.63822,47.69471],[8.63819,47.69479],[8.6382,47.69488],[8.63822,47.69494],[8.63823,47.69506],[8.63824,47.69529],[8.63824,47.69533],[8.63822,47.69542],[8.6382,47.69549],[8.63817,47.69555],[8.63812,47.69564],[8.63808,47.69577],[8.63807,47.69582],[8.63806,47.6959],[8.63805,47.69594]]}},{"type":"Feature","properties":{"nr":"H13","achse":"Neuhausen - Erzingen","strasse":"Zollstrasse","gemeinde":"Trasadingen","fkt":"VO","fkt_text":"verkehrsorientiert","tempo":20,"dtv":5484,"laerm_tag_db":70.7,"bus":false,"linien":[],"haltestellen":[],"bus_anteil":0.0,"bus_text":"nein","laenge_m":52,"abschnitt":"Zollstrasse","abschnitt_km":0.684,"unfaelle":5,"unf_fuss":1,"unf_velo":0,"fassaden_igw":0,"initiative":false,"gegenvorschlag":true,"vorlage":"gegenvorschlag"},"geometry":{"type":"LineString","coordinates":[[8.43244,47.66247],[8.43205,47.66208]]}},{"type":"Feature","properties":{"nr":"82","achse":"Gottmadingen - Ramsen","strasse":"Steinerstrasse","gemeinde":"Buch (SH)","fkt":"VO","fkt_text":"verkehrsorientiert","tempo":50,"dtv":3000,"laerm_tag_db":74.9,"bus":false,"linien":[],"haltestellen":[],"bus_anteil":0.0,"bus_text":"nein","laenge_m":375,"abschnitt":"Steinerstrasse","abschnitt_km":0.373,"unfaelle":1,"unf_fuss":0,"unf_velo":0,"fassaden_igw":3,"initiative":false,"gegenvorschlag":true,"vorlage":"gegenvorschlag"},"geometry":{"type":"LineString","coordinates":[[8.78481,47.72733],[8.78522,47.72709],[8.78539,47.72699],[8.78601,47.72664],[8.78642,47.7264],[8.78662,47.72629],[8.78672,47.72623],[8.78683,47.72617],[8.78693,47.7261],[8.787,47.72604],[8.78705,47.72599],[8.78709,47.72592],[8.78712,47.72585],[8.78715,47.72575],[8.78716,47.72567],[8.78716,47.72553],[8.78715,47.72541],[8.78713,47.72503],[8.78711,47.72465]]}},{"type":"Feature","properties":{"nr":"H4","achse":"Bargen Schaffhausen","strasse":"Fulachstrasse","gemeinde":"Schaffhausen","fkt":"VO","fkt_text":"verkehrsorientiert","tempo":50,"dtv":12441,"laerm_tag_db":81.9,"bus":true,"linien":["1","4","5","N3","N76"],"haltestellen":["Schaffhausen, Schönenberg"],"bus_anteil":1.0,"bus_text":"ja","laenge_m":584,"abschnitt":"Fulachstrasse","abschnitt_km":0.585,"unfaelle":28,"unf_fuss":4,"unf_velo":3,"fassaden_igw":32,"initiative":true,"gegenvorschlag":true,"vorlage":"gegenvorschlag"},"geometry":{"type":"LineString","coordinates":[[8.63749,47.70173],[8.63749,47.70173],[8.63753,47.70178],[8.63755,47.70182],[8.63757,47.70188],[8.63759,47.70199],[8.6376,47.7021],[8.63762,47.70223],[8.63763,47.70234],[8.63765,47.70249],[8.63771,47.70273],[8.63779,47.70302],[8.63787,47.70328],[8.63793,47.70354],[8.638,47.70377],[8.63807,47.70396],[8.63811,47.70407],[8.63817,47.70422],[8.63825,47.70439],[8.63834,47.70456],[8.63844,47.70473],[8.63854,47.70488],[8.63873,47.70518],[8.63887,47.70541],[8.63901,47.70564],[8.63915,47.70586],[8.63924,47.70599],[8.63933,47.70612],[8.6394,47.70622],[8.63953,47.70642],[8.63965,47.7066],[8.63972,47.70673]]}},{"type":"Feature","properties":{"nr":"H330","achse":"Stein am Rhein - Öhningen","strasse":"Oehningerstrasse","gemeinde":"Stein am Rhein","fkt":"VO","fkt_text":"verkehrsorientiert","tempo":40,"dtv":3448,"laerm_tag_db":73.9,"bus":true,"linien":["33"],"haltestellen":[],"bus_anteil":0.18,"bus_text":"teilweise","laenge_m":107,"abschnitt":"Oehningerstrasse","abschnitt_km":1.181,"unfaelle":16,"unf_fuss":1,"unf_velo":11,"fassaden_igw":15,"initiative":true,"gegenvorschlag":true,"vorlage":"gegenvorschlag"},"geometry":{"type":"LineString","coordinates":[[8.86229,47.6596],[8.86235,47.65958],[8.8624,47.65957],[8.86245,47.65957],[8.86255,47.65956],[8.86268,47.65956],[8.86281,47.65956],[8.86283,47.65956],[8.86293,47.65955],[8.86304,47.65954],[8.86315,47.65953],[8.86329,47.6595],[8.86336,47.65949],[8.86338,47.65949],[8.86347,47.65947],[8.86362,47.65946],[8.86369,47.65946]]}},{"type":"Feature","properties":{"nr":"H15","achse":"Herblingen - Thayngen","strasse":"Bahnhofstrasse","gemeinde":"Thayngen","fkt":"VO","fkt_text":"verkehrsorientiert","tempo":50,"dtv":3314,"laerm_tag_db":75.5,"bus":true,"linien":["24","N76"],"haltestellen":[],"bus_anteil":0.72,"bus_text":"teilweise","laenge_m":99,"abschnitt":"Bahnhofstrasse","abschnitt_km":1.003,"unfaelle":13,"unf_fuss":4,"unf_velo":5,"fassaden_igw":29,"initiative":true,"gegenvorschlag":true,"vorlage":"gegenvorschlag"},"geometry":{"type":"LineString","coordinates":[[8.70608,47.74561],[8.70604,47.74569],[8.70599,47.74575],[8.70594,47.7458],[8.70589,47.74582],[8.70584,47.74584],[8.70577,47.74585],[8.70571,47.74586],[8.70564,47.74585],[8.70555,47.74584],[8.70517,47.74577],[8.70506,47.74575],[8.70497,47.74574]]}},{"type":"Feature","properties":{"nr":"H332","achse":"Rielasingen - Rheinbrücke","strasse":"Moskau","gemeinde":"Ramsen","fkt":"VO","fkt_text":"verkehrsorientiert","tempo":50,"dtv":8374,"laerm_tag_db":79.3,"bus":true,"linien":["25","33"],"haltestellen":[],"bus_anteil":1.0,"bus_text":"ja","laenge_m":312,"abschnitt":"Moskau","abschnitt_km":0.404,"unfaelle":7,"unf_fuss":0,"unf_velo":4,"fassaden_igw":14,"initiative":true,"gegenvorschlag":true,"vorlage":"gegenvorschlag"},"geometry":{"type":"LineString","coordinates":[[8.82233,47.71154],[8.82221,47.71144],[8.82208,47.71133],[8.82195,47.7112],[8.82184,47.71108],[8.82172,47.71094],[8.82164,47.71081],[8.82155,47.71065],[8.8215,47.71054],[8.82146,47.71043],[8.82138,47.71017],[8.82128,47.70982],[8.82121,47.70958],[8.82114,47.70931],[8.82109,47.70906],[8.82106,47.70892]]}},{"type":"Feature","properties":{"nr":"H330","achse":"Stein am Rhein - Öhningen","strasse":"Oehningerstrasse","gemeinde":"Stein am Rhein","fkt":"VO","fkt_text":"verkehrsorientiert","tempo":50,"dtv":3448,"laerm_tag_db":75.8,"bus":true,"linien":[],"haltestellen":["Stein am Rhein, Grenzstein"],"bus_anteil":0.0,"bus_text":"ja","laenge_m":412,"abschnitt":"Oehningerstrasse","abschnitt_km":1.181,"unfaelle":16,"unf_fuss":1,"unf_velo":11,"fassaden_igw":15,"initiative":true,"gegenvorschlag":true,"vorlage":"gegenvorschlag"},"geometry":{"type":"LineString","coordinates":[[8.87161,47.65822],[8.87191,47.65823],[8.87213,47.65822],[8.8723,47.65822],[8.87238,47.65823],[8.87248,47.65824],[8.87261,47.65827],[8.8727,47.65831],[8.87279,47.65835],[8.87288,47.65841],[8.87294,47.65847],[8.87299,47.65853],[8.87304,47.65861],[8.87309,47.6587],[8.87326,47.65901],[8.87345,47.65935],[8.87365,47.6597],[8.8737,47.65976],[8.87377,47.65982],[8.87384,47.65987],[8.87393,47.65993],[8.87402,47.65997],[8.87412,47.66001],[8.87468,47.66022],[8.87485,47.66028],[8.87502,47.66034],[8.87513,47.66037],[8.87521,47.66039],[8.87534,47.6604],[8.87539,47.66041]]}},{"type":"Feature","properties":{"nr":"73","achse":"Hallau - Neunkirch","strasse":"Namenlos","gemeinde":"Neunkirch","fkt":"VO","fkt_text":"verkehrsorientiert","tempo":50,"dtv":5668,"laerm_tag_db":77.7,"bus":true,"linien":["21","N77"],"haltestellen":[],"bus_anteil":1.0,"bus_text":"ja","laenge_m":99,"abschnitt":"","abschnitt_km":null,"unfaelle":null,"unf_fuss":null,"unf_velo":null,"fassaden_igw":null,"initiative":true,"gegenvorschlag":true,"vorlage":"gegenvorschlag"},"geometry":{"type":"LineString","coordinates":[[8.50042,47.68953],[8.50043,47.68947],[8.50043,47.6894],[8.50046,47.68932],[8.50048,47.68928],[8.50053,47.68924],[8.50059,47.68919],[8.50066,47.68915],[8.50075,47.68912],[8.50085,47.68909],[8.50093,47.68906],[8.50101,47.68903],[8.5011,47.68899],[8.50116,47.68895],[8.50123,47.68891]]}},{"type":"Feature","properties":{"nr":"H13","achse":"Neuhausen - Erzingen","strasse":"Klettgauerstrasse","gemeinde":"Neuhausen am Rheinfall","fkt":"VO","fkt_text":"verkehrsorientiert","tempo":50,"dtv":8703,"laerm_tag_db":79.4,"bus":true,"linien":["21","N77"],"haltestellen":["Neuhausen, Engestrasse"],"bus_anteil":1.0,"bus_text":"ja","laenge_m":223,"abschnitt":"Klettgauerstrasse","abschnitt_km":0.984,"unfaelle":42,"unf_fuss":4,"unf_velo":5,"fassaden_igw":56,"initiative":true,"gegenvorschlag":true,"vorlage":"gegenvorschlag"},"geometry":{"type":"LineString","coordinates":[[8.61142,47.68731],[8.61144,47.68741],[8.61146,47.68754],[8.61146,47.68765],[8.61142,47.68787],[8.6114,47.68798],[8.61136,47.68816],[8.61133,47.68829],[8.61127,47.68843],[8.61117,47.68861],[8.61105,47.68879],[8.61091,47.68895],[8.61078,47.68909],[8.61066,47.68919]]}},{"type":"Feature","properties":{"nr":"H13","achse":"Neuhausen - Erzingen","strasse":"Klettgauerstrasse","gemeinde":"Neuhausen am Rheinfall","fkt":"VO","fkt_text":"verkehrsorientiert","tempo":50,"dtv":7545,"laerm_tag_db":79.4,"bus":true,"linien":["1","7","21","N4","N77"],"haltestellen":["Neuhausen, Kreuzstrasse"],"bus_anteil":1.0,"bus_text":"ja","laenge_m":423,"abschnitt":"Klettgauerstrasse","abschnitt_km":0.984,"unfaelle":42,"unf_fuss":4,"unf_velo":5,"fassaden_igw":56,"initiative":true,"gegenvorschlag":true,"vorlage":"gegenvorschlag"},"geometry":{"type":"LineString","coordinates":[[8.61261,47.68372],[8.61254,47.68381],[8.61222,47.68428],[8.61218,47.68433],[8.61201,47.68458],[8.61184,47.68482],[8.61178,47.68492],[8.61164,47.68512],[8.61143,47.68542],[8.61138,47.68549],[8.61136,47.68553],[8.61133,47.68558],[8.61131,47.68561],[8.61129,47.68569],[8.61126,47.68578],[8.61125,47.68583],[8.61124,47.68589],[8.61123,47.68595],[8.61121,47.68607],[8.61121,47.68619],[8.6112,47.68633],[8.61122,47.68645],[8.61123,47.6866],[8.61131,47.68684],[8.61139,47.68718],[8.61142,47.68731]]}},{"type":"Feature","properties":{"nr":"H14","achse":"Schaffhausen - Stühlingen","strasse":"Schwarzwaldstrasse","gemeinde":"Schleitheim","fkt":"VO","fkt_text":"verkehrsorientiert","tempo":50,"dtv":2630,"laerm_tag_db":74.2,"bus":false,"linien":["21"],"haltestellen":[],"bus_anteil":0.06,"bus_text":"nein","laenge_m":325,"abschnitt":"Schwarzwaldstrasse","abschnitt_km":0.767,"unfaelle":3,"unf_fuss":0,"unf_velo":1,"fassaden_igw":0,"initiative":false,"gegenvorschlag":true,"vorlage":"gegenvorschlag"},"geometry":{"type":"LineString","coordinates":[[8.48024,47.74691],[8.48022,47.74694],[8.4802,47.74696],[8.48019,47.74697],[8.48014,47.74703],[8.48005,47.74712],[8.48002,47.74715],[8.47995,47.74723],[8.47989,47.74729],[8.47981,47.74735],[8.47968,47.74743],[8.47958,47.74748],[8.47947,47.74752],[8.47937,47.74755],[8.47926,47.74757],[8.47917,47.74758],[8.4791,47.74758],[8.47905,47.74758],[8.47903,47.74758],[8.47896,47.74758],[8.47886,47.74757],[8.47869,47.74754],[8.47853,47.74752],[8.47831,47.74748],[8.47811,47.74744],[8.47785,47.74738],[8.47761,47.74732],[8.47735,47.74726],[8.47709,47.7472],[8.47695,47.74718],[8.47678,47.74715],[8.47658,47.74713],[8.47645,47.74713]]}},{"type":"Feature","properties":{"nr":"H15","achse":"Herblingen - Thayngen","strasse":"Erlengasse","gemeinde":"Thayngen","fkt":"VO","fkt_text":"verkehrsorientiert","tempo":50,"dtv":5820,"laerm_tag_db":77.8,"bus":false,"linien":[],"haltestellen":[],"bus_anteil":0.0,"bus_text":"nein","laenge_m":93,"abschnitt":"Erlengasse","abschnitt_km":0.428,"unfaelle":5,"unf_fuss":0,"unf_velo":1,"fassaden_igw":0,"initiative":false,"gegenvorschlag":true,"vorlage":"gegenvorschlag"},"geometry":{"type":"LineString","coordinates":[[8.70539,47.74314],[8.7054,47.7433],[8.7054,47.74346],[8.70541,47.74362],[8.70542,47.74369],[8.70543,47.74373],[8.70546,47.7438],[8.70549,47.74384],[8.70559,47.74395]]}},{"type":"Feature","properties":{"nr":"H15","achse":"Herblingen - Thayngen","strasse":"Thayngerstrasse","gemeinde":"Schaffhausen","fkt":"VO","fkt_text":"verkehrsorientiert","tempo":50,"dtv":2608,"laerm_tag_db":75.1,"bus":true,"linien":["5","N76"],"haltestellen":["Schaffhausen, Schlossweiher"],"bus_anteil":1.0,"bus_text":"ja","laenge_m":104,"abschnitt":"Thayngerstrasse","abschnitt_km":0.874,"unfaelle":13,"unf_fuss":1,"unf_velo":1,"fassaden_igw":11,"initiative":true,"gegenvorschlag":true,"vorlage":"gegenvorschlag"},"geometry":{"type":"LineString","coordinates":[[8.66448,47.72953],[8.66447,47.72952],[8.6644,47.72948],[8.66436,47.72945],[8.66432,47.72942],[8.66429,47.72939],[8.66425,47.72936],[8.66422,47.72933],[8.66418,47.7293],[8.66415,47.72926],[8.66405,47.72913],[8.66394,47.72895],[8.66384,47.72879],[8.66381,47.72873]]}},{"type":"Feature","properties":{"nr":"H15","achse":"Herblingen - Thayngen","strasse":"Ernst Homberger-Strasse","gemeinde":"Schaffhausen","fkt":"VO","fkt_text":"verkehrsorientiert","tempo":50,"dtv":5029,"laerm_tag_db":77.7,"bus":true,"linien":["9"],"haltestellen":["Herblingen, Bahnhof"],"bus_anteil":1.0,"bus_text":"ja","laenge_m":53,"abschnitt":"Ernst Homberger-Strasse","abschnitt_km":0.471,"unfaelle":15,"unf_fuss":1,"unf_velo":8,"fassaden_igw":0,"initiative":true,"gegenvorschlag":true,"vorlage":"gegenvorschlag"},"geometry":{"type":"LineString","coordinates":[[8.66341,47.71674],[8.66329,47.71674],[8.66318,47.71673],[8.66306,47.71672],[8.66294,47.71671],[8.66283,47.71669],[8.66272,47.71667]]}},{"type":"Feature","properties":{"nr":"72","achse":"Wichingen - Hallau","strasse":"Bahnhofstrasse","gemeinde":"Wilchingen","fkt":"VO","fkt_text":"verkehrsorientiert","tempo":50,"dtv":2744,"laerm_tag_db":74.9,"bus":true,"linien":["27","N77"],"haltestellen":[],"bus_anteil":1.0,"bus_text":"ja","laenge_m":499,"abschnitt":"Bahnhofstrasse","abschnitt_km":0.831,"unfaelle":1,"unf_fuss":0,"unf_velo":0,"fassaden_igw":0,"initiative":true,"gegenvorschlag":true,"vorlage":"gegenvorschlag"},"geometry":{"type":"LineString","coordinates":[[8.45763,47.67692],[8.45797,47.67705],[8.45807,47.67709],[8.45819,47.67714],[8.45826,47.67718],[8.45841,47.67728],[8.45866,47.67744],[8.45882,47.67755],[8.45896,47.67764],[8.45904,47.67769],[8.45914,47.67773],[8.45982,47.67802],[8.46079,47.67842],[8.46122,47.67859],[8.46158,47.67873],[8.46197,47.67888],[8.46234,47.67902],[8.46277,47.6792],[8.46305,47.67931],[8.46318,47.67936]]}},{"type":"Feature","properties":{"nr":"72","achse":"Wichingen - Hallau","strasse":"Bahnhofstrasse","gemeinde":"Wilchingen","fkt":"VO","fkt_text":"verkehrsorientiert","tempo":50,"dtv":2744,"laerm_tag_db":74.9,"bus":true,"linien":["27","N77"],"haltestellen":[],"bus_anteil":1.0,"bus_text":"ja","laenge_m":130,"abschnitt":"Bahnhofstrasse","abschnitt_km":0.831,"unfaelle":1,"unf_fuss":0,"unf_velo":0,"fassaden_igw":0,"initiative":true,"gegenvorschlag":true,"vorlage":"gegenvorschlag"},"geometry":{"type":"LineString","coordinates":[[8.4643,47.68031],[8.46431,47.68032],[8.46436,47.68038],[8.4644,47.68043],[8.46445,47.68049],[8.46452,47.68057],[8.46458,47.68064],[8.46464,47.68072],[8.4647,47.68079],[8.46477,47.68088],[8.46484,47.68096],[8.46491,47.68105],[8.465,47.68116],[8.46508,47.68126],[8.46514,47.68132]]}},{"type":"Feature","properties":{"nr":"H4","achse":"Bargen Schaffhausen","strasse":"Ebnatstrasse","gemeinde":"Schaffhausen","fkt":"VO","fkt_text":"verkehrsorientiert","tempo":50,"dtv":6931,"laerm_tag_db":79.3,"bus":true,"linien":["1","9","N3"],"haltestellen":["Schaffhausen, Ebnatring"],"bus_anteil":1.0,"bus_text":"ja","laenge_m":691,"abschnitt":"Ebnatstrasse","abschnitt_km":2.434,"unfaelle":57,"unf_fuss":4,"unf_velo":9,"fassaden_igw":10,"initiative":true,"gegenvorschlag":true,"vorlage":"gegenvorschlag"},"geometry":{"type":"LineString","coordinates":[[8.64679,47.70819],[8.64694,47.70829],[8.64706,47.70834],[8.64733,47.70842],[8.64762,47.70854],[8.64806,47.70875],[8.64857,47.709],[8.64909,47.70925],[8.64975,47.70958],[8.6501,47.70974],[8.65056,47.70997],[8.65075,47.71006],[8.65105,47.71021],[8.65165,47.7105],[8.65236,47.71085],[8.65274,47.71103],[8.65317,47.71125],[8.65363,47.71148],[8.65425,47.71181]]}},{"type":"Feature","properties":{"nr":"72","achse":"Wichingen - Hallau","strasse":"Bahnhofstrasse","gemeinde":"Wilchingen","fkt":"VO","fkt_text":"verkehrsorientiert","tempo":30,"dtv":2744,"laerm_tag_db":71.1,"bus":true,"linien":["27","N77"],"haltestellen":["Wilchingen-Hallau, Bahnhof"],"bus_anteil":1.0,"bus_text":"ja","laenge_m":142,"abschnitt":"Bahnhofstrasse","abschnitt_km":0.831,"unfaelle":1,"unf_fuss":0,"unf_velo":0,"fassaden_igw":0,"initiative":true,"gegenvorschlag":true,"vorlage":"gegenvorschlag"},"geometry":{"type":"LineString","coordinates":[[8.46318,47.67936],[8.46369,47.67957],[8.46384,47.67964],[8.46394,47.67969],[8.46399,47.67973],[8.46403,47.67977],[8.46406,47.67983],[8.46408,47.67989],[8.46409,47.67996],[8.4641,47.68003],[8.46414,47.68011],[8.4642,47.68019],[8.46425,47.68024],[8.4643,47.68031]]}},{"type":"Feature","properties":{"nr":"H4","achse":"Bargen Schaffhausen","strasse":"Schaffhauserstrasse","gemeinde":"Neuhausen am Rheinfall","fkt":"VO","fkt_text":"verkehrsorientiert","tempo":50,"dtv":11253,"laerm_tag_db":80.7,"bus":true,"linien":["1","7","21","N4","N77"],"haltestellen":["Neuhausen, Rheinhof","Neuhausen, Scheidegg"],"bus_anteil":1.0,"bus_text":"ja","laenge_m":697,"abschnitt":"Schaffhauserstrasse","abschnitt_km":1.233,"unfaelle":61,"unf_fuss":6,"unf_velo":11,"fassaden_igw":51,"initiative":true,"gegenvorschlag":true,"vorlage":"gegenvorschlag"},"geometry":{"type":"LineString","coordinates":[[8.61742,47.68227],[8.61749,47.68229],[8.61758,47.68233],[8.61768,47.68238],[8.61779,47.68246],[8.61792,47.68255],[8.61806,47.68266],[8.61827,47.68284],[8.61847,47.68303],[8.61879,47.68332],[8.61919,47.68369],[8.61974,47.6842],[8.61982,47.68428],[8.62005,47.68455],[8.62039,47.68494],[8.62065,47.68524],[8.62071,47.68532],[8.6208,47.68543],[8.62097,47.68569],[8.62104,47.68578],[8.62119,47.68599],[8.62139,47.68628],[8.62155,47.68651],[8.62174,47.68676],[8.62207,47.68721],[8.62216,47.68732],[8.62234,47.68753]]}},{"type":"Feature","properties":{"nr":"H4","achse":"Bargen Schaffhausen","strasse":"Zollstrasse","gemeinde":"Neuhausen am Rheinfall","fkt":"VO","fkt_text":"verkehrsorientiert","tempo":50,"dtv":9608,"laerm_tag_db":79.4,"bus":true,"linien":["1","N4"],"haltestellen":["Neuhausen, Durstgraben"],"bus_anteil":0.57,"bus_text":"teilweise","laenge_m":773,"abschnitt":"Zollstrasse","abschnitt_km":2.124,"unfaelle":75,"unf_fuss":19,"unf_velo":11,"fassaden_igw":23,"initiative":true,"gegenvorschlag":true,"vorlage":"gegenvorschlag"},"geometry":{"type":"LineString","coordinates":[[8.60011,47.67623],[8.60032,47.67655],[8.60038,47.67664],[8.60051,47.67679],[8.60066,47.67695],[8.60073,47.67702],[8.60085,47.67712],[8.60096,47.6772],[8.60113,47.6773],[8.60126,47.67738],[8.60143,47.67746],[8.60164,47.67755],[8.6018,47.67762],[8.602,47.67769],[8.60313,47.67812],[8.60351,47.67826],[8.60366,47.67832],[8.6039,47.67842],[8.60403,47.67847],[8.60426,47.67854],[8.60434,47.67858],[8.60442,47.6786],[8.60456,47.67864],[8.60475,47.67871],[8.60495,47.67878],[8.60516,47.67887],[8.60532,47.67894],[8.60541,47.67898],[8.60553,47.67905],[8.60554,47.67905],[8.60568,47.67913],[8.60577,47.67918],[8.60586,47.67924],[8.6059,47.67927],[8.60597,47.67933],[8.60622,47.67952],[8.60652,47.67978],[8.60697,47.68015],[8.60716,47.6803],[8.60746,47.68056],[8.60759,47.68066],[8.60765,47.68072]]}},{"type":"Feature","properties":{"nr":"H4","achse":"Bargen Schaffhausen","strasse":"Rheinuferstrasse","gemeinde":"Schaffhausen","fkt":"VO","fkt_text":"verkehrsorientiert","tempo":50,"dtv":15336,"laerm_tag_db":81.9,"bus":true,"linien":["1","6","21","25","630","632","634","N3","N4","N69","N77"],"haltestellen":["Schaffhausen, Mühlentor"],"bus_anteil":1.0,"bus_text":"ja","laenge_m":101,"abschnitt":"Rheinuferstrasse","abschnitt_km":0.653,"unfaelle":28,"unf_fuss":3,"unf_velo":2,"fassaden_igw":43,"initiative":true,"gegenvorschlag":true,"vorlage":"gegenvorschlag"},"geometry":{"type":"LineString","coordinates":[[8.63171,47.69359],[8.63176,47.69358],[8.63189,47.69356],[8.63198,47.69354],[8.63211,47.69353],[8.63228,47.6935],[8.63246,47.69349],[8.63266,47.69348],[8.63285,47.69347],[8.63305,47.69347]]}},{"type":"Feature","properties":{"nr":"H4","achse":"Bargen Schaffhausen","strasse":"Mühlenstrasse","gemeinde":"Schaffhausen","fkt":"VO","fkt_text":"verkehrsorientiert","tempo":50,"dtv":21236,"laerm_tag_db":84.0,"bus":true,"linien":["1","21","N4","N77"],"haltestellen":["Schaffhausen, Brüggli"],"bus_anteil":1.0,"bus_text":"ja","laenge_m":150,"abschnitt":"Mühlenstrasse","abschnitt_km":0.575,"unfaelle":40,"unf_fuss":1,"unf_velo":9,"fassaden_igw":65,"initiative":true,"gegenvorschlag":true,"vorlage":"gegenvorschlag"},"geometry":{"type":"LineString","coordinates":[[8.62699,47.6931],[8.62703,47.69309],[8.62709,47.69308],[8.62716,47.69307],[8.62723,47.69306],[8.62731,47.69305],[8.62739,47.69304],[8.62752,47.69303],[8.62767,47.69301],[8.62774,47.69301],[8.62784,47.69302],[8.62798,47.69303],[8.62809,47.69304],[8.62822,47.69307],[8.62832,47.69309],[8.62847,47.69314],[8.62867,47.69321],[8.6288,47.69326],[8.62888,47.6933]]}},{"type":"Feature","properties":{"nr":"H329","achse":"Schaffhausen - Ramsen","strasse":"Fischerhäuserstrasse","gemeinde":"Schaffhausen","fkt":"VO","fkt_text":"verkehrsorientiert","tempo":30,"dtv":8892,"laerm_tag_db":76.4,"bus":true,"linien":["6","8","25","630","632","634","N3","N69"],"haltestellen":["Schaffhausen, Schifflände"],"bus_anteil":1.0,"bus_text":"ja","laenge_m":127,"abschnitt":"Fischerhäuserstrasse","abschnitt_km":0.357,"unfaelle":23,"unf_fuss":4,"unf_velo":8,"fassaden_igw":10,"initiative":true,"gegenvorschlag":true,"vorlage":"gegenvorschlag"},"geometry":{"type":"LineString","coordinates":[[8.63984,47.69509],[8.63989,47.69511],[8.63993,47.69513],[8.64018,47.69526],[8.64036,47.69535],[8.64055,47.69547],[8.64067,47.69554],[8.64076,47.69561],[8.64088,47.69568],[8.64096,47.69571],[8.64106,47.69575],[8.64118,47.69578]]}},{"type":"Feature","properties":{"nr":"71","achse":"Wilchingen - Jestetten","strasse":"Tiefenweg","gemeinde":"Wilchingen","fkt":"VO","fkt_text":"verkehrsorientiert","tempo":50,"dtv":3347,"laerm_tag_db":75.5,"bus":true,"linien":["27","N77"],"haltestellen":["Wilchingen, Dorf","Wilchingen, Kapellenweg"],"bus_anteil":1.0,"bus_text":"ja","laenge_m":948,"abschnitt":"Tiefenweg","abschnitt_km":0.95,"unfaelle":5,"unf_fuss":1,"unf_velo":0,"fassaden_igw":1,"initiative":true,"gegenvorschlag":true,"vorlage":"gegenvorschlag"},"geometry":{"type":"LineString","coordinates":[[8.46447,47.67209],[8.46448,47.67208],[8.46451,47.67203],[8.46453,47.67201],[8.46457,47.67193],[8.46461,47.67183],[8.46464,47.67176],[8.46466,47.67169],[8.46468,47.67159],[8.46468,47.67153],[8.46469,47.67143],[8.46469,47.67137],[8.46468,47.67127],[8.46467,47.67119],[8.46466,47.67115],[8.46464,47.67108],[8.4646,47.67094],[8.46458,47.67084],[8.46453,47.67069],[8.4645,47.67059],[8.46447,47.67047],[8.46444,47.67037],[8.46441,47.67028],[8.46439,47.67021],[8.46436,47.67011],[8.46431,47.66995],[8.46428,47.66981],[8.46422,47.66962],[8.46418,47.6695],[8.46413,47.66934],[8.46409,47.6692],[8.46406,47.6691],[8.46403,47.66899],[8.46399,47.66888],[8.46397,47.66879],[8.46388,47.66849],[8.4638,47.66818],[8.46375,47.66799],[8.46372,47.66791],[8.46371,47.66786],[8.46371,47.66781],[8.46373,47.66777],[8.46375,47.66774],[8.46379,47.66772],[8.46386,47.6677],[8.46394,47.66769],[8.46406,47.66768],[8.46505,47.66761],[8.46597,47.66757],[8.46673,47.66754],[8.46701,47.66754],[8.46722,47.66754],[8.46788,47.66757],[8.46797,47.66757],[8.46806,47.66757],[8.46818,47.66757],[8.46839,47.66755],[8.46866,47.66752],[8.46911,47.66747],[8.46939,47.66743],[8.46952,47.66742],[8.46961,47.66741],[8.46966,47.6674],[8.4697,47.66738],[8.46973,47.66736]]}},{"type":"Feature","properties":{"nr":"H13","achse":"Neuhausen - Erzingen","strasse":"Grosser Letten","gemeinde":"Neunkirch","fkt":"VO","fkt_text":"verkehrsorientiert","tempo":50,"dtv":6331,"laerm_tag_db":78.2,"bus":true,"linien":["N77"],"haltestellen":[],"bus_anteil":0.73,"bus_text":"teilweise","laenge_m":49,"abschnitt":"Grosser Letten","abschnitt_km":0.611,"unfaelle":4,"unf_fuss":0,"unf_velo":0,"fassaden_igw":10,"initiative":true,"gegenvorschlag":true,"vorlage":"gegenvorschlag"},"geometry":{"type":"LineString","coordinates":[[8.50288,47.68808],[8.50276,47.68802],[8.50264,47.688],[8.50255,47.68799],[8.5024,47.68798],[8.50227,47.68798]]}},{"type":"Feature","properties":{"nr":"H329","achse":"Schaffhausen - Ramsen","strasse":"Rheinhaldenstrasse","gemeinde":"Schaffhausen","fkt":"VO","fkt_text":"verkehrsorientiert","tempo":30,"dtv":4648,"laerm_tag_db":72.6,"bus":true,"linien":["6","8","25","N3"],"haltestellen":[],"bus_anteil":1.0,"bus_text":"ja","laenge_m":20,"abschnitt":"Rheinhaldenstrasse","abschnitt_km":1.861,"unfaelle":16,"unf_fuss":3,"unf_velo":7,"fassaden_igw":34,"initiative":true,"gegenvorschlag":true,"vorlage":"gegenvorschlag"},"geometry":{"type":"LineString","coordinates":[[8.64375,47.69571],[8.64376,47.69565],[8.64376,47.69563],[8.64378,47.6956],[8.6438,47.69555],[8.64381,47.69553]]}},{"type":"Feature","properties":{"nr":"H13","achse":"Wagenhausen - Schaffhausen","strasse":"Feuerthaler Brücke","gemeinde":"Schaffhausen","fkt":"VO","fkt_text":"verkehrsorientiert","tempo":50,"dtv":17347,"laerm_tag_db":82.5,"bus":true,"linien":["6","8","25","630","632","634","N3","N69"],"haltestellen":[],"bus_anteil":1.0,"bus_text":"ja","laenge_m":130,"abschnitt":"Feuerthaler Brücke","abschnitt_km":0.12,"unfaelle":11,"unf_fuss":0,"unf_velo":5,"fassaden_igw":0,"initiative":true,"gegenvorschlag":true,"vorlage":"gegenvorschlag"},"geometry":{"type":"LineString","coordinates":[[8.63984,47.69509],[8.64011,47.69488],[8.64044,47.69465],[8.64103,47.69424]]}},{"type":"Feature","properties":{"nr":"82","achse":"Gottmadingen - Ramsen","strasse":"Hardstrasse","gemeinde":"Buch (SH)","fkt":"VO","fkt_text":"verkehrsorientiert","tempo":50,"dtv":3000,"laerm_tag_db":75.0,"bus":false,"linien":[],"haltestellen":[],"bus_anteil":0.0,"bus_text":"nein","laenge_m":60,"abschnitt":"Hardstrasse","abschnitt_km":0.393,"unfaelle":2,"unf_fuss":0,"unf_velo":1,"fassaden_igw":0,"initiative":false,"gegenvorschlag":true,"vorlage":"gegenvorschlag"},"geometry":{"type":"LineString","coordinates":[[8.78669,47.71915],[8.78667,47.71912],[8.7866,47.71904],[8.78646,47.71888],[8.78638,47.71879],[8.78628,47.7187],[8.78627,47.71869]]}},{"type":"Feature","properties":{"nr":"H14","achse":"Schaffhausen - Stühlingen","strasse":"Schaffhauserstrasse","gemeinde":"Beringen","fkt":"VO","fkt_text":"verkehrsorientiert","tempo":50,"dtv":11568,"laerm_tag_db":80.3,"bus":true,"linien":["21","N77"],"haltestellen":["Beringen, Hägli"],"bus_anteil":1.0,"bus_text":"ja","laenge_m":812,"abschnitt":"Schaffhauserstrasse","abschnitt_km":1.536,"unfaelle":40,"unf_fuss":4,"unf_velo":9,"fassaden_igw":129,"initiative":true,"gegenvorschlag":true,"vorlage":"gegenvorschlag"},"geometry":{"type":"LineString","coordinates":[[8.58731,47.69628],[8.58682,47.69634],[8.58649,47.69638],[8.58617,47.69642],[8.58601,47.69643],[8.58593,47.69644],[8.58569,47.69645],[8.58549,47.69646],[8.58535,47.69646],[8.58521,47.69646],[8.58511,47.69646],[8.58499,47.69646],[8.58491,47.69646],[8.58482,47.69645],[8.58461,47.69645],[8.58458,47.69644],[8.58437,47.69643],[8.58406,47.69641],[8.58387,47.69639],[8.58372,47.69637],[8.58357,47.69635],[8.58343,47.69633],[8.58326,47.69631],[8.58314,47.6963],[8.58305,47.69629],[8.58298,47.69628],[8.58291,47.69627],[8.58283,47.69627],[8.58262,47.69626],[8.58246,47.69626],[8.58229,47.69627],[8.5821,47.69629],[8.58192,47.69632],[8.58175,47.69636],[8.58157,47.6964],[8.58133,47.69644],[8.58103,47.6965],[8.58084,47.69653],[8.58067,47.69655],[8.58059,47.69657],[8.58046,47.69658],[8.58017,47.69661],[8.57996,47.69662],[8.57969,47.69663],[8.57942,47.69663],[8.57923,47.69663],[8.579,47.69661],[8.5788,47.6966],[8.5786,47.69657],[8.57798,47.6965],[8.57775,47.69647],[8.5775,47.69645],[8.57725,47.69643],[8.5768,47.6964],[8.57663,47.69639]]}},{"type":"Feature","properties":{"nr":"H4","achse":"Bargen - Schaffhausen","strasse":"H4","gemeinde":"Bargen (SH)","fkt":"VO","fkt_text":"verkehrsorientiert","tempo":20,"dtv":3085,"laerm_tag_db":71.5,"bus":false,"linien":[],"haltestellen":[],"bus_anteil":0.0,"bus_text":"nein","laenge_m":339,"abschnitt":"","abschnitt_km":null,"unfaelle":null,"unf_fuss":null,"unf_velo":null,"fassaden_igw":null,"initiative":false,"gegenvorschlag":true,"vorlage":"gegenvorschlag"},"geometry":{"type":"LineString","coordinates":[[8.59096,47.79424],[8.59078,47.79425],[8.5905,47.79427],[8.59005,47.79429],[8.58981,47.79431],[8.58955,47.79432],[8.58913,47.79435],[8.58877,47.79439],[8.58815,47.79448],[8.58782,47.79454],[8.58762,47.79458],[8.58742,47.79463],[8.58729,47.79467],[8.58702,47.79476],[8.58674,47.79483],[8.58658,47.79487]]}},{"type":"Feature","properties":{"nr":"H4","achse":"Bargen Schaffhausen","strasse":"Hochstrasse","gemeinde":"Schaffhausen","fkt":"VO","fkt_text":"verkehrsorientiert","tempo":50,"dtv":9159,"laerm_tag_db":79.6,"bus":true,"linien":["6","10","24"],"haltestellen":[],"bus_anteil":1.0,"bus_text":"ja","laenge_m":49,"abschnitt":"Hochstrasse","abschnitt_km":1.821,"unfaelle":70,"unf_fuss":11,"unf_velo":21,"fassaden_igw":174,"initiative":true,"gegenvorschlag":true,"vorlage":"gegenvorschlag"},"geometry":{"type":"LineString","coordinates":[[8.65232,47.71706],[8.65221,47.71703],[8.65213,47.71701],[8.65202,47.717],[8.65198,47.717],[8.65186,47.71698],[8.65174,47.71698],[8.65168,47.71699]]}},{"type":"Feature","properties":{"nr":"H4","achse":"Bargen Schaffhausen","strasse":"Stettemerstrasse","gemeinde":"Schaffhausen","fkt":"VO","fkt_text":"verkehrsorientiert","tempo":50,"dtv":7328,"laerm_tag_db":78.2,"bus":true,"linien":["3","6","10","24","N2"],"haltestellen":[],"bus_anteil":1.0,"bus_text":"ja","laenge_m":29,"abschnitt":"Stettemerstrasse","abschnitt_km":0.076,"unfaelle":2,"unf_fuss":0,"unf_velo":0,"fassaden_igw":6,"initiative":true,"gegenvorschlag":true,"vorlage":"gegenvorschlag"},"geometry":{"type":"LineString","coordinates":[[8.64991,47.71734],[8.64991,47.71738],[8.64992,47.71746],[8.64993,47.71751],[8.64999,47.7176]]}},{"type":"Feature","properties":{"nr":"H331","achse":"Thayngen - Büsslingen","strasse":"Hauptstrasse","gemeinde":"Thayngen","fkt":"VO","fkt_text":"verkehrsorientiert","tempo":50,"dtv":2071,"laerm_tag_db":73.0,"bus":true,"linien":["24"],"haltestellen":[],"bus_anteil":0.41,"bus_text":"teilweise","laenge_m":334,"abschnitt":"Hauptstrasse","abschnitt_km":1.235,"unfaelle":1,"unf_fuss":0,"unf_velo":0,"fassaden_igw":0,"initiative":true,"gegenvorschlag":true,"vorlage":"gegenvorschlag"},"geometry":{"type":"LineString","coordinates":[[8.6809,47.77079],[8.68083,47.77087],[8.6808,47.7709],[8.68067,47.77105],[8.68062,47.77113],[8.68058,47.7712],[8.68056,47.77126],[8.68054,47.77132],[8.68053,47.77139],[8.68052,47.77153],[8.68049,47.77177],[8.68048,47.77182],[8.68044,47.77192],[8.68039,47.77201],[8.68029,47.77213],[8.68019,47.77222],[8.6801,47.77229],[8.67999,47.77236],[8.67986,47.77243],[8.67969,47.77252],[8.67954,47.77258],[8.67938,47.77265],[8.67919,47.77272],[8.67902,47.77277],[8.67883,47.77283],[8.67865,47.77287],[8.67833,47.77294]]}},{"type":"Feature","properties":{"nr":"H329","achse":"Schaffhausen - Ramsen","strasse":"Hauptstrasse","gemeinde":"Ramsen","fkt":"VO","fkt_text":"verkehrsorientiert","tempo":50,"dtv":4439,"laerm_tag_db":76.9,"bus":true,"linien":["25","33"],"haltestellen":["Ramsen, Dorf"],"bus_anteil":1.0,"bus_text":"ja","laenge_m":160,"abschnitt":"Hauptstrasse","abschnitt_km":0.347,"unfaelle":2,"unf_fuss":0,"unf_velo":0,"fassaden_igw":10,"initiative":true,"gegenvorschlag":true,"vorlage":"gegenvorschlag"},"geometry":{"type":"LineString","coordinates":[[8.81217,47.707],[8.81213,47.70702],[8.81207,47.70704],[8.81196,47.70706],[8.81169,47.70711],[8.81139,47.70716],[8.81133,47.70717],[8.8112,47.70718],[8.81106,47.70719],[8.81094,47.7072],[8.81083,47.7072],[8.81058,47.70718],[8.81031,47.70717],[8.8102,47.70717],[8.81014,47.70717],[8.81009,47.70719]]}},{"type":"Feature","properties":{"nr":"H332","achse":"Stein am Rhein - Heinishofen","strasse":"Langstuck","gemeinde":"Stein am Rhein","fkt":"VO","fkt_text":"verkehrsorientiert","tempo":40,"dtv":3517,"laerm_tag_db":74.4,"bus":true,"linien":["33"],"haltestellen":[],"bus_anteil":1.0,"bus_text":"ja","laenge_m":249,"abschnitt":"Langstuck","abschnitt_km":0.579,"unfaelle":7,"unf_fuss":1,"unf_velo":3,"fassaden_igw":0,"initiative":true,"gegenvorschlag":true,"vorlage":"gegenvorschlag"},"geometry":{"type":"LineString","coordinates":[[8.85766,47.66107],[8.85772,47.66108],[8.85777,47.66109],[8.85786,47.66113],[8.85798,47.66118],[8.85808,47.66121],[8.85818,47.66122],[8.85828,47.66123],[8.85838,47.66122],[8.8584,47.66122],[8.85871,47.6612],[8.85888,47.66117],[8.85911,47.66113],[8.85928,47.66107],[8.85959,47.66098],[8.85967,47.66097],[8.85971,47.66096],[8.85975,47.66095],[8.85981,47.66094],[8.85987,47.66092],[8.85991,47.66092],[8.85993,47.66092],[8.85997,47.66092],[8.86,47.66093],[8.86002,47.66094],[8.86005,47.66095],[8.86007,47.66096],[8.8601,47.66098],[8.86025,47.66112],[8.86038,47.66123],[8.86042,47.66126],[8.86044,47.66127],[8.86048,47.66129],[8.86052,47.6613],[8.86055,47.6613],[8.86059,47.6613]]}},{"type":"Feature","properties":{"nr":"H13-05","achse":"Stein am Rhein, Charregass Auffahrt zum Kreisel Bahnhofstrasse","strasse":"Rhigass","gemeinde":"Stein am Rhein","fkt":"VO","fkt_text":"verkehrsorientiert","tempo":40,"dtv":5829,"laerm_tag_db":75.8,"bus":true,"linien":["33"],"haltestellen":[],"bus_anteil":0.98,"bus_text":"ja","laenge_m":67,"abschnitt":"Rhigass","abschnitt_km":0.452,"unfaelle":19,"unf_fuss":3,"unf_velo":13,"fassaden_igw":14,"initiative":true,"gegenvorschlag":true,"vorlage":"gegenvorschlag"},"geometry":{"type":"LineString","coordinates":[[8.85737,47.65637],[8.85769,47.6567],[8.85775,47.65678],[8.85784,47.65688]]}},{"type":"Feature","properties":{"nr":"H4","achse":"Bargen Schaffhausen","strasse":"Zollstrasse","gemeinde":"Neuhausen am Rheinfall","fkt":"VO","fkt_text":"verkehrsorientiert","tempo":50,"dtv":10406,"laerm_tag_db":80.8,"bus":true,"linien":["1","N4"],"haltestellen":["Neuhausen, Neue Welt","Neuhausen, Rhenania"],"bus_anteil":1.0,"bus_text":"ja","laenge_m":259,"abschnitt":"Zollstrasse","abschnitt_km":2.124,"unfaelle":75,"unf_fuss":19,"unf_velo":11,"fassaden_igw":23,"initiative":true,"gegenvorschlag":true,"vorlage":"gegenvorschlag"},"geometry":{"type":"LineString","coordinates":[[8.60765,47.68072],[8.60776,47.68081],[8.60796,47.68096],[8.60811,47.68109],[8.60828,47.68123],[8.6085,47.6814],[8.60865,47.68152],[8.60889,47.68171],[8.60904,47.68182],[8.60917,47.68193],[8.60927,47.68201],[8.60935,47.68208],[8.60954,47.68226],[8.60972,47.6824],[8.60986,47.68251]]}},{"type":"Feature","properties":{"nr":"H332","achse":"Stein am Rhein - Heinishofen","strasse":"Langstuck","gemeinde":"Stein am Rhein","fkt":"VO","fkt_text":"verkehrsorientiert","tempo":40,"dtv":3517,"laerm_tag_db":74.3,"bus":true,"linien":["33"],"haltestellen":["Stein am Rhein, Untertor"],"bus_anteil":1.0,"bus_text":"ja","laenge_m":103,"abschnitt":"Langstuck","abschnitt_km":0.579,"unfaelle":7,"unf_fuss":1,"unf_velo":3,"fassaden_igw":0,"initiative":true,"gegenvorschlag":true,"vorlage":"gegenvorschlag"},"geometry":{"type":"LineString","coordinates":[[8.85766,47.66107],[8.85761,47.66108],[8.85757,47.66109],[8.85753,47.66111],[8.85747,47.66116],[8.85739,47.66125],[8.85722,47.66145],[8.85707,47.66161],[8.857,47.66167],[8.85695,47.66171],[8.85691,47.66174],[8.85682,47.66179]]}},{"type":"Feature","properties":{"nr":"H4","achse":"Bargen Schaffhausen","strasse":"Falkeneckbrücke","gemeinde":"Schaffhausen","fkt":"VO","fkt_text":"verkehrsorientiert","tempo":50,"dtv":9159,"laerm_tag_db":80.1,"bus":true,"linien":["6","10","24"],"haltestellen":[],"bus_anteil":1.0,"bus_text":"ja","laenge_m":48,"abschnitt":"Falkeneckbrücke","abschnitt_km":0.045,"unfaelle":2,"unf_fuss":0,"unf_velo":0,"fassaden_igw":0,"initiative":true,"gegenvorschlag":true,"vorlage":"gegenvorschlag"},"geometry":{"type":"LineString","coordinates":[[8.65289,47.71725],[8.65276,47.71721],[8.65247,47.71711],[8.65232,47.71706]]}},{"type":"Feature","properties":{"nr":"H4","achse":"Bargen Schaffhausen","strasse":"Mühlenstrasse","gemeinde":"Neuhausen am Rheinfall","fkt":"VO","fkt_text":"verkehrsorientiert","tempo":50,"dtv":34000,"laerm_tag_db":86.2,"bus":true,"linien":["1","21","N4","N77"],"haltestellen":[],"bus_anteil":1.0,"bus_text":"ja","laenge_m":99,"abschnitt":"Mühlenstrasse","abschnitt_km":0.161,"unfaelle":24,"unf_fuss":0,"unf_velo":1,"fassaden_igw":3,"initiative":true,"gegenvorschlag":true,"vorlage":"gegenvorschlag"},"geometry":{"type":"LineString","coordinates":[[8.62235,47.69254],[8.6225,47.69256],[8.62279,47.69261],[8.62299,47.69264],[8.62345,47.6927],[8.62365,47.69271]]}},{"type":"Feature","properties":{"nr":"H14","achse":"Schaffhausen - Stühlingen","strasse":"Schaffhauserstrasse","gemeinde":"Beringen","fkt":"VO","fkt_text":"verkehrsorientiert","tempo":50,"dtv":11568,"laerm_tag_db":80.3,"bus":true,"linien":["21","N77"],"haltestellen":["Beringen, Enge"],"bus_anteil":1.0,"bus_text":"ja","laenge_m":450,"abschnitt":"Schaffhauserstrasse","abschnitt_km":1.536,"unfaelle":40,"unf_fuss":4,"unf_velo":9,"fassaden_igw":129,"initiative":true,"gegenvorschlag":true,"vorlage":"gegenvorschlag"},"geometry":{"type":"LineString","coordinates":[[8.60188,47.69447],[8.60175,47.6945],[8.60169,47.69452],[8.6016,47.69454],[8.60127,47.69462],[8.60097,47.69469],[8.60067,47.69476],[8.60036,47.69483],[8.60002,47.69489],[8.59976,47.69493],[8.5995,47.69496],[8.5993,47.69498],[8.59902,47.69501],[8.59887,47.69503],[8.59807,47.69509],[8.59735,47.69515],[8.59678,47.6952],[8.59653,47.69521],[8.59635,47.69523],[8.59633,47.69523],[8.59613,47.69525],[8.59603,47.69526]]}},{"type":"Feature","properties":{"nr":"H4","achse":"Bargen Schaffhausen","strasse":"Galgenbucktunnel Zufahrt Schaffhausen","gemeinde":"Neuhausen am Rheinfall","fkt":"VO","fkt_text":"verkehrsorientiert","tempo":50,"dtv":18000,"laerm_tag_db":82.9,"bus":true,"linien":["1","21","N4","N77"],"haltestellen":[],"bus_anteil":1.0,"bus_text":"ja","laenge_m":51,"abschnitt":"","abschnitt_km":null,"unfaelle":null,"unf_fuss":null,"unf_velo":null,"fassaden_igw":null,"initiative":true,"gegenvorschlag":true,"vorlage":"gegenvorschlag"},"geometry":{"type":"LineString","coordinates":[[8.62161,47.69118],[8.62167,47.69129],[8.62169,47.69139],[8.62171,47.69163]]}},{"type":"Feature","properties":{"nr":"H4","achse":"Bargen Schaffhausen","strasse":"Schaffhauserstrasse","gemeinde":"Neuhausen am Rheinfall","fkt":"VO","fkt_text":"verkehrsorientiert","tempo":50,"dtv":34000,"laerm_tag_db":86.1,"bus":true,"linien":["1","21","N4","N77"],"haltestellen":[],"bus_anteil":1.0,"bus_text":"ja","laenge_m":116,"abschnitt":"Schaffhauserstrasse","abschnitt_km":1.233,"unfaelle":61,"unf_fuss":6,"unf_velo":11,"fassaden_igw":51,"initiative":true,"gegenvorschlag":true,"vorlage":"gegenvorschlag"},"geometry":{"type":"LineString","coordinates":[[8.62171,47.69163],[8.62174,47.69177],[8.62183,47.69201],[8.62193,47.6922],[8.62203,47.69235],[8.62213,47.69244],[8.62223,47.69249],[8.62235,47.69254]]}},{"type":"Feature","properties":{"nr":"H4","achse":"Bargen Schaffhausen","strasse":"Mühlenstrasse","gemeinde":"Schaffhausen","fkt":"VO","fkt_text":"verkehrsorientiert","tempo":50,"dtv":34000,"laerm_tag_db":86.1,"bus":true,"linien":["1","21","N4","N77"],"haltestellen":["Schaffhausen, Brüggli","Schaffhausen, Kreuz"],"bus_anteil":1.0,"bus_text":"ja","laenge_m":255,"abschnitt":"Mühlenstrasse","abschnitt_km":0.575,"unfaelle":40,"unf_fuss":1,"unf_velo":9,"fassaden_igw":65,"initiative":true,"gegenvorschlag":true,"vorlage":"gegenvorschlag"},"geometry":{"type":"LineString","coordinates":[[8.62365,47.69271],[8.62401,47.69274],[8.62435,47.6928],[8.62438,47.6928],[8.62471,47.69284],[8.62544,47.69294],[8.62631,47.69306],[8.62641,47.69308],[8.62648,47.69309],[8.62655,47.6931],[8.62663,47.6931],[8.62669,47.69311],[8.62676,47.69311],[8.62682,47.69311],[8.62687,47.69311],[8.62693,47.6931],[8.62699,47.6931]]}},{"type":"Feature","properties":{"nr":"H4","achse":"Bargen Schaffhausen","strasse":"Zollstrasse","gemeinde":"Neuhausen am Rheinfall","fkt":"VO","fkt_text":"verkehrsorientiert","tempo":20,"dtv":9608,"laerm_tag_db":72.9,"bus":false,"linien":[],"haltestellen":[],"bus_anteil":0.0,"bus_text":"nein","laenge_m":80,"abschnitt":"Zollstrasse","abschnitt_km":2.124,"unfaelle":75,"unf_fuss":19,"unf_velo":11,"fassaden_igw":23,"initiative":false,"gegenvorschlag":true,"vorlage":"gegenvorschlag"},"geometry":{"type":"LineString","coordinates":[[8.59571,47.66932],[8.59599,47.66978],[8.59611,47.66999]]}},{"type":"Feature","properties":{"nr":"H4","achse":"Bargen Schaffhausen","strasse":"Schaffhauserstrasse","gemeinde":"Neuhausen am Rheinfall","fkt":"VO","fkt_text":"verkehrsorientiert","tempo":50,"dtv":16766,"laerm_tag_db":80.5,"bus":true,"linien":["1","21","N4","N77"],"haltestellen":["Neuhausen, Scheidegg"],"bus_anteil":1.0,"bus_text":"ja","laenge_m":308,"abschnitt":"Schaffhauserstrasse","abschnitt_km":1.233,"unfaelle":61,"unf_fuss":6,"unf_velo":11,"fassaden_igw":51,"initiative":true,"gegenvorschlag":true,"vorlage":"gegenvorschlag"},"geometry":{"type":"LineString","coordinates":[[8.62234,47.68753],[8.62239,47.68779],[8.62243,47.68797],[8.62247,47.68818],[8.62249,47.68834],[8.6225,47.68843],[8.6225,47.68856],[8.62249,47.68864],[8.62249,47.68868],[8.62247,47.68884],[8.62245,47.689],[8.62238,47.68954],[8.62236,47.68974],[8.62231,47.69005],[8.62228,47.69024],[8.62226,47.69028]]}},{"type":"Feature","properties":{"nr":"H330","achse":"Stein am Rhein - Öhningen","strasse":"Rhigass","gemeinde":"Stein am Rhein","fkt":"VO","fkt_text":"verkehrsorientiert","tempo":40,"dtv":5829,"laerm_tag_db":75.2,"bus":true,"linien":["33"],"haltestellen":["Stein am Rhein, Rathaus"],"bus_anteil":1.0,"bus_text":"ja","laenge_m":98,"abschnitt":"Rhigass","abschnitt_km":0.452,"unfaelle":19,"unf_fuss":3,"unf_velo":13,"fassaden_igw":14,"initiative":true,"gegenvorschlag":true,"vorlage":"gegenvorschlag"},"geometry":{"type":"LineString","coordinates":[[8.85923,47.65867],[8.85929,47.65876],[8.85936,47.65886],[8.85939,47.65888],[8.85942,47.65892],[8.85944,47.65896],[8.85947,47.659],[8.8595,47.65905],[8.85951,47.65908],[8.85953,47.6591],[8.85956,47.65912],[8.85959,47.65912],[8.85961,47.65913],[8.85964,47.65912],[8.8597,47.6591],[8.85975,47.65909],[8.8598,47.65908],[8.85987,47.65908],[8.85996,47.65908],[8.86003,47.65908],[8.86011,47.65907]]}},{"type":"Feature","properties":{"nr":"H330","achse":"Stein am Rhein - Öhningen","strasse":"Rhigass","gemeinde":"Stein am Rhein","fkt":"VO","fkt_text":"verkehrsorientiert","tempo":40,"dtv":5829,"laerm_tag_db":75.1,"bus":true,"linien":["33"],"haltestellen":["Stein am Rhein, Schule"],"bus_anteil":1.0,"bus_text":"ja","laenge_m":88,"abschnitt":"Rhigass","abschnitt_km":0.452,"unfaelle":19,"unf_fuss":3,"unf_velo":13,"fassaden_igw":14,"initiative":true,"gegenvorschlag":true,"vorlage":"gegenvorschlag"},"geometry":{"type":"LineString","coordinates":[[8.86121,47.65932],[8.86125,47.65934],[8.86131,47.65935],[8.86144,47.65938],[8.86186,47.65944],[8.86195,47.65946],[8.86205,47.65948],[8.86213,47.65951],[8.8622,47.65954],[8.86223,47.65956],[8.86229,47.6596]]}},{"type":"Feature","properties":{"nr":"71","achse":"Wilchingen - Jestetten","strasse":"In der Gasse","gemeinde":"Wilchingen","fkt":"VO","fkt_text":"verkehrsorientiert","tempo":50,"dtv":2759,"laerm_tag_db":72.8,"bus":true,"linien":["27","N77"],"haltestellen":[],"bus_anteil":1.0,"bus_text":"ja","laenge_m":188,"abschnitt":"In der Gasse","abschnitt_km":0.207,"unfaelle":2,"unf_fuss":0,"unf_velo":2,"fassaden_igw":2,"initiative":true,"gegenvorschlag":true,"vorlage":"gegenvorschlag"},"geometry":{"type":"LineString","coordinates":[[8.46973,47.66736],[8.46975,47.66733],[8.46976,47.6673],[8.46976,47.66726],[8.46975,47.66721],[8.46972,47.66716],[8.46967,47.66707],[8.46962,47.66701],[8.46954,47.6669],[8.46945,47.66679],[8.46938,47.6667],[8.46927,47.66658],[8.46919,47.66649],[8.46913,47.66642],[8.46905,47.66633],[8.46902,47.6663],[8.46896,47.66623],[8.46888,47.66614],[8.46884,47.6661],[8.46882,47.66607],[8.46878,47.66603],[8.46875,47.66598],[8.46873,47.66595],[8.46872,47.66592],[8.46871,47.66587],[8.4687,47.66586]]}},{"type":"Feature","properties":{"nr":"H4","achse":"Bargen Schaffhausen","strasse":"Hochstrasse","gemeinde":"Schaffhausen","fkt":"VO","fkt_text":"verkehrsorientiert","tempo":50,"dtv":9159,"laerm_tag_db":80.1,"bus":true,"linien":["5","6","10","24","N76"],"haltestellen":["Schaffhausen, Falkeneck"],"bus_anteil":1.0,"bus_text":"ja","laenge_m":47,"abschnitt":"Hochstrasse","abschnitt_km":1.821,"unfaelle":70,"unf_fuss":11,"unf_velo":21,"fassaden_igw":174,"initiative":true,"gegenvorschlag":true,"vorlage":"gegenvorschlag"},"geometry":{"type":"LineString","coordinates":[[8.65351,47.71723],[8.65349,47.71723],[8.65347,47.71724],[8.65345,47.71724],[8.65343,47.71725],[8.65341,47.71725],[8.65339,47.71725],[8.65337,47.71726],[8.65335,47.71726],[8.65333,47.71726],[8.65331,47.71726],[8.65329,47.71726],[8.65326,47.71726],[8.65324,47.71727],[8.65322,47.71727],[8.6532,47.71727],[8.65318,47.71727],[8.65316,47.71727],[8.65313,47.71727],[8.65311,47.71727],[8.65309,47.71727],[8.65306,47.71727],[8.65298,47.71726],[8.65289,47.71725]]}},{"type":"Feature","properties":{"nr":"H4","achse":"Bargen Schaffhausen","strasse":"Stettemerstrasse","gemeinde":"Schaffhausen","fkt":"VO","fkt_text":"verkehrsorientiert","tempo":50,"dtv":7328,"laerm_tag_db":79.0,"bus":true,"linien":["3","6","10","N2"],"haltestellen":["Schaffhausen, Gräfler"],"bus_anteil":1.0,"bus_text":"ja","laenge_m":45,"abschnitt":"Stettemerstrasse","abschnitt_km":0.076,"unfaelle":2,"unf_fuss":0,"unf_velo":0,"fassaden_igw":6,"initiative":true,"gegenvorschlag":true,"vorlage":"gegenvorschlag"},"geometry":{"type":"LineString","coordinates":[[8.6504,47.71837],[8.65044,47.71849],[8.65048,47.71865],[8.65049,47.71869],[8.65049,47.71872],[8.65048,47.71875],[8.65046,47.71876]]}},{"type":"Feature","properties":{"nr":"H4","achse":"Bargen Schaffhausen","strasse":"Mühlenstrasse","gemeinde":"Schaffhausen","fkt":"VO","fkt_text":"verkehrsorientiert","tempo":50,"dtv":21236,"laerm_tag_db":84.1,"bus":true,"linien":["1","6","21","25","630","632","634","N3","N4","N69","N77"],"haltestellen":[],"bus_anteil":1.0,"bus_text":"ja","laenge_m":226,"abschnitt":"Mühlenstrasse","abschnitt_km":0.575,"unfaelle":40,"unf_fuss":1,"unf_velo":9,"fassaden_igw":65,"initiative":true,"gegenvorschlag":true,"vorlage":"gegenvorschlag"},"geometry":{"type":"LineString","coordinates":[[8.62888,47.6933],[8.62904,47.69337],[8.62923,47.69346],[8.62938,47.69353],[8.62951,47.69359],[8.62961,47.69363],[8.6297,47.69366],[8.62978,47.69368],[8.62988,47.69369],[8.62999,47.6937],[8.63019,47.6937],[8.63032,47.69371],[8.63045,47.69371],[8.6306,47.69371],[8.63075,47.69371],[8.63091,47.69369],[8.63106,47.69367],[8.63126,47.69365],[8.63149,47.69362],[8.63159,47.69361],[8.63171,47.69359]]}},{"type":"Feature","properties":{"nr":"73","achse":"Hallau - Neunkirch","strasse":"Neunkircherstrasse","gemeinde":"Hallau","fkt":"VO","fkt_text":"verkehrsorientiert","tempo":50,"dtv":3569,"laerm_tag_db":75.7,"bus":false,"linien":[],"haltestellen":[],"bus_anteil":0.0,"bus_text":"nein","laenge_m":425,"abschnitt":"Neunkircherstrasse","abschnitt_km":0.345,"unfaelle":2,"unf_fuss":0,"unf_velo":1,"fassaden_igw":5,"initiative":false,"gegenvorschlag":true,"vorlage":"gegenvorschlag"},"geometry":{"type":"LineString","coordinates":[[8.46481,47.69619],[8.46484,47.69612],[8.46488,47.69603],[8.46489,47.69602],[8.46493,47.69592],[8.46499,47.6958],[8.46511,47.69553],[8.46517,47.6954],[8.46521,47.69534],[8.46537,47.69511],[8.46565,47.69473],[8.46586,47.69445],[8.4661,47.69411],[8.46619,47.69399],[8.46622,47.69396],[8.46628,47.69389],[8.46636,47.69381],[8.46644,47.69373],[8.46653,47.69366],[8.46664,47.69357],[8.46671,47.69352],[8.46681,47.69347],[8.46691,47.69344],[8.46704,47.6934],[8.46717,47.69338],[8.46726,47.69337],[8.46738,47.69337],[8.46754,47.69337],[8.46788,47.69338],[8.4679,47.69338]]}},{"type":"Feature","properties":{"nr":"82","achse":"Gottmadingen - Ramsen","strasse":"Hardstrasse","gemeinde":"Buch (SH)","fkt":"VO","fkt_text":"verkehrsorientiert","tempo":50,"dtv":3000,"laerm_tag_db":75.0,"bus":false,"linien":[],"haltestellen":[],"bus_anteil":0.0,"bus_text":"nein","laenge_m":125,"abschnitt":"Hardstrasse","abschnitt_km":0.393,"unfaelle":2,"unf_fuss":0,"unf_velo":1,"fassaden_igw":0,"initiative":false,"gegenvorschlag":true,"vorlage":"gegenvorschlag"},"geometry":{"type":"LineString","coordinates":[[8.78721,47.72022],[8.78718,47.72013],[8.78696,47.71967],[8.78678,47.7193],[8.78672,47.71919],[8.78669,47.71915]]}},{"type":"Feature","properties":{"nr":"H14","achse":"Schaffhausen - Stühlingen","strasse":"Hauptstrasse","gemeinde":"Siblingen","fkt":"VO","fkt_text":"verkehrsorientiert","tempo":50,"dtv":4242,"laerm_tag_db":77.1,"bus":true,"linien":["21"],"haltestellen":["Siblingen, Am Stei"],"bus_anteil":1.0,"bus_text":"ja","laenge_m":386,"abschnitt":"Hauptstrasse","abschnitt_km":1.049,"unfaelle":5,"unf_fuss":0,"unf_velo":1,"fassaden_igw":23,"initiative":true,"gegenvorschlag":true,"vorlage":"gegenvorschlag"},"geometry":{"type":"LineString","coordinates":[[8.52059,47.71413],[8.52034,47.71418],[8.52007,47.71424],[8.51991,47.71429],[8.5197,47.71434],[8.5195,47.71438],[8.51929,47.71443],[8.51912,47.71447],[8.51898,47.7145],[8.51881,47.71452],[8.5187,47.71454],[8.51862,47.71455],[8.51854,47.71454],[8.51846,47.71453],[8.51836,47.71452],[8.51823,47.7145],[8.51799,47.71445],[8.51784,47.71442],[8.51771,47.71439],[8.51758,47.71438],[8.51741,47.71437],[8.51726,47.71436],[8.5171,47.71436],[8.51695,47.71436],[8.51683,47.71436],[8.51671,47.71437],[8.51658,47.71438],[8.5165,47.71439],[8.51636,47.71441],[8.51614,47.71443],[8.5159,47.71446],[8.5156,47.7145]]}},{"type":"Feature","properties":{"nr":"H14","achse":"Schaffhausen - Stühlingen","strasse":"Hauptstrasse","gemeinde":"Siblingen","fkt":"VO","fkt_text":"verkehrsorientiert","tempo":50,"dtv":4242,"laerm_tag_db":77.2,"bus":true,"linien":["21"],"haltestellen":["Siblingen, Dorf"],"bus_anteil":1.0,"bus_text":"ja","laenge_m":277,"abschnitt":"Hauptstrasse","abschnitt_km":1.049,"unfaelle":5,"unf_fuss":0,"unf_velo":1,"fassaden_igw":23,"initiative":true,"gegenvorschlag":true,"vorlage":"gegenvorschlag"},"geometry":{"type":"LineString","coordinates":[[8.52375,47.71313],[8.52374,47.71323],[8.52372,47.71328],[8.52369,47.71335],[8.52364,47.71341],[8.52361,47.71343],[8.52358,47.71347],[8.52352,47.7135],[8.52344,47.71354],[8.52335,47.71357],[8.52325,47.7136],[8.52306,47.71363],[8.5227,47.7137],[8.52227,47.71379],[8.52196,47.71385],[8.5212,47.714],[8.52106,47.71403],[8.52072,47.7141],[8.52059,47.71413]]}},{"type":"Feature","properties":{"nr":"H4","achse":"Bargen Schaffhausen","strasse":"Hochstrasse","gemeinde":"Schaffhausen","fkt":"VO","fkt_text":"verkehrsorientiert","tempo":50,"dtv":9159,"laerm_tag_db":79.9,"bus":true,"linien":["3","6","10","24","N2"],"haltestellen":["Schaffhausen, St. Peter"],"bus_anteil":1.0,"bus_text":"ja","laenge_m":42,"abschnitt":"Hochstrasse","abschnitt_km":1.821,"unfaelle":70,"unf_fuss":11,"unf_velo":21,"fassaden_igw":174,"initiative":true,"gegenvorschlag":true,"vorlage":"gegenvorschlag"},"geometry":{"type":"LineString","coordinates":[[8.65045,47.71727],[8.65042,47.71727],[8.65031,47.71729],[8.65019,47.7173],[8.65008,47.7173],[8.64991,47.71734]]}},{"type":"Feature","properties":{"nr":"76","achse":"Zentrum Schaffhausen - Schweizersbild","strasse":"Hochstrasse","gemeinde":"Schaffhausen","fkt":"VO","fkt_text":"verkehrsorientiert","tempo":50,"dtv":8671,"laerm_tag_db":79.1,"bus":true,"linien":["3","6","24","N2"],"haltestellen":["Schaffhausen, Finsterwaldstr.","Schaffhausen, Hornbergstieg","Schaffhausen, Seidenhof"],"bus_anteil":1.0,"bus_text":"ja","laenge_m":724,"abschnitt":"Hochstrasse","abschnitt_km":1.821,"unfaelle":70,"unf_fuss":11,"unf_velo":21,"fassaden_igw":174,"initiative":true,"gegenvorschlag":true,"vorlage":"gegenvorschlag"},"geometry":{"type":"LineString","coordinates":[[8.63492,47.70196],[8.63494,47.70214],[8.63496,47.70225],[8.63498,47.70232],[8.63502,47.70243],[8.63505,47.70251],[8.6351,47.7026],[8.63515,47.70269],[8.63527,47.7029],[8.63546,47.70319],[8.63557,47.70336],[8.63563,47.70345],[8.63566,47.70352],[8.63571,47.70363],[8.63573,47.70367],[8.63576,47.70372],[8.63582,47.70385],[8.63588,47.704],[8.63591,47.70408],[8.63604,47.70439],[8.63609,47.7045],[8.63615,47.70464],[8.63623,47.70484],[8.63632,47.70504],[8.63636,47.70515],[8.63646,47.70537],[8.63663,47.7058],[8.63674,47.70604],[8.63682,47.7062],[8.63687,47.7063],[8.63695,47.70645],[8.63708,47.70668],[8.63726,47.70699],[8.63743,47.70725],[8.63757,47.70743],[8.63775,47.70765],[8.63797,47.70791],[8.63809,47.70808]]}},{"type":"Feature","properties":{"nr":"H4","achse":"Bargen Schaffhausen","strasse":"Bachstrasse","gemeinde":"Schaffhausen","fkt":"VO","fkt_text":"verkehrsorientiert","tempo":50,"dtv":18000,"laerm_tag_db":83.1,"bus":true,"linien":["1","4","5","N3","N76"],"haltestellen":["Schaffhausen, Feuerwehrzentrum"],"bus_anteil":1.0,"bus_text":"ja","laenge_m":84,"abschnitt":"Bachstrasse","abschnitt_km":0.912,"unfaelle":75,"unf_fuss":5,"unf_velo":24,"fassaden_igw":146,"initiative":true,"gegenvorschlag":true,"vorlage":"gegenvorschlag"},"geometry":{"type":"LineString","coordinates":[[8.6366,47.70133],[8.63667,47.70143],[8.6368,47.70152],[8.63694,47.70159],[8.63703,47.70162],[8.63707,47.70163],[8.63717,47.70165],[8.63726,47.70167],[8.63734,47.70168],[8.6374,47.70169],[8.63746,47.70171],[8.63749,47.70173]]}},{"type":"Feature","properties":{"nr":"H4","achse":"Bargen Schaffhausen","strasse":"Bachstrasse","gemeinde":"Schaffhausen","fkt":"VO","fkt_text":"verkehrsorientiert","tempo":50,"dtv":9738,"laerm_tag_db":80.0,"bus":true,"linien":["8","25","630","632","634","N69"],"haltestellen":[],"bus_anteil":1.0,"bus_text":"ja","laenge_m":117,"abschnitt":"Bachstrasse","abschnitt_km":0.912,"unfaelle":75,"unf_fuss":5,"unf_velo":24,"fassaden_igw":146,"initiative":true,"gegenvorschlag":true,"vorlage":"gegenvorschlag"},"geometry":{"type":"LineString","coordinates":[[8.63791,47.69648],[8.63782,47.69683],[8.63778,47.697],[8.63772,47.69726],[8.63765,47.69748],[8.63765,47.69752]]}},{"type":"Feature","properties":{"nr":"H4","achse":"Bargen Schaffhausen","strasse":"Rheinuferstrasse","gemeinde":"Schaffhausen","fkt":"VO","fkt_text":"verkehrsorientiert","tempo":50,"dtv":15336,"laerm_tag_db":81.9,"bus":true,"linien":["6","8","25","630","632","634","N3","N69"],"haltestellen":["Schaffhausen, Rhybadi"],"bus_anteil":1.0,"bus_text":"ja","laenge_m":426,"abschnitt":"Rheinuferstrasse","abschnitt_km":0.653,"unfaelle":28,"unf_fuss":3,"unf_velo":2,"fassaden_igw":43,"initiative":true,"gegenvorschlag":true,"vorlage":"gegenvorschlag"},"geometry":{"type":"LineString","coordinates":[[8.63305,47.69347],[8.63328,47.69348],[8.63412,47.6935],[8.63462,47.69352],[8.63484,47.69352],[8.635,47.69353],[8.63513,47.69354],[8.63521,47.69355],[8.6354,47.69358],[8.63563,47.69361],[8.6358,47.69364],[8.636,47.69368],[8.63623,47.69374],[8.63641,47.6938],[8.63657,47.69385],[8.63673,47.69391],[8.6369,47.69397],[8.63709,47.69404],[8.63729,47.69412],[8.63751,47.6942],[8.63783,47.69433],[8.63836,47.69455]]}},{"type":"Feature","properties":{"nr":"H4","achse":"Bargen Schaffhausen","strasse":"Ebnatstrasse","gemeinde":"Schaffhausen","fkt":"VO","fkt_text":"verkehrsorientiert","tempo":50,"dtv":7386,"laerm_tag_db":79.6,"bus":true,"linien":["1","N3"],"haltestellen":["Schaffhausen, Kronenhalde"],"bus_anteil":1.0,"bus_text":"ja","laenge_m":240,"abschnitt":"Ebnatstrasse","abschnitt_km":2.434,"unfaelle":57,"unf_fuss":4,"unf_velo":9,"fassaden_igw":10,"initiative":true,"gegenvorschlag":true,"vorlage":"gegenvorschlag"},"geometry":{"type":"LineString","coordinates":[[8.64023,47.70649],[8.64025,47.70643],[8.64026,47.70636],[8.64027,47.70622],[8.64027,47.70606],[8.64029,47.70596],[8.6403,47.70589],[8.64033,47.70579],[8.64038,47.70573],[8.64042,47.70569],[8.6405,47.70565],[8.64057,47.70562],[8.64064,47.70561],[8.6407,47.70561],[8.64085,47.70564],[8.6411,47.7057],[8.64138,47.70578],[8.64156,47.70585],[8.64169,47.70592],[8.64211,47.70617]]}},{"type":"Feature","properties":{"nr":"H4","achse":"Bargen Schaffhausen","strasse":"Ebnatstrasse","gemeinde":"Schaffhausen","fkt":"VO","fkt_text":"verkehrsorientiert","tempo":50,"dtv":7386,"laerm_tag_db":79.5,"bus":true,"linien":["1","N3"],"haltestellen":["Schaffhausen, Kronenhalde"],"bus_anteil":1.0,"bus_text":"ja","laenge_m":149,"abschnitt":"Ebnatstrasse","abschnitt_km":2.434,"unfaelle":57,"unf_fuss":4,"unf_velo":9,"fassaden_igw":10,"initiative":true,"gegenvorschlag":true,"vorlage":"gegenvorschlag"},"geometry":{"type":"LineString","coordinates":[[8.64211,47.70617],[8.64244,47.70637],[8.64265,47.70648],[8.64294,47.70663],[8.64347,47.7069],[8.64367,47.707]]}},{"type":"Feature","properties":{"nr":"H4","achse":"Bargen Schaffhausen","strasse":"Ebnatstrasse","gemeinde":"Schaffhausen","fkt":"VO","fkt_text":"verkehrsorientiert","tempo":50,"dtv":7386,"laerm_tag_db":79.3,"bus":true,"linien":["1","9","N3"],"haltestellen":["Schaffhausen, Ebnat"],"bus_anteil":1.0,"bus_text":"ja","laenge_m":271,"abschnitt":"Ebnatstrasse","abschnitt_km":2.434,"unfaelle":57,"unf_fuss":4,"unf_velo":9,"fassaden_igw":10,"initiative":true,"gegenvorschlag":true,"vorlage":"gegenvorschlag"},"geometry":{"type":"LineString","coordinates":[[8.64367,47.707],[8.64392,47.70713],[8.6441,47.70722],[8.64425,47.7073],[8.64455,47.70745],[8.64468,47.7075],[8.64474,47.70753],[8.64493,47.70762],[8.64511,47.70768],[8.64567,47.70787],[8.64641,47.70812],[8.64651,47.70815],[8.64659,47.70817],[8.64679,47.70819]]}},{"type":"Feature","properties":{"nr":"H4","achse":"Bargen Schaffhausen","strasse":"Ebnatstrasse","gemeinde":"Schaffhausen","fkt":"VO","fkt_text":"verkehrsorientiert","tempo":50,"dtv":8183,"laerm_tag_db":79.5,"bus":true,"linien":["5","6","10","24","N76"],"haltestellen":["Schaffhausen, Falkeneck"],"bus_anteil":0.67,"bus_text":"teilweise","laenge_m":48,"abschnitt":"Ebnatstrasse","abschnitt_km":2.434,"unfaelle":57,"unf_fuss":4,"unf_velo":9,"fassaden_igw":10,"initiative":true,"gegenvorschlag":true,"vorlage":"gegenvorschlag"},"geometry":{"type":"LineString","coordinates":[[8.65414,47.71721],[8.65401,47.71719],[8.65379,47.7172],[8.65362,47.71722],[8.65351,47.71723]]}},{"type":"Feature","properties":{"nr":"H4","achse":"Bargen Schaffhausen","strasse":"Hochstrasse","gemeinde":"Schaffhausen","fkt":"VO","fkt_text":"verkehrsorientiert","tempo":50,"dtv":9159,"laerm_tag_db":80.1,"bus":true,"linien":["6","10","24"],"haltestellen":["Schaffhausen, St. Peter"],"bus_anteil":1.0,"bus_text":"ja","laenge_m":98,"abschnitt":"Hochstrasse","abschnitt_km":1.821,"unfaelle":70,"unf_fuss":11,"unf_velo":21,"fassaden_igw":174,"initiative":true,"gegenvorschlag":true,"vorlage":"gegenvorschlag"},"geometry":{"type":"LineString","coordinates":[[8.65168,47.71699],[8.65159,47.71699],[8.65146,47.71701],[8.65132,47.71704],[8.65115,47.71709],[8.65081,47.71719],[8.65063,47.71723],[8.65045,47.71727]]}},{"type":"Feature","properties":{"nr":"H4","achse":"Bargen Schaffhausen","strasse":"Schweizersbildstrasse","gemeinde":"Schaffhausen","fkt":"VO","fkt_text":"verkehrsorientiert","tempo":50,"dtv":8251,"laerm_tag_db":79.4,"bus":true,"linien":["10"],"haltestellen":[],"bus_anteil":1.0,"bus_text":"ja","laenge_m":238,"abschnitt":"Schweizersbildstrasse","abschnitt_km":1.775,"unfaelle":20,"unf_fuss":2,"unf_velo":7,"fassaden_igw":34,"initiative":true,"gegenvorschlag":true,"vorlage":"gegenvorschlag"},"geometry":{"type":"LineString","coordinates":[[8.64236,47.72273],[8.64204,47.72286],[8.64174,47.72298],[8.64093,47.7233],[8.64058,47.72344],[8.64013,47.72361],[8.63962,47.72381]]}},{"type":"Feature","properties":{"nr":"H4","achse":"Bargen Schaffhausen","strasse":"Schweizersbildstrasse","gemeinde":"Schaffhausen","fkt":"VO","fkt_text":"verkehrsorientiert","tempo":50,"dtv":8349,"laerm_tag_db":79.3,"bus":true,"linien":["10"],"haltestellen":[],"bus_anteil":1.0,"bus_text":"ja","laenge_m":264,"abschnitt":"Schweizersbildstrasse","abschnitt_km":1.775,"unfaelle":20,"unf_fuss":2,"unf_velo":7,"fassaden_igw":34,"initiative":true,"gegenvorschlag":true,"vorlage":"gegenvorschlag"},"geometry":{"type":"LineString","coordinates":[[8.63828,47.72446],[8.63804,47.72458],[8.63794,47.72463],[8.6378,47.72469],[8.63763,47.72475],[8.63742,47.72481],[8.63729,47.72485],[8.63719,47.72487],[8.63705,47.72489],[8.63692,47.72491],[8.63676,47.72494],[8.63656,47.72498],[8.63597,47.72506],[8.6356,47.72511],[8.63523,47.72518],[8.635,47.72523]]}},{"type":"Feature","properties":{"nr":"725","achse":"Bargen Schaffhausen","strasse":"Hauptstrasse","gemeinde":"Merishausen","fkt":"VO","fkt_text":"verkehrsorientiert","tempo":50,"dtv":1936,"laerm_tag_db":71.9,"bus":true,"linien":["23"],"haltestellen":["Merishausen, im Kerr"],"bus_anteil":1.0,"bus_text":"ja","laenge_m":402,"abschnitt":"Hauptstrasse","abschnitt_km":0.919,"unfaelle":0,"unf_fuss":0,"unf_velo":0,"fassaden_igw":0,"initiative":true,"gegenvorschlag":true,"vorlage":"gegenvorschlag"},"geometry":{"type":"LineString","coordinates":[[8.61217,47.75517],[8.61209,47.75526],[8.61179,47.75556],[8.6117,47.75565],[8.61165,47.7557],[8.61158,47.75576],[8.61143,47.75591],[8.6112,47.75614],[8.61079,47.75655],[8.61063,47.75671],[8.61054,47.75681],[8.61045,47.75691],[8.61034,47.75705],[8.61027,47.75716],[8.6102,47.75731],[8.61014,47.75744],[8.61011,47.75753],[8.61009,47.75763],[8.61008,47.75774],[8.61006,47.7579],[8.61002,47.75836],[8.61002,47.75838]]}},{"type":"Feature","properties":{"nr":"725","achse":"Bargen Schaffhausen","strasse":"Hauptstrasse","gemeinde":"Merishausen","fkt":"VO","fkt_text":"verkehrsorientiert","tempo":50,"dtv":1936,"laerm_tag_db":72.0,"bus":true,"linien":["23"],"haltestellen":["Merishausen, Brunngasse","Merishausen, Gemeindehaus"],"bus_anteil":1.0,"bus_text":"ja","laenge_m":337,"abschnitt":"Hauptstrasse","abschnitt_km":0.919,"unfaelle":0,"unf_fuss":0,"unf_velo":0,"fassaden_igw":0,"initiative":true,"gegenvorschlag":true,"vorlage":"gegenvorschlag"},"geometry":{"type":"LineString","coordinates":[[8.61002,47.75838],[8.61,47.75861],[8.60998,47.75877],[8.60997,47.75892],[8.60996,47.75915],[8.60995,47.75939],[8.60995,47.75944],[8.60995,47.75951],[8.60994,47.75955],[8.60992,47.75963],[8.60988,47.75976],[8.6098,47.75997],[8.60976,47.76009],[8.60975,47.76012],[8.60974,47.76015],[8.60973,47.76017],[8.60972,47.7602],[8.60971,47.76022],[8.6097,47.76025],[8.60969,47.76027],[8.60962,47.7604],[8.60946,47.76064],[8.60938,47.76076],[8.60931,47.76088],[8.60924,47.76098],[8.60916,47.76109],[8.60908,47.76119],[8.609,47.76129]]}},{"type":"Feature","properties":{"nr":"725","achse":"Bargen Schaffhausen","strasse":"Hauptstrasse","gemeinde":"Merishausen","fkt":"VO","fkt_text":"verkehrsorientiert","tempo":50,"dtv":1936,"laerm_tag_db":71.9,"bus":true,"linien":["23"],"haltestellen":["Merishausen, Gemeindehaus"],"bus_anteil":1.0,"bus_text":"ja","laenge_m":263,"abschnitt":"Hauptstrasse","abschnitt_km":0.919,"unfaelle":0,"unf_fuss":0,"unf_velo":0,"fassaden_igw":0,"initiative":true,"gegenvorschlag":true,"vorlage":"gegenvorschlag"},"geometry":{"type":"LineString","coordinates":[[8.609,47.76129],[8.60895,47.76134],[8.6089,47.76139],[8.60886,47.76145],[8.60881,47.76153],[8.60876,47.76163],[8.60874,47.7617],[8.60872,47.76178],[8.60862,47.76214],[8.60848,47.76267],[8.60843,47.76284],[8.60839,47.76296],[8.60829,47.76321],[8.60825,47.76333],[8.60824,47.7634],[8.60823,47.76346],[8.60824,47.76353],[8.60825,47.76359]]}},{"type":"Feature","properties":{"nr":"725","achse":"Bargen Schaffhausen","strasse":"Hauptstrasse","gemeinde":"Merishausen","fkt":"VO","fkt_text":"verkehrsorientiert","tempo":50,"dtv":1936,"laerm_tag_db":71.9,"bus":true,"linien":["23"],"haltestellen":["Merishausen, Eichwis"],"bus_anteil":1.0,"bus_text":"ja","laenge_m":174,"abschnitt":"Hauptstrasse","abschnitt_km":0.919,"unfaelle":0,"unf_fuss":0,"unf_velo":0,"fassaden_igw":0,"initiative":true,"gegenvorschlag":true,"vorlage":"gegenvorschlag"},"geometry":{"type":"LineString","coordinates":[[8.60825,47.76359],[8.60827,47.76363],[8.6083,47.7637],[8.60833,47.76376],[8.60846,47.76401],[8.6088,47.76463],[8.6089,47.76482],[8.60902,47.76506]]}},{"type":"Feature","properties":{"nr":"725","achse":"Bargen Schaffhausen","strasse":"Schulstrasse","gemeinde":"Bargen (SH)","fkt":"VO","fkt_text":"verkehrsorientiert","tempo":50,"dtv":700,"laerm_tag_db":64.8,"bus":true,"linien":["23"],"haltestellen":[],"bus_anteil":1.0,"bus_text":"ja","laenge_m":57,"abschnitt":"Schulstrasse","abschnitt_km":0.53,"unfaelle":1,"unf_fuss":0,"unf_velo":1,"fassaden_igw":0,"initiative":true,"gegenvorschlag":true,"vorlage":"gegenvorschlag"},"geometry":{"type":"LineString","coordinates":[[8.61215,47.79285],[8.61205,47.79285],[8.61195,47.79286],[8.61181,47.79287],[8.61177,47.79286],[8.61173,47.79286],[8.61169,47.79286],[8.61166,47.79286],[8.61162,47.79285],[8.61158,47.79285],[8.61155,47.79284],[8.61152,47.79283],[8.61149,47.79283],[8.61146,47.79282],[8.61144,47.79281],[8.61141,47.7928]]}},{"type":"Feature","properties":{"nr":"725","achse":"Bargen Schaffhausen","strasse":"Schulstrasse","gemeinde":"Bargen (SH)","fkt":"VO","fkt_text":"verkehrsorientiert","tempo":50,"dtv":700,"laerm_tag_db":64.8,"bus":true,"linien":["23"],"haltestellen":[],"bus_anteil":1.0,"bus_text":"ja","laenge_m":24,"abschnitt":"Schulstrasse","abschnitt_km":0.53,"unfaelle":1,"unf_fuss":0,"unf_velo":1,"fassaden_igw":0,"initiative":true,"gegenvorschlag":true,"vorlage":"gegenvorschlag"},"geometry":{"type":"LineString","coordinates":[[8.61141,47.7928],[8.61139,47.79278],[8.61137,47.79277],[8.61135,47.79276],[8.61133,47.79274],[8.61127,47.79269],[8.61122,47.79262]]}},{"type":"Feature","properties":{"nr":"H4","achse":"Bargen Schaffhausen","strasse":"Ebnatstrasse","gemeinde":"Schaffhausen","fkt":"VO","fkt_text":"verkehrsorientiert","tempo":50,"dtv":6931,"laerm_tag_db":79.4,"bus":true,"linien":["9","N3"],"haltestellen":["Schaffhausen, Busdepot"],"bus_anteil":1.0,"bus_text":"ja","laenge_m":356,"abschnitt":"Ebnatstrasse","abschnitt_km":2.434,"unfaelle":57,"unf_fuss":4,"unf_velo":9,"fassaden_igw":10,"initiative":true,"gegenvorschlag":true,"vorlage":"gegenvorschlag"},"geometry":{"type":"LineString","coordinates":[[8.65425,47.71181],[8.6549,47.71213],[8.65561,47.71251],[8.65627,47.71287],[8.65659,47.71305],[8.6569,47.71321],[8.65703,47.71327],[8.65728,47.71339],[8.65762,47.71357],[8.65773,47.71364],[8.65785,47.71371],[8.65796,47.71381]]}},{"type":"Feature","properties":{"nr":"H4","achse":"Bargen Schaffhausen","strasse":"Ebnatstrasse","gemeinde":"Schaffhausen","fkt":"VO","fkt_text":"verkehrsorientiert","tempo":50,"dtv":6931,"laerm_tag_db":79.3,"bus":true,"linien":["9","N3"],"haltestellen":["Schaffhausen, Ernst Homberger-Strasse"],"bus_anteil":1.0,"bus_text":"ja","laenge_m":183,"abschnitt":"Ebnatstrasse","abschnitt_km":2.434,"unfaelle":57,"unf_fuss":4,"unf_velo":9,"fassaden_igw":10,"initiative":true,"gegenvorschlag":true,"vorlage":"gegenvorschlag"},"geometry":{"type":"LineString","coordinates":[[8.65796,47.71381],[8.65803,47.71391],[8.65806,47.71396],[8.65807,47.714],[8.65809,47.71411],[8.65808,47.71422],[8.65806,47.7143],[8.65802,47.71437],[8.65791,47.71459],[8.65769,47.71496],[8.65765,47.71505],[8.6576,47.71516],[8.65749,47.71536]]}},{"type":"Feature","properties":{"nr":"H4","achse":"Bargen Schaffhausen","strasse":"Ebnatstrasse","gemeinde":"Schaffhausen","fkt":"VO","fkt_text":"verkehrsorientiert","tempo":50,"dtv":8183,"laerm_tag_db":79.4,"bus":false,"linien":[],"haltestellen":[],"bus_anteil":0.0,"bus_text":"nein","laenge_m":223,"abschnitt":"Ebnatstrasse","abschnitt_km":2.434,"unfaelle":57,"unf_fuss":4,"unf_velo":9,"fassaden_igw":10,"initiative":false,"gegenvorschlag":true,"vorlage":"gegenvorschlag"},"geometry":{"type":"LineString","coordinates":[[8.65646,47.71725],[8.65635,47.71745],[8.65626,47.71753],[8.65615,47.71762],[8.65601,47.71768],[8.65586,47.71774],[8.65569,47.71777],[8.65552,47.71778],[8.65548,47.71777],[8.65536,47.71776],[8.65521,47.71773],[8.65506,47.71768],[8.65493,47.7176],[8.6547,47.71745],[8.65456,47.71737],[8.65444,47.7173],[8.65432,47.71726],[8.65419,47.71722],[8.65414,47.71721]]}},{"type":"Feature","properties":{"nr":"H15","achse":"Herblingen - Thayngen","strasse":"Ernst Homberger-Strasse","gemeinde":"Schaffhausen","fkt":"VO","fkt_text":"verkehrsorientiert","tempo":50,"dtv":5029,"laerm_tag_db":77.7,"bus":true,"linien":["9"],"haltestellen":["Schaffhausen, Ernst Homberger-Strasse"],"bus_anteil":1.0,"bus_text":"ja","laenge_m":418,"abschnitt":"Ernst Homberger-Strasse","abschnitt_km":0.471,"unfaelle":15,"unf_fuss":1,"unf_velo":8,"fassaden_igw":0,"initiative":true,"gegenvorschlag":true,"vorlage":"gegenvorschlag"},"geometry":{"type":"LineString","coordinates":[[8.66272,47.71667],[8.66261,47.71664],[8.66198,47.71648],[8.66148,47.71636],[8.6612,47.71629],[8.66058,47.71614],[8.65995,47.71598],[8.65961,47.71589],[8.65907,47.71576],[8.65878,47.71569],[8.65828,47.71556],[8.65777,47.71544],[8.65749,47.71536]]}},{"type":"Feature","properties":{"nr":"H15","achse":"Herblingen - Thayngen","strasse":"Gennersbrunnerstrasse","gemeinde":"Schaffhausen","fkt":"VO","fkt_text":"verkehrsorientiert","tempo":50,"dtv":10177,"laerm_tag_db":80.6,"bus":true,"linien":["9"],"haltestellen":["Herblingen, Bahnhof"],"bus_anteil":1.0,"bus_text":"ja","laenge_m":81,"abschnitt":"Gennersbrunnerstrasse","abschnitt_km":0.978,"unfaelle":38,"unf_fuss":7,"unf_velo":7,"fassaden_igw":24,"initiative":true,"gegenvorschlag":true,"vorlage":"gegenvorschlag"},"geometry":{"type":"LineString","coordinates":[[8.66305,47.71742],[8.66335,47.71687],[8.66341,47.71674]]}},{"type":"Feature","properties":{"nr":"H15","achse":"Herblingen - Thayngen","strasse":"Thayngerstrasse","gemeinde":"Schaffhausen","fkt":"VO","fkt_text":"verkehrsorientiert","tempo":50,"dtv":4241,"laerm_tag_db":75.7,"bus":true,"linien":["5","24","N76"],"haltestellen":["Schaffhausen, Unterdorf"],"bus_anteil":1.0,"bus_text":"ja","laenge_m":208,"abschnitt":"Thayngerstrasse","abschnitt_km":0.874,"unfaelle":13,"unf_fuss":1,"unf_velo":1,"fassaden_igw":11,"initiative":true,"gegenvorschlag":true,"vorlage":"gegenvorschlag"},"geometry":{"type":"LineString","coordinates":[[8.66417,47.72354],[8.66413,47.72343],[8.66411,47.72338],[8.66406,47.7233],[8.66401,47.72323],[8.66395,47.72316],[8.66388,47.72307],[8.66379,47.72297],[8.6637,47.72288],[8.66353,47.72274],[8.66343,47.72267],[8.66332,47.7226],[8.66321,47.72253],[8.66309,47.72247],[8.6626,47.72221],[8.66244,47.72215]]}},{"type":"Feature","properties":{"nr":"H15","achse":"Herblingen - Thayngen","strasse":"Thayngerstrasse","gemeinde":"Schaffhausen","fkt":"VO","fkt_text":"verkehrsorientiert","tempo":50,"dtv":2608,"laerm_tag_db":74.8,"bus":true,"linien":["5","N76"],"haltestellen":[],"bus_anteil":1.0,"bus_text":"ja","laenge_m":225,"abschnitt":"Thayngerstrasse","abschnitt_km":0.874,"unfaelle":13,"unf_fuss":1,"unf_velo":1,"fassaden_igw":11,"initiative":true,"gegenvorschlag":true,"vorlage":"gegenvorschlag"},"geometry":{"type":"LineString","coordinates":[[8.66381,47.72873],[8.66378,47.72867],[8.66376,47.72862],[8.66374,47.72856],[8.66371,47.7285],[8.6637,47.72845],[8.66368,47.72839],[8.66367,47.72833],[8.66366,47.72828],[8.66365,47.72822],[8.66365,47.72817],[8.66365,47.72811],[8.66365,47.72806],[8.66365,47.728],[8.66366,47.72792],[8.66366,47.72786],[8.66367,47.7278],[8.66368,47.72775],[8.6637,47.72769],[8.66372,47.72763],[8.66373,47.72757],[8.66375,47.72752],[8.66383,47.7273],[8.66385,47.72724],[8.66387,47.72718],[8.66388,47.72712],[8.6639,47.72705],[8.66391,47.72699],[8.66392,47.72693],[8.66393,47.72687],[8.66395,47.72674]]}},{"type":"Feature","properties":{"nr":"H15","achse":"Herblingen - Thayngen","strasse":"Bahnhofstrasse","gemeinde":"Thayngen","fkt":"VO","fkt_text":"verkehrsorientiert","tempo":50,"dtv":3314,"laerm_tag_db":75.4,"bus":true,"linien":["N76"],"haltestellen":[],"bus_anteil":1.0,"bus_text":"ja","laenge_m":204,"abschnitt":"Bahnhofstrasse","abschnitt_km":1.003,"unfaelle":13,"unf_fuss":4,"unf_velo":5,"fassaden_igw":29,"initiative":true,"gegenvorschlag":true,"vorlage":"gegenvorschlag"},"geometry":{"type":"LineString","coordinates":[[8.69764,47.74794],[8.69761,47.74795],[8.6974,47.74797],[8.69721,47.74799],[8.69698,47.74801],[8.69683,47.74801],[8.69669,47.74802],[8.69662,47.74802],[8.69649,47.74802],[8.69635,47.74801],[8.6962,47.748],[8.69608,47.74799],[8.69598,47.74797],[8.69582,47.74796],[8.69558,47.74793],[8.69525,47.74789],[8.69498,47.74785],[8.69494,47.74785]]}},{"type":"Feature","properties":{"nr":"H15","achse":"Herblingen - Thayngen","strasse":"Bahnhofstrasse","gemeinde":"Thayngen","fkt":"VO","fkt_text":"verkehrsorientiert","tempo":50,"dtv":3314,"laerm_tag_db":75.3,"bus":true,"linien":["N76"],"haltestellen":["Thayngen, Silberberg"],"bus_anteil":1.0,"bus_text":"ja","laenge_m":93,"abschnitt":"Bahnhofstrasse","abschnitt_km":1.003,"unfaelle":13,"unf_fuss":4,"unf_velo":5,"fassaden_igw":29,"initiative":true,"gegenvorschlag":true,"vorlage":"gegenvorschlag"},"geometry":{"type":"LineString","coordinates":[[8.69884,47.74771],[8.69862,47.74776],[8.69843,47.7478],[8.69825,47.74784],[8.69809,47.74787],[8.69792,47.7479],[8.69785,47.74791],[8.69776,47.74792],[8.69764,47.74794]]}},{"type":"Feature","properties":{"nr":"H15","achse":"Herblingen - Thayngen","strasse":"Bahnhofstrasse","gemeinde":"Thayngen","fkt":"VO","fkt_text":"verkehrsorientiert","tempo":50,"dtv":3314,"laerm_tag_db":75.3,"bus":true,"linien":["N76"],"haltestellen":["Thayngen, Silberberg"],"bus_anteil":1.0,"bus_text":"ja","laenge_m":102,"abschnitt":"Bahnhofstrasse","abschnitt_km":1.003,"unfaelle":13,"unf_fuss":4,"unf_velo":5,"fassaden_igw":29,"initiative":true,"gegenvorschlag":true,"vorlage":"gegenvorschlag"},"geometry":{"type":"LineString","coordinates":[[8.70015,47.74749],[8.70001,47.74751],[8.69985,47.74752],[8.69964,47.74755],[8.69947,47.74757],[8.69928,47.74761],[8.69918,47.74763],[8.69884,47.74771]]}},{"type":"Feature","properties":{"nr":"H15","achse":"Herblingen - Thayngen","strasse":"Bahnhofstrasse","gemeinde":"Thayngen","fkt":"VO","fkt_text":"verkehrsorientiert","tempo":50,"dtv":3314,"laerm_tag_db":75.5,"bus":true,"linien":["N76"],"haltestellen":[],"bus_anteil":1.0,"bus_text":"ja","laenge_m":155,"abschnitt":"Bahnhofstrasse","abschnitt_km":1.003,"unfaelle":13,"unf_fuss":4,"unf_velo":5,"fassaden_igw":29,"initiative":true,"gegenvorschlag":true,"vorlage":"gegenvorschlag"},"geometry":{"type":"LineString","coordinates":[[8.7009,47.74637],[8.70086,47.74657],[8.70074,47.74711],[8.70071,47.74727],[8.70068,47.74732],[8.70065,47.74737],[8.7006,47.74741],[8.70055,47.74743],[8.7005,47.74746],[8.70044,47.74747],[8.70035,47.74748],[8.70015,47.74749]]}},{"type":"Feature","properties":{"nr":"H15","achse":"Herblingen - Thayngen","strasse":"Bahnhofstrasse","gemeinde":"Thayngen","fkt":"VO","fkt_text":"verkehrsorientiert","tempo":50,"dtv":3314,"laerm_tag_db":75.3,"bus":true,"linien":["N76"],"haltestellen":[],"bus_anteil":1.0,"bus_text":"ja","laenge_m":49,"abschnitt":"Bahnhofstrasse","abschnitt_km":1.003,"unfaelle":13,"unf_fuss":4,"unf_velo":5,"fassaden_igw":29,"initiative":true,"gegenvorschlag":true,"vorlage":"gegenvorschlag"},"geometry":{"type":"LineString","coordinates":[[8.70104,47.74593],[8.70101,47.74597],[8.70099,47.746],[8.70096,47.74608],[8.70093,47.74622],[8.7009,47.74637]]}},{"type":"Feature","properties":{"nr":"H15","achse":"Herblingen - Thayngen","strasse":"Bahnhofstrasse","gemeinde":"Thayngen","fkt":"VO","fkt_text":"verkehrsorientiert","tempo":50,"dtv":3314,"laerm_tag_db":75.3,"bus":true,"linien":["24","N76"],"haltestellen":["Thayngen, Bahnhof"],"bus_anteil":1.0,"bus_text":"ja","laenge_m":299,"abschnitt":"Bahnhofstrasse","abschnitt_km":1.003,"unfaelle":13,"unf_fuss":4,"unf_velo":5,"fassaden_igw":29,"initiative":true,"gegenvorschlag":true,"vorlage":"gegenvorschlag"},"geometry":{"type":"LineString","coordinates":[[8.70497,47.74574],[8.70488,47.74575],[8.70475,47.74577],[8.7046,47.74579],[8.70452,47.7458],[8.70441,47.7458],[8.70415,47.7458],[8.70395,47.74579],[8.70383,47.7458],[8.70369,47.7458],[8.70357,47.74581],[8.70347,47.74582],[8.7034,47.74583],[8.70328,47.74584],[8.70303,47.74584],[8.70266,47.74584],[8.70174,47.74584],[8.70137,47.74584],[8.7013,47.74584],[8.70124,47.74585],[8.70118,47.74586],[8.70114,47.74587],[8.7011,47.74589],[8.70107,47.74591],[8.70104,47.74593]]}},{"type":"Feature","properties":{"nr":"H331","achse":"Thayngen - Büsslingen","strasse":"Hauptstrasse","gemeinde":"Thayngen","fkt":"VO","fkt_text":"verkehrsorientiert","tempo":50,"dtv":2071,"laerm_tag_db":73.0,"bus":true,"linien":["24"],"haltestellen":[],"bus_anteil":0.75,"bus_text":"teilweise","laenge_m":432,"abschnitt":"Hauptstrasse","abschnitt_km":1.235,"unfaelle":1,"unf_fuss":0,"unf_velo":0,"fassaden_igw":0,"initiative":true,"gegenvorschlag":true,"vorlage":"gegenvorschlag"},"geometry":{"type":"LineString","coordinates":[[8.67833,47.77294],[8.67813,47.77298],[8.67805,47.77301],[8.67785,47.77307],[8.67771,47.77312],[8.67755,47.77318],[8.67742,47.77323],[8.67728,47.7733],[8.67716,47.77335],[8.67706,47.77341],[8.67695,47.77345],[8.67686,47.7735],[8.67663,47.77359],[8.67646,47.77366],[8.6763,47.77371],[8.67614,47.77375],[8.676,47.77379],[8.6756,47.7739],[8.67536,47.77396],[8.67448,47.77419],[8.67421,47.77426],[8.67379,47.77438],[8.67312,47.77456]]}},{"type":"Feature","properties":{"nr":"H13","achse":"Neuhausen - Erzingen","strasse":"Grosser Letten","gemeinde":"Neunkirch","fkt":"VO","fkt_text":"verkehrsorientiert","tempo":50,"dtv":6331,"laerm_tag_db":78.2,"bus":false,"linien":[],"haltestellen":[],"bus_anteil":0.0,"bus_text":"nein","laenge_m":207,"abschnitt":"Grosser Letten","abschnitt_km":0.611,"unfaelle":4,"unf_fuss":0,"unf_velo":0,"fassaden_igw":10,"initiative":false,"gegenvorschlag":true,"vorlage":"gegenvorschlag"},"geometry":{"type":"LineString","coordinates":[[8.49932,47.68851],[8.49916,47.6885],[8.49902,47.68849],[8.49888,47.68847],[8.49871,47.68845],[8.49856,47.68843],[8.49846,47.68841],[8.49839,47.68839],[8.49836,47.68838],[8.49825,47.68834],[8.49816,47.68829],[8.49809,47.68824],[8.49803,47.68819],[8.49799,47.68813],[8.49792,47.68804],[8.49779,47.68787],[8.49771,47.68777],[8.49764,47.68768],[8.49757,47.68761],[8.49748,47.68753],[8.49742,47.68748],[8.49734,47.68742]]}},{"type":"Feature","properties":{"nr":"H13","achse":"Neuhausen - Erzingen","strasse":"Wilchingerstrasse","gemeinde":"Neunkirch","fkt":"VO","fkt_text":"verkehrsorientiert","tempo":50,"dtv":5919,"laerm_tag_db":77.6,"bus":false,"linien":[],"haltestellen":[],"bus_anteil":0.0,"bus_text":"nein","laenge_m":413,"abschnitt":"Wilchingerstrasse","abschnitt_km":0.251,"unfaelle":1,"unf_fuss":0,"unf_velo":0,"fassaden_igw":0,"initiative":false,"gegenvorschlag":true,"vorlage":"gegenvorschlag"},"geometry":{"type":"LineString","coordinates":[[8.49534,47.68705],[8.49513,47.687],[8.49484,47.68694],[8.49459,47.68689],[8.49432,47.68683],[8.49412,47.68678],[8.49389,47.68673],[8.49374,47.68669],[8.49359,47.68664],[8.49346,47.68659],[8.49334,47.68654],[8.49321,47.68648],[8.49308,47.68641],[8.49296,47.68634],[8.49284,47.68627],[8.49241,47.68599],[8.49221,47.68587],[8.49205,47.68577],[8.49192,47.68569],[8.49182,47.68563],[8.49171,47.68557],[8.49158,47.6855],[8.49145,47.68544],[8.49135,47.68539],[8.49126,47.68535],[8.49114,47.6853],[8.49103,47.68525],[8.4908,47.68517],[8.49071,47.68514]]}},{"type":"Feature","properties":{"nr":"73","achse":"Hallau - Neunkirch","strasse":"Namenlos","gemeinde":"Neunkirch","fkt":"VO","fkt_text":"verkehrsorientiert","tempo":50,"dtv":5668,"laerm_tag_db":77.8,"bus":true,"linien":["N77"],"haltestellen":[],"bus_anteil":1.0,"bus_text":"ja","laenge_m":75,"abschnitt":"","abschnitt_km":null,"unfaelle":null,"unf_fuss":null,"unf_velo":null,"fassaden_igw":null,"initiative":true,"gegenvorschlag":true,"vorlage":"gegenvorschlag"},"geometry":{"type":"LineString","coordinates":[[8.50155,47.68855],[8.50168,47.68846],[8.5018,47.68841],[8.50189,47.68837],[8.50204,47.68833],[8.50215,47.68832],[8.50224,47.68831],[8.50232,47.6883],[8.5024,47.68828],[8.50244,47.68827]]}},{"type":"Feature","properties":{"nr":"73","achse":"Hallau - Neunkirch","strasse":"Namenlos","gemeinde":"Neunkirch","fkt":"VO","fkt_text":"verkehrsorientiert","tempo":50,"dtv":5668,"laerm_tag_db":77.5,"bus":true,"linien":["N77"],"haltestellen":[],"bus_anteil":1.0,"bus_text":"ja","laenge_m":47,"abschnitt":"","abschnitt_km":null,"unfaelle":null,"unf_fuss":null,"unf_velo":null,"fassaden_igw":null,"initiative":true,"gegenvorschlag":true,"vorlage":"gegenvorschlag"},"geometry":{"type":"LineString","coordinates":[[8.50123,47.68891],[8.50128,47.68886],[8.50135,47.68879],[8.50144,47.68866],[8.50155,47.68855]]}},{"type":"Feature","properties":{"nr":"73","achse":"Hallau - Neunkirch","strasse":"Namenlos","gemeinde":"Neunkirch","fkt":"VO","fkt_text":"verkehrsorientiert","tempo":50,"dtv":5668,"laerm_tag_db":77.6,"bus":true,"linien":["N77"],"haltestellen":[],"bus_anteil":1.0,"bus_text":"ja","laenge_m":40,"abschnitt":"","abschnitt_km":null,"unfaelle":null,"unf_fuss":null,"unf_velo":null,"fassaden_igw":null,"initiative":true,"gegenvorschlag":true,"vorlage":"gegenvorschlag"},"geometry":{"type":"LineString","coordinates":[[8.50244,47.68827],[8.50248,47.68827],[8.50255,47.68824],[8.50269,47.68818],[8.50288,47.68808]]}},{"type":"Feature","properties":{"nr":"H13","achse":"Neuhausen - Erzingen","strasse":"Grosser Letten","gemeinde":"Neunkirch","fkt":"VO","fkt_text":"verkehrsorientiert","tempo":50,"dtv":6331,"laerm_tag_db":78.1,"bus":true,"linien":["N77"],"haltestellen":[],"bus_anteil":0.14,"bus_text":"teilweise","laenge_m":242,"abschnitt":"Grosser Letten","abschnitt_km":0.611,"unfaelle":4,"unf_fuss":0,"unf_velo":0,"fassaden_igw":10,"initiative":true,"gegenvorschlag":true,"vorlage":"gegenvorschlag"},"geometry":{"type":"LineString","coordinates":[[8.50227,47.68798],[8.50221,47.68799],[8.50214,47.688],[8.50203,47.68804],[8.50195,47.68807],[8.50187,47.68812],[8.50178,47.68818],[8.50168,47.68826],[8.50157,47.68832],[8.50144,47.68839],[8.50129,47.68845],[8.5012,47.68848],[8.50111,47.6885],[8.50099,47.68853],[8.50085,47.68855],[8.50076,47.68856],[8.5006,47.68857],[8.50046,47.68857],[8.50033,47.68856],[8.50005,47.68854],[8.4998,47.68853],[8.49956,47.68852],[8.49932,47.68851]]}},{"type":"Feature","properties":{"nr":"71","achse":"Wilchingen - Jestetten","strasse":"In der Gasse","gemeinde":"Wilchingen","fkt":"VO","fkt_text":"verkehrsorientiert","tempo":50,"dtv":2759,"laerm_tag_db":74.7,"bus":true,"linien":["27","N77"],"haltestellen":[],"bus_anteil":1.0,"bus_text":"ja","laenge_m":387,"abschnitt":"In der Gasse","abschnitt_km":0.207,"unfaelle":2,"unf_fuss":0,"unf_velo":2,"fassaden_igw":2,"initiative":true,"gegenvorschlag":true,"vorlage":"gegenvorschlag"},"geometry":{"type":"LineString","coordinates":[[8.46875,47.66525],[8.46876,47.66518],[8.46876,47.66511],[8.46875,47.66504],[8.46875,47.66495],[8.46874,47.66487],[8.46872,47.66479],[8.46871,47.66474],[8.4687,47.66468],[8.46869,47.66461],[8.46864,47.66445],[8.46862,47.66438],[8.46859,47.66432],[8.46855,47.66423],[8.46843,47.66398],[8.46841,47.66394],[8.46838,47.66386],[8.46837,47.6638],[8.46837,47.66374],[8.46839,47.66367],[8.46842,47.66361],[8.46845,47.66354],[8.46851,47.66348],[8.46856,47.66343],[8.46861,47.66338],[8.46868,47.66333],[8.46876,47.66328],[8.46886,47.66323],[8.46894,47.6632],[8.46897,47.66319],[8.46907,47.66317],[8.46915,47.66315],[8.46926,47.66314],[8.46935,47.66314],[8.46945,47.66315],[8.46955,47.66316],[8.46961,47.66317],[8.46969,47.66318],[8.46976,47.66318],[8.46983,47.66318],[8.46991,47.66318],[8.47,47.66317],[8.47009,47.66317],[8.47016,47.66316],[8.47027,47.66315],[8.47037,47.66313],[8.47045,47.66312],[8.47055,47.6631],[8.47065,47.66307],[8.47074,47.66304]]}},{"type":"Feature","properties":{"nr":"71","achse":"Wilchingen - Jestetten","strasse":"In der Gasse","gemeinde":"Wilchingen","fkt":"VO","fkt_text":"verkehrsorientiert","tempo":50,"dtv":2759,"laerm_tag_db":75.0,"bus":true,"linien":["27","N77"],"haltestellen":[],"bus_anteil":1.0,"bus_text":"ja","laenge_m":67,"abschnitt":"In der Gasse","abschnitt_km":0.207,"unfaelle":2,"unf_fuss":0,"unf_velo":2,"fassaden_igw":2,"initiative":true,"gegenvorschlag":true,"vorlage":"gegenvorschlag"},"geometry":{"type":"LineString","coordinates":[[8.4687,47.66586],[8.4687,47.66583],[8.4687,47.6658],[8.4687,47.66578],[8.4687,47.66574],[8.46874,47.66539],[8.46875,47.66532],[8.46875,47.66525]]}},{"type":"Feature","properties":{"nr":"H330","achse":"Stein am Rhein - Öhningen","strasse":"Rhigass","gemeinde":"Stein am Rhein","fkt":"VO","fkt_text":"verkehrsorientiert","tempo":40,"dtv":5829,"laerm_tag_db":75.1,"bus":true,"linien":["33"],"haltestellen":["Stein am Rhein, Rathaus"],"bus_anteil":1.0,"bus_text":"ja","laenge_m":91,"abschnitt":"Rhigass","abschnitt_km":0.452,"unfaelle":19,"unf_fuss":3,"unf_velo":13,"fassaden_igw":14,"initiative":true,"gegenvorschlag":true,"vorlage":"gegenvorschlag"},"geometry":{"type":"LineString","coordinates":[[8.86011,47.65907],[8.8602,47.65905],[8.8603,47.65902],[8.86049,47.65894],[8.86066,47.65887],[8.86074,47.65885],[8.86076,47.65884],[8.86078,47.65884],[8.86081,47.65885],[8.86083,47.65886],[8.86084,47.65888],[8.86086,47.65891],[8.86089,47.65894],[8.8609,47.65897],[8.86092,47.659],[8.86092,47.65901],[8.86094,47.65902],[8.86097,47.65903],[8.861,47.65904],[8.86103,47.65905],[8.86106,47.65907]]}},{"type":"Feature","properties":{"nr":"H330","achse":"Stein am Rhein - Öhningen","strasse":"Rhigass","gemeinde":"Stein am Rhein","fkt":"VO","fkt_text":"verkehrsorientiert","tempo":40,"dtv":5829,"laerm_tag_db":75.1,"bus":true,"linien":["33"],"haltestellen":["Stein am Rhein, Schule"],"bus_anteil":1.0,"bus_text":"ja","laenge_m":31,"abschnitt":"Rhigass","abschnitt_km":0.452,"unfaelle":19,"unf_fuss":3,"unf_velo":13,"fassaden_igw":14,"initiative":true,"gegenvorschlag":true,"vorlage":"gegenvorschlag"},"geometry":{"type":"LineString","coordinates":[[8.86106,47.65907],[8.8611,47.6591],[8.86111,47.65912],[8.86113,47.65917],[8.86114,47.65921],[8.86116,47.65925],[8.86118,47.65929],[8.8612,47.65931],[8.86121,47.65932]]}},{"type":"Feature","properties":{"nr":"H352","achse":"Kaltenbach - Stein am Rhein","strasse":"Rhigass","gemeinde":"Stein am Rhein","fkt":"VO","fkt_text":"verkehrsorientiert","tempo":40,"dtv":5829,"laerm_tag_db":75.5,"bus":true,"linien":["33"],"haltestellen":[],"bus_anteil":1.0,"bus_text":"ja","laenge_m":113,"abschnitt":"Rhigass","abschnitt_km":0.452,"unfaelle":19,"unf_fuss":3,"unf_velo":13,"fassaden_igw":14,"initiative":true,"gegenvorschlag":true,"vorlage":"gegenvorschlag"},"geometry":{"type":"LineString","coordinates":[[8.85784,47.65688],[8.85796,47.65701],[8.85818,47.65724],[8.85834,47.6574],[8.85845,47.65752],[8.85849,47.65757],[8.85856,47.65765],[8.85863,47.65774]]}},{"type":"Feature","properties":{"nr":"H352","achse":"Kaltenbach - Stein am Rhein","strasse":"Kaltenbacherstrasse","gemeinde":"Stein am Rhein","fkt":"VO","fkt_text":"verkehrsorientiert","tempo":50,"dtv":5353,"laerm_tag_db":78.1,"bus":true,"linien":["33","825"],"haltestellen":[],"bus_anteil":1.0,"bus_text":"ja","laenge_m":384,"abschnitt":"Kaltenbacherstrasse","abschnitt_km":0.73,"unfaelle":10,"unf_fuss":0,"unf_velo":6,"fassaden_igw":19,"initiative":true,"gegenvorschlag":true,"vorlage":"gegenvorschlag"},"geometry":{"type":"LineString","coordinates":[[8.85745,47.65508],[8.85742,47.65501],[8.85741,47.65496],[8.85738,47.65492],[8.85737,47.65489],[8.85734,47.65485],[8.85729,47.65476],[8.85725,47.65471],[8.85721,47.65466],[8.85716,47.65463],[8.85709,47.65459],[8.85699,47.65456],[8.8565,47.65441],[8.85588,47.65423],[8.85558,47.65413],[8.85549,47.6541],[8.85536,47.65404],[8.85525,47.654],[8.8551,47.65393],[8.85497,47.65386],[8.85485,47.6538],[8.85471,47.65372],[8.85461,47.65366],[8.85447,47.65355],[8.85437,47.65348],[8.85424,47.65336],[8.85419,47.65331],[8.85406,47.6532],[8.85394,47.65308],[8.85376,47.65289]]}},{"type":"Feature","properties":{"nr":"H352","achse":"Kaltenbach - Stein am Rhein","strasse":"Kaltenbacherstrasse","gemeinde":"Stein am Rhein","fkt":"VO","fkt_text":"verkehrsorientiert","tempo":50,"dtv":5353,"laerm_tag_db":78.1,"bus":true,"linien":["825"],"haltestellen":[],"bus_anteil":1.0,"bus_text":"ja","laenge_m":121,"abschnitt":"Kaltenbacherstrasse","abschnitt_km":0.73,"unfaelle":10,"unf_fuss":0,"unf_velo":6,"fassaden_igw":19,"initiative":true,"gegenvorschlag":true,"vorlage":"gegenvorschlag"},"geometry":{"type":"LineString","coordinates":[[8.85376,47.65289],[8.85347,47.65259],[8.85337,47.65249],[8.85331,47.65243],[8.85319,47.65232],[8.85306,47.65222],[8.85293,47.65213],[8.85283,47.65206],[8.85278,47.65203]]}},{"type":"Feature","properties":{"nr":"H352","achse":"Kaltenbach - Stein am Rhein","strasse":"Kaltenbacherstrasse","gemeinde":"Stein am Rhein","fkt":"VO","fkt_text":"verkehrsorientiert","tempo":50,"dtv":5353,"laerm_tag_db":78.1,"bus":true,"linien":["825"],"haltestellen":[],"bus_anteil":1.0,"bus_text":"ja","laenge_m":126,"abschnitt":"Kaltenbacherstrasse","abschnitt_km":0.73,"unfaelle":10,"unf_fuss":0,"unf_velo":6,"fassaden_igw":19,"initiative":true,"gegenvorschlag":true,"vorlage":"gegenvorschlag"},"geometry":{"type":"LineString","coordinates":[[8.85278,47.65203],[8.85265,47.65195],[8.85248,47.65186],[8.85222,47.65171],[8.85199,47.65159],[8.85187,47.65151],[8.85177,47.65144],[8.85169,47.65137],[8.85163,47.65132],[8.85163,47.65131],[8.85161,47.65128],[8.85158,47.65125]]}},{"type":"Feature","properties":{"nr":"H13","achse":"Wagenhausen - Schaffhausen","strasse":"Wagenhauserstrasse","gemeinde":"Stein am Rhein","fkt":"VO","fkt_text":"verkehrsorientiert","tempo":50,"dtv":6455,"laerm_tag_db":78.5,"bus":true,"linien":["33","825"],"haltestellen":[],"bus_anteil":0.96,"bus_text":"ja","laenge_m":163,"abschnitt":"Wagenhauserstrasse","abschnitt_km":0.746,"unfaelle":14,"unf_fuss":3,"unf_velo":2,"fassaden_igw":59,"initiative":true,"gegenvorschlag":true,"vorlage":"gegenvorschlag"},"geometry":{"type":"LineString","coordinates":[[8.85641,47.65677],[8.85673,47.65665],[8.85699,47.65655],[8.85709,47.65651],[8.85722,47.65645],[8.8574,47.65636],[8.85752,47.65629],[8.85764,47.65623],[8.85785,47.65608],[8.85795,47.656],[8.85807,47.65586]]}},{"type":"Feature","properties":{"nr":"H330","achse":"Stein am Rhein - Öhningen","strasse":"Oehningerstrasse","gemeinde":"Stein am Rhein","fkt":"VO","fkt_text":"verkehrsorientiert","tempo":50,"dtv":3448,"laerm_tag_db":75.8,"bus":false,"linien":[],"haltestellen":[],"bus_anteil":0.0,"bus_text":"nein","laenge_m":522,"abschnitt":"Oehningerstrasse","abschnitt_km":1.181,"unfaelle":16,"unf_fuss":1,"unf_velo":11,"fassaden_igw":15,"initiative":false,"gegenvorschlag":true,"vorlage":"gegenvorschlag"},"geometry":{"type":"LineString","coordinates":[[8.86506,47.65935],[8.86531,47.65926],[8.86576,47.65911],[8.8661,47.659],[8.86638,47.6589],[8.8666,47.65882],[8.86685,47.65874],[8.86714,47.65864],[8.86742,47.65854],[8.86782,47.65841],[8.86801,47.65834],[8.86813,47.65831],[8.86828,47.65826],[8.86842,47.65823],[8.86854,47.6582],[8.86861,47.65819],[8.86875,47.65818],[8.86885,47.65817],[8.86896,47.65816],[8.86918,47.65817],[8.8697,47.65817],[8.86972,47.65817],[8.86999,47.65819],[8.8702,47.6582],[8.87061,47.65821],[8.87081,47.65821],[8.87087,47.65821],[8.8714,47.65822],[8.87161,47.65822]]}},{"type":"Feature","properties":{"nr":"H332","achse":"Stein am Rhein - Heinishofen","strasse":"Langstuck","gemeinde":"Stein am Rhein","fkt":"VO","fkt_text":"verkehrsorientiert","tempo":40,"dtv":3517,"laerm_tag_db":74.4,"bus":true,"linien":["33"],"haltestellen":[],"bus_anteil":1.0,"bus_text":"ja","laenge_m":86,"abschnitt":"Langstuck","abschnitt_km":0.579,"unfaelle":7,"unf_fuss":1,"unf_velo":3,"fassaden_igw":0,"initiative":true,"gegenvorschlag":true,"vorlage":"gegenvorschlag"},"geometry":{"type":"LineString","coordinates":[[8.86152,47.66017],[8.86177,47.65998],[8.86203,47.65979],[8.86211,47.65973],[8.86216,47.65967],[8.86222,47.65963],[8.86229,47.6596]]}},{"type":"Feature","properties":{"nr":"H332","achse":"Stein am Rhein - Heinishofen","strasse":"Langstuck","gemeinde":"Stein am Rhein","fkt":"VO","fkt_text":"verkehrsorientiert","tempo":40,"dtv":3517,"laerm_tag_db":74.3,"bus":true,"linien":["33"],"haltestellen":[],"bus_anteil":1.0,"bus_text":"ja","laenge_m":146,"abschnitt":"Langstuck","abschnitt_km":0.579,"unfaelle":7,"unf_fuss":1,"unf_velo":3,"fassaden_igw":0,"initiative":true,"gegenvorschlag":true,"vorlage":"gegenvorschlag"},"geometry":{"type":"LineString","coordinates":[[8.86059,47.6613],[8.86062,47.6613],[8.86063,47.6613],[8.86066,47.66129],[8.8607,47.66127],[8.86072,47.66124],[8.86074,47.66121],[8.86077,47.66117],[8.86097,47.66085],[8.86115,47.66058],[8.8612,47.66051],[8.86124,47.66044],[8.8613,47.66038],[8.86138,47.6603],[8.86145,47.66023],[8.86152,47.66017]]}},{"type":"Feature","properties":{"nr":"H332","achse":"Stein am Rhein - Heinishofen","strasse":"Langstuck","gemeinde":"Stein am Rhein","fkt":"VO","fkt_text":"verkehrsorientiert","tempo":40,"dtv":3517,"laerm_tag_db":74.3,"bus":true,"linien":["33"],"haltestellen":[],"bus_anteil":1.0,"bus_text":"ja","laenge_m":119,"abschnitt":"Langstuck","abschnitt_km":0.579,"unfaelle":7,"unf_fuss":1,"unf_velo":3,"fassaden_igw":0,"initiative":true,"gegenvorschlag":true,"vorlage":"gegenvorschlag"},"geometry":{"type":"LineString","coordinates":[[8.85682,47.66179],[8.85672,47.66182],[8.85648,47.6619],[8.85587,47.66213],[8.85565,47.66222],[8.85543,47.6623]]}},{"type":"Feature","properties":{"nr":"H332","achse":"Stein am Rhein - Heinishofen","strasse":"Hemishoferstrasse","gemeinde":"Stein am Rhein","fkt":"VO","fkt_text":"verkehrsorientiert","tempo":50,"dtv":3517,"laerm_tag_db":76.2,"bus":true,"linien":["33"],"haltestellen":[],"bus_anteil":1.0,"bus_text":"ja","laenge_m":122,"abschnitt":"Hemishoferstrasse","abschnitt_km":1.379,"unfaelle":12,"unf_fuss":1,"unf_velo":7,"fassaden_igw":13,"initiative":true,"gegenvorschlag":true,"vorlage":"gegenvorschlag"},"geometry":{"type":"LineString","coordinates":[[8.85252,47.66323],[8.85226,47.66331],[8.85204,47.6634],[8.85187,47.66347],[8.85172,47.66354],[8.85164,47.66358],[8.85132,47.66375],[8.85116,47.66383]]}},{"type":"Feature","properties":{"nr":"H332","achse":"Stein am Rhein - Heinishofen","strasse":"Hemishoferstrasse","gemeinde":"Stein am Rhein","fkt":"VO","fkt_text":"verkehrsorientiert","tempo":50,"dtv":3517,"laerm_tag_db":76.1,"bus":true,"linien":["33"],"haltestellen":["Stein am Rhein, Strandbad"],"bus_anteil":1.0,"bus_text":"ja","laenge_m":165,"abschnitt":"Hemishoferstrasse","abschnitt_km":1.379,"unfaelle":12,"unf_fuss":1,"unf_velo":7,"fassaden_igw":13,"initiative":true,"gegenvorschlag":true,"vorlage":"gegenvorschlag"},"geometry":{"type":"LineString","coordinates":[[8.85116,47.66383],[8.85094,47.66392],[8.8507,47.66402],[8.85032,47.66415],[8.85007,47.66424],[8.84967,47.66438],[8.84942,47.66447],[8.84924,47.66455]]}},{"type":"Feature","properties":{"nr":"H332","achse":"Stein am Rhein - Heinishofen","strasse":"Hemishoferstrasse","gemeinde":"Stein am Rhein","fkt":"VO","fkt_text":"verkehrsorientiert","tempo":50,"dtv":3517,"laerm_tag_db":76.2,"bus":true,"linien":["33"],"haltestellen":[],"bus_anteil":1.0,"bus_text":"ja","laenge_m":205,"abschnitt":"Hemishoferstrasse","abschnitt_km":1.379,"unfaelle":12,"unf_fuss":1,"unf_velo":7,"fassaden_igw":13,"initiative":true,"gegenvorschlag":true,"vorlage":"gegenvorschlag"},"geometry":{"type":"LineString","coordinates":[[8.84804,47.66534],[8.84769,47.66559],[8.8473,47.66589],[8.84692,47.6662],[8.84665,47.66641],[8.84658,47.66647],[8.84652,47.66653],[8.8464,47.66665],[8.84628,47.66675]]}},{"type":"Feature","properties":{"nr":"H332","achse":"Stein am Rhein - Heinishofen","strasse":"Hemishoferstrasse","gemeinde":"Stein am Rhein","fkt":"VO","fkt_text":"verkehrsorientiert","tempo":50,"dtv":3517,"laerm_tag_db":76.1,"bus":true,"linien":["33"],"haltestellen":[],"bus_anteil":1.0,"bus_text":"ja","laenge_m":126,"abschnitt":"Hemishoferstrasse","abschnitt_km":1.379,"unfaelle":12,"unf_fuss":1,"unf_velo":7,"fassaden_igw":13,"initiative":true,"gegenvorschlag":true,"vorlage":"gegenvorschlag"},"geometry":{"type":"LineString","coordinates":[[8.84924,47.66455],[8.84906,47.66465],[8.84885,47.66478],[8.84867,47.6649],[8.84841,47.66508],[8.84804,47.66534]]}},{"type":"Feature","properties":{"nr":"H329","achse":"Schaffhausen - Ramsen","strasse":"Sonnenstrasse","gemeinde":"Ramsen","fkt":"VO","fkt_text":"verkehrsorientiert","tempo":50,"dtv":2542,"laerm_tag_db":73.9,"bus":true,"linien":["25","33"],"haltestellen":["Ramsen, Sonne"],"bus_anteil":1.0,"bus_text":"ja","laenge_m":73,"abschnitt":"Sonnenstrasse","abschnitt_km":0.733,"unfaelle":3,"unf_fuss":1,"unf_velo":2,"fassaden_igw":0,"initiative":true,"gegenvorschlag":true,"vorlage":"gegenvorschlag"},"geometry":{"type":"LineString","coordinates":[[8.81263,47.70757],[8.81256,47.70751],[8.81251,47.70745],[8.81248,47.70741],[8.81233,47.70718],[8.81228,47.7071],[8.81225,47.70705],[8.81221,47.70703],[8.81217,47.707]]}},{"type":"Feature","properties":{"nr":"H329","achse":"Schaffhausen - Ramsen","strasse":"Sonnenstrasse","gemeinde":"Ramsen","fkt":"VO","fkt_text":"verkehrsorientiert","tempo":50,"dtv":2542,"laerm_tag_db":73.9,"bus":true,"linien":["25","33"],"haltestellen":["Ramsen, Sonne"],"bus_anteil":1.0,"bus_text":"ja","laenge_m":114,"abschnitt":"Sonnenstrasse","abschnitt_km":0.733,"unfaelle":3,"unf_fuss":1,"unf_velo":2,"fassaden_igw":0,"initiative":true,"gegenvorschlag":true,"vorlage":"gegenvorschlag"},"geometry":{"type":"LineString","coordinates":[[8.81395,47.70808],[8.81345,47.7079],[8.81332,47.70786],[8.81285,47.70769],[8.81275,47.70764],[8.81263,47.70757]]}},{"type":"Feature","properties":{"nr":"H329","achse":"Schaffhausen - Ramsen","strasse":"Hauptstrasse","gemeinde":"Ramsen","fkt":"VO","fkt_text":"verkehrsorientiert","tempo":50,"dtv":3989,"laerm_tag_db":76.5,"bus":true,"linien":["25"],"haltestellen":["Ramsen, Brücke"],"bus_anteil":1.0,"bus_text":"ja","laenge_m":111,"abschnitt":"Hauptstrasse","abschnitt_km":0.347,"unfaelle":2,"unf_fuss":0,"unf_velo":0,"fassaden_igw":10,"initiative":true,"gegenvorschlag":true,"vorlage":"gegenvorschlag"},"geometry":{"type":"LineString","coordinates":[[8.80948,47.70761],[8.80922,47.70755],[8.80905,47.70752],[8.80887,47.7075],[8.80842,47.70744],[8.80825,47.7074],[8.80805,47.70736]]}},{"type":"Feature","properties":{"nr":"H329","achse":"Schaffhausen - Ramsen","strasse":"Namenlos","gemeinde":"Ramsen","fkt":"VO","fkt_text":"verkehrsorientiert","tempo":50,"dtv":2530,"laerm_tag_db":73.7,"bus":false,"linien":[],"haltestellen":[],"bus_anteil":0.0,"bus_text":"nein","laenge_m":144,"abschnitt":"","abschnitt_km":null,"unfaelle":null,"unf_fuss":null,"unf_velo":null,"fassaden_igw":null,"initiative":false,"gegenvorschlag":true,"vorlage":"gegenvorschlag"},"geometry":{"type":"LineString","coordinates":[[8.80655,47.70661],[8.80652,47.70658],[8.80631,47.70638],[8.8061,47.70621],[8.8057,47.70591],[8.80543,47.7057],[8.80533,47.70562],[8.80532,47.70562]]}},{"type":"Feature","properties":{"nr":"H329","achse":"Schaffhausen - Ramsen","strasse":"Namenlos","gemeinde":"Ramsen","fkt":"VO","fkt_text":"verkehrsorientiert","tempo":50,"dtv":2530,"laerm_tag_db":73.7,"bus":false,"linien":[],"haltestellen":[],"bus_anteil":0.0,"bus_text":"nein","laenge_m":146,"abschnitt":"","abschnitt_km":null,"unfaelle":null,"unf_fuss":null,"unf_velo":null,"fassaden_igw":null,"initiative":false,"gegenvorschlag":true,"vorlage":"gegenvorschlag"},"geometry":{"type":"LineString","coordinates":[[8.80532,47.70562],[8.80521,47.70553],[8.80515,47.70545],[8.80511,47.7054],[8.80507,47.70534],[8.80501,47.70524],[8.80498,47.70517],[8.80494,47.70506],[8.80489,47.70493],[8.80486,47.70481],[8.8048,47.70459],[8.80474,47.70439]]}},{"type":"Feature","properties":{"nr":"H329","achse":"Schaffhausen - Ramsen","strasse":"Rheinhaldenstrasse","gemeinde":"Schaffhausen","fkt":"VO","fkt_text":"verkehrsorientiert","tempo":50,"dtv":2796,"laerm_tag_db":74.0,"bus":true,"linien":["8","25"],"haltestellen":["Schaffhausen, Lindli","Schaffhausen, Rheinbühl","Schaffhausen, Rheinhalde Mitte","Schaffhausen,Rheinhalde Grenze"],"bus_anteil":1.0,"bus_text":"ja","laenge_m":1148,"abschnitt":"Rheinhaldenstrasse","abschnitt_km":1.861,"unfaelle":16,"unf_fuss":3,"unf_velo":7,"fassaden_igw":34,"initiative":true,"gegenvorschlag":true,"vorlage":"gegenvorschlag"},"geometry":{"type":"LineString","coordinates":[[8.65178,47.69243],[8.65187,47.69236],[8.65195,47.6923],[8.65201,47.69225],[8.6521,47.69217],[8.65216,47.69211],[8.65232,47.69198],[8.65247,47.69186],[8.65274,47.69162],[8.65288,47.6915],[8.6531,47.69132],[8.6533,47.69114],[8.65343,47.69103],[8.65386,47.69066],[8.6541,47.69046],[8.65436,47.69024],[8.65451,47.69012],[8.65466,47.69],[8.65478,47.68991],[8.65485,47.68985],[8.655,47.68975],[8.65517,47.68963],[8.65536,47.68951],[8.65553,47.68941],[8.6557,47.68932],[8.65608,47.68911],[8.65632,47.689],[8.65641,47.68896],[8.65659,47.68887],[8.65685,47.68877],[8.65703,47.6887],[8.65726,47.68862],[8.65746,47.68855],[8.65762,47.6885],[8.65779,47.68845],[8.65822,47.68833],[8.65837,47.68828],[8.6589,47.68813],[8.65906,47.68808],[8.65919,47.68804],[8.65933,47.68799],[8.65951,47.68792],[8.65962,47.68787],[8.65963,47.68787],[8.65986,47.68777],[8.66009,47.68766],[8.66025,47.68758],[8.66043,47.68749],[8.66054,47.68745],[8.66065,47.6874],[8.6608,47.68732],[8.66099,47.68723],[8.66113,47.68716],[8.66136,47.68705],[8.66154,47.68696],[8.66166,47.6869],[8.66178,47.68685],[8.6619,47.68681],[8.66198,47.68678],[8.66211,47.68673],[8.66225,47.68668],[8.66245,47.68662],[8.66259,47.68658],[8.66277,47.68654],[8.66281,47.68653],[8.66292,47.68651],[8.66302,47.68649],[8.66311,47.68647],[8.66318,47.68646],[8.66333,47.68644],[8.66347,47.68642],[8.66375,47.6864]]}},{"type":"Feature","properties":{"nr":"H329","achse":"Schaffhausen - Ramsen","strasse":"Rheinhaldenstrasse","gemeinde":"Schaffhausen","fkt":"VO","fkt_text":"verkehrsorientiert","tempo":50,"dtv":4648,"laerm_tag_db":76.9,"bus":true,"linien":["8","25"],"haltestellen":[],"bus_anteil":1.0,"bus_text":"ja","laenge_m":317,"abschnitt":"Rheinhaldenstrasse","abschnitt_km":1.861,"unfaelle":16,"unf_fuss":3,"unf_velo":7,"fassaden_igw":34,"initiative":true,"gegenvorschlag":true,"vorlage":"gegenvorschlag"},"geometry":{"type":"LineString","coordinates":[[8.64815,47.69387],[8.64881,47.69365],[8.64907,47.69356],[8.64953,47.6934],[8.64979,47.6933],[8.65006,47.6932],[8.65037,47.69308],[8.65064,47.69298],[8.6509,47.69287],[8.65103,47.69281],[8.65118,47.69274],[8.6514,47.69263],[8.65151,47.69258],[8.65165,47.6925],[8.65178,47.69243]]}},{"type":"Feature","properties":{"nr":"H329","achse":"Schaffhausen - Ramsen","strasse":"Rheinhaldenstrasse","gemeinde":"Schaffhausen","fkt":"VO","fkt_text":"verkehrsorientiert","tempo":30,"dtv":4648,"laerm_tag_db":72.6,"bus":true,"linien":["8","25"],"haltestellen":["Schaffhausen, Rosentalgässchen"],"bus_anteil":1.0,"bus_text":"ja","laenge_m":129,"abschnitt":"Rheinhaldenstrasse","abschnitt_km":1.861,"unfaelle":16,"unf_fuss":3,"unf_velo":7,"fassaden_igw":34,"initiative":true,"gegenvorschlag":true,"vorlage":"gegenvorschlag"},"geometry":{"type":"LineString","coordinates":[[8.6459,47.69473],[8.64602,47.69469],[8.64612,47.69465],[8.64625,47.69459],[8.64637,47.69453],[8.64646,47.69449],[8.64656,47.69444],[8.64666,47.6944],[8.64669,47.69439],[8.64683,47.69433],[8.647,47.69426],[8.6473,47.69414],[8.64735,47.69412]]}},{"type":"Feature","properties":{"nr":"H329","achse":"Schaffhausen - Ramsen","strasse":"Rheinhaldenstrasse","gemeinde":"Schaffhausen","fkt":"VO","fkt_text":"verkehrsorientiert","tempo":30,"dtv":4648,"laerm_tag_db":73.0,"bus":true,"linien":["6","8","25","N3"],"haltestellen":[],"bus_anteil":1.0,"bus_text":"ja","laenge_m":186,"abschnitt":"Rheinhaldenstrasse","abschnitt_km":1.861,"unfaelle":16,"unf_fuss":3,"unf_velo":7,"fassaden_igw":34,"initiative":true,"gegenvorschlag":true,"vorlage":"gegenvorschlag"},"geometry":{"type":"LineString","coordinates":[[8.64381,47.69553],[8.64385,47.69545],[8.64388,47.6954],[8.64392,47.69536],[8.64397,47.69532],[8.64401,47.69529],[8.64407,47.69526],[8.64416,47.69523],[8.64427,47.6952],[8.64453,47.69513],[8.64483,47.69504],[8.64519,47.69494],[8.64533,47.6949],[8.64555,47.69483],[8.6459,47.69473]]}},{"type":"Feature","properties":{"nr":"H329","achse":"Schaffhausen - Ramsen","strasse":"Fischerhäuserstrasse","gemeinde":"Schaffhausen","fkt":"VO","fkt_text":"verkehrsorientiert","tempo":30,"dtv":8892,"laerm_tag_db":76.0,"bus":true,"linien":["6","8","25","N3"],"haltestellen":[],"bus_anteil":1.0,"bus_text":"ja","laenge_m":194,"abschnitt":"Fischerhäuserstrasse","abschnitt_km":0.357,"unfaelle":23,"unf_fuss":4,"unf_velo":8,"fassaden_igw":10,"initiative":true,"gegenvorschlag":true,"vorlage":"gegenvorschlag"},"geometry":{"type":"LineString","coordinates":[[8.64118,47.69578],[8.64121,47.69578],[8.64129,47.69579],[8.64138,47.6958],[8.6415,47.69579],[8.64159,47.69578],[8.6417,47.69577],[8.64173,47.69577],[8.64184,47.69576],[8.64209,47.69575],[8.64223,47.69575],[8.64283,47.69573],[8.64308,47.69572],[8.64334,47.69571],[8.64348,47.6957],[8.64359,47.6957],[8.64368,47.6957],[8.64375,47.69571]]}},{"type":"Feature","properties":{"nr":"H4","achse":"Bargen Schaffhausen","strasse":"Bachstrasse","gemeinde":"Schaffhausen","fkt":"VO","fkt_text":"verkehrsorientiert","tempo":50,"dtv":9738,"laerm_tag_db":79.9,"bus":true,"linien":["8","25","630","632","634","N69"],"haltestellen":["Schaffhausen, Bachstrasse"],"bus_anteil":1.0,"bus_text":"ja","laenge_m":61,"abschnitt":"Bachstrasse","abschnitt_km":0.912,"unfaelle":75,"unf_fuss":5,"unf_velo":24,"fassaden_igw":146,"initiative":true,"gegenvorschlag":true,"vorlage":"gegenvorschlag"},"geometry":{"type":"LineString","coordinates":[[8.63805,47.69594],[8.63804,47.69602],[8.63803,47.69605],[8.63801,47.69614],[8.63796,47.69628],[8.63791,47.69648]]}},{"type":"Feature","properties":{"nr":"76","achse":"Zentrum Schaffhausen - Schweizersbild","strasse":"Hochstrasse","gemeinde":"Schaffhausen","fkt":"VO","fkt_text":"verkehrsorientiert","tempo":50,"dtv":7066,"laerm_tag_db":78.1,"bus":true,"linien":["3","24","N2"],"haltestellen":["Schaffhausen, Cilag","Schaffhausen, Gemsstübli"],"bus_anteil":1.0,"bus_text":"ja","laenge_m":463,"abschnitt":"Hochstrasse","abschnitt_km":1.821,"unfaelle":70,"unf_fuss":11,"unf_velo":21,"fassaden_igw":174,"initiative":true,"gegenvorschlag":true,"vorlage":"gegenvorschlag"},"geometry":{"type":"LineString","coordinates":[[8.63919,47.70926],[8.6392,47.70927],[8.63928,47.70938],[8.63936,47.70949],[8.63948,47.70966],[8.63956,47.70979],[8.63964,47.70992],[8.63966,47.70996],[8.63978,47.71016],[8.63984,47.71025],[8.63995,47.71043],[8.64004,47.71057],[8.64013,47.7107],[8.64025,47.71086],[8.64045,47.71115],[8.64051,47.71123],[8.64061,47.71137],[8.64086,47.71172],[8.64114,47.71211],[8.64143,47.71251],[8.64157,47.71271],[8.6416,47.71275],[8.64163,47.71279],[8.64166,47.71281],[8.6417,47.71288],[8.64178,47.71295],[8.64187,47.713]]}},{"type":"Feature","properties":{"nr":"76","achse":"Zentrum Schaffhausen - Schweizersbild","strasse":"Gemsgasse","gemeinde":"Schaffhausen","fkt":"VO","fkt_text":"verkehrsorientiert","tempo":50,"dtv":2193,"laerm_tag_db":74.5,"bus":true,"linien":["6","N2"],"haltestellen":["Schaffhausen, Spiegelgutstr."],"bus_anteil":1.0,"bus_text":"ja","laenge_m":126,"abschnitt":"Gemsgasse","abschnitt_km":1.1,"unfaelle":25,"unf_fuss":3,"unf_velo":8,"fassaden_igw":25,"initiative":true,"gegenvorschlag":true,"vorlage":"gegenvorschlag"},"geometry":{"type":"LineString","coordinates":[[8.64235,47.71705],[8.64234,47.71709],[8.64234,47.71713],[8.64234,47.71718],[8.64234,47.71724],[8.64234,47.71732],[8.64236,47.71745],[8.64238,47.71757],[8.64239,47.71763],[8.64244,47.71779],[8.64246,47.71786],[8.6425,47.718],[8.64253,47.71811],[8.64254,47.71816]]}},{"type":"Feature","properties":{"nr":"H329","achse":"Schaffhausen - Ramsen","strasse":"Rheinhaldenstrasse","gemeinde":"Schaffhausen","fkt":"VO","fkt_text":"verkehrsorientiert","tempo":50,"dtv":4648,"laerm_tag_db":76.3,"bus":true,"linien":["8","25"],"haltestellen":["Schaffhausen, Rosentalgässchen"],"bus_anteil":1.0,"bus_text":"ja","laenge_m":66,"abschnitt":"Rheinhaldenstrasse","abschnitt_km":1.861,"unfaelle":16,"unf_fuss":3,"unf_velo":7,"fassaden_igw":34,"initiative":true,"gegenvorschlag":true,"vorlage":"gegenvorschlag"},"geometry":{"type":"LineString","coordinates":[[8.64735,47.69412],[8.6474,47.69411],[8.64763,47.69403],[8.64808,47.6939],[8.64815,47.69387]]}},{"type":"Feature","properties":{"nr":"H329","achse":"Schaffhausen - Ramsen","strasse":"Hauptstrasse","gemeinde":"Ramsen","fkt":"VO","fkt_text":"verkehrsorientiert","tempo":50,"dtv":4198,"laerm_tag_db":76.7,"bus":true,"linien":["25"],"haltestellen":[],"bus_anteil":1.0,"bus_text":"ja","laenge_m":76,"abschnitt":"Hauptstrasse","abschnitt_km":0.347,"unfaelle":2,"unf_fuss":0,"unf_velo":0,"fassaden_igw":10,"initiative":true,"gegenvorschlag":true,"vorlage":"gegenvorschlag"},"geometry":{"type":"LineString","coordinates":[[8.81009,47.70719],[8.81004,47.70721],[8.81001,47.70725],[8.80997,47.70732],[8.80988,47.70743],[8.80982,47.70751],[8.80976,47.7076],[8.80973,47.70762],[8.8097,47.70763],[8.80967,47.70764],[8.80963,47.70764],[8.80958,47.70763],[8.80948,47.70761]]}},{"type":"Feature","properties":{"nr":"H4","achse":"Bargen Schaffhausen","strasse":"Schweizersbildstrasse","gemeinde":"Schaffhausen","fkt":"VO","fkt_text":"verkehrsorientiert","tempo":50,"dtv":8251,"laerm_tag_db":79.4,"bus":true,"linien":["10"],"haltestellen":["Schaffhausen, Buchbrunnen"],"bus_anteil":1.0,"bus_text":"ja","laenge_m":123,"abschnitt":"Schweizersbildstrasse","abschnitt_km":1.775,"unfaelle":20,"unf_fuss":2,"unf_velo":7,"fassaden_igw":34,"initiative":true,"gegenvorschlag":true,"vorlage":"gegenvorschlag"},"geometry":{"type":"LineString","coordinates":[[8.63962,47.72381],[8.63942,47.7239],[8.63924,47.72398],[8.63894,47.72412],[8.63862,47.72429],[8.63828,47.72446],[8.63828,47.72446]]}},{"type":"Feature","properties":{"nr":"H4-15","achse":"Schaffhausen, Schlagbaumstrasse","strasse":"Schlagbaumstrasse","gemeinde":"Schaffhausen","fkt":"VO","fkt_text":"verkehrsorientiert","tempo":50,"dtv":7500,"laerm_tag_db":77.5,"bus":true,"linien":["1","4","5","N3","N76"],"haltestellen":[],"bus_anteil":0.35,"bus_text":"teilweise","laenge_m":75,"abschnitt":"Schlagbaumstrasse","abschnitt_km":0.144,"unfaelle":3,"unf_fuss":1,"unf_velo":0,"fassaden_igw":0,"initiative":true,"gegenvorschlag":true,"vorlage":"gegenvorschlag"},"geometry":{"type":"LineString","coordinates":[[8.63595,47.70014],[8.6358,47.70021],[8.63544,47.7004],[8.6354,47.70041],[8.63536,47.70042],[8.63532,47.70042],[8.63528,47.70041],[8.63523,47.70041],[8.63517,47.70039],[8.6351,47.70037]]}},{"type":"Feature","properties":{"nr":"H4-05","achse":"Schaffhausen, äussere Bahnhofstrasse zwischen Adler- und Schlagbaumstr.","strasse":"Schlagbaumstrasse","gemeinde":"Schaffhausen","fkt":"VO","fkt_text":"verkehrsorientiert","tempo":50,"dtv":16950,"laerm_tag_db":81.0,"bus":true,"linien":["1","3","4","5","6","8","24","25","630","632","634","N2","N3","N69","N76"],"haltestellen":[],"bus_anteil":0.4,"bus_text":"teilweise","laenge_m":69,"abschnitt":"Schlagbaumstrasse","abschnitt_km":0.144,"unfaelle":3,"unf_fuss":1,"unf_velo":0,"fassaden_igw":0,"initiative":true,"gegenvorschlag":true,"vorlage":"gegenvorschlag"},"geometry":{"type":"LineString","coordinates":[[8.6351,47.70037],[8.63494,47.7002],[8.63473,47.69996],[8.63466,47.69989],[8.6346,47.69985]]}},{"type":"Feature","properties":{"nr":"76","achse":"Zentrum Schaffhausen - Schweizersbild","strasse":"Adlerunterführung","gemeinde":"Schaffhausen","fkt":"VO","fkt_text":"verkehrsorientiert","tempo":50,"dtv":15998,"laerm_tag_db":81.9,"bus":true,"linien":["3","6","7","21","23","24","N2","N77"],"haltestellen":[],"bus_anteil":1.0,"bus_text":"ja","laenge_m":16,"abschnitt":"Adlerunterführung","abschnitt_km":0.078,"unfaelle":12,"unf_fuss":2,"unf_velo":3,"fassaden_igw":3,"initiative":true,"gegenvorschlag":true,"vorlage":"gegenvorschlag"},"geometry":{"type":"LineString","coordinates":[[8.63381,47.69991],[8.63374,47.69994],[8.63368,47.69996],[8.63362,47.69997]]}},{"type":"Feature","properties":{"nr":"H4","achse":"Bargen Schaffhausen","strasse":"Bachstrasse","gemeinde":"Schaffhausen","fkt":"VO","fkt_text":"verkehrsorientiert","tempo":50,"dtv":9738,"laerm_tag_db":77.9,"bus":true,"linien":["1","4","5","8","25","630","632","634","N3","N69","N76"],"haltestellen":[],"bus_anteil":1.0,"bus_text":"ja","laenge_m":137,"abschnitt":"Bachstrasse","abschnitt_km":0.912,"unfaelle":75,"unf_fuss":5,"unf_velo":24,"fassaden_igw":146,"initiative":true,"gegenvorschlag":true,"vorlage":"gegenvorschlag"},"geometry":{"type":"LineString","coordinates":[[8.63612,47.69894],[8.63609,47.69898],[8.63602,47.69911],[8.63597,47.69924],[8.63592,47.69934],[8.63589,47.69946],[8.63585,47.6996],[8.63585,47.69969],[8.63585,47.69979],[8.63588,47.69994],[8.63591,47.70003],[8.63595,47.70014]]}},{"type":"Feature","properties":{"nr":"H4","achse":"Bargen Schaffhausen","strasse":"Bachstrasse","gemeinde":"Schaffhausen","fkt":"VO","fkt_text":"verkehrsorientiert","tempo":50,"dtv":18000,"laerm_tag_db":82.7,"bus":true,"linien":["1","4","5","N3","N76"],"haltestellen":["Schaffhausen, Feuerwehrzentrum"],"bus_anteil":1.0,"bus_text":"ja","laenge_m":32,"abschnitt":"Bachstrasse","abschnitt_km":0.912,"unfaelle":75,"unf_fuss":5,"unf_velo":24,"fassaden_igw":146,"initiative":true,"gegenvorschlag":true,"vorlage":"gegenvorschlag"},"geometry":{"type":"LineString","coordinates":[[8.63651,47.70105],[8.63654,47.70115],[8.63655,47.70122],[8.6366,47.70133]]}},{"type":"Feature","properties":{"nr":"H4","achse":"Bargen Schaffhausen","strasse":"Kronenackerbrücke","gemeinde":"Schaffhausen","fkt":"VO","fkt_text":"verkehrsorientiert","tempo":50,"dtv":4474,"laerm_tag_db":77.2,"bus":true,"linien":["5","6","10","24","N76"],"haltestellen":["Schaffhausen, Falkeneck"],"bus_anteil":1.0,"bus_text":"ja","laenge_m":21,"abschnitt":"","abschnitt_km":null,"unfaelle":null,"unf_fuss":null,"unf_velo":null,"fassaden_igw":null,"initiative":true,"gegenvorschlag":true,"vorlage":"gegenvorschlag"},"geometry":{"type":"LineString","coordinates":[[8.65341,47.71705],[8.65351,47.71723]]}},{"type":"Feature","properties":{"nr":"H4","achse":"Bargen Schaffhausen","strasse":"St. Peter-Brücke","gemeinde":"Schaffhausen","fkt":"VO","fkt_text":"verkehrsorientiert","tempo":50,"dtv":7328,"laerm_tag_db":78.9,"bus":true,"linien":["3","6","10","N2"],"haltestellen":[],"bus_anteil":1.0,"bus_text":"ja","laenge_m":91,"abschnitt":"St. Peter-Brücke","abschnitt_km":0.092,"unfaelle":0,"unf_fuss":0,"unf_velo":0,"fassaden_igw":4,"initiative":true,"gegenvorschlag":true,"vorlage":"gegenvorschlag"},"geometry":{"type":"LineString","coordinates":[[8.64999,47.7176],[8.65023,47.71802],[8.6503,47.71814],[8.65037,47.71831],[8.6504,47.71837]]}},{"type":"Feature","properties":{"nr":"H352","achse":"Kaltenbach - Stein am Rhein","strasse":"Rhigass","gemeinde":"Stein am Rhein","fkt":"VO","fkt_text":"verkehrsorientiert","tempo":40,"dtv":5829,"laerm_tag_db":75.1,"bus":true,"linien":["33"],"haltestellen":[],"bus_anteil":1.0,"bus_text":"ja","laenge_m":113,"abschnitt":"Rhigass","abschnitt_km":0.452,"unfaelle":19,"unf_fuss":3,"unf_velo":13,"fassaden_igw":14,"initiative":true,"gegenvorschlag":true,"vorlage":"gegenvorschlag"},"geometry":{"type":"LineString","coordinates":[[8.85863,47.65774],[8.8587,47.65785],[8.85895,47.65823],[8.8591,47.65846],[8.85923,47.65867]]}},{"type":"Feature","properties":{"nr":"H14","achse":"Schaffhausen - Stühlingen","strasse":"Schaffhauserstrasse","gemeinde":"Neuhausen am Rheinfall","fkt":"VO","fkt_text":"verkehrsorientiert","tempo":50,"dtv":11568,"laerm_tag_db":80.3,"bus":true,"linien":["21","N77"],"haltestellen":[],"bus_anteil":1.0,"bus_text":"ja","laenge_m":63,"abschnitt":"Schaffhauserstrasse","abschnitt_km":1.233,"unfaelle":61,"unf_fuss":6,"unf_velo":11,"fassaden_igw":51,"initiative":true,"gegenvorschlag":true,"vorlage":"gegenvorschlag"},"geometry":{"type":"LineString","coordinates":[[8.60662,47.69295],[8.60653,47.69309],[8.60647,47.69318],[8.60635,47.69328],[8.60631,47.6933],[8.60616,47.69341],[8.60616,47.69341]]}},{"type":"Feature","properties":{"nr":"H14","achse":"Schaffhausen - Stühlingen","strasse":"Schaffhauserstrasse","gemeinde":"Beringen","fkt":"VO","fkt_text":"verkehrsorientiert","tempo":50,"dtv":11568,"laerm_tag_db":79.7,"bus":true,"linien":["21","N77"],"haltestellen":[],"bus_anteil":1.0,"bus_text":"ja","laenge_m":363,"abschnitt":"Schaffhauserstrasse","abschnitt_km":1.536,"unfaelle":40,"unf_fuss":4,"unf_velo":9,"fassaden_igw":129,"initiative":true,"gegenvorschlag":true,"vorlage":"gegenvorschlag"},"geometry":{"type":"LineString","coordinates":[[8.60616,47.69341],[8.60567,47.69375],[8.60531,47.694],[8.60518,47.6941],[8.60505,47.69418],[8.60494,47.69422],[8.60482,47.69426],[8.60471,47.69428],[8.60456,47.6943],[8.60444,47.6943],[8.60441,47.6943],[8.60412,47.69428],[8.60379,47.69427],[8.60367,47.69427],[8.60347,47.69426],[8.6032,47.69425],[8.60299,47.69426],[8.60284,47.69427],[8.60269,47.69429],[8.60253,47.69432],[8.60235,47.69436],[8.60188,47.69447]]}},{"type":"Feature","properties":{"nr":"H14","achse":"Schaffhausen - Stühlingen","strasse":"Schaffhauserstrasse","gemeinde":"Beringen","fkt":"VO","fkt_text":"verkehrsorientiert","tempo":50,"dtv":11568,"laerm_tag_db":79.7,"bus":true,"linien":["21","28","N77"],"haltestellen":["Beringen, Sonne"],"bus_anteil":1.0,"bus_text":"ja","laenge_m":454,"abschnitt":"Schaffhauserstrasse","abschnitt_km":1.536,"unfaelle":40,"unf_fuss":4,"unf_velo":9,"fassaden_igw":129,"initiative":true,"gegenvorschlag":true,"vorlage":"gegenvorschlag"},"geometry":{"type":"LineString","coordinates":[[8.57663,47.69639],[8.5763,47.69637],[8.57608,47.69636],[8.57592,47.69637],[8.57579,47.69638],[8.57567,47.6964],[8.57553,47.69643],[8.57544,47.69646],[8.57531,47.69652],[8.5752,47.69658],[8.57511,47.69663],[8.57506,47.69668],[8.57498,47.69673],[8.5748,47.69689],[8.57464,47.69703],[8.57456,47.6971],[8.57435,47.6973],[8.5742,47.69744],[8.57412,47.69753],[8.57402,47.69762],[8.57388,47.69776],[8.57383,47.69782],[8.57377,47.69788],[8.57372,47.69794],[8.57366,47.69797],[8.57362,47.69798],[8.57357,47.69799],[8.57346,47.698],[8.57332,47.698],[8.57319,47.698],[8.57299,47.698],[8.57276,47.698],[8.57261,47.69799],[8.57251,47.69799],[8.57249,47.69798],[8.5724,47.69797],[8.57231,47.69794],[8.57222,47.69792],[8.57218,47.6979],[8.57212,47.69789],[8.57202,47.69787],[8.57192,47.69785],[8.57186,47.69784],[8.57177,47.69783],[8.57175,47.69782]]}},{"type":"Feature","properties":{"nr":"H4","achse":"Bargen Schaffhausen","strasse":"Schaffhauserstrasse","gemeinde":"Neuhausen am Rheinfall","fkt":"VO","fkt_text":"verkehrsorientiert","tempo":50,"dtv":16766,"laerm_tag_db":82.4,"bus":true,"linien":["1","21","N4","N77"],"haltestellen":[],"bus_anteil":1.0,"bus_text":"ja","laenge_m":157,"abschnitt":"Schaffhauserstrasse","abschnitt_km":1.233,"unfaelle":61,"unf_fuss":6,"unf_velo":11,"fassaden_igw":51,"initiative":true,"gegenvorschlag":true,"vorlage":"gegenvorschlag"},"geometry":{"type":"LineString","coordinates":[[8.62226,47.69028],[8.6222,47.69049],[8.62209,47.69078],[8.62193,47.69104],[8.62179,47.69127],[8.62174,47.69138],[8.62171,47.69151],[8.62171,47.69163]]}},{"type":"Feature","properties":{"nr":"H330","achse":"Stein am Rhein - Öhningen","strasse":"Oehningerstrasse","gemeinde":"Stein am Rhein","fkt":"VO","fkt_text":"verkehrsorientiert","tempo":20,"dtv":3448,"laerm_tag_db":70.7,"bus":true,"linien":[],"haltestellen":["Stein am Rhein, Grenzstein"],"bus_anteil":0.0,"bus_text":"ja","laenge_m":35,"abschnitt":"Oehningerstrasse","abschnitt_km":1.181,"unfaelle":16,"unf_fuss":1,"unf_velo":11,"fassaden_igw":15,"initiative":true,"gegenvorschlag":true,"vorlage":"gegenvorschlag"},"geometry":{"type":"LineString","coordinates":[[8.87539,47.66041],[8.8755,47.66041],[8.8756,47.66041],[8.87566,47.66041],[8.87575,47.6604],[8.87586,47.6604]]}}]}