{"type":"FeatureCollection","features":[{"type":"Feature","properties":{"g":"Bargen (SH)","r":100},"geometry":{"type":"LineString","coordinates":[[8.61252,47.7928],[8.61234,47.79283]]}},{"type":"Feature","properties":{"g":"Bargen (SH)","r":100},"geometry":{"type":"LineString","coordinates":[[8.61234,47.79283],[8.61222,47.79284]]}},{"type":"Feature","properties":{"g":"Bargen (SH)","r":100},"geometry":{"type":"LineString","coordinates":[[8.61222,47.79284],[8.61215,47.79285]]}},{"type":"Feature","properties":{"g":"Bargen (SH)","r":100},"geometry":{"type":"LineString","coordinates":[[8.61215,47.79285],[8.61205,47.79285]]}},{"type":"Feature","properties":{"g":"Bargen (SH)","r":100},"geometry":{"type":"LineString","coordinates":[[8.61205,47.79285],[8.61195,47.79286]]}},{"type":"Feature","properties":{"g":"Bargen (SH)","r":100},"geometry":{"type":"LineString","coordinates":[[8.61195,47.79286],[8.61181,47.79287]]}},{"type":"Feature","properties":{"g":"Bargen (SH)","r":100},"geometry":{"type":"LineString","coordinates":[[8.61133,47.79274],[8.61127,47.79269]]}},{"type":"Feature","properties":{"g":"Bargen (SH)","r":100},"geometry":{"type":"LineString","coordinates":[[8.61127,47.79269],[8.61122,47.79262]]}},{"type":"Feature","properties":{"g":"Bargen (SH)","r":300},"geometry":{"type":"LineString","coordinates":[[8.61405,47.79145],[8.61406,47.79158]]}},{"type":"Feature","properties":{"g":"Bargen (SH)","r":300},"geometry":{"type":"LineString","coordinates":[[8.61406,47.79158],[8.61407,47.79172]]}},{"type":"Feature","properties":{"g":"Bargen (SH)","r":300},"geometry":{"type":"LineString","coordinates":[[8.61407,47.79172],[8.61409,47.79203]]}},{"type":"Feature","properties":{"g":"Bargen (SH)","r":300},"geometry":{"type":"LineString","coordinates":[[8.61409,47.79203],[8.61409,47.79208]]}},{"type":"Feature","properties":{"g":"Bargen (SH)","r":300},"geometry":{"type":"LineString","coordinates":[[8.61397,47.79224],[8.61391,47.79226]]}},{"type":"Feature","properties":{"g":"Bargen (SH)","r":300},"geometry":{"type":"LineString","coordinates":[[8.61391,47.79226],[8.61384,47.79227]]}},{"type":"Feature","properties":{"g":"Bargen (SH)","r":300},"geometry":{"type":"LineString","coordinates":[[8.61384,47.79227],[8.61377,47.79229]]}},{"type":"Feature","properties":{"g":"Bargen (SH)","r":300},"geometry":{"type":"LineString","coordinates":[[8.61377,47.79229],[8.61369,47.79231]]}},{"type":"Feature","properties":{"g":"Bargen (SH)","r":300},"geometry":{"type":"LineString","coordinates":[[8.61369,47.79231],[8.61363,47.79234]]}},{"type":"Feature","properties":{"g":"Bargen (SH)","r":300},"geometry":{"type":"LineString","coordinates":[[8.61363,47.79234],[8.61352,47.79239]]}},{"type":"Feature","properties":{"g":"Bargen (SH)","r":300},"geometry":{"type":"LineString","coordinates":[[8.61352,47.79239],[8.61339,47.79246]]}},{"type":"Feature","properties":{"g":"Bargen (SH)","r":300},"geometry":{"type":"LineString","coordinates":[[8.61339,47.79246],[8.6133,47.79251]]}},{"type":"Feature","properties":{"g":"Bargen (SH)","r":300},"geometry":{"type":"LineString","coordinates":[[8.6133,47.79251],[8.61303,47.79262]]}},{"type":"Feature","properties":{"g":"Bargen (SH)","r":300},"geometry":{"type":"LineString","coordinates":[[8.61303,47.79262],[8.61291,47.79268]]}},{"type":"Feature","properties":{"g":"Bargen (SH)","r":300},"geometry":{"type":"LineString","coordinates":[[8.61291,47.79268],[8.6128,47.79272]]}},{"type":"Feature","properties":{"g":"Bargen (SH)","r":300},"geometry":{"type":"LineString","coordinates":[[8.6128,47.79272],[8.61268,47.79276]]}},{"type":"Feature","properties":{"g":"Bargen (SH)","r":300},"geometry":{"type":"LineString","coordinates":[[8.61268,47.79276],[8.61252,47.7928]]}},{"type":"Feature","properties":{"g":"Bargen (SH)","r":300},"geometry":{"type":"LineString","coordinates":[[8.61252,47.7928],[8.61234,47.79283]]}},{"type":"Feature","properties":{"g":"Bargen (SH)","r":300},"geometry":{"type":"LineString","coordinates":[[8.61234,47.79283],[8.61222,47.79284]]}},{"type":"Feature","properties":{"g":"Bargen (SH)","r":300},"geometry":{"type":"LineString","coordinates":[[8.61222,47.79284],[8.61215,47.79285]]}},{"type":"Feature","properties":{"g":"Bargen (SH)","r":300},"geometry":{"type":"LineString","coordinates":[[8.61215,47.79285],[8.61205,47.79285]]}},{"type":"Feature","properties":{"g":"Bargen (SH)","r":300},"geometry":{"type":"LineString","coordinates":[[8.61205,47.79285],[8.61195,47.79286]]}},{"type":"Feature","properties":{"g":"Bargen (SH)","r":300},"geometry":{"type":"LineString","coordinates":[[8.61195,47.79286],[8.61181,47.79287]]}},{"type":"Feature","properties":{"g":"Bargen (SH)","r":300},"geometry":{"type":"LineString","coordinates":[[8.61133,47.79274],[8.61127,47.79269]]}},{"type":"Feature","properties":{"g":"Bargen (SH)","r":300},"geometry":{"type":"LineString","coordinates":[[8.61127,47.79269],[8.61122,47.79262]]}},{"type":"Feature","properties":{"g":"Beggingen","r":100},"geometry":{"type":"LineString","coordinates":[[8.53259,47.76568],[8.53268,47.76572],[8.53278,47.76576],[8.53286,47.7658],[8.53294,47.76584],[8.53302,47.76588],[8.53311,47.76593],[8.53322,47.76598],[8.53331,47.76604],[8.53337,47.76607],[8.53345,47.76611],[8.53354,47.76614],[8.53371,47.76621],[8.53385,47.76626],[8.53396,47.7663],[8.53405,47.76632],[8.53413,47.76634],[8.53422,47.76638],[8.53432,47.7664],[8.53435,47.76641]]}},{"type":"Feature","properties":{"g":"Beggingen","r":300},"geometry":{"type":"LineString","coordinates":[[8.52919,47.7657],[8.52926,47.76571],[8.52934,47.76572],[8.52947,47.76575],[8.52956,47.76577],[8.52964,47.76578],[8.52968,47.76579],[8.52977,47.76579],[8.52986,47.76578],[8.52993,47.76577],[8.53002,47.76575],[8.53012,47.76573],[8.53029,47.76568],[8.53075,47.76554],[8.53089,47.76551],[8.53105,47.76548],[8.53122,47.76545],[8.53137,47.76544],[8.53154,47.76543],[8.5317,47.76543],[8.53186,47.76544],[8.53195,47.76545],[8.53202,47.76547],[8.53205,47.76548],[8.53209,47.76549],[8.53216,47.76552],[8.53237,47.7656],[8.53268,47.76572],[8.53278,47.76576],[8.53286,47.7658],[8.53294,47.76584],[8.53302,47.76588],[8.53311,47.76593],[8.53322,47.76598],[8.53331,47.76604],[8.53337,47.76607],[8.53345,47.76611],[8.53354,47.76614],[8.53371,47.76621],[8.53385,47.76626],[8.53396,47.7663],[8.53405,47.76632],[8.53413,47.76634],[8.53422,47.76638],[8.53432,47.7664],[8.53441,47.76642],[8.53448,47.76644],[8.5346,47.76648],[8.53479,47.76652],[8.53499,47.76658],[8.53511,47.76661],[8.53519,47.76663],[8.5353,47.76665],[8.53542,47.76667],[8.53549,47.76668],[8.5356,47.76669],[8.53569,47.7667],[8.53573,47.7667]]}},{"type":"Feature","properties":{"g":"Beringen","r":100},"geometry":{"type":"LineString","coordinates":[[8.57602,47.69636],[8.57592,47.69637]]}},{"type":"Feature","properties":{"g":"Beringen","r":100},"geometry":{"type":"LineString","coordinates":[[8.57592,47.69637],[8.57579,47.69638]]}},{"type":"Feature","properties":{"g":"Beringen","r":100},"geometry":{"type":"LineString","coordinates":[[8.57579,47.69638],[8.57567,47.6964]]}},{"type":"Feature","properties":{"g":"Beringen","r":100},"geometry":{"type":"LineString","coordinates":[[8.57567,47.6964],[8.57553,47.69643]]}},{"type":"Feature","properties":{"g":"Beringen","r":100},"geometry":{"type":"LineString","coordinates":[[8.57553,47.69643],[8.57544,47.69646]]}},{"type":"Feature","properties":{"g":"Beringen","r":100},"geometry":{"type":"LineString","coordinates":[[8.57544,47.69646],[8.57531,47.69652]]}},{"type":"Feature","properties":{"g":"Beringen","r":100},"geometry":{"type":"LineString","coordinates":[[8.57531,47.69652],[8.5752,47.69658]]}},{"type":"Feature","properties":{"g":"Beringen","r":100},"geometry":{"type":"LineString","coordinates":[[8.5752,47.69658],[8.57511,47.69663]]}},{"type":"Feature","properties":{"g":"Beringen","r":100},"geometry":{"type":"LineString","coordinates":[[8.57511,47.69663],[8.57506,47.69668]]}},{"type":"Feature","properties":{"g":"Beringen","r":100},"geometry":{"type":"LineString","coordinates":[[8.57506,47.69668],[8.57498,47.69673]]}},{"type":"Feature","properties":{"g":"Beringen","r":100},"geometry":{"type":"LineString","coordinates":[[8.57498,47.69673],[8.5748,47.69689]]}},{"type":"Feature","properties":{"g":"Beringen","r":100},"geometry":{"type":"LineString","coordinates":[[8.5748,47.69689],[8.57464,47.69703]]}},{"type":"Feature","properties":{"g":"Beringen","r":100},"geometry":{"type":"LineString","coordinates":[[8.57464,47.69703],[8.57456,47.6971]]}},{"type":"Feature","properties":{"g":"Beringen","r":300},"geometry":{"type":"LineString","coordinates":[[8.55726,47.68759],[8.5573,47.68723],[8.55735,47.68696],[8.55736,47.68685]]}},{"type":"Feature","properties":{"g":"Beringen","r":300},"geometry":{"type":"LineString","coordinates":[[8.57175,47.69782],[8.57167,47.69782]]}},{"type":"Feature","properties":{"g":"Beringen","r":300},"geometry":{"type":"LineString","coordinates":[[8.57167,47.69782],[8.57157,47.69782]]}},{"type":"Feature","properties":{"g":"Beringen","r":300},"geometry":{"type":"LineString","coordinates":[[8.57087,47.69695],[8.57088,47.69696],[8.57097,47.69705],[8.57111,47.69718],[8.57117,47.69723],[8.5713,47.69738],[8.57137,47.69743],[8.57167,47.69768],[8.57173,47.69773],[8.57174,47.69778],[8.57175,47.69782]]}},{"type":"Feature","properties":{"g":"Beringen","r":300},"geometry":{"type":"LineString","coordinates":[[8.58615,47.69642],[8.58601,47.69643]]}},{"type":"Feature","properties":{"g":"Beringen","r":300},"geometry":{"type":"LineString","coordinates":[[8.58601,47.69643],[8.58593,47.69644]]}},{"type":"Feature","properties":{"g":"Beringen","r":300},"geometry":{"type":"LineString","coordinates":[[8.58593,47.69644],[8.58569,47.69645]]}},{"type":"Feature","properties":{"g":"Beringen","r":300},"geometry":{"type":"LineString","coordinates":[[8.58569,47.69645],[8.58549,47.69646]]}},{"type":"Feature","properties":{"g":"Beringen","r":300},"geometry":{"type":"LineString","coordinates":[[8.58549,47.69646],[8.58535,47.69646]]}},{"type":"Feature","properties":{"g":"Beringen","r":300},"geometry":{"type":"LineString","coordinates":[[8.58535,47.69646],[8.58521,47.69646]]}},{"type":"Feature","properties":{"g":"Beringen","r":300},"geometry":{"type":"LineString","coordinates":[[8.58521,47.69646],[8.58511,47.69646]]}},{"type":"Feature","properties":{"g":"Beringen","r":300},"geometry":{"type":"LineString","coordinates":[[8.58511,47.69646],[8.58499,47.69646]]}},{"type":"Feature","properties":{"g":"Beringen","r":300},"geometry":{"type":"LineString","coordinates":[[8.58499,47.69646],[8.58491,47.69646]]}},{"type":"Feature","properties":{"g":"Beringen","r":300},"geometry":{"type":"LineString","coordinates":[[8.58491,47.69646],[8.58482,47.69645]]}},{"type":"Feature","properties":{"g":"Beringen","r":300},"geometry":{"type":"LineString","coordinates":[[8.58482,47.69645],[8.58461,47.69645]]}},{"type":"Feature","properties":{"g":"Beringen","r":300},"geometry":{"type":"LineString","coordinates":[[8.58458,47.69644],[8.58437,47.69643]]}},{"type":"Feature","properties":{"g":"Beringen","r":300},"geometry":{"type":"LineString","coordinates":[[8.58437,47.69643],[8.58406,47.69641]]}},{"type":"Feature","properties":{"g":"Beringen","r":300},"geometry":{"type":"LineString","coordinates":[[8.58406,47.69641],[8.58387,47.69639]]}},{"type":"Feature","properties":{"g":"Beringen","r":300},"geometry":{"type":"LineString","coordinates":[[8.58387,47.69639],[8.58372,47.69637]]}},{"type":"Feature","properties":{"g":"Beringen","r":300},"geometry":{"type":"LineString","coordinates":[[8.58372,47.69637],[8.58357,47.69635]]}},{"type":"Feature","properties":{"g":"Beringen","r":300},"geometry":{"type":"LineString","coordinates":[[8.58357,47.69635],[8.58343,47.69633]]}},{"type":"Feature","properties":{"g":"Beringen","r":300},"geometry":{"type":"LineString","coordinates":[[8.58343,47.69633],[8.58326,47.69631]]}},{"type":"Feature","properties":{"g":"Beringen","r":300},"geometry":{"type":"LineString","coordinates":[[8.58326,47.69631],[8.58314,47.6963]]}},{"type":"Feature","properties":{"g":"Beringen","r":300},"geometry":{"type":"LineString","coordinates":[[8.58314,47.6963],[8.58305,47.69629]]}},{"type":"Feature","properties":{"g":"Beringen","r":300},"geometry":{"type":"LineString","coordinates":[[8.58305,47.69629],[8.58298,47.69628]]}},{"type":"Feature","properties":{"g":"Beringen","r":300},"geometry":{"type":"LineString","coordinates":[[8.58298,47.69628],[8.58291,47.69627]]}},{"type":"Feature","properties":{"g":"Beringen","r":300},"geometry":{"type":"LineString","coordinates":[[8.58291,47.69627],[8.58283,47.69627]]}},{"type":"Feature","properties":{"g":"Beringen","r":300},"geometry":{"type":"LineString","coordinates":[[8.58283,47.69627],[8.58262,47.69626]]}},{"type":"Feature","properties":{"g":"Beringen","r":300},"geometry":{"type":"LineString","coordinates":[[8.58262,47.69626],[8.58246,47.69626]]}},{"type":"Feature","properties":{"g":"Beringen","r":300},"geometry":{"type":"LineString","coordinates":[[8.58246,47.69626],[8.58229,47.69627]]}},{"type":"Feature","properties":{"g":"Beringen","r":300},"geometry":{"type":"LineString","coordinates":[[8.58229,47.69627],[8.5821,47.69629]]}},{"type":"Feature","properties":{"g":"Beringen","r":300},"geometry":{"type":"LineString","coordinates":[[8.5821,47.69629],[8.58192,47.69632]]}},{"type":"Feature","properties":{"g":"Beringen","r":300},"geometry":{"type":"LineString","coordinates":[[8.58192,47.69632],[8.58175,47.69636]]}},{"type":"Feature","properties":{"g":"Beringen","r":300},"geometry":{"type":"LineString","coordinates":[[8.58175,47.69636],[8.58157,47.6964]]}},{"type":"Feature","properties":{"g":"Beringen","r":300},"geometry":{"type":"LineString","coordinates":[[8.58157,47.6964],[8.58133,47.69644]]}},{"type":"Feature","properties":{"g":"Beringen","r":300},"geometry":{"type":"LineString","coordinates":[[8.58133,47.69644],[8.58103,47.6965]]}},{"type":"Feature","properties":{"g":"Beringen","r":300},"geometry":{"type":"LineString","coordinates":[[8.58103,47.6965],[8.58084,47.69653]]}},{"type":"Feature","properties":{"g":"Beringen","r":300},"geometry":{"type":"LineString","coordinates":[[8.58084,47.69653],[8.58067,47.69655]]}},{"type":"Feature","properties":{"g":"Beringen","r":300},"geometry":{"type":"LineString","coordinates":[[8.58067,47.69655],[8.58059,47.69657]]}},{"type":"Feature","properties":{"g":"Beringen","r":300},"geometry":{"type":"LineString","coordinates":[[8.58059,47.69657],[8.58046,47.69658]]}},{"type":"Feature","properties":{"g":"Beringen","r":300},"geometry":{"type":"LineString","coordinates":[[8.58046,47.69658],[8.58017,47.69661]]}},{"type":"Feature","properties":{"g":"Beringen","r":300},"geometry":{"type":"LineString","coordinates":[[8.58017,47.69661],[8.57996,47.69662]]}},{"type":"Feature","properties":{"g":"Beringen","r":300},"geometry":{"type":"LineString","coordinates":[[8.57996,47.69662],[8.57969,47.69663]]}},{"type":"Feature","properties":{"g":"Beringen","r":300},"geometry":{"type":"LineString","coordinates":[[8.57969,47.69663],[8.57942,47.69663]]}},{"type":"Feature","properties":{"g":"Beringen","r":300},"geometry":{"type":"LineString","coordinates":[[8.57942,47.69663],[8.57923,47.69663]]}},{"type":"Feature","properties":{"g":"Beringen","r":300},"geometry":{"type":"LineString","coordinates":[[8.57923,47.69663],[8.579,47.69661]]}},{"type":"Feature","properties":{"g":"Beringen","r":300},"geometry":{"type":"LineString","coordinates":[[8.5786,47.69657],[8.57798,47.6965]]}},{"type":"Feature","properties":{"g":"Beringen","r":300},"geometry":{"type":"LineString","coordinates":[[8.57798,47.6965],[8.57775,47.69647]]}},{"type":"Feature","properties":{"g":"Beringen","r":300},"geometry":{"type":"LineString","coordinates":[[8.57775,47.69647],[8.5775,47.69645]]}},{"type":"Feature","properties":{"g":"Beringen","r":300},"geometry":{"type":"LineString","coordinates":[[8.5775,47.69645],[8.57725,47.69643]]}},{"type":"Feature","properties":{"g":"Beringen","r":300},"geometry":{"type":"LineString","coordinates":[[8.57725,47.69643],[8.5768,47.6964]]}},{"type":"Feature","properties":{"g":"Beringen","r":300},"geometry":{"type":"LineString","coordinates":[[8.5768,47.6964],[8.57663,47.69639]]}},{"type":"Feature","properties":{"g":"Beringen","r":300},"geometry":{"type":"LineString","coordinates":[[8.57663,47.69639],[8.5763,47.69637]]}},{"type":"Feature","properties":{"g":"Beringen","r":300},"geometry":{"type":"LineString","coordinates":[[8.5763,47.69637],[8.57608,47.69636]]}},{"type":"Feature","properties":{"g":"Beringen","r":300},"geometry":{"type":"LineString","coordinates":[[8.57608,47.69636],[8.57592,47.69637]]}},{"type":"Feature","properties":{"g":"Beringen","r":300},"geometry":{"type":"LineString","coordinates":[[8.57592,47.69637],[8.57579,47.69638]]}},{"type":"Feature","properties":{"g":"Beringen","r":300},"geometry":{"type":"LineString","coordinates":[[8.57579,47.69638],[8.57567,47.6964]]}},{"type":"Feature","properties":{"g":"Beringen","r":300},"geometry":{"type":"LineString","coordinates":[[8.57567,47.6964],[8.57553,47.69643]]}},{"type":"Feature","properties":{"g":"Beringen","r":300},"geometry":{"type":"LineString","coordinates":[[8.57553,47.69643],[8.57544,47.69646]]}},{"type":"Feature","properties":{"g":"Beringen","r":300},"geometry":{"type":"LineString","coordinates":[[8.57544,47.69646],[8.57531,47.69652]]}},{"type":"Feature","properties":{"g":"Beringen","r":300},"geometry":{"type":"LineString","coordinates":[[8.57531,47.69652],[8.5752,47.69658]]}},{"type":"Feature","properties":{"g":"Beringen","r":300},"geometry":{"type":"LineString","coordinates":[[8.5752,47.69658],[8.57511,47.69663]]}},{"type":"Feature","properties":{"g":"Beringen","r":300},"geometry":{"type":"LineString","coordinates":[[8.57511,47.69663],[8.57506,47.69668]]}},{"type":"Feature","properties":{"g":"Beringen","r":300},"geometry":{"type":"LineString","coordinates":[[8.57506,47.69668],[8.57498,47.69673]]}},{"type":"Feature","properties":{"g":"Beringen","r":300},"geometry":{"type":"LineString","coordinates":[[8.57498,47.69673],[8.5748,47.69689]]}},{"type":"Feature","properties":{"g":"Beringen","r":300},"geometry":{"type":"LineString","coordinates":[[8.5748,47.69689],[8.57464,47.69703]]}},{"type":"Feature","properties":{"g":"Beringen","r":300},"geometry":{"type":"LineString","coordinates":[[8.57464,47.69703],[8.57456,47.6971]]}},{"type":"Feature","properties":{"g":"Beringen","r":300},"geometry":{"type":"LineString","coordinates":[[8.57456,47.6971],[8.57435,47.6973]]}},{"type":"Feature","properties":{"g":"Beringen","r":300},"geometry":{"type":"LineString","coordinates":[[8.57435,47.6973],[8.5742,47.69744]]}},{"type":"Feature","properties":{"g":"Beringen","r":300},"geometry":{"type":"LineString","coordinates":[[8.5742,47.69744],[8.57412,47.69753]]}},{"type":"Feature","properties":{"g":"Beringen","r":300},"geometry":{"type":"LineString","coordinates":[[8.57412,47.69753],[8.57402,47.69762]]}},{"type":"Feature","properties":{"g":"Beringen","r":300},"geometry":{"type":"LineString","coordinates":[[8.57402,47.69762],[8.57388,47.69776]]}},{"type":"Feature","properties":{"g":"Beringen","r":300},"geometry":{"type":"LineString","coordinates":[[8.57388,47.69776],[8.57383,47.69782]]}},{"type":"Feature","properties":{"g":"Beringen","r":300},"geometry":{"type":"LineString","coordinates":[[8.57383,47.69782],[8.57377,47.69788]]}},{"type":"Feature","properties":{"g":"Beringen","r":300},"geometry":{"type":"LineString","coordinates":[[8.57377,47.69788],[8.57372,47.69794]]}},{"type":"Feature","properties":{"g":"Beringen","r":300},"geometry":{"type":"LineString","coordinates":[[8.57372,47.69794],[8.57366,47.69797]]}},{"type":"Feature","properties":{"g":"Beringen","r":300},"geometry":{"type":"LineString","coordinates":[[8.57357,47.69799],[8.57346,47.698]]}},{"type":"Feature","properties":{"g":"Beringen","r":300},"geometry":{"type":"LineString","coordinates":[[8.57346,47.698],[8.57332,47.698]]}},{"type":"Feature","properties":{"g":"Beringen","r":300},"geometry":{"type":"LineString","coordinates":[[8.57332,47.698],[8.57319,47.698]]}},{"type":"Feature","properties":{"g":"Beringen","r":300},"geometry":{"type":"LineString","coordinates":[[8.57319,47.698],[8.57299,47.698]]}},{"type":"Feature","properties":{"g":"Beringen","r":300},"geometry":{"type":"LineString","coordinates":[[8.57299,47.698],[8.57276,47.698]]}},{"type":"Feature","properties":{"g":"Beringen","r":300},"geometry":{"type":"LineString","coordinates":[[8.57276,47.698],[8.57261,47.69799]]}},{"type":"Feature","properties":{"g":"Beringen","r":300},"geometry":{"type":"LineString","coordinates":[[8.57261,47.69799],[8.57251,47.69799]]}},{"type":"Feature","properties":{"g":"Beringen","r":300},"geometry":{"type":"LineString","coordinates":[[8.57249,47.69798],[8.5724,47.69797]]}},{"type":"Feature","properties":{"g":"Beringen","r":300},"geometry":{"type":"LineString","coordinates":[[8.5724,47.69797],[8.57231,47.69794]]}},{"type":"Feature","properties":{"g":"Beringen","r":300},"geometry":{"type":"LineString","coordinates":[[8.57231,47.69794],[8.57222,47.69792]]}},{"type":"Feature","properties":{"g":"Beringen","r":300},"geometry":{"type":"LineString","coordinates":[[8.57212,47.69789],[8.57202,47.69787]]}},{"type":"Feature","properties":{"g":"Beringen","r":300},"geometry":{"type":"LineString","coordinates":[[8.57202,47.69787],[8.57192,47.69785]]}},{"type":"Feature","properties":{"g":"Beringen","r":300},"geometry":{"type":"LineString","coordinates":[[8.57186,47.69784],[8.57177,47.69783]]}},{"type":"Feature","properties":{"g":"Buch (SH)","r":100},"geometry":{"type":"LineString","coordinates":[[8.77761,47.71719],[8.77762,47.71719],[8.77778,47.71714]]}},{"type":"Feature","properties":{"g":"Buch (SH)","r":100},"geometry":{"type":"LineString","coordinates":[[8.77876,47.71693],[8.77887,47.71693],[8.77898,47.71694],[8.77908,47.71695],[8.77918,47.71696],[8.77945,47.71701],[8.77978,47.71706],[8.78023,47.71715]]}},{"type":"Feature","properties":{"g":"Buch (SH)","r":100},"geometry":{"type":"LineString","coordinates":[[8.77778,47.71714],[8.77779,47.71714],[8.77793,47.7171],[8.77844,47.71697],[8.77849,47.71696],[8.77855,47.71695],[8.77863,47.71694],[8.77875,47.71693],[8.77876,47.71693]]}},{"type":"Feature","properties":{"g":"Buch (SH)","r":300},"geometry":{"type":"LineString","coordinates":[[8.77682,47.71734],[8.77683,47.71733],[8.77694,47.71732],[8.77718,47.71728],[8.77752,47.71721],[8.77762,47.71719],[8.77778,47.71714]]}},{"type":"Feature","properties":{"g":"Buch (SH)","r":300},"geometry":{"type":"LineString","coordinates":[[8.78175,47.71745],[8.78182,47.71734],[8.78192,47.71721],[8.78201,47.71712],[8.78208,47.71706],[8.78214,47.71702],[8.78223,47.71698],[8.78236,47.71694],[8.78248,47.71691],[8.78278,47.71687],[8.78286,47.71686]]}},{"type":"Feature","properties":{"g":"Buch (SH)","r":300},"geometry":{"type":"LineString","coordinates":[[8.77876,47.71693],[8.77887,47.71693],[8.77898,47.71694],[8.77908,47.71695],[8.77918,47.71696],[8.77945,47.71701],[8.77978,47.71706],[8.78031,47.71716],[8.78054,47.7172],[8.7807,47.71723],[8.7808,47.71726],[8.78087,47.71729],[8.78092,47.71731],[8.78099,47.71735],[8.78105,47.71739],[8.78113,47.71744],[8.78121,47.71748],[8.78128,47.71751],[8.78135,47.71754],[8.78142,47.71756],[8.78148,47.71757],[8.78153,47.71757],[8.78159,47.71757],[8.78163,47.71756],[8.78166,47.71754],[8.78169,47.71752],[8.78174,47.71746],[8.78175,47.71745]]}},{"type":"Feature","properties":{"g":"Buch (SH)","r":300},"geometry":{"type":"LineString","coordinates":[[8.77778,47.71714],[8.77779,47.71714],[8.77793,47.7171],[8.77844,47.71697],[8.77849,47.71696],[8.77855,47.71695],[8.77863,47.71694],[8.77875,47.71693],[8.77876,47.71693]]}},{"type":"Feature","properties":{"g":"Buchberg","r":300},"geometry":{"type":"LineString","coordinates":[[8.56615,47.5746],[8.56635,47.57471],[8.56654,47.57482],[8.56659,47.57485],[8.56661,47.57487]]}},{"type":"Feature","properties":{"g":"Buchberg","r":300},"geometry":{"type":"LineString","coordinates":[[8.56441,47.57339],[8.5645,47.57345],[8.56462,47.57351],[8.56473,47.57358],[8.56485,47.57365],[8.56504,47.57375],[8.56517,47.57382],[8.56535,47.57394],[8.56542,47.57399]]}},{"type":"Feature","properties":{"g":"Buchberg","r":300},"geometry":{"type":"LineString","coordinates":[[8.56661,47.57487],[8.56663,47.57489],[8.56665,47.57491],[8.56666,47.57493],[8.56668,47.57495],[8.56669,47.57498],[8.5667,47.575],[8.56671,47.57502],[8.56671,47.57505],[8.56671,47.57507],[8.56672,47.57509],[8.56671,47.57512],[8.56671,47.57514],[8.5667,47.57517],[8.56669,47.57519],[8.56667,47.57524],[8.56657,47.57536]]}},{"type":"Feature","properties":{"g":"Buchberg","r":300},"geometry":{"type":"LineString","coordinates":[[8.56542,47.57399],[8.56552,47.57407],[8.56565,47.57419],[8.5657,47.57424],[8.56582,47.57436],[8.56589,47.57443],[8.56593,47.57447],[8.566,47.57452],[8.56606,47.57456],[8.56615,47.5746]]}},{"type":"Feature","properties":{"g":"Büttenhardt","r":100},"geometry":{"type":"LineString","coordinates":[[8.65432,47.75805],[8.65439,47.75815],[8.65445,47.75826],[8.65448,47.75832],[8.65449,47.75836],[8.6545,47.75843],[8.6545,47.7585],[8.6545,47.75855],[8.65448,47.75862],[8.65446,47.75869],[8.65442,47.75877],[8.65438,47.75885]]}},{"type":"Feature","properties":{"g":"Büttenhardt","r":300},"geometry":{"type":"LineString","coordinates":[[8.65318,47.75624],[8.6532,47.75626],[8.65321,47.7563],[8.65322,47.75636],[8.65322,47.75641],[8.65319,47.75652],[8.65317,47.75663],[8.65316,47.75667],[8.65316,47.75673],[8.65317,47.75679],[8.65318,47.75682],[8.65321,47.75688],[8.65324,47.75693],[8.65328,47.75697],[8.65344,47.75711],[8.65356,47.75722],[8.65362,47.75728],[8.65368,47.75734],[8.65379,47.75748],[8.65405,47.75776],[8.65423,47.75795],[8.65432,47.75804],[8.65439,47.75815],[8.65445,47.75826],[8.65448,47.75832],[8.65449,47.75836],[8.6545,47.75843],[8.6545,47.7585],[8.6545,47.75855],[8.65448,47.75862],[8.65446,47.75869],[8.65442,47.75877],[8.65434,47.75892],[8.65428,47.75902],[8.65425,47.75906],[8.65419,47.75913],[8.65412,47.7592],[8.65402,47.75927]]}},{"type":"Feature","properties":{"g":"Dörflingen","r":100},"geometry":{"type":"LineString","coordinates":[[8.72223,47.70616],[8.7224,47.70613],[8.72253,47.70611],[8.72259,47.70609]]}},{"type":"Feature","properties":{"g":"Dörflingen","r":100},"geometry":{"type":"LineString","coordinates":[[8.72259,47.70609],[8.72271,47.70606],[8.7228,47.70603],[8.72289,47.70599],[8.72304,47.70592],[8.72318,47.70585],[8.72335,47.70576],[8.72348,47.7057],[8.72362,47.70564],[8.7237,47.70558]]}},{"type":"Feature","properties":{"g":"Dörflingen","r":300},"geometry":{"type":"LineString","coordinates":[[8.72052,47.70861],[8.72057,47.70864],[8.72066,47.7087],[8.72076,47.70877],[8.72079,47.70878],[8.72088,47.70886],[8.72094,47.7089],[8.72105,47.70899]]}},{"type":"Feature","properties":{"g":"Dörflingen","r":300},"geometry":{"type":"LineString","coordinates":[[8.71948,47.70706],[8.71954,47.70699],[8.71964,47.70684],[8.71971,47.70677],[8.71977,47.7067],[8.71985,47.70665],[8.71992,47.7066],[8.72006,47.70651],[8.72012,47.7065],[8.72017,47.70648],[8.72022,47.70647],[8.72028,47.70646],[8.72033,47.70644],[8.72039,47.70643],[8.72045,47.70642],[8.72053,47.7064],[8.72069,47.70637]]}},{"type":"Feature","properties":{"g":"Dörflingen","r":300},"geometry":{"type":"LineString","coordinates":[[8.72069,47.70637],[8.72089,47.70634],[8.72104,47.70632],[8.72117,47.70631],[8.72141,47.7063],[8.72158,47.70628],[8.72179,47.70624],[8.72206,47.7062],[8.7224,47.70613],[8.72253,47.70611],[8.72259,47.70609]]}},{"type":"Feature","properties":{"g":"Dörflingen","r":300},"geometry":{"type":"LineString","coordinates":[[8.72259,47.70609],[8.72271,47.70606],[8.7228,47.70603],[8.72289,47.70599],[8.72304,47.70592],[8.72318,47.70585],[8.72335,47.70576],[8.72348,47.7057],[8.72362,47.70564],[8.72372,47.70557],[8.72382,47.7055],[8.72392,47.7054],[8.72402,47.70528],[8.72412,47.70516]]}},{"type":"Feature","properties":{"g":"Dörflingen","r":300},"geometry":{"type":"LineString","coordinates":[[8.72412,47.70516],[8.72417,47.70511],[8.72422,47.70502],[8.72416,47.70498],[8.72407,47.70492],[8.72398,47.70485],[8.72383,47.70474],[8.72374,47.70467],[8.72367,47.70463],[8.7236,47.70458],[8.72352,47.70454],[8.72338,47.70448],[8.72324,47.70443],[8.72309,47.70437],[8.72286,47.70429],[8.72285,47.70429]]}},{"type":"Feature","properties":{"g":"Gächlingen","r":100},"geometry":{"type":"LineString","coordinates":[[8.49817,47.70182],[8.49818,47.70184],[8.49822,47.70188],[8.49826,47.70191],[8.49831,47.70193],[8.49841,47.70196],[8.49854,47.702],[8.49858,47.70201]]}},{"type":"Feature","properties":{"g":"Gächlingen","r":100},"geometry":{"type":"LineString","coordinates":[[8.49838,47.70141],[8.4983,47.70153],[8.49824,47.70162],[8.49819,47.70171],[8.49818,47.70176],[8.49817,47.70179],[8.49817,47.70182]]}},{"type":"Feature","properties":{"g":"Gächlingen","r":300},"geometry":{"type":"LineString","coordinates":[[8.49817,47.70182],[8.49818,47.70184],[8.49822,47.70188],[8.49826,47.70191],[8.49831,47.70193],[8.49841,47.70196],[8.49854,47.702],[8.499,47.70214],[8.49922,47.70221],[8.49938,47.70227],[8.49952,47.70233],[8.49969,47.7024],[8.49994,47.70251],[8.50004,47.70256],[8.50039,47.7027],[8.50047,47.70274],[8.50055,47.70278],[8.50062,47.70282],[8.5007,47.70287],[8.50083,47.70296],[8.5009,47.70301]]}},{"type":"Feature","properties":{"g":"Gächlingen","r":300},"geometry":{"type":"LineString","coordinates":[[8.49991,47.69989],[8.49986,47.69992],[8.49964,47.70008],[8.4996,47.70011],[8.49935,47.7003],[8.49914,47.70046],[8.49901,47.70057],[8.49893,47.70064],[8.49886,47.7007],[8.49882,47.70075],[8.49879,47.70079],[8.49868,47.70096],[8.49851,47.70121],[8.49839,47.70139],[8.4983,47.70153],[8.49824,47.70162],[8.49819,47.70171],[8.49818,47.70176],[8.49817,47.70179],[8.49817,47.70182]]}},{"type":"Feature","properties":{"g":"Hallau","r":300},"geometry":{"type":"LineString","coordinates":[[8.4644,47.69769],[8.46448,47.69769],[8.46457,47.69769],[8.46463,47.69768],[8.46477,47.69767],[8.46493,47.69767],[8.46501,47.69766],[8.46509,47.69764],[8.46519,47.69762],[8.4653,47.69759],[8.46537,47.69756],[8.46554,47.69749],[8.46574,47.6974],[8.46586,47.69735],[8.46591,47.69734],[8.46597,47.69733],[8.46603,47.69734],[8.46609,47.69735],[8.46618,47.69738],[8.46626,47.69742],[8.46634,47.69746],[8.46652,47.69754],[8.46671,47.69764],[8.46687,47.69771],[8.4671,47.69782],[8.46733,47.69794],[8.46752,47.69805],[8.46768,47.69815]]}},{"type":"Feature","properties":{"g":"Hallau","r":300},"geometry":{"type":"LineString","coordinates":[[8.46089,47.69815],[8.46096,47.69817]]}},{"type":"Feature","properties":{"g":"Hallau","r":300},"geometry":{"type":"LineString","coordinates":[[8.46096,47.69817],[8.46103,47.69818]]}},{"type":"Feature","properties":{"g":"Hallau","r":300},"geometry":{"type":"LineString","coordinates":[[8.46103,47.69818],[8.46112,47.69818]]}},{"type":"Feature","properties":{"g":"Hallau","r":300},"geometry":{"type":"LineString","coordinates":[[8.46112,47.69818],[8.46121,47.69818]]}},{"type":"Feature","properties":{"g":"Hallau","r":300},"geometry":{"type":"LineString","coordinates":[[8.46121,47.69818],[8.46131,47.69817]]}},{"type":"Feature","properties":{"g":"Hallau","r":300},"geometry":{"type":"LineString","coordinates":[[8.46131,47.69817],[8.4614,47.69816]]}},{"type":"Feature","properties":{"g":"Hallau","r":300},"geometry":{"type":"LineString","coordinates":[[8.46146,47.69815],[8.46153,47.69813]]}},{"type":"Feature","properties":{"g":"Hallau","r":300},"geometry":{"type":"LineString","coordinates":[[8.46153,47.69813],[8.46161,47.6981]]}},{"type":"Feature","properties":{"g":"Hallau","r":300},"geometry":{"type":"LineString","coordinates":[[8.46171,47.69806],[8.46177,47.69802]]}},{"type":"Feature","properties":{"g":"Hallau","r":300},"geometry":{"type":"LineString","coordinates":[[8.46177,47.69802],[8.46183,47.69798]]}},{"type":"Feature","properties":{"g":"Hallau","r":300},"geometry":{"type":"LineString","coordinates":[[8.46183,47.69798],[8.46188,47.69794]]}},{"type":"Feature","properties":{"g":"Hallau","r":300},"geometry":{"type":"LineString","coordinates":[[8.46196,47.69785],[8.46201,47.6978]]}},{"type":"Feature","properties":{"g":"Hallau","r":300},"geometry":{"type":"LineString","coordinates":[[8.46201,47.6978],[8.46206,47.69775]]}},{"type":"Feature","properties":{"g":"Hallau","r":300},"geometry":{"type":"LineString","coordinates":[[8.46222,47.69768],[8.46229,47.69767]]}},{"type":"Feature","properties":{"g":"Hallau","r":300},"geometry":{"type":"LineString","coordinates":[[8.46229,47.69767],[8.46236,47.69767]]}},{"type":"Feature","properties":{"g":"Hallau","r":300},"geometry":{"type":"LineString","coordinates":[[8.46236,47.69767],[8.46249,47.69767]]}},{"type":"Feature","properties":{"g":"Hallau","r":300},"geometry":{"type":"LineString","coordinates":[[8.46249,47.69767],[8.46258,47.69769]]}},{"type":"Feature","properties":{"g":"Hallau","r":300},"geometry":{"type":"LineString","coordinates":[[8.46258,47.69769],[8.46272,47.69772]]}},{"type":"Feature","properties":{"g":"Hallau","r":300},"geometry":{"type":"LineString","coordinates":[[8.46272,47.69772],[8.46289,47.69776]]}},{"type":"Feature","properties":{"g":"Hallau","r":300},"geometry":{"type":"LineString","coordinates":[[8.46289,47.69776],[8.46318,47.69783]]}},{"type":"Feature","properties":{"g":"Hallau","r":300},"geometry":{"type":"LineString","coordinates":[[8.46318,47.69783],[8.46339,47.69788]]}},{"type":"Feature","properties":{"g":"Hallau","r":300},"geometry":{"type":"LineString","coordinates":[[8.46339,47.69788],[8.46347,47.6979]]}},{"type":"Feature","properties":{"g":"Hallau","r":300},"geometry":{"type":"LineString","coordinates":[[8.46381,47.69792],[8.46389,47.69791]]}},{"type":"Feature","properties":{"g":"Hallau","r":300},"geometry":{"type":"LineString","coordinates":[[8.46389,47.69791],[8.46397,47.6979]]}},{"type":"Feature","properties":{"g":"Hallau","r":300},"geometry":{"type":"LineString","coordinates":[[8.46397,47.6979],[8.46404,47.69787]]}},{"type":"Feature","properties":{"g":"Hallau","r":300},"geometry":{"type":"LineString","coordinates":[[8.46404,47.69787],[8.46414,47.69784]]}},{"type":"Feature","properties":{"g":"Hallau","r":300},"geometry":{"type":"LineString","coordinates":[[8.46414,47.69784],[8.4642,47.69781]]}},{"type":"Feature","properties":{"g":"Hallau","r":300},"geometry":{"type":"LineString","coordinates":[[8.4642,47.69781],[8.46426,47.69778]]}},{"type":"Feature","properties":{"g":"Hallau","r":300},"geometry":{"type":"LineString","coordinates":[[8.46426,47.69778],[8.46432,47.69774]]}},{"type":"Feature","properties":{"g":"Hallau","r":300},"geometry":{"type":"LineString","coordinates":[[8.45728,47.69668],[8.45738,47.69675]]}},{"type":"Feature","properties":{"g":"Hallau","r":300},"geometry":{"type":"LineString","coordinates":[[8.45738,47.69675],[8.45747,47.69682]]}},{"type":"Feature","properties":{"g":"Hallau","r":300},"geometry":{"type":"LineString","coordinates":[[8.45754,47.69687],[8.4576,47.69691]]}},{"type":"Feature","properties":{"g":"Hallau","r":300},"geometry":{"type":"LineString","coordinates":[[8.4576,47.69691],[8.45766,47.69695]]}},{"type":"Feature","properties":{"g":"Hallau","r":300},"geometry":{"type":"LineString","coordinates":[[8.45766,47.69695],[8.45771,47.69698]]}},{"type":"Feature","properties":{"g":"Hallau","r":300},"geometry":{"type":"LineString","coordinates":[[8.45771,47.69698],[8.45776,47.69701]]}},{"type":"Feature","properties":{"g":"Hallau","r":300},"geometry":{"type":"LineString","coordinates":[[8.45779,47.69702],[8.45785,47.69705]]}},{"type":"Feature","properties":{"g":"Hallau","r":300},"geometry":{"type":"LineString","coordinates":[[8.45785,47.69705],[8.45791,47.69708]]}},{"type":"Feature","properties":{"g":"Hallau","r":300},"geometry":{"type":"LineString","coordinates":[[8.45791,47.69708],[8.45798,47.69712]]}},{"type":"Feature","properties":{"g":"Hallau","r":300},"geometry":{"type":"LineString","coordinates":[[8.45798,47.69712],[8.45804,47.69715]]}},{"type":"Feature","properties":{"g":"Hallau","r":300},"geometry":{"type":"LineString","coordinates":[[8.45804,47.69715],[8.4581,47.69717]]}},{"type":"Feature","properties":{"g":"Hallau","r":300},"geometry":{"type":"LineString","coordinates":[[8.4581,47.69717],[8.45817,47.6972]]}},{"type":"Feature","properties":{"g":"Hallau","r":300},"geometry":{"type":"LineString","coordinates":[[8.45817,47.6972],[8.45824,47.69722]]}},{"type":"Feature","properties":{"g":"Hallau","r":300},"geometry":{"type":"LineString","coordinates":[[8.45824,47.69722],[8.45832,47.69726]]}},{"type":"Feature","properties":{"g":"Hallau","r":300},"geometry":{"type":"LineString","coordinates":[[8.45832,47.69726],[8.45842,47.69729]]}},{"type":"Feature","properties":{"g":"Hallau","r":300},"geometry":{"type":"LineString","coordinates":[[8.45842,47.69729],[8.45852,47.69732]]}},{"type":"Feature","properties":{"g":"Hallau","r":300},"geometry":{"type":"LineString","coordinates":[[8.45852,47.69732],[8.45859,47.69734]]}},{"type":"Feature","properties":{"g":"Hallau","r":300},"geometry":{"type":"LineString","coordinates":[[8.45859,47.69734],[8.45867,47.69736]]}},{"type":"Feature","properties":{"g":"Hallau","r":300},"geometry":{"type":"LineString","coordinates":[[8.45867,47.69736],[8.45877,47.69739]]}},{"type":"Feature","properties":{"g":"Hallau","r":300},"geometry":{"type":"LineString","coordinates":[[8.45877,47.69739],[8.45888,47.69742]]}},{"type":"Feature","properties":{"g":"Hallau","r":300},"geometry":{"type":"LineString","coordinates":[[8.45888,47.69742],[8.459,47.69745]]}},{"type":"Feature","properties":{"g":"Hallau","r":300},"geometry":{"type":"LineString","coordinates":[[8.459,47.69745],[8.45917,47.6975]]}},{"type":"Feature","properties":{"g":"Hallau","r":300},"geometry":{"type":"LineString","coordinates":[[8.45917,47.6975],[8.45946,47.6976]]}},{"type":"Feature","properties":{"g":"Hallau","r":300},"geometry":{"type":"LineString","coordinates":[[8.45946,47.6976],[8.45952,47.69762]]}},{"type":"Feature","properties":{"g":"Hallau","r":300},"geometry":{"type":"LineString","coordinates":[[8.45952,47.69762],[8.45987,47.69773]]}},{"type":"Feature","properties":{"g":"Hallau","r":300},"geometry":{"type":"LineString","coordinates":[[8.45987,47.69773],[8.4601,47.6978]]}},{"type":"Feature","properties":{"g":"Hallau","r":300},"geometry":{"type":"LineString","coordinates":[[8.4601,47.6978],[8.46023,47.69786]]}},{"type":"Feature","properties":{"g":"Hallau","r":300},"geometry":{"type":"LineString","coordinates":[[8.46023,47.69786],[8.4603,47.69788]]}},{"type":"Feature","properties":{"g":"Hallau","r":300},"geometry":{"type":"LineString","coordinates":[[8.4603,47.69788],[8.46043,47.69794]]}},{"type":"Feature","properties":{"g":"Hallau","r":300},"geometry":{"type":"LineString","coordinates":[[8.46043,47.69794],[8.46052,47.69798]]}},{"type":"Feature","properties":{"g":"Hallau","r":300},"geometry":{"type":"LineString","coordinates":[[8.46052,47.69798],[8.46065,47.69804]]}},{"type":"Feature","properties":{"g":"Hallau","r":300},"geometry":{"type":"LineString","coordinates":[[8.46065,47.69804],[8.46077,47.6981]]}},{"type":"Feature","properties":{"g":"Hallau","r":300},"geometry":{"type":"LineString","coordinates":[[8.46077,47.6981],[8.46084,47.69813]]}},{"type":"Feature","properties":{"g":"Hallau","r":300},"geometry":{"type":"LineString","coordinates":[[8.4644,47.69769],[8.46444,47.69764]]}},{"type":"Feature","properties":{"g":"Hallau","r":300},"geometry":{"type":"LineString","coordinates":[[8.4573,47.69477],[8.45728,47.69485]]}},{"type":"Feature","properties":{"g":"Hallau","r":300},"geometry":{"type":"LineString","coordinates":[[8.45728,47.69485],[8.45726,47.69497]]}},{"type":"Feature","properties":{"g":"Hallau","r":300},"geometry":{"type":"LineString","coordinates":[[8.45726,47.69497],[8.45724,47.69506]]}},{"type":"Feature","properties":{"g":"Hallau","r":300},"geometry":{"type":"LineString","coordinates":[[8.45724,47.69506],[8.45722,47.69515]]}},{"type":"Feature","properties":{"g":"Hallau","r":300},"geometry":{"type":"LineString","coordinates":[[8.45722,47.69519],[8.45722,47.69524]]}},{"type":"Feature","properties":{"g":"Hallau","r":300},"geometry":{"type":"LineString","coordinates":[[8.45723,47.69528],[8.45723,47.69534]]}},{"type":"Feature","properties":{"g":"Hallau","r":300},"geometry":{"type":"LineString","coordinates":[[8.45723,47.69534],[8.45724,47.69539]]}},{"type":"Feature","properties":{"g":"Hallau","r":300},"geometry":{"type":"LineString","coordinates":[[8.45729,47.69551],[8.45733,47.69558]]}},{"type":"Feature","properties":{"g":"Hallau","r":300},"geometry":{"type":"LineString","coordinates":[[8.45733,47.69558],[8.4574,47.69569]]}},{"type":"Feature","properties":{"g":"Hallau","r":300},"geometry":{"type":"LineString","coordinates":[[8.45743,47.69576],[8.45745,47.69581]]}},{"type":"Feature","properties":{"g":"Hallau","r":300},"geometry":{"type":"LineString","coordinates":[[8.45747,47.69585],[8.45748,47.6959]]}},{"type":"Feature","properties":{"g":"Hallau","r":300},"geometry":{"type":"LineString","coordinates":[[8.45748,47.6959],[8.45749,47.69596]]}},{"type":"Feature","properties":{"g":"Hallau","r":300},"geometry":{"type":"LineString","coordinates":[[8.45747,47.69603],[8.45744,47.69611]]}},{"type":"Feature","properties":{"g":"Hallau","r":300},"geometry":{"type":"LineString","coordinates":[[8.45744,47.69611],[8.45741,47.69619]]}},{"type":"Feature","properties":{"g":"Hallau","r":300},"geometry":{"type":"LineString","coordinates":[[8.45741,47.69619],[8.45737,47.69627]]}},{"type":"Feature","properties":{"g":"Hallau","r":300},"geometry":{"type":"LineString","coordinates":[[8.45737,47.69627],[8.45731,47.69639]]}},{"type":"Feature","properties":{"g":"Hallau","r":300},"geometry":{"type":"LineString","coordinates":[[8.45731,47.69639],[8.45725,47.69648]]}},{"type":"Feature","properties":{"g":"Hallau","r":300},"geometry":{"type":"LineString","coordinates":[[8.45725,47.69648],[8.45723,47.69653]]}},{"type":"Feature","properties":{"g":"Hallau","r":300},"geometry":{"type":"LineString","coordinates":[[8.45722,47.69656],[8.45722,47.69661]]}},{"type":"Feature","properties":{"g":"Hallau","r":300},"geometry":{"type":"LineString","coordinates":[[8.45724,47.69664],[8.45728,47.69668]]}},{"type":"Feature","properties":{"g":"Hallau","r":300},"geometry":{"type":"LineString","coordinates":[[8.4645,47.69754],[8.46451,47.69746],[8.46451,47.69742],[8.46451,47.69736],[8.46451,47.69729],[8.46453,47.6972],[8.46454,47.69712],[8.46456,47.69703],[8.46463,47.69677],[8.46464,47.69672],[8.46467,47.69664],[8.46474,47.69638],[8.46477,47.69629],[8.4648,47.69622]]}},{"type":"Feature","properties":{"g":"Lohn (SH)","r":100},"geometry":{"type":"LineString","coordinates":[[8.66773,47.75468],[8.66771,47.75467],[8.66758,47.75461],[8.66753,47.75459],[8.66747,47.75457],[8.66741,47.75455],[8.66735,47.75453],[8.66729,47.75451],[8.66723,47.75449],[8.66717,47.75448],[8.66711,47.75446],[8.66705,47.75445]]}},{"type":"Feature","properties":{"g":"Lohn (SH)","r":300},"geometry":{"type":"LineString","coordinates":[[8.67068,47.75646],[8.67062,47.75643],[8.67054,47.75639],[8.67029,47.75623],[8.67022,47.75618],[8.67011,47.75611],[8.67002,47.75605],[8.66989,47.75595],[8.66975,47.75584]]}},{"type":"Feature","properties":{"g":"Lohn (SH)","r":300},"geometry":{"type":"LineString","coordinates":[[8.66867,47.755],[8.66866,47.75499],[8.66866,47.75498],[8.66865,47.75497],[8.66865,47.75496],[8.66864,47.75495],[8.66864,47.75494],[8.66857,47.75469],[8.66856,47.75465],[8.66852,47.75458],[8.66843,47.75434],[8.66839,47.75425],[8.66835,47.75415],[8.66823,47.75385],[8.66821,47.7538],[8.66819,47.75376],[8.66817,47.7537],[8.66811,47.75355],[8.66802,47.75333],[8.66796,47.75317],[8.66783,47.75286],[8.66779,47.75276]]}},{"type":"Feature","properties":{"g":"Lohn (SH)","r":300},"geometry":{"type":"LineString","coordinates":[[8.66867,47.755],[8.66866,47.755],[8.66864,47.755],[8.66863,47.755],[8.66862,47.75501],[8.6686,47.75501],[8.66859,47.75501],[8.66858,47.755],[8.66856,47.755],[8.66855,47.755],[8.66854,47.755],[8.66852,47.75499],[8.6685,47.75498],[8.66847,47.75497],[8.66845,47.75497],[8.66842,47.75496],[8.6684,47.75495],[8.66837,47.75494],[8.66835,47.75493],[8.66827,47.75489],[8.6681,47.75483],[8.66794,47.75476],[8.66771,47.75467],[8.66758,47.75461],[8.66753,47.75459],[8.66747,47.75457],[8.66741,47.75455],[8.66735,47.75453],[8.66729,47.75451],[8.66723,47.75449],[8.66717,47.75448],[8.66711,47.75446],[8.66705,47.75445]]}},{"type":"Feature","properties":{"g":"Lohn (SH)","r":300},"geometry":{"type":"LineString","coordinates":[[8.66916,47.75769],[8.66917,47.75768],[8.66927,47.75757],[8.6694,47.75742],[8.66944,47.75737],[8.66949,47.75732],[8.66957,47.75725],[8.66959,47.75723],[8.66962,47.75721],[8.66976,47.75713],[8.67004,47.75696],[8.67023,47.75685],[8.67039,47.75674],[8.67046,47.7567],[8.6705,47.75667],[8.67054,47.75662],[8.6706,47.75656],[8.67064,47.75652],[8.67066,47.75648],[8.67068,47.75646]]}},{"type":"Feature","properties":{"g":"Lohn (SH)","r":300},"geometry":{"type":"LineString","coordinates":[[8.67068,47.75646],[8.67071,47.75648],[8.67075,47.75649],[8.6708,47.7565],[8.67094,47.75654],[8.67106,47.75656],[8.67114,47.75657],[8.67122,47.75658],[8.67128,47.75657],[8.67133,47.75657],[8.67135,47.75657],[8.67138,47.75656],[8.67141,47.75655],[8.67143,47.75655]]}},{"type":"Feature","properties":{"g":"Lohn (SH)","r":300},"geometry":{"type":"LineString","coordinates":[[8.66975,47.75584],[8.66958,47.75571],[8.66944,47.7556],[8.66924,47.75545],[8.66899,47.75524],[8.66887,47.75514],[8.66884,47.75511],[8.66882,47.75508],[8.66879,47.75506],[8.66878,47.75505],[8.66867,47.755]]}},{"type":"Feature","properties":{"g":"Lohn (SH)","r":300},"geometry":{"type":"LineString","coordinates":[[8.67143,47.75655],[8.67146,47.75654],[8.67148,47.75653],[8.67151,47.75652],[8.67155,47.75648],[8.67159,47.75646],[8.67165,47.75643],[8.67171,47.75639],[8.67178,47.75635],[8.67183,47.75632],[8.67187,47.75628],[8.67194,47.75621],[8.67217,47.75597]]}},{"type":"Feature","properties":{"g":"Lohn (SH)","r":300},"geometry":{"type":"LineString","coordinates":[[8.67217,47.75597],[8.67222,47.75591],[8.67228,47.75586],[8.67235,47.75579],[8.67239,47.75576]]}},{"type":"Feature","properties":{"g":"Löhningen","r":300},"geometry":{"type":"LineString","coordinates":[[8.55695,47.70126],[8.55683,47.70129]]}},{"type":"Feature","properties":{"g":"Löhningen","r":300},"geometry":{"type":"LineString","coordinates":[[8.55683,47.70129],[8.55654,47.70135]]}},{"type":"Feature","properties":{"g":"Löhningen","r":300},"geometry":{"type":"LineString","coordinates":[[8.55654,47.70135],[8.55637,47.70139]]}},{"type":"Feature","properties":{"g":"Löhningen","r":300},"geometry":{"type":"LineString","coordinates":[[8.55635,47.70139],[8.55625,47.70142]]}},{"type":"Feature","properties":{"g":"Löhningen","r":300},"geometry":{"type":"LineString","coordinates":[[8.55625,47.70142],[8.5561,47.70144]]}},{"type":"Feature","properties":{"g":"Löhningen","r":300},"geometry":{"type":"LineString","coordinates":[[8.5561,47.70144],[8.55596,47.70146]]}},{"type":"Feature","properties":{"g":"Löhningen","r":300},"geometry":{"type":"LineString","coordinates":[[8.55596,47.70146],[8.55583,47.70147]]}},{"type":"Feature","properties":{"g":"Löhningen","r":300},"geometry":{"type":"LineString","coordinates":[[8.55583,47.70147],[8.55564,47.70148]]}},{"type":"Feature","properties":{"g":"Löhningen","r":300},"geometry":{"type":"LineString","coordinates":[[8.55564,47.70148],[8.55543,47.70149]]}},{"type":"Feature","properties":{"g":"Löhningen","r":300},"geometry":{"type":"LineString","coordinates":[[8.55543,47.70149],[8.55518,47.70149]]}},{"type":"Feature","properties":{"g":"Löhningen","r":300},"geometry":{"type":"LineString","coordinates":[[8.55518,47.70149],[8.55496,47.70149]]}},{"type":"Feature","properties":{"g":"Löhningen","r":300},"geometry":{"type":"LineString","coordinates":[[8.55496,47.70149],[8.5546,47.70147]]}},{"type":"Feature","properties":{"g":"Löhningen","r":300},"geometry":{"type":"LineString","coordinates":[[8.5546,47.70147],[8.55426,47.70145]]}},{"type":"Feature","properties":{"g":"Löhningen","r":300},"geometry":{"type":"LineString","coordinates":[[8.55426,47.70145],[8.55376,47.70141]]}},{"type":"Feature","properties":{"g":"Löhningen","r":300},"geometry":{"type":"LineString","coordinates":[[8.55376,47.70141],[8.55324,47.70136]]}},{"type":"Feature","properties":{"g":"Löhningen","r":300},"geometry":{"type":"LineString","coordinates":[[8.55324,47.70136],[8.55304,47.70133]]}},{"type":"Feature","properties":{"g":"Löhningen","r":300},"geometry":{"type":"LineString","coordinates":[[8.55304,47.70133],[8.55288,47.70131]]}},{"type":"Feature","properties":{"g":"Löhningen","r":300},"geometry":{"type":"LineString","coordinates":[[8.55288,47.70131],[8.55266,47.70128]]}},{"type":"Feature","properties":{"g":"Löhningen","r":300},"geometry":{"type":"LineString","coordinates":[[8.55266,47.70128],[8.55253,47.70126]]}},{"type":"Feature","properties":{"g":"Löhningen","r":300},"geometry":{"type":"LineString","coordinates":[[8.55253,47.70126],[8.55241,47.70124]]}},{"type":"Feature","properties":{"g":"Löhningen","r":300},"geometry":{"type":"LineString","coordinates":[[8.55241,47.70124],[8.55225,47.70122]]}},{"type":"Feature","properties":{"g":"Löhningen","r":300},"geometry":{"type":"LineString","coordinates":[[8.55225,47.70122],[8.55202,47.70118]]}},{"type":"Feature","properties":{"g":"Löhningen","r":300},"geometry":{"type":"LineString","coordinates":[[8.55202,47.70118],[8.55177,47.70114]]}},{"type":"Feature","properties":{"g":"Löhningen","r":300},"geometry":{"type":"LineString","coordinates":[[8.55177,47.70114],[8.55163,47.70113]]}},{"type":"Feature","properties":{"g":"Löhningen","r":300},"geometry":{"type":"LineString","coordinates":[[8.55163,47.70113],[8.55141,47.70111]]}},{"type":"Feature","properties":{"g":"Löhningen","r":300},"geometry":{"type":"LineString","coordinates":[[8.55141,47.70111],[8.55114,47.7011]]}},{"type":"Feature","properties":{"g":"Löhningen","r":300},"geometry":{"type":"LineString","coordinates":[[8.55114,47.7011],[8.5508,47.70109]]}},{"type":"Feature","properties":{"g":"Löhningen","r":300},"geometry":{"type":"LineString","coordinates":[[8.5508,47.70109],[8.5505,47.7011]]}},{"type":"Feature","properties":{"g":"Löhningen","r":300},"geometry":{"type":"LineString","coordinates":[[8.5505,47.7011],[8.55026,47.70111]]}},{"type":"Feature","properties":{"g":"Löhningen","r":300},"geometry":{"type":"LineString","coordinates":[[8.55026,47.70111],[8.55003,47.70111]]}},{"type":"Feature","properties":{"g":"Löhningen","r":300},"geometry":{"type":"LineString","coordinates":[[8.55003,47.70111],[8.54989,47.70111]]}},{"type":"Feature","properties":{"g":"Löhningen","r":300},"geometry":{"type":"LineString","coordinates":[[8.54989,47.70111],[8.54978,47.70112]]}},{"type":"Feature","properties":{"g":"Löhningen","r":300},"geometry":{"type":"LineString","coordinates":[[8.54978,47.70112],[8.54961,47.70112]]}},{"type":"Feature","properties":{"g":"Löhningen","r":300},"geometry":{"type":"LineString","coordinates":[[8.54961,47.70112],[8.54945,47.70113]]}},{"type":"Feature","properties":{"g":"Löhningen","r":300},"geometry":{"type":"LineString","coordinates":[[8.54945,47.70113],[8.54938,47.70114]]}},{"type":"Feature","properties":{"g":"Merishausen","r":100},"geometry":{"type":"LineString","coordinates":[[8.60991,47.75965],[8.60988,47.75976]]}},{"type":"Feature","properties":{"g":"Merishausen","r":100},"geometry":{"type":"LineString","coordinates":[[8.60988,47.75976],[8.6098,47.75997]]}},{"type":"Feature","properties":{"g":"Merishausen","r":100},"geometry":{"type":"LineString","coordinates":[[8.6098,47.75997],[8.60976,47.76009]]}},{"type":"Feature","properties":{"g":"Merishausen","r":100},"geometry":{"type":"LineString","coordinates":[[8.60969,47.76027],[8.60962,47.7604]]}},{"type":"Feature","properties":{"g":"Merishausen","r":100},"geometry":{"type":"LineString","coordinates":[[8.60962,47.7604],[8.60946,47.76064]]}},{"type":"Feature","properties":{"g":"Merishausen","r":100},"geometry":{"type":"LineString","coordinates":[[8.60946,47.76064],[8.60938,47.76076]]}},{"type":"Feature","properties":{"g":"Merishausen","r":100},"geometry":{"type":"LineString","coordinates":[[8.60938,47.76076],[8.60931,47.76088]]}},{"type":"Feature","properties":{"g":"Merishausen","r":100},"geometry":{"type":"LineString","coordinates":[[8.60931,47.76088],[8.60924,47.76098]]}},{"type":"Feature","properties":{"g":"Merishausen","r":100},"geometry":{"type":"LineString","coordinates":[[8.60924,47.76098],[8.60916,47.76109]]}},{"type":"Feature","properties":{"g":"Merishausen","r":100},"geometry":{"type":"LineString","coordinates":[[8.60916,47.76109],[8.60908,47.76119]]}},{"type":"Feature","properties":{"g":"Merishausen","r":100},"geometry":{"type":"LineString","coordinates":[[8.60908,47.76119],[8.609,47.76129]]}},{"type":"Feature","properties":{"g":"Merishausen","r":300},"geometry":{"type":"LineString","coordinates":[[8.61072,47.75662],[8.61063,47.75671]]}},{"type":"Feature","properties":{"g":"Merishausen","r":300},"geometry":{"type":"LineString","coordinates":[[8.61063,47.75671],[8.61054,47.75681]]}},{"type":"Feature","properties":{"g":"Merishausen","r":300},"geometry":{"type":"LineString","coordinates":[[8.61054,47.75681],[8.61045,47.75691]]}},{"type":"Feature","properties":{"g":"Merishausen","r":300},"geometry":{"type":"LineString","coordinates":[[8.61045,47.75691],[8.61034,47.75705]]}},{"type":"Feature","properties":{"g":"Merishausen","r":300},"geometry":{"type":"LineString","coordinates":[[8.61034,47.75705],[8.61027,47.75716]]}},{"type":"Feature","properties":{"g":"Merishausen","r":300},"geometry":{"type":"LineString","coordinates":[[8.61027,47.75716],[8.6102,47.75731]]}},{"type":"Feature","properties":{"g":"Merishausen","r":300},"geometry":{"type":"LineString","coordinates":[[8.6102,47.75731],[8.61014,47.75744]]}},{"type":"Feature","properties":{"g":"Merishausen","r":300},"geometry":{"type":"LineString","coordinates":[[8.61014,47.75744],[8.61011,47.75753]]}},{"type":"Feature","properties":{"g":"Merishausen","r":300},"geometry":{"type":"LineString","coordinates":[[8.61011,47.75753],[8.61009,47.75763]]}},{"type":"Feature","properties":{"g":"Merishausen","r":300},"geometry":{"type":"LineString","coordinates":[[8.61009,47.75763],[8.61008,47.75774]]}},{"type":"Feature","properties":{"g":"Merishausen","r":300},"geometry":{"type":"LineString","coordinates":[[8.61008,47.75774],[8.61006,47.7579]]}},{"type":"Feature","properties":{"g":"Merishausen","r":300},"geometry":{"type":"LineString","coordinates":[[8.61006,47.7579],[8.61002,47.75836]]}},{"type":"Feature","properties":{"g":"Merishausen","r":300},"geometry":{"type":"LineString","coordinates":[[8.61002,47.75838],[8.61,47.75861]]}},{"type":"Feature","properties":{"g":"Merishausen","r":300},"geometry":{"type":"LineString","coordinates":[[8.61,47.75861],[8.60998,47.75877]]}},{"type":"Feature","properties":{"g":"Merishausen","r":300},"geometry":{"type":"LineString","coordinates":[[8.60998,47.75877],[8.60997,47.75892]]}},{"type":"Feature","properties":{"g":"Merishausen","r":300},"geometry":{"type":"LineString","coordinates":[[8.60997,47.75892],[8.60996,47.75915]]}},{"type":"Feature","properties":{"g":"Merishausen","r":300},"geometry":{"type":"LineString","coordinates":[[8.60996,47.75915],[8.60995,47.75939]]}},{"type":"Feature","properties":{"g":"Merishausen","r":300},"geometry":{"type":"LineString","coordinates":[[8.60995,47.75939],[8.60995,47.75944]]}},{"type":"Feature","properties":{"g":"Merishausen","r":300},"geometry":{"type":"LineString","coordinates":[[8.60995,47.75944],[8.60995,47.75951]]}},{"type":"Feature","properties":{"g":"Merishausen","r":300},"geometry":{"type":"LineString","coordinates":[[8.60994,47.75955],[8.60992,47.75963]]}},{"type":"Feature","properties":{"g":"Merishausen","r":300},"geometry":{"type":"LineString","coordinates":[[8.60992,47.75963],[8.60988,47.75976]]}},{"type":"Feature","properties":{"g":"Merishausen","r":300},"geometry":{"type":"LineString","coordinates":[[8.60988,47.75976],[8.6098,47.75997]]}},{"type":"Feature","properties":{"g":"Merishausen","r":300},"geometry":{"type":"LineString","coordinates":[[8.6098,47.75997],[8.60976,47.76009]]}},{"type":"Feature","properties":{"g":"Merishausen","r":300},"geometry":{"type":"LineString","coordinates":[[8.60969,47.76027],[8.60962,47.7604]]}},{"type":"Feature","properties":{"g":"Merishausen","r":300},"geometry":{"type":"LineString","coordinates":[[8.60962,47.7604],[8.60946,47.76064]]}},{"type":"Feature","properties":{"g":"Merishausen","r":300},"geometry":{"type":"LineString","coordinates":[[8.60946,47.76064],[8.60938,47.76076]]}},{"type":"Feature","properties":{"g":"Merishausen","r":300},"geometry":{"type":"LineString","coordinates":[[8.60938,47.76076],[8.60931,47.76088]]}},{"type":"Feature","properties":{"g":"Merishausen","r":300},"geometry":{"type":"LineString","coordinates":[[8.60931,47.76088],[8.60924,47.76098]]}},{"type":"Feature","properties":{"g":"Merishausen","r":300},"geometry":{"type":"LineString","coordinates":[[8.60924,47.76098],[8.60916,47.76109]]}},{"type":"Feature","properties":{"g":"Merishausen","r":300},"geometry":{"type":"LineString","coordinates":[[8.60916,47.76109],[8.60908,47.76119]]}},{"type":"Feature","properties":{"g":"Merishausen","r":300},"geometry":{"type":"LineString","coordinates":[[8.60908,47.76119],[8.609,47.76129]]}},{"type":"Feature","properties":{"g":"Merishausen","r":300},"geometry":{"type":"LineString","coordinates":[[8.609,47.76129],[8.60895,47.76134]]}},{"type":"Feature","properties":{"g":"Merishausen","r":300},"geometry":{"type":"LineString","coordinates":[[8.60895,47.76134],[8.6089,47.76139]]}},{"type":"Feature","properties":{"g":"Merishausen","r":300},"geometry":{"type":"LineString","coordinates":[[8.6089,47.76139],[8.60886,47.76145]]}},{"type":"Feature","properties":{"g":"Merishausen","r":300},"geometry":{"type":"LineString","coordinates":[[8.60886,47.76145],[8.60881,47.76153]]}},{"type":"Feature","properties":{"g":"Merishausen","r":300},"geometry":{"type":"LineString","coordinates":[[8.60881,47.76153],[8.60876,47.76163]]}},{"type":"Feature","properties":{"g":"Merishausen","r":300},"geometry":{"type":"LineString","coordinates":[[8.60876,47.76163],[8.60874,47.7617]]}},{"type":"Feature","properties":{"g":"Merishausen","r":300},"geometry":{"type":"LineString","coordinates":[[8.60874,47.7617],[8.60872,47.76178]]}},{"type":"Feature","properties":{"g":"Merishausen","r":300},"geometry":{"type":"LineString","coordinates":[[8.60872,47.76178],[8.60862,47.76214]]}},{"type":"Feature","properties":{"g":"Merishausen","r":300},"geometry":{"type":"LineString","coordinates":[[8.60862,47.76214],[8.60848,47.76267]]}},{"type":"Feature","properties":{"g":"Merishausen","r":300},"geometry":{"type":"LineString","coordinates":[[8.60848,47.76267],[8.60843,47.76284]]}},{"type":"Feature","properties":{"g":"Merishausen","r":300},"geometry":{"type":"LineString","coordinates":[[8.60843,47.76284],[8.60839,47.76296]]}},{"type":"Feature","properties":{"g":"Merishausen","r":300},"geometry":{"type":"LineString","coordinates":[[8.60839,47.76296],[8.60835,47.76305]]}},{"type":"Feature","properties":{"g":"Neuhausen am Rheinfall","r":100},"geometry":{"type":"LineString","coordinates":[[8.61681,47.68083],[8.61673,47.68082],[8.61672,47.68082]]}},{"type":"Feature","properties":{"g":"Neuhausen am Rheinfall","r":100},"geometry":{"type":"LineString","coordinates":[[8.62333,47.69268],[8.62345,47.6927]]}},{"type":"Feature","properties":{"g":"Neuhausen am Rheinfall","r":100},"geometry":{"type":"LineString","coordinates":[[8.62345,47.6927],[8.62365,47.69271]]}},{"type":"Feature","properties":{"g":"Neuhausen am Rheinfall","r":100},"geometry":{"type":"LineString","coordinates":[[8.62237,47.68965],[8.62236,47.68974]]}},{"type":"Feature","properties":{"g":"Neuhausen am Rheinfall","r":100},"geometry":{"type":"LineString","coordinates":[[8.62236,47.68974],[8.62231,47.69005]]}},{"type":"Feature","properties":{"g":"Neuhausen am Rheinfall","r":100},"geometry":{"type":"LineString","coordinates":[[8.62231,47.69005],[8.62228,47.69024]]}},{"type":"Feature","properties":{"g":"Neuhausen am Rheinfall","r":100},"geometry":{"type":"LineString","coordinates":[[8.62226,47.69028],[8.6222,47.69049]]}},{"type":"Feature","properties":{"g":"Neuhausen am Rheinfall","r":100},"geometry":{"type":"LineString","coordinates":[[8.6222,47.69049],[8.62214,47.69065]]}},{"type":"Feature","properties":{"g":"Neuhausen am Rheinfall","r":300},"geometry":{"type":"LineString","coordinates":[[8.6171,47.6809],[8.61693,47.68086],[8.61684,47.68084],[8.61673,47.68082],[8.61672,47.68082]]}},{"type":"Feature","properties":{"g":"Neuhausen am Rheinfall","r":300},"geometry":{"type":"LineString","coordinates":[[8.61742,47.68227],[8.61746,47.68222],[8.61749,47.68218],[8.61751,47.68216],[8.61757,47.68212],[8.61763,47.68209],[8.61767,47.68206],[8.61776,47.682],[8.6178,47.68197],[8.61783,47.68193],[8.61785,47.6819],[8.61787,47.68186],[8.61788,47.68182],[8.61789,47.68179],[8.61789,47.68177],[8.61789,47.68174],[8.61789,47.68169],[8.61788,47.68165],[8.61787,47.6816],[8.61785,47.68156],[8.61782,47.68152],[8.61777,47.68146],[8.6177,47.6814],[8.6176,47.68133],[8.61747,47.68125],[8.61736,47.68118],[8.61728,47.68114],[8.61723,47.68111],[8.61718,47.68107],[8.61714,47.681],[8.6171,47.6809]]}},{"type":"Feature","properties":{"g":"Neuhausen am Rheinfall","r":300},"geometry":{"type":"LineString","coordinates":[[8.61323,47.68346],[8.61386,47.68327]]}},{"type":"Feature","properties":{"g":"Neuhausen am Rheinfall","r":300},"geometry":{"type":"LineString","coordinates":[[8.61386,47.68327],[8.61402,47.68323]]}},{"type":"Feature","properties":{"g":"Neuhausen am Rheinfall","r":300},"geometry":{"type":"LineString","coordinates":[[8.61402,47.68323],[8.61419,47.68318]]}},{"type":"Feature","properties":{"g":"Neuhausen am Rheinfall","r":300},"geometry":{"type":"LineString","coordinates":[[8.61419,47.68318],[8.61455,47.68307]]}},{"type":"Feature","properties":{"g":"Neuhausen am Rheinfall","r":300},"geometry":{"type":"LineString","coordinates":[[8.61455,47.68307],[8.61506,47.68291]]}},{"type":"Feature","properties":{"g":"Neuhausen am Rheinfall","r":300},"geometry":{"type":"LineString","coordinates":[[8.61506,47.68291],[8.61553,47.68276]]}},{"type":"Feature","properties":{"g":"Neuhausen am Rheinfall","r":300},"geometry":{"type":"LineString","coordinates":[[8.61553,47.68276],[8.61588,47.68265]]}},{"type":"Feature","properties":{"g":"Neuhausen am Rheinfall","r":300},"geometry":{"type":"LineString","coordinates":[[8.61588,47.68265],[8.61658,47.68244]]}},{"type":"Feature","properties":{"g":"Neuhausen am Rheinfall","r":300},"geometry":{"type":"LineString","coordinates":[[8.61658,47.68244],[8.6169,47.68234]]}},{"type":"Feature","properties":{"g":"Neuhausen am Rheinfall","r":300},"geometry":{"type":"LineString","coordinates":[[8.6169,47.68234],[8.61706,47.6823]]}},{"type":"Feature","properties":{"g":"Neuhausen am Rheinfall","r":300},"geometry":{"type":"LineString","coordinates":[[8.61706,47.6823],[8.61714,47.68228]]}},{"type":"Feature","properties":{"g":"Neuhausen am Rheinfall","r":300},"geometry":{"type":"LineString","coordinates":[[8.61714,47.68228],[8.61722,47.68227]]}},{"type":"Feature","properties":{"g":"Neuhausen am Rheinfall","r":300},"geometry":{"type":"LineString","coordinates":[[8.61722,47.68227],[8.61733,47.68226]]}},{"type":"Feature","properties":{"g":"Neuhausen am Rheinfall","r":300},"geometry":{"type":"LineString","coordinates":[[8.61733,47.68226],[8.61742,47.68227]]}},{"type":"Feature","properties":{"g":"Neuhausen am Rheinfall","r":300},"geometry":{"type":"LineString","coordinates":[[8.61742,47.68227],[8.61749,47.68229]]}},{"type":"Feature","properties":{"g":"Neuhausen am Rheinfall","r":300},"geometry":{"type":"LineString","coordinates":[[8.61749,47.68229],[8.61758,47.68233]]}},{"type":"Feature","properties":{"g":"Neuhausen am Rheinfall","r":300},"geometry":{"type":"LineString","coordinates":[[8.61758,47.68233],[8.61768,47.68238]]}},{"type":"Feature","properties":{"g":"Neuhausen am Rheinfall","r":300},"geometry":{"type":"LineString","coordinates":[[8.61768,47.68238],[8.61779,47.68246]]}},{"type":"Feature","properties":{"g":"Neuhausen am Rheinfall","r":300},"geometry":{"type":"LineString","coordinates":[[8.61779,47.68246],[8.61792,47.68255]]}},{"type":"Feature","properties":{"g":"Neuhausen am Rheinfall","r":300},"geometry":{"type":"LineString","coordinates":[[8.61792,47.68255],[8.61806,47.68266]]}},{"type":"Feature","properties":{"g":"Neuhausen am Rheinfall","r":300},"geometry":{"type":"LineString","coordinates":[[8.61806,47.68266],[8.61827,47.68284]]}},{"type":"Feature","properties":{"g":"Neuhausen am Rheinfall","r":300},"geometry":{"type":"LineString","coordinates":[[8.61827,47.68284],[8.61847,47.68303]]}},{"type":"Feature","properties":{"g":"Neuhausen am Rheinfall","r":300},"geometry":{"type":"LineString","coordinates":[[8.61847,47.68303],[8.61879,47.68332]]}},{"type":"Feature","properties":{"g":"Neuhausen am Rheinfall","r":300},"geometry":{"type":"LineString","coordinates":[[8.61879,47.68332],[8.61919,47.68369]]}},{"type":"Feature","properties":{"g":"Neuhausen am Rheinfall","r":300},"geometry":{"type":"LineString","coordinates":[[8.61919,47.68369],[8.61974,47.6842]]}},{"type":"Feature","properties":{"g":"Neuhausen am Rheinfall","r":300},"geometry":{"type":"LineString","coordinates":[[8.61974,47.6842],[8.61982,47.68428]]}},{"type":"Feature","properties":{"g":"Neuhausen am Rheinfall","r":300},"geometry":{"type":"LineString","coordinates":[[8.61982,47.68428],[8.62005,47.68455]]}},{"type":"Feature","properties":{"g":"Neuhausen am Rheinfall","r":300},"geometry":{"type":"LineString","coordinates":[[8.62005,47.68455],[8.62039,47.68494]]}},{"type":"Feature","properties":{"g":"Neuhausen am Rheinfall","r":300},"geometry":{"type":"LineString","coordinates":[[8.62039,47.68494],[8.62065,47.68524]]}},{"type":"Feature","properties":{"g":"Neuhausen am Rheinfall","r":300},"geometry":{"type":"LineString","coordinates":[[8.62065,47.68524],[8.62071,47.68532]]}},{"type":"Feature","properties":{"g":"Neuhausen am Rheinfall","r":300},"geometry":{"type":"LineString","coordinates":[[8.62071,47.68532],[8.6208,47.68543]]}},{"type":"Feature","properties":{"g":"Neuhausen am Rheinfall","r":300},"geometry":{"type":"LineString","coordinates":[[8.6208,47.68543],[8.62097,47.68569]]}},{"type":"Feature","properties":{"g":"Neuhausen am Rheinfall","r":300},"geometry":{"type":"LineString","coordinates":[[8.62097,47.68569],[8.62104,47.68578]]}},{"type":"Feature","properties":{"g":"Neuhausen am Rheinfall","r":300},"geometry":{"type":"LineString","coordinates":[[8.62104,47.68578],[8.62119,47.68599]]}},{"type":"Feature","properties":{"g":"Neuhausen am Rheinfall","r":300},"geometry":{"type":"LineString","coordinates":[[8.62119,47.68599],[8.62139,47.68628]]}},{"type":"Feature","properties":{"g":"Neuhausen am Rheinfall","r":300},"geometry":{"type":"LineString","coordinates":[[8.62139,47.68628],[8.62155,47.68651]]}},{"type":"Feature","properties":{"g":"Neuhausen am Rheinfall","r":300},"geometry":{"type":"LineString","coordinates":[[8.62155,47.68651],[8.62174,47.68676]]}},{"type":"Feature","properties":{"g":"Neuhausen am Rheinfall","r":300},"geometry":{"type":"LineString","coordinates":[[8.62174,47.68676],[8.62207,47.68721]]}},{"type":"Feature","properties":{"g":"Neuhausen am Rheinfall","r":300},"geometry":{"type":"LineString","coordinates":[[8.62207,47.68721],[8.62216,47.68732]]}},{"type":"Feature","properties":{"g":"Neuhausen am Rheinfall","r":300},"geometry":{"type":"LineString","coordinates":[[8.62216,47.68732],[8.62234,47.68753]]}},{"type":"Feature","properties":{"g":"Neuhausen am Rheinfall","r":300},"geometry":{"type":"LineString","coordinates":[[8.60382,47.67838],[8.6039,47.67842]]}},{"type":"Feature","properties":{"g":"Neuhausen am Rheinfall","r":300},"geometry":{"type":"LineString","coordinates":[[8.6039,47.67842],[8.60403,47.67847]]}},{"type":"Feature","properties":{"g":"Neuhausen am Rheinfall","r":300},"geometry":{"type":"LineString","coordinates":[[8.60403,47.67847],[8.60426,47.67854]]}},{"type":"Feature","properties":{"g":"Neuhausen am Rheinfall","r":300},"geometry":{"type":"LineString","coordinates":[[8.60426,47.67854],[8.60434,47.67858]]}},{"type":"Feature","properties":{"g":"Neuhausen am Rheinfall","r":300},"geometry":{"type":"LineString","coordinates":[[8.60434,47.67858],[8.60442,47.6786]]}},{"type":"Feature","properties":{"g":"Neuhausen am Rheinfall","r":300},"geometry":{"type":"LineString","coordinates":[[8.60442,47.6786],[8.60456,47.67864]]}},{"type":"Feature","properties":{"g":"Neuhausen am Rheinfall","r":300},"geometry":{"type":"LineString","coordinates":[[8.60456,47.67864],[8.60475,47.67871]]}},{"type":"Feature","properties":{"g":"Neuhausen am Rheinfall","r":300},"geometry":{"type":"LineString","coordinates":[[8.60475,47.67871],[8.60495,47.67878]]}},{"type":"Feature","properties":{"g":"Neuhausen am Rheinfall","r":300},"geometry":{"type":"LineString","coordinates":[[8.60495,47.67878],[8.60516,47.67887]]}},{"type":"Feature","properties":{"g":"Neuhausen am Rheinfall","r":300},"geometry":{"type":"LineString","coordinates":[[8.60516,47.67887],[8.60532,47.67894]]}},{"type":"Feature","properties":{"g":"Neuhausen am Rheinfall","r":300},"geometry":{"type":"LineString","coordinates":[[8.60532,47.67894],[8.60541,47.67898]]}},{"type":"Feature","properties":{"g":"Neuhausen am Rheinfall","r":300},"geometry":{"type":"LineString","coordinates":[[8.60541,47.67898],[8.60553,47.67905]]}},{"type":"Feature","properties":{"g":"Neuhausen am Rheinfall","r":300},"geometry":{"type":"LineString","coordinates":[[8.60554,47.67905],[8.60568,47.67913]]}},{"type":"Feature","properties":{"g":"Neuhausen am Rheinfall","r":300},"geometry":{"type":"LineString","coordinates":[[8.60568,47.67913],[8.60577,47.67918]]}},{"type":"Feature","properties":{"g":"Neuhausen am Rheinfall","r":300},"geometry":{"type":"LineString","coordinates":[[8.60577,47.67918],[8.60586,47.67924]]}},{"type":"Feature","properties":{"g":"Neuhausen am Rheinfall","r":300},"geometry":{"type":"LineString","coordinates":[[8.6059,47.67927],[8.60597,47.67933]]}},{"type":"Feature","properties":{"g":"Neuhausen am Rheinfall","r":300},"geometry":{"type":"LineString","coordinates":[[8.60597,47.67933],[8.60622,47.67952]]}},{"type":"Feature","properties":{"g":"Neuhausen am Rheinfall","r":300},"geometry":{"type":"LineString","coordinates":[[8.60622,47.67952],[8.60652,47.67978]]}},{"type":"Feature","properties":{"g":"Neuhausen am Rheinfall","r":300},"geometry":{"type":"LineString","coordinates":[[8.60652,47.67978],[8.60697,47.68015]]}},{"type":"Feature","properties":{"g":"Neuhausen am Rheinfall","r":300},"geometry":{"type":"LineString","coordinates":[[8.60697,47.68015],[8.60716,47.6803]]}},{"type":"Feature","properties":{"g":"Neuhausen am Rheinfall","r":300},"geometry":{"type":"LineString","coordinates":[[8.60716,47.6803],[8.60746,47.68056]]}},{"type":"Feature","properties":{"g":"Neuhausen am Rheinfall","r":300},"geometry":{"type":"LineString","coordinates":[[8.60746,47.68056],[8.60759,47.68066]]}},{"type":"Feature","properties":{"g":"Neuhausen am Rheinfall","r":300},"geometry":{"type":"LineString","coordinates":[[8.60759,47.68066],[8.60765,47.68072]]}},{"type":"Feature","properties":{"g":"Neuhausen am Rheinfall","r":300},"geometry":{"type":"LineString","coordinates":[[8.60765,47.68072],[8.60776,47.68081]]}},{"type":"Feature","properties":{"g":"Neuhausen am Rheinfall","r":300},"geometry":{"type":"LineString","coordinates":[[8.60776,47.68081],[8.60796,47.68096]]}},{"type":"Feature","properties":{"g":"Neuhausen am Rheinfall","r":300},"geometry":{"type":"LineString","coordinates":[[8.60796,47.68096],[8.60811,47.68109]]}},{"type":"Feature","properties":{"g":"Neuhausen am Rheinfall","r":300},"geometry":{"type":"LineString","coordinates":[[8.60811,47.68109],[8.60828,47.68123]]}},{"type":"Feature","properties":{"g":"Neuhausen am Rheinfall","r":300},"geometry":{"type":"LineString","coordinates":[[8.60828,47.68123],[8.6085,47.6814]]}},{"type":"Feature","properties":{"g":"Neuhausen am Rheinfall","r":300},"geometry":{"type":"LineString","coordinates":[[8.6085,47.6814],[8.60865,47.68152]]}},{"type":"Feature","properties":{"g":"Neuhausen am Rheinfall","r":300},"geometry":{"type":"LineString","coordinates":[[8.60865,47.68152],[8.60889,47.68171]]}},{"type":"Feature","properties":{"g":"Neuhausen am Rheinfall","r":300},"geometry":{"type":"LineString","coordinates":[[8.60889,47.68171],[8.60904,47.68182]]}},{"type":"Feature","properties":{"g":"Neuhausen am Rheinfall","r":300},"geometry":{"type":"LineString","coordinates":[[8.60904,47.68182],[8.60917,47.68193]]}},{"type":"Feature","properties":{"g":"Neuhausen am Rheinfall","r":300},"geometry":{"type":"LineString","coordinates":[[8.60917,47.68193],[8.60927,47.68201]]}},{"type":"Feature","properties":{"g":"Neuhausen am Rheinfall","r":300},"geometry":{"type":"LineString","coordinates":[[8.60927,47.68201],[8.60935,47.68208]]}},{"type":"Feature","properties":{"g":"Neuhausen am Rheinfall","r":300},"geometry":{"type":"LineString","coordinates":[[8.60935,47.68208],[8.60954,47.68226]]}},{"type":"Feature","properties":{"g":"Neuhausen am Rheinfall","r":300},"geometry":{"type":"LineString","coordinates":[[8.60954,47.68226],[8.60972,47.6824]]}},{"type":"Feature","properties":{"g":"Neuhausen am Rheinfall","r":300},"geometry":{"type":"LineString","coordinates":[[8.62235,47.69254],[8.6225,47.69256]]}},{"type":"Feature","properties":{"g":"Neuhausen am Rheinfall","r":300},"geometry":{"type":"LineString","coordinates":[[8.6225,47.69256],[8.62279,47.69261]]}},{"type":"Feature","properties":{"g":"Neuhausen am Rheinfall","r":300},"geometry":{"type":"LineString","coordinates":[[8.62279,47.69261],[8.62299,47.69264]]}},{"type":"Feature","properties":{"g":"Neuhausen am Rheinfall","r":300},"geometry":{"type":"LineString","coordinates":[[8.62299,47.69264],[8.62345,47.6927]]}},{"type":"Feature","properties":{"g":"Neuhausen am Rheinfall","r":300},"geometry":{"type":"LineString","coordinates":[[8.62345,47.6927],[8.62365,47.69271]]}},{"type":"Feature","properties":{"g":"Neuhausen am Rheinfall","r":300},"geometry":{"type":"LineString","coordinates":[[8.62161,47.69118],[8.62167,47.69129]]}},{"type":"Feature","properties":{"g":"Neuhausen am Rheinfall","r":300},"geometry":{"type":"LineString","coordinates":[[8.62167,47.69129],[8.62169,47.69139]]}},{"type":"Feature","properties":{"g":"Neuhausen am Rheinfall","r":300},"geometry":{"type":"LineString","coordinates":[[8.62169,47.69139],[8.62171,47.69163]]}},{"type":"Feature","properties":{"g":"Neuhausen am Rheinfall","r":300},"geometry":{"type":"LineString","coordinates":[[8.62171,47.69163],[8.62174,47.69177]]}},{"type":"Feature","properties":{"g":"Neuhausen am Rheinfall","r":300},"geometry":{"type":"LineString","coordinates":[[8.62174,47.69177],[8.62183,47.69201]]}},{"type":"Feature","properties":{"g":"Neuhausen am Rheinfall","r":300},"geometry":{"type":"LineString","coordinates":[[8.62183,47.69201],[8.62193,47.6922]]}},{"type":"Feature","properties":{"g":"Neuhausen am Rheinfall","r":300},"geometry":{"type":"LineString","coordinates":[[8.62193,47.6922],[8.62203,47.69235]]}},{"type":"Feature","properties":{"g":"Neuhausen am Rheinfall","r":300},"geometry":{"type":"LineString","coordinates":[[8.62203,47.69235],[8.62213,47.69244]]}},{"type":"Feature","properties":{"g":"Neuhausen am Rheinfall","r":300},"geometry":{"type":"LineString","coordinates":[[8.62213,47.69244],[8.62223,47.69249]]}},{"type":"Feature","properties":{"g":"Neuhausen am Rheinfall","r":300},"geometry":{"type":"LineString","coordinates":[[8.62223,47.69249],[8.62235,47.69254]]}},{"type":"Feature","properties":{"g":"Neuhausen am Rheinfall","r":300},"geometry":{"type":"LineString","coordinates":[[8.62234,47.68753],[8.62239,47.68779]]}},{"type":"Feature","properties":{"g":"Neuhausen am Rheinfall","r":300},"geometry":{"type":"LineString","coordinates":[[8.62239,47.68779],[8.62243,47.68797]]}},{"type":"Feature","properties":{"g":"Neuhausen am Rheinfall","r":300},"geometry":{"type":"LineString","coordinates":[[8.62243,47.68797],[8.62247,47.68818]]}},{"type":"Feature","properties":{"g":"Neuhausen am Rheinfall","r":300},"geometry":{"type":"LineString","coordinates":[[8.62247,47.68818],[8.62249,47.68834]]}},{"type":"Feature","properties":{"g":"Neuhausen am Rheinfall","r":300},"geometry":{"type":"LineString","coordinates":[[8.62249,47.68834],[8.6225,47.68843]]}},{"type":"Feature","properties":{"g":"Neuhausen am Rheinfall","r":300},"geometry":{"type":"LineString","coordinates":[[8.6225,47.68843],[8.6225,47.68856]]}},{"type":"Feature","properties":{"g":"Neuhausen am Rheinfall","r":300},"geometry":{"type":"LineString","coordinates":[[8.6225,47.68856],[8.62249,47.68864]]}},{"type":"Feature","properties":{"g":"Neuhausen am Rheinfall","r":300},"geometry":{"type":"LineString","coordinates":[[8.62249,47.68868],[8.62247,47.68884]]}},{"type":"Feature","properties":{"g":"Neuhausen am Rheinfall","r":300},"geometry":{"type":"LineString","coordinates":[[8.62247,47.68884],[8.62245,47.689]]}},{"type":"Feature","properties":{"g":"Neuhausen am Rheinfall","r":300},"geometry":{"type":"LineString","coordinates":[[8.62245,47.689],[8.62238,47.68954]]}},{"type":"Feature","properties":{"g":"Neuhausen am Rheinfall","r":300},"geometry":{"type":"LineString","coordinates":[[8.62238,47.68954],[8.62236,47.68974]]}},{"type":"Feature","properties":{"g":"Neuhausen am Rheinfall","r":300},"geometry":{"type":"LineString","coordinates":[[8.62236,47.68974],[8.62231,47.69005]]}},{"type":"Feature","properties":{"g":"Neuhausen am Rheinfall","r":300},"geometry":{"type":"LineString","coordinates":[[8.62231,47.69005],[8.62228,47.69024]]}},{"type":"Feature","properties":{"g":"Neuhausen am Rheinfall","r":300},"geometry":{"type":"LineString","coordinates":[[8.62226,47.69028],[8.6222,47.69049]]}},{"type":"Feature","properties":{"g":"Neuhausen am Rheinfall","r":300},"geometry":{"type":"LineString","coordinates":[[8.6222,47.69049],[8.62209,47.69078]]}},{"type":"Feature","properties":{"g":"Neuhausen am Rheinfall","r":300},"geometry":{"type":"LineString","coordinates":[[8.62209,47.69078],[8.62193,47.69104]]}},{"type":"Feature","properties":{"g":"Neuhausen am Rheinfall","r":300},"geometry":{"type":"LineString","coordinates":[[8.62193,47.69104],[8.62179,47.69127]]}},{"type":"Feature","properties":{"g":"Neuhausen am Rheinfall","r":300},"geometry":{"type":"LineString","coordinates":[[8.62179,47.69127],[8.62174,47.69138]]}},{"type":"Feature","properties":{"g":"Neuhausen am Rheinfall","r":300},"geometry":{"type":"LineString","coordinates":[[8.62174,47.69138],[8.62171,47.69151]]}},{"type":"Feature","properties":{"g":"Neuhausen am Rheinfall","r":300},"geometry":{"type":"LineString","coordinates":[[8.62171,47.69151],[8.62171,47.69163]]}},{"type":"Feature","properties":{"g":"Neunkirch","r":100},"geometry":{"type":"LineString","coordinates":[[8.49987,47.68951],[8.50008,47.68952]]}},{"type":"Feature","properties":{"g":"Neunkirch","r":100},"geometry":{"type":"LineString","coordinates":[[8.50008,47.68952],[8.50026,47.68953]]}},{"type":"Feature","properties":{"g":"Neunkirch","r":100},"geometry":{"type":"LineString","coordinates":[[8.50026,47.68953],[8.50036,47.68953]]}},{"type":"Feature","properties":{"g":"Neunkirch","r":100},"geometry":{"type":"LineString","coordinates":[[8.50042,47.68953],[8.5006,47.68954],[8.50071,47.68955],[8.50079,47.68957],[8.50089,47.68959],[8.50099,47.68962],[8.50105,47.68965],[8.50111,47.68968],[8.50117,47.68971],[8.50123,47.68975],[8.50128,47.68979],[8.50131,47.68982],[8.50132,47.68986],[8.50133,47.68989],[8.50135,47.69],[8.50137,47.69007],[8.50138,47.69013],[8.5014,47.69019],[8.50141,47.69023],[8.50143,47.69027],[8.50146,47.69029]]}},{"type":"Feature","properties":{"g":"Neunkirch","r":100},"geometry":{"type":"LineString","coordinates":[[8.50146,47.69029],[8.50141,47.69033],[8.50136,47.69037],[8.50134,47.69039],[8.50132,47.69044],[8.50131,47.69047],[8.50129,47.69051],[8.50125,47.69071],[8.5012,47.69095]]}},{"type":"Feature","properties":{"g":"Neunkirch","r":100},"geometry":{"type":"LineString","coordinates":[[8.50042,47.68953],[8.50043,47.68947]]}},{"type":"Feature","properties":{"g":"Neunkirch","r":100},"geometry":{"type":"LineString","coordinates":[[8.50043,47.68947],[8.50043,47.6894]]}},{"type":"Feature","properties":{"g":"Neunkirch","r":100},"geometry":{"type":"LineString","coordinates":[[8.50043,47.6894],[8.50046,47.68932]]}},{"type":"Feature","properties":{"g":"Neunkirch","r":100},"geometry":{"type":"LineString","coordinates":[[8.50048,47.68928],[8.50053,47.68924]]}},{"type":"Feature","properties":{"g":"Neunkirch","r":100},"geometry":{"type":"LineString","coordinates":[[8.50053,47.68924],[8.50059,47.68919]]}},{"type":"Feature","properties":{"g":"Neunkirch","r":100},"geometry":{"type":"LineString","coordinates":[[8.50059,47.68919],[8.50066,47.68915]]}},{"type":"Feature","properties":{"g":"Neunkirch","r":100},"geometry":{"type":"LineString","coordinates":[[8.50066,47.68915],[8.50075,47.68912]]}},{"type":"Feature","properties":{"g":"Neunkirch","r":100},"geometry":{"type":"LineString","coordinates":[[8.50075,47.68912],[8.50085,47.68909]]}},{"type":"Feature","properties":{"g":"Neunkirch","r":100},"geometry":{"type":"LineString","coordinates":[[8.50085,47.68909],[8.50093,47.68906]]}},{"type":"Feature","properties":{"g":"Neunkirch","r":100},"geometry":{"type":"LineString","coordinates":[[8.50093,47.68906],[8.50101,47.68903]]}},{"type":"Feature","properties":{"g":"Neunkirch","r":100},"geometry":{"type":"LineString","coordinates":[[8.50101,47.68903],[8.5011,47.68899]]}},{"type":"Feature","properties":{"g":"Neunkirch","r":100},"geometry":{"type":"LineString","coordinates":[[8.5011,47.68899],[8.50116,47.68895]]}},{"type":"Feature","properties":{"g":"Neunkirch","r":100},"geometry":{"type":"LineString","coordinates":[[8.50116,47.68895],[8.50123,47.68891]]}},{"type":"Feature","properties":{"g":"Neunkirch","r":100},"geometry":{"type":"LineString","coordinates":[[8.50146,47.69029],[8.50149,47.6903],[8.50154,47.69032],[8.5016,47.69033],[8.50169,47.69034],[8.50172,47.69034]]}},{"type":"Feature","properties":{"g":"Neunkirch","r":100},"geometry":{"type":"LineString","coordinates":[[8.50123,47.68891],[8.50128,47.68886]]}},{"type":"Feature","properties":{"g":"Neunkirch","r":100},"geometry":{"type":"LineString","coordinates":[[8.50128,47.68886],[8.50135,47.68879]]}},{"type":"Feature","properties":{"g":"Neunkirch","r":100},"geometry":{"type":"LineString","coordinates":[[8.50135,47.68879],[8.50144,47.68866]]}},{"type":"Feature","properties":{"g":"Neunkirch","r":100},"geometry":{"type":"LineString","coordinates":[[8.50144,47.68866],[8.50155,47.68855]]}},{"type":"Feature","properties":{"g":"Neunkirch","r":300},"geometry":{"type":"LineString","coordinates":[[8.49699,47.69009],[8.49698,47.69003]]}},{"type":"Feature","properties":{"g":"Neunkirch","r":300},"geometry":{"type":"LineString","coordinates":[[8.49698,47.69003],[8.49693,47.68974]]}},{"type":"Feature","properties":{"g":"Neunkirch","r":300},"geometry":{"type":"LineString","coordinates":[[8.49693,47.68974],[8.4969,47.68961]]}},{"type":"Feature","properties":{"g":"Neunkirch","r":300},"geometry":{"type":"LineString","coordinates":[[8.4969,47.68961],[8.49702,47.68957]]}},{"type":"Feature","properties":{"g":"Neunkirch","r":300},"geometry":{"type":"LineString","coordinates":[[8.49702,47.68957],[8.49713,47.68953]]}},{"type":"Feature","properties":{"g":"Neunkirch","r":300},"geometry":{"type":"LineString","coordinates":[[8.49713,47.68953],[8.49724,47.6895]]}},{"type":"Feature","properties":{"g":"Neunkirch","r":300},"geometry":{"type":"LineString","coordinates":[[8.49724,47.6895],[8.49735,47.68948]]}},{"type":"Feature","properties":{"g":"Neunkirch","r":300},"geometry":{"type":"LineString","coordinates":[[8.49735,47.68948],[8.49764,47.68944]]}},{"type":"Feature","properties":{"g":"Neunkirch","r":300},"geometry":{"type":"LineString","coordinates":[[8.49764,47.68944],[8.49782,47.68942]]}},{"type":"Feature","properties":{"g":"Neunkirch","r":300},"geometry":{"type":"LineString","coordinates":[[8.49782,47.68942],[8.49795,47.68941]]}},{"type":"Feature","properties":{"g":"Neunkirch","r":300},"geometry":{"type":"LineString","coordinates":[[8.49795,47.68941],[8.49809,47.68941]]}},{"type":"Feature","properties":{"g":"Neunkirch","r":300},"geometry":{"type":"LineString","coordinates":[[8.49815,47.68941],[8.49834,47.68941]]}},{"type":"Feature","properties":{"g":"Neunkirch","r":300},"geometry":{"type":"LineString","coordinates":[[8.49834,47.68941],[8.49854,47.68943]]}},{"type":"Feature","properties":{"g":"Neunkirch","r":300},"geometry":{"type":"LineString","coordinates":[[8.49854,47.68943],[8.49876,47.68944]]}},{"type":"Feature","properties":{"g":"Neunkirch","r":300},"geometry":{"type":"LineString","coordinates":[[8.49876,47.68944],[8.49915,47.68947]]}},{"type":"Feature","properties":{"g":"Neunkirch","r":300},"geometry":{"type":"LineString","coordinates":[[8.49915,47.68947],[8.4994,47.68949]]}},{"type":"Feature","properties":{"g":"Neunkirch","r":300},"geometry":{"type":"LineString","coordinates":[[8.4994,47.68949],[8.49969,47.68951]]}},{"type":"Feature","properties":{"g":"Neunkirch","r":300},"geometry":{"type":"LineString","coordinates":[[8.49969,47.68951],[8.50008,47.68952]]}},{"type":"Feature","properties":{"g":"Neunkirch","r":300},"geometry":{"type":"LineString","coordinates":[[8.50008,47.68952],[8.50026,47.68953]]}},{"type":"Feature","properties":{"g":"Neunkirch","r":300},"geometry":{"type":"LineString","coordinates":[[8.50026,47.68953],[8.50036,47.68953]]}},{"type":"Feature","properties":{"g":"Neunkirch","r":300},"geometry":{"type":"LineString","coordinates":[[8.50423,47.6877],[8.50405,47.68777]]}},{"type":"Feature","properties":{"g":"Neunkirch","r":300},"geometry":{"type":"LineString","coordinates":[[8.50405,47.68777],[8.50361,47.68796]]}},{"type":"Feature","properties":{"g":"Neunkirch","r":300},"geometry":{"type":"LineString","coordinates":[[8.50361,47.68796],[8.50345,47.68801]]}},{"type":"Feature","properties":{"g":"Neunkirch","r":300},"geometry":{"type":"LineString","coordinates":[[8.50345,47.68801],[8.50331,47.68804]]}},{"type":"Feature","properties":{"g":"Neunkirch","r":300},"geometry":{"type":"LineString","coordinates":[[8.50331,47.68804],[8.50314,47.68806]]}},{"type":"Feature","properties":{"g":"Neunkirch","r":300},"geometry":{"type":"LineString","coordinates":[[8.50314,47.68806],[8.50288,47.68808]]}},{"type":"Feature","properties":{"g":"Neunkirch","r":300},"geometry":{"type":"LineString","coordinates":[[8.49752,47.69164],[8.49754,47.69153],[8.49757,47.69136],[8.49758,47.69127],[8.49758,47.69122],[8.49757,47.6912],[8.49754,47.69115],[8.49749,47.69111],[8.49737,47.69102],[8.49725,47.69092],[8.49719,47.69085],[8.49716,47.6908],[8.49715,47.69076],[8.49712,47.69065],[8.4971,47.69057],[8.49708,47.69047],[8.49705,47.69029],[8.49703,47.69022],[8.49701,47.69019],[8.49695,47.69016]]}},{"type":"Feature","properties":{"g":"Neunkirch","r":300},"geometry":{"type":"LineString","coordinates":[[8.50042,47.68953],[8.5006,47.68954],[8.50071,47.68955],[8.50079,47.68957],[8.50089,47.68959],[8.50099,47.68962],[8.50105,47.68965],[8.50111,47.68968],[8.50117,47.68971],[8.50123,47.68975],[8.50128,47.68979],[8.50131,47.68982],[8.50132,47.68986],[8.50133,47.68989],[8.50135,47.69],[8.50137,47.69007],[8.50138,47.69013],[8.5014,47.69019],[8.50141,47.69023],[8.50143,47.69027],[8.50146,47.69029]]}},{"type":"Feature","properties":{"g":"Neunkirch","r":300},"geometry":{"type":"LineString","coordinates":[[8.50146,47.69029],[8.50141,47.69033],[8.50136,47.69037],[8.50134,47.69039],[8.50132,47.69044],[8.50131,47.69047],[8.50129,47.69051],[8.50125,47.69071],[8.50117,47.69111],[8.50114,47.69126],[8.50111,47.69139],[8.50107,47.69155],[8.50104,47.69173],[8.50101,47.69186]]}},{"type":"Feature","properties":{"g":"Neunkirch","r":300},"geometry":{"type":"LineString","coordinates":[[8.50042,47.68953],[8.50043,47.68947]]}},{"type":"Feature","properties":{"g":"Neunkirch","r":300},"geometry":{"type":"LineString","coordinates":[[8.50043,47.68947],[8.50043,47.6894]]}},{"type":"Feature","properties":{"g":"Neunkirch","r":300},"geometry":{"type":"LineString","coordinates":[[8.50043,47.6894],[8.50046,47.68932]]}},{"type":"Feature","properties":{"g":"Neunkirch","r":300},"geometry":{"type":"LineString","coordinates":[[8.50048,47.68928],[8.50053,47.68924]]}},{"type":"Feature","properties":{"g":"Neunkirch","r":300},"geometry":{"type":"LineString","coordinates":[[8.50053,47.68924],[8.50059,47.68919]]}},{"type":"Feature","properties":{"g":"Neunkirch","r":300},"geometry":{"type":"LineString","coordinates":[[8.50059,47.68919],[8.50066,47.68915]]}},{"type":"Feature","properties":{"g":"Neunkirch","r":300},"geometry":{"type":"LineString","coordinates":[[8.50066,47.68915],[8.50075,47.68912]]}},{"type":"Feature","properties":{"g":"Neunkirch","r":300},"geometry":{"type":"LineString","coordinates":[[8.50075,47.68912],[8.50085,47.68909]]}},{"type":"Feature","properties":{"g":"Neunkirch","r":300},"geometry":{"type":"LineString","coordinates":[[8.50085,47.68909],[8.50093,47.68906]]}},{"type":"Feature","properties":{"g":"Neunkirch","r":300},"geometry":{"type":"LineString","coordinates":[[8.50093,47.68906],[8.50101,47.68903]]}},{"type":"Feature","properties":{"g":"Neunkirch","r":300},"geometry":{"type":"LineString","coordinates":[[8.50101,47.68903],[8.5011,47.68899]]}},{"type":"Feature","properties":{"g":"Neunkirch","r":300},"geometry":{"type":"LineString","coordinates":[[8.5011,47.68899],[8.50116,47.68895]]}},{"type":"Feature","properties":{"g":"Neunkirch","r":300},"geometry":{"type":"LineString","coordinates":[[8.50116,47.68895],[8.50123,47.68891]]}},{"type":"Feature","properties":{"g":"Neunkirch","r":300},"geometry":{"type":"LineString","coordinates":[[8.50288,47.68808],[8.50276,47.68802]]}},{"type":"Feature","properties":{"g":"Neunkirch","r":300},"geometry":{"type":"LineString","coordinates":[[8.50276,47.68802],[8.50264,47.688]]}},{"type":"Feature","properties":{"g":"Neunkirch","r":300},"geometry":{"type":"LineString","coordinates":[[8.50264,47.688],[8.50255,47.68799]]}},{"type":"Feature","properties":{"g":"Neunkirch","r":300},"geometry":{"type":"LineString","coordinates":[[8.50255,47.68799],[8.50244,47.68798]]}},{"type":"Feature","properties":{"g":"Neunkirch","r":300},"geometry":{"type":"LineString","coordinates":[[8.50146,47.69029],[8.50149,47.6903],[8.50154,47.69032],[8.5016,47.69033],[8.50169,47.69034],[8.50172,47.69034]]}},{"type":"Feature","properties":{"g":"Neunkirch","r":300},"geometry":{"type":"LineString","coordinates":[[8.50155,47.68855],[8.50168,47.68846]]}},{"type":"Feature","properties":{"g":"Neunkirch","r":300},"geometry":{"type":"LineString","coordinates":[[8.50168,47.68846],[8.5018,47.68841]]}},{"type":"Feature","properties":{"g":"Neunkirch","r":300},"geometry":{"type":"LineString","coordinates":[[8.5018,47.68841],[8.50189,47.68837]]}},{"type":"Feature","properties":{"g":"Neunkirch","r":300},"geometry":{"type":"LineString","coordinates":[[8.50189,47.68837],[8.50204,47.68833]]}},{"type":"Feature","properties":{"g":"Neunkirch","r":300},"geometry":{"type":"LineString","coordinates":[[8.50204,47.68833],[8.50215,47.68832]]}},{"type":"Feature","properties":{"g":"Neunkirch","r":300},"geometry":{"type":"LineString","coordinates":[[8.50215,47.68832],[8.50224,47.68831]]}},{"type":"Feature","properties":{"g":"Neunkirch","r":300},"geometry":{"type":"LineString","coordinates":[[8.50224,47.68831],[8.50232,47.6883]]}},{"type":"Feature","properties":{"g":"Neunkirch","r":300},"geometry":{"type":"LineString","coordinates":[[8.50232,47.6883],[8.5024,47.68828]]}},{"type":"Feature","properties":{"g":"Neunkirch","r":300},"geometry":{"type":"LineString","coordinates":[[8.50123,47.68891],[8.50128,47.68886]]}},{"type":"Feature","properties":{"g":"Neunkirch","r":300},"geometry":{"type":"LineString","coordinates":[[8.50128,47.68886],[8.50135,47.68879]]}},{"type":"Feature","properties":{"g":"Neunkirch","r":300},"geometry":{"type":"LineString","coordinates":[[8.50135,47.68879],[8.50144,47.68866]]}},{"type":"Feature","properties":{"g":"Neunkirch","r":300},"geometry":{"type":"LineString","coordinates":[[8.50144,47.68866],[8.50155,47.68855]]}},{"type":"Feature","properties":{"g":"Neunkirch","r":300},"geometry":{"type":"LineString","coordinates":[[8.50248,47.68827],[8.50255,47.68824]]}},{"type":"Feature","properties":{"g":"Neunkirch","r":300},"geometry":{"type":"LineString","coordinates":[[8.50255,47.68824],[8.50269,47.68818]]}},{"type":"Feature","properties":{"g":"Neunkirch","r":300},"geometry":{"type":"LineString","coordinates":[[8.50269,47.68818],[8.50288,47.68808]]}},{"type":"Feature","properties":{"g":"Neunkirch","r":300},"geometry":{"type":"LineString","coordinates":[[8.50173,47.68823],[8.50168,47.68826]]}},{"type":"Feature","properties":{"g":"Neunkirch","r":300},"geometry":{"type":"LineString","coordinates":[[8.50168,47.68826],[8.50157,47.68832]]}},{"type":"Feature","properties":{"g":"Neunkirch","r":300},"geometry":{"type":"LineString","coordinates":[[8.50157,47.68832],[8.50144,47.68839]]}},{"type":"Feature","properties":{"g":"Neunkirch","r":300},"geometry":{"type":"LineString","coordinates":[[8.50144,47.68839],[8.50137,47.68842]]}},{"type":"Feature","properties":{"g":"Neunkirch","r":300},"geometry":{"type":"LineString","coordinates":[[8.50101,47.69186],[8.50097,47.69207],[8.50096,47.69213],[8.50092,47.69236],[8.50089,47.69259],[8.50086,47.69278],[8.50086,47.69281],[8.50084,47.69297]]}},{"type":"Feature","properties":{"g":"Neunkirch","r":300},"geometry":{"type":"LineString","coordinates":[[8.50084,47.69297],[8.5008,47.69319],[8.50079,47.69328],[8.50078,47.69337],[8.50078,47.69343],[8.50078,47.69349],[8.50079,47.69358],[8.50081,47.69372],[8.50086,47.69402]]}},{"type":"Feature","properties":{"g":"Neunkirch","r":300},"geometry":{"type":"LineString","coordinates":[[8.49573,47.69031],[8.49624,47.69025],[8.49667,47.69021],[8.49685,47.69019],[8.49691,47.69018],[8.49694,47.69017],[8.49695,47.69016]]}},{"type":"Feature","properties":{"g":"Neunkirch","r":300},"geometry":{"type":"LineString","coordinates":[[8.50255,47.68799],[8.5024,47.68798],[8.50227,47.68798]]}},{"type":"Feature","properties":{"g":"Neunkirch","r":300},"geometry":{"type":"LineString","coordinates":[[8.49932,47.68851],[8.49916,47.6885],[8.49902,47.68849],[8.49888,47.68847],[8.49871,47.68845],[8.49856,47.68843],[8.49846,47.68841],[8.49839,47.68839],[8.49836,47.68838],[8.49825,47.68834],[8.49816,47.68829],[8.49809,47.68824],[8.49804,47.6882]]}},{"type":"Feature","properties":{"g":"Neunkirch","r":300},"geometry":{"type":"LineString","coordinates":[[8.50227,47.68798],[8.50221,47.68799],[8.50214,47.688],[8.50203,47.68804],[8.50195,47.68807],[8.50187,47.68812],[8.50178,47.68818],[8.50168,47.68826]]}},{"type":"Feature","properties":{"g":"Neunkirch","r":300},"geometry":{"type":"LineString","coordinates":[[8.50144,47.68839],[8.50129,47.68845],[8.5012,47.68848],[8.50111,47.6885],[8.50099,47.68853],[8.50085,47.68855],[8.50076,47.68856],[8.5006,47.68857],[8.50046,47.68857],[8.50033,47.68856],[8.50005,47.68854],[8.4998,47.68853],[8.49956,47.68852],[8.49932,47.68851]]}},{"type":"Feature","properties":{"g":"Oberhallau","r":100},"geometry":{"type":"LineString","coordinates":[[8.477,47.70428],[8.477,47.70428],[8.477,47.70433],[8.477,47.70439],[8.47701,47.70444],[8.47702,47.70451],[8.47702,47.70457],[8.47704,47.70462],[8.47706,47.7047],[8.47709,47.70476],[8.47713,47.70484],[8.47718,47.70495]]}},{"type":"Feature","properties":{"g":"Oberhallau","r":100},"geometry":{"type":"LineString","coordinates":[[8.47867,47.70421],[8.4787,47.70418],[8.47873,47.70413],[8.47874,47.70412],[8.47875,47.70409],[8.47876,47.70406],[8.4788,47.70402],[8.47886,47.70396],[8.47895,47.70387],[8.47905,47.70378],[8.47911,47.70372],[8.47915,47.70365],[8.47918,47.70359]]}},{"type":"Feature","properties":{"g":"Oberhallau","r":300},"geometry":{"type":"LineString","coordinates":[[8.47495,47.70289],[8.47499,47.70289],[8.47508,47.7029],[8.47525,47.70291],[8.4754,47.70291],[8.47549,47.70293],[8.47557,47.70294],[8.47565,47.70296],[8.47571,47.70297],[8.4758,47.703],[8.47588,47.70303],[8.47595,47.70306],[8.476,47.70309],[8.47606,47.70312],[8.47613,47.70317],[8.47617,47.7032],[8.47623,47.70324],[8.47629,47.70329],[8.47637,47.70336],[8.47645,47.70345],[8.47656,47.70355],[8.47664,47.70364],[8.47674,47.70374],[8.47684,47.70386],[8.47692,47.70396],[8.47694,47.704],[8.47697,47.70404],[8.47699,47.70409],[8.47701,47.70414],[8.47701,47.70418],[8.47701,47.70422],[8.477,47.70425],[8.477,47.70428],[8.477,47.70433],[8.477,47.70439],[8.47701,47.70444],[8.47702,47.70451],[8.47702,47.70457],[8.47704,47.70462],[8.47706,47.7047],[8.47709,47.70476],[8.47713,47.70484],[8.47718,47.70495]]}},{"type":"Feature","properties":{"g":"Oberhallau","r":300},"geometry":{"type":"LineString","coordinates":[[8.47867,47.70421],[8.4787,47.70418],[8.47873,47.70413],[8.47874,47.70412],[8.47875,47.70409],[8.47876,47.70406],[8.4788,47.70402],[8.47886,47.70396],[8.47895,47.70387],[8.47905,47.70378],[8.47911,47.70372],[8.47915,47.70365],[8.47919,47.70358],[8.47922,47.70352],[8.47925,47.70344],[8.47927,47.70338],[8.47934,47.70319],[8.4794,47.70301],[8.47941,47.70297],[8.47945,47.7029],[8.47948,47.70284],[8.47949,47.70283],[8.47953,47.70277],[8.47959,47.7027],[8.47959,47.70269]]}},{"type":"Feature","properties":{"g":"Ramsen","r":100},"geometry":{"type":"LineString","coordinates":[[8.81939,47.70882],[8.81914,47.70881]]}},{"type":"Feature","properties":{"g":"Ramsen","r":100},"geometry":{"type":"LineString","coordinates":[[8.81914,47.70881],[8.81883,47.70879]]}},{"type":"Feature","properties":{"g":"Ramsen","r":100},"geometry":{"type":"LineString","coordinates":[[8.81883,47.70879],[8.81794,47.70873]]}},{"type":"Feature","properties":{"g":"Ramsen","r":100},"geometry":{"type":"LineString","coordinates":[[8.81794,47.70873],[8.81787,47.70873]]}},{"type":"Feature","properties":{"g":"Ramsen","r":100},"geometry":{"type":"LineString","coordinates":[[8.81572,47.70858],[8.81548,47.70854]]}},{"type":"Feature","properties":{"g":"Ramsen","r":100},"geometry":{"type":"LineString","coordinates":[[8.81548,47.70854],[8.81522,47.70849]]}},{"type":"Feature","properties":{"g":"Ramsen","r":100},"geometry":{"type":"LineString","coordinates":[[8.81522,47.70849],[8.81495,47.70841]]}},{"type":"Feature","properties":{"g":"Ramsen","r":100},"geometry":{"type":"LineString","coordinates":[[8.81495,47.70841],[8.81458,47.70829]]}},{"type":"Feature","properties":{"g":"Ramsen","r":100},"geometry":{"type":"LineString","coordinates":[[8.81458,47.70829],[8.81408,47.70812]]}},{"type":"Feature","properties":{"g":"Ramsen","r":100},"geometry":{"type":"LineString","coordinates":[[8.81408,47.70812],[8.81395,47.70808]]}},{"type":"Feature","properties":{"g":"Ramsen","r":100},"geometry":{"type":"LineString","coordinates":[[8.82102,47.70852],[8.82101,47.70842]]}},{"type":"Feature","properties":{"g":"Ramsen","r":100},"geometry":{"type":"LineString","coordinates":[[8.82101,47.70842],[8.82098,47.70814]]}},{"type":"Feature","properties":{"g":"Ramsen","r":100},"geometry":{"type":"LineString","coordinates":[[8.82098,47.70814],[8.82095,47.70797]]}},{"type":"Feature","properties":{"g":"Ramsen","r":100},"geometry":{"type":"LineString","coordinates":[[8.82095,47.70797],[8.82092,47.70783]]}},{"type":"Feature","properties":{"g":"Ramsen","r":100},"geometry":{"type":"LineString","coordinates":[[8.82092,47.70783],[8.82088,47.70769]]}},{"type":"Feature","properties":{"g":"Ramsen","r":100},"geometry":{"type":"LineString","coordinates":[[8.82088,47.70769],[8.82082,47.70752]]}},{"type":"Feature","properties":{"g":"Ramsen","r":100},"geometry":{"type":"LineString","coordinates":[[8.82082,47.70752],[8.82076,47.70737]]}},{"type":"Feature","properties":{"g":"Ramsen","r":100},"geometry":{"type":"LineString","coordinates":[[8.82076,47.70737],[8.82074,47.70731]]}},{"type":"Feature","properties":{"g":"Ramsen","r":100},"geometry":{"type":"LineString","coordinates":[[8.82195,47.7112],[8.82184,47.71108]]}},{"type":"Feature","properties":{"g":"Ramsen","r":100},"geometry":{"type":"LineString","coordinates":[[8.82184,47.71108],[8.82172,47.71094]]}},{"type":"Feature","properties":{"g":"Ramsen","r":100},"geometry":{"type":"LineString","coordinates":[[8.82172,47.71094],[8.82164,47.71081]]}},{"type":"Feature","properties":{"g":"Ramsen","r":100},"geometry":{"type":"LineString","coordinates":[[8.82164,47.71081],[8.82155,47.71065]]}},{"type":"Feature","properties":{"g":"Ramsen","r":100},"geometry":{"type":"LineString","coordinates":[[8.82155,47.71065],[8.8215,47.71054]]}},{"type":"Feature","properties":{"g":"Ramsen","r":100},"geometry":{"type":"LineString","coordinates":[[8.8215,47.71054],[8.82148,47.71047]]}},{"type":"Feature","properties":{"g":"Ramsen","r":100},"geometry":{"type":"LineString","coordinates":[[8.81395,47.70808],[8.81345,47.7079]]}},{"type":"Feature","properties":{"g":"Ramsen","r":100},"geometry":{"type":"LineString","coordinates":[[8.81345,47.7079],[8.81338,47.70788]]}},{"type":"Feature","properties":{"g":"Ramsen","r":100},"geometry":{"type":"LineString","coordinates":[[8.82076,47.70737],[8.82068,47.70717],[8.82062,47.70701],[8.82055,47.70684]]}},{"type":"Feature","properties":{"g":"Ramsen","r":300},"geometry":{"type":"LineString","coordinates":[[8.82097,47.70891],[8.8209,47.70891]]}},{"type":"Feature","properties":{"g":"Ramsen","r":300},"geometry":{"type":"LineString","coordinates":[[8.8209,47.70891],[8.82082,47.7089]]}},{"type":"Feature","properties":{"g":"Ramsen","r":300},"geometry":{"type":"LineString","coordinates":[[8.82082,47.7089],[8.82039,47.70888]]}},{"type":"Feature","properties":{"g":"Ramsen","r":300},"geometry":{"type":"LineString","coordinates":[[8.82039,47.70888],[8.81914,47.70881]]}},{"type":"Feature","properties":{"g":"Ramsen","r":300},"geometry":{"type":"LineString","coordinates":[[8.81914,47.70881],[8.81883,47.70879]]}},{"type":"Feature","properties":{"g":"Ramsen","r":300},"geometry":{"type":"LineString","coordinates":[[8.81883,47.70879],[8.81794,47.70873]]}},{"type":"Feature","properties":{"g":"Ramsen","r":300},"geometry":{"type":"LineString","coordinates":[[8.81794,47.70873],[8.81722,47.70869]]}},{"type":"Feature","properties":{"g":"Ramsen","r":300},"geometry":{"type":"LineString","coordinates":[[8.81722,47.70869],[8.817,47.70868]]}},{"type":"Feature","properties":{"g":"Ramsen","r":300},"geometry":{"type":"LineString","coordinates":[[8.817,47.70868],[8.81658,47.70865]]}},{"type":"Feature","properties":{"g":"Ramsen","r":300},"geometry":{"type":"LineString","coordinates":[[8.81658,47.70865],[8.81621,47.70863]]}},{"type":"Feature","properties":{"g":"Ramsen","r":300},"geometry":{"type":"LineString","coordinates":[[8.81621,47.70863],[8.81604,47.70862]]}},{"type":"Feature","properties":{"g":"Ramsen","r":300},"geometry":{"type":"LineString","coordinates":[[8.81604,47.70862],[8.8159,47.7086]]}},{"type":"Feature","properties":{"g":"Ramsen","r":300},"geometry":{"type":"LineString","coordinates":[[8.8159,47.7086],[8.81573,47.70858]]}},{"type":"Feature","properties":{"g":"Ramsen","r":300},"geometry":{"type":"LineString","coordinates":[[8.81573,47.70858],[8.81548,47.70854]]}},{"type":"Feature","properties":{"g":"Ramsen","r":300},"geometry":{"type":"LineString","coordinates":[[8.81548,47.70854],[8.81522,47.70849]]}},{"type":"Feature","properties":{"g":"Ramsen","r":300},"geometry":{"type":"LineString","coordinates":[[8.81522,47.70849],[8.81495,47.70841]]}},{"type":"Feature","properties":{"g":"Ramsen","r":300},"geometry":{"type":"LineString","coordinates":[[8.81495,47.70841],[8.81458,47.70829]]}},{"type":"Feature","properties":{"g":"Ramsen","r":300},"geometry":{"type":"LineString","coordinates":[[8.81458,47.70829],[8.81408,47.70812]]}},{"type":"Feature","properties":{"g":"Ramsen","r":300},"geometry":{"type":"LineString","coordinates":[[8.81408,47.70812],[8.81395,47.70808]]}},{"type":"Feature","properties":{"g":"Ramsen","r":300},"geometry":{"type":"LineString","coordinates":[[8.82106,47.70892],[8.82104,47.70875]]}},{"type":"Feature","properties":{"g":"Ramsen","r":300},"geometry":{"type":"LineString","coordinates":[[8.82104,47.70875],[8.82101,47.70842]]}},{"type":"Feature","properties":{"g":"Ramsen","r":300},"geometry":{"type":"LineString","coordinates":[[8.82101,47.70842],[8.82098,47.70814]]}},{"type":"Feature","properties":{"g":"Ramsen","r":300},"geometry":{"type":"LineString","coordinates":[[8.82098,47.70814],[8.82095,47.70797]]}},{"type":"Feature","properties":{"g":"Ramsen","r":300},"geometry":{"type":"LineString","coordinates":[[8.82095,47.70797],[8.82092,47.70783]]}},{"type":"Feature","properties":{"g":"Ramsen","r":300},"geometry":{"type":"LineString","coordinates":[[8.82092,47.70783],[8.82088,47.70769]]}},{"type":"Feature","properties":{"g":"Ramsen","r":300},"geometry":{"type":"LineString","coordinates":[[8.82088,47.70769],[8.82082,47.70752]]}},{"type":"Feature","properties":{"g":"Ramsen","r":300},"geometry":{"type":"LineString","coordinates":[[8.82082,47.70752],[8.82076,47.70737]]}},{"type":"Feature","properties":{"g":"Ramsen","r":300},"geometry":{"type":"LineString","coordinates":[[8.82076,47.70737],[8.82074,47.70731]]}},{"type":"Feature","properties":{"g":"Ramsen","r":300},"geometry":{"type":"LineString","coordinates":[[8.80805,47.70736],[8.80797,47.70734]]}},{"type":"Feature","properties":{"g":"Ramsen","r":300},"geometry":{"type":"LineString","coordinates":[[8.80797,47.70734],[8.80782,47.7073]]}},{"type":"Feature","properties":{"g":"Ramsen","r":300},"geometry":{"type":"LineString","coordinates":[[8.82278,47.71231],[8.82264,47.71203]]}},{"type":"Feature","properties":{"g":"Ramsen","r":300},"geometry":{"type":"LineString","coordinates":[[8.82264,47.71203],[8.82249,47.71168]]}},{"type":"Feature","properties":{"g":"Ramsen","r":300},"geometry":{"type":"LineString","coordinates":[[8.82249,47.71168],[8.82241,47.7116]]}},{"type":"Feature","properties":{"g":"Ramsen","r":300},"geometry":{"type":"LineString","coordinates":[[8.82241,47.7116],[8.82233,47.71154]]}},{"type":"Feature","properties":{"g":"Ramsen","r":300},"geometry":{"type":"LineString","coordinates":[[8.80754,47.70783],[8.80762,47.70778]]}},{"type":"Feature","properties":{"g":"Ramsen","r":300},"geometry":{"type":"LineString","coordinates":[[8.80762,47.70778],[8.80768,47.70773]]}},{"type":"Feature","properties":{"g":"Ramsen","r":300},"geometry":{"type":"LineString","coordinates":[[8.80768,47.70773],[8.80773,47.7077]]}},{"type":"Feature","properties":{"g":"Ramsen","r":300},"geometry":{"type":"LineString","coordinates":[[8.80773,47.7077],[8.80778,47.70766]]}},{"type":"Feature","properties":{"g":"Ramsen","r":300},"geometry":{"type":"LineString","coordinates":[[8.80778,47.70766],[8.80786,47.70759]]}},{"type":"Feature","properties":{"g":"Ramsen","r":300},"geometry":{"type":"LineString","coordinates":[[8.80786,47.70759],[8.80792,47.70752]]}},{"type":"Feature","properties":{"g":"Ramsen","r":300},"geometry":{"type":"LineString","coordinates":[[8.80792,47.70752],[8.80798,47.70745]]}},{"type":"Feature","properties":{"g":"Ramsen","r":300},"geometry":{"type":"LineString","coordinates":[[8.80798,47.70745],[8.80802,47.7074]]}},{"type":"Feature","properties":{"g":"Ramsen","r":300},"geometry":{"type":"LineString","coordinates":[[8.82233,47.71154],[8.82221,47.71144]]}},{"type":"Feature","properties":{"g":"Ramsen","r":300},"geometry":{"type":"LineString","coordinates":[[8.82221,47.71144],[8.82208,47.71133]]}},{"type":"Feature","properties":{"g":"Ramsen","r":300},"geometry":{"type":"LineString","coordinates":[[8.82208,47.71133],[8.82195,47.7112]]}},{"type":"Feature","properties":{"g":"Ramsen","r":300},"geometry":{"type":"LineString","coordinates":[[8.82195,47.7112],[8.82184,47.71108]]}},{"type":"Feature","properties":{"g":"Ramsen","r":300},"geometry":{"type":"LineString","coordinates":[[8.82184,47.71108],[8.82172,47.71094]]}},{"type":"Feature","properties":{"g":"Ramsen","r":300},"geometry":{"type":"LineString","coordinates":[[8.82172,47.71094],[8.82164,47.71081]]}},{"type":"Feature","properties":{"g":"Ramsen","r":300},"geometry":{"type":"LineString","coordinates":[[8.82164,47.71081],[8.82155,47.71065]]}},{"type":"Feature","properties":{"g":"Ramsen","r":300},"geometry":{"type":"LineString","coordinates":[[8.82155,47.71065],[8.8215,47.71054]]}},{"type":"Feature","properties":{"g":"Ramsen","r":300},"geometry":{"type":"LineString","coordinates":[[8.8215,47.71054],[8.82146,47.71043]]}},{"type":"Feature","properties":{"g":"Ramsen","r":300},"geometry":{"type":"LineString","coordinates":[[8.82146,47.71043],[8.82138,47.71017]]}},{"type":"Feature","properties":{"g":"Ramsen","r":300},"geometry":{"type":"LineString","coordinates":[[8.82138,47.71017],[8.82128,47.70982]]}},{"type":"Feature","properties":{"g":"Ramsen","r":300},"geometry":{"type":"LineString","coordinates":[[8.82128,47.70982],[8.82121,47.70958]]}},{"type":"Feature","properties":{"g":"Ramsen","r":300},"geometry":{"type":"LineString","coordinates":[[8.82121,47.70958],[8.82114,47.70931]]}},{"type":"Feature","properties":{"g":"Ramsen","r":300},"geometry":{"type":"LineString","coordinates":[[8.82114,47.70931],[8.82109,47.70906]]}},{"type":"Feature","properties":{"g":"Ramsen","r":300},"geometry":{"type":"LineString","coordinates":[[8.82109,47.70906],[8.82106,47.70892]]}},{"type":"Feature","properties":{"g":"Ramsen","r":300},"geometry":{"type":"LineString","coordinates":[[8.81213,47.70702],[8.81207,47.70704]]}},{"type":"Feature","properties":{"g":"Ramsen","r":300},"geometry":{"type":"LineString","coordinates":[[8.81207,47.70704],[8.81196,47.70706]]}},{"type":"Feature","properties":{"g":"Ramsen","r":300},"geometry":{"type":"LineString","coordinates":[[8.81196,47.70706],[8.81169,47.70711]]}},{"type":"Feature","properties":{"g":"Ramsen","r":300},"geometry":{"type":"LineString","coordinates":[[8.81169,47.70711],[8.81139,47.70716]]}},{"type":"Feature","properties":{"g":"Ramsen","r":300},"geometry":{"type":"LineString","coordinates":[[8.81133,47.70717],[8.8112,47.70718]]}},{"type":"Feature","properties":{"g":"Ramsen","r":300},"geometry":{"type":"LineString","coordinates":[[8.8112,47.70718],[8.81106,47.70719]]}},{"type":"Feature","properties":{"g":"Ramsen","r":300},"geometry":{"type":"LineString","coordinates":[[8.81106,47.70719],[8.81094,47.7072]]}},{"type":"Feature","properties":{"g":"Ramsen","r":300},"geometry":{"type":"LineString","coordinates":[[8.81094,47.7072],[8.81083,47.7072]]}},{"type":"Feature","properties":{"g":"Ramsen","r":300},"geometry":{"type":"LineString","coordinates":[[8.81083,47.7072],[8.81058,47.70718]]}},{"type":"Feature","properties":{"g":"Ramsen","r":300},"geometry":{"type":"LineString","coordinates":[[8.81058,47.70718],[8.81031,47.70717]]}},{"type":"Feature","properties":{"g":"Ramsen","r":300},"geometry":{"type":"LineString","coordinates":[[8.81031,47.70717],[8.8102,47.70717]]}},{"type":"Feature","properties":{"g":"Ramsen","r":300},"geometry":{"type":"LineString","coordinates":[[8.81263,47.70757],[8.81256,47.70751]]}},{"type":"Feature","properties":{"g":"Ramsen","r":300},"geometry":{"type":"LineString","coordinates":[[8.81256,47.70751],[8.81251,47.70745]]}},{"type":"Feature","properties":{"g":"Ramsen","r":300},"geometry":{"type":"LineString","coordinates":[[8.81248,47.70741],[8.81233,47.70718]]}},{"type":"Feature","properties":{"g":"Ramsen","r":300},"geometry":{"type":"LineString","coordinates":[[8.81233,47.70718],[8.81228,47.7071]]}},{"type":"Feature","properties":{"g":"Ramsen","r":300},"geometry":{"type":"LineString","coordinates":[[8.81228,47.7071],[8.81225,47.70705]]}},{"type":"Feature","properties":{"g":"Ramsen","r":300},"geometry":{"type":"LineString","coordinates":[[8.81395,47.70808],[8.81345,47.7079]]}},{"type":"Feature","properties":{"g":"Ramsen","r":300},"geometry":{"type":"LineString","coordinates":[[8.81345,47.7079],[8.81332,47.70786]]}},{"type":"Feature","properties":{"g":"Ramsen","r":300},"geometry":{"type":"LineString","coordinates":[[8.81332,47.70786],[8.81285,47.70769]]}},{"type":"Feature","properties":{"g":"Ramsen","r":300},"geometry":{"type":"LineString","coordinates":[[8.81285,47.70769],[8.81275,47.70764]]}},{"type":"Feature","properties":{"g":"Ramsen","r":300},"geometry":{"type":"LineString","coordinates":[[8.81275,47.70764],[8.81263,47.70757]]}},{"type":"Feature","properties":{"g":"Ramsen","r":300},"geometry":{"type":"LineString","coordinates":[[8.80948,47.70761],[8.80922,47.70755]]}},{"type":"Feature","properties":{"g":"Ramsen","r":300},"geometry":{"type":"LineString","coordinates":[[8.80922,47.70755],[8.80905,47.70752]]}},{"type":"Feature","properties":{"g":"Ramsen","r":300},"geometry":{"type":"LineString","coordinates":[[8.80905,47.70752],[8.80887,47.7075]]}},{"type":"Feature","properties":{"g":"Ramsen","r":300},"geometry":{"type":"LineString","coordinates":[[8.80887,47.7075],[8.80842,47.70744]]}},{"type":"Feature","properties":{"g":"Ramsen","r":300},"geometry":{"type":"LineString","coordinates":[[8.80842,47.70744],[8.80825,47.7074]]}},{"type":"Feature","properties":{"g":"Ramsen","r":300},"geometry":{"type":"LineString","coordinates":[[8.80825,47.7074],[8.80805,47.70736]]}},{"type":"Feature","properties":{"g":"Ramsen","r":300},"geometry":{"type":"LineString","coordinates":[[8.81001,47.70725],[8.80997,47.70732]]}},{"type":"Feature","properties":{"g":"Ramsen","r":300},"geometry":{"type":"LineString","coordinates":[[8.80997,47.70732],[8.80988,47.70743]]}},{"type":"Feature","properties":{"g":"Ramsen","r":300},"geometry":{"type":"LineString","coordinates":[[8.80988,47.70743],[8.80982,47.70751]]}},{"type":"Feature","properties":{"g":"Ramsen","r":300},"geometry":{"type":"LineString","coordinates":[[8.80982,47.70751],[8.80976,47.7076]]}},{"type":"Feature","properties":{"g":"Ramsen","r":300},"geometry":{"type":"LineString","coordinates":[[8.80958,47.70763],[8.80948,47.70761]]}},{"type":"Feature","properties":{"g":"Ramsen","r":300},"geometry":{"type":"LineString","coordinates":[[8.82076,47.70737],[8.82068,47.70717],[8.82062,47.70701],[8.82052,47.70677],[8.82046,47.70663],[8.82039,47.70649],[8.82033,47.70636],[8.82029,47.70624],[8.82026,47.70614],[8.82023,47.70604],[8.82021,47.70594],[8.82018,47.70579],[8.82017,47.70564],[8.82018,47.70548],[8.82019,47.70532],[8.82021,47.70515],[8.82023,47.70489],[8.82025,47.70478],[8.82029,47.70463],[8.82033,47.70447],[8.82038,47.70431]]}},{"type":"Feature","properties":{"g":"Ramsen","r":300},"geometry":{"type":"LineString","coordinates":[[8.80782,47.7073],[8.80762,47.70723],[8.80745,47.70716],[8.80722,47.70707],[8.80715,47.70705],[8.80709,47.70702],[8.80702,47.70698],[8.80698,47.70695],[8.80692,47.70692],[8.80686,47.70687],[8.80679,47.70682],[8.80673,47.70677],[8.80655,47.70661]]}},{"type":"Feature","properties":{"g":"Ramsen","r":300},"geometry":{"type":"LineString","coordinates":[[8.80655,47.70661],[8.80652,47.70658],[8.80631,47.70638],[8.80623,47.70631]]}},{"type":"Feature","properties":{"g":"Rüdlingen","r":300},"geometry":{"type":"LineString","coordinates":[[8.57153,47.58029],[8.5717,47.58002],[8.57173,47.57998],[8.57181,47.57986],[8.57191,47.57969]]}},{"type":"Feature","properties":{"g":"Rüdlingen","r":300},"geometry":{"type":"LineString","coordinates":[[8.57191,47.57969],[8.57196,47.5796],[8.57201,47.5795],[8.57201,47.57948],[8.57205,47.57942],[8.57208,47.57938],[8.57213,47.57933],[8.57216,47.57929],[8.57218,47.57922],[8.57218,47.5792],[8.57222,47.57905]]}},{"type":"Feature","properties":{"g":"Rüdlingen","r":300},"geometry":{"type":"LineString","coordinates":[[8.56657,47.57536],[8.56649,47.57547],[8.56647,47.5755],[8.56642,47.57558],[8.56639,47.57563]]}},{"type":"Feature","properties":{"g":"Schaffhausen","r":100},"geometry":{"type":"LineString","coordinates":[[8.63595,47.70014],[8.63602,47.70022]]}},{"type":"Feature","properties":{"g":"Schaffhausen","r":100},"geometry":{"type":"LineString","coordinates":[[8.63602,47.70022],[8.63611,47.7003]]}},{"type":"Feature","properties":{"g":"Schaffhausen","r":100},"geometry":{"type":"LineString","coordinates":[[8.63611,47.7003],[8.63616,47.70035]]}},{"type":"Feature","properties":{"g":"Schaffhausen","r":100},"geometry":{"type":"LineString","coordinates":[[8.63616,47.70035],[8.63621,47.7004]]}},{"type":"Feature","properties":{"g":"Schaffhausen","r":100},"geometry":{"type":"LineString","coordinates":[[8.63621,47.7004],[8.63626,47.70046]]}},{"type":"Feature","properties":{"g":"Schaffhausen","r":100},"geometry":{"type":"LineString","coordinates":[[8.63626,47.70046],[8.63633,47.70055]]}},{"type":"Feature","properties":{"g":"Schaffhausen","r":100},"geometry":{"type":"LineString","coordinates":[[8.63633,47.70055],[8.63638,47.70066]]}},{"type":"Feature","properties":{"g":"Schaffhausen","r":100},"geometry":{"type":"LineString","coordinates":[[8.63638,47.70066],[8.63644,47.70082]]}},{"type":"Feature","properties":{"g":"Schaffhausen","r":100},"geometry":{"type":"LineString","coordinates":[[8.66394,47.72617],[8.66394,47.72602]]}},{"type":"Feature","properties":{"g":"Schaffhausen","r":100},"geometry":{"type":"LineString","coordinates":[[8.66394,47.72602],[8.66392,47.72563]]}},{"type":"Feature","properties":{"g":"Schaffhausen","r":100},"geometry":{"type":"LineString","coordinates":[[8.66392,47.72563],[8.66392,47.72556]]}},{"type":"Feature","properties":{"g":"Schaffhausen","r":100},"geometry":{"type":"LineString","coordinates":[[8.66392,47.72556],[8.66391,47.72538]]}},{"type":"Feature","properties":{"g":"Schaffhausen","r":100},"geometry":{"type":"LineString","coordinates":[[8.66391,47.72538],[8.66391,47.72525]]}},{"type":"Feature","properties":{"g":"Schaffhausen","r":100},"geometry":{"type":"LineString","coordinates":[[8.66391,47.72525],[8.66393,47.72515]]}},{"type":"Feature","properties":{"g":"Schaffhausen","r":100},"geometry":{"type":"LineString","coordinates":[[8.66393,47.72515],[8.66395,47.72505]]}},{"type":"Feature","properties":{"g":"Schaffhausen","r":100},"geometry":{"type":"LineString","coordinates":[[8.66395,47.72505],[8.66397,47.72496]]}},{"type":"Feature","properties":{"g":"Schaffhausen","r":100},"geometry":{"type":"LineString","coordinates":[[8.66397,47.72496],[8.664,47.72487]]}},{"type":"Feature","properties":{"g":"Schaffhausen","r":100},"geometry":{"type":"LineString","coordinates":[[8.66417,47.72442],[8.66419,47.72437]]}},{"type":"Feature","properties":{"g":"Schaffhausen","r":100},"geometry":{"type":"LineString","coordinates":[[8.66419,47.72437],[8.66421,47.72427]]}},{"type":"Feature","properties":{"g":"Schaffhausen","r":100},"geometry":{"type":"LineString","coordinates":[[8.66421,47.72427],[8.66424,47.72416]]}},{"type":"Feature","properties":{"g":"Schaffhausen","r":100},"geometry":{"type":"LineString","coordinates":[[8.66424,47.72416],[8.66425,47.72403]]}},{"type":"Feature","properties":{"g":"Schaffhausen","r":100},"geometry":{"type":"LineString","coordinates":[[8.66425,47.72403],[8.66425,47.72387]]}},{"type":"Feature","properties":{"g":"Schaffhausen","r":100},"geometry":{"type":"LineString","coordinates":[[8.66425,47.72387],[8.66423,47.72374]]}},{"type":"Feature","properties":{"g":"Schaffhausen","r":100},"geometry":{"type":"LineString","coordinates":[[8.66423,47.72374],[8.6642,47.72363]]}},{"type":"Feature","properties":{"g":"Schaffhausen","r":100},"geometry":{"type":"LineString","coordinates":[[8.6642,47.72363],[8.66417,47.72354]]}},{"type":"Feature","properties":{"g":"Schaffhausen","r":100},"geometry":{"type":"LineString","coordinates":[[8.66238,47.7228],[8.66238,47.72292],[8.66239,47.72299],[8.66242,47.72305],[8.66245,47.72311],[8.66257,47.72325],[8.66265,47.72334],[8.66265,47.72335]]}},{"type":"Feature","properties":{"g":"Schaffhausen","r":100},"geometry":{"type":"LineString","coordinates":[[8.62617,47.70867],[8.62628,47.70866],[8.62633,47.70866],[8.6264,47.70864],[8.62648,47.70863],[8.62649,47.70863]]}},{"type":"Feature","properties":{"g":"Schaffhausen","r":100},"geometry":{"type":"LineString","coordinates":[[8.63836,47.69455],[8.63903,47.69478]]}},{"type":"Feature","properties":{"g":"Schaffhausen","r":100},"geometry":{"type":"LineString","coordinates":[[8.62789,47.69799],[8.62791,47.69798],[8.62797,47.69796],[8.62801,47.69795],[8.6281,47.69793],[8.62823,47.69789],[8.62834,47.69786],[8.62843,47.69784],[8.6285,47.69781],[8.62854,47.6978]]}},{"type":"Feature","properties":{"g":"Schaffhausen","r":100},"geometry":{"type":"LineString","coordinates":[[8.62862,47.69774],[8.62863,47.69772],[8.62864,47.69768],[8.62865,47.69764],[8.62865,47.6976],[8.62867,47.69751],[8.62868,47.69744],[8.62868,47.69738],[8.62868,47.69734],[8.62868,47.69731],[8.62867,47.69728],[8.62865,47.69724],[8.62859,47.69715],[8.62853,47.69706],[8.62847,47.69696],[8.62841,47.69689],[8.62838,47.69683],[8.62836,47.6968]]}},{"type":"Feature","properties":{"g":"Schaffhausen","r":100},"geometry":{"type":"LineString","coordinates":[[8.62859,47.69626],[8.62868,47.69621],[8.62892,47.69606],[8.62907,47.69597]]}},{"type":"Feature","properties":{"g":"Schaffhausen","r":100},"geometry":{"type":"LineString","coordinates":[[8.63836,47.69455],[8.63827,47.69464]]}},{"type":"Feature","properties":{"g":"Schaffhausen","r":100},"geometry":{"type":"LineString","coordinates":[[8.63827,47.69464],[8.63822,47.69471]]}},{"type":"Feature","properties":{"g":"Schaffhausen","r":100},"geometry":{"type":"LineString","coordinates":[[8.63822,47.69471],[8.63819,47.69479]]}},{"type":"Feature","properties":{"g":"Schaffhausen","r":100},"geometry":{"type":"LineString","coordinates":[[8.63819,47.69479],[8.6382,47.69488]]}},{"type":"Feature","properties":{"g":"Schaffhausen","r":100},"geometry":{"type":"LineString","coordinates":[[8.6382,47.69488],[8.63822,47.69494]]}},{"type":"Feature","properties":{"g":"Schaffhausen","r":100},"geometry":{"type":"LineString","coordinates":[[8.63822,47.69494],[8.63823,47.69506]]}},{"type":"Feature","properties":{"g":"Schaffhausen","r":100},"geometry":{"type":"LineString","coordinates":[[8.63823,47.69506],[8.63824,47.69529]]}},{"type":"Feature","properties":{"g":"Schaffhausen","r":100},"geometry":{"type":"LineString","coordinates":[[8.63828,47.72446],[8.63844,47.72461]]}},{"type":"Feature","properties":{"g":"Schaffhausen","r":100},"geometry":{"type":"LineString","coordinates":[[8.62753,47.70675],[8.62751,47.70664],[8.62749,47.70643]]}},{"type":"Feature","properties":{"g":"Schaffhausen","r":100},"geometry":{"type":"LineString","coordinates":[[8.63176,47.69358],[8.63189,47.69356]]}},{"type":"Feature","properties":{"g":"Schaffhausen","r":100},"geometry":{"type":"LineString","coordinates":[[8.63189,47.69356],[8.63198,47.69354]]}},{"type":"Feature","properties":{"g":"Schaffhausen","r":100},"geometry":{"type":"LineString","coordinates":[[8.63198,47.69354],[8.63211,47.69353]]}},{"type":"Feature","properties":{"g":"Schaffhausen","r":100},"geometry":{"type":"LineString","coordinates":[[8.63211,47.69353],[8.63224,47.69351]]}},{"type":"Feature","properties":{"g":"Schaffhausen","r":100},"geometry":{"type":"LineString","coordinates":[[8.63253,47.69349],[8.63266,47.69348]]}},{"type":"Feature","properties":{"g":"Schaffhausen","r":100},"geometry":{"type":"LineString","coordinates":[[8.63266,47.69348],[8.63285,47.69347]]}},{"type":"Feature","properties":{"g":"Schaffhausen","r":100},"geometry":{"type":"LineString","coordinates":[[8.63285,47.69347],[8.63305,47.69347]]}},{"type":"Feature","properties":{"g":"Schaffhausen","r":100},"geometry":{"type":"LineString","coordinates":[[8.64375,47.69571],[8.64376,47.69565]]}},{"type":"Feature","properties":{"g":"Schaffhausen","r":100},"geometry":{"type":"LineString","coordinates":[[8.64378,47.6956],[8.6438,47.69555]]}},{"type":"Feature","properties":{"g":"Schaffhausen","r":100},"geometry":{"type":"LineString","coordinates":[[8.65186,47.71698],[8.65174,47.71698]]}},{"type":"Feature","properties":{"g":"Schaffhausen","r":100},"geometry":{"type":"LineString","coordinates":[[8.64991,47.71738],[8.64992,47.71746]]}},{"type":"Feature","properties":{"g":"Schaffhausen","r":100},"geometry":{"type":"LineString","coordinates":[[8.64992,47.71746],[8.64993,47.71751]]}},{"type":"Feature","properties":{"g":"Schaffhausen","r":100},"geometry":{"type":"LineString","coordinates":[[8.64993,47.71751],[8.64999,47.7176]]}},{"type":"Feature","properties":{"g":"Schaffhausen","r":100},"geometry":{"type":"LineString","coordinates":[[8.62365,47.69271],[8.62401,47.69274]]}},{"type":"Feature","properties":{"g":"Schaffhausen","r":100},"geometry":{"type":"LineString","coordinates":[[8.62401,47.69274],[8.62435,47.6928]]}},{"type":"Feature","properties":{"g":"Schaffhausen","r":100},"geometry":{"type":"LineString","coordinates":[[8.62438,47.6928],[8.62471,47.69284]]}},{"type":"Feature","properties":{"g":"Schaffhausen","r":100},"geometry":{"type":"LineString","coordinates":[[8.62471,47.69284],[8.62544,47.69294]]}},{"type":"Feature","properties":{"g":"Schaffhausen","r":100},"geometry":{"type":"LineString","coordinates":[[8.62544,47.69294],[8.62573,47.69298]]}},{"type":"Feature","properties":{"g":"Schaffhausen","r":100},"geometry":{"type":"LineString","coordinates":[[8.66265,47.72335],[8.66288,47.72362],[8.66292,47.72366],[8.66295,47.7237],[8.66297,47.72374],[8.66298,47.72377],[8.66298,47.72379],[8.66296,47.72395],[8.66295,47.72404],[8.66294,47.72407],[8.66295,47.72412],[8.66296,47.72418],[8.66298,47.72425],[8.663,47.72433],[8.66304,47.72446],[8.66305,47.72449]]}},{"type":"Feature","properties":{"g":"Schaffhausen","r":100},"geometry":{"type":"LineString","coordinates":[[8.66307,47.7246],[8.66306,47.72465],[8.66303,47.7247],[8.66299,47.72476],[8.66294,47.72484],[8.66289,47.7249],[8.66286,47.72494],[8.66285,47.72496],[8.66283,47.72501],[8.66281,47.72506],[8.66278,47.72515],[8.66273,47.72523],[8.66268,47.7253],[8.66262,47.7254],[8.66257,47.72551],[8.66255,47.72556]]}},{"type":"Feature","properties":{"g":"Schaffhausen","r":100},"geometry":{"type":"LineString","coordinates":[[8.66255,47.72556],[8.66246,47.72574],[8.66233,47.72599],[8.6623,47.72609],[8.66227,47.72618],[8.66225,47.72622]]}},{"type":"Feature","properties":{"g":"Schaffhausen","r":100},"geometry":{"type":"LineString","coordinates":[[8.62757,47.69867],[8.62758,47.69863],[8.62758,47.6986],[8.62758,47.69854],[8.62758,47.69847],[8.62758,47.69839],[8.62759,47.69833],[8.6276,47.69829],[8.62762,47.69825],[8.62765,47.6982],[8.62769,47.69816],[8.62774,47.69811],[8.62778,47.69807],[8.62781,47.69805],[8.62784,47.69802],[8.62786,47.69801],[8.62789,47.69799]]}},{"type":"Feature","properties":{"g":"Schaffhausen","r":100},"geometry":{"type":"LineString","coordinates":[[8.62754,47.69872],[8.62757,47.69867]]}},{"type":"Feature","properties":{"g":"Schaffhausen","r":100},"geometry":{"type":"LineString","coordinates":[[8.63003,47.6937],[8.63019,47.6937]]}},{"type":"Feature","properties":{"g":"Schaffhausen","r":100},"geometry":{"type":"LineString","coordinates":[[8.63019,47.6937],[8.63032,47.69371]]}},{"type":"Feature","properties":{"g":"Schaffhausen","r":100},"geometry":{"type":"LineString","coordinates":[[8.63032,47.69371],[8.63045,47.69371]]}},{"type":"Feature","properties":{"g":"Schaffhausen","r":100},"geometry":{"type":"LineString","coordinates":[[8.63045,47.69371],[8.6306,47.69371]]}},{"type":"Feature","properties":{"g":"Schaffhausen","r":100},"geometry":{"type":"LineString","coordinates":[[8.6306,47.69371],[8.63075,47.69371]]}},{"type":"Feature","properties":{"g":"Schaffhausen","r":100},"geometry":{"type":"LineString","coordinates":[[8.63075,47.69371],[8.63091,47.69369]]}},{"type":"Feature","properties":{"g":"Schaffhausen","r":100},"geometry":{"type":"LineString","coordinates":[[8.63091,47.69369],[8.63106,47.69367]]}},{"type":"Feature","properties":{"g":"Schaffhausen","r":100},"geometry":{"type":"LineString","coordinates":[[8.63106,47.69367],[8.63126,47.69365]]}},{"type":"Feature","properties":{"g":"Schaffhausen","r":100},"geometry":{"type":"LineString","coordinates":[[8.63126,47.69365],[8.63149,47.69362]]}},{"type":"Feature","properties":{"g":"Schaffhausen","r":100},"geometry":{"type":"LineString","coordinates":[[8.63149,47.69362],[8.63159,47.69361]]}},{"type":"Feature","properties":{"g":"Schaffhausen","r":100},"geometry":{"type":"LineString","coordinates":[[8.63159,47.69361],[8.63171,47.69359]]}},{"type":"Feature","properties":{"g":"Schaffhausen","r":100},"geometry":{"type":"LineString","coordinates":[[8.62749,47.70643],[8.62748,47.70627],[8.62746,47.706],[8.62743,47.70582],[8.62741,47.70559],[8.6274,47.70543],[8.6274,47.70533],[8.62739,47.7053],[8.62739,47.70524],[8.62739,47.70512]]}},{"type":"Feature","properties":{"g":"Schaffhausen","r":100},"geometry":{"type":"LineString","coordinates":[[8.62317,47.71356],[8.62317,47.71356],[8.62344,47.71336],[8.6238,47.71312],[8.62405,47.71296],[8.62407,47.71294],[8.62411,47.71291],[8.62414,47.71289],[8.62419,47.71285],[8.62424,47.7128],[8.62428,47.71275],[8.62433,47.7127],[8.62437,47.71264],[8.6244,47.71259],[8.62443,47.71254],[8.62446,47.71248],[8.62451,47.71234],[8.62455,47.71225],[8.62463,47.71206]]}},{"type":"Feature","properties":{"g":"Schaffhausen","r":100},"geometry":{"type":"LineString","coordinates":[[8.62577,47.70942],[8.62578,47.7094],[8.6258,47.70932],[8.62584,47.70923],[8.62587,47.70915],[8.6259,47.70908],[8.62594,47.70902],[8.62599,47.70895],[8.62602,47.70892],[8.62605,47.70888],[8.6261,47.70883],[8.62614,47.70879],[8.62617,47.70876],[8.62618,47.70872],[8.62617,47.70867]]}},{"type":"Feature","properties":{"g":"Schaffhausen","r":100},"geometry":{"type":"LineString","coordinates":[[8.58993,47.73065],[8.58995,47.73061],[8.58999,47.73052],[8.59004,47.73043],[8.59009,47.73033],[8.59016,47.73022],[8.59023,47.73011],[8.59029,47.73004],[8.59037,47.72991],[8.59051,47.72972],[8.59064,47.72952],[8.59071,47.72942]]}},{"type":"Feature","properties":{"g":"Schaffhausen","r":100},"geometry":{"type":"LineString","coordinates":[[8.65042,47.71727],[8.65031,47.71729]]}},{"type":"Feature","properties":{"g":"Schaffhausen","r":100},"geometry":{"type":"LineString","coordinates":[[8.65031,47.71729],[8.65019,47.7173]]}},{"type":"Feature","properties":{"g":"Schaffhausen","r":100},"geometry":{"type":"LineString","coordinates":[[8.65019,47.7173],[8.65008,47.7173]]}},{"type":"Feature","properties":{"g":"Schaffhausen","r":100},"geometry":{"type":"LineString","coordinates":[[8.65008,47.7173],[8.64991,47.71734]]}},{"type":"Feature","properties":{"g":"Schaffhausen","r":100},"geometry":{"type":"LineString","coordinates":[[8.63522,47.70281],[8.63527,47.7029]]}},{"type":"Feature","properties":{"g":"Schaffhausen","r":100},"geometry":{"type":"LineString","coordinates":[[8.63527,47.7029],[8.63546,47.70319]]}},{"type":"Feature","properties":{"g":"Schaffhausen","r":100},"geometry":{"type":"LineString","coordinates":[[8.63546,47.70319],[8.63557,47.70336]]}},{"type":"Feature","properties":{"g":"Schaffhausen","r":100},"geometry":{"type":"LineString","coordinates":[[8.63557,47.70336],[8.63563,47.70345]]}},{"type":"Feature","properties":{"g":"Schaffhausen","r":100},"geometry":{"type":"LineString","coordinates":[[8.63563,47.70345],[8.63566,47.70352]]}},{"type":"Feature","properties":{"g":"Schaffhausen","r":100},"geometry":{"type":"LineString","coordinates":[[8.63566,47.70352],[8.63571,47.70363]]}},{"type":"Feature","properties":{"g":"Schaffhausen","r":100},"geometry":{"type":"LineString","coordinates":[[8.63573,47.70367],[8.63576,47.70372]]}},{"type":"Feature","properties":{"g":"Schaffhausen","r":100},"geometry":{"type":"LineString","coordinates":[[8.63576,47.70372],[8.63582,47.70385]]}},{"type":"Feature","properties":{"g":"Schaffhausen","r":100},"geometry":{"type":"LineString","coordinates":[[8.63582,47.70385],[8.63588,47.704]]}},{"type":"Feature","properties":{"g":"Schaffhausen","r":100},"geometry":{"type":"LineString","coordinates":[[8.63588,47.704],[8.63591,47.70408]]}},{"type":"Feature","properties":{"g":"Schaffhausen","r":100},"geometry":{"type":"LineString","coordinates":[[8.63591,47.70408],[8.63604,47.70439]]}},{"type":"Feature","properties":{"g":"Schaffhausen","r":100},"geometry":{"type":"LineString","coordinates":[[8.63604,47.70439],[8.63608,47.70447]]}},{"type":"Feature","properties":{"g":"Schaffhausen","r":100},"geometry":{"type":"LineString","coordinates":[[8.63683,47.70623],[8.63687,47.7063]]}},{"type":"Feature","properties":{"g":"Schaffhausen","r":100},"geometry":{"type":"LineString","coordinates":[[8.63687,47.7063],[8.63695,47.70645]]}},{"type":"Feature","properties":{"g":"Schaffhausen","r":100},"geometry":{"type":"LineString","coordinates":[[8.63695,47.70645],[8.63708,47.70668]]}},{"type":"Feature","properties":{"g":"Schaffhausen","r":100},"geometry":{"type":"LineString","coordinates":[[8.63708,47.70668],[8.63726,47.70699]]}},{"type":"Feature","properties":{"g":"Schaffhausen","r":100},"geometry":{"type":"LineString","coordinates":[[8.63726,47.70699],[8.63743,47.70725]]}},{"type":"Feature","properties":{"g":"Schaffhausen","r":100},"geometry":{"type":"LineString","coordinates":[[8.63743,47.70725],[8.63757,47.70743]]}},{"type":"Feature","properties":{"g":"Schaffhausen","r":100},"geometry":{"type":"LineString","coordinates":[[8.63757,47.70743],[8.63775,47.70765]]}},{"type":"Feature","properties":{"g":"Schaffhausen","r":100},"geometry":{"type":"LineString","coordinates":[[8.63775,47.70765],[8.63791,47.70783]]}},{"type":"Feature","properties":{"g":"Schaffhausen","r":100},"geometry":{"type":"LineString","coordinates":[[8.63791,47.69648],[8.63782,47.69683]]}},{"type":"Feature","properties":{"g":"Schaffhausen","r":100},"geometry":{"type":"LineString","coordinates":[[8.63782,47.69683],[8.63778,47.697]]}},{"type":"Feature","properties":{"g":"Schaffhausen","r":100},"geometry":{"type":"LineString","coordinates":[[8.63778,47.697],[8.63772,47.69726]]}},{"type":"Feature","properties":{"g":"Schaffhausen","r":100},"geometry":{"type":"LineString","coordinates":[[8.63772,47.69726],[8.63765,47.69748]]}},{"type":"Feature","properties":{"g":"Schaffhausen","r":100},"geometry":{"type":"LineString","coordinates":[[8.63305,47.69347],[8.63328,47.69348]]}},{"type":"Feature","properties":{"g":"Schaffhausen","r":100},"geometry":{"type":"LineString","coordinates":[[8.63328,47.69348],[8.63412,47.6935]]}},{"type":"Feature","properties":{"g":"Schaffhausen","r":100},"geometry":{"type":"LineString","coordinates":[[8.63412,47.6935],[8.63462,47.69352]]}},{"type":"Feature","properties":{"g":"Schaffhausen","r":100},"geometry":{"type":"LineString","coordinates":[[8.63462,47.69352],[8.63484,47.69352]]}},{"type":"Feature","properties":{"g":"Schaffhausen","r":100},"geometry":{"type":"LineString","coordinates":[[8.63484,47.69352],[8.635,47.69353]]}},{"type":"Feature","properties":{"g":"Schaffhausen","r":100},"geometry":{"type":"LineString","coordinates":[[8.635,47.69353],[8.63513,47.69354]]}},{"type":"Feature","properties":{"g":"Schaffhausen","r":100},"geometry":{"type":"LineString","coordinates":[[8.63513,47.69354],[8.63521,47.69355]]}},{"type":"Feature","properties":{"g":"Schaffhausen","r":100},"geometry":{"type":"LineString","coordinates":[[8.63521,47.69355],[8.6354,47.69358]]}},{"type":"Feature","properties":{"g":"Schaffhausen","r":100},"geometry":{"type":"LineString","coordinates":[[8.6354,47.69358],[8.63554,47.6936]]}},{"type":"Feature","properties":{"g":"Schaffhausen","r":100},"geometry":{"type":"LineString","coordinates":[[8.63675,47.69392],[8.6369,47.69397]]}},{"type":"Feature","properties":{"g":"Schaffhausen","r":100},"geometry":{"type":"LineString","coordinates":[[8.6369,47.69397],[8.63709,47.69404]]}},{"type":"Feature","properties":{"g":"Schaffhausen","r":100},"geometry":{"type":"LineString","coordinates":[[8.63709,47.69404],[8.63729,47.69412]]}},{"type":"Feature","properties":{"g":"Schaffhausen","r":100},"geometry":{"type":"LineString","coordinates":[[8.63729,47.69412],[8.63751,47.6942]]}},{"type":"Feature","properties":{"g":"Schaffhausen","r":100},"geometry":{"type":"LineString","coordinates":[[8.63751,47.6942],[8.63783,47.69433]]}},{"type":"Feature","properties":{"g":"Schaffhausen","r":100},"geometry":{"type":"LineString","coordinates":[[8.63783,47.69433],[8.63836,47.69455]]}},{"type":"Feature","properties":{"g":"Schaffhausen","r":100},"geometry":{"type":"LineString","coordinates":[[8.63177,47.69404],[8.63178,47.69397],[8.63179,47.6939],[8.63179,47.69384],[8.63178,47.6938],[8.63178,47.69377],[8.63177,47.69373],[8.63175,47.69368],[8.63173,47.69363],[8.63171,47.69359]]}},{"type":"Feature","properties":{"g":"Schaffhausen","r":100},"geometry":{"type":"LineString","coordinates":[[8.6403,47.70589],[8.64033,47.70579]]}},{"type":"Feature","properties":{"g":"Schaffhausen","r":100},"geometry":{"type":"LineString","coordinates":[[8.64033,47.70579],[8.64038,47.70573]]}},{"type":"Feature","properties":{"g":"Schaffhausen","r":100},"geometry":{"type":"LineString","coordinates":[[8.64038,47.70573],[8.64042,47.70569]]}},{"type":"Feature","properties":{"g":"Schaffhausen","r":100},"geometry":{"type":"LineString","coordinates":[[8.64042,47.70569],[8.6405,47.70565]]}},{"type":"Feature","properties":{"g":"Schaffhausen","r":100},"geometry":{"type":"LineString","coordinates":[[8.6405,47.70565],[8.64057,47.70562]]}},{"type":"Feature","properties":{"g":"Schaffhausen","r":100},"geometry":{"type":"LineString","coordinates":[[8.64057,47.70562],[8.64064,47.70561]]}},{"type":"Feature","properties":{"g":"Schaffhausen","r":100},"geometry":{"type":"LineString","coordinates":[[8.6407,47.70561],[8.64085,47.70564]]}},{"type":"Feature","properties":{"g":"Schaffhausen","r":100},"geometry":{"type":"LineString","coordinates":[[8.64085,47.70564],[8.6411,47.7057]]}},{"type":"Feature","properties":{"g":"Schaffhausen","r":100},"geometry":{"type":"LineString","coordinates":[[8.6411,47.7057],[8.64138,47.70578]]}},{"type":"Feature","properties":{"g":"Schaffhausen","r":100},"geometry":{"type":"LineString","coordinates":[[8.64371,47.70702],[8.64392,47.70713]]}},{"type":"Feature","properties":{"g":"Schaffhausen","r":100},"geometry":{"type":"LineString","coordinates":[[8.64392,47.70713],[8.6441,47.70722]]}},{"type":"Feature","properties":{"g":"Schaffhausen","r":100},"geometry":{"type":"LineString","coordinates":[[8.6441,47.70722],[8.64425,47.7073]]}},{"type":"Feature","properties":{"g":"Schaffhausen","r":100},"geometry":{"type":"LineString","coordinates":[[8.64425,47.7073],[8.64455,47.70745]]}},{"type":"Feature","properties":{"g":"Schaffhausen","r":100},"geometry":{"type":"LineString","coordinates":[[8.64455,47.70745],[8.64468,47.7075]]}},{"type":"Feature","properties":{"g":"Schaffhausen","r":100},"geometry":{"type":"LineString","coordinates":[[8.64468,47.7075],[8.64474,47.70753]]}},{"type":"Feature","properties":{"g":"Schaffhausen","r":100},"geometry":{"type":"LineString","coordinates":[[8.64474,47.70753],[8.64493,47.70762]]}},{"type":"Feature","properties":{"g":"Schaffhausen","r":100},"geometry":{"type":"LineString","coordinates":[[8.64493,47.70762],[8.64511,47.70768]]}},{"type":"Feature","properties":{"g":"Schaffhausen","r":100},"geometry":{"type":"LineString","coordinates":[[8.64511,47.70768],[8.64567,47.70787]]}},{"type":"Feature","properties":{"g":"Schaffhausen","r":100},"geometry":{"type":"LineString","coordinates":[[8.64567,47.70787],[8.64614,47.70803]]}},{"type":"Feature","properties":{"g":"Schaffhausen","r":100},"geometry":{"type":"LineString","coordinates":[[8.65168,47.71699],[8.65159,47.71699]]}},{"type":"Feature","properties":{"g":"Schaffhausen","r":100},"geometry":{"type":"LineString","coordinates":[[8.65159,47.71699],[8.65146,47.71701]]}},{"type":"Feature","properties":{"g":"Schaffhausen","r":100},"geometry":{"type":"LineString","coordinates":[[8.65146,47.71701],[8.65132,47.71704]]}},{"type":"Feature","properties":{"g":"Schaffhausen","r":100},"geometry":{"type":"LineString","coordinates":[[8.65132,47.71704],[8.65115,47.71709]]}},{"type":"Feature","properties":{"g":"Schaffhausen","r":100},"geometry":{"type":"LineString","coordinates":[[8.65115,47.71709],[8.65081,47.71719]]}},{"type":"Feature","properties":{"g":"Schaffhausen","r":100},"geometry":{"type":"LineString","coordinates":[[8.65081,47.71719],[8.65063,47.71723]]}},{"type":"Feature","properties":{"g":"Schaffhausen","r":100},"geometry":{"type":"LineString","coordinates":[[8.65063,47.71723],[8.65045,47.71727]]}},{"type":"Feature","properties":{"g":"Schaffhausen","r":100},"geometry":{"type":"LineString","coordinates":[[8.64028,47.72355],[8.64013,47.72361]]}},{"type":"Feature","properties":{"g":"Schaffhausen","r":100},"geometry":{"type":"LineString","coordinates":[[8.64013,47.72361],[8.63962,47.72381]]}},{"type":"Feature","properties":{"g":"Schaffhausen","r":100},"geometry":{"type":"LineString","coordinates":[[8.66417,47.72354],[8.66413,47.72343]]}},{"type":"Feature","properties":{"g":"Schaffhausen","r":100},"geometry":{"type":"LineString","coordinates":[[8.66413,47.72343],[8.66411,47.72338]]}},{"type":"Feature","properties":{"g":"Schaffhausen","r":100},"geometry":{"type":"LineString","coordinates":[[8.66411,47.72338],[8.66406,47.7233]]}},{"type":"Feature","properties":{"g":"Schaffhausen","r":100},"geometry":{"type":"LineString","coordinates":[[8.66406,47.7233],[8.66401,47.72323]]}},{"type":"Feature","properties":{"g":"Schaffhausen","r":100},"geometry":{"type":"LineString","coordinates":[[8.66401,47.72323],[8.66395,47.72316]]}},{"type":"Feature","properties":{"g":"Schaffhausen","r":100},"geometry":{"type":"LineString","coordinates":[[8.66395,47.72316],[8.66388,47.72307]]}},{"type":"Feature","properties":{"g":"Schaffhausen","r":100},"geometry":{"type":"LineString","coordinates":[[8.66388,47.72307],[8.66379,47.72297]]}},{"type":"Feature","properties":{"g":"Schaffhausen","r":100},"geometry":{"type":"LineString","coordinates":[[8.66379,47.72297],[8.6637,47.72288]]}},{"type":"Feature","properties":{"g":"Schaffhausen","r":100},"geometry":{"type":"LineString","coordinates":[[8.6637,47.72288],[8.66353,47.72274]]}},{"type":"Feature","properties":{"g":"Schaffhausen","r":100},"geometry":{"type":"LineString","coordinates":[[8.66353,47.72274],[8.66347,47.7227]]}},{"type":"Feature","properties":{"g":"Schaffhausen","r":100},"geometry":{"type":"LineString","coordinates":[[8.64381,47.69553],[8.64385,47.69545]]}},{"type":"Feature","properties":{"g":"Schaffhausen","r":100},"geometry":{"type":"LineString","coordinates":[[8.64385,47.69545],[8.64388,47.6954]]}},{"type":"Feature","properties":{"g":"Schaffhausen","r":100},"geometry":{"type":"LineString","coordinates":[[8.64388,47.6954],[8.64392,47.69536]]}},{"type":"Feature","properties":{"g":"Schaffhausen","r":100},"geometry":{"type":"LineString","coordinates":[[8.64392,47.69536],[8.64397,47.69532]]}},{"type":"Feature","properties":{"g":"Schaffhausen","r":100},"geometry":{"type":"LineString","coordinates":[[8.64401,47.69529],[8.64407,47.69526]]}},{"type":"Feature","properties":{"g":"Schaffhausen","r":100},"geometry":{"type":"LineString","coordinates":[[8.64407,47.69526],[8.64416,47.69523]]}},{"type":"Feature","properties":{"g":"Schaffhausen","r":100},"geometry":{"type":"LineString","coordinates":[[8.64416,47.69523],[8.64427,47.6952]]}},{"type":"Feature","properties":{"g":"Schaffhausen","r":100},"geometry":{"type":"LineString","coordinates":[[8.64427,47.6952],[8.64453,47.69513]]}},{"type":"Feature","properties":{"g":"Schaffhausen","r":100},"geometry":{"type":"LineString","coordinates":[[8.64453,47.69513],[8.64483,47.69504]]}},{"type":"Feature","properties":{"g":"Schaffhausen","r":100},"geometry":{"type":"LineString","coordinates":[[8.64483,47.69504],[8.64519,47.69494]]}},{"type":"Feature","properties":{"g":"Schaffhausen","r":100},"geometry":{"type":"LineString","coordinates":[[8.64519,47.69494],[8.64533,47.6949]]}},{"type":"Feature","properties":{"g":"Schaffhausen","r":100},"geometry":{"type":"LineString","coordinates":[[8.64533,47.6949],[8.64555,47.69483]]}},{"type":"Feature","properties":{"g":"Schaffhausen","r":100},"geometry":{"type":"LineString","coordinates":[[8.64555,47.69483],[8.64572,47.69478]]}},{"type":"Feature","properties":{"g":"Schaffhausen","r":100},"geometry":{"type":"LineString","coordinates":[[8.64348,47.6957],[8.64359,47.6957]]}},{"type":"Feature","properties":{"g":"Schaffhausen","r":100},"geometry":{"type":"LineString","coordinates":[[8.64359,47.6957],[8.64368,47.6957]]}},{"type":"Feature","properties":{"g":"Schaffhausen","r":100},"geometry":{"type":"LineString","coordinates":[[8.64368,47.6957],[8.64375,47.69571]]}},{"type":"Feature","properties":{"g":"Schaffhausen","r":100},"geometry":{"type":"LineString","coordinates":[[8.6316,47.6953],[8.63161,47.69516],[8.63162,47.69498],[8.63163,47.69488],[8.63165,47.69473],[8.63172,47.69431],[8.63174,47.69419],[8.63177,47.69404]]}},{"type":"Feature","properties":{"g":"Schaffhausen","r":100},"geometry":{"type":"LineString","coordinates":[[8.63962,47.72381],[8.63942,47.7239]]}},{"type":"Feature","properties":{"g":"Schaffhausen","r":100},"geometry":{"type":"LineString","coordinates":[[8.63942,47.7239],[8.63924,47.72398]]}},{"type":"Feature","properties":{"g":"Schaffhausen","r":100},"geometry":{"type":"LineString","coordinates":[[8.63924,47.72398],[8.63894,47.72412]]}},{"type":"Feature","properties":{"g":"Schaffhausen","r":100},"geometry":{"type":"LineString","coordinates":[[8.63894,47.72412],[8.63862,47.72429]]}},{"type":"Feature","properties":{"g":"Schaffhausen","r":100},"geometry":{"type":"LineString","coordinates":[[8.63862,47.72429],[8.63828,47.72446]]}},{"type":"Feature","properties":{"g":"Schaffhausen","r":100},"geometry":{"type":"LineString","coordinates":[[8.63595,47.70014],[8.6358,47.70021]]}},{"type":"Feature","properties":{"g":"Schaffhausen","r":100},"geometry":{"type":"LineString","coordinates":[[8.6358,47.70021],[8.63567,47.70028]]}},{"type":"Feature","properties":{"g":"Schaffhausen","r":100},"geometry":{"type":"LineString","coordinates":[[8.63609,47.69898],[8.63602,47.69911]]}},{"type":"Feature","properties":{"g":"Schaffhausen","r":100},"geometry":{"type":"LineString","coordinates":[[8.63602,47.69911],[8.63597,47.69924]]}},{"type":"Feature","properties":{"g":"Schaffhausen","r":100},"geometry":{"type":"LineString","coordinates":[[8.63597,47.69924],[8.63592,47.69934]]}},{"type":"Feature","properties":{"g":"Schaffhausen","r":100},"geometry":{"type":"LineString","coordinates":[[8.63592,47.69934],[8.63589,47.69946]]}},{"type":"Feature","properties":{"g":"Schaffhausen","r":100},"geometry":{"type":"LineString","coordinates":[[8.63589,47.69946],[8.63585,47.6996]]}},{"type":"Feature","properties":{"g":"Schaffhausen","r":100},"geometry":{"type":"LineString","coordinates":[[8.63585,47.6996],[8.63585,47.69969]]}},{"type":"Feature","properties":{"g":"Schaffhausen","r":100},"geometry":{"type":"LineString","coordinates":[[8.63585,47.69969],[8.63585,47.69979]]}},{"type":"Feature","properties":{"g":"Schaffhausen","r":100},"geometry":{"type":"LineString","coordinates":[[8.63585,47.69979],[8.63588,47.69994]]}},{"type":"Feature","properties":{"g":"Schaffhausen","r":100},"geometry":{"type":"LineString","coordinates":[[8.63588,47.69994],[8.63591,47.70003]]}},{"type":"Feature","properties":{"g":"Schaffhausen","r":100},"geometry":{"type":"LineString","coordinates":[[8.63591,47.70003],[8.63595,47.70014]]}},{"type":"Feature","properties":{"g":"Schaffhausen","r":100},"geometry":{"type":"LineString","coordinates":[[8.64999,47.7176],[8.65009,47.71778]]}},{"type":"Feature","properties":{"g":"Schaffhausen","r":100},"geometry":{"type":"LineString","coordinates":[[8.6358,47.70021],[8.63544,47.7004],[8.6354,47.70041],[8.63537,47.70042]]}},{"type":"Feature","properties":{"g":"Schaffhausen","r":300},"geometry":{"type":"LineString","coordinates":[[8.65034,47.7188],[8.65027,47.71881]]}},{"type":"Feature","properties":{"g":"Schaffhausen","r":300},"geometry":{"type":"LineString","coordinates":[[8.65027,47.71881],[8.65003,47.71884]]}},{"type":"Feature","properties":{"g":"Schaffhausen","r":300},"geometry":{"type":"LineString","coordinates":[[8.65003,47.71884],[8.64977,47.71889]]}},{"type":"Feature","properties":{"g":"Schaffhausen","r":300},"geometry":{"type":"LineString","coordinates":[[8.64977,47.71889],[8.64947,47.71897]]}},{"type":"Feature","properties":{"g":"Schaffhausen","r":300},"geometry":{"type":"LineString","coordinates":[[8.64947,47.71897],[8.64888,47.71913]]}},{"type":"Feature","properties":{"g":"Schaffhausen","r":300},"geometry":{"type":"LineString","coordinates":[[8.64888,47.71913],[8.64864,47.7192]]}},{"type":"Feature","properties":{"g":"Schaffhausen","r":300},"geometry":{"type":"LineString","coordinates":[[8.64864,47.7192],[8.64791,47.71944]]}},{"type":"Feature","properties":{"g":"Schaffhausen","r":300},"geometry":{"type":"LineString","coordinates":[[8.64791,47.71944],[8.64736,47.71965]]}},{"type":"Feature","properties":{"g":"Schaffhausen","r":300},"geometry":{"type":"LineString","coordinates":[[8.64736,47.71965],[8.64715,47.71975]]}},{"type":"Feature","properties":{"g":"Schaffhausen","r":300},"geometry":{"type":"LineString","coordinates":[[8.64715,47.71975],[8.64677,47.71992]]}},{"type":"Feature","properties":{"g":"Schaffhausen","r":300},"geometry":{"type":"LineString","coordinates":[[8.64677,47.71992],[8.64653,47.72003]]}},{"type":"Feature","properties":{"g":"Schaffhausen","r":300},"geometry":{"type":"LineString","coordinates":[[8.64653,47.72003],[8.64622,47.72021]]}},{"type":"Feature","properties":{"g":"Schaffhausen","r":300},"geometry":{"type":"LineString","coordinates":[[8.64622,47.72021],[8.64592,47.72039]]}},{"type":"Feature","properties":{"g":"Schaffhausen","r":300},"geometry":{"type":"LineString","coordinates":[[8.64592,47.72039],[8.64568,47.72054]]}},{"type":"Feature","properties":{"g":"Schaffhausen","r":300},"geometry":{"type":"LineString","coordinates":[[8.64568,47.72054],[8.64546,47.72067]]}},{"type":"Feature","properties":{"g":"Schaffhausen","r":300},"geometry":{"type":"LineString","coordinates":[[8.64546,47.72067],[8.64524,47.72083]]}},{"type":"Feature","properties":{"g":"Schaffhausen","r":300},"geometry":{"type":"LineString","coordinates":[[8.64524,47.72083],[8.64509,47.72094]]}},{"type":"Feature","properties":{"g":"Schaffhausen","r":300},"geometry":{"type":"LineString","coordinates":[[8.64509,47.72094],[8.64498,47.72103]]}},{"type":"Feature","properties":{"g":"Schaffhausen","r":300},"geometry":{"type":"LineString","coordinates":[[8.64498,47.72103],[8.64474,47.72121]]}},{"type":"Feature","properties":{"g":"Schaffhausen","r":300},"geometry":{"type":"LineString","coordinates":[[8.64474,47.72121],[8.64459,47.72134]]}},{"type":"Feature","properties":{"g":"Schaffhausen","r":300},"geometry":{"type":"LineString","coordinates":[[8.63362,47.69997],[8.63368,47.70005]]}},{"type":"Feature","properties":{"g":"Schaffhausen","r":300},"geometry":{"type":"LineString","coordinates":[[8.63368,47.70005],[8.63378,47.70014]]}},{"type":"Feature","properties":{"g":"Schaffhausen","r":300},"geometry":{"type":"LineString","coordinates":[[8.63378,47.70014],[8.63403,47.70031]]}},{"type":"Feature","properties":{"g":"Schaffhausen","r":300},"geometry":{"type":"LineString","coordinates":[[8.63403,47.70031],[8.63438,47.70051]]}},{"type":"Feature","properties":{"g":"Schaffhausen","r":300},"geometry":{"type":"LineString","coordinates":[[8.63442,47.70053],[8.63447,47.70057]]}},{"type":"Feature","properties":{"g":"Schaffhausen","r":300},"geometry":{"type":"LineString","coordinates":[[8.63447,47.70057],[8.63453,47.70063]]}},{"type":"Feature","properties":{"g":"Schaffhausen","r":300},"geometry":{"type":"LineString","coordinates":[[8.63453,47.70063],[8.63458,47.7007]]}},{"type":"Feature","properties":{"g":"Schaffhausen","r":300},"geometry":{"type":"LineString","coordinates":[[8.63458,47.7007],[8.63465,47.70078]]}},{"type":"Feature","properties":{"g":"Schaffhausen","r":300},"geometry":{"type":"LineString","coordinates":[[8.63465,47.70078],[8.63471,47.70089]]}},{"type":"Feature","properties":{"g":"Schaffhausen","r":300},"geometry":{"type":"LineString","coordinates":[[8.63471,47.70089],[8.63475,47.70099]]}},{"type":"Feature","properties":{"g":"Schaffhausen","r":300},"geometry":{"type":"LineString","coordinates":[[8.63475,47.70099],[8.63478,47.70114]]}},{"type":"Feature","properties":{"g":"Schaffhausen","r":300},"geometry":{"type":"LineString","coordinates":[[8.63478,47.70114],[8.63481,47.70129]]}},{"type":"Feature","properties":{"g":"Schaffhausen","r":300},"geometry":{"type":"LineString","coordinates":[[8.63481,47.70129],[8.63488,47.70171]]}},{"type":"Feature","properties":{"g":"Schaffhausen","r":300},"geometry":{"type":"LineString","coordinates":[[8.63488,47.70171],[8.63492,47.70196]]}},{"type":"Feature","properties":{"g":"Schaffhausen","r":300},"geometry":{"type":"LineString","coordinates":[[8.63809,47.70808],[8.63816,47.70818]]}},{"type":"Feature","properties":{"g":"Schaffhausen","r":300},"geometry":{"type":"LineString","coordinates":[[8.63816,47.70818],[8.63826,47.70829]]}},{"type":"Feature","properties":{"g":"Schaffhausen","r":300},"geometry":{"type":"LineString","coordinates":[[8.63826,47.70829],[8.63838,47.70843]]}},{"type":"Feature","properties":{"g":"Schaffhausen","r":300},"geometry":{"type":"LineString","coordinates":[[8.63838,47.70843],[8.63851,47.70856]]}},{"type":"Feature","properties":{"g":"Schaffhausen","r":300},"geometry":{"type":"LineString","coordinates":[[8.63851,47.70856],[8.63861,47.70866]]}},{"type":"Feature","properties":{"g":"Schaffhausen","r":300},"geometry":{"type":"LineString","coordinates":[[8.63861,47.70866],[8.6388,47.70885]]}},{"type":"Feature","properties":{"g":"Schaffhausen","r":300},"geometry":{"type":"LineString","coordinates":[[8.6388,47.70885],[8.63894,47.70899]]}},{"type":"Feature","properties":{"g":"Schaffhausen","r":300},"geometry":{"type":"LineString","coordinates":[[8.63894,47.70899],[8.63905,47.70911]]}},{"type":"Feature","properties":{"g":"Schaffhausen","r":300},"geometry":{"type":"LineString","coordinates":[[8.63905,47.70911],[8.63913,47.7092]]}},{"type":"Feature","properties":{"g":"Schaffhausen","r":300},"geometry":{"type":"LineString","coordinates":[[8.63913,47.7092],[8.63919,47.70926]]}},{"type":"Feature","properties":{"g":"Schaffhausen","r":300},"geometry":{"type":"LineString","coordinates":[[8.66244,47.72215],[8.66237,47.72211]]}},{"type":"Feature","properties":{"g":"Schaffhausen","r":300},"geometry":{"type":"LineString","coordinates":[[8.66237,47.72211],[8.66226,47.72205]]}},{"type":"Feature","properties":{"g":"Schaffhausen","r":300},"geometry":{"type":"LineString","coordinates":[[8.66226,47.72205],[8.66218,47.72201]]}},{"type":"Feature","properties":{"g":"Schaffhausen","r":300},"geometry":{"type":"LineString","coordinates":[[8.63595,47.70014],[8.63602,47.70022]]}},{"type":"Feature","properties":{"g":"Schaffhausen","r":300},"geometry":{"type":"LineString","coordinates":[[8.63602,47.70022],[8.63611,47.7003]]}},{"type":"Feature","properties":{"g":"Schaffhausen","r":300},"geometry":{"type":"LineString","coordinates":[[8.63611,47.7003],[8.63616,47.70035]]}},{"type":"Feature","properties":{"g":"Schaffhausen","r":300},"geometry":{"type":"LineString","coordinates":[[8.63616,47.70035],[8.63621,47.7004]]}},{"type":"Feature","properties":{"g":"Schaffhausen","r":300},"geometry":{"type":"LineString","coordinates":[[8.63621,47.7004],[8.63626,47.70046]]}},{"type":"Feature","properties":{"g":"Schaffhausen","r":300},"geometry":{"type":"LineString","coordinates":[[8.63626,47.70046],[8.63633,47.70055]]}},{"type":"Feature","properties":{"g":"Schaffhausen","r":300},"geometry":{"type":"LineString","coordinates":[[8.63633,47.70055],[8.63638,47.70066]]}},{"type":"Feature","properties":{"g":"Schaffhausen","r":300},"geometry":{"type":"LineString","coordinates":[[8.63638,47.70066],[8.63645,47.70086]]}},{"type":"Feature","properties":{"g":"Schaffhausen","r":300},"geometry":{"type":"LineString","coordinates":[[8.63645,47.70086],[8.63651,47.70105]]}},{"type":"Feature","properties":{"g":"Schaffhausen","r":300},"geometry":{"type":"LineString","coordinates":[[8.63972,47.70673],[8.63981,47.70669]]}},{"type":"Feature","properties":{"g":"Schaffhausen","r":300},"geometry":{"type":"LineString","coordinates":[[8.63981,47.70669],[8.64004,47.70663]]}},{"type":"Feature","properties":{"g":"Schaffhausen","r":300},"geometry":{"type":"LineString","coordinates":[[8.64004,47.70663],[8.64012,47.70659]]}},{"type":"Feature","properties":{"g":"Schaffhausen","r":300},"geometry":{"type":"LineString","coordinates":[[8.64012,47.70659],[8.64019,47.70654]]}},{"type":"Feature","properties":{"g":"Schaffhausen","r":300},"geometry":{"type":"LineString","coordinates":[[8.64019,47.70654],[8.64023,47.70649]]}},{"type":"Feature","properties":{"g":"Schaffhausen","r":300},"geometry":{"type":"LineString","coordinates":[[8.66396,47.72661],[8.66396,47.72647]]}},{"type":"Feature","properties":{"g":"Schaffhausen","r":300},"geometry":{"type":"LineString","coordinates":[[8.66396,47.72647],[8.66395,47.72633]]}},{"type":"Feature","properties":{"g":"Schaffhausen","r":300},"geometry":{"type":"LineString","coordinates":[[8.66395,47.72633],[8.66394,47.72602]]}},{"type":"Feature","properties":{"g":"Schaffhausen","r":300},"geometry":{"type":"LineString","coordinates":[[8.66394,47.72602],[8.66392,47.72563]]}},{"type":"Feature","properties":{"g":"Schaffhausen","r":300},"geometry":{"type":"LineString","coordinates":[[8.66392,47.72563],[8.66392,47.72556]]}},{"type":"Feature","properties":{"g":"Schaffhausen","r":300},"geometry":{"type":"LineString","coordinates":[[8.66392,47.72556],[8.66391,47.72538]]}},{"type":"Feature","properties":{"g":"Schaffhausen","r":300},"geometry":{"type":"LineString","coordinates":[[8.66391,47.72538],[8.66391,47.72525]]}},{"type":"Feature","properties":{"g":"Schaffhausen","r":300},"geometry":{"type":"LineString","coordinates":[[8.66391,47.72525],[8.66393,47.72515]]}},{"type":"Feature","properties":{"g":"Schaffhausen","r":300},"geometry":{"type":"LineString","coordinates":[[8.66393,47.72515],[8.66395,47.72505]]}},{"type":"Feature","properties":{"g":"Schaffhausen","r":300},"geometry":{"type":"LineString","coordinates":[[8.66395,47.72505],[8.66397,47.72496]]}},{"type":"Feature","properties":{"g":"Schaffhausen","r":300},"geometry":{"type":"LineString","coordinates":[[8.66397,47.72496],[8.6641,47.72462]]}},{"type":"Feature","properties":{"g":"Schaffhausen","r":300},"geometry":{"type":"LineString","coordinates":[[8.6641,47.72462],[8.66415,47.72447]]}},{"type":"Feature","properties":{"g":"Schaffhausen","r":300},"geometry":{"type":"LineString","coordinates":[[8.66415,47.72447],[8.66419,47.72437]]}},{"type":"Feature","properties":{"g":"Schaffhausen","r":300},"geometry":{"type":"LineString","coordinates":[[8.66419,47.72437],[8.66421,47.72427]]}},{"type":"Feature","properties":{"g":"Schaffhausen","r":300},"geometry":{"type":"LineString","coordinates":[[8.66421,47.72427],[8.66424,47.72416]]}},{"type":"Feature","properties":{"g":"Schaffhausen","r":300},"geometry":{"type":"LineString","coordinates":[[8.66424,47.72416],[8.66425,47.72403]]}},{"type":"Feature","properties":{"g":"Schaffhausen","r":300},"geometry":{"type":"LineString","coordinates":[[8.66425,47.72403],[8.66425,47.72387]]}},{"type":"Feature","properties":{"g":"Schaffhausen","r":300},"geometry":{"type":"LineString","coordinates":[[8.66425,47.72387],[8.66423,47.72374]]}},{"type":"Feature","properties":{"g":"Schaffhausen","r":300},"geometry":{"type":"LineString","coordinates":[[8.66423,47.72374],[8.6642,47.72363]]}},{"type":"Feature","properties":{"g":"Schaffhausen","r":300},"geometry":{"type":"LineString","coordinates":[[8.6642,47.72363],[8.66417,47.72354]]}},{"type":"Feature","properties":{"g":"Schaffhausen","r":300},"geometry":{"type":"LineString","coordinates":[[8.63651,47.70105],[8.63645,47.70103]]}},{"type":"Feature","properties":{"g":"Schaffhausen","r":300},"geometry":{"type":"LineString","coordinates":[[8.63645,47.70103],[8.63635,47.701]]}},{"type":"Feature","properties":{"g":"Schaffhausen","r":300},"geometry":{"type":"LineString","coordinates":[[8.63632,47.70099],[8.63618,47.70095]]}},{"type":"Feature","properties":{"g":"Schaffhausen","r":300},"geometry":{"type":"LineString","coordinates":[[8.62632,47.70023],[8.62646,47.70015],[8.6265,47.70012],[8.62656,47.70008],[8.62661,47.70004],[8.62666,47.7],[8.62669,47.69997],[8.62671,47.69995],[8.62675,47.6999]]}},{"type":"Feature","properties":{"g":"Schaffhausen","r":300},"geometry":{"type":"LineString","coordinates":[[8.64254,47.71816],[8.64256,47.71824]]}},{"type":"Feature","properties":{"g":"Schaffhausen","r":300},"geometry":{"type":"LineString","coordinates":[[8.64256,47.71824],[8.64257,47.71836]]}},{"type":"Feature","properties":{"g":"Schaffhausen","r":300},"geometry":{"type":"LineString","coordinates":[[8.64257,47.71836],[8.64257,47.71846]]}},{"type":"Feature","properties":{"g":"Schaffhausen","r":300},"geometry":{"type":"LineString","coordinates":[[8.64257,47.71846],[8.64257,47.71856]]}},{"type":"Feature","properties":{"g":"Schaffhausen","r":300},"geometry":{"type":"LineString","coordinates":[[8.64257,47.71856],[8.64257,47.71865]]}},{"type":"Feature","properties":{"g":"Schaffhausen","r":300},"geometry":{"type":"LineString","coordinates":[[8.64257,47.71865],[8.64256,47.71874]]}},{"type":"Feature","properties":{"g":"Schaffhausen","r":300},"geometry":{"type":"LineString","coordinates":[[8.64255,47.71878],[8.64254,47.71885]]}},{"type":"Feature","properties":{"g":"Schaffhausen","r":300},"geometry":{"type":"LineString","coordinates":[[8.64254,47.71885],[8.64252,47.71898]]}},{"type":"Feature","properties":{"g":"Schaffhausen","r":300},"geometry":{"type":"LineString","coordinates":[[8.64252,47.71898],[8.64244,47.71936]]}},{"type":"Feature","properties":{"g":"Schaffhausen","r":300},"geometry":{"type":"LineString","coordinates":[[8.64244,47.71936],[8.64236,47.71976]]}},{"type":"Feature","properties":{"g":"Schaffhausen","r":300},"geometry":{"type":"LineString","coordinates":[[8.64236,47.71976],[8.64231,47.71996]]}},{"type":"Feature","properties":{"g":"Schaffhausen","r":300},"geometry":{"type":"LineString","coordinates":[[8.64231,47.71996],[8.6423,47.72004]]}},{"type":"Feature","properties":{"g":"Schaffhausen","r":300},"geometry":{"type":"LineString","coordinates":[[8.6423,47.72004],[8.64227,47.72017]]}},{"type":"Feature","properties":{"g":"Schaffhausen","r":300},"geometry":{"type":"LineString","coordinates":[[8.64227,47.72017],[8.64224,47.72029]]}},{"type":"Feature","properties":{"g":"Schaffhausen","r":300},"geometry":{"type":"LineString","coordinates":[[8.66244,47.72215],[8.66241,47.72219],[8.66236,47.72228],[8.66235,47.72233],[8.66235,47.72242],[8.66238,47.72274],[8.66238,47.72292],[8.66239,47.72299],[8.66242,47.72305],[8.66245,47.72311],[8.66257,47.72325],[8.66265,47.72334],[8.66265,47.72335]]}},{"type":"Feature","properties":{"g":"Schaffhausen","r":300},"geometry":{"type":"LineString","coordinates":[[8.6346,47.69985],[8.63453,47.69984]]}},{"type":"Feature","properties":{"g":"Schaffhausen","r":300},"geometry":{"type":"LineString","coordinates":[[8.63446,47.69984],[8.63428,47.69985]]}},{"type":"Feature","properties":{"g":"Schaffhausen","r":300},"geometry":{"type":"LineString","coordinates":[[8.63428,47.69985],[8.63389,47.6999]]}},{"type":"Feature","properties":{"g":"Schaffhausen","r":300},"geometry":{"type":"LineString","coordinates":[[8.63389,47.6999],[8.63381,47.69991]]}},{"type":"Feature","properties":{"g":"Schaffhausen","r":300},"geometry":{"type":"LineString","coordinates":[[8.62617,47.70867],[8.62628,47.70866],[8.62633,47.70866],[8.6264,47.70864],[8.62648,47.70863],[8.62656,47.70861],[8.62663,47.70858],[8.6267,47.70855],[8.62676,47.70852],[8.62683,47.70848],[8.62689,47.70844],[8.62694,47.7084],[8.62698,47.70837],[8.62703,47.70832],[8.62707,47.70828],[8.62711,47.70824],[8.62714,47.70819],[8.62717,47.70816],[8.62718,47.70813],[8.6272,47.70807],[8.62725,47.70795],[8.62739,47.7076],[8.62746,47.70741],[8.62751,47.70728],[8.62754,47.70721]]}},{"type":"Feature","properties":{"g":"Schaffhausen","r":300},"geometry":{"type":"LineString","coordinates":[[8.64267,47.7226],[8.64236,47.72273]]}},{"type":"Feature","properties":{"g":"Schaffhausen","r":300},"geometry":{"type":"LineString","coordinates":[[8.66218,47.72201],[8.66223,47.72197]]}},{"type":"Feature","properties":{"g":"Schaffhausen","r":300},"geometry":{"type":"LineString","coordinates":[[8.66223,47.72197],[8.66228,47.72191]]}},{"type":"Feature","properties":{"g":"Schaffhausen","r":300},"geometry":{"type":"LineString","coordinates":[[8.66229,47.72187],[8.6623,47.72175]]}},{"type":"Feature","properties":{"g":"Schaffhausen","r":300},"geometry":{"type":"LineString","coordinates":[[8.6623,47.72175],[8.66237,47.72105]]}},{"type":"Feature","properties":{"g":"Schaffhausen","r":300},"geometry":{"type":"LineString","coordinates":[[8.66237,47.72105],[8.66238,47.721]]}},{"type":"Feature","properties":{"g":"Schaffhausen","r":300},"geometry":{"type":"LineString","coordinates":[[8.63836,47.69455],[8.63905,47.69479]]}},{"type":"Feature","properties":{"g":"Schaffhausen","r":300},"geometry":{"type":"LineString","coordinates":[[8.63905,47.69479],[8.63921,47.69484]]}},{"type":"Feature","properties":{"g":"Schaffhausen","r":300},"geometry":{"type":"LineString","coordinates":[[8.63921,47.69484],[8.63968,47.69502]]}},{"type":"Feature","properties":{"g":"Schaffhausen","r":300},"geometry":{"type":"LineString","coordinates":[[8.63968,47.69502],[8.63977,47.69506]]}},{"type":"Feature","properties":{"g":"Schaffhausen","r":300},"geometry":{"type":"LineString","coordinates":[[8.63977,47.69506],[8.63984,47.69509]]}},{"type":"Feature","properties":{"g":"Schaffhausen","r":300},"geometry":{"type":"LineString","coordinates":[[8.64185,47.71304],[8.64183,47.71309]]}},{"type":"Feature","properties":{"g":"Schaffhausen","r":300},"geometry":{"type":"LineString","coordinates":[[8.64183,47.71309],[8.64182,47.71315]]}},{"type":"Feature","properties":{"g":"Schaffhausen","r":300},"geometry":{"type":"LineString","coordinates":[[8.64182,47.71315],[8.64183,47.7132]]}},{"type":"Feature","properties":{"g":"Schaffhausen","r":300},"geometry":{"type":"LineString","coordinates":[[8.64183,47.7132],[8.64187,47.71331]]}},{"type":"Feature","properties":{"g":"Schaffhausen","r":300},"geometry":{"type":"LineString","coordinates":[[8.64187,47.71331],[8.64197,47.71355]]}},{"type":"Feature","properties":{"g":"Schaffhausen","r":300},"geometry":{"type":"LineString","coordinates":[[8.64197,47.71355],[8.64206,47.7138]]}},{"type":"Feature","properties":{"g":"Schaffhausen","r":300},"geometry":{"type":"LineString","coordinates":[[8.64206,47.7138],[8.64218,47.71413]]}},{"type":"Feature","properties":{"g":"Schaffhausen","r":300},"geometry":{"type":"LineString","coordinates":[[8.64218,47.71413],[8.6422,47.71418]]}},{"type":"Feature","properties":{"g":"Schaffhausen","r":300},"geometry":{"type":"LineString","coordinates":[[8.6422,47.71418],[8.64227,47.7144]]}},{"type":"Feature","properties":{"g":"Schaffhausen","r":300},"geometry":{"type":"LineString","coordinates":[[8.64227,47.7144],[8.64233,47.7146]]}},{"type":"Feature","properties":{"g":"Schaffhausen","r":300},"geometry":{"type":"LineString","coordinates":[[8.64233,47.7146],[8.64237,47.71476]]}},{"type":"Feature","properties":{"g":"Schaffhausen","r":300},"geometry":{"type":"LineString","coordinates":[[8.64237,47.71476],[8.64241,47.71495]]}},{"type":"Feature","properties":{"g":"Schaffhausen","r":300},"geometry":{"type":"LineString","coordinates":[[8.64241,47.71495],[8.64244,47.71512]]}},{"type":"Feature","properties":{"g":"Schaffhausen","r":300},"geometry":{"type":"LineString","coordinates":[[8.64244,47.71512],[8.64245,47.71528]]}},{"type":"Feature","properties":{"g":"Schaffhausen","r":300},"geometry":{"type":"LineString","coordinates":[[8.64245,47.71528],[8.64247,47.71539]]}},{"type":"Feature","properties":{"g":"Schaffhausen","r":300},"geometry":{"type":"LineString","coordinates":[[8.64247,47.71539],[8.64248,47.71556]]}},{"type":"Feature","properties":{"g":"Schaffhausen","r":300},"geometry":{"type":"LineString","coordinates":[[8.64248,47.71556],[8.64248,47.71569]]}},{"type":"Feature","properties":{"g":"Schaffhausen","r":300},"geometry":{"type":"LineString","coordinates":[[8.64248,47.71569],[8.64248,47.71575]]}},{"type":"Feature","properties":{"g":"Schaffhausen","r":300},"geometry":{"type":"LineString","coordinates":[[8.64248,47.71575],[8.64248,47.71591]]}},{"type":"Feature","properties":{"g":"Schaffhausen","r":300},"geometry":{"type":"LineString","coordinates":[[8.64248,47.71591],[8.64248,47.716]]}},{"type":"Feature","properties":{"g":"Schaffhausen","r":300},"geometry":{"type":"LineString","coordinates":[[8.64248,47.716],[8.64247,47.71615]]}},{"type":"Feature","properties":{"g":"Schaffhausen","r":300},"geometry":{"type":"LineString","coordinates":[[8.64247,47.71615],[8.64246,47.71626]]}},{"type":"Feature","properties":{"g":"Schaffhausen","r":300},"geometry":{"type":"LineString","coordinates":[[8.62789,47.69799],[8.62791,47.69798],[8.62797,47.69796],[8.62801,47.69795],[8.6281,47.69793],[8.62823,47.69789],[8.62834,47.69786],[8.62843,47.69784],[8.6285,47.69781],[8.62856,47.69779],[8.62858,47.69778],[8.62861,47.69775],[8.62863,47.69772],[8.62864,47.69768],[8.62865,47.69764],[8.62865,47.6976],[8.62867,47.69751],[8.62868,47.69744],[8.62868,47.69738],[8.62868,47.69734],[8.62868,47.69731],[8.62867,47.69728],[8.62865,47.69724],[8.62859,47.69715],[8.62853,47.69706],[8.62847,47.69696],[8.62841,47.69689],[8.62838,47.69683],[8.62835,47.69678],[8.62833,47.69673],[8.62832,47.69669],[8.62831,47.69665],[8.6283,47.69662],[8.6283,47.69658],[8.62831,47.69654],[8.62832,47.69651],[8.62833,47.69649],[8.62835,47.69646],[8.62835,47.69645],[8.62838,47.69642],[8.62841,47.69639],[8.62845,47.69635],[8.62852,47.6963],[8.62868,47.69621],[8.62892,47.69606],[8.62909,47.69596],[8.62936,47.69579],[8.62962,47.69563],[8.62973,47.69559],[8.62988,47.69553],[8.63002,47.69549],[8.63015,47.69546],[8.63027,47.69545],[8.63038,47.69544],[8.63046,47.69544],[8.63054,47.69544],[8.63064,47.69546],[8.63074,47.6955],[8.63084,47.69555]]}},{"type":"Feature","properties":{"g":"Schaffhausen","r":300},"geometry":{"type":"LineString","coordinates":[[8.63836,47.69455],[8.63827,47.69464]]}},{"type":"Feature","properties":{"g":"Schaffhausen","r":300},"geometry":{"type":"LineString","coordinates":[[8.63827,47.69464],[8.63822,47.69471]]}},{"type":"Feature","properties":{"g":"Schaffhausen","r":300},"geometry":{"type":"LineString","coordinates":[[8.63822,47.69471],[8.63819,47.69479]]}},{"type":"Feature","properties":{"g":"Schaffhausen","r":300},"geometry":{"type":"LineString","coordinates":[[8.63819,47.69479],[8.6382,47.69488]]}},{"type":"Feature","properties":{"g":"Schaffhausen","r":300},"geometry":{"type":"LineString","coordinates":[[8.6382,47.69488],[8.63822,47.69494]]}},{"type":"Feature","properties":{"g":"Schaffhausen","r":300},"geometry":{"type":"LineString","coordinates":[[8.63822,47.69494],[8.63823,47.69506]]}},{"type":"Feature","properties":{"g":"Schaffhausen","r":300},"geometry":{"type":"LineString","coordinates":[[8.63823,47.69506],[8.63824,47.69529]]}},{"type":"Feature","properties":{"g":"Schaffhausen","r":300},"geometry":{"type":"LineString","coordinates":[[8.63824,47.69533],[8.63822,47.69542]]}},{"type":"Feature","properties":{"g":"Schaffhausen","r":300},"geometry":{"type":"LineString","coordinates":[[8.63822,47.69542],[8.6382,47.69549]]}},{"type":"Feature","properties":{"g":"Schaffhausen","r":300},"geometry":{"type":"LineString","coordinates":[[8.6382,47.69549],[8.63817,47.69555]]}},{"type":"Feature","properties":{"g":"Schaffhausen","r":300},"geometry":{"type":"LineString","coordinates":[[8.63817,47.69555],[8.63812,47.69564]]}},{"type":"Feature","properties":{"g":"Schaffhausen","r":300},"geometry":{"type":"LineString","coordinates":[[8.63812,47.69564],[8.63808,47.69577]]}},{"type":"Feature","properties":{"g":"Schaffhausen","r":300},"geometry":{"type":"LineString","coordinates":[[8.63808,47.69577],[8.63807,47.69582]]}},{"type":"Feature","properties":{"g":"Schaffhausen","r":300},"geometry":{"type":"LineString","coordinates":[[8.63807,47.69582],[8.63806,47.6959]]}},{"type":"Feature","properties":{"g":"Schaffhausen","r":300},"geometry":{"type":"LineString","coordinates":[[8.63749,47.70173],[8.63753,47.70178]]}},{"type":"Feature","properties":{"g":"Schaffhausen","r":300},"geometry":{"type":"LineString","coordinates":[[8.63755,47.70182],[8.63757,47.70188]]}},{"type":"Feature","properties":{"g":"Schaffhausen","r":300},"geometry":{"type":"LineString","coordinates":[[8.63757,47.70188],[8.63759,47.70199]]}},{"type":"Feature","properties":{"g":"Schaffhausen","r":300},"geometry":{"type":"LineString","coordinates":[[8.63759,47.70199],[8.6376,47.7021]]}},{"type":"Feature","properties":{"g":"Schaffhausen","r":300},"geometry":{"type":"LineString","coordinates":[[8.6376,47.7021],[8.63762,47.70223]]}},{"type":"Feature","properties":{"g":"Schaffhausen","r":300},"geometry":{"type":"LineString","coordinates":[[8.63762,47.70223],[8.63763,47.70234]]}},{"type":"Feature","properties":{"g":"Schaffhausen","r":300},"geometry":{"type":"LineString","coordinates":[[8.63763,47.70234],[8.63765,47.70249]]}},{"type":"Feature","properties":{"g":"Schaffhausen","r":300},"geometry":{"type":"LineString","coordinates":[[8.63765,47.70249],[8.63771,47.70273]]}},{"type":"Feature","properties":{"g":"Schaffhausen","r":300},"geometry":{"type":"LineString","coordinates":[[8.63771,47.70273],[8.63779,47.70302]]}},{"type":"Feature","properties":{"g":"Schaffhausen","r":300},"geometry":{"type":"LineString","coordinates":[[8.63779,47.70302],[8.63787,47.70328]]}},{"type":"Feature","properties":{"g":"Schaffhausen","r":300},"geometry":{"type":"LineString","coordinates":[[8.63787,47.70328],[8.63793,47.70354]]}},{"type":"Feature","properties":{"g":"Schaffhausen","r":300},"geometry":{"type":"LineString","coordinates":[[8.63793,47.70354],[8.638,47.70377]]}},{"type":"Feature","properties":{"g":"Schaffhausen","r":300},"geometry":{"type":"LineString","coordinates":[[8.638,47.70377],[8.63807,47.70396]]}},{"type":"Feature","properties":{"g":"Schaffhausen","r":300},"geometry":{"type":"LineString","coordinates":[[8.63807,47.70396],[8.63811,47.70407]]}},{"type":"Feature","properties":{"g":"Schaffhausen","r":300},"geometry":{"type":"LineString","coordinates":[[8.63811,47.70407],[8.63817,47.70422]]}},{"type":"Feature","properties":{"g":"Schaffhausen","r":300},"geometry":{"type":"LineString","coordinates":[[8.63817,47.70422],[8.63825,47.70439]]}},{"type":"Feature","properties":{"g":"Schaffhausen","r":300},"geometry":{"type":"LineString","coordinates":[[8.63825,47.70439],[8.63834,47.70456]]}},{"type":"Feature","properties":{"g":"Schaffhausen","r":300},"geometry":{"type":"LineString","coordinates":[[8.63834,47.70456],[8.63844,47.70473]]}},{"type":"Feature","properties":{"g":"Schaffhausen","r":300},"geometry":{"type":"LineString","coordinates":[[8.63844,47.70473],[8.63854,47.70488]]}},{"type":"Feature","properties":{"g":"Schaffhausen","r":300},"geometry":{"type":"LineString","coordinates":[[8.63854,47.70488],[8.63873,47.70518]]}},{"type":"Feature","properties":{"g":"Schaffhausen","r":300},"geometry":{"type":"LineString","coordinates":[[8.63873,47.70518],[8.63887,47.70541]]}},{"type":"Feature","properties":{"g":"Schaffhausen","r":300},"geometry":{"type":"LineString","coordinates":[[8.63887,47.70541],[8.63901,47.70564]]}},{"type":"Feature","properties":{"g":"Schaffhausen","r":300},"geometry":{"type":"LineString","coordinates":[[8.63901,47.70564],[8.63915,47.70586]]}},{"type":"Feature","properties":{"g":"Schaffhausen","r":300},"geometry":{"type":"LineString","coordinates":[[8.63915,47.70586],[8.63924,47.70599]]}},{"type":"Feature","properties":{"g":"Schaffhausen","r":300},"geometry":{"type":"LineString","coordinates":[[8.63924,47.70599],[8.63933,47.70612]]}},{"type":"Feature","properties":{"g":"Schaffhausen","r":300},"geometry":{"type":"LineString","coordinates":[[8.63933,47.70612],[8.6394,47.70622]]}},{"type":"Feature","properties":{"g":"Schaffhausen","r":300},"geometry":{"type":"LineString","coordinates":[[8.6394,47.70622],[8.63953,47.70642]]}},{"type":"Feature","properties":{"g":"Schaffhausen","r":300},"geometry":{"type":"LineString","coordinates":[[8.63953,47.70642],[8.63965,47.7066]]}},{"type":"Feature","properties":{"g":"Schaffhausen","r":300},"geometry":{"type":"LineString","coordinates":[[8.63965,47.7066],[8.63972,47.70673]]}},{"type":"Feature","properties":{"g":"Schaffhausen","r":300},"geometry":{"type":"LineString","coordinates":[[8.63828,47.72446],[8.63844,47.72461]]}},{"type":"Feature","properties":{"g":"Schaffhausen","r":300},"geometry":{"type":"LineString","coordinates":[[8.58908,47.73236],[8.58916,47.73224],[8.58936,47.73191]]}},{"type":"Feature","properties":{"g":"Schaffhausen","r":300},"geometry":{"type":"LineString","coordinates":[[8.64679,47.70819],[8.64694,47.70829]]}},{"type":"Feature","properties":{"g":"Schaffhausen","r":300},"geometry":{"type":"LineString","coordinates":[[8.64694,47.70829],[8.64706,47.70834]]}},{"type":"Feature","properties":{"g":"Schaffhausen","r":300},"geometry":{"type":"LineString","coordinates":[[8.64706,47.70834],[8.64733,47.70842]]}},{"type":"Feature","properties":{"g":"Schaffhausen","r":300},"geometry":{"type":"LineString","coordinates":[[8.64733,47.70842],[8.64762,47.70854]]}},{"type":"Feature","properties":{"g":"Schaffhausen","r":300},"geometry":{"type":"LineString","coordinates":[[8.64762,47.70854],[8.64806,47.70875]]}},{"type":"Feature","properties":{"g":"Schaffhausen","r":300},"geometry":{"type":"LineString","coordinates":[[8.64806,47.70875],[8.64851,47.70897]]}},{"type":"Feature","properties":{"g":"Schaffhausen","r":300},"geometry":{"type":"LineString","coordinates":[[8.62754,47.70721],[8.62755,47.70717],[8.62757,47.70712],[8.62757,47.70707],[8.62757,47.70703],[8.62757,47.70698],[8.62755,47.70684],[8.62751,47.70664],[8.62749,47.70643]]}},{"type":"Feature","properties":{"g":"Schaffhausen","r":300},"geometry":{"type":"LineString","coordinates":[[8.63176,47.69358],[8.63189,47.69356]]}},{"type":"Feature","properties":{"g":"Schaffhausen","r":300},"geometry":{"type":"LineString","coordinates":[[8.63189,47.69356],[8.63198,47.69354]]}},{"type":"Feature","properties":{"g":"Schaffhausen","r":300},"geometry":{"type":"LineString","coordinates":[[8.63198,47.69354],[8.63211,47.69353]]}},{"type":"Feature","properties":{"g":"Schaffhausen","r":300},"geometry":{"type":"LineString","coordinates":[[8.63211,47.69353],[8.63228,47.6935]]}},{"type":"Feature","properties":{"g":"Schaffhausen","r":300},"geometry":{"type":"LineString","coordinates":[[8.63228,47.6935],[8.63246,47.69349]]}},{"type":"Feature","properties":{"g":"Schaffhausen","r":300},"geometry":{"type":"LineString","coordinates":[[8.63246,47.69349],[8.63266,47.69348]]}},{"type":"Feature","properties":{"g":"Schaffhausen","r":300},"geometry":{"type":"LineString","coordinates":[[8.63266,47.69348],[8.63285,47.69347]]}},{"type":"Feature","properties":{"g":"Schaffhausen","r":300},"geometry":{"type":"LineString","coordinates":[[8.63285,47.69347],[8.63305,47.69347]]}},{"type":"Feature","properties":{"g":"Schaffhausen","r":300},"geometry":{"type":"LineString","coordinates":[[8.62709,47.69308],[8.62716,47.69307]]}},{"type":"Feature","properties":{"g":"Schaffhausen","r":300},"geometry":{"type":"LineString","coordinates":[[8.62716,47.69307],[8.62723,47.69306]]}},{"type":"Feature","properties":{"g":"Schaffhausen","r":300},"geometry":{"type":"LineString","coordinates":[[8.62723,47.69306],[8.62731,47.69305]]}},{"type":"Feature","properties":{"g":"Schaffhausen","r":300},"geometry":{"type":"LineString","coordinates":[[8.62731,47.69305],[8.62739,47.69304]]}},{"type":"Feature","properties":{"g":"Schaffhausen","r":300},"geometry":{"type":"LineString","coordinates":[[8.62739,47.69304],[8.62752,47.69303]]}},{"type":"Feature","properties":{"g":"Schaffhausen","r":300},"geometry":{"type":"LineString","coordinates":[[8.62752,47.69303],[8.62767,47.69301]]}},{"type":"Feature","properties":{"g":"Schaffhausen","r":300},"geometry":{"type":"LineString","coordinates":[[8.62767,47.69301],[8.62774,47.69301]]}},{"type":"Feature","properties":{"g":"Schaffhausen","r":300},"geometry":{"type":"LineString","coordinates":[[8.62774,47.69301],[8.62784,47.69302]]}},{"type":"Feature","properties":{"g":"Schaffhausen","r":300},"geometry":{"type":"LineString","coordinates":[[8.62784,47.69302],[8.62798,47.69303]]}},{"type":"Feature","properties":{"g":"Schaffhausen","r":300},"geometry":{"type":"LineString","coordinates":[[8.62798,47.69303],[8.62809,47.69304]]}},{"type":"Feature","properties":{"g":"Schaffhausen","r":300},"geometry":{"type":"LineString","coordinates":[[8.62809,47.69304],[8.62822,47.69307]]}},{"type":"Feature","properties":{"g":"Schaffhausen","r":300},"geometry":{"type":"LineString","coordinates":[[8.62822,47.69307],[8.62832,47.69309]]}},{"type":"Feature","properties":{"g":"Schaffhausen","r":300},"geometry":{"type":"LineString","coordinates":[[8.62832,47.69309],[8.62847,47.69314]]}},{"type":"Feature","properties":{"g":"Schaffhausen","r":300},"geometry":{"type":"LineString","coordinates":[[8.62847,47.69314],[8.62867,47.69321]]}},{"type":"Feature","properties":{"g":"Schaffhausen","r":300},"geometry":{"type":"LineString","coordinates":[[8.62867,47.69321],[8.6288,47.69326]]}},{"type":"Feature","properties":{"g":"Schaffhausen","r":300},"geometry":{"type":"LineString","coordinates":[[8.6288,47.69326],[8.62888,47.6933]]}},{"type":"Feature","properties":{"g":"Schaffhausen","r":300},"geometry":{"type":"LineString","coordinates":[[8.63993,47.69513],[8.64018,47.69526]]}},{"type":"Feature","properties":{"g":"Schaffhausen","r":300},"geometry":{"type":"LineString","coordinates":[[8.64018,47.69526],[8.64036,47.69535]]}},{"type":"Feature","properties":{"g":"Schaffhausen","r":300},"geometry":{"type":"LineString","coordinates":[[8.64036,47.69535],[8.64055,47.69547]]}},{"type":"Feature","properties":{"g":"Schaffhausen","r":300},"geometry":{"type":"LineString","coordinates":[[8.64055,47.69547],[8.64067,47.69554]]}},{"type":"Feature","properties":{"g":"Schaffhausen","r":300},"geometry":{"type":"LineString","coordinates":[[8.64067,47.69554],[8.64076,47.69561]]}},{"type":"Feature","properties":{"g":"Schaffhausen","r":300},"geometry":{"type":"LineString","coordinates":[[8.64076,47.69561],[8.64088,47.69568]]}},{"type":"Feature","properties":{"g":"Schaffhausen","r":300},"geometry":{"type":"LineString","coordinates":[[8.64088,47.69568],[8.64096,47.69571]]}},{"type":"Feature","properties":{"g":"Schaffhausen","r":300},"geometry":{"type":"LineString","coordinates":[[8.64096,47.69571],[8.64106,47.69575]]}},{"type":"Feature","properties":{"g":"Schaffhausen","r":300},"geometry":{"type":"LineString","coordinates":[[8.64106,47.69575],[8.64118,47.69578]]}},{"type":"Feature","properties":{"g":"Schaffhausen","r":300},"geometry":{"type":"LineString","coordinates":[[8.64375,47.69571],[8.64376,47.69565]]}},{"type":"Feature","properties":{"g":"Schaffhausen","r":300},"geometry":{"type":"LineString","coordinates":[[8.64378,47.6956],[8.6438,47.69555]]}},{"type":"Feature","properties":{"g":"Schaffhausen","r":300},"geometry":{"type":"LineString","coordinates":[[8.63984,47.69509],[8.64011,47.69488]]}},{"type":"Feature","properties":{"g":"Schaffhausen","r":300},"geometry":{"type":"LineString","coordinates":[[8.64011,47.69488],[8.64044,47.69465]]}},{"type":"Feature","properties":{"g":"Schaffhausen","r":300},"geometry":{"type":"LineString","coordinates":[[8.64044,47.69465],[8.64103,47.69424]]}},{"type":"Feature","properties":{"g":"Schaffhausen","r":300},"geometry":{"type":"LineString","coordinates":[[8.65232,47.71706],[8.65221,47.71703]]}},{"type":"Feature","properties":{"g":"Schaffhausen","r":300},"geometry":{"type":"LineString","coordinates":[[8.65221,47.71703],[8.65213,47.71701]]}},{"type":"Feature","properties":{"g":"Schaffhausen","r":300},"geometry":{"type":"LineString","coordinates":[[8.65213,47.71701],[8.65202,47.717]]}},{"type":"Feature","properties":{"g":"Schaffhausen","r":300},"geometry":{"type":"LineString","coordinates":[[8.65198,47.717],[8.65186,47.71698]]}},{"type":"Feature","properties":{"g":"Schaffhausen","r":300},"geometry":{"type":"LineString","coordinates":[[8.65186,47.71698],[8.65174,47.71698]]}},{"type":"Feature","properties":{"g":"Schaffhausen","r":300},"geometry":{"type":"LineString","coordinates":[[8.64991,47.71738],[8.64992,47.71746]]}},{"type":"Feature","properties":{"g":"Schaffhausen","r":300},"geometry":{"type":"LineString","coordinates":[[8.64992,47.71746],[8.64993,47.71751]]}},{"type":"Feature","properties":{"g":"Schaffhausen","r":300},"geometry":{"type":"LineString","coordinates":[[8.64993,47.71751],[8.64999,47.7176]]}},{"type":"Feature","properties":{"g":"Schaffhausen","r":300},"geometry":{"type":"LineString","coordinates":[[8.65289,47.71725],[8.65276,47.71721]]}},{"type":"Feature","properties":{"g":"Schaffhausen","r":300},"geometry":{"type":"LineString","coordinates":[[8.65276,47.71721],[8.65247,47.71711]]}},{"type":"Feature","properties":{"g":"Schaffhausen","r":300},"geometry":{"type":"LineString","coordinates":[[8.65247,47.71711],[8.65232,47.71706]]}},{"type":"Feature","properties":{"g":"Schaffhausen","r":300},"geometry":{"type":"LineString","coordinates":[[8.62365,47.69271],[8.62401,47.69274]]}},{"type":"Feature","properties":{"g":"Schaffhausen","r":300},"geometry":{"type":"LineString","coordinates":[[8.62401,47.69274],[8.62435,47.6928]]}},{"type":"Feature","properties":{"g":"Schaffhausen","r":300},"geometry":{"type":"LineString","coordinates":[[8.62438,47.6928],[8.62471,47.69284]]}},{"type":"Feature","properties":{"g":"Schaffhausen","r":300},"geometry":{"type":"LineString","coordinates":[[8.62471,47.69284],[8.62544,47.69294]]}},{"type":"Feature","properties":{"g":"Schaffhausen","r":300},"geometry":{"type":"LineString","coordinates":[[8.62544,47.69294],[8.62631,47.69306]]}},{"type":"Feature","properties":{"g":"Schaffhausen","r":300},"geometry":{"type":"LineString","coordinates":[[8.62631,47.69306],[8.62641,47.69308]]}},{"type":"Feature","properties":{"g":"Schaffhausen","r":300},"geometry":{"type":"LineString","coordinates":[[8.62641,47.69308],[8.62648,47.69309]]}},{"type":"Feature","properties":{"g":"Schaffhausen","r":300},"geometry":{"type":"LineString","coordinates":[[8.62648,47.69309],[8.62655,47.6931]]}},{"type":"Feature","properties":{"g":"Schaffhausen","r":300},"geometry":{"type":"LineString","coordinates":[[8.62655,47.6931],[8.62663,47.6931]]}},{"type":"Feature","properties":{"g":"Schaffhausen","r":300},"geometry":{"type":"LineString","coordinates":[[8.62669,47.69311],[8.62676,47.69311]]}},{"type":"Feature","properties":{"g":"Schaffhausen","r":300},"geometry":{"type":"LineString","coordinates":[[8.66265,47.72335],[8.66288,47.72362],[8.66292,47.72366],[8.66295,47.7237],[8.66297,47.72374],[8.66298,47.72377],[8.66298,47.72379],[8.66296,47.72395],[8.66295,47.72404],[8.66294,47.72407],[8.66295,47.72412],[8.66296,47.72418],[8.66298,47.72425],[8.663,47.72433],[8.66304,47.72446],[8.66307,47.72453],[8.66307,47.72456],[8.66307,47.7246],[8.66306,47.72465],[8.66303,47.7247],[8.66299,47.72476],[8.66294,47.72484],[8.66289,47.7249],[8.66286,47.72494],[8.66285,47.72496],[8.66283,47.72501],[8.66281,47.72506],[8.66278,47.72515],[8.66273,47.72523],[8.66268,47.7253],[8.66262,47.7254],[8.66257,47.72551],[8.66255,47.72556]]}},{"type":"Feature","properties":{"g":"Schaffhausen","r":300},"geometry":{"type":"LineString","coordinates":[[8.66255,47.72556],[8.66246,47.72574],[8.66233,47.72599],[8.6623,47.72609],[8.66227,47.72618],[8.66224,47.72625],[8.66216,47.72639],[8.66204,47.72663],[8.66184,47.72704],[8.66176,47.72722],[8.6617,47.72732],[8.66162,47.72745],[8.66148,47.72767],[8.66131,47.72791],[8.6613,47.72792]]}},{"type":"Feature","properties":{"g":"Schaffhausen","r":300},"geometry":{"type":"LineString","coordinates":[[8.65306,47.71727],[8.65298,47.71726]]}},{"type":"Feature","properties":{"g":"Schaffhausen","r":300},"geometry":{"type":"LineString","coordinates":[[8.65298,47.71726],[8.65289,47.71725]]}},{"type":"Feature","properties":{"g":"Schaffhausen","r":300},"geometry":{"type":"LineString","coordinates":[[8.6504,47.71837],[8.65044,47.71849]]}},{"type":"Feature","properties":{"g":"Schaffhausen","r":300},"geometry":{"type":"LineString","coordinates":[[8.65044,47.71849],[8.65048,47.71865]]}},{"type":"Feature","properties":{"g":"Schaffhausen","r":300},"geometry":{"type":"LineString","coordinates":[[8.63084,47.69555],[8.63086,47.69556],[8.63093,47.69561],[8.63097,47.69566],[8.63101,47.69575],[8.63102,47.69579],[8.63104,47.69586],[8.63112,47.69625],[8.63115,47.69637],[8.63119,47.69643],[8.63123,47.6965],[8.63129,47.69658]]}},{"type":"Feature","properties":{"g":"Schaffhausen","r":300},"geometry":{"type":"LineString","coordinates":[[8.62757,47.69867],[8.62758,47.69863],[8.62758,47.6986],[8.62758,47.69854],[8.62758,47.69847],[8.62758,47.69839],[8.62759,47.69833],[8.6276,47.69829],[8.62762,47.69825],[8.62765,47.6982],[8.62769,47.69816],[8.62774,47.69811],[8.62778,47.69807],[8.62781,47.69805],[8.62784,47.69802],[8.62786,47.69801],[8.62789,47.69799]]}},{"type":"Feature","properties":{"g":"Schaffhausen","r":300},"geometry":{"type":"LineString","coordinates":[[8.62675,47.6999],[8.62684,47.69977],[8.6271,47.69938],[8.62721,47.69921],[8.62731,47.69907],[8.62739,47.69894],[8.62748,47.69881],[8.62754,47.69872],[8.62757,47.69867]]}},{"type":"Feature","properties":{"g":"Schaffhausen","r":300},"geometry":{"type":"LineString","coordinates":[[8.62888,47.6933],[8.62904,47.69337]]}},{"type":"Feature","properties":{"g":"Schaffhausen","r":300},"geometry":{"type":"LineString","coordinates":[[8.62904,47.69337],[8.62923,47.69346]]}},{"type":"Feature","properties":{"g":"Schaffhausen","r":300},"geometry":{"type":"LineString","coordinates":[[8.62923,47.69346],[8.62938,47.69353]]}},{"type":"Feature","properties":{"g":"Schaffhausen","r":300},"geometry":{"type":"LineString","coordinates":[[8.62938,47.69353],[8.62951,47.69359]]}},{"type":"Feature","properties":{"g":"Schaffhausen","r":300},"geometry":{"type":"LineString","coordinates":[[8.62951,47.69359],[8.62961,47.69363]]}},{"type":"Feature","properties":{"g":"Schaffhausen","r":300},"geometry":{"type":"LineString","coordinates":[[8.62961,47.69363],[8.6297,47.69366]]}},{"type":"Feature","properties":{"g":"Schaffhausen","r":300},"geometry":{"type":"LineString","coordinates":[[8.6297,47.69366],[8.62978,47.69368]]}},{"type":"Feature","properties":{"g":"Schaffhausen","r":300},"geometry":{"type":"LineString","coordinates":[[8.62978,47.69368],[8.62988,47.69369]]}},{"type":"Feature","properties":{"g":"Schaffhausen","r":300},"geometry":{"type":"LineString","coordinates":[[8.62988,47.69369],[8.62999,47.6937]]}},{"type":"Feature","properties":{"g":"Schaffhausen","r":300},"geometry":{"type":"LineString","coordinates":[[8.62999,47.6937],[8.63019,47.6937]]}},{"type":"Feature","properties":{"g":"Schaffhausen","r":300},"geometry":{"type":"LineString","coordinates":[[8.63019,47.6937],[8.63032,47.69371]]}},{"type":"Feature","properties":{"g":"Schaffhausen","r":300},"geometry":{"type":"LineString","coordinates":[[8.63032,47.69371],[8.63045,47.69371]]}},{"type":"Feature","properties":{"g":"Schaffhausen","r":300},"geometry":{"type":"LineString","coordinates":[[8.63045,47.69371],[8.6306,47.69371]]}},{"type":"Feature","properties":{"g":"Schaffhausen","r":300},"geometry":{"type":"LineString","coordinates":[[8.6306,47.69371],[8.63075,47.69371]]}},{"type":"Feature","properties":{"g":"Schaffhausen","r":300},"geometry":{"type":"LineString","coordinates":[[8.63075,47.69371],[8.63091,47.69369]]}},{"type":"Feature","properties":{"g":"Schaffhausen","r":300},"geometry":{"type":"LineString","coordinates":[[8.63091,47.69369],[8.63106,47.69367]]}},{"type":"Feature","properties":{"g":"Schaffhausen","r":300},"geometry":{"type":"LineString","coordinates":[[8.63106,47.69367],[8.63126,47.69365]]}},{"type":"Feature","properties":{"g":"Schaffhausen","r":300},"geometry":{"type":"LineString","coordinates":[[8.63126,47.69365],[8.63149,47.69362]]}},{"type":"Feature","properties":{"g":"Schaffhausen","r":300},"geometry":{"type":"LineString","coordinates":[[8.63149,47.69362],[8.63159,47.69361]]}},{"type":"Feature","properties":{"g":"Schaffhausen","r":300},"geometry":{"type":"LineString","coordinates":[[8.63159,47.69361],[8.63171,47.69359]]}},{"type":"Feature","properties":{"g":"Schaffhausen","r":300},"geometry":{"type":"LineString","coordinates":[[8.6274,47.70461],[8.6274,47.70439],[8.6274,47.70427],[8.62741,47.70416],[8.62742,47.70377],[8.62743,47.70347],[8.62744,47.70327],[8.62744,47.70325]]}},{"type":"Feature","properties":{"g":"Schaffhausen","r":300},"geometry":{"type":"LineString","coordinates":[[8.62749,47.70643],[8.62748,47.70627],[8.62746,47.706],[8.62743,47.70582],[8.62741,47.70559],[8.6274,47.70543],[8.6274,47.70533],[8.62739,47.7053],[8.62739,47.70524],[8.62739,47.70496],[8.6274,47.70461]]}},{"type":"Feature","properties":{"g":"Schaffhausen","r":300},"geometry":{"type":"LineString","coordinates":[[8.62161,47.71503],[8.62193,47.71472],[8.62227,47.7144],[8.62233,47.71433],[8.6228,47.71388],[8.62301,47.71369],[8.62317,47.71356],[8.62344,47.71336],[8.6238,47.71312],[8.62405,47.71296],[8.62407,47.71294],[8.62411,47.71291],[8.62414,47.71289],[8.62419,47.71285],[8.62424,47.7128],[8.62428,47.71275],[8.62433,47.7127],[8.62437,47.71264],[8.6244,47.71259],[8.62443,47.71254],[8.62446,47.71248],[8.62451,47.71234],[8.62455,47.71225],[8.62483,47.71158],[8.62498,47.71125],[8.62518,47.71081],[8.62539,47.71036],[8.62554,47.71004],[8.62559,47.70992],[8.62566,47.70976],[8.6257,47.70967],[8.62572,47.70961],[8.62575,47.70954],[8.62576,47.70947],[8.62578,47.7094],[8.6258,47.70932],[8.62584,47.70923],[8.62587,47.70915],[8.6259,47.70908],[8.62594,47.70902],[8.62599,47.70895],[8.62602,47.70892],[8.62605,47.70888],[8.6261,47.70883],[8.62614,47.70879],[8.62617,47.70876],[8.62618,47.70872],[8.62617,47.70867]]}},{"type":"Feature","properties":{"g":"Schaffhausen","r":300},"geometry":{"type":"LineString","coordinates":[[8.58936,47.73191],[8.58944,47.73176],[8.58949,47.73166],[8.58954,47.73158],[8.58957,47.73149],[8.58967,47.73126],[8.5898,47.73097],[8.58991,47.7307],[8.58995,47.73061],[8.58999,47.73052],[8.59004,47.73043],[8.59009,47.73033],[8.59016,47.73022],[8.59023,47.73011],[8.59029,47.73004],[8.59037,47.72991],[8.59051,47.72972],[8.59064,47.72952],[8.59071,47.72942]]}},{"type":"Feature","properties":{"g":"Schaffhausen","r":300},"geometry":{"type":"LineString","coordinates":[[8.65042,47.71727],[8.65031,47.71729]]}},{"type":"Feature","properties":{"g":"Schaffhausen","r":300},"geometry":{"type":"LineString","coordinates":[[8.65031,47.71729],[8.65019,47.7173]]}},{"type":"Feature","properties":{"g":"Schaffhausen","r":300},"geometry":{"type":"LineString","coordinates":[[8.65019,47.7173],[8.65008,47.7173]]}},{"type":"Feature","properties":{"g":"Schaffhausen","r":300},"geometry":{"type":"LineString","coordinates":[[8.65008,47.7173],[8.64991,47.71734]]}},{"type":"Feature","properties":{"g":"Schaffhausen","r":300},"geometry":{"type":"LineString","coordinates":[[8.63492,47.70196],[8.63494,47.70214]]}},{"type":"Feature","properties":{"g":"Schaffhausen","r":300},"geometry":{"type":"LineString","coordinates":[[8.63494,47.70214],[8.63496,47.70225]]}},{"type":"Feature","properties":{"g":"Schaffhausen","r":300},"geometry":{"type":"LineString","coordinates":[[8.63496,47.70225],[8.63498,47.70232]]}},{"type":"Feature","properties":{"g":"Schaffhausen","r":300},"geometry":{"type":"LineString","coordinates":[[8.63498,47.70232],[8.63502,47.70243]]}},{"type":"Feature","properties":{"g":"Schaffhausen","r":300},"geometry":{"type":"LineString","coordinates":[[8.63502,47.70243],[8.63505,47.70251]]}},{"type":"Feature","properties":{"g":"Schaffhausen","r":300},"geometry":{"type":"LineString","coordinates":[[8.63505,47.70251],[8.6351,47.7026]]}},{"type":"Feature","properties":{"g":"Schaffhausen","r":300},"geometry":{"type":"LineString","coordinates":[[8.6351,47.7026],[8.63515,47.70269]]}},{"type":"Feature","properties":{"g":"Schaffhausen","r":300},"geometry":{"type":"LineString","coordinates":[[8.63515,47.70269],[8.63527,47.7029]]}},{"type":"Feature","properties":{"g":"Schaffhausen","r":300},"geometry":{"type":"LineString","coordinates":[[8.63527,47.7029],[8.63546,47.70319]]}},{"type":"Feature","properties":{"g":"Schaffhausen","r":300},"geometry":{"type":"LineString","coordinates":[[8.63546,47.70319],[8.63557,47.70336]]}},{"type":"Feature","properties":{"g":"Schaffhausen","r":300},"geometry":{"type":"LineString","coordinates":[[8.63557,47.70336],[8.63563,47.70345]]}},{"type":"Feature","properties":{"g":"Schaffhausen","r":300},"geometry":{"type":"LineString","coordinates":[[8.63563,47.70345],[8.63566,47.70352]]}},{"type":"Feature","properties":{"g":"Schaffhausen","r":300},"geometry":{"type":"LineString","coordinates":[[8.63566,47.70352],[8.63571,47.70363]]}},{"type":"Feature","properties":{"g":"Schaffhausen","r":300},"geometry":{"type":"LineString","coordinates":[[8.63573,47.70367],[8.63576,47.70372]]}},{"type":"Feature","properties":{"g":"Schaffhausen","r":300},"geometry":{"type":"LineString","coordinates":[[8.63576,47.70372],[8.63582,47.70385]]}},{"type":"Feature","properties":{"g":"Schaffhausen","r":300},"geometry":{"type":"LineString","coordinates":[[8.63582,47.70385],[8.63588,47.704]]}},{"type":"Feature","properties":{"g":"Schaffhausen","r":300},"geometry":{"type":"LineString","coordinates":[[8.63588,47.704],[8.63591,47.70408]]}},{"type":"Feature","properties":{"g":"Schaffhausen","r":300},"geometry":{"type":"LineString","coordinates":[[8.63591,47.70408],[8.63604,47.70439]]}},{"type":"Feature","properties":{"g":"Schaffhausen","r":300},"geometry":{"type":"LineString","coordinates":[[8.63604,47.70439],[8.63609,47.7045]]}},{"type":"Feature","properties":{"g":"Schaffhausen","r":300},"geometry":{"type":"LineString","coordinates":[[8.63609,47.7045],[8.63615,47.70464]]}},{"type":"Feature","properties":{"g":"Schaffhausen","r":300},"geometry":{"type":"LineString","coordinates":[[8.63615,47.70464],[8.63623,47.70484]]}},{"type":"Feature","properties":{"g":"Schaffhausen","r":300},"geometry":{"type":"LineString","coordinates":[[8.63623,47.70484],[8.63632,47.70504]]}},{"type":"Feature","properties":{"g":"Schaffhausen","r":300},"geometry":{"type":"LineString","coordinates":[[8.63632,47.70504],[8.63636,47.70515]]}},{"type":"Feature","properties":{"g":"Schaffhausen","r":300},"geometry":{"type":"LineString","coordinates":[[8.63636,47.70515],[8.63646,47.70537]]}},{"type":"Feature","properties":{"g":"Schaffhausen","r":300},"geometry":{"type":"LineString","coordinates":[[8.63646,47.70537],[8.63663,47.7058]]}},{"type":"Feature","properties":{"g":"Schaffhausen","r":300},"geometry":{"type":"LineString","coordinates":[[8.63663,47.7058],[8.63674,47.70604]]}},{"type":"Feature","properties":{"g":"Schaffhausen","r":300},"geometry":{"type":"LineString","coordinates":[[8.63674,47.70604],[8.63682,47.7062]]}},{"type":"Feature","properties":{"g":"Schaffhausen","r":300},"geometry":{"type":"LineString","coordinates":[[8.63682,47.7062],[8.63687,47.7063]]}},{"type":"Feature","properties":{"g":"Schaffhausen","r":300},"geometry":{"type":"LineString","coordinates":[[8.63687,47.7063],[8.63695,47.70645]]}},{"type":"Feature","properties":{"g":"Schaffhausen","r":300},"geometry":{"type":"LineString","coordinates":[[8.63695,47.70645],[8.63708,47.70668]]}},{"type":"Feature","properties":{"g":"Schaffhausen","r":300},"geometry":{"type":"LineString","coordinates":[[8.63708,47.70668],[8.63726,47.70699]]}},{"type":"Feature","properties":{"g":"Schaffhausen","r":300},"geometry":{"type":"LineString","coordinates":[[8.63726,47.70699],[8.63743,47.70725]]}},{"type":"Feature","properties":{"g":"Schaffhausen","r":300},"geometry":{"type":"LineString","coordinates":[[8.63743,47.70725],[8.63757,47.70743]]}},{"type":"Feature","properties":{"g":"Schaffhausen","r":300},"geometry":{"type":"LineString","coordinates":[[8.63757,47.70743],[8.63775,47.70765]]}},{"type":"Feature","properties":{"g":"Schaffhausen","r":300},"geometry":{"type":"LineString","coordinates":[[8.63775,47.70765],[8.63797,47.70791]]}},{"type":"Feature","properties":{"g":"Schaffhausen","r":300},"geometry":{"type":"LineString","coordinates":[[8.63797,47.70791],[8.63809,47.70808]]}},{"type":"Feature","properties":{"g":"Schaffhausen","r":300},"geometry":{"type":"LineString","coordinates":[[8.6366,47.70133],[8.63667,47.70143]]}},{"type":"Feature","properties":{"g":"Schaffhausen","r":300},"geometry":{"type":"LineString","coordinates":[[8.63667,47.70143],[8.6368,47.70152]]}},{"type":"Feature","properties":{"g":"Schaffhausen","r":300},"geometry":{"type":"LineString","coordinates":[[8.6368,47.70152],[8.63694,47.70159]]}},{"type":"Feature","properties":{"g":"Schaffhausen","r":300},"geometry":{"type":"LineString","coordinates":[[8.63694,47.70159],[8.63703,47.70162]]}},{"type":"Feature","properties":{"g":"Schaffhausen","r":300},"geometry":{"type":"LineString","coordinates":[[8.63707,47.70163],[8.63717,47.70165]]}},{"type":"Feature","properties":{"g":"Schaffhausen","r":300},"geometry":{"type":"LineString","coordinates":[[8.63717,47.70165],[8.63726,47.70167]]}},{"type":"Feature","properties":{"g":"Schaffhausen","r":300},"geometry":{"type":"LineString","coordinates":[[8.63726,47.70167],[8.63734,47.70168]]}},{"type":"Feature","properties":{"g":"Schaffhausen","r":300},"geometry":{"type":"LineString","coordinates":[[8.6374,47.70169],[8.63746,47.70171]]}},{"type":"Feature","properties":{"g":"Schaffhausen","r":300},"geometry":{"type":"LineString","coordinates":[[8.63791,47.69648],[8.63782,47.69683]]}},{"type":"Feature","properties":{"g":"Schaffhausen","r":300},"geometry":{"type":"LineString","coordinates":[[8.63782,47.69683],[8.63778,47.697]]}},{"type":"Feature","properties":{"g":"Schaffhausen","r":300},"geometry":{"type":"LineString","coordinates":[[8.63778,47.697],[8.63772,47.69726]]}},{"type":"Feature","properties":{"g":"Schaffhausen","r":300},"geometry":{"type":"LineString","coordinates":[[8.63772,47.69726],[8.63765,47.69748]]}},{"type":"Feature","properties":{"g":"Schaffhausen","r":300},"geometry":{"type":"LineString","coordinates":[[8.63305,47.69347],[8.63328,47.69348]]}},{"type":"Feature","properties":{"g":"Schaffhausen","r":300},"geometry":{"type":"LineString","coordinates":[[8.63328,47.69348],[8.63412,47.6935]]}},{"type":"Feature","properties":{"g":"Schaffhausen","r":300},"geometry":{"type":"LineString","coordinates":[[8.63412,47.6935],[8.63462,47.69352]]}},{"type":"Feature","properties":{"g":"Schaffhausen","r":300},"geometry":{"type":"LineString","coordinates":[[8.63462,47.69352],[8.63484,47.69352]]}},{"type":"Feature","properties":{"g":"Schaffhausen","r":300},"geometry":{"type":"LineString","coordinates":[[8.63484,47.69352],[8.635,47.69353]]}},{"type":"Feature","properties":{"g":"Schaffhausen","r":300},"geometry":{"type":"LineString","coordinates":[[8.635,47.69353],[8.63513,47.69354]]}},{"type":"Feature","properties":{"g":"Schaffhausen","r":300},"geometry":{"type":"LineString","coordinates":[[8.63513,47.69354],[8.63521,47.69355]]}},{"type":"Feature","properties":{"g":"Schaffhausen","r":300},"geometry":{"type":"LineString","coordinates":[[8.63521,47.69355],[8.6354,47.69358]]}},{"type":"Feature","properties":{"g":"Schaffhausen","r":300},"geometry":{"type":"LineString","coordinates":[[8.6354,47.69358],[8.63563,47.69361]]}},{"type":"Feature","properties":{"g":"Schaffhausen","r":300},"geometry":{"type":"LineString","coordinates":[[8.63563,47.69361],[8.6358,47.69364]]}},{"type":"Feature","properties":{"g":"Schaffhausen","r":300},"geometry":{"type":"LineString","coordinates":[[8.6358,47.69364],[8.636,47.69368]]}},{"type":"Feature","properties":{"g":"Schaffhausen","r":300},"geometry":{"type":"LineString","coordinates":[[8.636,47.69368],[8.63623,47.69374]]}},{"type":"Feature","properties":{"g":"Schaffhausen","r":300},"geometry":{"type":"LineString","coordinates":[[8.63623,47.69374],[8.63641,47.6938]]}},{"type":"Feature","properties":{"g":"Schaffhausen","r":300},"geometry":{"type":"LineString","coordinates":[[8.63641,47.6938],[8.63657,47.69385]]}},{"type":"Feature","properties":{"g":"Schaffhausen","r":300},"geometry":{"type":"LineString","coordinates":[[8.63657,47.69385],[8.63673,47.69391]]}},{"type":"Feature","properties":{"g":"Schaffhausen","r":300},"geometry":{"type":"LineString","coordinates":[[8.63673,47.69391],[8.6369,47.69397]]}},{"type":"Feature","properties":{"g":"Schaffhausen","r":300},"geometry":{"type":"LineString","coordinates":[[8.6369,47.69397],[8.63709,47.69404]]}},{"type":"Feature","properties":{"g":"Schaffhausen","r":300},"geometry":{"type":"LineString","coordinates":[[8.63709,47.69404],[8.63729,47.69412]]}},{"type":"Feature","properties":{"g":"Schaffhausen","r":300},"geometry":{"type":"LineString","coordinates":[[8.63729,47.69412],[8.63751,47.6942]]}},{"type":"Feature","properties":{"g":"Schaffhausen","r":300},"geometry":{"type":"LineString","coordinates":[[8.63751,47.6942],[8.63783,47.69433]]}},{"type":"Feature","properties":{"g":"Schaffhausen","r":300},"geometry":{"type":"LineString","coordinates":[[8.63783,47.69433],[8.63836,47.69455]]}},{"type":"Feature","properties":{"g":"Schaffhausen","r":300},"geometry":{"type":"LineString","coordinates":[[8.63177,47.69404],[8.63178,47.69397],[8.63179,47.6939],[8.63179,47.69384],[8.63178,47.6938],[8.63178,47.69377],[8.63177,47.69373],[8.63175,47.69368],[8.63173,47.69363],[8.63171,47.69359]]}},{"type":"Feature","properties":{"g":"Schaffhausen","r":300},"geometry":{"type":"LineString","coordinates":[[8.64023,47.70649],[8.64025,47.70643]]}},{"type":"Feature","properties":{"g":"Schaffhausen","r":300},"geometry":{"type":"LineString","coordinates":[[8.64025,47.70643],[8.64026,47.70636]]}},{"type":"Feature","properties":{"g":"Schaffhausen","r":300},"geometry":{"type":"LineString","coordinates":[[8.64026,47.70636],[8.64027,47.70622]]}},{"type":"Feature","properties":{"g":"Schaffhausen","r":300},"geometry":{"type":"LineString","coordinates":[[8.64027,47.70622],[8.64027,47.70606]]}},{"type":"Feature","properties":{"g":"Schaffhausen","r":300},"geometry":{"type":"LineString","coordinates":[[8.64027,47.70606],[8.64029,47.70596]]}},{"type":"Feature","properties":{"g":"Schaffhausen","r":300},"geometry":{"type":"LineString","coordinates":[[8.64029,47.70596],[8.6403,47.70589]]}},{"type":"Feature","properties":{"g":"Schaffhausen","r":300},"geometry":{"type":"LineString","coordinates":[[8.6403,47.70589],[8.64033,47.70579]]}},{"type":"Feature","properties":{"g":"Schaffhausen","r":300},"geometry":{"type":"LineString","coordinates":[[8.64033,47.70579],[8.64038,47.70573]]}},{"type":"Feature","properties":{"g":"Schaffhausen","r":300},"geometry":{"type":"LineString","coordinates":[[8.64038,47.70573],[8.64042,47.70569]]}},{"type":"Feature","properties":{"g":"Schaffhausen","r":300},"geometry":{"type":"LineString","coordinates":[[8.64042,47.70569],[8.6405,47.70565]]}},{"type":"Feature","properties":{"g":"Schaffhausen","r":300},"geometry":{"type":"LineString","coordinates":[[8.6405,47.70565],[8.64057,47.70562]]}},{"type":"Feature","properties":{"g":"Schaffhausen","r":300},"geometry":{"type":"LineString","coordinates":[[8.64057,47.70562],[8.64064,47.70561]]}},{"type":"Feature","properties":{"g":"Schaffhausen","r":300},"geometry":{"type":"LineString","coordinates":[[8.6407,47.70561],[8.64085,47.70564]]}},{"type":"Feature","properties":{"g":"Schaffhausen","r":300},"geometry":{"type":"LineString","coordinates":[[8.64085,47.70564],[8.6411,47.7057]]}},{"type":"Feature","properties":{"g":"Schaffhausen","r":300},"geometry":{"type":"LineString","coordinates":[[8.6411,47.7057],[8.64138,47.70578]]}},{"type":"Feature","properties":{"g":"Schaffhausen","r":300},"geometry":{"type":"LineString","coordinates":[[8.64138,47.70578],[8.64156,47.70585]]}},{"type":"Feature","properties":{"g":"Schaffhausen","r":300},"geometry":{"type":"LineString","coordinates":[[8.64156,47.70585],[8.64169,47.70592]]}},{"type":"Feature","properties":{"g":"Schaffhausen","r":300},"geometry":{"type":"LineString","coordinates":[[8.64169,47.70592],[8.64211,47.70617]]}},{"type":"Feature","properties":{"g":"Schaffhausen","r":300},"geometry":{"type":"LineString","coordinates":[[8.64211,47.70617],[8.64244,47.70637]]}},{"type":"Feature","properties":{"g":"Schaffhausen","r":300},"geometry":{"type":"LineString","coordinates":[[8.64244,47.70637],[8.64265,47.70648]]}},{"type":"Feature","properties":{"g":"Schaffhausen","r":300},"geometry":{"type":"LineString","coordinates":[[8.64265,47.70648],[8.64294,47.70663]]}},{"type":"Feature","properties":{"g":"Schaffhausen","r":300},"geometry":{"type":"LineString","coordinates":[[8.64294,47.70663],[8.64347,47.7069]]}},{"type":"Feature","properties":{"g":"Schaffhausen","r":300},"geometry":{"type":"LineString","coordinates":[[8.64347,47.7069],[8.64367,47.707]]}},{"type":"Feature","properties":{"g":"Schaffhausen","r":300},"geometry":{"type":"LineString","coordinates":[[8.64367,47.707],[8.64392,47.70713]]}},{"type":"Feature","properties":{"g":"Schaffhausen","r":300},"geometry":{"type":"LineString","coordinates":[[8.64392,47.70713],[8.6441,47.70722]]}},{"type":"Feature","properties":{"g":"Schaffhausen","r":300},"geometry":{"type":"LineString","coordinates":[[8.6441,47.70722],[8.64425,47.7073]]}},{"type":"Feature","properties":{"g":"Schaffhausen","r":300},"geometry":{"type":"LineString","coordinates":[[8.64425,47.7073],[8.64455,47.70745]]}},{"type":"Feature","properties":{"g":"Schaffhausen","r":300},"geometry":{"type":"LineString","coordinates":[[8.64455,47.70745],[8.64468,47.7075]]}},{"type":"Feature","properties":{"g":"Schaffhausen","r":300},"geometry":{"type":"LineString","coordinates":[[8.64468,47.7075],[8.64474,47.70753]]}},{"type":"Feature","properties":{"g":"Schaffhausen","r":300},"geometry":{"type":"LineString","coordinates":[[8.64474,47.70753],[8.64493,47.70762]]}},{"type":"Feature","properties":{"g":"Schaffhausen","r":300},"geometry":{"type":"LineString","coordinates":[[8.64493,47.70762],[8.64511,47.70768]]}},{"type":"Feature","properties":{"g":"Schaffhausen","r":300},"geometry":{"type":"LineString","coordinates":[[8.64511,47.70768],[8.64567,47.70787]]}},{"type":"Feature","properties":{"g":"Schaffhausen","r":300},"geometry":{"type":"LineString","coordinates":[[8.64567,47.70787],[8.64641,47.70812]]}},{"type":"Feature","properties":{"g":"Schaffhausen","r":300},"geometry":{"type":"LineString","coordinates":[[8.64641,47.70812],[8.64651,47.70815]]}},{"type":"Feature","properties":{"g":"Schaffhausen","r":300},"geometry":{"type":"LineString","coordinates":[[8.64651,47.70815],[8.64659,47.70817]]}},{"type":"Feature","properties":{"g":"Schaffhausen","r":300},"geometry":{"type":"LineString","coordinates":[[8.64659,47.70817],[8.64679,47.70819]]}},{"type":"Feature","properties":{"g":"Schaffhausen","r":300},"geometry":{"type":"LineString","coordinates":[[8.65393,47.71719],[8.65379,47.7172]]}},{"type":"Feature","properties":{"g":"Schaffhausen","r":300},"geometry":{"type":"LineString","coordinates":[[8.65379,47.7172],[8.65362,47.71722]]}},{"type":"Feature","properties":{"g":"Schaffhausen","r":300},"geometry":{"type":"LineString","coordinates":[[8.65362,47.71722],[8.65351,47.71723]]}},{"type":"Feature","properties":{"g":"Schaffhausen","r":300},"geometry":{"type":"LineString","coordinates":[[8.65168,47.71699],[8.65159,47.71699]]}},{"type":"Feature","properties":{"g":"Schaffhausen","r":300},"geometry":{"type":"LineString","coordinates":[[8.65159,47.71699],[8.65146,47.71701]]}},{"type":"Feature","properties":{"g":"Schaffhausen","r":300},"geometry":{"type":"LineString","coordinates":[[8.65146,47.71701],[8.65132,47.71704]]}},{"type":"Feature","properties":{"g":"Schaffhausen","r":300},"geometry":{"type":"LineString","coordinates":[[8.65132,47.71704],[8.65115,47.71709]]}},{"type":"Feature","properties":{"g":"Schaffhausen","r":300},"geometry":{"type":"LineString","coordinates":[[8.65115,47.71709],[8.65081,47.71719]]}},{"type":"Feature","properties":{"g":"Schaffhausen","r":300},"geometry":{"type":"LineString","coordinates":[[8.65081,47.71719],[8.65063,47.71723]]}},{"type":"Feature","properties":{"g":"Schaffhausen","r":300},"geometry":{"type":"LineString","coordinates":[[8.65063,47.71723],[8.65045,47.71727]]}},{"type":"Feature","properties":{"g":"Schaffhausen","r":300},"geometry":{"type":"LineString","coordinates":[[8.64236,47.72273],[8.64204,47.72286]]}},{"type":"Feature","properties":{"g":"Schaffhausen","r":300},"geometry":{"type":"LineString","coordinates":[[8.64204,47.72286],[8.64174,47.72298]]}},{"type":"Feature","properties":{"g":"Schaffhausen","r":300},"geometry":{"type":"LineString","coordinates":[[8.64174,47.72298],[8.64093,47.7233]]}},{"type":"Feature","properties":{"g":"Schaffhausen","r":300},"geometry":{"type":"LineString","coordinates":[[8.64093,47.7233],[8.64058,47.72344]]}},{"type":"Feature","properties":{"g":"Schaffhausen","r":300},"geometry":{"type":"LineString","coordinates":[[8.64058,47.72344],[8.64013,47.72361]]}},{"type":"Feature","properties":{"g":"Schaffhausen","r":300},"geometry":{"type":"LineString","coordinates":[[8.64013,47.72361],[8.63962,47.72381]]}},{"type":"Feature","properties":{"g":"Schaffhausen","r":300},"geometry":{"type":"LineString","coordinates":[[8.63828,47.72446],[8.63804,47.72458]]}},{"type":"Feature","properties":{"g":"Schaffhausen","r":300},"geometry":{"type":"LineString","coordinates":[[8.63804,47.72458],[8.63794,47.72463]]}},{"type":"Feature","properties":{"g":"Schaffhausen","r":300},"geometry":{"type":"LineString","coordinates":[[8.63794,47.72463],[8.6378,47.72469]]}},{"type":"Feature","properties":{"g":"Schaffhausen","r":300},"geometry":{"type":"LineString","coordinates":[[8.6378,47.72469],[8.63763,47.72475]]}},{"type":"Feature","properties":{"g":"Schaffhausen","r":300},"geometry":{"type":"LineString","coordinates":[[8.63763,47.72475],[8.63742,47.72481]]}},{"type":"Feature","properties":{"g":"Schaffhausen","r":300},"geometry":{"type":"LineString","coordinates":[[8.63742,47.72481],[8.63729,47.72485]]}},{"type":"Feature","properties":{"g":"Schaffhausen","r":300},"geometry":{"type":"LineString","coordinates":[[8.63729,47.72485],[8.63719,47.72487]]}},{"type":"Feature","properties":{"g":"Schaffhausen","r":300},"geometry":{"type":"LineString","coordinates":[[8.63719,47.72487],[8.63705,47.72489]]}},{"type":"Feature","properties":{"g":"Schaffhausen","r":300},"geometry":{"type":"LineString","coordinates":[[8.63705,47.72489],[8.63692,47.72491]]}},{"type":"Feature","properties":{"g":"Schaffhausen","r":300},"geometry":{"type":"LineString","coordinates":[[8.63692,47.72491],[8.63676,47.72494]]}},{"type":"Feature","properties":{"g":"Schaffhausen","r":300},"geometry":{"type":"LineString","coordinates":[[8.63676,47.72494],[8.63656,47.72498]]}},{"type":"Feature","properties":{"g":"Schaffhausen","r":300},"geometry":{"type":"LineString","coordinates":[[8.63656,47.72498],[8.63597,47.72506]]}},{"type":"Feature","properties":{"g":"Schaffhausen","r":300},"geometry":{"type":"LineString","coordinates":[[8.63597,47.72506],[8.63575,47.72509]]}},{"type":"Feature","properties":{"g":"Schaffhausen","r":300},"geometry":{"type":"LineString","coordinates":[[8.65569,47.71777],[8.65552,47.71778]]}},{"type":"Feature","properties":{"g":"Schaffhausen","r":300},"geometry":{"type":"LineString","coordinates":[[8.65548,47.71777],[8.65536,47.71776]]}},{"type":"Feature","properties":{"g":"Schaffhausen","r":300},"geometry":{"type":"LineString","coordinates":[[8.65536,47.71776],[8.65521,47.71773]]}},{"type":"Feature","properties":{"g":"Schaffhausen","r":300},"geometry":{"type":"LineString","coordinates":[[8.65521,47.71773],[8.65506,47.71768]]}},{"type":"Feature","properties":{"g":"Schaffhausen","r":300},"geometry":{"type":"LineString","coordinates":[[8.65506,47.71768],[8.65493,47.7176]]}},{"type":"Feature","properties":{"g":"Schaffhausen","r":300},"geometry":{"type":"LineString","coordinates":[[8.65493,47.7176],[8.6547,47.71745]]}},{"type":"Feature","properties":{"g":"Schaffhausen","r":300},"geometry":{"type":"LineString","coordinates":[[8.6547,47.71745],[8.65456,47.71737]]}},{"type":"Feature","properties":{"g":"Schaffhausen","r":300},"geometry":{"type":"LineString","coordinates":[[8.65456,47.71737],[8.65444,47.7173]]}},{"type":"Feature","properties":{"g":"Schaffhausen","r":300},"geometry":{"type":"LineString","coordinates":[[8.65444,47.7173],[8.65432,47.71726]]}},{"type":"Feature","properties":{"g":"Schaffhausen","r":300},"geometry":{"type":"LineString","coordinates":[[8.65432,47.71726],[8.65419,47.71722]]}},{"type":"Feature","properties":{"g":"Schaffhausen","r":300},"geometry":{"type":"LineString","coordinates":[[8.66417,47.72354],[8.66413,47.72343]]}},{"type":"Feature","properties":{"g":"Schaffhausen","r":300},"geometry":{"type":"LineString","coordinates":[[8.66413,47.72343],[8.66411,47.72338]]}},{"type":"Feature","properties":{"g":"Schaffhausen","r":300},"geometry":{"type":"LineString","coordinates":[[8.66411,47.72338],[8.66406,47.7233]]}},{"type":"Feature","properties":{"g":"Schaffhausen","r":300},"geometry":{"type":"LineString","coordinates":[[8.66406,47.7233],[8.66401,47.72323]]}},{"type":"Feature","properties":{"g":"Schaffhausen","r":300},"geometry":{"type":"LineString","coordinates":[[8.66401,47.72323],[8.66395,47.72316]]}},{"type":"Feature","properties":{"g":"Schaffhausen","r":300},"geometry":{"type":"LineString","coordinates":[[8.66395,47.72316],[8.66388,47.72307]]}},{"type":"Feature","properties":{"g":"Schaffhausen","r":300},"geometry":{"type":"LineString","coordinates":[[8.66388,47.72307],[8.66379,47.72297]]}},{"type":"Feature","properties":{"g":"Schaffhausen","r":300},"geometry":{"type":"LineString","coordinates":[[8.66379,47.72297],[8.6637,47.72288]]}},{"type":"Feature","properties":{"g":"Schaffhausen","r":300},"geometry":{"type":"LineString","coordinates":[[8.6637,47.72288],[8.66353,47.72274]]}},{"type":"Feature","properties":{"g":"Schaffhausen","r":300},"geometry":{"type":"LineString","coordinates":[[8.66353,47.72274],[8.66343,47.72267]]}},{"type":"Feature","properties":{"g":"Schaffhausen","r":300},"geometry":{"type":"LineString","coordinates":[[8.66343,47.72267],[8.66332,47.7226]]}},{"type":"Feature","properties":{"g":"Schaffhausen","r":300},"geometry":{"type":"LineString","coordinates":[[8.66332,47.7226],[8.66321,47.72253]]}},{"type":"Feature","properties":{"g":"Schaffhausen","r":300},"geometry":{"type":"LineString","coordinates":[[8.66321,47.72253],[8.66309,47.72247]]}},{"type":"Feature","properties":{"g":"Schaffhausen","r":300},"geometry":{"type":"LineString","coordinates":[[8.66309,47.72247],[8.6626,47.72221]]}},{"type":"Feature","properties":{"g":"Schaffhausen","r":300},"geometry":{"type":"LineString","coordinates":[[8.6626,47.72221],[8.66244,47.72215]]}},{"type":"Feature","properties":{"g":"Schaffhausen","r":300},"geometry":{"type":"LineString","coordinates":[[8.66365,47.72817],[8.66365,47.72811]]}},{"type":"Feature","properties":{"g":"Schaffhausen","r":300},"geometry":{"type":"LineString","coordinates":[[8.66365,47.72811],[8.66365,47.72806]]}},{"type":"Feature","properties":{"g":"Schaffhausen","r":300},"geometry":{"type":"LineString","coordinates":[[8.66365,47.72806],[8.66365,47.728]]}},{"type":"Feature","properties":{"g":"Schaffhausen","r":300},"geometry":{"type":"LineString","coordinates":[[8.66365,47.728],[8.66366,47.72792]]}},{"type":"Feature","properties":{"g":"Schaffhausen","r":300},"geometry":{"type":"LineString","coordinates":[[8.66366,47.72792],[8.66366,47.72786]]}},{"type":"Feature","properties":{"g":"Schaffhausen","r":300},"geometry":{"type":"LineString","coordinates":[[8.66366,47.72786],[8.66367,47.7278]]}},{"type":"Feature","properties":{"g":"Schaffhausen","r":300},"geometry":{"type":"LineString","coordinates":[[8.66367,47.7278],[8.66368,47.72775]]}},{"type":"Feature","properties":{"g":"Schaffhausen","r":300},"geometry":{"type":"LineString","coordinates":[[8.66368,47.72775],[8.6637,47.72769]]}},{"type":"Feature","properties":{"g":"Schaffhausen","r":300},"geometry":{"type":"LineString","coordinates":[[8.6637,47.72769],[8.66372,47.72763]]}},{"type":"Feature","properties":{"g":"Schaffhausen","r":300},"geometry":{"type":"LineString","coordinates":[[8.66372,47.72763],[8.66373,47.72757]]}},{"type":"Feature","properties":{"g":"Schaffhausen","r":300},"geometry":{"type":"LineString","coordinates":[[8.66373,47.72757],[8.66375,47.72752]]}},{"type":"Feature","properties":{"g":"Schaffhausen","r":300},"geometry":{"type":"LineString","coordinates":[[8.66375,47.72752],[8.66383,47.7273]]}},{"type":"Feature","properties":{"g":"Schaffhausen","r":300},"geometry":{"type":"LineString","coordinates":[[8.66383,47.7273],[8.66385,47.72724]]}},{"type":"Feature","properties":{"g":"Schaffhausen","r":300},"geometry":{"type":"LineString","coordinates":[[8.66385,47.72724],[8.66387,47.72718]]}},{"type":"Feature","properties":{"g":"Schaffhausen","r":300},"geometry":{"type":"LineString","coordinates":[[8.66387,47.72718],[8.66388,47.72712]]}},{"type":"Feature","properties":{"g":"Schaffhausen","r":300},"geometry":{"type":"LineString","coordinates":[[8.66388,47.72712],[8.6639,47.72705]]}},{"type":"Feature","properties":{"g":"Schaffhausen","r":300},"geometry":{"type":"LineString","coordinates":[[8.6639,47.72705],[8.66391,47.72699]]}},{"type":"Feature","properties":{"g":"Schaffhausen","r":300},"geometry":{"type":"LineString","coordinates":[[8.66391,47.72699],[8.66392,47.72693]]}},{"type":"Feature","properties":{"g":"Schaffhausen","r":300},"geometry":{"type":"LineString","coordinates":[[8.66392,47.72693],[8.66393,47.72687]]}},{"type":"Feature","properties":{"g":"Schaffhausen","r":300},"geometry":{"type":"LineString","coordinates":[[8.66393,47.72687],[8.66395,47.72674]]}},{"type":"Feature","properties":{"g":"Schaffhausen","r":300},"geometry":{"type":"LineString","coordinates":[[8.6459,47.69473],[8.64602,47.69469]]}},{"type":"Feature","properties":{"g":"Schaffhausen","r":300},"geometry":{"type":"LineString","coordinates":[[8.64602,47.69469],[8.64612,47.69465]]}},{"type":"Feature","properties":{"g":"Schaffhausen","r":300},"geometry":{"type":"LineString","coordinates":[[8.64612,47.69465],[8.64625,47.69459]]}},{"type":"Feature","properties":{"g":"Schaffhausen","r":300},"geometry":{"type":"LineString","coordinates":[[8.64625,47.69459],[8.64637,47.69453]]}},{"type":"Feature","properties":{"g":"Schaffhausen","r":300},"geometry":{"type":"LineString","coordinates":[[8.64637,47.69453],[8.64646,47.69449]]}},{"type":"Feature","properties":{"g":"Schaffhausen","r":300},"geometry":{"type":"LineString","coordinates":[[8.64646,47.69449],[8.64656,47.69444]]}},{"type":"Feature","properties":{"g":"Schaffhausen","r":300},"geometry":{"type":"LineString","coordinates":[[8.64656,47.69444],[8.64666,47.6944]]}},{"type":"Feature","properties":{"g":"Schaffhausen","r":300},"geometry":{"type":"LineString","coordinates":[[8.64669,47.69439],[8.64683,47.69433]]}},{"type":"Feature","properties":{"g":"Schaffhausen","r":300},"geometry":{"type":"LineString","coordinates":[[8.64683,47.69433],[8.647,47.69426]]}},{"type":"Feature","properties":{"g":"Schaffhausen","r":300},"geometry":{"type":"LineString","coordinates":[[8.647,47.69426],[8.6473,47.69414]]}},{"type":"Feature","properties":{"g":"Schaffhausen","r":300},"geometry":{"type":"LineString","coordinates":[[8.64381,47.69553],[8.64385,47.69545]]}},{"type":"Feature","properties":{"g":"Schaffhausen","r":300},"geometry":{"type":"LineString","coordinates":[[8.64385,47.69545],[8.64388,47.6954]]}},{"type":"Feature","properties":{"g":"Schaffhausen","r":300},"geometry":{"type":"LineString","coordinates":[[8.64388,47.6954],[8.64392,47.69536]]}},{"type":"Feature","properties":{"g":"Schaffhausen","r":300},"geometry":{"type":"LineString","coordinates":[[8.64392,47.69536],[8.64397,47.69532]]}},{"type":"Feature","properties":{"g":"Schaffhausen","r":300},"geometry":{"type":"LineString","coordinates":[[8.64401,47.69529],[8.64407,47.69526]]}},{"type":"Feature","properties":{"g":"Schaffhausen","r":300},"geometry":{"type":"LineString","coordinates":[[8.64407,47.69526],[8.64416,47.69523]]}},{"type":"Feature","properties":{"g":"Schaffhausen","r":300},"geometry":{"type":"LineString","coordinates":[[8.64416,47.69523],[8.64427,47.6952]]}},{"type":"Feature","properties":{"g":"Schaffhausen","r":300},"geometry":{"type":"LineString","coordinates":[[8.64427,47.6952],[8.64453,47.69513]]}},{"type":"Feature","properties":{"g":"Schaffhausen","r":300},"geometry":{"type":"LineString","coordinates":[[8.64453,47.69513],[8.64483,47.69504]]}},{"type":"Feature","properties":{"g":"Schaffhausen","r":300},"geometry":{"type":"LineString","coordinates":[[8.64483,47.69504],[8.64519,47.69494]]}},{"type":"Feature","properties":{"g":"Schaffhausen","r":300},"geometry":{"type":"LineString","coordinates":[[8.64519,47.69494],[8.64533,47.6949]]}},{"type":"Feature","properties":{"g":"Schaffhausen","r":300},"geometry":{"type":"LineString","coordinates":[[8.64533,47.6949],[8.64555,47.69483]]}},{"type":"Feature","properties":{"g":"Schaffhausen","r":300},"geometry":{"type":"LineString","coordinates":[[8.64555,47.69483],[8.6459,47.69473]]}},{"type":"Feature","properties":{"g":"Schaffhausen","r":300},"geometry":{"type":"LineString","coordinates":[[8.64121,47.69578],[8.64129,47.69579]]}},{"type":"Feature","properties":{"g":"Schaffhausen","r":300},"geometry":{"type":"LineString","coordinates":[[8.64129,47.69579],[8.64138,47.6958]]}},{"type":"Feature","properties":{"g":"Schaffhausen","r":300},"geometry":{"type":"LineString","coordinates":[[8.64138,47.6958],[8.6415,47.69579]]}},{"type":"Feature","properties":{"g":"Schaffhausen","r":300},"geometry":{"type":"LineString","coordinates":[[8.6415,47.69579],[8.64159,47.69578]]}},{"type":"Feature","properties":{"g":"Schaffhausen","r":300},"geometry":{"type":"LineString","coordinates":[[8.64159,47.69578],[8.6417,47.69577]]}},{"type":"Feature","properties":{"g":"Schaffhausen","r":300},"geometry":{"type":"LineString","coordinates":[[8.64173,47.69577],[8.64184,47.69576]]}},{"type":"Feature","properties":{"g":"Schaffhausen","r":300},"geometry":{"type":"LineString","coordinates":[[8.64184,47.69576],[8.64209,47.69575]]}},{"type":"Feature","properties":{"g":"Schaffhausen","r":300},"geometry":{"type":"LineString","coordinates":[[8.64209,47.69575],[8.64223,47.69575]]}},{"type":"Feature","properties":{"g":"Schaffhausen","r":300},"geometry":{"type":"LineString","coordinates":[[8.64223,47.69575],[8.64283,47.69573]]}},{"type":"Feature","properties":{"g":"Schaffhausen","r":300},"geometry":{"type":"LineString","coordinates":[[8.64283,47.69573],[8.64308,47.69572]]}},{"type":"Feature","properties":{"g":"Schaffhausen","r":300},"geometry":{"type":"LineString","coordinates":[[8.64308,47.69572],[8.64334,47.69571]]}},{"type":"Feature","properties":{"g":"Schaffhausen","r":300},"geometry":{"type":"LineString","coordinates":[[8.64334,47.69571],[8.64348,47.6957]]}},{"type":"Feature","properties":{"g":"Schaffhausen","r":300},"geometry":{"type":"LineString","coordinates":[[8.64348,47.6957],[8.64359,47.6957]]}},{"type":"Feature","properties":{"g":"Schaffhausen","r":300},"geometry":{"type":"LineString","coordinates":[[8.64359,47.6957],[8.64368,47.6957]]}},{"type":"Feature","properties":{"g":"Schaffhausen","r":300},"geometry":{"type":"LineString","coordinates":[[8.64368,47.6957],[8.64375,47.69571]]}},{"type":"Feature","properties":{"g":"Schaffhausen","r":300},"geometry":{"type":"LineString","coordinates":[[8.63805,47.69594],[8.63804,47.69602]]}},{"type":"Feature","properties":{"g":"Schaffhausen","r":300},"geometry":{"type":"LineString","coordinates":[[8.63803,47.69605],[8.63801,47.69614]]}},{"type":"Feature","properties":{"g":"Schaffhausen","r":300},"geometry":{"type":"LineString","coordinates":[[8.63801,47.69614],[8.63796,47.69628]]}},{"type":"Feature","properties":{"g":"Schaffhausen","r":300},"geometry":{"type":"LineString","coordinates":[[8.63796,47.69628],[8.63791,47.69648]]}},{"type":"Feature","properties":{"g":"Schaffhausen","r":300},"geometry":{"type":"LineString","coordinates":[[8.6316,47.6953],[8.63161,47.69516],[8.63162,47.69498],[8.63163,47.69488],[8.63165,47.69473],[8.63172,47.69431],[8.63174,47.69419],[8.63177,47.69404]]}},{"type":"Feature","properties":{"g":"Schaffhausen","r":300},"geometry":{"type":"LineString","coordinates":[[8.62635,47.70053],[8.62634,47.70045],[8.62634,47.70041],[8.62634,47.70038],[8.62634,47.70036],[8.62632,47.70023]]}},{"type":"Feature","properties":{"g":"Schaffhausen","r":300},"geometry":{"type":"LineString","coordinates":[[8.6392,47.70927],[8.63928,47.70938]]}},{"type":"Feature","properties":{"g":"Schaffhausen","r":300},"geometry":{"type":"LineString","coordinates":[[8.63928,47.70938],[8.63936,47.70949]]}},{"type":"Feature","properties":{"g":"Schaffhausen","r":300},"geometry":{"type":"LineString","coordinates":[[8.63936,47.70949],[8.63948,47.70966]]}},{"type":"Feature","properties":{"g":"Schaffhausen","r":300},"geometry":{"type":"LineString","coordinates":[[8.63948,47.70966],[8.63956,47.70979]]}},{"type":"Feature","properties":{"g":"Schaffhausen","r":300},"geometry":{"type":"LineString","coordinates":[[8.63956,47.70979],[8.63964,47.70992]]}},{"type":"Feature","properties":{"g":"Schaffhausen","r":300},"geometry":{"type":"LineString","coordinates":[[8.63966,47.70996],[8.63978,47.71016]]}},{"type":"Feature","properties":{"g":"Schaffhausen","r":300},"geometry":{"type":"LineString","coordinates":[[8.63978,47.71016],[8.63984,47.71025]]}},{"type":"Feature","properties":{"g":"Schaffhausen","r":300},"geometry":{"type":"LineString","coordinates":[[8.63984,47.71025],[8.63995,47.71043]]}},{"type":"Feature","properties":{"g":"Schaffhausen","r":300},"geometry":{"type":"LineString","coordinates":[[8.63995,47.71043],[8.64004,47.71057]]}},{"type":"Feature","properties":{"g":"Schaffhausen","r":300},"geometry":{"type":"LineString","coordinates":[[8.64004,47.71057],[8.64013,47.7107]]}},{"type":"Feature","properties":{"g":"Schaffhausen","r":300},"geometry":{"type":"LineString","coordinates":[[8.64013,47.7107],[8.64025,47.71086]]}},{"type":"Feature","properties":{"g":"Schaffhausen","r":300},"geometry":{"type":"LineString","coordinates":[[8.64025,47.71086],[8.64045,47.71115]]}},{"type":"Feature","properties":{"g":"Schaffhausen","r":300},"geometry":{"type":"LineString","coordinates":[[8.64045,47.71115],[8.64051,47.71123]]}},{"type":"Feature","properties":{"g":"Schaffhausen","r":300},"geometry":{"type":"LineString","coordinates":[[8.64051,47.71123],[8.64061,47.71137]]}},{"type":"Feature","properties":{"g":"Schaffhausen","r":300},"geometry":{"type":"LineString","coordinates":[[8.64061,47.71137],[8.64086,47.71172]]}},{"type":"Feature","properties":{"g":"Schaffhausen","r":300},"geometry":{"type":"LineString","coordinates":[[8.64086,47.71172],[8.64114,47.71211]]}},{"type":"Feature","properties":{"g":"Schaffhausen","r":300},"geometry":{"type":"LineString","coordinates":[[8.64114,47.71211],[8.64143,47.71251]]}},{"type":"Feature","properties":{"g":"Schaffhausen","r":300},"geometry":{"type":"LineString","coordinates":[[8.64143,47.71251],[8.64157,47.71271]]}},{"type":"Feature","properties":{"g":"Schaffhausen","r":300},"geometry":{"type":"LineString","coordinates":[[8.64166,47.71281],[8.6417,47.71288]]}},{"type":"Feature","properties":{"g":"Schaffhausen","r":300},"geometry":{"type":"LineString","coordinates":[[8.6417,47.71288],[8.64178,47.71295]]}},{"type":"Feature","properties":{"g":"Schaffhausen","r":300},"geometry":{"type":"LineString","coordinates":[[8.64178,47.71295],[8.64187,47.713]]}},{"type":"Feature","properties":{"g":"Schaffhausen","r":300},"geometry":{"type":"LineString","coordinates":[[8.64234,47.71713],[8.64234,47.71718]]}},{"type":"Feature","properties":{"g":"Schaffhausen","r":300},"geometry":{"type":"LineString","coordinates":[[8.64234,47.71718],[8.64234,47.71724]]}},{"type":"Feature","properties":{"g":"Schaffhausen","r":300},"geometry":{"type":"LineString","coordinates":[[8.64234,47.71724],[8.64234,47.71732]]}},{"type":"Feature","properties":{"g":"Schaffhausen","r":300},"geometry":{"type":"LineString","coordinates":[[8.64234,47.71732],[8.64236,47.71745]]}},{"type":"Feature","properties":{"g":"Schaffhausen","r":300},"geometry":{"type":"LineString","coordinates":[[8.64236,47.71745],[8.64238,47.71757]]}},{"type":"Feature","properties":{"g":"Schaffhausen","r":300},"geometry":{"type":"LineString","coordinates":[[8.64238,47.71757],[8.64239,47.71763]]}},{"type":"Feature","properties":{"g":"Schaffhausen","r":300},"geometry":{"type":"LineString","coordinates":[[8.64239,47.71763],[8.64244,47.71779]]}},{"type":"Feature","properties":{"g":"Schaffhausen","r":300},"geometry":{"type":"LineString","coordinates":[[8.64244,47.71779],[8.64246,47.71786]]}},{"type":"Feature","properties":{"g":"Schaffhausen","r":300},"geometry":{"type":"LineString","coordinates":[[8.64246,47.71786],[8.6425,47.718]]}},{"type":"Feature","properties":{"g":"Schaffhausen","r":300},"geometry":{"type":"LineString","coordinates":[[8.6425,47.718],[8.64253,47.71811]]}},{"type":"Feature","properties":{"g":"Schaffhausen","r":300},"geometry":{"type":"LineString","coordinates":[[8.64253,47.71811],[8.64254,47.71816]]}},{"type":"Feature","properties":{"g":"Schaffhausen","r":300},"geometry":{"type":"LineString","coordinates":[[8.6474,47.69411],[8.64763,47.69403]]}},{"type":"Feature","properties":{"g":"Schaffhausen","r":300},"geometry":{"type":"LineString","coordinates":[[8.64763,47.69403],[8.64805,47.69391]]}},{"type":"Feature","properties":{"g":"Schaffhausen","r":300},"geometry":{"type":"LineString","coordinates":[[8.63962,47.72381],[8.63942,47.7239]]}},{"type":"Feature","properties":{"g":"Schaffhausen","r":300},"geometry":{"type":"LineString","coordinates":[[8.63942,47.7239],[8.63924,47.72398]]}},{"type":"Feature","properties":{"g":"Schaffhausen","r":300},"geometry":{"type":"LineString","coordinates":[[8.63924,47.72398],[8.63894,47.72412]]}},{"type":"Feature","properties":{"g":"Schaffhausen","r":300},"geometry":{"type":"LineString","coordinates":[[8.63894,47.72412],[8.63862,47.72429]]}},{"type":"Feature","properties":{"g":"Schaffhausen","r":300},"geometry":{"type":"LineString","coordinates":[[8.63862,47.72429],[8.63828,47.72446]]}},{"type":"Feature","properties":{"g":"Schaffhausen","r":300},"geometry":{"type":"LineString","coordinates":[[8.63595,47.70014],[8.6358,47.70021]]}},{"type":"Feature","properties":{"g":"Schaffhausen","r":300},"geometry":{"type":"LineString","coordinates":[[8.6358,47.70021],[8.63567,47.70028]]}},{"type":"Feature","properties":{"g":"Schaffhausen","r":300},"geometry":{"type":"LineString","coordinates":[[8.63481,47.70005],[8.63473,47.69996]]}},{"type":"Feature","properties":{"g":"Schaffhausen","r":300},"geometry":{"type":"LineString","coordinates":[[8.63473,47.69996],[8.63466,47.69989]]}},{"type":"Feature","properties":{"g":"Schaffhausen","r":300},"geometry":{"type":"LineString","coordinates":[[8.63466,47.69989],[8.6346,47.69985]]}},{"type":"Feature","properties":{"g":"Schaffhausen","r":300},"geometry":{"type":"LineString","coordinates":[[8.63381,47.69991],[8.63374,47.69994]]}},{"type":"Feature","properties":{"g":"Schaffhausen","r":300},"geometry":{"type":"LineString","coordinates":[[8.63374,47.69994],[8.63368,47.69996]]}},{"type":"Feature","properties":{"g":"Schaffhausen","r":300},"geometry":{"type":"LineString","coordinates":[[8.63609,47.69898],[8.63602,47.69911]]}},{"type":"Feature","properties":{"g":"Schaffhausen","r":300},"geometry":{"type":"LineString","coordinates":[[8.63602,47.69911],[8.63597,47.69924]]}},{"type":"Feature","properties":{"g":"Schaffhausen","r":300},"geometry":{"type":"LineString","coordinates":[[8.63597,47.69924],[8.63592,47.69934]]}},{"type":"Feature","properties":{"g":"Schaffhausen","r":300},"geometry":{"type":"LineString","coordinates":[[8.63592,47.69934],[8.63589,47.69946]]}},{"type":"Feature","properties":{"g":"Schaffhausen","r":300},"geometry":{"type":"LineString","coordinates":[[8.63589,47.69946],[8.63585,47.6996]]}},{"type":"Feature","properties":{"g":"Schaffhausen","r":300},"geometry":{"type":"LineString","coordinates":[[8.63585,47.6996],[8.63585,47.69969]]}},{"type":"Feature","properties":{"g":"Schaffhausen","r":300},"geometry":{"type":"LineString","coordinates":[[8.63585,47.69969],[8.63585,47.69979]]}},{"type":"Feature","properties":{"g":"Schaffhausen","r":300},"geometry":{"type":"LineString","coordinates":[[8.63585,47.69979],[8.63588,47.69994]]}},{"type":"Feature","properties":{"g":"Schaffhausen","r":300},"geometry":{"type":"LineString","coordinates":[[8.63588,47.69994],[8.63591,47.70003]]}},{"type":"Feature","properties":{"g":"Schaffhausen","r":300},"geometry":{"type":"LineString","coordinates":[[8.63591,47.70003],[8.63595,47.70014]]}},{"type":"Feature","properties":{"g":"Schaffhausen","r":300},"geometry":{"type":"LineString","coordinates":[[8.63651,47.70105],[8.63654,47.70115]]}},{"type":"Feature","properties":{"g":"Schaffhausen","r":300},"geometry":{"type":"LineString","coordinates":[[8.63654,47.70115],[8.63655,47.70122]]}},{"type":"Feature","properties":{"g":"Schaffhausen","r":300},"geometry":{"type":"LineString","coordinates":[[8.63655,47.70122],[8.6366,47.70133]]}},{"type":"Feature","properties":{"g":"Schaffhausen","r":300},"geometry":{"type":"LineString","coordinates":[[8.65341,47.71705],[8.65351,47.71723]]}},{"type":"Feature","properties":{"g":"Schaffhausen","r":300},"geometry":{"type":"LineString","coordinates":[[8.64999,47.7176],[8.65023,47.71802]]}},{"type":"Feature","properties":{"g":"Schaffhausen","r":300},"geometry":{"type":"LineString","coordinates":[[8.65023,47.71802],[8.6503,47.71814]]}},{"type":"Feature","properties":{"g":"Schaffhausen","r":300},"geometry":{"type":"LineString","coordinates":[[8.6503,47.71814],[8.65037,47.71831]]}},{"type":"Feature","properties":{"g":"Schaffhausen","r":300},"geometry":{"type":"LineString","coordinates":[[8.65037,47.71831],[8.6504,47.71837]]}},{"type":"Feature","properties":{"g":"Schaffhausen","r":300},"geometry":{"type":"LineString","coordinates":[[8.63129,47.69658],[8.63136,47.69655],[8.63141,47.69652],[8.63147,47.69649],[8.6315,47.69648],[8.63154,47.69646],[8.63157,47.69643],[8.63159,47.69642]]}},{"type":"Feature","properties":{"g":"Schaffhausen","r":300},"geometry":{"type":"LineString","coordinates":[[8.63618,47.70095],[8.63611,47.70093],[8.63605,47.70092],[8.63589,47.70086],[8.63576,47.7008],[8.63551,47.70068],[8.63539,47.70062],[8.63528,47.70055],[8.63523,47.70052],[8.63519,47.70049],[8.63515,47.70044],[8.63512,47.70039],[8.6351,47.70037]]}},{"type":"Feature","properties":{"g":"Schaffhausen","r":300},"geometry":{"type":"LineString","coordinates":[[8.65414,47.71721],[8.65401,47.71719],[8.65379,47.7172]]}},{"type":"Feature","properties":{"g":"Schaffhausen","r":300},"geometry":{"type":"LineString","coordinates":[[8.6358,47.70021],[8.63544,47.7004],[8.6354,47.70041],[8.63536,47.70042],[8.63532,47.70042],[8.63528,47.70041],[8.63523,47.70041],[8.63517,47.70039],[8.6351,47.70037]]}},{"type":"Feature","properties":{"g":"Schaffhausen","r":300},"geometry":{"type":"LineString","coordinates":[[8.6351,47.70037],[8.63494,47.7002],[8.63473,47.69996]]}},{"type":"Feature","properties":{"g":"Schleitheim","r":300},"geometry":{"type":"LineString","coordinates":[[8.48744,47.74992],[8.4875,47.74994],[8.4876,47.75],[8.48768,47.75005],[8.48777,47.75012],[8.48782,47.75015],[8.48792,47.75021],[8.48799,47.75027],[8.48809,47.75035],[8.48817,47.75042]]}},{"type":"Feature","properties":{"g":"Schleitheim","r":300},"geometry":{"type":"LineString","coordinates":[[8.48033,47.74608],[8.48037,47.74612]]}},{"type":"Feature","properties":{"g":"Schleitheim","r":300},"geometry":{"type":"LineString","coordinates":[[8.48037,47.74612],[8.48042,47.74615]]}},{"type":"Feature","properties":{"g":"Schleitheim","r":300},"geometry":{"type":"LineString","coordinates":[[8.48042,47.74615],[8.48046,47.74621]]}},{"type":"Feature","properties":{"g":"Schleitheim","r":300},"geometry":{"type":"LineString","coordinates":[[8.48051,47.74639],[8.4805,47.74645]]}},{"type":"Feature","properties":{"g":"Schleitheim","r":300},"geometry":{"type":"LineString","coordinates":[[8.48048,47.74649],[8.48044,47.74657]]}},{"type":"Feature","properties":{"g":"Schleitheim","r":300},"geometry":{"type":"LineString","coordinates":[[8.48044,47.74657],[8.48037,47.7467]]}},{"type":"Feature","properties":{"g":"Schleitheim","r":300},"geometry":{"type":"LineString","coordinates":[[8.48037,47.7467],[8.48031,47.7468]]}},{"type":"Feature","properties":{"g":"Schleitheim","r":300},"geometry":{"type":"LineString","coordinates":[[8.48031,47.7468],[8.48024,47.74691]]}},{"type":"Feature","properties":{"g":"Schleitheim","r":300},"geometry":{"type":"LineString","coordinates":[[8.48019,47.74697],[8.48014,47.74703]]}},{"type":"Feature","properties":{"g":"Schleitheim","r":300},"geometry":{"type":"LineString","coordinates":[[8.48014,47.74703],[8.48005,47.74712]]}},{"type":"Feature","properties":{"g":"Schleitheim","r":300},"geometry":{"type":"LineString","coordinates":[[8.48002,47.74715],[8.47995,47.74723]]}},{"type":"Feature","properties":{"g":"Schleitheim","r":300},"geometry":{"type":"LineString","coordinates":[[8.47995,47.74723],[8.47989,47.74729]]}},{"type":"Feature","properties":{"g":"Schleitheim","r":300},"geometry":{"type":"LineString","coordinates":[[8.47989,47.74729],[8.47981,47.74735]]}},{"type":"Feature","properties":{"g":"Schleitheim","r":300},"geometry":{"type":"LineString","coordinates":[[8.47981,47.74735],[8.47975,47.74739]]}},{"type":"Feature","properties":{"g":"Schleitheim","r":300},"geometry":{"type":"LineString","coordinates":[[8.47992,47.74666],[8.48,47.74672],[8.4801,47.7468],[8.48014,47.74682],[8.48016,47.74684],[8.48019,47.74686],[8.48021,47.74687],[8.48022,47.74688],[8.48023,47.74689],[8.48024,47.74691]]}},{"type":"Feature","properties":{"g":"Schleitheim","r":300},"geometry":{"type":"LineString","coordinates":[[8.48024,47.74691],[8.48026,47.74693],[8.48027,47.74696],[8.48036,47.74702],[8.48042,47.74705],[8.48047,47.74709],[8.48055,47.74714],[8.48066,47.74723],[8.48074,47.74729],[8.48087,47.74738],[8.48098,47.74745],[8.48114,47.74757],[8.48129,47.74766],[8.48139,47.74771],[8.48148,47.74776],[8.48159,47.74781],[8.48176,47.74788],[8.48193,47.74795],[8.48205,47.748],[8.48208,47.74803],[8.48211,47.74805],[8.48216,47.74812],[8.48219,47.74821],[8.4822,47.74822],[8.48223,47.74825],[8.48227,47.74826],[8.48238,47.74831],[8.48248,47.74837],[8.48259,47.74842],[8.48269,47.7485],[8.48277,47.74856],[8.48284,47.74862],[8.48298,47.74877],[8.48308,47.74887],[8.48314,47.74892],[8.4832,47.74896],[8.48329,47.749],[8.48339,47.74905],[8.48349,47.7491],[8.4837,47.74919],[8.48396,47.7493],[8.48416,47.74939],[8.48429,47.74946],[8.48439,47.74952],[8.48448,47.74958],[8.48459,47.74966],[8.48471,47.74975],[8.48482,47.74984],[8.48491,47.7499],[8.48501,47.74995],[8.48507,47.74997],[8.4851,47.74998],[8.48519,47.75],[8.4853,47.75001],[8.48539,47.75002],[8.4855,47.75003],[8.48559,47.75003],[8.4857,47.75004],[8.48582,47.75005],[8.48597,47.75007],[8.48611,47.75009],[8.48635,47.75013],[8.48646,47.75014],[8.48655,47.75016],[8.48665,47.75016],[8.48671,47.75013],[8.48674,47.75011],[8.48678,47.75007],[8.48681,47.75005],[8.48689,47.75002],[8.48699,47.75],[8.4871,47.74997],[8.48719,47.74994],[8.48729,47.74992],[8.48735,47.74992],[8.4874,47.74992],[8.48744,47.74992]]}},{"type":"Feature","properties":{"g":"Siblingen","r":100},"geometry":{"type":"LineString","coordinates":[[8.52034,47.71418],[8.52007,47.71424]]}},{"type":"Feature","properties":{"g":"Siblingen","r":100},"geometry":{"type":"LineString","coordinates":[[8.52007,47.71424],[8.51991,47.71429]]}},{"type":"Feature","properties":{"g":"Siblingen","r":100},"geometry":{"type":"LineString","coordinates":[[8.51991,47.71429],[8.5197,47.71434]]}},{"type":"Feature","properties":{"g":"Siblingen","r":100},"geometry":{"type":"LineString","coordinates":[[8.5197,47.71434],[8.5195,47.71438]]}},{"type":"Feature","properties":{"g":"Siblingen","r":100},"geometry":{"type":"LineString","coordinates":[[8.5195,47.71438],[8.51929,47.71443]]}},{"type":"Feature","properties":{"g":"Siblingen","r":100},"geometry":{"type":"LineString","coordinates":[[8.51929,47.71443],[8.51912,47.71447]]}},{"type":"Feature","properties":{"g":"Siblingen","r":100},"geometry":{"type":"LineString","coordinates":[[8.51912,47.71447],[8.51898,47.7145]]}},{"type":"Feature","properties":{"g":"Siblingen","r":100},"geometry":{"type":"LineString","coordinates":[[8.51898,47.7145],[8.51881,47.71452]]}},{"type":"Feature","properties":{"g":"Siblingen","r":100},"geometry":{"type":"LineString","coordinates":[[8.51881,47.71452],[8.5187,47.71454]]}},{"type":"Feature","properties":{"g":"Siblingen","r":100},"geometry":{"type":"LineString","coordinates":[[8.5187,47.71454],[8.51862,47.71455]]}},{"type":"Feature","properties":{"g":"Siblingen","r":100},"geometry":{"type":"LineString","coordinates":[[8.51862,47.71455],[8.51854,47.71454]]}},{"type":"Feature","properties":{"g":"Siblingen","r":100},"geometry":{"type":"LineString","coordinates":[[8.51854,47.71454],[8.51846,47.71453]]}},{"type":"Feature","properties":{"g":"Siblingen","r":100},"geometry":{"type":"LineString","coordinates":[[8.51846,47.71453],[8.51836,47.71452]]}},{"type":"Feature","properties":{"g":"Siblingen","r":100},"geometry":{"type":"LineString","coordinates":[[8.51836,47.71452],[8.51823,47.7145]]}},{"type":"Feature","properties":{"g":"Siblingen","r":100},"geometry":{"type":"LineString","coordinates":[[8.51823,47.7145],[8.51799,47.71445]]}},{"type":"Feature","properties":{"g":"Siblingen","r":100},"geometry":{"type":"LineString","coordinates":[[8.51799,47.71445],[8.51792,47.71444]]}},{"type":"Feature","properties":{"g":"Siblingen","r":300},"geometry":{"type":"LineString","coordinates":[[8.5156,47.7145],[8.51554,47.71442],[8.51548,47.71436],[8.5154,47.7143],[8.51533,47.71425],[8.51525,47.71417],[8.51521,47.71414]]}},{"type":"Feature","properties":{"g":"Siblingen","r":300},"geometry":{"type":"LineString","coordinates":[[8.52059,47.71413],[8.52034,47.71418]]}},{"type":"Feature","properties":{"g":"Siblingen","r":300},"geometry":{"type":"LineString","coordinates":[[8.52034,47.71418],[8.52007,47.71424]]}},{"type":"Feature","properties":{"g":"Siblingen","r":300},"geometry":{"type":"LineString","coordinates":[[8.52007,47.71424],[8.51991,47.71429]]}},{"type":"Feature","properties":{"g":"Siblingen","r":300},"geometry":{"type":"LineString","coordinates":[[8.51991,47.71429],[8.5197,47.71434]]}},{"type":"Feature","properties":{"g":"Siblingen","r":300},"geometry":{"type":"LineString","coordinates":[[8.5197,47.71434],[8.5195,47.71438]]}},{"type":"Feature","properties":{"g":"Siblingen","r":300},"geometry":{"type":"LineString","coordinates":[[8.5195,47.71438],[8.51929,47.71443]]}},{"type":"Feature","properties":{"g":"Siblingen","r":300},"geometry":{"type":"LineString","coordinates":[[8.51929,47.71443],[8.51912,47.71447]]}},{"type":"Feature","properties":{"g":"Siblingen","r":300},"geometry":{"type":"LineString","coordinates":[[8.51912,47.71447],[8.51898,47.7145]]}},{"type":"Feature","properties":{"g":"Siblingen","r":300},"geometry":{"type":"LineString","coordinates":[[8.51898,47.7145],[8.51881,47.71452]]}},{"type":"Feature","properties":{"g":"Siblingen","r":300},"geometry":{"type":"LineString","coordinates":[[8.51881,47.71452],[8.5187,47.71454]]}},{"type":"Feature","properties":{"g":"Siblingen","r":300},"geometry":{"type":"LineString","coordinates":[[8.5187,47.71454],[8.51862,47.71455]]}},{"type":"Feature","properties":{"g":"Siblingen","r":300},"geometry":{"type":"LineString","coordinates":[[8.51862,47.71455],[8.51854,47.71454]]}},{"type":"Feature","properties":{"g":"Siblingen","r":300},"geometry":{"type":"LineString","coordinates":[[8.51854,47.71454],[8.51846,47.71453]]}},{"type":"Feature","properties":{"g":"Siblingen","r":300},"geometry":{"type":"LineString","coordinates":[[8.51846,47.71453],[8.51836,47.71452]]}},{"type":"Feature","properties":{"g":"Siblingen","r":300},"geometry":{"type":"LineString","coordinates":[[8.51836,47.71452],[8.51823,47.7145]]}},{"type":"Feature","properties":{"g":"Siblingen","r":300},"geometry":{"type":"LineString","coordinates":[[8.51823,47.7145],[8.51799,47.71445]]}},{"type":"Feature","properties":{"g":"Siblingen","r":300},"geometry":{"type":"LineString","coordinates":[[8.51799,47.71445],[8.51784,47.71442]]}},{"type":"Feature","properties":{"g":"Siblingen","r":300},"geometry":{"type":"LineString","coordinates":[[8.51784,47.71442],[8.51771,47.71439]]}},{"type":"Feature","properties":{"g":"Siblingen","r":300},"geometry":{"type":"LineString","coordinates":[[8.51771,47.71439],[8.51758,47.71438]]}},{"type":"Feature","properties":{"g":"Siblingen","r":300},"geometry":{"type":"LineString","coordinates":[[8.51758,47.71438],[8.51741,47.71437]]}},{"type":"Feature","properties":{"g":"Siblingen","r":300},"geometry":{"type":"LineString","coordinates":[[8.51741,47.71437],[8.51726,47.71436]]}},{"type":"Feature","properties":{"g":"Siblingen","r":300},"geometry":{"type":"LineString","coordinates":[[8.51726,47.71436],[8.5171,47.71436]]}},{"type":"Feature","properties":{"g":"Siblingen","r":300},"geometry":{"type":"LineString","coordinates":[[8.5171,47.71436],[8.51695,47.71436]]}},{"type":"Feature","properties":{"g":"Siblingen","r":300},"geometry":{"type":"LineString","coordinates":[[8.51695,47.71436],[8.51683,47.71436]]}},{"type":"Feature","properties":{"g":"Siblingen","r":300},"geometry":{"type":"LineString","coordinates":[[8.51683,47.71436],[8.51671,47.71437]]}},{"type":"Feature","properties":{"g":"Siblingen","r":300},"geometry":{"type":"LineString","coordinates":[[8.51671,47.71437],[8.51658,47.71438]]}},{"type":"Feature","properties":{"g":"Siblingen","r":300},"geometry":{"type":"LineString","coordinates":[[8.51658,47.71438],[8.5165,47.71439]]}},{"type":"Feature","properties":{"g":"Siblingen","r":300},"geometry":{"type":"LineString","coordinates":[[8.5165,47.71439],[8.51636,47.71441]]}},{"type":"Feature","properties":{"g":"Siblingen","r":300},"geometry":{"type":"LineString","coordinates":[[8.51636,47.71441],[8.51614,47.71443]]}},{"type":"Feature","properties":{"g":"Siblingen","r":300},"geometry":{"type":"LineString","coordinates":[[8.51614,47.71443],[8.5159,47.71446]]}},{"type":"Feature","properties":{"g":"Siblingen","r":300},"geometry":{"type":"LineString","coordinates":[[8.5159,47.71446],[8.5156,47.7145]]}},{"type":"Feature","properties":{"g":"Siblingen","r":300},"geometry":{"type":"LineString","coordinates":[[8.52293,47.71366],[8.5227,47.7137]]}},{"type":"Feature","properties":{"g":"Siblingen","r":300},"geometry":{"type":"LineString","coordinates":[[8.5227,47.7137],[8.52227,47.71379]]}},{"type":"Feature","properties":{"g":"Siblingen","r":300},"geometry":{"type":"LineString","coordinates":[[8.52227,47.71379],[8.52196,47.71385]]}},{"type":"Feature","properties":{"g":"Siblingen","r":300},"geometry":{"type":"LineString","coordinates":[[8.52196,47.71385],[8.5212,47.714]]}},{"type":"Feature","properties":{"g":"Siblingen","r":300},"geometry":{"type":"LineString","coordinates":[[8.5212,47.714],[8.52106,47.71403]]}},{"type":"Feature","properties":{"g":"Siblingen","r":300},"geometry":{"type":"LineString","coordinates":[[8.52106,47.71403],[8.52072,47.7141]]}},{"type":"Feature","properties":{"g":"Siblingen","r":300},"geometry":{"type":"LineString","coordinates":[[8.52072,47.7141],[8.52059,47.71413]]}},{"type":"Feature","properties":{"g":"Stein am Rhein","r":100},"geometry":{"type":"LineString","coordinates":[[8.85949,47.65492],[8.85969,47.65478]]}},{"type":"Feature","properties":{"g":"Stein am Rhein","r":100},"geometry":{"type":"LineString","coordinates":[[8.85969,47.65478],[8.85996,47.65459]]}},{"type":"Feature","properties":{"g":"Stein am Rhein","r":100},"geometry":{"type":"LineString","coordinates":[[8.85996,47.65459],[8.86024,47.65439]]}},{"type":"Feature","properties":{"g":"Stein am Rhein","r":100},"geometry":{"type":"LineString","coordinates":[[8.86024,47.65439],[8.86031,47.65434]]}},{"type":"Feature","properties":{"g":"Stein am Rhein","r":100},"geometry":{"type":"LineString","coordinates":[[8.8601,47.66098],[8.86025,47.66112]]}},{"type":"Feature","properties":{"g":"Stein am Rhein","r":100},"geometry":{"type":"LineString","coordinates":[[8.86025,47.66112],[8.86038,47.66123]]}},{"type":"Feature","properties":{"g":"Stein am Rhein","r":100},"geometry":{"type":"LineString","coordinates":[[8.85733,47.66132],[8.85722,47.66145]]}},{"type":"Feature","properties":{"g":"Stein am Rhein","r":100},"geometry":{"type":"LineString","coordinates":[[8.85722,47.66145],[8.85707,47.66161]]}},{"type":"Feature","properties":{"g":"Stein am Rhein","r":100},"geometry":{"type":"LineString","coordinates":[[8.85707,47.66161],[8.857,47.66167]]}},{"type":"Feature","properties":{"g":"Stein am Rhein","r":100},"geometry":{"type":"LineString","coordinates":[[8.857,47.66167],[8.85695,47.66171]]}},{"type":"Feature","properties":{"g":"Stein am Rhein","r":100},"geometry":{"type":"LineString","coordinates":[[8.85691,47.66174],[8.85682,47.66179]]}},{"type":"Feature","properties":{"g":"Stein am Rhein","r":100},"geometry":{"type":"LineString","coordinates":[[8.86131,47.65935],[8.86144,47.65938]]}},{"type":"Feature","properties":{"g":"Stein am Rhein","r":100},"geometry":{"type":"LineString","coordinates":[[8.86144,47.65938],[8.86186,47.65944]]}},{"type":"Feature","properties":{"g":"Stein am Rhein","r":100},"geometry":{"type":"LineString","coordinates":[[8.86186,47.65944],[8.86195,47.65946]]}},{"type":"Feature","properties":{"g":"Stein am Rhein","r":100},"geometry":{"type":"LineString","coordinates":[[8.86195,47.65946],[8.86205,47.65948]]}},{"type":"Feature","properties":{"g":"Stein am Rhein","r":100},"geometry":{"type":"LineString","coordinates":[[8.86205,47.65948],[8.86213,47.65951]]}},{"type":"Feature","properties":{"g":"Stein am Rhein","r":100},"geometry":{"type":"LineString","coordinates":[[8.86213,47.65951],[8.8622,47.65954]]}},{"type":"Feature","properties":{"g":"Stein am Rhein","r":100},"geometry":{"type":"LineString","coordinates":[[8.86223,47.65956],[8.86229,47.6596]]}},{"type":"Feature","properties":{"g":"Stein am Rhein","r":100},"geometry":{"type":"LineString","coordinates":[[8.86111,47.65912],[8.86113,47.65917]]}},{"type":"Feature","properties":{"g":"Stein am Rhein","r":100},"geometry":{"type":"LineString","coordinates":[[8.86152,47.66017],[8.86177,47.65998]]}},{"type":"Feature","properties":{"g":"Stein am Rhein","r":100},"geometry":{"type":"LineString","coordinates":[[8.86177,47.65998],[8.86203,47.65979]]}},{"type":"Feature","properties":{"g":"Stein am Rhein","r":100},"geometry":{"type":"LineString","coordinates":[[8.86203,47.65979],[8.86211,47.65973]]}},{"type":"Feature","properties":{"g":"Stein am Rhein","r":100},"geometry":{"type":"LineString","coordinates":[[8.86211,47.65973],[8.86216,47.65967]]}},{"type":"Feature","properties":{"g":"Stein am Rhein","r":100},"geometry":{"type":"LineString","coordinates":[[8.86216,47.65967],[8.86222,47.65963]]}},{"type":"Feature","properties":{"g":"Stein am Rhein","r":100},"geometry":{"type":"LineString","coordinates":[[8.86222,47.65963],[8.86229,47.6596]]}},{"type":"Feature","properties":{"g":"Stein am Rhein","r":100},"geometry":{"type":"LineString","coordinates":[[8.86077,47.66117],[8.86097,47.66085]]}},{"type":"Feature","properties":{"g":"Stein am Rhein","r":100},"geometry":{"type":"LineString","coordinates":[[8.86097,47.66085],[8.86115,47.66058]]}},{"type":"Feature","properties":{"g":"Stein am Rhein","r":100},"geometry":{"type":"LineString","coordinates":[[8.86115,47.66058],[8.8612,47.66051]]}},{"type":"Feature","properties":{"g":"Stein am Rhein","r":100},"geometry":{"type":"LineString","coordinates":[[8.8612,47.66051],[8.86124,47.66044]]}},{"type":"Feature","properties":{"g":"Stein am Rhein","r":100},"geometry":{"type":"LineString","coordinates":[[8.86124,47.66044],[8.8613,47.66038]]}},{"type":"Feature","properties":{"g":"Stein am Rhein","r":100},"geometry":{"type":"LineString","coordinates":[[8.8613,47.66038],[8.86138,47.6603]]}},{"type":"Feature","properties":{"g":"Stein am Rhein","r":100},"geometry":{"type":"LineString","coordinates":[[8.86138,47.6603],[8.86145,47.66023]]}},{"type":"Feature","properties":{"g":"Stein am Rhein","r":100},"geometry":{"type":"LineString","coordinates":[[8.86145,47.66023],[8.86152,47.66017]]}},{"type":"Feature","properties":{"g":"Stein am Rhein","r":100},"geometry":{"type":"LineString","coordinates":[[8.85682,47.66179],[8.85672,47.66182]]}},{"type":"Feature","properties":{"g":"Stein am Rhein","r":100},"geometry":{"type":"LineString","coordinates":[[8.85672,47.66182],[8.85648,47.6619]]}},{"type":"Feature","properties":{"g":"Stein am Rhein","r":100},"geometry":{"type":"LineString","coordinates":[[8.85648,47.6619],[8.85587,47.66213]]}},{"type":"Feature","properties":{"g":"Stein am Rhein","r":100},"geometry":{"type":"LineString","coordinates":[[8.85587,47.66213],[8.85565,47.66222]]}},{"type":"Feature","properties":{"g":"Stein am Rhein","r":100},"geometry":{"type":"LineString","coordinates":[[8.85565,47.66222],[8.85558,47.66225]]}},{"type":"Feature","properties":{"g":"Stein am Rhein","r":100},"geometry":{"type":"LineString","coordinates":[[8.86229,47.6596],[8.86235,47.65958],[8.8624,47.65957],[8.86245,47.65957],[8.86255,47.65956],[8.86268,47.65956],[8.86281,47.65956],[8.86283,47.65956],[8.86293,47.65955],[8.86304,47.65954],[8.86309,47.65954]]}},{"type":"Feature","properties":{"g":"Stein am Rhein","r":100},"geometry":{"type":"LineString","coordinates":[[8.86533,47.65925],[8.86576,47.65911],[8.8661,47.659],[8.86638,47.6589],[8.8666,47.65882],[8.86685,47.65874],[8.86714,47.65864],[8.86728,47.65859]]}},{"type":"Feature","properties":{"g":"Stein am Rhein","r":300},"geometry":{"type":"LineString","coordinates":[[8.85807,47.65586],[8.85824,47.65583]]}},{"type":"Feature","properties":{"g":"Stein am Rhein","r":300},"geometry":{"type":"LineString","coordinates":[[8.85824,47.65583],[8.85829,47.6558]]}},{"type":"Feature","properties":{"g":"Stein am Rhein","r":300},"geometry":{"type":"LineString","coordinates":[[8.85829,47.6558],[8.85837,47.65576]]}},{"type":"Feature","properties":{"g":"Stein am Rhein","r":300},"geometry":{"type":"LineString","coordinates":[[8.85837,47.65576],[8.85853,47.65561]]}},{"type":"Feature","properties":{"g":"Stein am Rhein","r":300},"geometry":{"type":"LineString","coordinates":[[8.85853,47.65561],[8.85862,47.65555]]}},{"type":"Feature","properties":{"g":"Stein am Rhein","r":300},"geometry":{"type":"LineString","coordinates":[[8.85862,47.65555],[8.85873,47.65547]]}},{"type":"Feature","properties":{"g":"Stein am Rhein","r":300},"geometry":{"type":"LineString","coordinates":[[8.85873,47.65547],[8.85896,47.6553]]}},{"type":"Feature","properties":{"g":"Stein am Rhein","r":300},"geometry":{"type":"LineString","coordinates":[[8.85896,47.6553],[8.85931,47.65505]]}},{"type":"Feature","properties":{"g":"Stein am Rhein","r":300},"geometry":{"type":"LineString","coordinates":[[8.85931,47.65505],[8.85969,47.65478]]}},{"type":"Feature","properties":{"g":"Stein am Rhein","r":300},"geometry":{"type":"LineString","coordinates":[[8.85969,47.65478],[8.85996,47.65459]]}},{"type":"Feature","properties":{"g":"Stein am Rhein","r":300},"geometry":{"type":"LineString","coordinates":[[8.85996,47.65459],[8.86024,47.65439]]}},{"type":"Feature","properties":{"g":"Stein am Rhein","r":300},"geometry":{"type":"LineString","coordinates":[[8.86024,47.65439],[8.86064,47.6541]]}},{"type":"Feature","properties":{"g":"Stein am Rhein","r":300},"geometry":{"type":"LineString","coordinates":[[8.86064,47.6541],[8.86071,47.65404]]}},{"type":"Feature","properties":{"g":"Stein am Rhein","r":300},"geometry":{"type":"LineString","coordinates":[[8.86071,47.65404],[8.86077,47.654]]}},{"type":"Feature","properties":{"g":"Stein am Rhein","r":300},"geometry":{"type":"LineString","coordinates":[[8.85777,47.66109],[8.85786,47.66113]]}},{"type":"Feature","properties":{"g":"Stein am Rhein","r":300},"geometry":{"type":"LineString","coordinates":[[8.85786,47.66113],[8.85798,47.66118]]}},{"type":"Feature","properties":{"g":"Stein am Rhein","r":300},"geometry":{"type":"LineString","coordinates":[[8.85798,47.66118],[8.85808,47.66121]]}},{"type":"Feature","properties":{"g":"Stein am Rhein","r":300},"geometry":{"type":"LineString","coordinates":[[8.85808,47.66121],[8.85818,47.66122]]}},{"type":"Feature","properties":{"g":"Stein am Rhein","r":300},"geometry":{"type":"LineString","coordinates":[[8.85818,47.66122],[8.85828,47.66123]]}},{"type":"Feature","properties":{"g":"Stein am Rhein","r":300},"geometry":{"type":"LineString","coordinates":[[8.85828,47.66123],[8.85838,47.66122]]}},{"type":"Feature","properties":{"g":"Stein am Rhein","r":300},"geometry":{"type":"LineString","coordinates":[[8.8584,47.66122],[8.85871,47.6612]]}},{"type":"Feature","properties":{"g":"Stein am Rhein","r":300},"geometry":{"type":"LineString","coordinates":[[8.85871,47.6612],[8.85888,47.66117]]}},{"type":"Feature","properties":{"g":"Stein am Rhein","r":300},"geometry":{"type":"LineString","coordinates":[[8.85888,47.66117],[8.85911,47.66113]]}},{"type":"Feature","properties":{"g":"Stein am Rhein","r":300},"geometry":{"type":"LineString","coordinates":[[8.85911,47.66113],[8.85928,47.66107]]}},{"type":"Feature","properties":{"g":"Stein am Rhein","r":300},"geometry":{"type":"LineString","coordinates":[[8.85928,47.66107],[8.85959,47.66098]]}},{"type":"Feature","properties":{"g":"Stein am Rhein","r":300},"geometry":{"type":"LineString","coordinates":[[8.85959,47.66098],[8.85967,47.66097]]}},{"type":"Feature","properties":{"g":"Stein am Rhein","r":300},"geometry":{"type":"LineString","coordinates":[[8.85981,47.66094],[8.85987,47.66092]]}},{"type":"Feature","properties":{"g":"Stein am Rhein","r":300},"geometry":{"type":"LineString","coordinates":[[8.8601,47.66098],[8.86025,47.66112]]}},{"type":"Feature","properties":{"g":"Stein am Rhein","r":300},"geometry":{"type":"LineString","coordinates":[[8.86025,47.66112],[8.86038,47.66123]]}},{"type":"Feature","properties":{"g":"Stein am Rhein","r":300},"geometry":{"type":"LineString","coordinates":[[8.85737,47.65637],[8.85758,47.65659]]}},{"type":"Feature","properties":{"g":"Stein am Rhein","r":300},"geometry":{"type":"LineString","coordinates":[[8.85753,47.66111],[8.85747,47.66116]]}},{"type":"Feature","properties":{"g":"Stein am Rhein","r":300},"geometry":{"type":"LineString","coordinates":[[8.85747,47.66116],[8.85739,47.66125]]}},{"type":"Feature","properties":{"g":"Stein am Rhein","r":300},"geometry":{"type":"LineString","coordinates":[[8.85739,47.66125],[8.85722,47.66145]]}},{"type":"Feature","properties":{"g":"Stein am Rhein","r":300},"geometry":{"type":"LineString","coordinates":[[8.85722,47.66145],[8.85707,47.66161]]}},{"type":"Feature","properties":{"g":"Stein am Rhein","r":300},"geometry":{"type":"LineString","coordinates":[[8.85707,47.66161],[8.857,47.66167]]}},{"type":"Feature","properties":{"g":"Stein am Rhein","r":300},"geometry":{"type":"LineString","coordinates":[[8.857,47.66167],[8.85695,47.66171]]}},{"type":"Feature","properties":{"g":"Stein am Rhein","r":300},"geometry":{"type":"LineString","coordinates":[[8.85691,47.66174],[8.85682,47.66179]]}},{"type":"Feature","properties":{"g":"Stein am Rhein","r":300},"geometry":{"type":"LineString","coordinates":[[8.85923,47.65867],[8.85929,47.65876]]}},{"type":"Feature","properties":{"g":"Stein am Rhein","r":300},"geometry":{"type":"LineString","coordinates":[[8.85929,47.65876],[8.85936,47.65886]]}},{"type":"Feature","properties":{"g":"Stein am Rhein","r":300},"geometry":{"type":"LineString","coordinates":[[8.85947,47.659],[8.8595,47.65905]]}},{"type":"Feature","properties":{"g":"Stein am Rhein","r":300},"geometry":{"type":"LineString","coordinates":[[8.85964,47.65912],[8.8597,47.6591]]}},{"type":"Feature","properties":{"g":"Stein am Rhein","r":300},"geometry":{"type":"LineString","coordinates":[[8.8598,47.65908],[8.85987,47.65908]]}},{"type":"Feature","properties":{"g":"Stein am Rhein","r":300},"geometry":{"type":"LineString","coordinates":[[8.85987,47.65908],[8.85996,47.65908]]}},{"type":"Feature","properties":{"g":"Stein am Rhein","r":300},"geometry":{"type":"LineString","coordinates":[[8.85996,47.65908],[8.86003,47.65908]]}},{"type":"Feature","properties":{"g":"Stein am Rhein","r":300},"geometry":{"type":"LineString","coordinates":[[8.86003,47.65908],[8.86011,47.65907]]}},{"type":"Feature","properties":{"g":"Stein am Rhein","r":300},"geometry":{"type":"LineString","coordinates":[[8.86131,47.65935],[8.86144,47.65938]]}},{"type":"Feature","properties":{"g":"Stein am Rhein","r":300},"geometry":{"type":"LineString","coordinates":[[8.86144,47.65938],[8.86186,47.65944]]}},{"type":"Feature","properties":{"g":"Stein am Rhein","r":300},"geometry":{"type":"LineString","coordinates":[[8.86186,47.65944],[8.86195,47.65946]]}},{"type":"Feature","properties":{"g":"Stein am Rhein","r":300},"geometry":{"type":"LineString","coordinates":[[8.86195,47.65946],[8.86205,47.65948]]}},{"type":"Feature","properties":{"g":"Stein am Rhein","r":300},"geometry":{"type":"LineString","coordinates":[[8.86205,47.65948],[8.86213,47.65951]]}},{"type":"Feature","properties":{"g":"Stein am Rhein","r":300},"geometry":{"type":"LineString","coordinates":[[8.86213,47.65951],[8.8622,47.65954]]}},{"type":"Feature","properties":{"g":"Stein am Rhein","r":300},"geometry":{"type":"LineString","coordinates":[[8.86223,47.65956],[8.86229,47.6596]]}},{"type":"Feature","properties":{"g":"Stein am Rhein","r":300},"geometry":{"type":"LineString","coordinates":[[8.86011,47.65907],[8.8602,47.65905]]}},{"type":"Feature","properties":{"g":"Stein am Rhein","r":300},"geometry":{"type":"LineString","coordinates":[[8.8602,47.65905],[8.8603,47.65902]]}},{"type":"Feature","properties":{"g":"Stein am Rhein","r":300},"geometry":{"type":"LineString","coordinates":[[8.8603,47.65902],[8.86049,47.65894]]}},{"type":"Feature","properties":{"g":"Stein am Rhein","r":300},"geometry":{"type":"LineString","coordinates":[[8.86049,47.65894],[8.86066,47.65887]]}},{"type":"Feature","properties":{"g":"Stein am Rhein","r":300},"geometry":{"type":"LineString","coordinates":[[8.86066,47.65887],[8.86074,47.65885]]}},{"type":"Feature","properties":{"g":"Stein am Rhein","r":300},"geometry":{"type":"LineString","coordinates":[[8.86111,47.65912],[8.86113,47.65917]]}},{"type":"Feature","properties":{"g":"Stein am Rhein","r":300},"geometry":{"type":"LineString","coordinates":[[8.85745,47.65508],[8.85742,47.65501]]}},{"type":"Feature","properties":{"g":"Stein am Rhein","r":300},"geometry":{"type":"LineString","coordinates":[[8.85742,47.65501],[8.85741,47.65496]]}},{"type":"Feature","properties":{"g":"Stein am Rhein","r":300},"geometry":{"type":"LineString","coordinates":[[8.85734,47.65485],[8.85729,47.65476]]}},{"type":"Feature","properties":{"g":"Stein am Rhein","r":300},"geometry":{"type":"LineString","coordinates":[[8.85729,47.65476],[8.85725,47.65471]]}},{"type":"Feature","properties":{"g":"Stein am Rhein","r":300},"geometry":{"type":"LineString","coordinates":[[8.85725,47.65471],[8.85721,47.65466]]}},{"type":"Feature","properties":{"g":"Stein am Rhein","r":300},"geometry":{"type":"LineString","coordinates":[[8.85721,47.65466],[8.85716,47.65463]]}},{"type":"Feature","properties":{"g":"Stein am Rhein","r":300},"geometry":{"type":"LineString","coordinates":[[8.85716,47.65463],[8.85709,47.65459]]}},{"type":"Feature","properties":{"g":"Stein am Rhein","r":300},"geometry":{"type":"LineString","coordinates":[[8.85709,47.65459],[8.85699,47.65456]]}},{"type":"Feature","properties":{"g":"Stein am Rhein","r":300},"geometry":{"type":"LineString","coordinates":[[8.85699,47.65456],[8.8565,47.65441]]}},{"type":"Feature","properties":{"g":"Stein am Rhein","r":300},"geometry":{"type":"LineString","coordinates":[[8.8565,47.65441],[8.85588,47.65423]]}},{"type":"Feature","properties":{"g":"Stein am Rhein","r":300},"geometry":{"type":"LineString","coordinates":[[8.85588,47.65423],[8.85558,47.65413]]}},{"type":"Feature","properties":{"g":"Stein am Rhein","r":300},"geometry":{"type":"LineString","coordinates":[[8.85558,47.65413],[8.85549,47.6541]]}},{"type":"Feature","properties":{"g":"Stein am Rhein","r":300},"geometry":{"type":"LineString","coordinates":[[8.85549,47.6541],[8.85536,47.65404]]}},{"type":"Feature","properties":{"g":"Stein am Rhein","r":300},"geometry":{"type":"LineString","coordinates":[[8.85536,47.65404],[8.85525,47.654]]}},{"type":"Feature","properties":{"g":"Stein am Rhein","r":300},"geometry":{"type":"LineString","coordinates":[[8.85525,47.654],[8.8551,47.65393]]}},{"type":"Feature","properties":{"g":"Stein am Rhein","r":300},"geometry":{"type":"LineString","coordinates":[[8.85722,47.65645],[8.85737,47.65637]]}},{"type":"Feature","properties":{"g":"Stein am Rhein","r":300},"geometry":{"type":"LineString","coordinates":[[8.8574,47.65636],[8.85752,47.65629]]}},{"type":"Feature","properties":{"g":"Stein am Rhein","r":300},"geometry":{"type":"LineString","coordinates":[[8.85752,47.65629],[8.85764,47.65623]]}},{"type":"Feature","properties":{"g":"Stein am Rhein","r":300},"geometry":{"type":"LineString","coordinates":[[8.85764,47.65623],[8.85785,47.65608]]}},{"type":"Feature","properties":{"g":"Stein am Rhein","r":300},"geometry":{"type":"LineString","coordinates":[[8.85785,47.65608],[8.85795,47.656]]}},{"type":"Feature","properties":{"g":"Stein am Rhein","r":300},"geometry":{"type":"LineString","coordinates":[[8.85795,47.656],[8.85807,47.65586]]}},{"type":"Feature","properties":{"g":"Stein am Rhein","r":300},"geometry":{"type":"LineString","coordinates":[[8.86152,47.66017],[8.86177,47.65998]]}},{"type":"Feature","properties":{"g":"Stein am Rhein","r":300},"geometry":{"type":"LineString","coordinates":[[8.86177,47.65998],[8.86203,47.65979]]}},{"type":"Feature","properties":{"g":"Stein am Rhein","r":300},"geometry":{"type":"LineString","coordinates":[[8.86203,47.65979],[8.86211,47.65973]]}},{"type":"Feature","properties":{"g":"Stein am Rhein","r":300},"geometry":{"type":"LineString","coordinates":[[8.86211,47.65973],[8.86216,47.65967]]}},{"type":"Feature","properties":{"g":"Stein am Rhein","r":300},"geometry":{"type":"LineString","coordinates":[[8.86216,47.65967],[8.86222,47.65963]]}},{"type":"Feature","properties":{"g":"Stein am Rhein","r":300},"geometry":{"type":"LineString","coordinates":[[8.86222,47.65963],[8.86229,47.6596]]}},{"type":"Feature","properties":{"g":"Stein am Rhein","r":300},"geometry":{"type":"LineString","coordinates":[[8.86077,47.66117],[8.86097,47.66085]]}},{"type":"Feature","properties":{"g":"Stein am Rhein","r":300},"geometry":{"type":"LineString","coordinates":[[8.86097,47.66085],[8.86115,47.66058]]}},{"type":"Feature","properties":{"g":"Stein am Rhein","r":300},"geometry":{"type":"LineString","coordinates":[[8.86115,47.66058],[8.8612,47.66051]]}},{"type":"Feature","properties":{"g":"Stein am Rhein","r":300},"geometry":{"type":"LineString","coordinates":[[8.8612,47.66051],[8.86124,47.66044]]}},{"type":"Feature","properties":{"g":"Stein am Rhein","r":300},"geometry":{"type":"LineString","coordinates":[[8.86124,47.66044],[8.8613,47.66038]]}},{"type":"Feature","properties":{"g":"Stein am Rhein","r":300},"geometry":{"type":"LineString","coordinates":[[8.8613,47.66038],[8.86138,47.6603]]}},{"type":"Feature","properties":{"g":"Stein am Rhein","r":300},"geometry":{"type":"LineString","coordinates":[[8.86138,47.6603],[8.86145,47.66023]]}},{"type":"Feature","properties":{"g":"Stein am Rhein","r":300},"geometry":{"type":"LineString","coordinates":[[8.86145,47.66023],[8.86152,47.66017]]}},{"type":"Feature","properties":{"g":"Stein am Rhein","r":300},"geometry":{"type":"LineString","coordinates":[[8.85682,47.66179],[8.85672,47.66182]]}},{"type":"Feature","properties":{"g":"Stein am Rhein","r":300},"geometry":{"type":"LineString","coordinates":[[8.85672,47.66182],[8.85648,47.6619]]}},{"type":"Feature","properties":{"g":"Stein am Rhein","r":300},"geometry":{"type":"LineString","coordinates":[[8.85648,47.6619],[8.85587,47.66213]]}},{"type":"Feature","properties":{"g":"Stein am Rhein","r":300},"geometry":{"type":"LineString","coordinates":[[8.85587,47.66213],[8.85565,47.66222]]}},{"type":"Feature","properties":{"g":"Stein am Rhein","r":300},"geometry":{"type":"LineString","coordinates":[[8.85565,47.66222],[8.85543,47.6623]]}},{"type":"Feature","properties":{"g":"Stein am Rhein","r":300},"geometry":{"type":"LineString","coordinates":[[8.85874,47.65791],[8.85895,47.65823]]}},{"type":"Feature","properties":{"g":"Stein am Rhein","r":300},"geometry":{"type":"LineString","coordinates":[[8.85895,47.65823],[8.8591,47.65846]]}},{"type":"Feature","properties":{"g":"Stein am Rhein","r":300},"geometry":{"type":"LineString","coordinates":[[8.8591,47.65846],[8.85923,47.65867]]}},{"type":"Feature","properties":{"g":"Stein am Rhein","r":300},"geometry":{"type":"LineString","coordinates":[[8.86229,47.6596],[8.86235,47.65958],[8.8624,47.65957],[8.86245,47.65957],[8.86255,47.65956],[8.86268,47.65956],[8.86281,47.65956],[8.86283,47.65956],[8.86293,47.65955],[8.86304,47.65954],[8.86315,47.65953],[8.86329,47.6595],[8.86336,47.65949],[8.86338,47.65949],[8.86347,47.65947],[8.86362,47.65946],[8.86369,47.65946]]}},{"type":"Feature","properties":{"g":"Stein am Rhein","r":300},"geometry":{"type":"LineString","coordinates":[[8.86506,47.65935],[8.86531,47.65926],[8.86576,47.65911],[8.8661,47.659],[8.86638,47.6589],[8.8666,47.65882],[8.86685,47.65874],[8.86714,47.65864],[8.86742,47.65854],[8.86782,47.65841],[8.86801,47.65834],[8.86813,47.65831],[8.86828,47.65826],[8.86842,47.65823],[8.86854,47.6582],[8.86861,47.65819],[8.86875,47.65818],[8.86885,47.65817],[8.86896,47.65816],[8.86918,47.65817],[8.8697,47.65817],[8.86972,47.65817],[8.86999,47.65819],[8.8702,47.6582],[8.87023,47.6582]]}},{"type":"Feature","properties":{"g":"Stetten (SH)","r":100},"geometry":{"type":"LineString","coordinates":[[8.66314,47.74035],[8.66303,47.74032],[8.66291,47.74028],[8.66281,47.74024],[8.66275,47.74022],[8.66267,47.7402],[8.6626,47.74019],[8.66253,47.74018],[8.66245,47.74017],[8.66241,47.74016],[8.66237,47.74015],[8.6623,47.74012],[8.66224,47.7401],[8.66219,47.74009],[8.66209,47.74005],[8.66193,47.73998],[8.66178,47.73992],[8.66154,47.73983],[8.66138,47.73977],[8.66128,47.73972],[8.66119,47.73967],[8.66109,47.73961],[8.66105,47.73957],[8.66103,47.73955]]}},{"type":"Feature","properties":{"g":"Stetten (SH)","r":100},"geometry":{"type":"LineString","coordinates":[[8.65971,47.73903],[8.65963,47.739],[8.65928,47.73888],[8.65915,47.73884],[8.65907,47.73881],[8.65901,47.73879],[8.65897,47.73877],[8.65891,47.73873],[8.65885,47.73869],[8.65879,47.73865],[8.65875,47.73861],[8.65869,47.73855],[8.65856,47.73839],[8.65836,47.73815],[8.65816,47.73791],[8.65806,47.7378]]}},{"type":"Feature","properties":{"g":"Stetten (SH)","r":100},"geometry":{"type":"LineString","coordinates":[[8.66322,47.74022],[8.66318,47.7403],[8.66317,47.74032],[8.66316,47.74034],[8.66314,47.74035]]}},{"type":"Feature","properties":{"g":"Stetten (SH)","r":100},"geometry":{"type":"LineString","coordinates":[[8.66314,47.74056],[8.66314,47.74054],[8.66316,47.74047],[8.66316,47.74043],[8.66316,47.7404],[8.66315,47.74038],[8.66314,47.74035]]}},{"type":"Feature","properties":{"g":"Stetten (SH)","r":300},"geometry":{"type":"LineString","coordinates":[[8.66231,47.73756],[8.66231,47.73756],[8.66245,47.73788],[8.66254,47.73809],[8.66262,47.7383],[8.66272,47.73853],[8.66275,47.7386]]}},{"type":"Feature","properties":{"g":"Stetten (SH)","r":300},"geometry":{"type":"LineString","coordinates":[[8.66314,47.74035],[8.66303,47.74032],[8.66291,47.74028],[8.66281,47.74024],[8.66275,47.74022],[8.66267,47.7402],[8.6626,47.74019],[8.66253,47.74018],[8.66245,47.74017],[8.66241,47.74016],[8.66237,47.74015],[8.6623,47.74012],[8.66224,47.7401],[8.66219,47.74009],[8.66209,47.74005],[8.66193,47.73998],[8.66178,47.73992],[8.66154,47.73983],[8.66138,47.73977],[8.66128,47.73972],[8.66119,47.73967],[8.66109,47.73961],[8.66105,47.73957],[8.66102,47.73955],[8.66099,47.73954],[8.66095,47.73951],[8.6609,47.73949],[8.66083,47.73945],[8.66077,47.73942],[8.6607,47.73939],[8.66062,47.73935],[8.66048,47.7393],[8.66002,47.73913],[8.65963,47.739],[8.65928,47.73888],[8.65915,47.73884],[8.65907,47.73881],[8.65901,47.73879],[8.65897,47.73877],[8.65891,47.73873],[8.65885,47.73869],[8.65879,47.73865],[8.65875,47.73861],[8.65869,47.73855],[8.65856,47.73839],[8.65836,47.73815],[8.65816,47.73791],[8.65782,47.73755],[8.65761,47.73735],[8.65759,47.73734]]}},{"type":"Feature","properties":{"g":"Stetten (SH)","r":300},"geometry":{"type":"LineString","coordinates":[[8.66324,47.74277],[8.66325,47.74273],[8.66326,47.74267],[8.66327,47.74258],[8.66326,47.74236],[8.66322,47.7418],[8.66321,47.74175]]}},{"type":"Feature","properties":{"g":"Stetten (SH)","r":300},"geometry":{"type":"LineString","coordinates":[[8.66311,47.73939],[8.66327,47.73963],[8.66334,47.73974],[8.66338,47.73982],[8.66339,47.73986],[8.66338,47.7399],[8.66337,47.73994],[8.66333,47.74001],[8.6633,47.74007],[8.66327,47.74014],[8.66323,47.74021],[8.66318,47.7403],[8.66317,47.74032],[8.66316,47.74034],[8.66314,47.74035]]}},{"type":"Feature","properties":{"g":"Stetten (SH)","r":300},"geometry":{"type":"LineString","coordinates":[[8.66321,47.74175],[8.6632,47.74151],[8.66319,47.74136],[8.66317,47.74126],[8.66317,47.74125],[8.66317,47.74118],[8.66315,47.74108],[8.66313,47.74093],[8.66312,47.74087],[8.66311,47.74082],[8.66311,47.74077],[8.66311,47.74075],[8.66311,47.74072],[8.66312,47.74067],[8.66314,47.74054],[8.66316,47.74047],[8.66316,47.74043],[8.66316,47.7404],[8.66315,47.74038],[8.66314,47.74035]]}},{"type":"Feature","properties":{"g":"Stetten (SH)","r":300},"geometry":{"type":"LineString","coordinates":[[8.65759,47.73734],[8.65722,47.737],[8.65676,47.73659],[8.65661,47.73644],[8.6565,47.73635],[8.65648,47.73633]]}},{"type":"Feature","properties":{"g":"Stetten (SH)","r":300},"geometry":{"type":"LineString","coordinates":[[8.66275,47.7386],[8.66283,47.73879],[8.66288,47.73892],[8.66292,47.73901],[8.66299,47.73917],[8.66301,47.73922],[8.66305,47.73929],[8.66308,47.73933],[8.66309,47.73936],[8.66311,47.73939]]}},{"type":"Feature","properties":{"g":"Thayngen","r":100},"geometry":{"type":"LineString","coordinates":[[8.70497,47.74574],[8.70488,47.74575]]}},{"type":"Feature","properties":{"g":"Thayngen","r":100},"geometry":{"type":"LineString","coordinates":[[8.70488,47.74575],[8.70475,47.74577]]}},{"type":"Feature","properties":{"g":"Thayngen","r":100},"geometry":{"type":"LineString","coordinates":[[8.70475,47.74577],[8.7046,47.74579]]}},{"type":"Feature","properties":{"g":"Thayngen","r":100},"geometry":{"type":"LineString","coordinates":[[8.7046,47.74579],[8.70452,47.7458]]}},{"type":"Feature","properties":{"g":"Thayngen","r":100},"geometry":{"type":"LineString","coordinates":[[8.70452,47.7458],[8.70441,47.7458]]}},{"type":"Feature","properties":{"g":"Thayngen","r":100},"geometry":{"type":"LineString","coordinates":[[8.70441,47.7458],[8.70415,47.7458]]}},{"type":"Feature","properties":{"g":"Thayngen","r":100},"geometry":{"type":"LineString","coordinates":[[8.70415,47.7458],[8.70395,47.74579]]}},{"type":"Feature","properties":{"g":"Thayngen","r":100},"geometry":{"type":"LineString","coordinates":[[8.70395,47.74579],[8.70383,47.7458]]}},{"type":"Feature","properties":{"g":"Thayngen","r":100},"geometry":{"type":"LineString","coordinates":[[8.70383,47.7458],[8.70369,47.7458]]}},{"type":"Feature","properties":{"g":"Thayngen","r":100},"geometry":{"type":"LineString","coordinates":[[8.70369,47.7458],[8.70357,47.74581]]}},{"type":"Feature","properties":{"g":"Thayngen","r":100},"geometry":{"type":"LineString","coordinates":[[8.70357,47.74581],[8.70347,47.74582]]}},{"type":"Feature","properties":{"g":"Thayngen","r":100},"geometry":{"type":"LineString","coordinates":[[8.70347,47.74582],[8.7034,47.74583]]}},{"type":"Feature","properties":{"g":"Thayngen","r":100},"geometry":{"type":"LineString","coordinates":[[8.7034,47.74583],[8.70328,47.74584]]}},{"type":"Feature","properties":{"g":"Thayngen","r":100},"geometry":{"type":"LineString","coordinates":[[8.70328,47.74584],[8.70303,47.74584]]}},{"type":"Feature","properties":{"g":"Thayngen","r":100},"geometry":{"type":"LineString","coordinates":[[8.70303,47.74584],[8.70293,47.74584]]}},{"type":"Feature","properties":{"g":"Thayngen","r":100},"geometry":{"type":"LineString","coordinates":[[8.6788,47.77284],[8.67865,47.77287],[8.67833,47.77294]]}},{"type":"Feature","properties":{"g":"Thayngen","r":100},"geometry":{"type":"LineString","coordinates":[[8.67833,47.77294],[8.67813,47.77298],[8.67805,47.77301],[8.67785,47.77307],[8.67771,47.77312],[8.67755,47.77318],[8.67742,47.77323],[8.67738,47.77325]]}},{"type":"Feature","properties":{"g":"Thayngen","r":300},"geometry":{"type":"LineString","coordinates":[[8.70549,47.74992],[8.70555,47.74996],[8.7056,47.74999],[8.70562,47.75001],[8.70562,47.75006],[8.70565,47.75014],[8.70568,47.75032],[8.70572,47.75049],[8.70573,47.75063],[8.70576,47.75076],[8.70579,47.75093],[8.70579,47.75094]]}},{"type":"Feature","properties":{"g":"Thayngen","r":300},"geometry":{"type":"LineString","coordinates":[[8.70549,47.74992],[8.70539,47.75003],[8.70528,47.75015],[8.70517,47.75028],[8.70505,47.75039],[8.70494,47.7505],[8.70474,47.75062],[8.70452,47.75075],[8.70433,47.75086],[8.70401,47.75103],[8.70391,47.75109],[8.7035,47.75132],[8.70296,47.75162],[8.70285,47.75167]]}},{"type":"Feature","properties":{"g":"Thayngen","r":300},"geometry":{"type":"LineString","coordinates":[[8.70584,47.74584],[8.70577,47.74585]]}},{"type":"Feature","properties":{"g":"Thayngen","r":300},"geometry":{"type":"LineString","coordinates":[[8.70571,47.74586],[8.70564,47.74585]]}},{"type":"Feature","properties":{"g":"Thayngen","r":300},"geometry":{"type":"LineString","coordinates":[[8.70564,47.74585],[8.70555,47.74584]]}},{"type":"Feature","properties":{"g":"Thayngen","r":300},"geometry":{"type":"LineString","coordinates":[[8.70555,47.74584],[8.70517,47.74577]]}},{"type":"Feature","properties":{"g":"Thayngen","r":300},"geometry":{"type":"LineString","coordinates":[[8.70517,47.74577],[8.70506,47.74575]]}},{"type":"Feature","properties":{"g":"Thayngen","r":300},"geometry":{"type":"LineString","coordinates":[[8.70506,47.74575],[8.70497,47.74574]]}},{"type":"Feature","properties":{"g":"Thayngen","r":300},"geometry":{"type":"LineString","coordinates":[[8.6809,47.77079],[8.68083,47.77087]]}},{"type":"Feature","properties":{"g":"Thayngen","r":300},"geometry":{"type":"LineString","coordinates":[[8.6808,47.7709],[8.68067,47.77105]]}},{"type":"Feature","properties":{"g":"Thayngen","r":300},"geometry":{"type":"LineString","coordinates":[[8.68067,47.77105],[8.68062,47.77113]]}},{"type":"Feature","properties":{"g":"Thayngen","r":300},"geometry":{"type":"LineString","coordinates":[[8.68062,47.77113],[8.68058,47.7712]]}},{"type":"Feature","properties":{"g":"Thayngen","r":300},"geometry":{"type":"LineString","coordinates":[[8.68058,47.7712],[8.68056,47.77126]]}},{"type":"Feature","properties":{"g":"Thayngen","r":300},"geometry":{"type":"LineString","coordinates":[[8.68056,47.77126],[8.68054,47.77132]]}},{"type":"Feature","properties":{"g":"Thayngen","r":300},"geometry":{"type":"LineString","coordinates":[[8.68054,47.77132],[8.68053,47.77139]]}},{"type":"Feature","properties":{"g":"Thayngen","r":300},"geometry":{"type":"LineString","coordinates":[[8.68053,47.77139],[8.68052,47.77153]]}},{"type":"Feature","properties":{"g":"Thayngen","r":300},"geometry":{"type":"LineString","coordinates":[[8.68052,47.77153],[8.68049,47.77177]]}},{"type":"Feature","properties":{"g":"Thayngen","r":300},"geometry":{"type":"LineString","coordinates":[[8.68049,47.77177],[8.68048,47.77182]]}},{"type":"Feature","properties":{"g":"Thayngen","r":300},"geometry":{"type":"LineString","coordinates":[[8.68048,47.77182],[8.68044,47.77192]]}},{"type":"Feature","properties":{"g":"Thayngen","r":300},"geometry":{"type":"LineString","coordinates":[[8.69761,47.74795],[8.6974,47.74797]]}},{"type":"Feature","properties":{"g":"Thayngen","r":300},"geometry":{"type":"LineString","coordinates":[[8.6974,47.74797],[8.69721,47.74799]]}},{"type":"Feature","properties":{"g":"Thayngen","r":300},"geometry":{"type":"LineString","coordinates":[[8.69721,47.74799],[8.69698,47.74801]]}},{"type":"Feature","properties":{"g":"Thayngen","r":300},"geometry":{"type":"LineString","coordinates":[[8.69698,47.74801],[8.69683,47.74801]]}},{"type":"Feature","properties":{"g":"Thayngen","r":300},"geometry":{"type":"LineString","coordinates":[[8.69683,47.74801],[8.69669,47.74802]]}},{"type":"Feature","properties":{"g":"Thayngen","r":300},"geometry":{"type":"LineString","coordinates":[[8.69669,47.74802],[8.69662,47.74802]]}},{"type":"Feature","properties":{"g":"Thayngen","r":300},"geometry":{"type":"LineString","coordinates":[[8.69662,47.74802],[8.69649,47.74802]]}},{"type":"Feature","properties":{"g":"Thayngen","r":300},"geometry":{"type":"LineString","coordinates":[[8.69649,47.74802],[8.69635,47.74801]]}},{"type":"Feature","properties":{"g":"Thayngen","r":300},"geometry":{"type":"LineString","coordinates":[[8.69635,47.74801],[8.6962,47.748]]}},{"type":"Feature","properties":{"g":"Thayngen","r":300},"geometry":{"type":"LineString","coordinates":[[8.6962,47.748],[8.69608,47.74799]]}},{"type":"Feature","properties":{"g":"Thayngen","r":300},"geometry":{"type":"LineString","coordinates":[[8.69608,47.74799],[8.69598,47.74797]]}},{"type":"Feature","properties":{"g":"Thayngen","r":300},"geometry":{"type":"LineString","coordinates":[[8.69884,47.74771],[8.69862,47.74776]]}},{"type":"Feature","properties":{"g":"Thayngen","r":300},"geometry":{"type":"LineString","coordinates":[[8.69862,47.74776],[8.69843,47.7478]]}},{"type":"Feature","properties":{"g":"Thayngen","r":300},"geometry":{"type":"LineString","coordinates":[[8.69843,47.7478],[8.69825,47.74784]]}},{"type":"Feature","properties":{"g":"Thayngen","r":300},"geometry":{"type":"LineString","coordinates":[[8.69825,47.74784],[8.69809,47.74787]]}},{"type":"Feature","properties":{"g":"Thayngen","r":300},"geometry":{"type":"LineString","coordinates":[[8.69809,47.74787],[8.69792,47.7479]]}},{"type":"Feature","properties":{"g":"Thayngen","r":300},"geometry":{"type":"LineString","coordinates":[[8.69792,47.7479],[8.69785,47.74791]]}},{"type":"Feature","properties":{"g":"Thayngen","r":300},"geometry":{"type":"LineString","coordinates":[[8.69785,47.74791],[8.69776,47.74792]]}},{"type":"Feature","properties":{"g":"Thayngen","r":300},"geometry":{"type":"LineString","coordinates":[[8.69776,47.74792],[8.69764,47.74794]]}},{"type":"Feature","properties":{"g":"Thayngen","r":300},"geometry":{"type":"LineString","coordinates":[[8.70015,47.74749],[8.70001,47.74751]]}},{"type":"Feature","properties":{"g":"Thayngen","r":300},"geometry":{"type":"LineString","coordinates":[[8.70001,47.74751],[8.69985,47.74752]]}},{"type":"Feature","properties":{"g":"Thayngen","r":300},"geometry":{"type":"LineString","coordinates":[[8.69985,47.74752],[8.69964,47.74755]]}},{"type":"Feature","properties":{"g":"Thayngen","r":300},"geometry":{"type":"LineString","coordinates":[[8.69964,47.74755],[8.69947,47.74757]]}},{"type":"Feature","properties":{"g":"Thayngen","r":300},"geometry":{"type":"LineString","coordinates":[[8.69947,47.74757],[8.69928,47.74761]]}},{"type":"Feature","properties":{"g":"Thayngen","r":300},"geometry":{"type":"LineString","coordinates":[[8.69928,47.74761],[8.69918,47.74763]]}},{"type":"Feature","properties":{"g":"Thayngen","r":300},"geometry":{"type":"LineString","coordinates":[[8.69918,47.74763],[8.69884,47.74771]]}},{"type":"Feature","properties":{"g":"Thayngen","r":300},"geometry":{"type":"LineString","coordinates":[[8.7009,47.74637],[8.70086,47.74657]]}},{"type":"Feature","properties":{"g":"Thayngen","r":300},"geometry":{"type":"LineString","coordinates":[[8.70086,47.74657],[8.70074,47.74711]]}},{"type":"Feature","properties":{"g":"Thayngen","r":300},"geometry":{"type":"LineString","coordinates":[[8.70074,47.74711],[8.70071,47.74727]]}},{"type":"Feature","properties":{"g":"Thayngen","r":300},"geometry":{"type":"LineString","coordinates":[[8.70071,47.74727],[8.70068,47.74732]]}},{"type":"Feature","properties":{"g":"Thayngen","r":300},"geometry":{"type":"LineString","coordinates":[[8.70068,47.74732],[8.70065,47.74737]]}},{"type":"Feature","properties":{"g":"Thayngen","r":300},"geometry":{"type":"LineString","coordinates":[[8.70065,47.74737],[8.7006,47.74741]]}},{"type":"Feature","properties":{"g":"Thayngen","r":300},"geometry":{"type":"LineString","coordinates":[[8.70055,47.74743],[8.7005,47.74746]]}},{"type":"Feature","properties":{"g":"Thayngen","r":300},"geometry":{"type":"LineString","coordinates":[[8.70044,47.74747],[8.70035,47.74748]]}},{"type":"Feature","properties":{"g":"Thayngen","r":300},"geometry":{"type":"LineString","coordinates":[[8.70035,47.74748],[8.70015,47.74749]]}},{"type":"Feature","properties":{"g":"Thayngen","r":300},"geometry":{"type":"LineString","coordinates":[[8.70099,47.746],[8.70096,47.74608]]}},{"type":"Feature","properties":{"g":"Thayngen","r":300},"geometry":{"type":"LineString","coordinates":[[8.70096,47.74608],[8.70093,47.74622]]}},{"type":"Feature","properties":{"g":"Thayngen","r":300},"geometry":{"type":"LineString","coordinates":[[8.70093,47.74622],[8.7009,47.74637]]}},{"type":"Feature","properties":{"g":"Thayngen","r":300},"geometry":{"type":"LineString","coordinates":[[8.70497,47.74574],[8.70488,47.74575]]}},{"type":"Feature","properties":{"g":"Thayngen","r":300},"geometry":{"type":"LineString","coordinates":[[8.70488,47.74575],[8.70475,47.74577]]}},{"type":"Feature","properties":{"g":"Thayngen","r":300},"geometry":{"type":"LineString","coordinates":[[8.70475,47.74577],[8.7046,47.74579]]}},{"type":"Feature","properties":{"g":"Thayngen","r":300},"geometry":{"type":"LineString","coordinates":[[8.7046,47.74579],[8.70452,47.7458]]}},{"type":"Feature","properties":{"g":"Thayngen","r":300},"geometry":{"type":"LineString","coordinates":[[8.70452,47.7458],[8.70441,47.7458]]}},{"type":"Feature","properties":{"g":"Thayngen","r":300},"geometry":{"type":"LineString","coordinates":[[8.70441,47.7458],[8.70415,47.7458]]}},{"type":"Feature","properties":{"g":"Thayngen","r":300},"geometry":{"type":"LineString","coordinates":[[8.70415,47.7458],[8.70395,47.74579]]}},{"type":"Feature","properties":{"g":"Thayngen","r":300},"geometry":{"type":"LineString","coordinates":[[8.70395,47.74579],[8.70383,47.7458]]}},{"type":"Feature","properties":{"g":"Thayngen","r":300},"geometry":{"type":"LineString","coordinates":[[8.70383,47.7458],[8.70369,47.7458]]}},{"type":"Feature","properties":{"g":"Thayngen","r":300},"geometry":{"type":"LineString","coordinates":[[8.70369,47.7458],[8.70357,47.74581]]}},{"type":"Feature","properties":{"g":"Thayngen","r":300},"geometry":{"type":"LineString","coordinates":[[8.70357,47.74581],[8.70347,47.74582]]}},{"type":"Feature","properties":{"g":"Thayngen","r":300},"geometry":{"type":"LineString","coordinates":[[8.70347,47.74582],[8.7034,47.74583]]}},{"type":"Feature","properties":{"g":"Thayngen","r":300},"geometry":{"type":"LineString","coordinates":[[8.7034,47.74583],[8.70328,47.74584]]}},{"type":"Feature","properties":{"g":"Thayngen","r":300},"geometry":{"type":"LineString","coordinates":[[8.70328,47.74584],[8.70303,47.74584]]}},{"type":"Feature","properties":{"g":"Thayngen","r":300},"geometry":{"type":"LineString","coordinates":[[8.70303,47.74584],[8.70266,47.74584]]}},{"type":"Feature","properties":{"g":"Thayngen","r":300},"geometry":{"type":"LineString","coordinates":[[8.70266,47.74584],[8.70174,47.74584]]}},{"type":"Feature","properties":{"g":"Thayngen","r":300},"geometry":{"type":"LineString","coordinates":[[8.70174,47.74584],[8.70137,47.74584]]}},{"type":"Feature","properties":{"g":"Thayngen","r":300},"geometry":{"type":"LineString","coordinates":[[8.70137,47.74584],[8.7013,47.74584]]}},{"type":"Feature","properties":{"g":"Thayngen","r":300},"geometry":{"type":"LineString","coordinates":[[8.70646,47.74596],[8.70655,47.74605],[8.70667,47.74617],[8.7068,47.74634],[8.70681,47.74637],[8.70684,47.74642],[8.70694,47.74656],[8.70702,47.74672]]}},{"type":"Feature","properties":{"g":"Thayngen","r":300},"geometry":{"type":"LineString","coordinates":[[8.70702,47.74672],[8.70707,47.74683],[8.70711,47.74693],[8.70712,47.74698],[8.70713,47.74701],[8.70713,47.74705],[8.70712,47.74712],[8.70709,47.74722]]}},{"type":"Feature","properties":{"g":"Thayngen","r":300},"geometry":{"type":"LineString","coordinates":[[8.70709,47.74722],[8.70707,47.74734],[8.70706,47.74739],[8.70704,47.74743],[8.70701,47.74751],[8.70689,47.74775],[8.70675,47.74807],[8.7066,47.74838],[8.70652,47.74857],[8.70648,47.74865],[8.70643,47.74876],[8.70639,47.74884],[8.70632,47.74894],[8.70631,47.74896],[8.70624,47.74906],[8.70616,47.74915],[8.70608,47.74925],[8.70594,47.74942],[8.70575,47.74963],[8.70567,47.7497],[8.70559,47.7498],[8.70549,47.74992]]}},{"type":"Feature","properties":{"g":"Thayngen","r":300},"geometry":{"type":"LineString","coordinates":[[8.67706,47.77341],[8.67695,47.77345]]}},{"type":"Feature","properties":{"g":"Thayngen","r":300},"geometry":{"type":"LineString","coordinates":[[8.67695,47.77345],[8.67686,47.7735]]}},{"type":"Feature","properties":{"g":"Thayngen","r":300},"geometry":{"type":"LineString","coordinates":[[8.67686,47.7735],[8.67663,47.77359]]}},{"type":"Feature","properties":{"g":"Thayngen","r":300},"geometry":{"type":"LineString","coordinates":[[8.67663,47.77359],[8.67646,47.77366]]}},{"type":"Feature","properties":{"g":"Thayngen","r":300},"geometry":{"type":"LineString","coordinates":[[8.67646,47.77366],[8.6763,47.77371]]}},{"type":"Feature","properties":{"g":"Thayngen","r":300},"geometry":{"type":"LineString","coordinates":[[8.6763,47.77371],[8.67614,47.77375]]}},{"type":"Feature","properties":{"g":"Thayngen","r":300},"geometry":{"type":"LineString","coordinates":[[8.67614,47.77375],[8.676,47.77379]]}},{"type":"Feature","properties":{"g":"Thayngen","r":300},"geometry":{"type":"LineString","coordinates":[[8.676,47.77379],[8.6756,47.7739]]}},{"type":"Feature","properties":{"g":"Thayngen","r":300},"geometry":{"type":"LineString","coordinates":[[8.6756,47.7739],[8.67536,47.77396]]}},{"type":"Feature","properties":{"g":"Thayngen","r":300},"geometry":{"type":"LineString","coordinates":[[8.67536,47.77396],[8.67464,47.77415]]}},{"type":"Feature","properties":{"g":"Thayngen","r":300},"geometry":{"type":"LineString","coordinates":[[8.70559,47.74395],[8.70546,47.74407],[8.70537,47.74417],[8.70534,47.74422],[8.7053,47.74427],[8.70528,47.74434],[8.70526,47.74442],[8.70525,47.74448],[8.70524,47.74458],[8.70524,47.74464],[8.70526,47.74474],[8.70528,47.74478],[8.7053,47.74484],[8.70536,47.74492],[8.70542,47.745],[8.7055,47.74508],[8.70557,47.74514],[8.70567,47.74524],[8.70574,47.7453],[8.70587,47.74542],[8.70608,47.74561]]}},{"type":"Feature","properties":{"g":"Thayngen","r":300},"geometry":{"type":"LineString","coordinates":[[8.70608,47.74561],[8.70604,47.74569],[8.70599,47.74575],[8.70594,47.7458],[8.70589,47.74582]]}},{"type":"Feature","properties":{"g":"Thayngen","r":300},"geometry":{"type":"LineString","coordinates":[[8.70549,47.74384],[8.70549,47.74384],[8.70559,47.74395]]}},{"type":"Feature","properties":{"g":"Thayngen","r":300},"geometry":{"type":"LineString","coordinates":[[8.68044,47.77192],[8.68039,47.77201],[8.68029,47.77213],[8.68019,47.77222],[8.6801,47.77229],[8.67999,47.77236],[8.67986,47.77243],[8.67969,47.77252],[8.67954,47.77258],[8.67938,47.77265],[8.67919,47.77272],[8.67902,47.77277],[8.67883,47.77283],[8.67865,47.77287],[8.67833,47.77294]]}},{"type":"Feature","properties":{"g":"Thayngen","r":300},"geometry":{"type":"LineString","coordinates":[[8.67833,47.77294],[8.67813,47.77298],[8.67805,47.77301],[8.67785,47.77307],[8.67771,47.77312],[8.67755,47.77318],[8.67742,47.77323],[8.67728,47.7733],[8.67716,47.77335],[8.67706,47.77341]]}},{"type":"Feature","properties":{"g":"Wilchingen","r":100},"geometry":{"type":"LineString","coordinates":[[8.48763,47.66286],[8.48769,47.66287],[8.4878,47.66289],[8.48795,47.66292],[8.48807,47.66295],[8.48824,47.66298],[8.48844,47.66302],[8.48858,47.66304],[8.48867,47.66306],[8.48876,47.66308],[8.48888,47.66309],[8.48896,47.6631],[8.48905,47.66312],[8.48912,47.66313],[8.48922,47.66313],[8.48932,47.66314],[8.48943,47.66315]]}},{"type":"Feature","properties":{"g":"Wilchingen","r":300},"geometry":{"type":"LineString","coordinates":[[8.46448,47.67208],[8.46451,47.67203]]}},{"type":"Feature","properties":{"g":"Wilchingen","r":300},"geometry":{"type":"LineString","coordinates":[[8.46453,47.67201],[8.46457,47.67193]]}},{"type":"Feature","properties":{"g":"Wilchingen","r":300},"geometry":{"type":"LineString","coordinates":[[8.46457,47.67193],[8.46461,47.67183]]}},{"type":"Feature","properties":{"g":"Wilchingen","r":300},"geometry":{"type":"LineString","coordinates":[[8.46461,47.67183],[8.46464,47.67176]]}},{"type":"Feature","properties":{"g":"Wilchingen","r":300},"geometry":{"type":"LineString","coordinates":[[8.46464,47.67176],[8.46466,47.67169]]}},{"type":"Feature","properties":{"g":"Wilchingen","r":300},"geometry":{"type":"LineString","coordinates":[[8.46466,47.67169],[8.46468,47.67159]]}},{"type":"Feature","properties":{"g":"Wilchingen","r":300},"geometry":{"type":"LineString","coordinates":[[8.46468,47.67159],[8.46468,47.67153]]}},{"type":"Feature","properties":{"g":"Wilchingen","r":300},"geometry":{"type":"LineString","coordinates":[[8.46468,47.67153],[8.46469,47.67143]]}},{"type":"Feature","properties":{"g":"Wilchingen","r":300},"geometry":{"type":"LineString","coordinates":[[8.46469,47.67143],[8.46469,47.67137]]}},{"type":"Feature","properties":{"g":"Wilchingen","r":300},"geometry":{"type":"LineString","coordinates":[[8.46469,47.67137],[8.46468,47.67127]]}},{"type":"Feature","properties":{"g":"Wilchingen","r":300},"geometry":{"type":"LineString","coordinates":[[8.46468,47.67127],[8.46467,47.67119]]}},{"type":"Feature","properties":{"g":"Wilchingen","r":300},"geometry":{"type":"LineString","coordinates":[[8.46466,47.67115],[8.46464,47.67108]]}},{"type":"Feature","properties":{"g":"Wilchingen","r":300},"geometry":{"type":"LineString","coordinates":[[8.46464,47.67108],[8.4646,47.67094]]}},{"type":"Feature","properties":{"g":"Wilchingen","r":300},"geometry":{"type":"LineString","coordinates":[[8.4646,47.67094],[8.46458,47.67084]]}},{"type":"Feature","properties":{"g":"Wilchingen","r":300},"geometry":{"type":"LineString","coordinates":[[8.46458,47.67084],[8.46453,47.67069]]}},{"type":"Feature","properties":{"g":"Wilchingen","r":300},"geometry":{"type":"LineString","coordinates":[[8.46453,47.67069],[8.4645,47.67059]]}},{"type":"Feature","properties":{"g":"Wilchingen","r":300},"geometry":{"type":"LineString","coordinates":[[8.4645,47.67059],[8.46447,47.67047]]}},{"type":"Feature","properties":{"g":"Wilchingen","r":300},"geometry":{"type":"LineString","coordinates":[[8.46447,47.67047],[8.46444,47.67037]]}},{"type":"Feature","properties":{"g":"Wilchingen","r":300},"geometry":{"type":"LineString","coordinates":[[8.46444,47.67037],[8.46441,47.67028]]}},{"type":"Feature","properties":{"g":"Wilchingen","r":300},"geometry":{"type":"LineString","coordinates":[[8.46441,47.67028],[8.46439,47.67021]]}},{"type":"Feature","properties":{"g":"Wilchingen","r":300},"geometry":{"type":"LineString","coordinates":[[8.46439,47.67021],[8.46436,47.67011]]}},{"type":"Feature","properties":{"g":"Wilchingen","r":300},"geometry":{"type":"LineString","coordinates":[[8.46436,47.67011],[8.46431,47.66995]]}},{"type":"Feature","properties":{"g":"Wilchingen","r":300},"geometry":{"type":"LineString","coordinates":[[8.46431,47.66995],[8.46428,47.66981]]}},{"type":"Feature","properties":{"g":"Wilchingen","r":300},"geometry":{"type":"LineString","coordinates":[[8.46428,47.66981],[8.46422,47.66962]]}},{"type":"Feature","properties":{"g":"Wilchingen","r":300},"geometry":{"type":"LineString","coordinates":[[8.46422,47.66962],[8.46418,47.6695]]}},{"type":"Feature","properties":{"g":"Wilchingen","r":300},"geometry":{"type":"LineString","coordinates":[[8.46418,47.6695],[8.46413,47.66934]]}},{"type":"Feature","properties":{"g":"Wilchingen","r":300},"geometry":{"type":"LineString","coordinates":[[8.46413,47.66934],[8.46409,47.6692]]}},{"type":"Feature","properties":{"g":"Wilchingen","r":300},"geometry":{"type":"LineString","coordinates":[[8.46409,47.6692],[8.46406,47.6691]]}},{"type":"Feature","properties":{"g":"Wilchingen","r":300},"geometry":{"type":"LineString","coordinates":[[8.46406,47.6691],[8.46403,47.66899]]}},{"type":"Feature","properties":{"g":"Wilchingen","r":300},"geometry":{"type":"LineString","coordinates":[[8.46403,47.66899],[8.46399,47.66888]]}},{"type":"Feature","properties":{"g":"Wilchingen","r":300},"geometry":{"type":"LineString","coordinates":[[8.46399,47.66888],[8.46397,47.66879]]}},{"type":"Feature","properties":{"g":"Wilchingen","r":300},"geometry":{"type":"LineString","coordinates":[[8.46397,47.66879],[8.46388,47.66849]]}},{"type":"Feature","properties":{"g":"Wilchingen","r":300},"geometry":{"type":"LineString","coordinates":[[8.46388,47.66849],[8.4638,47.66818]]}},{"type":"Feature","properties":{"g":"Wilchingen","r":300},"geometry":{"type":"LineString","coordinates":[[8.4638,47.66818],[8.46375,47.66799]]}},{"type":"Feature","properties":{"g":"Wilchingen","r":300},"geometry":{"type":"LineString","coordinates":[[8.46375,47.66799],[8.46372,47.66791]]}},{"type":"Feature","properties":{"g":"Wilchingen","r":300},"geometry":{"type":"LineString","coordinates":[[8.46372,47.66791],[8.46371,47.66786]]}},{"type":"Feature","properties":{"g":"Wilchingen","r":300},"geometry":{"type":"LineString","coordinates":[[8.46371,47.66786],[8.46371,47.66781]]}},{"type":"Feature","properties":{"g":"Wilchingen","r":300},"geometry":{"type":"LineString","coordinates":[[8.46379,47.66772],[8.46386,47.6677]]}},{"type":"Feature","properties":{"g":"Wilchingen","r":300},"geometry":{"type":"LineString","coordinates":[[8.46386,47.6677],[8.46394,47.66769]]}},{"type":"Feature","properties":{"g":"Wilchingen","r":300},"geometry":{"type":"LineString","coordinates":[[8.46394,47.66769],[8.46406,47.66768]]}},{"type":"Feature","properties":{"g":"Wilchingen","r":300},"geometry":{"type":"LineString","coordinates":[[8.46406,47.66768],[8.46505,47.66761]]}},{"type":"Feature","properties":{"g":"Wilchingen","r":300},"geometry":{"type":"LineString","coordinates":[[8.46505,47.66761],[8.46597,47.66757]]}},{"type":"Feature","properties":{"g":"Wilchingen","r":300},"geometry":{"type":"LineString","coordinates":[[8.46597,47.66757],[8.46673,47.66754]]}},{"type":"Feature","properties":{"g":"Wilchingen","r":300},"geometry":{"type":"LineString","coordinates":[[8.46673,47.66754],[8.46701,47.66754]]}},{"type":"Feature","properties":{"g":"Wilchingen","r":300},"geometry":{"type":"LineString","coordinates":[[8.46701,47.66754],[8.46722,47.66754]]}},{"type":"Feature","properties":{"g":"Wilchingen","r":300},"geometry":{"type":"LineString","coordinates":[[8.46722,47.66754],[8.46788,47.66757]]}},{"type":"Feature","properties":{"g":"Wilchingen","r":300},"geometry":{"type":"LineString","coordinates":[[8.46788,47.66757],[8.46797,47.66757]]}},{"type":"Feature","properties":{"g":"Wilchingen","r":300},"geometry":{"type":"LineString","coordinates":[[8.46797,47.66757],[8.46806,47.66757]]}},{"type":"Feature","properties":{"g":"Wilchingen","r":300},"geometry":{"type":"LineString","coordinates":[[8.46806,47.66757],[8.46818,47.66757]]}},{"type":"Feature","properties":{"g":"Wilchingen","r":300},"geometry":{"type":"LineString","coordinates":[[8.46818,47.66757],[8.46839,47.66755]]}},{"type":"Feature","properties":{"g":"Wilchingen","r":300},"geometry":{"type":"LineString","coordinates":[[8.46839,47.66755],[8.46866,47.66752]]}},{"type":"Feature","properties":{"g":"Wilchingen","r":300},"geometry":{"type":"LineString","coordinates":[[8.46866,47.66752],[8.46911,47.66747]]}},{"type":"Feature","properties":{"g":"Wilchingen","r":300},"geometry":{"type":"LineString","coordinates":[[8.46911,47.66747],[8.46939,47.66743]]}},{"type":"Feature","properties":{"g":"Wilchingen","r":300},"geometry":{"type":"LineString","coordinates":[[8.46939,47.66743],[8.46952,47.66742]]}},{"type":"Feature","properties":{"g":"Wilchingen","r":300},"geometry":{"type":"LineString","coordinates":[[8.46952,47.66742],[8.46961,47.66741]]}},{"type":"Feature","properties":{"g":"Wilchingen","r":300},"geometry":{"type":"LineString","coordinates":[[8.46976,47.66726],[8.46975,47.66721]]}},{"type":"Feature","properties":{"g":"Wilchingen","r":300},"geometry":{"type":"LineString","coordinates":[[8.46975,47.66721],[8.46972,47.66716]]}},{"type":"Feature","properties":{"g":"Wilchingen","r":300},"geometry":{"type":"LineString","coordinates":[[8.46972,47.66716],[8.46967,47.66707]]}},{"type":"Feature","properties":{"g":"Wilchingen","r":300},"geometry":{"type":"LineString","coordinates":[[8.46967,47.66707],[8.46962,47.66701]]}},{"type":"Feature","properties":{"g":"Wilchingen","r":300},"geometry":{"type":"LineString","coordinates":[[8.46962,47.66701],[8.46954,47.6669]]}},{"type":"Feature","properties":{"g":"Wilchingen","r":300},"geometry":{"type":"LineString","coordinates":[[8.46954,47.6669],[8.46945,47.66679]]}},{"type":"Feature","properties":{"g":"Wilchingen","r":300},"geometry":{"type":"LineString","coordinates":[[8.46945,47.66679],[8.46938,47.6667]]}},{"type":"Feature","properties":{"g":"Wilchingen","r":300},"geometry":{"type":"LineString","coordinates":[[8.46938,47.6667],[8.46927,47.66658]]}},{"type":"Feature","properties":{"g":"Wilchingen","r":300},"geometry":{"type":"LineString","coordinates":[[8.46927,47.66658],[8.46919,47.66649]]}},{"type":"Feature","properties":{"g":"Wilchingen","r":300},"geometry":{"type":"LineString","coordinates":[[8.46919,47.66649],[8.46913,47.66642]]}},{"type":"Feature","properties":{"g":"Wilchingen","r":300},"geometry":{"type":"LineString","coordinates":[[8.46913,47.66642],[8.46905,47.66633]]}},{"type":"Feature","properties":{"g":"Wilchingen","r":300},"geometry":{"type":"LineString","coordinates":[[8.46902,47.6663],[8.46896,47.66623]]}},{"type":"Feature","properties":{"g":"Wilchingen","r":300},"geometry":{"type":"LineString","coordinates":[[8.46896,47.66623],[8.46888,47.66614]]}},{"type":"Feature","properties":{"g":"Wilchingen","r":300},"geometry":{"type":"LineString","coordinates":[[8.46888,47.66614],[8.46884,47.6661]]}},{"type":"Feature","properties":{"g":"Wilchingen","r":300},"geometry":{"type":"LineString","coordinates":[[8.46882,47.66607],[8.46878,47.66603]]}},{"type":"Feature","properties":{"g":"Wilchingen","r":300},"geometry":{"type":"LineString","coordinates":[[8.46878,47.66603],[8.46875,47.66598]]}},{"type":"Feature","properties":{"g":"Wilchingen","r":300},"geometry":{"type":"LineString","coordinates":[[8.46872,47.66592],[8.46871,47.66587]]}},{"type":"Feature","properties":{"g":"Wilchingen","r":300},"geometry":{"type":"LineString","coordinates":[[8.48512,47.66226],[8.48514,47.66227],[8.48527,47.66229],[8.48535,47.66232],[8.48543,47.66234],[8.48547,47.66234],[8.48554,47.66236],[8.48563,47.66238],[8.48572,47.6624],[8.48586,47.66243],[8.48599,47.66247],[8.48612,47.6625],[8.48624,47.66253],[8.48639,47.66256],[8.48653,47.6626],[8.48668,47.66264],[8.48681,47.66267],[8.48696,47.6627],[8.48708,47.66273],[8.48721,47.66277],[8.48727,47.66278],[8.48738,47.6628],[8.4875,47.66283],[8.4876,47.66285],[8.48769,47.66287],[8.4878,47.66289],[8.48795,47.66292],[8.48807,47.66295],[8.48824,47.66298],[8.48844,47.66302],[8.48858,47.66304],[8.48867,47.66306],[8.48876,47.66308],[8.48888,47.66309],[8.48896,47.6631],[8.48905,47.66312],[8.48912,47.66313],[8.48922,47.66313],[8.48932,47.66314],[8.48943,47.66315]]}}]}