{"type":"FeatureCollection","features":[{"type":"Feature","properties":{"einwohner":24,"laut65":false,"initiative":true,"gegenvorschlag":false},"geometry":{"type":"Polygon","coordinates":[[[8.720412659630965,47.70673806317909],[8.720434426077034,47.70763726199181],[8.71910221533306,47.70765194624663],[8.719080471516563,47.706752747186904],[8.720412659630965,47.70673806317909]]]}},{"type":"Feature","properties":{"einwohner":3,"laut65":false,"initiative":true,"gegenvorschlag":true},"geometry":{"type":"Polygon","coordinates":[[[8.46402785950507,47.67870282242818],[8.464045260103866,47.67960207509239],[8.46271369007626,47.67961381884933],[8.462696312088275,47.67871456598765],[8.46402785950507,47.67870282242818]]]}},{"type":"Feature","properties":{"einwohner":44,"laut65":false,"initiative":true,"gegenvorschlag":false},"geometry":{"type":"Polygon","coordinates":[[[8.485404309247402,47.74956454443317],[8.485422096976139,47.75046376782153],[8.484088747287766,47.75047575659022],[8.484070982230449,47.749576533000045],[8.485404309247402,47.74956454443317]]]}},{"type":"Feature","properties":{"einwohner":58,"laut65":true,"initiative":true,"gegenvorschlag":false},"geometry":{"type":"Polygon","coordinates":[[[8.628489976849046,47.707715415752546],[8.628510181754944,47.70861463100553],[8.627177921545533,47.708628260995674],[8.627157739272103,47.707729045513425],[8.628489976849046,47.707715415752546]]]}},{"type":"Feature","properties":{"einwohner":3,"laut65":false,"initiative":false,"gegenvorschlag":true},"geometry":{"type":"Polygon","coordinates":[[[8.601154191445067,47.67651220761576],[8.60117392008927,47.677411438894936],[8.599842437934669,47.677424755447404],[8.599822731896689,47.6765255239444],[8.601154191445067,47.67651220761576]]]}},{"type":"Feature","properties":{"einwohner":35,"laut65":true,"initiative":true,"gegenvorschlag":true},"geometry":{"type":"Polygon","coordinates":[[[8.663439883879937,47.72084378192312],[8.663460687880573,47.7217429861126],[8.662128106314237,47.7217570169109],[8.662107324956608,47.72085781248533],[8.663439883879937,47.72084378192312]]]}},{"type":"Feature","properties":{"einwohner":18,"laut65":true,"initiative":true,"gegenvorschlag":true},"geometry":{"type":"Polygon","coordinates":[[[8.82177416194888,47.71007326836795],[8.821797652125971,47.71097244598638],[8.82046538698313,47.71098829270266],[8.820441919436044,47.710089114817634],[8.82177416194888,47.71007326836795]]]}},{"type":"Feature","properties":{"einwohner":4,"laut65":false,"initiative":true,"gegenvorschlag":true},"geometry":{"type":"Polygon","coordinates":[[[8.676841993898577,47.78096260326563],[8.676863049903044,47.781861782320014],[8.675528955945188,47.78187596665694],[8.675507922635301,47.780976787363635],[8.676841993898577,47.78096260326563]]]}},{"type":"Feature","properties":{"einwohner":21,"laut65":false,"initiative":true,"gegenvorschlag":true},"geometry":{"type":"Polygon","coordinates":[[[8.651364434250919,47.717372678222404],[8.651385031645978,47.718271885868475],[8.650052534281382,47.71828577818245],[8.6500319595266,47.71738657030269],[8.651364434250919,47.717372678222404]]]}},{"type":"Feature","properties":{"einwohner":39,"laut65":false,"initiative":true,"gegenvorschlag":false},"geometry":{"type":"Polygon","coordinates":[[[8.628409164130645,47.704118551420976],[8.628429366274549,47.70501776800137],[8.627097196590364,47.705031397074485],[8.627077017075834,47.70413218026484],[8.628409164130645,47.704118551420976]]]}},{"type":"Feature","properties":{"einwohner":14,"laut65":true,"initiative":true,"gegenvorschlag":true},"geometry":{"type":"Polygon","coordinates":[[[8.821680209268889,47.70647655455129],[8.821703696234728,47.70737573350645],[8.82037152160726,47.70739157915647],[8.820348057268339,47.706492399934774],[8.821680209268889,47.70647655455129]]]}},{"type":"Feature","properties":{"einwohner":3,"laut65":false,"initiative":true,"gegenvorschlag":true},"geometry":{"type":"Polygon","coordinates":[[[8.663356674989844,47.71724696181036],[8.663377476145582,47.718146167341324],[8.662044985146625,47.71816019719537],[8.662024206630793,47.717260991428375],[8.663356674989844,47.71724696181036]]]}},{"type":"Feature","properties":{"einwohner":15,"laut65":false,"initiative":true,"gegenvorschlag":true},"geometry":{"type":"Polygon","coordinates":[[[8.609719375413082,47.7627699803637],[8.609739282319447,47.763669178355876],[8.60840562976264,47.7636825929131],[8.608385745536602,47.76278339469506],[8.609719375413082,47.7627699803637]]]}},{"type":"Feature","properties":{"einwohner":49,"laut65":false,"initiative":true,"gegenvorschlag":false},"geometry":{"type":"Polygon","coordinates":[[[8.624573814212972,47.711353120961604],[8.624593953974706,47.71225233557083],[8.623261601160056,47.71226592063576],[8.623241484034002,47.71136670579802],[8.624573814212972,47.711353120961604]]]}},{"type":"Feature","properties":{"einwohner":12,"laut65":false,"initiative":true,"gegenvorschlag":false},"geometry":{"type":"Polygon","coordinates":[[[8.835479877100656,47.673930690253876],[8.835503583786156,47.674829878135526],[8.834172232095035,47.674845882146904],[8.83414854800814,47.67394669399622],[8.835479877100656,47.673930690253876]]]}},{"type":"Feature","properties":{"einwohner":23,"laut65":true,"initiative":true,"gegenvorschlag":true},"geometry":{"type":"Polygon","coordinates":[[[8.632162414788498,47.69328695674517],[8.63218267651036,47.69418617659762],[8.630850780399816,47.69419984874719],[8.630830541297936,47.69330062866488],[8.632162414788498,47.69328695674517]]]}},{"type":"Feature","properties":{"einwohner":102,"laut65":false,"initiative":true,"gegenvorschlag":true},"geometry":{"type":"Polygon","coordinates":[[[8.60922239575367,47.68002890673231],[8.60924226274816,47.68092813536333],[8.607910694215983,47.68094154444348],[8.607890849830572,47.68004231558703],[8.60922239575367,47.68002890673231]]]}},{"type":"Feature","properties":{"einwohner":7,"laut65":false,"initiative":true,"gegenvorschlag":false},"geometry":{"type":"Polygon","coordinates":[[[8.479151584890554,47.70285228373918],[8.479169250493074,47.703751525387325],[8.47783707627149,47.70376344255268],[8.477819433300262,47.70286420070414],[8.479151584890554,47.70285228373918]]]}},{"type":"Feature","properties":{"einwohner":10,"laut65":true,"initiative":true,"gegenvorschlag":true},"geometry":{"type":"Polygon","coordinates":[[[8.501509347531437,47.68825950167353],[8.501527387995448,47.68915874512744],[8.500195586140446,47.689170918766955],[8.500177568294749,47.688271675108346],[8.501509347531437,47.68825950167353]]]}},{"type":"Feature","properties":{"einwohner":11,"laut65":false,"initiative":false,"gegenvorschlag":true},"geometry":{"type":"Polygon","coordinates":[[[8.465655681840394,47.693978311311824],[8.465673115170496,47.69487755824019],[8.464341161235826,47.69488932063137],[8.464323750529632,47.69399007350522],[8.465655681840394,47.693978311311824]]]}},{"type":"Feature","properties":{"einwohner":15,"laut65":false,"initiative":true,"gegenvorschlag":false},"geometry":{"type":"Polygon","coordinates":[[[8.482684431090362,47.74689083285233],[8.482702171655108,47.747790057667274],[8.481368888763877,47.74780201524635],[8.481351170868301,47.746902790230145],[8.482684431090362,47.74689083285233]]]}},{"type":"Feature","properties":{"einwohner":44,"laut65":true,"initiative":true,"gegenvorschlag":true},"geometry":{"type":"Polygon","coordinates":[[[8.58425343444486,47.695567977894825],[8.58427288315133,47.696467205204854],[8.582940917388449,47.69648032786524],[8.58292149130493,47.695581100334486],[8.58425343444486,47.695567977894825]]]}},{"type":"Feature","properties":{"einwohner":3,"laut65":true,"initiative":true,"gegenvorschlag":true},"geometry":{"type":"Polygon","coordinates":[[[8.637754534688275,47.704921936686894],[8.637774895932509,47.70582115132381],[8.636442708467765,47.70583488757856],[8.636422369853394,47.704935672710555],[8.637754534688275,47.704921936686894]]]}},{"type":"Feature","properties":{"einwohner":11,"laut65":false,"initiative":true,"gegenvorschlag":true},"geometry":{"type":"Polygon","coordinates":[[[8.676673571817892,47.77376915822941],[8.676694622054962,47.77466834008201],[8.675360709631995,47.774682522507675],[8.675339682083294,47.77378334041623],[8.676673571817892,47.77376915822941]]]}},{"type":"Feature","properties":{"einwohner":13,"laut65":false,"initiative":true,"gegenvorschlag":false},"geometry":{"type":"Polygon","coordinates":[[[8.565668058076986,47.57342619675519],[8.565687146545812,47.574325469381535],[8.564358242577178,47.57433837919625],[8.564339176627076,47.57343910635331],[8.565668058076986,47.57342619675519]]]}},{"type":"Feature","properties":{"einwohner":41,"laut65":true,"initiative":true,"gegenvorschlag":true},"geometry":{"type":"Polygon","coordinates":[[[8.857630702785135,47.65567255712532],[8.857654777196668,47.65657174687121],[8.856323891182,47.65658800497288],[8.85629983935285,47.65568881495377],[8.857630702785135,47.65567255712532]]]}},{"type":"Feature","properties":{"einwohner":8,"laut65":false,"initiative":true,"gegenvorschlag":true},"geometry":{"type":"Polygon","coordinates":[[[8.87234311707647,47.65819027289816],[8.872367442381615,47.65908945865565],[8.87103649769775,47.6591058854745],[8.871012194976764,47.65820669944099],[8.87234311707647,47.65819027289816]]]}},{"type":"Feature","properties":{"einwohner":6,"laut65":false,"initiative":true,"gegenvorschlag":true},"geometry":{"type":"Polygon","coordinates":[[[8.637673096669426,47.70132507482553],[8.637693455130508,47.70222429078746],[8.636361358180578,47.70223802611804],[8.636341022346269,47.701338809925126],[8.637673096669426,47.70132507482553]]]}},{"type":"Feature","properties":{"einwohner":87,"laut65":false,"initiative":true,"gegenvorschlag":true},"geometry":{"type":"Polygon","coordinates":[[[8.636402031934097,47.70403645751098],[8.636422369853394,47.704935672710555],[8.635090204323433,47.70494939345561],[8.635069889033272,47.70405017802529],[8.636402031934097,47.70403645751098]]]}},{"type":"Feature","properties":{"einwohner":8,"laut65":false,"initiative":true,"gegenvorschlag":false},"geometry":{"type":"Polygon","coordinates":[[[8.590363289399887,47.73148413349418],[8.590382855333212,47.732383346583326],[8.589049986687172,47.732396539224666],[8.58903044340759,47.7314973259135],[8.590363289399887,47.73148413349418]]]}},{"type":"Feature","properties":{"einwohner":23,"laut65":false,"initiative":true,"gegenvorschlag":false},"geometry":{"type":"Polygon","coordinates":[[[8.653604857273724,47.756923577189994],[8.65362550836681,47.757822769654815],[8.65229201476914,47.757836687554274],[8.65227138635038,47.75693749485514],[8.653604857273724,47.756923577189994]]]}},{"type":"Feature","properties":{"einwohner":4,"laut65":false,"initiative":true,"gegenvorschlag":true},"geometry":{"type":"Polygon","coordinates":[[[8.66495990752353,47.728922559544735],[8.664980740577539,47.72982176046664],[8.663647955901032,47.72983580867545],[8.66362714549695,47.72893660751714],[8.66495990752353,47.728922559544735]]]}},{"type":"Feature","properties":{"einwohner":197,"laut65":true,"initiative":true,"gegenvorschlag":true},"geometry":{"type":"Polygon","coordinates":[[[8.619934884298685,47.68261876559201],[8.619954934218608,47.68351799143314],[8.618623303305487,47.68353152337119],[8.618603275996636,47.682632297302554],[8.619934884298685,47.68261876559201]]]}},{"type":"Feature","properties":{"einwohner":3,"laut65":false,"initiative":true,"gegenvorschlag":true},"geometry":{"type":"Polygon","coordinates":[[[8.478684648606365,47.74692665911017],[8.47870232116351,47.74782588452813],[8.477369036455919,47.74783779623083],[8.477351386568042,47.74693857061234],[8.478684648606365,47.74692665911017]]]}},{"type":"Feature","properties":{"einwohner":3,"laut65":false,"initiative":false,"gegenvorschlag":true},"geometry":{"type":"Polygon","coordinates":[[[8.43442952235611,47.662770972578905],[8.434446415123753,47.66367023531874],[8.433115239107453,47.663681639621515],[8.433098368937475,47.66278237669004],[8.43442952235611,47.662770972578905]]]}},{"type":"Feature","properties":{"einwohner":8,"laut65":false,"initiative":false,"gegenvorschlag":true},"geometry":{"type":"Polygon","coordinates":[[[8.87098789308527,47.65730751308515],[8.871012194976764,47.65820669944099],[8.86968127204757,47.658223110720726],[8.86965699273951,47.65732392408912],[8.87098789308527,47.65730751308515]]]}},{"type":"Feature","properties":{"einwohner":12,"laut65":true,"initiative":true,"gegenvorschlag":true},"geometry":{"type":"Polygon","coordinates":[[[8.636320687206872,47.70043959340149],[8.636341022346269,47.701338809925126],[8.635008947328192,47.701352529747105],[8.634988634814833,47.70045331299278],[8.636320687206872,47.70043959340149]]]}},{"type":"Feature","properties":{"einwohner":23,"laut65":false,"initiative":true,"gegenvorschlag":true},"geometry":{"type":"Polygon","coordinates":[[[8.664876582431406,47.725325752482384],[8.664897412635929,47.72622495475372],[8.663564718554499,47.72623900201697],[8.663543910996808,47.72533979950927],[8.664876582431406,47.725325752482384]]]}},{"type":"Feature","properties":{"einwohner":7,"laut65":false,"initiative":true,"gegenvorschlag":false},"geometry":{"type":"Polygon","coordinates":[[[8.478613964423854,47.74332975403432],[8.47863163456264,47.74422898081344],[8.477298440527477,47.74424089171415],[8.477280793054858,47.743341664734565],[8.478613964423854,47.74332975403432]]]}},{"type":"Feature","properties":{"einwohner":20,"laut65":false,"initiative":false,"gegenvorschlag":true},"geometry":{"type":"Polygon","coordinates":[[[8.868350348289654,47.65823950673735],[8.868374605842178,47.65913869332222],[8.867043658672007,47.65915507435108],[8.867019423703786,47.658255887490924],[8.868350348289654,47.65823950673735]]]}},{"type":"Feature","properties":{"einwohner":25,"laut65":false,"initiative":true,"gegenvorschlag":true},"geometry":{"type":"Polygon","coordinates":[[[8.465376829537192,47.67959031606275],[8.465394253341811,47.680489568205246],[8.464062661296937,47.68050132743259],[8.464045260103866,47.67960207509239],[8.465376829537192,47.67959031606275]]]}},{"type":"Feature","properties":{"einwohner":33,"laut65":false,"initiative":false,"gegenvorschlag":true},"geometry":{"type":"Polygon","coordinates":[[[8.60250540157012,47.67739810707141],[8.602525153495034,47.67829733780195],[8.601193649407225,47.6783106698496],[8.60117392008927,47.677411438894936],[8.60250540157012,47.67739810707141]]]}},{"type":"Feature","properties":{"einwohner":25,"laut65":false,"initiative":true,"gegenvorschlag":false},"geometry":{"type":"Polygon","coordinates":[[[8.536424722069242,47.76618268358713],[8.536443383416083,47.76708189258382],[8.535109626524129,47.76709446649296],[8.53509098786207,47.76619525728455],[8.536424722069242,47.76618268358713]]]}},{"type":"Feature","properties":{"einwohner":12,"laut65":false,"initiative":true,"gegenvorschlag":true},"geometry":{"type":"Polygon","coordinates":[[[8.678197143139787,47.78184758268278],[8.678218222560686,47.782746761147216],[8.676884106628629,47.78276096102362],[8.676863049903044,47.781861782320014],[8.678197143139787,47.78184758268278]]]}},{"type":"Feature","properties":{"einwohner":76,"laut65":true,"initiative":true,"gegenvorschlag":true},"geometry":{"type":"Polygon","coordinates":[[[8.61594005734123,47.68265931490648],[8.615960039427817,47.68355854142934],[8.614628406464814,47.68357202754941],[8.614608446989418,47.682672800799814],[8.61594005734123,47.68265931490648]]]}},{"type":"Feature","properties":{"einwohner":9,"laut65":false,"initiative":false,"gegenvorschlag":true},"geometry":{"type":"Polygon","coordinates":[[[8.468022498186912,47.67866750011487],[8.468039966617932,47.67956675218531],[8.466708398375472,47.67957854176039],[8.466690952555158,47.67867928949173],[8.468022498186912,47.67866750011487]]]}},{"type":"Feature","properties":{"einwohner":24,"laut65":true,"initiative":true,"gegenvorschlag":true},"geometry":{"type":"Polygon","coordinates":[[[8.576261765664889,47.69564648338708],[8.576281078633077,47.69654571201736],[8.57494910889922,47.69655874301773],[8.574929818554214,47.695659514168334],[8.576261765664889,47.69564648338708]]]}},{"type":"Feature","properties":{"einwohner":8,"laut65":false,"initiative":true,"gegenvorschlag":true},"geometry":{"type":"Polygon","coordinates":[[[8.68194570491371,47.77101473172714],[8.681966843732429,47.771913913667426],[8.680633002259496,47.77192815656625],[8.680611886126643,47.771028974386056],[8.68194570491371,47.77101473172714]]]}},{"type":"Feature","properties":{"einwohner":39,"laut65":false,"initiative":true,"gegenvorschlag":false},"geometry":{"type":"Polygon","coordinates":[[[8.706835327311616,47.75185841064209],[8.706856881655042,47.75275759524399],[8.70552353028945,47.75277212365209],[8.705501998614785,47.75187293880562],[8.706835327311616,47.75185841064209]]]}},{"type":"Feature","properties":{"einwohner":44,"laut65":false,"initiative":true,"gegenvorschlag":true},"geometry":{"type":"Polygon","coordinates":[[[8.610993219941044,47.760058955366624],[8.611013147481325,47.76095815416854],[8.609679563644475,47.760971583343036],[8.60965965878215,47.76007238431499],[8.610993219941044,47.760058955366624]]]}},{"type":"Feature","properties":{"einwohner":47,"laut65":true,"initiative":true,"gegenvorschlag":true},"geometry":{"type":"Polygon","coordinates":[[[8.585604848249679,47.696454067267815],[8.58562432024436,47.69735329402787],[8.584292332522331,47.69736643218584],[8.58427288315133,47.696467205204854],[8.585604848249679,47.696454067267815]]]}},{"type":"Feature","properties":{"einwohner":44,"laut65":true,"initiative":true,"gegenvorschlag":false},"geometry":{"type":"Polygon","coordinates":[[[8.706749117313041,47.74826166879994],[8.706770668706502,47.74916085477521],[8.705437408011301,47.74917538220499],[8.705415879283507,47.74827619598515],[8.706749117313041,47.74826166879994]]]}},{"type":"Feature","properties":{"einwohner":6,"laut65":false,"initiative":true,"gegenvorschlag":false},"geometry":{"type":"Polygon","coordinates":[[[8.567016049864366,47.5743125443249],[8.567035161502726,47.57521181643539],[8.565706235664718,47.57522474170892],[8.565687146545812,47.574325469381535],[8.567016049864366,47.5743125443249]]]}},{"type":"Feature","properties":{"einwohner":16,"laut65":false,"initiative":true,"gegenvorschlag":true},"geometry":{"type":"Polygon","coordinates":[[[8.465167790285502,47.668799265142646],[8.46518520695185,47.66969852115877],[8.463853886194588,47.66971027801434],[8.463836492130522,47.66881102180064],[8.465167790285502,47.668799265142646]]]}},{"type":"Feature","properties":{"einwohner":34,"laut65":false,"initiative":true,"gegenvorschlag":false},"geometry":{"type":"Polygon","coordinates":[[[8.629599756432892,47.6978103835782],[8.629619976368788,47.698709602243596],[8.62828796576414,47.69872324498911],[8.628267768452163,47.69782402609428],[8.629599756432892,47.6978103835782]]]}},{"type":"Feature","properties":{"einwohner":8,"laut65":false,"initiative":true,"gegenvorschlag":false},"geometry":{"type":"Polygon","coordinates":[[[8.61942495701917,47.71950029630503],[8.619445012407494,47.72039950881975],[8.618112453089434,47.72041303480921],[8.618092420343913,47.71951382206686],[8.61942495701917,47.71950029630503]]]}},{"type":"Feature","properties":{"einwohner":24,"laut65":false,"initiative":true,"gegenvorschlag":true},"geometry":{"type":"Polygon","coordinates":[[[8.610913516599942,47.75646215671251],[8.610933441412294,47.75736135689257],[8.609599948282613,47.757374785162625],[8.609580046145114,47.756475584756494],[8.610913516599942,47.75646215671251]]]}},{"type":"Feature","properties":{"einwohner":17,"laut65":false,"initiative":true,"gegenvorschlag":true},"geometry":{"type":"Polygon","coordinates":[[[8.648720036213357,47.71829965521411],[8.64874058903046,47.71919886299244],[8.64740806761865,47.71921272497504],[8.647387537442683,47.718313516963455],[8.648720036213357,47.71829965521411]]]}},{"type":"Feature","properties":{"einwohner":25,"laut65":false,"initiative":true,"gegenvorschlag":false},"geometry":{"type":"Polygon","coordinates":[[[8.654959001257687,47.75780883646171],[8.654979675732628,47.75870802834721],[8.653646160166682,47.758721961774924],[8.65362550836681,47.757822769654815],[8.654959001257687,47.75780883646171]]]}},{"type":"Feature","properties":{"einwohner":19,"laut65":false,"initiative":true,"gegenvorschlag":false},"geometry":{"type":"Polygon","coordinates":[[[8.50320250508067,47.70623211563229],[8.503220580511066,47.70713135230676],[8.501888326744472,47.7071435453218],[8.501870273947816,47.70624430844224],[8.50320250508067,47.70623211563229]]]}},{"type":"Feature","properties":{"einwohner":28,"laut65":true,"initiative":true,"gegenvorschlag":true},"geometry":{"type":"Polygon","coordinates":[[[8.581608950961806,47.696493435248996],[8.581628355085325,47.697392662671106],[8.58029636537189,47.69740575499838],[8.580276983872174,47.6965065273561],[8.581608950961806,47.696493435248996]]]}},{"type":"Feature","properties":{"einwohner":12,"laut65":false,"initiative":true,"gegenvorschlag":false},"geometry":{"type":"Polygon","coordinates":[[[8.669606453005605,47.75675537233196],[8.669627376187407,47.757654561964664],[8.668293891122406,47.757668663386276],[8.668272990614437,47.75676947351618],[8.669606453005605,47.75675537233196]]]}},{"type":"Feature","properties":{"einwohner":120,"laut65":true,"initiative":true,"gegenvorschlag":true},"geometry":{"type":"Polygon","coordinates":[[[8.638862522180814,47.69501680508656],[8.638882898394261,47.695916023127474],[8.637550960510938,47.69592977211716],[8.637530606918808,47.69503055384506],[8.638862522180814,47.69501680508656]]]}},{"type":"Feature","properties":{"einwohner":37,"laut65":true,"initiative":true,"gegenvorschlag":true},"geometry":{"type":"Polygon","coordinates":[[[8.548403775856226,47.70131231584779],[8.548422617592127,47.702211547049565],[8.54709049841883,47.70222425851835],[8.547071679311552,47.70132502710277],[8.548403775856226,47.70131231584779]]]}},{"type":"Feature","properties":{"einwohner":70,"laut65":false,"initiative":true,"gegenvorschlag":false},"geometry":{"type":"Polygon","coordinates":[[[8.66952276743854,47.75315861035793],[8.669543687756368,47.75405780136747],[8.668210293382037,47.75407190183949],[8.668189395734936,47.753172710592544],[8.66952276743854,47.75315861035793]]]}},{"type":"Feature","properties":{"einwohner":186,"laut65":true,"initiative":true,"gegenvorschlag":false},"geometry":{"type":"Polygon","coordinates":[[[8.618563223430966,47.680833844187674],[8.618583249371808,47.68173307090796],[8.61725166299607,47.68174658711891],[8.6172316596648,47.680847360171335],[8.618563223430966,47.680833844187674]]]}},{"type":"Feature","properties":{"einwohner":15,"laut65":false,"initiative":true,"gegenvorschlag":true},"geometry":{"type":"Polygon","coordinates":[[[8.613045418759295,47.792416440862596],[8.613065393585591,47.793315626876016],[8.61173099350865,47.79332907950009],[8.611711041388235,47.79242989326004],[8.613045418759295,47.792416440862596]]]}},{"type":"Feature","properties":{"einwohner":9,"laut65":false,"initiative":true,"gegenvorschlag":false},"geometry":{"type":"Polygon","coordinates":[[[8.563219807948757,47.58334398788254],[8.563238858516158,47.58424325764112],[8.56190970549223,47.58425613934925],[8.56189067745207,47.58335686937447],[8.563219807948757,47.58334398788254]]]}},{"type":"Feature","properties":{"einwohner":7,"laut65":false,"initiative":true,"gegenvorschlag":false},"geometry":{"type":"Polygon","coordinates":[[[8.696190050142592,47.752873394340504],[8.696211423866117,47.75377258054812],[8.694878043957745,47.753786986864775],[8.694856692904105,47.75288780041462],[8.696190050142592,47.752873394340504]]]}},{"type":"Feature","properties":{"einwohner":8,"laut65":false,"initiative":true,"gegenvorschlag":false},"geometry":{"type":"Polygon","coordinates":[[[8.708190232283037,47.7527430515442],[8.708211810033559,47.75364223555738],[8.706878436736075,47.75365677950201],[8.706856881655042,47.75275759524399],[8.708190232283037,47.7527430515442]]]}},{"type":"Feature","properties":{"einwohner":30,"laut65":false,"initiative":true,"gegenvorschlag":true},"geometry":{"type":"Polygon","coordinates":[[[8.523333234592336,47.71324124913887],[8.523351654560582,47.714140480050915],[8.522019229048594,47.71415290394094],[8.522000831719732,47.71325367281992],[8.523333234592336,47.71324124913887]]]}},{"type":"Feature","properties":{"einwohner":5,"laut65":false,"initiative":true,"gegenvorschlag":false},"geometry":{"type":"Polygon","coordinates":[[[8.500411848309428,47.69996181713115],[8.500429874159659,47.70086105652656],[8.499097777580253,47.70087321754907],[8.49907977435842,47.699973977949156],[8.500411848309428,47.69996181713115]]]}},{"type":"Feature","properties":{"einwohner":71,"laut65":false,"initiative":true,"gegenvorschlag":false},"geometry":{"type":"Polygon","coordinates":[[[8.6172116570167,47.679948132898296],[8.6172316596648,47.680847360171335],[8.615900095215459,47.68086086088315],[8.615880115176193,47.67996163338313],[8.6172116570167,47.679948132898296]]]}},{"type":"Feature","properties":{"einwohner":37,"laut65":false,"initiative":false,"gegenvorschlag":true},"geometry":{"type":"Polygon","coordinates":[[[8.807003256011484,47.70575083130528],[8.80702649328451,47.706650013511776],[8.805694332505295,47.70666569084329],[8.805671117858923,47.70576650837311],[8.807003256011484,47.70575083130528]]]}},{"type":"Feature","properties":{"einwohner":119,"laut65":false,"initiative":true,"gegenvorschlag":true},"geometry":{"type":"Polygon","coordinates":[[[8.860413033297508,47.6601359384546],[8.860437156990285,47.66103512604222],[8.859106159696811,47.661051416038106],[8.85908205859017,47.66015222817669],[8.860413033297508,47.6601359384546]]]}},{"type":"Feature","properties":{"einwohner":14,"laut65":true,"initiative":true,"gegenvorschlag":true},"geometry":{"type":"Polygon","coordinates":[[[8.556396341576269,47.70123572747424],[8.556415319083092,47.702134957387926],[8.555083203784754,47.7021477605278],[8.555064248906321,47.70124853039878],[8.556396341576269,47.70123572747424]]]}},{"type":"Feature","properties":{"einwohner":77,"laut65":false,"initiative":false,"gegenvorschlag":true},"geometry":{"type":"Polygon","coordinates":[[[8.492133237236322,47.68564665834193],[8.49215111753894,47.68654590420166],[8.490819379244916,47.68655797030587],[8.490801521558547,47.68565872424328],[8.492133237236322,47.68564665834193]]]}},{"type":"Feature","properties":{"einwohner":141,"laut65":false,"initiative":true,"gegenvorschlag":true},"geometry":{"type":"Polygon","coordinates":[[[8.622718679995819,47.68798700376844],[8.622738779256652,47.688886227193336],[8.621407014031812,47.68889979104492],[8.621386937386603,47.68800056739197],[8.622718679995819,47.68798700376844]]]}},{"type":"Feature","properties":{"einwohner":27,"laut65":false,"initiative":false,"gegenvorschlag":true},"geometry":{"type":"Polygon","coordinates":[[[8.679299160063579,47.77194238416767],[8.679320254232723,47.77284156623908],[8.677986388627877,47.77285577878244],[8.67796531714546,47.77195659647164],[8.679299160063579,47.77194238416767]]]}},{"type":"Feature","properties":{"einwohner":15,"laut65":false,"initiative":true,"gegenvorschlag":false},"geometry":{"type":"Polygon","coordinates":[[[8.663897736274723,47.74062619615595],[8.663918555934188,47.74152539290434],[8.662585476025862,47.7415394288983],[8.662564679026444,47.74064023191366],[8.663897736274723,47.74062619615595]]]}},{"type":"Feature","properties":{"einwohner":135,"laut65":false,"initiative":true,"gegenvorschlag":false},"geometry":{"type":"Polygon","coordinates":[[[8.620697263033977,47.71678911639026],[8.620717339005864,47.71768832968157],[8.619384848299484,47.71770187027071],[8.619364794968037,47.71680265675159],[8.620697263033977,47.71678911639026]]]}},{"type":"Feature","properties":{"einwohner":3,"laut65":false,"initiative":true,"gegenvorschlag":false},"geometry":{"type":"Polygon","coordinates":[[[8.831627732844364,47.67937378291096],[8.83165137657798,47.68027296963979],[8.830319886854214,47.680288929456324],[8.830296265723964,47.679389742459264],[8.831627732844364,47.67937378291096]]]}},{"type":"Feature","properties":{"einwohner":30,"laut65":true,"initiative":true,"gegenvorschlag":true},"geometry":{"type":"Polygon","coordinates":[[[8.500195586140446,47.689170918766955],[8.500213604601656,47.690070162098934],[8.49888177951201,47.690082320667706],[8.498863783669924,47.6891830771313],[8.500195586140446,47.689170918766955]]]}},{"type":"Feature","properties":{"einwohner":17,"laut65":false,"initiative":true,"gegenvorschlag":true},"geometry":{"type":"Polygon","coordinates":[[[8.641751025014724,47.704880636944345],[8.641771454148303,47.70577985088661],[8.64043926877355,47.70579363297786],[8.640418862269714,47.70489441880377],[8.641751025014724,47.704880636944345]]]}},{"type":"Feature","properties":{"einwohner":62,"laut65":false,"initiative":true,"gegenvorschlag":true},"geometry":{"type":"Polygon","coordinates":[[[8.640847545366139,47.723777846486286],[8.640867966524704,47.72467705364603],[8.639535305048438,47.724690825323],[8.639514906535899,47.723791617931525],[8.640847545366139,47.723777846486286]]]}},{"type":"Feature","properties":{"einwohner":10,"laut65":false,"initiative":true,"gegenvorschlag":true},"geometry":{"type":"Polygon","coordinates":[[[8.469091749256705,47.66516687865231],[8.469109231342125,47.66606613535825],[8.467778002775264,47.666077937230014],[8.467760543288938,47.66517868032571],[8.469091749256705,47.66516687865231]]]}},{"type":"Feature","properties":{"einwohner":23,"laut65":false,"initiative":true,"gegenvorschlag":false},"geometry":{"type":"Polygon","coordinates":[[[8.72454023670974,47.712089102907505],[8.724562075522547,47.71298829897647],[8.723229731219845,47.713003030553935],[8.723207915041124,47.71210383423715],[8.72454023670974,47.712089102907505]]]}},{"type":"Feature","properties":{"einwohner":69,"laut65":false,"initiative":true,"gegenvorschlag":true},"geometry":{"type":"Polygon","coordinates":[[[8.856323891182,47.65658800497288],[8.856347943832073,47.657487194670225],[8.855017034413295,47.65750343778213],[8.854993004346417,47.6566042478118],[8.856323891182,47.65658800497288]]]}},{"type":"Feature","properties":{"einwohner":10,"laut65":false,"initiative":true,"gegenvorschlag":false},"geometry":{"type":"Polygon","coordinates":[[[8.616779893086438,47.72042654551545],[8.616799903873272,47.72132575814991],[8.615467320542459,47.72133925380003],[8.615447332399285,47.720440040938506],[8.616779893086438,47.72042654551545]]]}},{"type":"Feature","properties":{"einwohner":36,"laut65":false,"initiative":true,"gegenvorschlag":true},"geometry":{"type":"Polygon","coordinates":[[[8.70401812674591,47.74559314643168],[8.704039630600631,47.746492333923506],[8.70270643642782,47.746506830039856],[8.702684955236517,47.74560764230401],[8.70401812674591,47.74559314643168]]]}},{"type":"Feature","properties":{"einwohner":32,"laut65":false,"initiative":true,"gegenvorschlag":false},"geometry":{"type":"Polygon","coordinates":[[[8.589069530635166,47.73329575219798],[8.589089075251616,47.73419496483314],[8.58775616062728,47.73420814263118],[8.58773663866616,47.73330892977423],[8.589069530635166,47.73329575219798]]]}},{"type":"Feature","properties":{"einwohner":3,"laut65":false,"initiative":true,"gegenvorschlag":true},"geometry":{"type":"Polygon","coordinates":[[[8.63820264287465,47.724704581715734],[8.638223019437861,47.72560378900229],[8.636890333920446,47.725617530342014],[8.636869980004112,47.724718322824216],[8.63820264287465,47.724704581715734]]]}},{"type":"Feature","properties":{"einwohner":24,"laut65":true,"initiative":true,"gegenvorschlag":true},"geometry":{"type":"Polygon","coordinates":[[[8.853686124174317,47.65751966563099],[8.853710132477376,47.658418855552036],[8.852379198834907,47.65843506841033],[8.852355213115908,47.657535878216805],[8.853686124174317,47.65751966563099]]]}},{"type":"Feature","properties":{"einwohner":44,"laut65":false,"initiative":true,"gegenvorschlag":true},"geometry":{"type":"Polygon","coordinates":[[[8.643410499174797,47.71925421922706],[8.6434309621267,47.72015342760157],[8.64209841526978,47.72016722868582],[8.642077974959953,47.71926802007912],[8.643410499174797,47.71925421922706]]]}},{"type":"Feature","properties":{"einwohner":47,"laut65":false,"initiative":true,"gegenvorschlag":false},"geometry":{"type":"Polygon","coordinates":[[[8.721810216462474,47.70942095859028],[8.72183200777238,47.71032015615621],[8.720499729879121,47.71033485643142],[8.720477961201066,47.70943565861824],[8.721810216462474,47.70942095859028]]]}},{"type":"Feature","properties":{"einwohner":3,"laut65":false,"initiative":true,"gegenvorschlag":true},"geometry":{"type":"Polygon","coordinates":[[[8.641505929857276,47.694090043835466],[8.641526350615521,47.69498926174235],[8.640194436746638,47.69500304105236],[8.64017403860886,47.694103822913725],[8.641505929857276,47.694090043835466]]]}},{"type":"Feature","properties":{"einwohner":3,"laut65":false,"initiative":true,"gegenvorschlag":false},"geometry":{"type":"Polygon","coordinates":[[[8.662229591737471,47.783815330791626],[8.662250400237077,47.78471451140746],[8.660916230308437,47.78472852814852],[8.660895444506206,47.78382934729656],[8.662229591737471,47.783815330791626]]]}},{"type":"Feature","properties":{"einwohner":34,"laut65":false,"initiative":false,"gegenvorschlag":true},"geometry":{"type":"Polygon","coordinates":[[[8.493554473013342,47.69013080218793],[8.493572378990265,47.691030046212724],[8.492240528214362,47.6910421286072],[8.492222644857517,47.69014288437921],[8.493554473013342,47.69013080218793]]]}},{"type":"Feature","properties":{"einwohner":69,"laut65":false,"initiative":true,"gegenvorschlag":true},"geometry":{"type":"Polygon","coordinates":[[[8.45769868083207,47.69584715121401],[8.457715979600247,47.696746398669625],[8.45638397685742,47.69675806979051],[8.456366700714904,47.69585882213866],[8.45769868083207,47.69584715121401]]]}},{"type":"Feature","properties":{"einwohner":60,"laut65":false,"initiative":true,"gegenvorschlag":true},"geometry":{"type":"Polygon","coordinates":[[[8.861768153460288,47.661018820782395],[8.861792300563394,47.66191800777313],[8.860461281506534,47.66193431330701],[8.860437156990285,47.66103512604222],[8.861768153460288,47.661018820782395]]]}},{"type":"Feature","properties":{"einwohner":12,"laut65":false,"initiative":true,"gegenvorschlag":false},"geometry":{"type":"Polygon","coordinates":[[[8.721723058670538,47.70582416499469],[8.72174484700146,47.70672336389292],[8.720412659630965,47.70673806317909],[8.720390893928801,47.7058388640336],[8.721723058670538,47.70582416499469]]]}},{"type":"Feature","properties":{"einwohner":16,"laut65":false,"initiative":true,"gegenvorschlag":true},"geometry":{"type":"Polygon","coordinates":[[[8.60685670097695,47.693544111122904],[8.606876532912363,47.69444333529977],[8.605544623795453,47.694456717210635],[8.605524814480777,47.693557492808765],[8.60685670097695,47.693544111122904]]]}},{"type":"Feature","properties":{"einwohner":3,"laut65":false,"initiative":true,"gegenvorschlag":false},"geometry":{"type":"Polygon","coordinates":[[[8.785986389927256,47.71768922817085],[8.786009275335632,47.7185884102145],[8.78467680772797,47.71860384647853],[8.784653944957036,47.71770466417517],[8.785986389927256,47.71768922817085]]]}},{"type":"Feature","properties":{"einwohner":7,"laut65":false,"initiative":true,"gegenvorschlag":false},"geometry":{"type":"Polygon","coordinates":[[[8.6634179398512,47.77750702651058],[8.663438766055013,47.77840620934327],[8.662104755704066,47.77842023973104],[8.662083952192146,47.77752105666203],[8.6634179398512,47.77750702651058]]]}},{"type":"Feature","properties":{"einwohner":34,"laut65":false,"initiative":false,"gegenvorschlag":true},"geometry":{"type":"Polygon","coordinates":[[[8.49348285522219,47.6865338228229],[8.493500758752567,47.687433068153574],[8.492168998452332,47.68744514973546],[8.49215111753894,47.68654590420166],[8.49348285522219,47.6865338228229]]]}},{"type":"Feature","properties":{"einwohner":15,"laut65":false,"initiative":true,"gegenvorschlag":true},"geometry":{"type":"Polygon","coordinates":[[[8.457629491669376,47.69225015811444],[8.45764678807362,47.693149406880494],[8.456314875828799,47.69316107721638],[8.456297602047128,47.69226182825412],[8.457629491669376,47.69225015811444]]]}},{"type":"Feature","properties":{"einwohner":12,"laut65":false,"initiative":true,"gegenvorschlag":false},"geometry":{"type":"Polygon","coordinates":[[[8.720364629680725,47.75980491485586],[8.720386417419151,47.76070409389389],[8.719052869414611,47.760718777442946],[8.719031104351492,47.7598195981577],[8.720364629680725,47.75980491485586]]]}},{"type":"Feature","properties":{"einwohner":37,"laut65":false,"initiative":true,"gegenvorschlag":false},"geometry":{"type":"Polygon","coordinates":[[[8.62844956910889,47.705916984250216],[8.628469772633709,47.706816200167374],[8.627137557688458,47.70682982969896],[8.627117376794562,47.70593061355261],[8.62844956910889,47.705916984250216]]]}},{"type":"Feature","properties":{"einwohner":69,"laut65":false,"initiative":true,"gegenvorschlag":false},"geometry":{"type":"Polygon","coordinates":[[[8.62588598199534,47.71044030613121],[8.625906143703544,47.71133952084465],[8.624573814212972,47.711353120961604],[8.62455367513964,47.7104539060194],[8.62588598199534,47.71044030613121]]]}},{"type":"Feature","properties":{"einwohner":17,"laut65":false,"initiative":true,"gegenvorschlag":false},"geometry":{"type":"Polygon","coordinates":[[[8.66206314939259,47.7766218732435],[8.662083952192146,47.77752105666203],[8.660749963820734,47.777535071514336],[8.660729183712334,47.77663588785971],[8.66206314939259,47.7766218732435]]]}},{"type":"Feature","properties":{"einwohner":15,"laut65":false,"initiative":true,"gegenvorschlag":false},"geometry":{"type":"Polygon","coordinates":[[[8.486344048277052,47.66231430322754],[8.486361822327105,47.66321355829278],[8.485030669372945,47.66322555805325],[8.485012917919214,47.66232630278635],[8.486344048277052,47.66231430322754]]]}},{"type":"Feature","properties":{"einwohner":92,"laut65":false,"initiative":true,"gegenvorschlag":false},"geometry":{"type":"Polygon","coordinates":[[[8.624614094424881,47.713151549846735],[8.624634235563532,47.7140507637892],[8.6233018374752,47.7140643493112],[8.623281718973775,47.71316513514024],[8.624614094424881,47.713151549846735]]]}},{"type":"Feature","properties":{"einwohner":36,"laut65":true,"initiative":true,"gegenvorschlag":true},"geometry":{"type":"Polygon","coordinates":[[[8.520686802907697,47.71416531254877],[8.520705178225278,47.71506454354568],[8.519372728816018,47.715076937079814],[8.51935437613867,47.71417770587446],[8.520686802907697,47.71416531254877]]]}},{"type":"Feature","properties":{"einwohner":47,"laut65":false,"initiative":true,"gegenvorschlag":true},"geometry":{"type":"Polygon","coordinates":[[[8.861575006304113,47.6538253132512],[8.861599146814632,47.65472450281884],[8.860268308431047,47.65474080616072],[8.860244190501222,47.65384161631914],[8.861575006304113,47.6538253132512]]]}},{"type":"Feature","properties":{"einwohner":3,"laut65":true,"initiative":true,"gegenvorschlag":true},"geometry":{"type":"Polygon","coordinates":[[[8.857775161580637,47.66106769076997],[8.857799240923026,47.661966878582],[8.856468219397916,47.66198313832312],[8.856444162642525,47.66108395023777],[8.857775161580637,47.66106769076997]]]}},{"type":"Feature","properties":{"einwohner":79,"laut65":false,"initiative":true,"gegenvorschlag":false},"geometry":{"type":"Polygon","coordinates":[[[8.501545429075746,47.69005798825474],[8.501563470772373,47.690957231055165],[8.500231623678419,47.69096940510408],[8.500213604601656,47.690070162098934],[8.501545429075746,47.69005798825474]]]}},{"type":"Feature","properties":{"einwohner":10,"laut65":false,"initiative":false,"gegenvorschlag":true},"geometry":{"type":"Polygon","coordinates":[[[8.465690549096239,47.69577680484078],[8.465707983617653,47.69667605111339],[8.46437598443285,47.69668781390016],[8.464358572536888,47.69578856742974],[8.465690549096239,47.69577680484078]]]}},{"type":"Feature","properties":{"einwohner":35,"laut65":true,"initiative":true,"gegenvorschlag":true},"geometry":{"type":"Polygon","coordinates":[[[8.57230441321101,47.69748398814622],[8.572323659624733,47.698383216774914],[8.570991642666906,47.69839620238183],[8.570972418878029,47.69749697353471],[8.57230441321101,47.69748398814622]]]}},{"type":"Feature","properties":{"einwohner":3,"laut65":true,"initiative":true,"gegenvorschlag":true},"geometry":{"type":"Polygon","coordinates":[[[8.602861039458867,47.69358421035356],[8.60288080353195,47.694483435204745],[8.601548892386898,47.69449677128796],[8.601529150934674,47.6935975462125],[8.602861039458867,47.69358421035356]]]}},{"type":"Feature","properties":{"einwohner":29,"laut65":false,"initiative":true,"gegenvorschlag":false},"geometry":{"type":"Polygon","coordinates":[[[8.717726562214507,47.705868216277025],[8.717748282659024,47.70676741591626],[8.716416093059122,47.70678206936722],[8.716394395243494,47.70588286948151],[8.717726562214507,47.705868216277025]]]}},{"type":"Feature","properties":{"einwohner":53,"laut65":true,"initiative":true,"gegenvorschlag":true},"geometry":{"type":"Polygon","coordinates":[[[8.637795257872632,47.70672036562901],[8.637815620508684,47.707619579602145],[8.6364833877819,47.707633316319],[8.63646304777725,47.706734102114766],[8.637795257872632,47.70672036562901]]]}},{"type":"Feature","properties":{"einwohner":24,"laut65":false,"initiative":true,"gegenvorschlag":true},"geometry":{"type":"Polygon","coordinates":[[[8.470440459312144,47.66605431821765],[8.470457964594237,47.66695357440427],[8.469126714024387,47.666965391743496],[8.469109231342125,47.66606613535825],[8.470440459312144,47.66605431821765]]]}},{"type":"Feature","properties":{"einwohner":75,"laut65":false,"initiative":true,"gegenvorschlag":false},"geometry":{"type":"Polygon","coordinates":[[[8.621969438699123,47.71407791955189],[8.621989535250252,47.714977133617495],[8.620657113149118,47.71499068880485],[8.62063703923607,47.714091474511264],[8.621969438699123,47.71407791955189]]]}},{"type":"Feature","properties":{"einwohner":27,"laut65":false,"initiative":true,"gegenvorschlag":false},"geometry":{"type":"Polygon","coordinates":[[[8.832888204995687,47.67666024675093],[8.83291186890807,47.67755943419174],[8.831580447799467,47.67757540847237],[8.831556806488093,47.67667622076301],[8.832888204995687,47.67666024675093]]]}},{"type":"Feature","properties":{"einwohner":14,"laut65":false,"initiative":true,"gegenvorschlag":true},"geometry":{"type":"Polygon","coordinates":[[[8.817730589832578,47.708322404043834],[8.817754010518435,47.70922158312997],[8.816421788230947,47.70923738347862],[8.816398390173697,47.708338204126726],[8.817730589832578,47.708322404043834]]]}},{"type":"Feature","properties":{"einwohner":11,"laut65":false,"initiative":true,"gegenvorschlag":false},"geometry":{"type":"Polygon","coordinates":[[[8.659332949333347,47.773952333410584],[8.659353704618383,47.774851518348356],[8.658019782895972,47.77486550189566],[8.657999050299848,47.77396631672237],[8.659332949333347,47.773952333410584]]]}},{"type":"Feature","properties":{"einwohner":25,"laut65":false,"initiative":true,"gegenvorschlag":false},"geometry":{"type":"Polygon","coordinates":[[[8.490791248298692,47.75221410395048],[8.490809128548152,47.75311332550364],[8.4894757132806,47.753125376052225],[8.489457855704744,47.75222615429622],[8.490791248298692,47.75221410395048]]]}},{"type":"Feature","properties":{"einwohner":110,"laut65":false,"initiative":true,"gegenvorschlag":true},"geometry":{"type":"Polygon","coordinates":[[[8.606539482130401,47.679156479763236],[8.606559303229742,47.68005570917005],[8.605227755951951,47.68006908748131],[8.605207957460994,47.679169857849566],[8.606539482130401,47.679156479763236]]]}},{"type":"Feature","properties":{"einwohner":8,"laut65":false,"initiative":true,"gegenvorschlag":true},"geometry":{"type":"Polygon","coordinates":[[[8.857582556426951,47.65387417666915],[8.857606629195246,47.65477336705788],[8.856275788344567,47.654789624613166],[8.856251738157107,47.653890433951226],[8.857582556426951,47.65387417666915]]]}},{"type":"Feature","properties":{"einwohner":10,"laut65":false,"initiative":false,"gegenvorschlag":true},"geometry":{"type":"Polygon","coordinates":[[[8.787525034725979,47.725766400814564],[8.787547949822173,47.72666557956393],[8.786215279225559,47.726681033449196],[8.786192386773726,47.72578185443978],[8.787525034725979,47.725766400814564]]]}},{"type":"Feature","properties":{"einwohner":36,"laut65":true,"initiative":true,"gegenvorschlag":true},"geometry":{"type":"Polygon","coordinates":[[[8.497549953807587,47.69009446396098],[8.49756792764452,47.69099370737479],[8.49623607870612,47.691005835596535],[8.496218127489149,47.690106591978804],[8.497549953807587,47.69009446396098]]]}},{"type":"Feature","properties":{"einwohner":5,"laut65":false,"initiative":false,"gegenvorschlag":true},"geometry":{"type":"Polygon","coordinates":[[[8.434463308468082,47.664569497738675],[8.434480202389121,47.66546875983849],[8.433148981175163,47.66548016452458],[8.433132109853338,47.6645809022331],[8.434463308468082,47.664569497738675]]]}},{"type":"Feature","properties":{"einwohner":16,"laut65":false,"initiative":true,"gegenvorschlag":false},"geometry":{"type":"Polygon","coordinates":[[[8.723164284920779,47.71030544060153],[8.723186099608114,47.71120463758627],[8.721853799827135,47.71121935338847],[8.72183200777238,47.71032015615621],[8.723164284920779,47.71030544060153]]]}},{"type":"Feature","properties":{"einwohner":30,"laut65":false,"initiative":true,"gegenvorschlag":true},"geometry":{"type":"Polygon","coordinates":[[[8.664918243552764,47.72712415668805],[8.664939075181948,47.72802335828512],[8.663606335804529,47.72803740602117],[8.663585526823725,47.727138204187675],[8.664918243552764,47.72712415668805]]]}},{"type":"Feature","properties":{"einwohner":38,"laut65":true,"initiative":true,"gegenvorschlag":true},"geometry":{"type":"Polygon","coordinates":[[[8.614608446989418,47.682672800799814],[8.614628406464814,47.68357202754941],[8.613296772820062,47.683585498396816],[8.613276835955897,47.68268627142072],[8.614608446989418,47.682672800799814]]]}},{"type":"Feature","properties":{"einwohner":22,"laut65":false,"initiative":true,"gegenvorschlag":false},"geometry":{"type":"Polygon","coordinates":[[[8.478649305305966,47.74512820725259],[8.478666976653862,47.746027433351564],[8.477333737284034,47.74603934465324],[8.47731608860386,47.7451401183538],[8.478649305305966,47.74512820725259]]]}},{"type":"Feature","properties":{"einwohner":28,"laut65":false,"initiative":true,"gegenvorschlag":false},"geometry":{"type":"Polygon","coordinates":[[[8.488070961454651,47.74954052142168],[8.48808879452612,47.75043974440561],[8.486755446055847,47.75045176375995],[8.486737635655729,47.7495525405737],[8.488070961454651,47.74954052142168]]]}},{"type":"Feature","properties":{"einwohner":5,"laut65":false,"initiative":true,"gegenvorschlag":true},"geometry":{"type":"Polygon","coordinates":[[[8.46541167774151,47.681388820023514],[8.465429102736326,47.68228807151738],[8.464097465466043,47.6822998311401],[8.46408006308432,47.68140057944855],[8.46541167774151,47.681388820023514]]]}},{"type":"Feature","properties":{"einwohner":35,"laut65":true,"initiative":true,"gegenvorschlag":true},"geometry":{"type":"Polygon","coordinates":[[[8.625482892495619,47.69245594226198],[8.625503040428816,47.69335516359003],[8.624171163488686,47.69336875913291],[8.624151038174896,47.692469537576216],[8.625482892495619,47.69245594226198]]]}},{"type":"Feature","properties":{"einwohner":5,"laut65":false,"initiative":true,"gegenvorschlag":true},"geometry":{"type":"Polygon","coordinates":[[[8.525961109847591,47.71141789394671],[8.52597957383214,47.71231712510517],[8.524647194858131,47.712329579140494],[8.524628753511342,47.711430347772506],[8.525961109847591,47.71141789394671]]]}},{"type":"Feature","properties":{"einwohner":5,"laut65":false,"initiative":true,"gegenvorschlag":true},"geometry":{"type":"Polygon","coordinates":[[[8.65603268471722,47.68854216684934],[8.656053350061452,47.68944138416127],[8.654721579618496,47.68945533009617],[8.654700936889645,47.688556112549755],[8.65603268471722,47.68854216684934]]]}},{"type":"Feature","properties":{"einwohner":30,"laut65":false,"initiative":true,"gegenvorschlag":true},"geometry":{"type":"Polygon","coordinates":[[[8.664834924159123,47.72352734692949],[8.664855752939152,47.72442654987423],[8.66352310415061,47.72444059666474],[8.663502298015871,47.72354139348369],[8.664834924159123,47.72352734692949]]]}},{"type":"Feature","properties":{"einwohner":8,"laut65":false,"initiative":false,"gegenvorschlag":true},"geometry":{"type":"Polygon","coordinates":[[[8.787341742160871,47.71857295866927],[8.78736465098984,47.719472140116686],[8.786032161526432,47.71948759192186],[8.786009275335632,47.7185884102145],[8.787341742160871,47.71857295866927]]]}},{"type":"Feature","properties":{"einwohner":14,"laut65":false,"initiative":false,"gegenvorschlag":true},"geometry":{"type":"Polygon","coordinates":[[[8.678239302703515,47.78364593926063],[8.678260383568325,47.78454511702287],[8.676926222243308,47.784559317377706],[8.676905164075368,47.783660139376266],[8.678239302703515,47.78364593926063]]]}},{"type":"Feature","properties":{"einwohner":51,"laut65":true,"initiative":true,"gegenvorschlag":true},"geometry":{"type":"Polygon","coordinates":[[[8.633636292534742,47.69956779999138],[8.633656581728696,47.700467017306664],[8.632324527949226,47.70048070634325],[8.632304261380622,47.69958148879771],[8.633636292534742,47.69956779999138]]]}},{"type":"Feature","properties":{"einwohner":3,"laut65":false,"initiative":true,"gegenvorschlag":false},"geometry":{"type":"Polygon","coordinates":[[[8.694878043957745,47.753786986864775],[8.694899395742056,47.7546861729709],[8.693565992432319,47.75470056423773],[8.693544663318713,47.753801377889324],[8.694878043957745,47.753786986864775]]]}},{"type":"Feature","properties":{"einwohner":99,"laut65":false,"initiative":true,"gegenvorschlag":true},"geometry":{"type":"Polygon","coordinates":[[[8.610613611846816,47.682713166845225],[8.610633503488396,47.683612394273496],[8.609301867803028,47.68362581930274],[8.609281998772797,47.682726591648745],[8.610613611846816,47.682713166845225]]]}},{"type":"Feature","properties":{"einwohner":50,"laut65":true,"initiative":true,"gegenvorschlag":true},"geometry":{"type":"Polygon","coordinates":[[[8.652676288940706,47.716459563113276],[8.652696908271079,47.717358770860145],[8.651364434250919,47.717372678222404],[8.651343837560017,47.7164734702416],[8.652676288940706,47.716459563113276]]]}},{"type":"Feature","properties":{"einwohner":10,"laut65":false,"initiative":true,"gegenvorschlag":false},"geometry":{"type":"Polygon","coordinates":[[[8.719080471516563,47.706752747186904],[8.71910221533306,47.70765194624663],[8.7177700038459,47.70766661522278],[8.717748282659024,47.70676741591626],[8.719080471516563,47.706752747186904]]]}},{"type":"Feature","properties":{"einwohner":17,"laut65":false,"initiative":true,"gegenvorschlag":false},"geometry":{"type":"Polygon","coordinates":[[[8.467039982206746,47.696664273049045],[8.467057439950063,47.69756351879538],[8.465725418734776,47.697575297057824],[8.465707983617653,47.69667605111339],[8.467039982206746,47.696664273049045]]]}},{"type":"Feature","properties":{"einwohner":48,"laut65":true,"initiative":true,"gegenvorschlag":true},"geometry":{"type":"Polygon","coordinates":[[[8.639147852539502,47.70760582760594],[8.639168238503668,47.7085050410155],[8.63783598384071,47.708518793243044],[8.637815620508684,47.707619579602145],[8.639147852539502,47.70760582760594]]]}},{"type":"Feature","properties":{"einwohner":10,"laut65":false,"initiative":true,"gegenvorschlag":true},"geometry":{"type":"Polygon","coordinates":[[[8.859033858844793,47.658353851486154],[8.85905795830618,47.65925303999262],[8.857727005361593,47.659269314177486],[8.857702928484848,47.658370125397525],[8.859033858844793,47.658353851486154]]]}},{"type":"Feature","properties":{"einwohner":9,"laut65":false,"initiative":false,"gegenvorschlag":true},"geometry":{"type":"Polygon","coordinates":[[[8.466970157197952,47.69306728678379],[8.46698761255555,47.6939665338416],[8.465655681840394,47.693978311311824],[8.465638249105893,47.69307906405591],[8.466970157197952,47.69306728678379]]]}},{"type":"Feature","properties":{"einwohner":36,"laut65":false,"initiative":true,"gegenvorschlag":true},"geometry":{"type":"Polygon","coordinates":[[[8.610953366906566,47.75826055672842],[8.610973293082804,47.75915975621982],[8.60963975460109,47.759173184942114],[8.60961985110126,47.75827398522459],[8.610953366906566,47.75826055672842]]]}},{"type":"Feature","properties":{"einwohner":14,"laut65":false,"initiative":true,"gegenvorschlag":true},"geometry":{"type":"Polygon","coordinates":[[[8.608385745536602,47.76278339469506],[8.60840562976264,47.7636825929131],[8.607071976525187,47.763695992174725],[8.607052114979512,47.76279679373102],[8.608385745536602,47.76278339469506]]]}},{"type":"Feature","properties":{"einwohner":30,"laut65":false,"initiative":true,"gegenvorschlag":true},"geometry":{"type":"Polygon","coordinates":[[[8.6500319595266,47.71738657030269],[8.650052534281382,47.71828577818245],[8.648720036213357,47.71829965521411],[8.6486994840989,47.71740044710087],[8.6500319595266,47.71738657030269]]]}},{"type":"Feature","properties":{"einwohner":23,"laut65":true,"initiative":true,"gegenvorschlag":true},"geometry":{"type":"Polygon","coordinates":[[[8.63906631564987,47.70400897064734],[8.639086698827308,47.70490818538462],[8.637754534688275,47.704921936686894],[8.63773417413989,47.70402272171838],[8.63906631564987,47.70400897064734]]]}},{"type":"Feature","properties":{"einwohner":7,"laut65":false,"initiative":true,"gegenvorschlag":false},"geometry":{"type":"Polygon","coordinates":[[[8.66068762563011,47.77483751950264],[8.660708404315473,47.77573670385577],[8.659374460614098,47.77575070293727],[8.659353704618383,47.774851518348356],[8.66068762563011,47.77483751950264]]]}},{"type":"Feature","properties":{"einwohner":4,"laut65":false,"initiative":true,"gegenvorschlag":false},"geometry":{"type":"Polygon","coordinates":[[[8.477819433300262,47.70286420070414],[8.47783707627149,47.70376344255268],[8.47650490144696,47.70377534443853],[8.476487281107058,47.70287610238985],[8.477819433300262,47.70286420070414]]]}},{"type":"Feature","properties":{"einwohner":28,"laut65":true,"initiative":true,"gegenvorschlag":true},"geometry":{"type":"Polygon","coordinates":[[[8.607890849830572,47.68004231558703],[8.607910694215983,47.68094154444348],[8.606579125006041,47.680954938251666],[8.606559303229742,47.68005570917005],[8.607890849830572,47.68004231558703]]]}},{"type":"Feature","properties":{"einwohner":32,"laut65":false,"initiative":true,"gegenvorschlag":true},"geometry":{"type":"Polygon","coordinates":[[[8.85893746922433,47.654757094240395],[8.858961565395779,47.655656284034386],[8.857630702785135,47.65567255712532],[8.857606629195246,47.65477336705788],[8.85893746922433,47.654757094240395]]]}},{"type":"Feature","properties":{"einwohner":78,"laut65":true,"initiative":true,"gegenvorschlag":false},"geometry":{"type":"Polygon","coordinates":[[[8.629559318633722,47.696011945258334],[8.629579537187883,47.69691116458303],[8.628247571830304,47.69692480686967],[8.628227375898518,47.69602558731557],[8.629559318633722,47.696011945258334]]]}},{"type":"Feature","properties":{"einwohner":29,"laut65":false,"initiative":true,"gegenvorschlag":false},"geometry":{"type":"Polygon","coordinates":[[[8.504516638150196,47.70532067074226],[8.504534735595774,47.70621990754227],[8.50320250508067,47.70623211563229],[8.50318443026802,47.705332878626955],[8.504516638150196,47.70532067074226]]]}},{"type":"Feature","properties":{"einwohner":8,"laut65":false,"initiative":false,"gegenvorschlag":true},"geometry":{"type":"Polygon","coordinates":[[[8.43581142302633,47.66545733988351],[8.43582834012407,47.66635660147113],[8.43449709688691,47.666368021618005],[8.434480202389121,47.66546875983849],[8.43581142302633,47.66545733988351]]]}},{"type":"Feature","properties":{"einwohner":29,"laut65":false,"initiative":true,"gegenvorschlag":true},"geometry":{"type":"Polygon","coordinates":[[[8.569659625052196,47.69840917271144],[8.5696788268723,47.69930840144724],[8.568346785975791,47.69932135671747],[8.56832760678138,47.6984221277638],[8.569659625052196,47.69840917271144]]]}},{"type":"Feature","properties":{"einwohner":3,"laut65":false,"initiative":true,"gegenvorschlag":true},"geometry":{"type":"Polygon","coordinates":[[[8.58292149130493,47.695581100334486],[8.582940917388449,47.69648032786524],[8.581608950961806,47.696493435248996],[8.581589547501276,47.69559420749787],[8.58292149130493,47.695581100334486]]]}},{"type":"Feature","properties":{"einwohner":4,"laut65":false,"initiative":true,"gegenvorschlag":true},"geometry":{"type":"Polygon","coordinates":[[[8.646116562677966,47.7210249871583],[8.646137072316309,47.7219241943967],[8.644804481573129,47.721938026512184],[8.644783994578328,47.72103881904107],[8.646116562677966,47.7210249871583]]]}},{"type":"Feature","properties":{"einwohner":18,"laut65":false,"initiative":true,"gegenvorschlag":true},"geometry":{"type":"Polygon","coordinates":[[[8.675339682083294,47.77378334041623],[8.675360709631995,47.774682522507675],[8.674026796489027,47.77469668963513],[8.67400579162873,47.77379750730505],[8.675339682083294,47.77378334041623]]]}},{"type":"Feature","properties":{"einwohner":24,"laut65":false,"initiative":true,"gegenvorschlag":false},"geometry":{"type":"Polygon","coordinates":[[[8.529737497373159,47.765346188705735],[8.529756044660811,47.766245399104285],[8.528422307271237,47.76625789631667],[8.528403782667773,47.76535868570768],[8.529737497373159,47.765346188705735]]]}},{"type":"Feature","properties":{"einwohner":27,"laut65":false,"initiative":true,"gegenvorschlag":false},"geometry":{"type":"Polygon","coordinates":[[[8.572466082367349,47.58055558407163],[8.572485288661593,47.581454853212946],[8.57115620777512,47.58146784098037],[8.571137024005548,47.58056857162115],[8.572466082367349,47.58055558407163]]]}},{"type":"Feature","properties":{"einwohner":47,"laut65":true,"initiative":true,"gegenvorschlag":true},"geometry":{"type":"Polygon","coordinates":[[[8.638903275303925,47.69681524083906],[8.638923652909844,47.69771445822094],[8.637591669781562,47.6977282076731],[8.637571314798508,47.69682899005994],[8.638903275303925,47.69681524083906]]]}},{"type":"Feature","properties":{"einwohner":23,"laut65":false,"initiative":true,"gegenvorschlag":false},"geometry":{"type":"Polygon","coordinates":[[[8.48000021541908,47.74601550675826],[8.480017910040042,47.74691473231609],[8.478684648606365,47.74692665911017],[8.478666976653862,47.746027433351564],[8.48000021541908,47.74601550675826]]]}},{"type":"Feature","properties":{"einwohner":3,"laut65":false,"initiative":true,"gegenvorschlag":false},"geometry":{"type":"Polygon","coordinates":[[[8.569582824332484,47.69481225447624],[8.569602023528383,47.69571148452843],[8.568270073130007,47.69572443892713],[8.568250896556707,47.694825208657136],[8.569582824332484,47.69481225447624]]]}},{"type":"Feature","properties":{"einwohner":19,"laut65":false,"initiative":true,"gegenvorschlag":true},"geometry":{"type":"Polygon","coordinates":[[[8.618603275996636,47.682632297302554],[8.618623303305487,47.68353152337119],[8.617291671708298,47.68354504003657],[8.61727166701056,47.68264581374069],[8.618603275996636,47.682632297302554]]]}},{"type":"Feature","properties":{"einwohner":4,"laut65":false,"initiative":false,"gegenvorschlag":true},"geometry":{"type":"Polygon","coordinates":[[[8.86965699273951,47.65732392408912],[8.86968127204757,47.658223110720726],[8.868350348289654,47.65823950673735],[8.868326091565079,47.65734031983023],[8.86965699273951,47.65732392408912]]]}},{"type":"Feature","properties":{"einwohner":50,"laut65":true,"initiative":true,"gegenvorschlag":true},"geometry":{"type":"Polygon","coordinates":[[[8.634988634814833,47.70045331299278],[8.635008947328192,47.701352529747105],[8.633676871615974,47.70136623429152],[8.633656581728696,47.700467017306664],[8.634988634814833,47.70045331299278]]]}},{"type":"Feature","properties":{"einwohner":26,"laut65":false,"initiative":true,"gegenvorschlag":true},"geometry":{"type":"Polygon","coordinates":[[[8.612044802308343,47.687195859517225],[8.612064719962655,47.68809508508671],[8.610732971888579,47.68810852651861],[8.61071307684944,47.687209300723154],[8.612044802308343,47.687195859517225]]]}},{"type":"Feature","properties":{"einwohner":24,"laut65":false,"initiative":true,"gegenvorschlag":true},"geometry":{"type":"Polygon","coordinates":[[[8.578925657905893,47.69562037599532],[8.57894501612033,47.69651960418655],[8.577613047707036,47.69653266574029],[8.577593712115707,47.69563343732944],[8.578925657905893,47.69562037599532]]]}},{"type":"Feature","properties":{"einwohner":29,"laut65":false,"initiative":true,"gegenvorschlag":true},"geometry":{"type":"Polygon","coordinates":[[[8.848577766124727,47.665677131864825],[8.84860169144051,47.66657631996704],[8.847270551234889,47.666592474215236],[8.847246648510296,47.665693285841506],[8.848577766124727,47.665677131864825]]]}},{"type":"Feature","properties":{"einwohner":44,"laut65":false,"initiative":true,"gegenvorschlag":true},"geometry":{"type":"Polygon","coordinates":[[[8.700061482475792,47.74743496428352],[8.700082919807008,47.7483341518218],[8.698749678102171,47.748348602554806],[8.698728263436056,47.747449414773264],[8.700061482475792,47.74743496428352]]]}},{"type":"Feature","properties":{"einwohner":14,"laut65":false,"initiative":true,"gegenvorschlag":false},"geometry":{"type":"Polygon","coordinates":[[[8.50044790062587,47.70176029559247],[8.500465927708108,47.70265953432868],[8.499133785869585,47.70267169576028],[8.499115781417293,47.70177245681952],[8.50044790062587,47.70176029559247]]]}},{"type":"Feature","properties":{"einwohner":7,"laut65":false,"initiative":true,"gegenvorschlag":false},"geometry":{"type":"Polygon","coordinates":[[[8.563181708760691,47.58154544746208],[8.56320075803028,47.58244471782278],[8.561871650060064,47.58245759909859],[8.561852623316174,47.581558328521744],[8.563181708760691,47.58154544746208]]]}},{"type":"Feature","properties":{"einwohner":21,"laut65":false,"initiative":true,"gegenvorschlag":true},"geometry":{"type":"Polygon","coordinates":[[[8.464045260103866,47.67960207509239],[8.464062661296937,47.68050132743259],[8.462731068657753,47.68051307138693],[8.46271369007626,47.67961381884933],[8.464045260103866,47.67960207509239]]]}},{"type":"Feature","properties":{"einwohner":133,"laut65":true,"initiative":true,"gegenvorschlag":true},"geometry":{"type":"Polygon","coordinates":[[[8.663460687880573,47.7217429861126],[8.663481492592535,47.722642189966194],[8.662148888382424,47.72265622100062],[8.662128106314237,47.7217570169109],[8.663460687880573,47.7217429861126]]]}},{"type":"Feature","properties":{"einwohner":98,"laut65":false,"initiative":true,"gegenvorschlag":true},"geometry":{"type":"Polygon","coordinates":[[[8.645788503803287,47.7066376258536],[8.645809002226942,47.70753683843499],[8.644476773687584,47.70755066682779],[8.644456297895095,47.70665145401378],[8.645788503803287,47.7066376258536]]]}},{"type":"Feature","properties":{"einwohner":23,"laut65":true,"initiative":true,"gegenvorschlag":true},"geometry":{"type":"Polygon","coordinates":[[[8.634826159692162,47.69325956707995],[8.634846466653855,47.694158786471775],[8.633514571928629,47.69417248917248],[8.63349428758683,47.693273269550204],[8.634826159692162,47.69325956707995]]]}},{"type":"Feature","properties":{"einwohner":3,"laut65":false,"initiative":true,"gegenvorschlag":true},"geometry":{"type":"Polygon","coordinates":[[[8.696061823159285,47.7474782698821],[8.696083192495069,47.7483774581494],[8.694749948594355,47.74839186301092],[8.694728601923801,47.74749267450112],[8.696061823159285,47.7474782698821]]]}},{"type":"Feature","properties":{"einwohner":16,"laut65":false,"initiative":true,"gegenvorschlag":true},"geometry":{"type":"Polygon","coordinates":[[[8.586917318730467,47.69554168718632],[8.586936812682719,47.696440914054236],[8.585604848249679,47.696454067267815],[8.585585376920298,47.695554840178715],[8.586917318730467,47.69554168718632]]]}},{"type":"Feature","properties":{"einwohner":98,"laut65":true,"initiative":true,"gegenvorschlag":true},"geometry":{"type":"Polygon","coordinates":[[[8.640418862269714,47.70489441880377],[8.64043926877355,47.70579363297786],[8.639107082701361,47.70580739979028],[8.639086698827308,47.70490818538462],[8.640418862269714,47.70489441880377]]]}},{"type":"Feature","properties":{"einwohner":98,"laut65":true,"initiative":true,"gegenvorschlag":false},"geometry":{"type":"Polygon","coordinates":[[[8.63218267651036,47.69418617659762],[8.63220293892449,47.69508539612116],[8.630871020193196,47.69509906850066],[8.630850780399816,47.69419984874719],[8.63218267651036,47.69418617659762]]]}},{"type":"Feature","properties":{"einwohner":19,"laut65":false,"initiative":true,"gegenvorschlag":true},"geometry":{"type":"Polygon","coordinates":[[[8.612227039568376,47.75554951307726],[8.612246986372883,47.75644871337495],[8.610913516599942,47.75646215671251],[8.610893592469472,47.75556295618848],[8.612227039568376,47.75554951307726]]]}},{"type":"Feature","properties":{"einwohner":27,"laut65":false,"initiative":true,"gegenvorschlag":false},"geometry":{"type":"Polygon","coordinates":[[[8.615447332399285,47.720440040938506],[8.615467320542459,47.72133925380003],[8.614134736528221,47.72135273416667],[8.614114771028744,47.720453521078355],[8.615447332399285,47.720440040938506]]]}},{"type":"Feature","properties":{"einwohner":95,"laut65":true,"initiative":true,"gegenvorschlag":true},"geometry":{"type":"Polygon","coordinates":[[[8.622678483533852,47.68618855593706],[8.622698581421565,47.68708778001631],[8.6213668614272,47.68710134341176],[8.62134678615357,47.68620211910448],[8.622678483533852,47.68618855593706]]]}},{"type":"Feature","properties":{"einwohner":46,"laut65":true,"initiative":true,"gegenvorschlag":true},"geometry":{"type":"Polygon","coordinates":[[[8.5537132239856,47.700362087371055],[8.553732155588651,47.701261318045105],[8.552400061624036,47.70127409041316],[8.552381152648678,47.700374859524274],[8.5537132239856,47.700362087371055]]]}},{"type":"Feature","properties":{"einwohner":12,"laut65":false,"initiative":true,"gegenvorschlag":true},"geometry":{"type":"Polygon","coordinates":[[[8.601548892386898,47.69449677128796],[8.601568634513624,47.69539599603474],[8.600236700072406,47.69540931706604],[8.600216980567351,47.694510092095264],[8.601548892386898,47.69449677128796]]]}},{"type":"Feature","properties":{"einwohner":39,"laut65":false,"initiative":true,"gegenvorschlag":false},"geometry":{"type":"Polygon","coordinates":[[[8.704147160911313,47.75098826624318],[8.704168669181168,47.75188745167769],[8.702835339011548,47.75190194925828],[8.702813853409765,47.751002763579756],[8.704147160911313,47.75098826624318]]]}},{"type":"Feature","properties":{"einwohner":3,"laut65":false,"initiative":false,"gegenvorschlag":true},"geometry":{"type":"Polygon","coordinates":[[[8.705329771737977,47.74467944768004],[8.705351297519595,47.745578635269716],[8.70401812674591,47.74559314643168],[8.703996623626892,47.74469395859772],[8.705329771737977,47.74467944768004]]]}},{"type":"Feature","properties":{"einwohner":28,"laut65":false,"initiative":true,"gegenvorschlag":true},"geometry":{"type":"Polygon","coordinates":[[[8.853830186285762,47.66291480032048],[8.853854199506388,47.663813988305236],[8.85252313034337,47.66383020279841],[8.852499139711426,47.66293101454117],[8.853830186285762,47.66291480032048]]]}},{"type":"Feature","properties":{"einwohner":47,"laut65":false,"initiative":true,"gegenvorschlag":true},"geometry":{"type":"Polygon","coordinates":[[[8.461729351517546,47.69761054017794],[8.46174671934931,47.69850978638661],[8.460414673128586,47.69852150373463],[8.460397327923923,47.697622257328874],[8.461729351517546,47.69761054017794]]]}},{"type":"Feature","properties":{"einwohner":136,"laut65":false,"initiative":true,"gegenvorschlag":true},"geometry":{"type":"Polygon","coordinates":[[[8.636422369853394,47.704935672710555],[8.636442708467765,47.70583488757856],[8.635110520307903,47.70584860855439],[8.635090204323433,47.70494939345561],[8.636422369853394,47.704935672710555]]]}},{"type":"Feature","properties":{"einwohner":3,"laut65":false,"initiative":true,"gegenvorschlag":false},"geometry":{"type":"Polygon","coordinates":[[[8.590382855333212,47.732383346583326],[8.590402421935725,47.73328255933458],[8.589069530635166,47.73329575219798],[8.589049986687172,47.732396539224666],[8.590382855333212,47.732383346583326]]]}},{"type":"Feature","properties":{"einwohner":49,"laut65":true,"initiative":true,"gegenvorschlag":true},"geometry":{"type":"Polygon","coordinates":[[[8.619954934218608,47.68351799143314],[8.619974984823367,47.684417216948056],[8.618643331298403,47.684430749113645],[8.618623303305487,47.68353152337119],[8.619954934218608,47.68351799143314]]]}},{"type":"Feature","properties":{"einwohner":19,"laut65":false,"initiative":false,"gegenvorschlag":true},"geometry":{"type":"Polygon","coordinates":[[[8.871012194976764,47.65820669944099],[8.87103649769775,47.6591058854745],[8.869705552184346,47.65912229703002],[8.86968127204757,47.658223110720726],[8.871012194976764,47.65820669944099]]]}},{"type":"Feature","properties":{"einwohner":55,"laut65":true,"initiative":true,"gegenvorschlag":true},"geometry":{"type":"Polygon","coordinates":[[[8.549717008037195,47.700400357996834],[8.549735871757049,47.70129958931451],[8.548403775856226,47.70131231584779],[8.548384934764183,47.700413084316054],[8.549717008037195,47.700400357996834]]]}},{"type":"Feature","properties":{"einwohner":16,"laut65":false,"initiative":true,"gegenvorschlag":true},"geometry":{"type":"Polygon","coordinates":[[[8.614359798598992,47.79150378702196],[8.614379795446094,47.79240297316125],[8.613045418759295,47.792416440862596],[8.613025444617257,47.791517254496384],[8.614359798598992,47.79150378702196]]]}},{"type":"Feature","properties":{"einwohner":13,"laut65":false,"initiative":true,"gegenvorschlag":false},"geometry":{"type":"Polygon","coordinates":[[[8.50179806893057,47.70264735761803],[8.501816119259544,47.70354659581951],[8.5004839554064,47.70355877273496],[8.500465927708108,47.70265953432868],[8.50179806893057,47.70264735761803]]]}},{"type":"Feature","properties":{"einwohner":6,"laut65":false,"initiative":true,"gegenvorschlag":true},"geometry":{"type":"Polygon","coordinates":[[[8.547071679311552,47.70132502710277],[8.54709049841883,47.70222425851835],[8.545758378602413,47.70223695470857],[8.545739582123788,47.701337723079455],[8.547071679311552,47.70132502710277]]]}},{"type":"Feature","properties":{"einwohner":52,"laut65":true,"initiative":true,"gegenvorschlag":true},"geometry":{"type":"Polygon","coordinates":[[[8.524647194858131,47.712329579140494],[8.524665636835302,47.71322881017596],[8.523333234592336,47.71324124913887],[8.523314815253737,47.71234201789413],[8.524647194858131,47.712329579140494]]]}},{"type":"Feature","properties":{"einwohner":4,"laut65":false,"initiative":true,"gegenvorschlag":true},"geometry":{"type":"Polygon","coordinates":[[[8.654721579618496,47.68945533009617],[8.654742223052542,47.69035454731467],[8.653410429288193,47.690368478209784],[8.65338980847034,47.689469260757015],[8.654721579618496,47.68945533009617]]]}},{"type":"Feature","properties":{"einwohner":13,"laut65":false,"initiative":true,"gegenvorschlag":true},"geometry":{"type":"Polygon","coordinates":[[[8.611711041388235,47.79242989326004],[8.61173099350865,47.79332907950009],[8.610396592748184,47.793342516820076],[8.610376663333689,47.792443330353606],[8.611711041388235,47.79242989326004]]]}},{"type":"Feature","properties":{"einwohner":22,"laut65":false,"initiative":true,"gegenvorschlag":true},"geometry":{"type":"Polygon","coordinates":[[[8.457664085068792,47.69404865531923],[8.457681382654933,47.69494790343048],[8.456349425162653,47.69495957415889],[8.45633215020063,47.69406032585138],[8.457664085068792,47.69404865531923]]]}},{"type":"Feature","properties":{"einwohner":62,"laut65":false,"initiative":true,"gegenvorschlag":true},"geometry":{"type":"Polygon","coordinates":[[[8.861719861726758,47.65922044583251],[8.861744007181429,47.66011963346879],[8.860413033297508,47.6601359384546],[8.860388910428156,47.659236750544295],[8.861719861726758,47.65922044583251]]]}},{"type":"Feature","properties":{"einwohner":10,"laut65":false,"initiative":true,"gegenvorschlag":false},"geometry":{"type":"Polygon","coordinates":[[[8.657128921756673,47.73620022731969],[8.657149624574282,47.73709942694712],[8.655816654409858,47.737113385321855],[8.655795974248623,47.736214185459524],[8.657128921756673,47.73620022731969]]]}},{"type":"Feature","properties":{"einwohner":10,"laut65":false,"initiative":true,"gegenvorschlag":true},"geometry":{"type":"Polygon","coordinates":[[[8.557709434111805,47.70032367924341],[8.557728433597719,47.7012229092715],[8.556396341576269,47.70123572747424],[8.556377364717937,47.700336497230566],[8.557709434111805,47.70032367924341]]]}},{"type":"Feature","properties":{"einwohner":3,"laut65":false,"initiative":true,"gegenvorschlag":false},"geometry":{"type":"Polygon","coordinates":[[[8.49907977435842,47.699973977949156],[8.499097777580253,47.70087321754907],[8.49776568038563,47.70088536329307],[8.497747699792235,47.699986123488884],[8.49907977435842,47.699973977949156]]]}},{"type":"Feature","properties":{"einwohner":16,"laut65":false,"initiative":true,"gegenvorschlag":false},"geometry":{"type":"Polygon","coordinates":[[[8.53509098786207,47.76619525728455],[8.535109626524129,47.76709446649296],[8.533775868994113,47.76710702510488],[8.533757253016864,47.766207815685],[8.53509098786207,47.76619525728455]]]}},{"type":"Feature","properties":{"einwohner":15,"laut65":false,"initiative":true,"gegenvorschlag":false},"geometry":{"type":"Polygon","coordinates":[[[8.659540534169345,47.782944167061565],[8.659561296563068,47.783843348500504],[8.658227147908823,47.78385733440343],[8.65820640821178,47.78295815272893],[8.659540534169345,47.782944167061565]]]}},{"type":"Feature","properties":{"einwohner":6,"laut65":false,"initiative":true,"gegenvorschlag":true},"geometry":{"type":"Polygon","coordinates":[[[8.650808570620594,47.69309394596893],[8.650829149017873,47.693993162575595],[8.649497262669442,47.694007048581796],[8.649476706891567,47.6931078317416],[8.650808570620594,47.69309394596893]]]}},{"type":"Feature","properties":{"einwohner":31,"laut65":false,"initiative":true,"gegenvorschlag":false},"geometry":{"type":"Polygon","coordinates":[[[8.501581513085359,47.691856473528574],[8.501599556014744,47.69275571567468],[8.500267663678756,47.69276789013301],[8.500249643370775,47.691868647782194],[8.501581513085359,47.691856473528574]]]}},{"type":"Feature","properties":{"einwohner":34,"laut65":true,"initiative":true,"gegenvorschlag":true},"geometry":{"type":"Polygon","coordinates":[[[8.555064248906321,47.70124853039878],[8.555083203784754,47.7021477605278],[8.553751087838652,47.702160548389166],[8.553732155588651,47.701261318045105],[8.555064248906321,47.70124853039878]]]}},{"type":"Feature","properties":{"einwohner":19,"laut65":false,"initiative":true,"gegenvorschlag":false},"geometry":{"type":"Polygon","coordinates":[[[8.783298659852592,47.71682090199974],[8.783321499205213,47.71772008489861],[8.781989052672555,47.71773549034108],[8.781966235956697,47.716836307183065],[8.783298659852592,47.71682090199974]]]}},{"type":"Feature","properties":{"einwohner":24,"laut65":false,"initiative":true,"gegenvorschlag":false},"geometry":{"type":"Polygon","coordinates":[[[8.625845660646295,47.70864187570602],[8.625865820976273,47.70954109108492],[8.624533536754665,47.70955469074433],[8.62451339905801,47.70865547513669],[8.625845660646295,47.70864187570602]]]}},{"type":"Feature","properties":{"einwohner":38,"laut65":true,"initiative":true,"gegenvorschlag":true},"geometry":{"type":"Polygon","coordinates":[[[8.465725418734776,47.697575297057824],[8.465742854447646,47.69847454267382],[8.464410810009616,47.69848630585621],[8.464393396923748,47.697587060042366],[8.465725418734776,47.697575297057824]]]}},{"type":"Feature","properties":{"einwohner":15,"laut65":false,"initiative":true,"gegenvorschlag":false},"geometry":{"type":"Polygon","coordinates":[[[8.706770668706502,47.74916085477521],[8.70679222083739,47.75006004040748],[8.705458937475754,47.750074568081864],[8.705437408011301,47.74917538220499],[8.706770668706502,47.74916085477521]]]}},{"type":"Feature","properties":{"einwohner":4,"laut65":false,"initiative":true,"gegenvorschlag":true},"geometry":{"type":"Polygon","coordinates":[[[8.680611886126643,47.771028974386056],[8.680633002259496,47.77192815656625],[8.679299160063579,47.77194238416767],[8.67927806661664,47.77104320174786],[8.680611886126643,47.771028974386056]]]}},{"type":"Feature","properties":{"einwohner":6,"laut65":false,"initiative":true,"gegenvorschlag":false},"geometry":{"type":"Polygon","coordinates":[[[8.6626478712931,47.74423701780684],[8.662668671138647,47.74513621342712],[8.66133549987077,47.74515023507625],[8.661314722688408,47.74425103921995],[8.6626478712931,47.74423701780684]]]}},{"type":"Feature","properties":{"einwohner":13,"laut65":false,"initiative":true,"gegenvorschlag":true},"geometry":{"type":"Polygon","coordinates":[[[8.46518520695185,47.66969852115877],[8.465202624212862,47.670597776853285],[8.463871280852546,47.67060953390649],[8.463853886194588,47.66971027801434],[8.46518520695185,47.66969852115877]]]}},{"type":"Feature","properties":{"einwohner":86,"laut65":false,"initiative":true,"gegenvorschlag":false},"geometry":{"type":"Polygon","coordinates":[[[8.622009632488398,47.715876347349216],[8.622029730413594,47.71677556074675],[8.620697263033977,47.71678911639026],[8.62067718774841,47.71588990276463],[8.622009632488398,47.715876347349216]]]}},{"type":"Feature","properties":{"einwohner":4,"laut65":false,"initiative":true,"gegenvorschlag":true},"geometry":{"type":"Polygon","coordinates":[[[8.706684467556798,47.74556410881812],[8.706706016738236,47.746463295821144],[8.705372824037696,47.74647782251729],[8.705351297519595,47.745578635269716],[8.706684467556798,47.74556410881812]]]}},{"type":"Feature","properties":{"einwohner":24,"laut65":false,"initiative":true,"gegenvorschlag":false},"geometry":{"type":"Polygon","coordinates":[[[8.618092420343913,47.71951382206686],[8.618112453089434,47.72041303480921],[8.616779893086438,47.72042654551545],[8.616759882983766,47.71952733254582],[8.618092420343913,47.71951382206686]]]}},{"type":"Feature","properties":{"einwohner":91,"laut65":false,"initiative":true,"gegenvorschlag":true},"geometry":{"type":"Polygon","coordinates":[[[8.498863783669924,47.6891830771313],[8.49888177951201,47.690082320667706],[8.497549953807587,47.69009446396098],[8.497531980584657,47.68919522022038],[8.498863783669924,47.6891830771313]]]}},{"type":"Feature","properties":{"einwohner":3,"laut65":false,"initiative":true,"gegenvorschlag":false},"geometry":{"type":"Polygon","coordinates":[[[8.503220580511066,47.70713135230676],[8.50323865655925,47.70803058865018],[8.501906380158138,47.70804278187032],[8.501888326744472,47.7071435453218],[8.503220580511066,47.70713135230676]]]}},{"type":"Feature","properties":{"einwohner":20,"laut65":false,"initiative":true,"gegenvorschlag":false},"geometry":{"type":"Polygon","coordinates":[[[8.662481498142613,47.73704344057183],[8.66250229229658,47.73794263891736],[8.661169302312468,47.73795665867851],[8.66114853081549,47.73705746009705],[8.662481498142613,47.73704344057183]]]}},{"type":"Feature","properties":{"einwohner":4,"laut65":false,"initiative":true,"gegenvorschlag":false},"geometry":{"type":"Polygon","coordinates":[[[8.779301385825638,47.71686707170755],[8.779324157267842,47.717766255383154],[8.777991708397332,47.717781614982705],[8.777968959592025,47.716882431048695],[8.779301385825638,47.71686707170755]]]}},{"type":"Feature","properties":{"einwohner":5,"laut65":true,"initiative":true,"gegenvorschlag":true},"geometry":{"type":"Polygon","coordinates":[[[8.644804481573129,47.721938026512184],[8.644824969268424,47.722837233647525],[8.643492355180394,47.72285105071212],[8.643471890129456,47.72195184334431],[8.644804481573129,47.721938026512184]]]}},{"type":"Feature","properties":{"einwohner":4,"laut65":true,"initiative":true,"gegenvorschlag":true},"geometry":{"type":"Polygon","coordinates":[[[8.639514906535899,47.723791617931525],[8.639535305048438,47.724690825323],[8.63820264287465,47.724704581715734],[8.638182267008176,47.723805374092784],[8.639514906535899,47.723791617931525]]]}},{"type":"Feature","properties":{"einwohner":3,"laut65":false,"initiative":true,"gegenvorschlag":false},"geometry":{"type":"Polygon","coordinates":[[[8.669627376187407,47.757654561964664],[8.669648300085301,47.75855375125252],[8.668314792345697,47.758567852911625],[8.668293891122406,47.757668663386276],[8.669627376187407,47.757654561964664]]]}},{"type":"Feature","properties":{"einwohner":85,"laut65":false,"initiative":true,"gegenvorschlag":true},"geometry":{"type":"Polygon","coordinates":[[[8.854993004346417,47.6566042478118],[8.855017034413295,47.65750343778213],[8.853686124174317,47.65751966563099],[8.85366211669068,47.65662047538798],[8.854993004346417,47.6566042478118]]]}},{"type":"Feature","properties":{"einwohner":41,"laut65":false,"initiative":true,"gegenvorschlag":false},"geometry":{"type":"Polygon","coordinates":[[[8.503148282495825,47.70353440362478],[8.503166356073086,47.70443364129106],[8.501834170205388,47.704445833690855],[8.501816119259544,47.70354659581951],[8.503148282495825,47.70353440362478]]]}},{"type":"Feature","properties":{"einwohner":22,"laut65":false,"initiative":true,"gegenvorschlag":false},"geometry":{"type":"Polygon","coordinates":[[[8.57115620777512,47.58146784098037],[8.571175392198144,47.58236711003884],[8.569846288132746,47.58238008278003],[8.569827126235198,47.581480813503866],[8.57115620777512,47.58146784098037]]]}},{"type":"Feature","properties":{"einwohner":90,"laut65":false,"initiative":true,"gegenvorschlag":true},"geometry":{"type":"Polygon","coordinates":[[[8.702684955236517,47.74560764230401],[8.70270643642782,47.746506830039856],[8.701373241520029,47.74652131086626],[8.701351782992193,47.74562212288662],[8.702684955236517,47.74560764230401]]]}},{"type":"Feature","properties":{"einwohner":18,"laut65":false,"initiative":true,"gegenvorschlag":true},"geometry":{"type":"Polygon","coordinates":[[[8.851192060361358,47.66384640202676],[8.851216029222787,47.66474559023284],[8.849884935833002,47.66476177446833],[8.84986098956112,47.66386258599027],[8.851192060361358,47.66384640202676]]]}},{"type":"Feature","properties":{"einwohner":7,"laut65":false,"initiative":true,"gegenvorschlag":true},"geometry":{"type":"Polygon","coordinates":[[[8.815042815085429,47.707454808980195],[8.815066189715111,47.708353988931684],[8.8137339884576,47.70836975845869],[8.813710636455838,47.70747057824196],[8.815042815085429,47.707454808980195]]]}},{"type":"Feature","properties":{"einwohner":32,"laut65":false,"initiative":true,"gegenvorschlag":false},"geometry":{"type":"Polygon","coordinates":[[[8.669543687756368,47.75405780136747],[8.66956460879013,47.75495699203315],[8.668231191744296,47.754971092742544],[8.668210293382037,47.75407190183949],[8.669543687756368,47.75405780136747]]]}},{"type":"Feature","properties":{"einwohner":3,"laut65":false,"initiative":false,"gegenvorschlag":true},"geometry":{"type":"Polygon","coordinates":[[[8.787387560602053,47.72037132122762],[8.78741047099755,47.72127050200183],[8.786077936255484,47.72128595432696],[8.7860550484997,47.720386773292745],[8.787387560602053,47.72037132122762]]]}},{"type":"Feature","properties":{"einwohner":27,"laut65":false,"initiative":true,"gegenvorschlag":false},"geometry":{"type":"Polygon","coordinates":[[[8.668189395734936,47.753172710592544],[8.668210293382037,47.75407190183949],[8.666876898292555,47.75408598701913],[8.666856023316218,47.75318679553501],[8.668189395734936,47.753172710592544]]]}},{"type":"Feature","properties":{"einwohner":14,"laut65":false,"initiative":true,"gegenvorschlag":false},"geometry":{"type":"Polygon","coordinates":[[[8.65848259403055,47.73708545328468],[8.658503320213434,47.7379846523373],[8.65717032810006,47.737998626234905],[8.657149624574282,47.73709942694712],[8.65848259403055,47.73708545328468]]]}},{"type":"Feature","properties":{"einwohner":5,"laut65":true,"initiative":true,"gegenvorschlag":true},"geometry":{"type":"Polygon","coordinates":[[[8.82312991646588,47.71095658399148],[8.823153430076635,47.71185576100833],[8.821821143105993,47.71187162327006],[8.821797652125971,47.71097244598638],[8.82312991646588,47.71095658399148]]]}},{"type":"Feature","properties":{"einwohner":34,"laut65":false,"initiative":true,"gegenvorschlag":false},"geometry":{"type":"Polygon","coordinates":[[[8.66223202376153,47.726253033995754],[8.662252809383109,47.7271522364026],[8.660920091231684,47.72716625333277],[8.6608993282578,47.72626705069007],[8.66223202376153,47.726253033995754]]]}},{"type":"Feature","properties":{"einwohner":20,"laut65":false,"initiative":true,"gegenvorschlag":false},"geometry":{"type":"Polygon","coordinates":[[[8.660895444506206,47.78382934729656],[8.660916230308437,47.78472852814852],[8.659582059667883,47.78474252958831],[8.659561296563068,47.783843348500504],[8.660895444506206,47.78382934729656]]]}},{"type":"Feature","properties":{"einwohner":40,"laut65":false,"initiative":true,"gegenvorschlag":true},"geometry":{"type":"Polygon","coordinates":[[[8.458944062265626,47.69133922380182],[8.45896138070073,47.69223847269839],[8.457629491669376,47.69225015811444],[8.457612195856035,47.69135090902139],[8.458944062265626,47.69133922380182]]]}},{"type":"Feature","properties":{"einwohner":3,"laut65":false,"initiative":false,"gegenvorschlag":true},"geometry":{"type":"Polygon","coordinates":[[[8.865712710674613,47.659171440116545],[8.865736923884937,47.660070626929205],[8.864405952475911,47.66008697770607],[8.864381761850757,47.6591877906186],[8.865712710674613,47.659171440116545]]]}},{"type":"Feature","properties":{"einwohner":10,"laut65":false,"initiative":true,"gegenvorschlag":false},"geometry":{"type":"Polygon","coordinates":[[[8.784653944957036,47.71770466417517],[8.78467680772797,47.71860384647853],[8.783344339338658,47.718619267461385],[8.783321499205213,47.71772008489861],[8.784653944957036,47.71770466417517]]]}},{"type":"Feature","properties":{"einwohner":25,"laut65":true,"initiative":true,"gegenvorschlag":true},"geometry":{"type":"Polygon","coordinates":[[[8.522000831719732,47.71325367281992],[8.522019229048594,47.71415290394094],[8.520686802907697,47.71416531254877],[8.520668428218254,47.713266081219],[8.522000831719732,47.71325367281992]]]}},{"type":"Feature","properties":{"einwohner":16,"laut65":false,"initiative":false,"gegenvorschlag":true},"geometry":{"type":"Polygon","coordinates":[[[8.805671117858923,47.70576650837311],[8.805694332505295,47.70666569084329],[8.804362170932656,47.706681352897256],[8.804338978912982,47.70578217016366],[8.805671117858923,47.70576650837311]]]}},{"type":"Feature","properties":{"einwohner":11,"laut65":false,"initiative":true,"gegenvorschlag":false},"geometry":{"type":"Polygon","coordinates":[[[8.484035453939331,47.74777808479609],[8.484053217780982,47.74867730906859],[8.482719912826855,47.74868928214132],[8.482702171655108,47.747790057667274],[8.484035453939331,47.74777808479609]]]}},{"type":"Feature","properties":{"einwohner":8,"laut65":false,"initiative":true,"gegenvorschlag":true},"geometry":{"type":"Polygon","coordinates":[[[8.820394986748157,47.70829075804432],[8.820418452691067,47.70918993659813],[8.819086232005397,47.70920576750313],[8.819062788690989,47.70830658868301],[8.820394986748157,47.70829075804432]]]}},{"type":"Feature","properties":{"einwohner":134,"laut65":false,"initiative":true,"gegenvorschlag":false},"geometry":{"type":"Polygon","coordinates":[[[8.623281718973775,47.71316513514024],[8.6233018374752,47.7140643493112],[8.621969438699123,47.71407791955189],[8.621949342834965,47.71317870515261],[8.623281718973775,47.71316513514024]]]}},{"type":"Feature","properties":{"einwohner":17,"laut65":false,"initiative":true,"gegenvorschlag":false},"geometry":{"type":"Polygon","coordinates":[[[8.834195916990701,47.67574506997166],[8.834219602695185,47.6766442574701],[8.832888204995687,47.67666024675093],[8.832864541891395,47.67576105898364],[8.834195916990701,47.67574506997166]]]}},{"type":"Feature","properties":{"einwohner":115,"laut65":false,"initiative":true,"gegenvorschlag":true},"geometry":{"type":"Polygon","coordinates":[[[8.860244190501222,47.65384161631914],[8.860268308431047,47.65474080616072],[8.85893746922433,47.654757094240395],[8.858913373875243,47.65385790412511],[8.860244190501222,47.65384161631914]]]}},{"type":"Feature","properties":{"einwohner":44,"laut65":false,"initiative":true,"gegenvorschlag":true},"geometry":{"type":"Polygon","coordinates":[[[8.648165375618692,47.69402091931258],[8.648185909478661,47.69492013605703],[8.64685399910611,47.69493399174543],[8.646833487866406,47.694034774767985],[8.648165375618692,47.69402091931258]]]}},{"type":"Feature","properties":{"einwohner":28,"laut65":false,"initiative":true,"gegenvorschlag":false},"geometry":{"type":"Polygon","coordinates":[[[8.477854719845665,47.7046626840712],[8.477872364022828,47.705561925259474],[8.47654014393333,47.70557382754571],[8.47652252238904,47.70467458615727],[8.477854719845665,47.7046626840712]]]}},{"type":"Feature","properties":{"einwohner":26,"laut65":true,"initiative":true,"gegenvorschlag":true},"geometry":{"type":"Polygon","coordinates":[[[8.85898566238964,47.656555473506806],[8.859009760205963,47.657454662657464],[8.857678852429888,47.65747093629534],[8.857654777196668,47.65657174687121],[8.85898566238964,47.656555473506806]]]}},{"type":"Feature","properties":{"einwohner":11,"laut65":false,"initiative":true,"gegenvorschlag":false},"geometry":{"type":"Polygon","coordinates":[[[8.716394395243494,47.70588286948151],[8.716416093059122,47.70678206936722],[8.715083902717637,47.706796707539795],[8.715062227530936,47.70589750740781],[8.716394395243494,47.70588286948151]]]}},{"type":"Feature","properties":{"einwohner":20,"laut65":false,"initiative":true,"gegenvorschlag":true},"geometry":{"type":"Polygon","coordinates":[[[8.873698386235166,47.65907301657351],[8.8737227349555,47.6599722017321],[8.872391768517064,47.65998864409057],[8.872367442381615,47.65908945865565],[8.873698386235166,47.65907301657351]]]}},{"type":"Feature","properties":{"einwohner":3,"laut65":false,"initiative":true,"gegenvorschlag":true},"geometry":{"type":"Polygon","coordinates":[[[8.570972418878029,47.69749697353471],[8.570991642666906,47.69839620238183],[8.569659625052196,47.69840917271144],[8.5696404238882,47.6975099436462],[8.570972418878029,47.69749697353471]]]}},{"type":"Feature","properties":{"einwohner":16,"laut65":true,"initiative":true,"gegenvorschlag":true},"geometry":{"type":"Polygon","coordinates":[[[8.639025551384712,47.70221054017904],[8.63904593316902,47.703109755578744],[8.637713814287316,47.70312350641847],[8.637693455130508,47.70222429078746],[8.639025551384712,47.70221054017904]]]}},{"type":"Feature","properties":{"einwohner":33,"laut65":false,"initiative":true,"gegenvorschlag":false},"geometry":{"type":"Polygon","coordinates":[[[8.663835281569385,47.737928603868326],[8.663856099092365,47.73882780163772],[8.662523087161844,47.73884183692294],[8.66250229229658,47.73794263891736],[8.663835281569385,47.737928603868326]]]}},{"type":"Feature","properties":{"einwohner":3,"laut65":false,"initiative":true,"gegenvorschlag":false},"geometry":{"type":"Polygon","coordinates":[[[8.656230406240995,47.755097310955776],[8.65625110126606,47.75599650363987],[8.654917654430463,47.75601045165681],[8.654896982078093,47.75511125873791],[8.656230406240995,47.755097310955776]]]}},{"type":"Feature","properties":{"einwohner":19,"laut65":false,"initiative":true,"gegenvorschlag":false},"geometry":{"type":"Polygon","coordinates":[[[8.483664058703233,47.66143903128927],[8.483681786955426,47.66233828707748],[8.482350655386446,47.662350256100986],[8.48233294972988,47.661451000111605],[8.483664058703233,47.66143903128927]]]}},{"type":"Feature","properties":{"einwohner":17,"laut65":false,"initiative":true,"gegenvorschlag":true},"geometry":{"type":"Polygon","coordinates":[[[8.661338913864174,47.6875870146113],[8.661359668960495,47.6884862313104],[8.660027923961273,47.68850023810574],[8.660007191479394,47.68760102117106],[8.661338913864174,47.6875870146113]]]}},{"type":"Feature","properties":{"einwohner":12,"laut65":false,"initiative":true,"gegenvorschlag":false},"geometry":{"type":"Polygon","coordinates":[[[8.626955954469334,47.698736872457715],[8.626976129846721,47.69963609125179],[8.62564409523776,47.699649703672414],[8.625623942485143,47.69875048464943],[8.626955954469334,47.698736872457715]]]}},{"type":"Feature","properties":{"einwohner":4,"laut65":false,"initiative":true,"gegenvorschlag":false},"geometry":{"type":"Polygon","coordinates":[[[8.715040553085009,47.704998306943416],[8.715062227530936,47.70589750740781],[8.713730059077605,47.70591213005598],[8.71370840725988,47.7050129293456],[8.715040553085009,47.704998306943416]]]}},{"type":"Feature","properties":{"einwohner":10,"laut65":false,"initiative":true,"gegenvorschlag":true},"geometry":{"type":"Polygon","coordinates":[[[8.816398390173697,47.708338204126726],[8.816421788230947,47.70923738347862],[8.815089565143719,47.70925316854911],[8.815066189715111,47.708353988931684],[8.816398390173697,47.708338204126726]]]}},{"type":"Feature","properties":{"einwohner":3,"laut65":false,"initiative":true,"gegenvorschlag":false},"geometry":{"type":"Polygon","coordinates":[[[8.475137531204528,47.70198874621782],[8.475155128311709,47.702887988796235],[8.473822974914999,47.70289985992334],[8.473805400438438,47.70200061714526],[8.475137531204528,47.70198874621782]]]}},{"type":"Feature","properties":{"einwohner":15,"laut65":false,"initiative":true,"gegenvorschlag":true},"geometry":{"type":"Polygon","coordinates":[[[8.856251738157107,47.653890433951226],[8.856275788344567,47.654789624613166],[8.854944946673061,47.65480586690615],[8.85492091906649,47.65390667597133],[8.856251738157107,47.653890433951226]]]}},{"type":"Feature","properties":{"einwohner":29,"laut65":false,"initiative":true,"gegenvorschlag":false},"geometry":{"type":"Polygon","coordinates":[[[8.57242767174135,47.57875704488759],[8.572446876727279,47.579656314629794],[8.571117840889384,47.579669301961374],[8.571098658426594,47.57877003200128],[8.57242767174135,47.57875704488759]]]}},{"type":"Feature","properties":{"einwohner":5,"laut65":false,"initiative":true,"gegenvorschlag":true},"geometry":{"type":"Polygon","coordinates":[[[8.47996482799327,47.744217054621636],[8.479982521403501,47.74511628086006],[8.478649305305966,47.74512820725259],[8.47863163456264,47.74422898081344],[8.47996482799327,47.744217054621636]]]}},{"type":"Feature","properties":{"einwohner":27,"laut65":false,"initiative":false,"gegenvorschlag":true},"geometry":{"type":"Polygon","coordinates":[[[8.496218127489149,47.690106591978804],[8.49623607870612,47.691005835596535],[8.494904229154441,47.6910179485425],[8.494886300557477,47.69011870472109],[8.496218127489149,47.690106591978804]]]}},{"type":"Feature","properties":{"einwohner":22,"laut65":false,"initiative":true,"gegenvorschlag":false},"geometry":{"type":"Polygon","coordinates":[[[8.724387385919323,47.70579472108255],[8.724409219507633,47.70669391948553],[8.723077033627273,47.70670864932839],[8.723055222667636,47.705809450677656],[8.724387385919323,47.70579472108255]]]}},{"type":"Feature","properties":{"einwohner":65,"laut65":true,"initiative":true,"gegenvorschlag":true},"geometry":{"type":"Polygon","coordinates":[[[8.635029260535688,47.70225174617084],[8.635049574437367,47.70315096226359],[8.633717453470673,47.70316466726901],[8.633697162196622,47.702265450945724],[8.635029260535688,47.70225174617084]]]}},{"type":"Feature","properties":{"einwohner":39,"laut65":true,"initiative":true,"gegenvorschlag":true},"geometry":{"type":"Polygon","coordinates":[[[8.642159740392605,47.722864852493025],[8.642180183498128,47.72376405975705],[8.640847545366139,47.723777846486286],[8.640827124905828,47.72287863899026],[8.642159740392605,47.722864852493025]]]}},{"type":"Feature","properties":{"einwohner":33,"laut65":false,"initiative":true,"gegenvorschlag":false},"geometry":{"type":"Polygon","coordinates":[[[8.659836311617827,47.73797066315184],[8.65985706116753,47.73886986162911],[8.658524047105296,47.73888385105007],[8.658503320213434,47.7379846523373],[8.659836311617827,47.73797066315184]]]}},{"type":"Feature","properties":{"einwohner":66,"laut65":true,"initiative":true,"gegenvorschlag":true},"geometry":{"type":"Polygon","coordinates":[[[8.603856656908276,47.67828399048301],[8.603876432115438,47.6791832206644],[8.602544906094508,47.679196568207736],[8.602525153495034,47.67829733780195],[8.603856656908276,47.67828399048301]]]}},{"type":"Feature","properties":{"einwohner":45,"laut65":false,"initiative":true,"gegenvorschlag":true},"geometry":{"type":"Polygon","coordinates":[[[8.852355213115908,47.657535878216805],[8.852379198834907,47.65843506841033],[8.851048264373732,47.658451266005294],[8.851024301238843,47.65755207553958],[8.852355213115908,47.657535878216805]]]}},{"type":"Feature","properties":{"einwohner":34,"laut65":false,"initiative":false,"gegenvorschlag":true},"geometry":{"type":"Polygon","coordinates":[[[8.496146328753273,47.686509614241984],[8.496164277517515,47.68740885916563],[8.494832518441221,47.68742097129698],[8.494814592293894,47.68652172616965],[8.496146328753273,47.686509614241984]]]}},{"type":"Feature","properties":{"einwohner":159,"laut65":true,"initiative":true,"gegenvorschlag":true},"geometry":{"type":"Polygon","coordinates":[[[8.613276835955897,47.68268627142072],[8.613296772820062,47.683585498396816],[8.61196513849433,47.683598953971504],[8.61194522424144,47.68269972676919],[8.613276835955897,47.68268627142072]]]}},{"type":"Feature","properties":{"einwohner":85,"laut65":false,"initiative":true,"gegenvorschlag":true},"geometry":{"type":"Polygon","coordinates":[[[8.643349114516496,47.716556592093525],[8.643369575369737,47.717455801472795],[8.642037096436725,47.71746960186051],[8.642016658223238,47.71657039224905],[8.643349114516496,47.716556592093525]]]}},{"type":"Feature","properties":{"einwohner":39,"laut65":false,"initiative":true,"gegenvorschlag":true},"geometry":{"type":"Polygon","coordinates":[[[8.612004969040768,47.68539740739751],[8.612024885334396,47.6862966336208],[8.610693182489893,47.686310074600705],[8.610673288809897,47.68541084815145],[8.612004969040768,47.68539740739751]]]}},{"type":"Feature","properties":{"einwohner":16,"laut65":false,"initiative":true,"gegenvorschlag":false},"geometry":{"type":"Polygon","coordinates":[[[8.585070852725877,47.73333523906533],[8.58509032937622,47.734234452365044],[8.583757412751055,47.73424758430089],[8.58373795875616,47.73334837078018],[8.585070852725877,47.73333523906533]]]}},{"type":"Feature","properties":{"einwohner":16,"laut65":false,"initiative":true,"gegenvorschlag":false},"geometry":{"type":"Polygon","coordinates":[[[8.489006307171769,47.662290258307046],[8.489024126414362,47.663189512968266],[8.4876929746745,47.663201543264464],[8.487675178028157,47.66230228840111],[8.489006307171769,47.662290258307046]]]}},{"type":"Feature","properties":{"einwohner":32,"laut65":false,"initiative":true,"gegenvorschlag":false},"geometry":{"type":"Polygon","coordinates":[[[8.663502298015871,47.72354139348369],[8.66352310415061,47.72444059666474],[8.662190454650622,47.72445462817132],[8.662169671161202,47.72355542475415],[8.663502298015871,47.72354139348369]]]}},{"type":"Feature","properties":{"einwohner":54,"laut65":false,"initiative":true,"gegenvorschlag":true},"geometry":{"type":"Polygon","coordinates":[[[8.640541311755094,47.71028969886674],[8.64056172244416,47.71118891104668],[8.639229400577044,47.7112026792486],[8.639209012522398,47.710303466837075],[8.640541311755094,47.71028969886674]]]}},{"type":"Feature","properties":{"einwohner":99,"laut65":false,"initiative":true,"gegenvorschlag":true},"geometry":{"type":"Polygon","coordinates":[[[8.643267278097866,47.71295975123398],[8.643287736153454,47.713858961949796],[8.64195534777482,47.71387276140883],[8.641934912355888,47.71297355046087],[8.643267278097866,47.71295975123398]]]}},{"type":"Feature","properties":{"einwohner":28,"laut65":false,"initiative":true,"gegenvorschlag":false},"geometry":{"type":"Polygon","coordinates":[[[8.720390893928801,47.7058388640336],[8.720412659630965,47.70673806317909],[8.719080471516563,47.706752747186904],[8.719058728443198,47.70585354779438],[8.720390893928801,47.7058388640336]]]}},{"type":"Feature","properties":{"einwohner":4,"laut65":false,"initiative":false,"gegenvorschlag":true},"geometry":{"type":"Polygon","coordinates":[[[8.46401045950051,47.677803569440165],[8.46402785950507,47.67870282242818],[8.462696312088275,47.67871456598765],[8.462678934693757,47.677815312802274],[8.46401045950051,47.677803569440165]]]}},{"type":"Feature","properties":{"einwohner":66,"laut65":false,"initiative":true,"gegenvorschlag":false},"geometry":{"type":"Polygon","coordinates":[[[8.485386522127293,47.74866532070354],[8.485404309247402,47.74956454443317],[8.484070982230449,47.749576533000045],[8.484053217780982,47.74867730906859],[8.485386522127293,47.74866532070354]]]}},{"type":"Feature","properties":{"einwohner":63,"laut65":true,"initiative":true,"gegenvorschlag":true},"geometry":{"type":"Polygon","coordinates":[[[8.57496839990335,47.69745797153815],[8.574987691566642,47.6983571997293],[8.573655675924899,47.698370215890755],[8.573636406886376,47.69747098748069],[8.57496839990335,47.69745797153815]]]}},{"type":"Feature","properties":{"einwohner":88,"laut65":true,"initiative":true,"gegenvorschlag":false},"geometry":{"type":"Polygon","coordinates":[[[8.628469772633709,47.706816200167374],[8.628489976849046,47.707715415752546],[8.627157739272103,47.707729045513425],[8.627137557688458,47.70682982969896],[8.628469772633709,47.706816200167374]]]}},{"type":"Feature","properties":{"einwohner":14,"laut65":true,"initiative":true,"gegenvorschlag":true},"geometry":{"type":"Polygon","coordinates":[[[8.821750672574673,47.70917409041502],[8.82177416194888,47.71007326836795],[8.820441919436044,47.710089114817634],[8.820418452691067,47.70918993659813],[8.821750672574673,47.70917409041502]]]}},{"type":"Feature","properties":{"einwohner":7,"laut65":false,"initiative":true,"gegenvorschlag":false},"geometry":{"type":"Polygon","coordinates":[[[8.693544663318713,47.753801377889324],[8.693565992432319,47.75470056423773],[8.692232588392654,47.75471494021225],[8.692211281949788,47.75381575362183],[8.693544663318713,47.753801377889324]]]}},{"type":"Feature","properties":{"einwohner":25,"laut65":false,"initiative":true,"gegenvorschlag":false},"geometry":{"type":"Polygon","coordinates":[[[8.662083952192146,47.77752105666203],[8.662104755704066,47.77842023973104],[8.66077074464072,47.7784342548194],[8.660749963820734,47.777535071514336],[8.662083952192146,47.77752105666203]]]}},{"type":"Feature","properties":{"einwohner":3,"laut65":false,"initiative":true,"gegenvorschlag":true},"geometry":{"type":"Polygon","coordinates":[[[8.641914477635492,47.71207433917928],[8.641934912355888,47.71297355046087],[8.640602545915373,47.71298733440693],[8.640582133830904,47.71208812289346],[8.641914477635492,47.71207433917928]]]}},{"type":"Feature","properties":{"einwohner":66,"laut65":false,"initiative":true,"gegenvorschlag":false},"geometry":{"type":"Polygon","coordinates":[[[8.632223202030932,47.69598461531559],[8.632243465829726,47.69688383418067],[8.630911501854612,47.69689750702004],[8.630891260678116,47.69599828792501],[8.632223202030932,47.69598461531559]]]}},{"type":"Feature","properties":{"einwohner":35,"laut65":true,"initiative":true,"gegenvorschlag":true},"geometry":{"type":"Polygon","coordinates":[[[8.651343837560017,47.7164734702416],[8.651364434250919,47.717372678222404],[8.6500319595266,47.71738657030269],[8.650011385475205,47.71648736208814],[8.651343837560017,47.7164734702416]]]}},{"type":"Feature","properties":{"einwohner":66,"laut65":false,"initiative":true,"gegenvorschlag":false},"geometry":{"type":"Polygon","coordinates":[[[8.628388962677134,47.703219334509285],[8.628409164130645,47.704118551420976],[8.627077017075834,47.70413218026484],[8.627056838250928,47.70323296312394],[8.628388962677134,47.703219334509285]]]}},{"type":"Feature","properties":{"einwohner":4,"laut65":false,"initiative":false,"gegenvorschlag":true},"geometry":{"type":"Polygon","coordinates":[[[8.82165672310575,47.70557737526253],[8.821680209268889,47.70647655455129],[8.820348057268339,47.706492399934774],[8.820324593731344,47.705593220379455],[8.82165672310575,47.70557737526253]]]}},{"type":"Feature","properties":{"einwohner":11,"laut65":false,"initiative":true,"gegenvorschlag":true},"geometry":{"type":"Polygon","coordinates":[[[8.875053700562805,47.65995574411009],[8.875078072699866,47.66085492866939],[8.873747084506958,47.66087138656801],[8.8737227349555,47.6599722017321],[8.875053700562805,47.65995574411009]]]}},{"type":"Feature","properties":{"einwohner":9,"laut65":false,"initiative":true,"gegenvorschlag":true},"geometry":{"type":"Polygon","coordinates":[[[8.609699469188108,47.76187078202602],[8.609719375413082,47.7627699803637],[8.608385745536602,47.76278339469506],[8.608365861991176,47.761884196131525],[8.609699469188108,47.76187078202602]]]}},{"type":"Feature","properties":{"einwohner":57,"laut65":true,"initiative":true,"gegenvorschlag":true},"geometry":{"type":"Polygon","coordinates":[[[8.643103638824845,47.70576605351658],[8.643124091287104,47.70666526689494],[8.64179188398009,47.70667906449704],[8.641771454148303,47.70577985088661],[8.643103638824845,47.70576605351658]]]}},{"type":"Feature","properties":{"einwohner":60,"laut65":false,"initiative":true,"gegenvorschlag":false},"geometry":{"type":"Polygon","coordinates":[[[8.705458937475754,47.750074568081864],[8.7054804676769,47.75097375361546],[8.704147160911313,47.75098826624318],[8.704125653377426,47.75008908046526],[8.705458937475754,47.750074568081864]]]}},{"type":"Feature","properties":{"einwohner":3,"laut65":false,"initiative":true,"gegenvorschlag":true},"geometry":{"type":"Polygon","coordinates":[[[8.647428598496534,47.72011193265138],[8.647449130076378,47.72101113999239],[8.646116562677966,47.7210249871583],[8.646096053740854,47.72012577958432],[8.647428598496534,47.72011193265138]]]}},{"type":"Feature","properties":{"einwohner":8,"laut65":false,"initiative":true,"gegenvorschlag":false},"geometry":{"type":"Polygon","coordinates":[[[8.565648970258193,47.572526923830075],[8.565668058076986,47.57342619675519],[8.564339176627076,47.57343910635331],[8.564320111326248,47.57253983321162],[8.565648970258193,47.572526923830075]]]}},{"type":"Feature","properties":{"einwohner":23,"laut65":false,"initiative":true,"gegenvorschlag":true},"geometry":{"type":"Polygon","coordinates":[[[8.463801705783936,47.667012508409385],[8.463819098660316,47.66791176526556],[8.462487822513024,47.66792350645658],[8.462470452237422,47.667024249403056],[8.463801705783936,47.667012508409385]]]}},{"type":"Feature","properties":{"einwohner":12,"laut65":false,"initiative":true,"gegenvorschlag":true},"geometry":{"type":"Polygon","coordinates":[[[8.637652738904034,47.70042585853293],[8.637673096669426,47.70132507482553],[8.636341022346269,47.701338809925126],[8.636320687206872,47.70043959340149],[8.637652738904034,47.70042585853293]]]}},{"type":"Feature","properties":{"einwohner":31,"laut65":true,"initiative":true,"gegenvorschlag":true},"geometry":{"type":"Polygon","coordinates":[[[8.812355128451678,47.706587151410474],[8.81237845702814,47.70748633222596],[8.81104627680311,47.70750207093229],[8.811022970853886,47.70660288985203],[8.812355128451678,47.706587151410474]]]}},{"type":"Feature","properties":{"einwohner":3,"laut65":false,"initiative":true,"gegenvorschlag":true},"geometry":{"type":"Polygon","coordinates":[[[8.56832760678138,47.6984221277638],[8.568346785975791,47.69932135671747],[8.567014744423904,47.6993342967101],[8.566995587855224,47.69843506753881],[8.56832760678138,47.6984221277638]]]}},{"type":"Feature","properties":{"einwohner":31,"laut65":true,"initiative":true,"gegenvorschlag":true},"geometry":{"type":"Polygon","coordinates":[[[8.636381694709838,47.70313724198008],[8.636402031934097,47.70403645751098],[8.635069889033272,47.70405017802529],[8.635049574437367,47.70315096226359],[8.636381694709838,47.70313724198008]]]}},{"type":"Feature","properties":{"einwohner":30,"laut65":false,"initiative":true,"gegenvorschlag":false},"geometry":{"type":"Polygon","coordinates":[[[8.590343724135717,47.73058492006729],[8.590363289399887,47.73148413349418],[8.58903044340759,47.7314973259135],[8.589010900796383,47.73059811226466],[8.590343724135717,47.73058492006729]]]}},{"type":"Feature","properties":{"einwohner":21,"laut65":false,"initiative":true,"gegenvorschlag":false},"geometry":{"type":"Polygon","coordinates":[[[8.653584206887382,47.75602438438076],[8.653604857273724,47.756923577189994],[8.65227138635038,47.75693749485514],[8.652250758637598,47.75603830181157],[8.653584206887382,47.75602438438076]]]}},{"type":"Feature","properties":{"einwohner":36,"laut65":true,"initiative":true,"gegenvorschlag":true},"geometry":{"type":"Polygon","coordinates":[[[8.62814659907131,47.692428705808105],[8.628166792243203,47.693327926678165],[8.626834916680581,47.69334155277179],[8.626814746128018,47.69244233167262],[8.62814659907131,47.692428705808105]]]}},{"type":"Feature","properties":{"einwohner":31,"laut65":true,"initiative":true,"gegenvorschlag":true},"geometry":{"type":"Polygon","coordinates":[[[8.642858263786684,47.69497546715666],[8.642878707863847,47.69587468450241],[8.641546772071491,47.69588847932007],[8.641526350615521,47.69498926174235],[8.642858263786684,47.69497546715666]]]}},{"type":"Feature","properties":{"einwohner":44,"laut65":false,"initiative":true,"gegenvorschlag":true},"geometry":{"type":"Polygon","coordinates":[[[8.664939075181948,47.72802335828512],[8.66495990752353,47.728922559544735],[8.66362714549695,47.72893660751714],[8.663606335804529,47.72803740602117],[8.664939075181948,47.72802335828512]]]}},{"type":"Feature","properties":{"einwohner":16,"laut65":true,"initiative":true,"gegenvorschlag":true},"geometry":{"type":"Polygon","coordinates":[[[8.636300352762348,47.69954037654745],[8.636320687206872,47.70043959340149],[8.634988634814833,47.70045331299278],[8.634968322995578,47.69955409590795],[8.636300352762348,47.69954037654745]]]}},{"type":"Feature","properties":{"einwohner":31,"laut65":false,"initiative":true,"gegenvorschlag":true},"geometry":{"type":"Polygon","coordinates":[[[8.656694326098878,47.71731695708122],[8.656715014054653,47.7182161637898],[8.655382519511491,47.71823011723285],[8.65536185419583,47.71733091028948],[8.656694326098878,47.71731695708122]]]}},{"type":"Feature","properties":{"einwohner":27,"laut65":false,"initiative":true,"gegenvorschlag":true},"geometry":{"type":"Polygon","coordinates":[[[8.701373241520029,47.74652131086626],[8.70139470078206,47.747420498503544],[8.700061482475792,47.74743496428352],[8.700040045878044,47.746535776402744],[8.701373241520029,47.74652131086626]]]}},{"type":"Feature","properties":{"einwohner":22,"laut65":false,"initiative":true,"gegenvorschlag":true},"geometry":{"type":"Polygon","coordinates":[[[8.849884935833002,47.66476177446833],[8.84990888292238,47.6656609626227],[8.848577766124727,47.665677131864825],[8.848553841625716,47.66477794343867],[8.849884935833002,47.66476177446833]]]}},{"type":"Feature","properties":{"einwohner":53,"laut65":false,"initiative":true,"gegenvorschlag":true},"geometry":{"type":"Polygon","coordinates":[[[8.664855752939152,47.72442654987423],[8.664876582431406,47.725325752482384],[8.663543910996808,47.72533979950927],[8.66352310415061,47.72444059666474],[8.664855752939152,47.72442654987423]]]}},{"type":"Feature","properties":{"einwohner":24,"laut65":false,"initiative":true,"gegenvorschlag":true},"geometry":{"type":"Polygon","coordinates":[[[8.808358653269527,47.70663432090268],[8.808381913964134,47.7075335025117],[8.807049731351732,47.7075491953847],[8.80702649328451,47.706650013511776],[8.808358653269527,47.70663432090268]]]}},{"type":"Feature","properties":{"einwohner":34,"laut65":false,"initiative":true,"gegenvorschlag":true},"geometry":{"type":"Polygon","coordinates":[[[8.698728263436056,47.747449414773264],[8.698749678102171,47.748348602554806],[8.6974164356646,47.74836303799736],[8.697395043663631,47.74746384997281],[8.698728263436056,47.747449414773264]]]}},{"type":"Feature","properties":{"einwohner":15,"laut65":false,"initiative":false,"gegenvorschlag":true},"geometry":{"type":"Polygon","coordinates":[[[8.465359406327618,47.67869106359616],[8.465376829537192,47.67959031606275],[8.464045260103866,47.67960207509239],[8.46402785950507,47.67870282242818],[8.465359406327618,47.67869106359616]]]}},{"type":"Feature","properties":{"einwohner":5,"laut65":false,"initiative":true,"gegenvorschlag":true},"geometry":{"type":"Polygon","coordinates":[[[8.624151038174896,47.692469537576216],[8.624171163488686,47.69336875913291],[8.622839285860959,47.69338233940039],[8.622819183166612,47.692483117615325],[8.624151038174896,47.692469537576216]]]}},{"type":"Feature","properties":{"einwohner":25,"laut65":false,"initiative":true,"gegenvorschlag":false},"geometry":{"type":"Polygon","coordinates":[[[8.499115781417293,47.70177245681952],[8.499133785869585,47.70267169576028],[8.497801643415773,47.70268384191282],[8.497783661593466,47.70178460276779],[8.499115781417293,47.70177245681952]]]}},{"type":"Feature","properties":{"einwohner":31,"laut65":false,"initiative":true,"gegenvorschlag":true},"geometry":{"type":"Polygon","coordinates":[[[8.61592007593712,47.681760088057636],[8.61594005734123,47.68265931490648],[8.614608446989418,47.682672800799814],[8.614588488195732,47.68177357372429],[8.61592007593712,47.681760088057636]]]}},{"type":"Feature","properties":{"einwohner":59,"laut65":true,"initiative":true,"gegenvorschlag":true},"geometry":{"type":"Polygon","coordinates":[[[8.644456297895095,47.70665145401378],[8.644476773687584,47.70755066682779],[8.643144544448386,47.707564479941304],[8.643124091287104,47.70666526689494],[8.644456297895095,47.70665145401378]]]}},{"type":"Feature","properties":{"einwohner":19,"laut65":false,"initiative":true,"gegenvorschlag":false},"geometry":{"type":"Polygon","coordinates":[[[8.706813773705745,47.75095922569652],[8.706835327311616,47.75185841064209],[8.705501998614785,47.75187293880562],[8.7054804676769,47.75097375361546],[8.706813773705745,47.75095922569652]]]}},{"type":"Feature","properties":{"einwohner":47,"laut65":true,"initiative":true,"gegenvorschlag":true},"geometry":{"type":"Polygon","coordinates":[[[8.63349428758683,47.693273269550204],[8.633514571928629,47.69417248917248],[8.63218267651036,47.69418617659762],[8.632162414788498,47.69328695674517],[8.63349428758683,47.693273269550204]]]}},{"type":"Feature","properties":{"einwohner":4,"laut65":false,"initiative":true,"gegenvorschlag":true},"geometry":{"type":"Polygon","coordinates":[[[8.465220042068573,47.67149703222598],[8.46523746051902,47.67239628727667],[8.463906071950275,47.672408044725096],[8.463888676104427,47.6715087894768],[8.465220042068573,47.67149703222598]]]}},{"type":"Feature","properties":{"einwohner":59,"laut65":false,"initiative":true,"gegenvorschlag":true},"geometry":{"type":"Polygon","coordinates":[[[8.610973293082804,47.75915975621982],[8.610993219941044,47.760058955366624],[8.60965965878215,47.76007238431499],[8.60963975460109,47.759173184942114],[8.610973293082804,47.75915975621982]]]}},{"type":"Feature","properties":{"einwohner":18,"laut65":false,"initiative":true,"gegenvorschlag":true},"geometry":{"type":"Polygon","coordinates":[[[8.585585376920298,47.695554840178715],[8.585604848249679,47.696454067267815],[8.58427288315133,47.696467205204854],[8.58425343444486,47.695567977894825],[8.585585376920298,47.695554840178715]]]}},{"type":"Feature","properties":{"einwohner":87,"laut65":false,"initiative":true,"gegenvorschlag":false},"geometry":{"type":"Polygon","coordinates":[[[8.70672756665697,47.74736248248181],[8.706749117313041,47.74826166879994],[8.705415879283507,47.74827619598515],[8.705394351292314,47.74737700942248],[8.70672756665697,47.74736248248181]]]}},{"type":"Feature","properties":{"einwohner":16,"laut65":false,"initiative":true,"gegenvorschlag":false},"geometry":{"type":"Polygon","coordinates":[[[8.532404924878486,47.76532114881153],[8.5324235175344,47.7662203587884],[8.53108978141546,47.76623288659487],[8.531071211443656,47.76533367640704],[8.532404924878486,47.76532114881153]]]}},{"type":"Feature","properties":{"einwohner":37,"laut65":false,"initiative":true,"gegenvorschlag":true},"geometry":{"type":"Polygon","coordinates":[[[8.465150374213785,47.667900008805205],[8.465167790285502,47.668799265142646],[8.463836492130522,47.66881102180064],[8.463819098660316,47.66791176526556],[8.465150374213785,47.667900008805205]]]}},{"type":"Feature","properties":{"einwohner":13,"laut65":true,"initiative":true,"gegenvorschlag":false},"geometry":{"type":"Polygon","coordinates":[[[8.629579537187883,47.69691116458303],[8.629599756432892,47.6978103835782],[8.628267768452163,47.69782402609428],[8.628247571830304,47.69692480686967],[8.629579537187883,47.69691116458303]]]}},{"type":"Feature","properties":{"einwohner":22,"laut65":false,"initiative":true,"gegenvorschlag":false},"geometry":{"type":"Polygon","coordinates":[[[8.619404902316514,47.71860108345524],[8.61942495701917,47.71950029630503],[8.618092420343913,47.71951382206686],[8.618072388283288,47.718614608989554],[8.619404902316514,47.71860108345524]]]}},{"type":"Feature","properties":{"einwohner":42,"laut65":false,"initiative":true,"gegenvorschlag":true},"geometry":{"type":"Polygon","coordinates":[[[8.610893592469472,47.75556295618848],[8.610913516599942,47.75646215671251],[8.609580046145114,47.756475584756494],[8.609560144688722,47.75557638400637],[8.610893592469472,47.75556295618848]]]}},{"type":"Feature","properties":{"einwohner":81,"laut65":true,"initiative":true,"gegenvorschlag":true},"geometry":{"type":"Polygon","coordinates":[[[8.62134678615357,47.68620211910448],[8.6213668614272,47.68710134341176],[8.62003514074707,47.687114891533575],[8.620015088087559,47.68621566699849],[8.62134678615357,47.68620211910448]]]}},{"type":"Feature","properties":{"einwohner":71,"laut65":true,"initiative":true,"gegenvorschlag":true},"geometry":{"type":"Polygon","coordinates":[[[8.552381152648678,47.700374859524274],[8.552400061624036,47.70127409041316],[8.551067967013243,47.701286847502985],[8.55104908066562,47.70038761639956],[8.552381152648678,47.700374859524274]]]}},{"type":"Feature","properties":{"einwohner":31,"laut65":false,"initiative":true,"gegenvorschlag":true},"geometry":{"type":"Polygon","coordinates":[[[8.813710636455838,47.70747057824196],[8.8137339884576,47.70836975845869],[8.812401786401937,47.70838551270773],[8.81237845702814,47.70748633222596],[8.813710636455838,47.70747057824196]]]}},{"type":"Feature","properties":{"einwohner":27,"laut65":false,"initiative":true,"gegenvorschlag":false},"geometry":{"type":"Polygon","coordinates":[[[8.654938327490315,47.75690964423149],[8.654959001257687,47.75780883646171],[8.65362550836681,47.757822769654815],[8.653604857273724,47.756923577189994],[8.654938327490315,47.75690964423149]]]}},{"type":"Feature","properties":{"einwohner":14,"laut65":false,"initiative":true,"gegenvorschlag":false},"geometry":{"type":"Polygon","coordinates":[[[8.662523087161844,47.73884183692294],[8.662543882738447,47.73974103458844],[8.661210847438044,47.73975505482157],[8.661190074519972,47.738855856920104],[8.662523087161844,47.73884183692294]]]}},{"type":"Feature","properties":{"einwohner":30,"laut65":false,"initiative":true,"gegenvorschlag":true},"geometry":{"type":"Polygon","coordinates":[[[8.46779546285766,47.666977193813615],[8.46781292353616,47.66787645007629],[8.466481649172655,47.66788823707541],[8.466464211094829,47.66698898061467],[8.46779546285766,47.666977193813615]]]}},{"type":"Feature","properties":{"einwohner":6,"laut65":false,"initiative":false,"gegenvorschlag":true},"geometry":{"type":"Polygon","coordinates":[[[8.498827793829946,47.687384589078796],[8.498845788442583,47.68828383326822],[8.497514007975699,47.688295976153185],[8.497496035980683,47.68739673175958],[8.498827793829946,47.687384589078796]]]}},{"type":"Feature","properties":{"einwohner":33,"laut65":false,"initiative":true,"gegenvorschlag":false},"geometry":{"type":"Polygon","coordinates":[[[8.50318443026802,47.705332878626955],[8.50320250508067,47.70623211563229],[8.501870273947816,47.70624430844224],[8.501852221768132,47.70534507123185],[8.50318443026802,47.705332878626955]]]}},{"type":"Feature","properties":{"einwohner":118,"laut65":false,"initiative":true,"gegenvorschlag":true},"geometry":{"type":"Polygon","coordinates":[[[8.581589547501276,47.69559420749787],[8.581608950961806,47.696493435248996],[8.580276983872174,47.6965065273561],[8.580257603034674,47.695607299384804],[8.581589547501276,47.69559420749787]]]}},{"type":"Feature","properties":{"einwohner":3,"laut65":false,"initiative":true,"gegenvorschlag":false},"geometry":{"type":"Polygon","coordinates":[[[8.662439911968438,47.735245042862125],[8.662460704699916,47.73614424188669],[8.661127760029,47.73615826117593],[8.661106989952954,47.735259061915436],[8.662439911968438,47.735245042862125]]]}},{"type":"Feature","properties":{"einwohner":4,"laut65":false,"initiative":true,"gegenvorschlag":true},"geometry":{"type":"Polygon","coordinates":[[[8.67400579162873,47.77379750730505],[8.674026796489027,47.77469668963513],[8.672692882626837,47.77471084146431],[8.672671900454988,47.773811658895916],[8.67400579162873,47.77379750730505]]]}},{"type":"Feature","properties":{"einwohner":15,"laut65":false,"initiative":true,"gegenvorschlag":false},"geometry":{"type":"Polygon","coordinates":[[[8.528403782667773,47.76535868570768],[8.528422307271237,47.76625789631667],[8.527088569247507,47.766270378231994],[8.527070067328273,47.76537116741284],[8.528403782667773,47.76535868570768]]]}},{"type":"Feature","properties":{"einwohner":8,"laut65":false,"initiative":false,"gegenvorschlag":true},"geometry":{"type":"Polygon","coordinates":[[[8.784882607846107,47.726696472051],[8.784905478435597,47.72759565098195],[8.783572783628859,47.727611074559825],[8.783549935684595,47.72671189536934],[8.784882607846107,47.726696472051]]]}},{"type":"Feature","properties":{"einwohner":90,"laut65":true,"initiative":true,"gegenvorschlag":true},"geometry":{"type":"Polygon","coordinates":[[[8.459047981752004,47.69673471227104],[8.459065303737647,47.69763395920191],[8.457733278959491,47.69764564579702],[8.457715979600247,47.696746398669625],[8.459047981752004,47.69673471227104]]]}},{"type":"Feature","properties":{"einwohner":15,"laut65":false,"initiative":true,"gegenvorschlag":true},"geometry":{"type":"Polygon","coordinates":[[[8.548384934764183,47.700413084316054],[8.548403775856226,47.70131231584779],[8.547071679311552,47.70132502710277],[8.547052860847353,47.700425795357255],[8.548384934764183,47.700413084316054]]]}},{"type":"Feature","properties":{"einwohner":44,"laut65":true,"initiative":true,"gegenvorschlag":true},"geometry":{"type":"Polygon","coordinates":[[[8.809714095781514,47.707517794360896],[8.809737379899238,47.708416975371854],[8.808405175453748,47.708432683786896],[8.808381913964134,47.7075335025117],[8.809714095781514,47.707517794360896]]]}},{"type":"Feature","properties":{"einwohner":49,"laut65":false,"initiative":true,"gegenvorschlag":false},"geometry":{"type":"Polygon","coordinates":[[[8.500465927708108,47.70265953432868],[8.5004839554064,47.70355877273496],[8.49915179093716,47.70357093437112],[8.499133785869585,47.70267169576028],[8.500465927708108,47.70265953432868]]]}},{"type":"Feature","properties":{"einwohner":22,"laut65":false,"initiative":true,"gegenvorschlag":false},"geometry":{"type":"Polygon","coordinates":[[[8.56320075803028,47.58244471782278],[8.563219807948757,47.58334398788254],[8.56189067745207,47.58335686937447],[8.561871650060064,47.58245759909859],[8.56320075803028,47.58244471782278]]]}},{"type":"Feature","properties":{"einwohner":6,"laut65":false,"initiative":true,"gegenvorschlag":true},"geometry":{"type":"Polygon","coordinates":[[[8.847246648510296,47.665693285841506],[8.847270551234889,47.666592474215236],[8.84593941021322,47.666608613197766],[8.845915530079859,47.665709424552745],[8.847246648510296,47.665693285841506]]]}},{"type":"Feature","properties":{"einwohner":48,"laut65":false,"initiative":true,"gegenvorschlag":false},"geometry":{"type":"Polygon","coordinates":[[[8.500393823075152,47.69906257740647],[8.500411848309428,47.69996181713115],[8.49907977435842,47.699973977949156],[8.499061771751768,47.69907473801995],[8.500393823075152,47.69906257740647]]]}},{"type":"Feature","properties":{"einwohner":10,"laut65":false,"initiative":true,"gegenvorschlag":true},"geometry":{"type":"Polygon","coordinates":[[[8.652119833333742,47.69218082821951],[8.65214043364657,47.693080044921174],[8.650808570620594,47.69309394596893],[8.65078799292636,47.69219472903349],[8.652119833333742,47.69218082821951]]]}},{"type":"Feature","properties":{"einwohner":12,"laut65":true,"initiative":true,"gegenvorschlag":false},"geometry":{"type":"Polygon","coordinates":[[[8.627157739272103,47.707729045513425],[8.627177921545533,47.708628260995674],[8.625845660646295,47.70864187570602],[8.625825501005375,47.70774265999481],[8.627157739272103,47.707729045513425]]]}},{"type":"Feature","properties":{"einwohner":18,"laut65":false,"initiative":true,"gegenvorschlag":false},"geometry":{"type":"Polygon","coordinates":[[[8.78460822175993,47.715906298560625],[8.784631082967705,47.716805481535786],[8.783298659852592,47.71682090199974],[8.783275821280762,47.715921718765166],[8.78460822175993,47.715906298560625]]]}},{"type":"Feature","properties":{"einwohner":3,"laut65":false,"initiative":true,"gegenvorschlag":false},"geometry":{"type":"Polygon","coordinates":[[[8.533757253016864,47.766207815685],[8.533775868994113,47.76710702510488],[8.532442110826794,47.767119568419545],[8.5324235175344,47.7662203587884],[8.533757253016864,47.766207815685]]]}},{"type":"Feature","properties":{"einwohner":3,"laut65":false,"initiative":true,"gegenvorschlag":false},"geometry":{"type":"Polygon","coordinates":[[[8.663960197389887,47.74332378537866],[8.663981019186206,47.74422298110408],[8.6626478712931,47.74423701780684],[8.66262707215915,47.74333782184514],[8.663960197389887,47.74332378537866]]]}},{"type":"Feature","properties":{"einwohner":3,"laut65":false,"initiative":false,"gegenvorschlag":true},"geometry":{"type":"Polygon","coordinates":[[[8.805624690946253,47.70396814243307],[8.805647904005921,47.70486732556961],[8.80431578768591,47.70488298709669],[8.804292597251395,47.7039838036967],[8.805624690946253,47.70396814243307]]]}},{"type":"Feature","properties":{"einwohner":38,"laut65":true,"initiative":true,"gegenvorschlag":true},"geometry":{"type":"Polygon","coordinates":[[[8.464393396923748,47.697587060042366],[8.464410810009616,47.69848630585621],[8.463078764976581,47.69849805376049],[8.463061374517746,47.69759880774912],[8.464393396923748,47.697587060042366]]]}},{"type":"Feature","properties":{"einwohner":7,"laut65":false,"initiative":true,"gegenvorschlag":false},"geometry":{"type":"Polygon","coordinates":[[[8.673585845395008,47.75581378775693],[8.673606835879667,47.75671297702039],[8.672273375638996,47.756727124084016],[8.67225240782727,47.75582793458241],[8.673585845395008,47.75581378775693]]]}},{"type":"Feature","properties":{"einwohner":58,"laut65":false,"initiative":true,"gegenvorschlag":false},"geometry":{"type":"Polygon","coordinates":[[[8.663876917327467,47.739726999066995],[8.663897736274723,47.74062619615595],[8.662564679026444,47.74064023191366],[8.662543882738447,47.73974103458844],[8.663876917327467,47.739726999066995]]]}},{"type":"Feature","properties":{"einwohner":97,"laut65":false,"initiative":true,"gegenvorschlag":false},"geometry":{"type":"Polygon","coordinates":[[[8.62067718774841,47.71588990276463],[8.620697263033977,47.71678911639026],[8.619364794968037,47.71680265675159],[8.619344742322138,47.71590344289819],[8.62067718774841,47.71588990276463]]]}},{"type":"Feature","properties":{"einwohner":4,"laut65":false,"initiative":true,"gegenvorschlag":false},"geometry":{"type":"Polygon","coordinates":[[[8.831604089918207,47.67847459585511],[8.831627732844364,47.67937378291096],[8.830296265723964,47.679389742459264],[8.830272645400404,47.67849055513505],[8.831604089918207,47.67847459585511]]]}},{"type":"Feature","properties":{"einwohner":12,"laut65":true,"initiative":false,"gegenvorschlag":true},"geometry":{"type":"Polygon","coordinates":[[[8.500177568294749,47.688271675108346],[8.500195586140446,47.689170918766955],[8.498863783669924,47.6891830771313],[8.498845788442583,47.68828383326822],[8.500177568294749,47.688271675108346]]]}},{"type":"Feature","properties":{"einwohner":12,"laut65":false,"initiative":true,"gegenvorschlag":true},"geometry":{"type":"Polygon","coordinates":[[[8.481351170868301,47.746902790230145],[8.481368888763877,47.74780201524635],[8.480035605266421,47.74781395753331],[8.480017910040042,47.74691473231609],[8.481351170868301,47.746902790230145]]]}},{"type":"Feature","properties":{"einwohner":3,"laut65":false,"initiative":true,"gegenvorschlag":true},"geometry":{"type":"Polygon","coordinates":[[[8.640827124905828,47.72287863899026],[8.640847545366139,47.723777846486286],[8.639514906535899,47.723791617931525],[8.63949450872084,47.7228924102038],[8.640827124905828,47.72287863899026]]]}},{"type":"Feature","properties":{"einwohner":9,"laut65":false,"initiative":true,"gegenvorschlag":true},"geometry":{"type":"Polygon","coordinates":[[[8.600216980567351,47.694510092095264],[8.600236700072406,47.69540931706604],[8.598904764957416,47.69542262282113],[8.598885068074068,47.694523397626604],[8.600216980567351,47.694510092095264]]]}},{"type":"Feature","properties":{"einwohner":19,"laut65":false,"initiative":true,"gegenvorschlag":false},"geometry":{"type":"Polygon","coordinates":[[[8.670939914680716,47.75674125585457],[8.670960860536303,47.75764044524954],[8.669627376187407,47.757654561964664],[8.669606453005605,47.75675537233196],[8.670939914680716,47.75674125585457]]]}},{"type":"Feature","properties":{"einwohner":5,"laut65":false,"initiative":true,"gegenvorschlag":true},"geometry":{"type":"Polygon","coordinates":[[[8.852499139711426,47.66293101454117],[8.85252313034337,47.66383020279841],[8.851192060361358,47.66384640202676],[8.851168092318147,47.66294721349726],[8.852499139711426,47.66293101454117]]]}},{"type":"Feature","properties":{"einwohner":73,"laut65":false,"initiative":true,"gegenvorschlag":true},"geometry":{"type":"Polygon","coordinates":[[[8.460397327923923,47.697622257328874],[8.460414673128586,47.69852150373463],[8.45908262631517,47.69853320580445],[8.459065303737647,47.69763395920191],[8.460397327923923,47.697622257328874]]]}},{"type":"Feature","properties":{"einwohner":6,"laut65":true,"initiative":true,"gegenvorschlag":true},"geometry":{"type":"Polygon","coordinates":[[[8.643471890129456,47.72195184334431],[8.643492355180394,47.72285105071212],[8.642159740392605,47.722864852493025],[8.642139297986065,47.721965644893],[8.643471890129456,47.72195184334431]]]}},{"type":"Feature","properties":{"einwohner":24,"laut65":false,"initiative":true,"gegenvorschlag":false},"geometry":{"type":"Polygon","coordinates":[[[8.589049986687172,47.732396539224666],[8.589069530635166,47.73329575219798],[8.58773663866616,47.73330892977423],[8.587717117372717,47.73240971657918],[8.589049986687172,47.732396539224666]]]}},{"type":"Feature","properties":{"einwohner":49,"laut65":false,"initiative":true,"gegenvorschlag":false},"geometry":{"type":"Polygon","coordinates":[[[8.489422142386179,47.75042770975841],[8.489439998739947,47.75132693219818],[8.4881066282078,47.751338967047964],[8.48808879452612,47.75043974440561],[8.489422142386179,47.75042770975841]]]}},{"type":"Feature","properties":{"einwohner":19,"laut65":false,"initiative":true,"gegenvorschlag":false},"geometry":{"type":"Polygon","coordinates":[[[8.777968959592025,47.716882431048695],[8.777991708397332,47.717781614982705],[8.776659258749085,47.71779695930126],[8.776636532580719,47.71689777510907],[8.777968959592025,47.716882431048695]]]}},{"type":"Feature","properties":{"einwohner":106,"laut65":false,"initiative":true,"gegenvorschlag":true},"geometry":{"type":"Polygon","coordinates":[[[8.613316710365204,47.68448472504676],[8.613336648591359,47.68538395137039],[8.612004969040768,47.68539740739751],[8.611985053427428,47.68449818084768],[8.613316710365204,47.68448472504676]]]}},{"type":"Feature","properties":{"einwohner":30,"laut65":false,"initiative":false,"gegenvorschlag":true},"geometry":{"type":"Polygon","coordinates":[[[8.433098368937475,47.66278237669004],[8.433115239107453,47.663681639621515],[8.431784062515241,47.663693028655864],[8.431767214942965,47.662793765532975],[8.433098368937475,47.66278237669004]]]}},{"type":"Feature","properties":{"einwohner":28,"laut65":false,"initiative":true,"gegenvorschlag":false},"geometry":{"type":"Polygon","coordinates":[[[8.724343720981222,47.70399632327918],[8.724365553077202,47.70489552234701],[8.723033412453413,47.704910251694386],[8.723011602984553,47.70401105237881],[8.724343720981222,47.70399632327918]]]}},{"type":"Feature","properties":{"einwohner":11,"laut65":false,"initiative":true,"gegenvorschlag":true},"geometry":{"type":"Polygon","coordinates":[[[8.477351386568042,47.74693857061234],[8.477369036455919,47.74783779623083],[8.476035751144424,47.74784969264137],[8.476018123925854,47.74695046682262],[8.477351386568042,47.74693857061234]]]}},{"type":"Feature","properties":{"einwohner":126,"laut65":false,"initiative":true,"gegenvorschlag":true},"geometry":{"type":"Polygon","coordinates":[[[8.64339003692249,47.7183550105174],[8.643410499174797,47.71925421922706],[8.642077974959953,47.71926802007912],[8.642057535348947,47.718368811137246],[8.64339003692249,47.7183550105174]]]}},{"type":"Feature","properties":{"einwohner":55,"laut65":false,"initiative":true,"gegenvorschlag":false},"geometry":{"type":"Polygon","coordinates":[[[8.721788425897381,47.70852176069093],[8.721810216462474,47.70942095859028],[8.720477961201066,47.70943565861824],[8.720456193267054,47.70853646047163],[8.721788425897381,47.70852176069093]]]}},{"type":"Feature","properties":{"einwohner":32,"laut65":false,"initiative":true,"gegenvorschlag":true},"geometry":{"type":"Polygon","coordinates":[[[8.524665636835302,47.71322881017596],[8.524684079442888,47.714128040878755],[8.523351654560582,47.714140480050915],[8.523333234592336,47.71324124913887],[8.524665636835302,47.71322881017596]]]}},{"type":"Feature","properties":{"einwohner":7,"laut65":false,"initiative":true,"gegenvorschlag":true},"geometry":{"type":"Polygon","coordinates":[[[8.654742223052542,47.69035454731467],[8.654762867191831,47.691253764205015],[8.653431050810516,47.69126769533441],[8.653410429288193,47.690368478209784],[8.654742223052542,47.69035454731467]]]}},{"type":"Feature","properties":{"einwohner":28,"laut65":false,"initiative":true,"gegenvorschlag":false},"geometry":{"type":"Polygon","coordinates":[[[8.663543910996808,47.72533979950927],[8.663564718554499,47.72623900201697],[8.66223202376153,47.726253033995754],[8.662211238850714,47.72535383125194],[8.663543910996808,47.72533979950927]]]}},{"type":"Feature","properties":{"einwohner":63,"laut65":false,"initiative":true,"gegenvorschlag":true},"geometry":{"type":"Polygon","coordinates":[[[8.643308194908398,47.71475817233179],[8.643328654362735,47.71565738237981],[8.641996220708455,47.71567118230318],[8.641975783892327,47.71477197202299],[8.643308194908398,47.71475817233179]]]}},{"type":"Feature","properties":{"einwohner":15,"laut65":false,"initiative":false,"gegenvorschlag":true},"geometry":{"type":"Polygon","coordinates":[[[8.867019423703786,47.658255887490924],[8.867043658672007,47.65915507435108],[8.865712710674613,47.659171440116545],[8.865688498290744,47.65827225298134],[8.867019423703786,47.658255887490924]]]}},{"type":"Feature","properties":{"einwohner":19,"laut65":false,"initiative":true,"gegenvorschlag":true},"geometry":{"type":"Polygon","coordinates":[[[8.861744007181429,47.66011963346879],[8.861768153460288,47.661018820782395],[8.860437156990285,47.66103512604222],[8.860413033297508,47.6601359384546],[8.861744007181429,47.66011963346879]]]}},{"type":"Feature","properties":{"einwohner":31,"laut65":false,"initiative":true,"gegenvorschlag":false},"geometry":{"type":"Polygon","coordinates":[[[8.720434426077034,47.70763726199181],[8.720456193267054,47.70853646047163],[8.719123959892732,47.708551144973406],[8.71910221533306,47.70765194624663],[8.720434426077034,47.70763726199181]]]}},{"type":"Feature","properties":{"einwohner":51,"laut65":false,"initiative":true,"gegenvorschlag":true},"geometry":{"type":"Polygon","coordinates":[[[8.557728433597719,47.7012229092715],[8.557747433732901,47.70212213896957],[8.556415319083092,47.702134957387926],[8.556396341576269,47.70123572747424],[8.557728433597719,47.7012229092715]]]}},{"type":"Feature","properties":{"einwohner":61,"laut65":false,"initiative":true,"gegenvorschlag":true},"geometry":{"type":"Polygon","coordinates":[[[8.821797652125971,47.71097244598638],[8.821821143105993,47.71187162327006],[8.820488855332375,47.71188747025291],[8.82046538698313,47.71098829270266],[8.821797652125971,47.71097244598638]]]}},{"type":"Feature","properties":{"einwohner":6,"laut65":false,"initiative":true,"gegenvorschlag":false},"geometry":{"type":"Polygon","coordinates":[[[8.663397114360526,47.77660784332835],[8.6634179398512,47.77750702651058],[8.662083952192146,47.77752105666203],[8.66206314939259,47.7766218732435],[8.663397114360526,47.77660784332835]]]}},{"type":"Feature","properties":{"einwohner":14,"laut65":false,"initiative":true,"gegenvorschlag":true},"geometry":{"type":"Polygon","coordinates":[[[8.640500492469842,47.708491273508365],[8.640520901763669,47.709390486353875],[8.639188625164621,47.709404254092625],[8.639168238503668,47.7085050410155],[8.640500492469842,47.708491273508365]]]}},{"type":"Feature","properties":{"einwohner":10,"laut65":false,"initiative":false,"gegenvorschlag":true},"geometry":{"type":"Polygon","coordinates":[[[8.493464952303365,47.68563457716632],[8.49348285522219,47.6865338228229],[8.49215111753894,47.68654590420166],[8.492133237236322,47.68564665834193],[8.493464952303365,47.68563457716632]]]}},{"type":"Feature","properties":{"einwohner":35,"laut65":false,"initiative":true,"gegenvorschlag":true},"geometry":{"type":"Polygon","coordinates":[[[8.676863049903044,47.781861782320014],[8.676884106628629,47.78276096102362],[8.675549989975416,47.78277514559951],[8.675528955945188,47.78187596665694],[8.676863049903044,47.781861782320014]]]}},{"type":"Feature","properties":{"einwohner":65,"laut65":true,"initiative":true,"gegenvorschlag":true},"geometry":{"type":"Polygon","coordinates":[[[8.651385031645978,47.718271885868475],[8.651405629745236,47.719171093179575],[8.650073109739582,47.719184985727324],[8.650052534281382,47.71828577818245],[8.651385031645978,47.718271885868475]]]}},{"type":"Feature","properties":{"einwohner":55,"laut65":false,"initiative":true,"gegenvorschlag":false},"geometry":{"type":"Polygon","coordinates":[[[8.628429366274549,47.70501776800137],[8.62844956910889,47.705916984250216],[8.627117376794562,47.70593061355261],[8.627097196590364,47.705031397074485],[8.628429366274549,47.70501776800137]]]}},{"type":"Feature","properties":{"einwohner":29,"laut65":false,"initiative":true,"gegenvorschlag":false},"geometry":{"type":"Polygon","coordinates":[[[8.501599556014744,47.69275571567468],[8.501617599560564,47.69365495749329],[8.500285684602396,47.69366713215634],[8.500267663678756,47.69276789013301],[8.501599556014744,47.69275571567468]]]}},{"type":"Feature","properties":{"einwohner":4,"laut65":false,"initiative":true,"gegenvorschlag":true},"geometry":{"type":"Polygon","coordinates":[[[8.609739282319447,47.763669178355876],[8.609759189907233,47.76456837600229],[8.608425514669328,47.76458179078543],[8.60840562976264,47.7636825929131],[8.609739282319447,47.763669178355876]]]}},{"type":"Feature","properties":{"einwohner":35,"laut65":false,"initiative":true,"gegenvorschlag":false},"geometry":{"type":"Polygon","coordinates":[[[8.625865820976273,47.70954109108492],[8.62588598199534,47.71044030613121],[8.62455367513964,47.7104539060194],[8.624533536754665,47.70955469074433],[8.625865820976273,47.70954109108492]]]}},{"type":"Feature","properties":{"einwohner":15,"laut65":false,"initiative":true,"gegenvorschlag":false},"geometry":{"type":"Polygon","coordinates":[[[8.662042347305347,47.775722689475565],[8.66206314939259,47.7766218732435],[8.660729183712334,47.77663588785971],[8.660708404315473,47.77573670385577],[8.662042347305347,47.775722689475565]]]}},{"type":"Feature","properties":{"einwohner":16,"laut65":false,"initiative":true,"gegenvorschlag":false},"geometry":{"type":"Polygon","coordinates":[[[8.486326274833724,47.661415047842354],[8.486344048277052,47.66231430322754],[8.485012917919214,47.66232630278635],[8.48499516707144,47.6614270471995],[8.486326274833724,47.661415047842354]]]}},{"type":"Feature","properties":{"einwohner":24,"laut65":true,"initiative":true,"gegenvorschlag":true},"geometry":{"type":"Polygon","coordinates":[[[8.520668428218254,47.713266081219],[8.520686802907697,47.71416531254877],[8.51935437613867,47.71417770587446],[8.519336024088679,47.71327847433618],[8.520668428218254,47.713266081219]]]}},{"type":"Feature","properties":{"einwohner":48,"laut65":false,"initiative":true,"gegenvorschlag":false},"geometry":{"type":"Polygon","coordinates":[[[8.624593953974706,47.71225233557083],[8.624614094424881,47.713151549846735],[8.623281718973775,47.71316513514024],[8.623261601160056,47.71226592063576],[8.624593953974706,47.71225233557083]]]}},{"type":"Feature","properties":{"einwohner":9,"laut65":false,"initiative":true,"gegenvorschlag":false},"geometry":{"type":"Polygon","coordinates":[[[8.835503583786156,47.674829878135526],[8.835527291281194,47.67572906569125],[8.834195916990701,47.67574506997166],[8.834172232095035,47.674845882146904],[8.835503583786156,47.674829878135526]]]}},{"type":"Feature","properties":{"einwohner":8,"laut65":false,"initiative":true,"gegenvorschlag":false},"geometry":{"type":"Polygon","coordinates":[[[8.479169250493074,47.703751525387325],[8.479186916699309,47.70465076670539],[8.477854719845665,47.7046626840712],[8.47783707627149,47.70376344255268],[8.479169250493074,47.703751525387325]]]}},{"type":"Feature","properties":{"einwohner":157,"laut65":true,"initiative":true,"gegenvorschlag":true},"geometry":{"type":"Polygon","coordinates":[[[8.60924226274816,47.68092813536333],[8.60926213042119,47.681827363668866],[8.607930539279169,47.68184077297449],[8.607910694215983,47.68094154444348],[8.60924226274816,47.68092813536333]]]}},{"type":"Feature","properties":{"einwohner":3,"laut65":false,"initiative":false,"gegenvorschlag":true},"geometry":{"type":"Polygon","coordinates":[[[8.821609753187378,47.7037790156849],[8.82163323774526,47.70467819564028],[8.820301130996219,47.70469404049074],[8.82027766906293,47.70379486026886],[8.821609753187378,47.7037790156849]]]}},{"type":"Feature","properties":{"einwohner":24,"laut65":false,"initiative":true,"gegenvorschlag":true},"geometry":{"type":"Polygon","coordinates":[[[8.501527387995448,47.68915874512744],[8.501545429075746,47.69005798825474],[8.500213604601656,47.690070162098934],[8.500195586140446,47.689170918766955],[8.501527387995448,47.68915874512744]]]}},{"type":"Feature","properties":{"einwohner":22,"laut65":false,"initiative":false,"gegenvorschlag":true},"geometry":{"type":"Polygon","coordinates":[[[8.465673115170496,47.69487755824019],[8.465690549096239,47.69577680484078],[8.464358572536888,47.69578856742974],[8.464341161235826,47.69488932063137],[8.465673115170496,47.69487755824019]]]}},{"type":"Feature","properties":{"einwohner":85,"laut65":false,"initiative":true,"gegenvorschlag":false},"geometry":{"type":"Polygon","coordinates":[[[8.572285167454906,47.69658475918829],[8.57230441321101,47.69748398814622],[8.570972418878029,47.69749697353471],[8.570953195745995,47.696597744358435],[8.572285167454906,47.69658475918829]]]}},{"type":"Feature","properties":{"einwohner":12,"laut65":false,"initiative":true,"gegenvorschlag":false},"geometry":{"type":"Polygon","coordinates":[[[8.62834856184115,47.70142089969294],[8.628368761913983,47.702320117266524],[8.627036660115602,47.70233374565197],[8.627016482669818,47.70143452784911],[8.62834856184115,47.70142089969294]]]}},{"type":"Feature","properties":{"einwohner":16,"laut65":false,"initiative":true,"gegenvorschlag":false},"geometry":{"type":"Polygon","coordinates":[[[8.468389460568833,47.69755172525509],[8.468406941535592,47.698450970474696],[8.467074898289896,47.69846276421331],[8.467057439950063,47.69756351879538],[8.468389460568833,47.69755172525509]]]}},{"type":"Feature","properties":{"einwohner":63,"laut65":true,"initiative":true,"gegenvorschlag":true},"geometry":{"type":"Polygon","coordinates":[[[8.637774895932509,47.70582115132381],[8.637795257872632,47.70672036562901],[8.63646304777725,47.706734102114766],[8.636442708467765,47.70583488757856],[8.637774895932509,47.70582115132381]]]}},{"type":"Feature","properties":{"einwohner":20,"laut65":false,"initiative":true,"gegenvorschlag":false},"geometry":{"type":"Polygon","coordinates":[[[8.781966235956697,47.716836307183065],[8.781989052672555,47.71773549034108],[8.78065660535984,47.71775088050258],[8.780633811280788,47.71685169708564],[8.781966235956697,47.716836307183065]]]}},{"type":"Feature","properties":{"einwohner":45,"laut65":false,"initiative":true,"gegenvorschlag":false},"geometry":{"type":"Polygon","coordinates":[[[8.482702171655108,47.747790057667274],[8.482719912826855,47.74868928214132],[8.481386607265689,47.74870123992171],[8.481368888763877,47.74780201524635],[8.482702171655108,47.747790057667274]]]}},{"type":"Feature","properties":{"einwohner":8,"laut65":false,"initiative":true,"gegenvorschlag":false},"geometry":{"type":"Polygon","coordinates":[[[8.725872557631867,47.712074356297975],[8.725894419078712,47.71297355211887],[8.724562075522547,47.71298829897647],[8.72454023670974,47.712089102907505],[8.725872557631867,47.712074356297975]]]}},{"type":"Feature","properties":{"einwohner":13,"laut65":false,"initiative":true,"gegenvorschlag":true},"geometry":{"type":"Polygon","coordinates":[[[8.662649858538996,47.68667377598718],[8.662670635539971,47.687572992778044],[8.661338913864174,47.6875870146113],[8.66131815947683,47.686687797584646],[8.662649858538996,47.68667377598718]]]}},{"type":"Feature","properties":{"einwohner":21,"laut65":false,"initiative":true,"gegenvorschlag":false},"geometry":{"type":"Polygon","coordinates":[[[8.832864541891395,47.67576105898364],[8.832888204995687,47.67666024675093],[8.831556806488093,47.67667622076301],[8.831533165984043,47.6757770327272],[8.832864541891395,47.67576105898364]]]}},{"type":"Feature","properties":{"einwohner":3,"laut65":false,"initiative":true,"gegenvorschlag":true},"geometry":{"type":"Polygon","coordinates":[[[8.857654777196668,47.65657174687121],[8.857678852429888,47.65747093629534],[8.856347943832073,47.657487194670225],[8.856323891182,47.65658800497288],[8.857654777196668,47.65657174687121]]]}},{"type":"Feature","properties":{"einwohner":74,"laut65":true,"initiative":true,"gegenvorschlag":false},"geometry":{"type":"Polygon","coordinates":[[[8.628267768452163,47.69782402609428],[8.62828796576414,47.69872324498911],[8.626955954469334,47.698736872457715],[8.62693577978132,47.69783765333372],[8.628267768452163,47.69782402609428]]]}},{"type":"Feature","properties":{"einwohner":3,"laut65":false,"initiative":true,"gegenvorschlag":false},"geometry":{"type":"Polygon","coordinates":[[[8.659312194758954,47.77305314812415],[8.659332949333347,47.773952333410584],[8.657999050299848,47.77396631672237],[8.657978318413587,47.77306713120043],[8.659312194758954,47.77305314812415]]]}},{"type":"Feature","properties":{"einwohner":35,"laut65":false,"initiative":true,"gegenvorschlag":false},"geometry":{"type":"Polygon","coordinates":[[[8.490773368661069,47.751314882055304],[8.490791248298692,47.75221410395048],[8.489457855704744,47.75222615429622],[8.489439998739947,47.75132693219818],[8.490773368661069,47.751314882055304]]]}},{"type":"Feature","properties":{"einwohner":67,"laut65":false,"initiative":true,"gegenvorschlag":true},"geometry":{"type":"Polygon","coordinates":[[[8.606519661707978,47.6782572500314],[8.606539482130401,47.679156479763236],[8.605207957460994,47.679169857849566],[8.605188159646179,47.6782706278928],[8.606519661707978,47.6782572500314]]]}},{"type":"Feature","properties":{"einwohner":4,"laut65":false,"initiative":true,"gegenvorschlag":false},"geometry":{"type":"Polygon","coordinates":[[[8.557424519709272,47.6868351893705],[8.557443509460741,47.68773442432231],[8.556111756771873,47.68774723929217],[8.55609278963639,47.68684800412488],[8.557424519709272,47.6868351893705]]]}},{"type":"Feature","properties":{"einwohner":4,"laut65":false,"initiative":true,"gegenvorschlag":false},"geometry":{"type":"Polygon","coordinates":[[[8.571175392198144,47.58236711003884],[8.571194577274655,47.58326637879632],[8.569865450683013,47.5832793517552],[8.569846288132746,47.58238008278003],[8.571175392198144,47.58236711003884]]]}},{"type":"Feature","properties":{"einwohner":11,"laut65":false,"initiative":true,"gegenvorschlag":true},"geometry":{"type":"Polygon","coordinates":[[[8.497531980584657,47.68919522022038],[8.497549953807587,47.69009446396098],[8.496218127489149,47.690106591978804],[8.496200176885417,47.68920734803426],[8.497531980584657,47.68919522022038]]]}},{"type":"Feature","properties":{"einwohner":14,"laut65":false,"initiative":false,"gegenvorschlag":true},"geometry":{"type":"Polygon","coordinates":[[[8.434446415123753,47.66367023531874],[8.434463308468082,47.664569497738675],[8.433132109853338,47.6645809022331],[8.433115239107453,47.663681639621515],[8.434446415123753,47.66367023531874]]]}},{"type":"Feature","properties":{"einwohner":6,"laut65":false,"initiative":false,"gegenvorschlag":true},"geometry":{"type":"Polygon","coordinates":[[[8.68094983103352,47.78541584734158],[8.680970958739124,47.786315023921475],[8.679636753463024,47.786329255357906],[8.679615648455753,47.78543007853825],[8.68094983103352,47.78541584734158]]]}},{"type":"Feature","properties":{"einwohner":58,"laut65":true,"initiative":true,"gegenvorschlag":true},"geometry":{"type":"Polygon","coordinates":[[[8.580276983872174,47.6965065273561],[8.58029636537189,47.69740575499838],[8.578964374996206,47.69741883204873],[8.57894501612033,47.69651960418655],[8.580276983872174,47.6965065273561]]]}},{"type":"Feature","properties":{"einwohner":30,"laut65":false,"initiative":true,"gegenvorschlag":true},"geometry":{"type":"Polygon","coordinates":[[[8.664897412635929,47.72622495475372],[8.664918243552764,47.72712415668805],[8.663585526823725,47.727138204187675],[8.663564718554499,47.72623900201697],[8.664897412635929,47.72622495475372]]]}},{"type":"Feature","properties":{"einwohner":7,"laut65":false,"initiative":true,"gegenvorschlag":false},"geometry":{"type":"Polygon","coordinates":[[[8.47863163456264,47.74422898081344],[8.478649305305966,47.74512820725259],[8.47731608860386,47.7451401183538],[8.477298440527477,47.74424089171415],[8.47863163456264,47.74422898081344]]]}},{"type":"Feature","properties":{"einwohner":13,"laut65":false,"initiative":true,"gegenvorschlag":false},"geometry":{"type":"Polygon","coordinates":[[[8.668210293382037,47.75407190183949],[8.668231191744296,47.754971092742544],[8.666897773983264,47.754985178159295],[8.666876898292555,47.75408598701913],[8.668210293382037,47.75407190183949]]]}},{"type":"Feature","properties":{"einwohner":12,"laut65":false,"initiative":true,"gegenvorschlag":true},"geometry":{"type":"Polygon","coordinates":[[[8.465394253341811,47.680489568205246],[8.46541167774151,47.681388820023514],[8.46408006308432,47.68140057944855],[8.464062661296937,47.68050132743259],[8.465394253341811,47.680489568205246]]]}},{"type":"Feature","properties":{"einwohner":29,"laut65":false,"initiative":true,"gegenvorschlag":true},"geometry":{"type":"Polygon","coordinates":[[[8.664814096091277,47.72262814364839],[8.664834924159123,47.72352734692949],[8.663502298015871,47.72354139348369],[8.663481492592535,47.722642189966194],[8.664814096091277,47.72262814364839]]]}},{"type":"Feature","properties":{"einwohner":30,"laut65":false,"initiative":true,"gegenvorschlag":true},"geometry":{"type":"Polygon","coordinates":[[[8.678218222560686,47.782746761147216],[8.678239302703515,47.78364593926063],[8.676905164075368,47.783660139376266],[8.676884106628629,47.78276096102362],[8.678218222560686,47.782746761147216]]]}},{"type":"Feature","properties":{"einwohner":31,"laut65":true,"initiative":true,"gegenvorschlag":true},"geometry":{"type":"Polygon","coordinates":[[[8.576281078633077,47.69654571201736],[8.576300392261162,47.69744494031863],[8.57496839990335,47.69745797153815],[8.57494910889922,47.69655874301773],[8.576281078633077,47.69654571201736]]]}},{"type":"Feature","properties":{"einwohner":52,"laut65":false,"initiative":true,"gegenvorschlag":false},"geometry":{"type":"Polygon","coordinates":[[[8.694856692904105,47.75288780041462],[8.694878043957745,47.753786986864775],[8.693544663318713,47.753801377889324],[8.693523334934993,47.75290219119691],[8.694856692904105,47.75288780041462]]]}},{"type":"Feature","properties":{"einwohner":19,"laut65":false,"initiative":true,"gegenvorschlag":false},"geometry":{"type":"Polygon","coordinates":[[[8.487675178028157,47.66230228840111],[8.4876929746745,47.663201543264464],[8.486361822327105,47.66321355829278],[8.486344048277052,47.66231430322754],[8.487675178028157,47.66230228840111]]]}},{"type":"Feature","properties":{"einwohner":31,"laut65":false,"initiative":true,"gegenvorschlag":false},"geometry":{"type":"Polygon","coordinates":[[[8.706856881655042,47.75275759524399],[8.706878436736075,47.75365677950201],[8.705545062700942,47.75367130815473],[8.70552353028945,47.75277212365209],[8.706856881655042,47.75275759524399]]]}},{"type":"Feature","properties":{"einwohner":149,"laut65":true,"initiative":true,"gegenvorschlag":true},"geometry":{"type":"Polygon","coordinates":[[[8.610593720884626,47.68181393909105],[8.610613611846816,47.682713166845225],[8.609281998772797,47.682726591648745],[8.60926213042119,47.681827363668866],[8.610593720884626,47.68181393909105]]]}},{"type":"Feature","properties":{"einwohner":27,"laut65":false,"initiative":false,"gegenvorschlag":true},"geometry":{"type":"Polygon","coordinates":[[[8.864381761850757,47.6591877906186],[8.864405952475911,47.66008697770607],[8.863074980241151,47.66010331321931],[8.863050812201216,47.65920412585728],[8.864381761850757,47.6591877906186]]]}},{"type":"Feature","properties":{"einwohner":62,"laut65":true,"initiative":true,"gegenvorschlag":true},"geometry":{"type":"Polygon","coordinates":[[[8.573636406886376,47.69747098748069],[8.573655675924899,47.698370215890755],[8.572323659624733,47.698383216774914],[8.57230441321101,47.69748398814622],[8.573636406886376,47.69747098748069]]]}},{"type":"Feature","properties":{"einwohner":31,"laut65":false,"initiative":true,"gegenvorschlag":true},"geometry":{"type":"Polygon","coordinates":[[[8.610933441412294,47.75736135689257],[8.610953366906566,47.75826055672842],[8.60961985110126,47.75827398522459],[8.609599948282613,47.757374785162625],[8.610933441412294,47.75736135689257]]]}},{"type":"Feature","properties":{"einwohner":86,"laut65":false,"initiative":true,"gegenvorschlag":true},"geometry":{"type":"Polygon","coordinates":[[[8.650011385475205,47.71648736208814],[8.6500319595266,47.71738657030269],[8.6486994840989,47.71740044710087],[8.648678932687053,47.71650123865284],[8.650011385475205,47.71648736208814]]]}},{"type":"Feature","properties":{"einwohner":48,"laut65":false,"initiative":true,"gegenvorschlag":true},"geometry":{"type":"Polygon","coordinates":[[[8.63904593316902,47.703109755578744],[8.63906631564987,47.70400897064734],[8.63773417413989,47.70402272171838],[8.637713814287316,47.70312350641847],[8.63904593316902,47.703109755578744]]]}},{"type":"Feature","properties":{"einwohner":12,"laut65":false,"initiative":true,"gegenvorschlag":false},"geometry":{"type":"Polygon","coordinates":[[[8.654979675732628,47.75870802834721],[8.655000350915172,47.759607219887855],[8.653666812673386,47.75962115355015],[8.653646160166682,47.758721961774924],[8.654979675732628,47.75870802834721]]]}},{"type":"Feature","properties":{"einwohner":7,"laut65":false,"initiative":true,"gegenvorschlag":false},"geometry":{"type":"Polygon","coordinates":[[[8.492124640280798,47.752202038311474],[8.492142543203826,47.75310125966149],[8.490809128548152,47.75311332550364],[8.490791248298692,47.75221410395048],[8.492124640280798,47.752202038311474]]]}},{"type":"Feature","properties":{"einwohner":49,"laut65":false,"initiative":true,"gegenvorschlag":true},"geometry":{"type":"Polygon","coordinates":[[[8.607871006122888,47.679143086405375],[8.607890849830572,47.68004231558703],[8.606559303229742,47.68005570917005],[8.606539482130401,47.679156479763236],[8.607871006122888,47.679143086405375]]]}},{"type":"Feature","properties":{"einwohner":68,"laut65":true,"initiative":true,"gegenvorschlag":false},"geometry":{"type":"Polygon","coordinates":[[[8.629539100770367,47.695112725604325],[8.629559318633722,47.696011945258334],[8.628227375898518,47.69602558731557],[8.628207180656768,47.695126367432124],[8.629539100770367,47.695112725604325]]]}},{"type":"Feature","properties":{"einwohner":3,"laut65":true,"initiative":true,"gegenvorschlag":false},"geometry":{"type":"Polygon","coordinates":[[[8.626976129846721,47.69963609125179],[8.626996305913542,47.70053530971567],[8.625664248679028,47.700548922365215],[8.62564409523776,47.699649703672414],[8.626976129846721,47.69963609125179]]]}},{"type":"Feature","properties":{"einwohner":6,"laut65":false,"initiative":true,"gegenvorschlag":false},"geometry":{"type":"Polygon","coordinates":[[[8.504498541323105,47.704421433611685],[8.504516638150196,47.70532067074226],[8.50318443026802,47.705332878626955],[8.503166356073086,47.70443364129106],[8.504498541323105,47.704421433611685]]]}},{"type":"Feature","properties":{"einwohner":72,"laut65":true,"initiative":true,"gegenvorschlag":true},"geometry":{"type":"Polygon","coordinates":[[[8.621306637663455,47.6844036695096],[8.621326711565668,47.68530289447035],[8.619995036113005,47.685316442136575],[8.619974984823367,47.684417216948056],[8.621306637663455,47.6844036695096]]]}},{"type":"Feature","properties":{"einwohner":24,"laut65":false,"initiative":false,"gegenvorschlag":true},"geometry":{"type":"Polygon","coordinates":[[[8.43579450650611,47.664558077975585],[8.43581142302633,47.66545733988351],[8.434480202389121,47.66546875983849],[8.434463308468082,47.664569497738675],[8.43579450650611,47.664558077975585]]]}},{"type":"Feature","properties":{"einwohner":4,"laut65":false,"initiative":true,"gegenvorschlag":false},"geometry":{"type":"Polygon","coordinates":[[[8.654896982078093,47.75511125873791],[8.654917654430463,47.75601045165681],[8.653584206887382,47.75602438438076],[8.653563557207752,47.75512519122727],[8.654896982078093,47.75511125873791]]]}},{"type":"Feature","properties":{"einwohner":10,"laut65":false,"initiative":true,"gegenvorschlag":false},"geometry":{"type":"Polygon","coordinates":[[[8.591656959558724,47.729672499041534],[8.591676546805939,47.7305717125836],[8.590343724135717,47.73058492006729],[8.590324159540653,47.72968570630298],[8.591656959558724,47.729672499041534]]]}},{"type":"Feature","properties":{"einwohner":13,"laut65":false,"initiative":true,"gegenvorschlag":true},"geometry":{"type":"Polygon","coordinates":[[[8.660007191479394,47.68760102117106],[8.660027923961273,47.68850023810574],[8.658696178253807,47.688514229627316],[8.658675468386411,47.687615012457414],[8.660007191479394,47.68760102117106]]]}},{"type":"Feature","properties":{"einwohner":109,"laut65":true,"initiative":true,"gegenvorschlag":true},"geometry":{"type":"Polygon","coordinates":[[[8.638882898394261,47.695916023127474],[8.638903275303925,47.69681524083906],[8.637571314798508,47.69682899005994],[8.637550960510938,47.69592977211716],[8.638882898394261,47.695916023127474]]]}},{"type":"Feature","properties":{"einwohner":20,"laut65":false,"initiative":true,"gegenvorschlag":true},"geometry":{"type":"Polygon","coordinates":[[[8.479982521403501,47.74511628086006],[8.48000021541908,47.74601550675826],[8.478666976653862,47.746027433351564],[8.478649305305966,47.74512820725259],[8.479982521403501,47.74511628086006]]]}},{"type":"Feature","properties":{"einwohner":3,"laut65":false,"initiative":true,"gegenvorschlag":false},"geometry":{"type":"Polygon","coordinates":[[[8.569563625792542,47.69391302409555],[8.569582824332484,47.69481225447624],[8.568250896556707,47.694825208657136],[8.568231720638593,47.69392597805856],[8.569563625792542,47.69391302409555]]]}},{"type":"Feature","properties":{"einwohner":14,"laut65":false,"initiative":true,"gegenvorschlag":false},"geometry":{"type":"Polygon","coordinates":[[[8.58773663866616,47.73330892977423],[8.58775616062728,47.73420814263118],[8.586423245335222,47.7342213051418],[8.586403746029472,47.73332209206336],[8.58773663866616,47.73330892977423]]]}},{"type":"Feature","properties":{"einwohner":30,"laut65":true,"initiative":true,"gegenvorschlag":true},"geometry":{"type":"Polygon","coordinates":[[[8.626814746128018,47.69244233167262],[8.626834916680581,47.69334155277179],[8.625503040428816,47.69335516359003],[8.625482892495619,47.69245594226198],[8.626814746128018,47.69244233167262]]]}},{"type":"Feature","properties":{"einwohner":181,"laut65":true,"initiative":true,"gegenvorschlag":true},"geometry":{"type":"Polygon","coordinates":[[[8.618583249371808,47.68173307090796],[8.618603275996636,47.682632297302554],[8.61727166701056,47.68264581374069],[8.61725166299607,47.68174658711891],[8.618583249371808,47.68173307090796]]]}},{"type":"Feature","properties":{"einwohner":7,"laut65":false,"initiative":false,"gegenvorschlag":true},"geometry":{"type":"Polygon","coordinates":[[[8.67957344060969,47.78363172384423],[8.679594544171325,47.78453090136697],[8.678260383568325,47.78454511702287],[8.678239302703515,47.78364593926063],[8.67957344060969,47.78363172384423]]]}},{"type":"Feature","properties":{"einwohner":4,"laut65":false,"initiative":true,"gegenvorschlag":true},"geometry":{"type":"Polygon","coordinates":[[[8.634968322995578,47.69955409590795],[8.634988634814833,47.70045331299278],[8.633656581728696,47.700467017306664],[8.633636292534742,47.69956779999138],[8.634968322995578,47.69955409590795]]]}},{"type":"Feature","properties":{"einwohner":12,"laut65":false,"initiative":true,"gegenvorschlag":true},"geometry":{"type":"Polygon","coordinates":[[[8.848553841625716,47.66477794343867],[8.848577766124727,47.665677131864825],[8.847246648510296,47.665693285841506],[8.847222746601702,47.664794097143904],[8.848553841625716,47.66477794343867]]]}},{"type":"Feature","properties":{"einwohner":24,"laut65":false,"initiative":true,"gegenvorschlag":false},"geometry":{"type":"Polygon","coordinates":[[[8.708211810033559,47.75364223555738],[8.708233388522501,47.75454141922637],[8.706899992554746,47.75455596341591],[8.706878436736075,47.75365677950201],[8.708211810033559,47.75364223555738]]]}},{"type":"Feature","properties":{"einwohner":76,"laut65":false,"initiative":true,"gegenvorschlag":false},"geometry":{"type":"Polygon","coordinates":[[[8.6172316596648,47.680847360171335],[8.61725166299607,47.68174658711891],[8.61592007593712,47.681760088057636],[8.615900095215459,47.68086086088315],[8.6172316596648,47.680847360171335]]]}},{"type":"Feature","properties":{"einwohner":47,"laut65":false,"initiative":true,"gegenvorschlag":true},"geometry":{"type":"Polygon","coordinates":[[[8.61194522424144,47.68269972676919],[8.61196513849433,47.683598953971504],[8.610633503488396,47.683612394273496],[8.610613611846816,47.682713166845225],[8.61194522424144,47.68269972676919]]]}},{"type":"Feature","properties":{"einwohner":7,"laut65":false,"initiative":true,"gegenvorschlag":false},"geometry":{"type":"Polygon","coordinates":[[[8.563162660139941,47.58064617680066],[8.563181708760691,47.58154544746208],[8.561852623316174,47.581558328521744],[8.561833597220366,47.58065905764417],[8.563162660139941,47.58064617680066]]]}},{"type":"Feature","properties":{"einwohner":74,"laut65":false,"initiative":false,"gegenvorschlag":true},"geometry":{"type":"Polygon","coordinates":[[[8.492222644857517,47.69014288437921],[8.492240528214362,47.6910421286072],[8.490908676827507,47.691054195725826],[8.49089081609077,47.690154951294986],[8.492222644857517,47.69014288437921]]]}},{"type":"Feature","properties":{"einwohner":15,"laut65":false,"initiative":true,"gegenvorschlag":true},"geometry":{"type":"Polygon","coordinates":[[[8.654008739616508,47.716445640703206],[8.654029381586307,47.717344848215824],[8.652696908271079,47.717358770860145],[8.652676288940706,47.716459563113276],[8.654008739616508,47.716445640703206]]]}},{"type":"Feature","properties":{"einwohner":10,"laut65":false,"initiative":true,"gegenvorschlag":true},"geometry":{"type":"Polygon","coordinates":[[[8.860437156990285,47.66103512604222],[8.860461281506534,47.66193431330701],[8.859130261626156,47.661950603576614],[8.859106159696811,47.661051416038106],[8.860437156990285,47.66103512604222]]]}},{"type":"Feature","properties":{"einwohner":38,"laut65":false,"initiative":false,"gegenvorschlag":true},"geometry":{"type":"Polygon","coordinates":[[[8.80702649328451,47.706650013511776],[8.807049731351732,47.7075491953847],[8.805717547945093,47.707564872979944],[8.805694332505295,47.70666569084329],[8.80702649328451,47.706650013511776]]]}},{"type":"Feature","properties":{"einwohner":6,"laut65":false,"initiative":true,"gegenvorschlag":false},"geometry":{"type":"Polygon","coordinates":[[[8.658247888316188,47.784756515726855],[8.65826862943391,47.78565569669895],[8.656934434673577,47.785669667771565],[8.656913716254127,47.784770486564106],[8.658247888316188,47.784756515726855]]]}},{"type":"Feature","properties":{"einwohner":7,"laut65":false,"initiative":true,"gegenvorschlag":false},"geometry":{"type":"Polygon","coordinates":[[[8.719031104351492,47.7598195981577],[8.719052869414611,47.760718777442946],[8.7177193206651,47.760733445698136],[8.717697578277333,47.75983426616592],[8.719031104351492,47.7598195981577]]]}},{"type":"Feature","properties":{"einwohner":42,"laut65":false,"initiative":true,"gegenvorschlag":false},"geometry":{"type":"Polygon","coordinates":[[[8.708039208701477,47.746448753835146],[8.708060781284274,47.747347940251004],[8.70672756665697,47.74736248248181],[8.706706016738236,47.746463295821144],[8.708039208701477,47.746448753835146]]]}},{"type":"Feature","properties":{"einwohner":14,"laut65":false,"initiative":false,"gegenvorschlag":true},"geometry":{"type":"Polygon","coordinates":[[[8.679320254232723,47.77284156623908],[8.67934134912411,47.77374074796193],[8.678007460831758,47.77375496074469],[8.677986388627877,47.77285577878244],[8.679320254232723,47.77284156623908]]]}},{"type":"Feature","properties":{"einwohner":20,"laut65":false,"initiative":true,"gegenvorschlag":false},"geometry":{"type":"Polygon","coordinates":[[[8.663918555934188,47.74152539290434],[8.663939376305894,47.74242458931199],[8.66260627373675,47.74243862554221],[8.662585476025862,47.7415394288983],[8.663918555934188,47.74152539290434]]]}},{"type":"Feature","properties":{"einwohner":47,"laut65":false,"initiative":true,"gegenvorschlag":true},"geometry":{"type":"Polygon","coordinates":[[[8.466464211094829,47.66698898061467],[8.466481649172655,47.66788823707541],[8.465150374213785,47.667900008805205],[8.465132958736662,47.667000752146606],[8.466464211094829,47.66698898061467]]]}},{"type":"Feature","properties":{"einwohner":26,"laut65":true,"initiative":true,"gegenvorschlag":true},"geometry":{"type":"Polygon","coordinates":[[[8.51935437613867,47.71417770587446],[8.519372728816018,47.715076937079814],[8.518040278779361,47.71508931533147],[8.518021948742279,47.71419008391789],[8.51935437613867,47.71417770587446]]]}},{"type":"Feature","properties":{"einwohner":19,"laut65":false,"initiative":true,"gegenvorschlag":true},"geometry":{"type":"Polygon","coordinates":[[[8.612207093446488,47.75465031243581],[8.612227039568376,47.75554951307726],[8.610893592469472,47.75556295618848],[8.610873669020844,47.754663755320706],[8.612207093446488,47.75465031243581]]]}},{"type":"Feature","properties":{"einwohner":53,"laut65":false,"initiative":true,"gegenvorschlag":false},"geometry":{"type":"Polygon","coordinates":[[[8.620717339005864,47.71768832968157],[8.620737415664113,47.71858754263827],[8.619404902316514,47.71860108345524],[8.619384848299484,47.71770187027071],[8.620717339005864,47.71768832968157]]]}},{"type":"Feature","properties":{"einwohner":8,"laut65":false,"initiative":true,"gegenvorschlag":false},"geometry":{"type":"Polygon","coordinates":[[[8.83165137657798,47.68027296963979],[8.831675021119112,47.68117215604126],[8.830343508791197,47.681188116126144],[8.830319886854214,47.680288929456324],[8.83165137657798,47.68027296963979]]]}},{"type":"Feature","properties":{"einwohner":24,"laut65":false,"initiative":true,"gegenvorschlag":true},"geometry":{"type":"Polygon","coordinates":[[[8.641771454148303,47.70577985088661],[8.64179188398009,47.70667906449704],[8.640459675974823,47.70669284682012],[8.64043926877355,47.70579363297786],[8.641771454148303,47.70577985088661]]]}},{"type":"Feature","properties":{"einwohner":82,"laut65":false,"initiative":true,"gegenvorschlag":false},"geometry":{"type":"Polygon","coordinates":[[[8.704125653377426,47.75008908046526],[8.704147160911313,47.75098826624318],[8.702813853409765,47.751002763579756],[8.702792368543172,47.750103577557724],[8.704125653377426,47.75008908046526]]]}},{"type":"Feature","properties":{"einwohner":5,"laut65":false,"initiative":true,"gegenvorschlag":false},"geometry":{"type":"Polygon","coordinates":[[[8.531071211443656,47.76533367640704],[8.53108978141546,47.76623288659487],[8.529756044660811,47.766245399104285],[8.529737497373159,47.765346188705735],[8.531071211443656,47.76533367640704]]]}},{"type":"Feature","properties":{"einwohner":30,"laut65":false,"initiative":true,"gegenvorschlag":true},"geometry":{"type":"Polygon","coordinates":[[[8.469109231342125,47.66606613535825],[8.469126714024387,47.666965391743496],[8.46779546285766,47.666977193813615],[8.467778002775264,47.666077937230014],[8.469109231342125,47.66606613535825]]]}},{"type":"Feature","properties":{"einwohner":20,"laut65":false,"initiative":true,"gegenvorschlag":true},"geometry":{"type":"Polygon","coordinates":[[[8.463819098660316,47.66791176526556],[8.463836492130522,47.66881102180064],[8.462505193381686,47.668822763189],[8.462487822513024,47.66792350645658],[8.463819098660316,47.66791176526556]]]}},{"type":"Feature","properties":{"einwohner":3,"laut65":false,"initiative":true,"gegenvorschlag":false},"geometry":{"type":"Polygon","coordinates":[[[8.831556806488093,47.67667622076301],[8.831580447799467,47.67757540847237],[8.830249025883495,47.677591367484006],[8.830225407173181,47.676692179506325],[8.831556806488093,47.67667622076301]]]}},{"type":"Feature","properties":{"einwohner":68,"laut65":false,"initiative":true,"gegenvorschlag":true},"geometry":{"type":"Polygon","coordinates":[[[8.64552208803275,47.69494783215819],[8.645542577352186,47.69584704903919],[8.64421064295767,47.69586087440876],[8.644190176259347,47.69496165729528],[8.64552208803275,47.69494783215819]]]}},{"type":"Feature","properties":{"einwohner":10,"laut65":false,"initiative":false,"gegenvorschlag":true},"geometry":{"type":"Polygon","coordinates":[[[8.705308246692795,47.74378025974844],[8.705329771737977,47.74467944768004],[8.703996623626892,47.74469395859772],[8.703975121243541,47.74379477042185],[8.705308246692795,47.74378025974844]]]}},{"type":"Feature","properties":{"einwohner":38,"laut65":false,"initiative":true,"gegenvorschlag":false},"geometry":{"type":"Polygon","coordinates":[[[8.67089802511999,47.75494287603111],[8.670918969541958,47.75584206611501],[8.66958553053986,47.75585618235472],[8.66956460879013,47.75495699203315],[8.67089802511999,47.75494287603111]]]}},{"type":"Feature","properties":{"einwohner":14,"laut65":false,"initiative":false,"gegenvorschlag":true},"geometry":{"type":"Polygon","coordinates":[[[8.786192386773726,47.72578185443978],[8.786215279225559,47.726681033449196],[8.784882607846107,47.726696472051],[8.78485973803868,47.725797292781834],[8.786192386773726,47.72578185443978]]]}},{"type":"Feature","properties":{"einwohner":74,"laut65":true,"initiative":true,"gegenvorschlag":true},"geometry":{"type":"Polygon","coordinates":[[[8.811022970853886,47.70660288985203],[8.81104627680311,47.70750207093229],[8.809714095781514,47.707517794360896],[8.809690812459579,47.706618613016126],[8.811022970853886,47.70660288985203]]]}},{"type":"Feature","properties":{"einwohner":14,"laut65":false,"initiative":true,"gegenvorschlag":true},"geometry":{"type":"Polygon","coordinates":[[[8.70139470078206,47.747420498503544],[8.701416160778336,47.74831968579828],[8.700082919807008,47.7483341518218],[8.700061482475792,47.74743496428352],[8.70139470078206,47.747420498503544]]]}},{"type":"Feature","properties":{"einwohner":3,"laut65":false,"initiative":true,"gegenvorschlag":true},"geometry":{"type":"Polygon","coordinates":[[[8.614339802436886,47.790604600530074],[8.614359798598992,47.79150378702196],[8.613025444617257,47.791517254496384],[8.613005471159436,47.790618067777565],[8.614339802436886,47.790604600530074]]]}},{"type":"Feature","properties":{"einwohner":36,"laut65":true,"initiative":true,"gegenvorschlag":true},"geometry":{"type":"Polygon","coordinates":[[[8.641526350615521,47.69498926174235],[8.641546772071491,47.69588847932007],[8.640214835581368,47.695902258861786],[8.640194436746638,47.69500304105236],[8.641526350615521,47.69498926174235]]]}},{"type":"Feature","properties":{"einwohner":72,"laut65":false,"initiative":true,"gegenvorschlag":true},"geometry":{"type":"Polygon","coordinates":[[[8.457715979600247,47.696746398669625],[8.457733278959491,47.69764564579702],[8.456401253590233,47.69765731711422],[8.45638397685742,47.69675806979051],[8.457715979600247,47.696746398669625]]]}},{"type":"Feature","properties":{"einwohner":14,"laut65":false,"initiative":true,"gegenvorschlag":true},"geometry":{"type":"Polygon","coordinates":[[[8.808381913964134,47.7075335025117],[8.808405175453748,47.708432683786896],[8.807072970213198,47.708448376923904],[8.807049731351732,47.7075491953847],[8.808381913964134,47.7075335025117]]]}},{"type":"Feature","properties":{"einwohner":22,"laut65":false,"initiative":true,"gegenvorschlag":false},"geometry":{"type":"Polygon","coordinates":[[[8.486737635655729,47.7495525405737],[8.486755446055847,47.75045176375995],[8.485422096976139,47.75046376782153],[8.485404309247402,47.74956454443317],[8.486737635655729,47.7495525405737]]]}},{"type":"Feature","properties":{"einwohner":13,"laut65":false,"initiative":true,"gegenvorschlag":true},"geometry":{"type":"Polygon","coordinates":[[[8.524628753511342,47.711430347772506],[8.524647194858131,47.712329579140494],[8.523314815253737,47.71234201789413],[8.523296396544744,47.71144278631695],[8.524628753511342,47.711430347772506]]]}},{"type":"Feature","properties":{"einwohner":9,"laut65":false,"initiative":true,"gegenvorschlag":true},"geometry":{"type":"Polygon","coordinates":[[[8.45764678807362,47.693149406880494],[8.457664085068792,47.69404865531923],[8.45633215020063,47.69406032585138],[8.456314875828799,47.69316107721638],[8.45764678807362,47.693149406880494]]]}},{"type":"Feature","properties":{"einwohner":22,"laut65":true,"initiative":true,"gegenvorschlag":true},"geometry":{"type":"Polygon","coordinates":[[[8.861695717096236,47.65832125787379],[8.861719861726758,47.65922044583251],[8.860388910428156,47.659236750544295],[8.860364788382178,47.658337562311566],[8.861695717096236,47.65832125787379]]]}},{"type":"Feature","properties":{"einwohner":44,"laut65":false,"initiative":true,"gegenvorschlag":true},"geometry":{"type":"Polygon","coordinates":[[[8.697395043663631,47.74746384997281],[8.6974164356646,47.74836303799736],[8.696083192495069,47.7483774581494],[8.696061823159285,47.7474782698821],[8.697395043663631,47.74746384997281]]]}},{"type":"Feature","properties":{"einwohner":3,"laut65":true,"initiative":true,"gegenvorschlag":true},"geometry":{"type":"Polygon","coordinates":[[[8.605524814480777,47.693557492808765],[8.605544623795453,47.694456717210635],[8.604212714001727,47.69447008384567],[8.604192927307825,47.69357085921895],[8.605524814480777,47.693557492808765]]]}},{"type":"Feature","properties":{"einwohner":91,"laut65":false,"initiative":true,"gegenvorschlag":false},"geometry":{"type":"Polygon","coordinates":[[[8.625906143703544,47.71133952084465],[8.625926306100917,47.71223873522509],[8.624593953974706,47.71225233557083],[8.624573814212972,47.711353120961604],[8.625906143703544,47.71133952084465]]]}},{"type":"Feature","properties":{"einwohner":4,"laut65":false,"initiative":true,"gegenvorschlag":true},"geometry":{"type":"Polygon","coordinates":[[[8.65078799292636,47.69219472903349],[8.650808570620594,47.69309394596893],[8.649476706891567,47.6931078317416],[8.64945615181597,47.692208614572664],[8.65078799292636,47.69219472903349]]]}},{"type":"Feature","properties":{"einwohner":6,"laut65":false,"initiative":true,"gegenvorschlag":false},"geometry":{"type":"Polygon","coordinates":[[[8.717748282659024,47.70676741591626],[8.7177700038459,47.70766661522278],[8.71643779161634,47.70768126892018],[8.716416093059122,47.70678206936722],[8.717748282659024,47.70676741591626]]]}},{"type":"Feature","properties":{"einwohner":29,"laut65":false,"initiative":true,"gegenvorschlag":false},"geometry":{"type":"Polygon","coordinates":[[[8.501563470772373,47.690957231055165],[8.501581513085359,47.691856473528574],[8.500249643370775,47.691868647782194],[8.500231623678419,47.69096940510408],[8.501563470772373,47.690957231055165]]]}},{"type":"Feature","properties":{"einwohner":30,"laut65":false,"initiative":true,"gegenvorschlag":true},"geometry":{"type":"Polygon","coordinates":[[[8.465707983617653,47.69667605111339],[8.465725418734776,47.697575297057824],[8.464393396923748,47.697587060042366],[8.46437598443285,47.69668781390016],[8.465707983617653,47.69667605111339]]]}},{"type":"Feature","properties":{"einwohner":14,"laut65":false,"initiative":true,"gegenvorschlag":false},"geometry":{"type":"Polygon","coordinates":[[[8.783275821280762,47.715921718765166],[8.783298659852592,47.71682090199974],[8.781966235956697,47.716836307183065],[8.78194342002085,47.71593712368929],[8.783275821280762,47.715921718765166]]]}},{"type":"Feature","properties":{"einwohner":44,"laut65":false,"initiative":true,"gegenvorschlag":true},"geometry":{"type":"Polygon","coordinates":[[[8.60288080353195,47.694483435204745],[8.602900568280303,47.69538265972724],[8.601568634513624,47.69539599603474],[8.601548892386898,47.69449677128796],[8.60288080353195,47.694483435204745]]]}},{"type":"Feature","properties":{"einwohner":44,"laut65":true,"initiative":true,"gegenvorschlag":true},"geometry":{"type":"Polygon","coordinates":[[[8.637815620508684,47.707619579602145],[8.63783598384071,47.708518793243044],[8.636503728481738,47.70853253019094],[8.6364833877819,47.707633316319],[8.637815620508684,47.707619579602145]]]}},{"type":"Feature","properties":{"einwohner":42,"laut65":false,"initiative":true,"gegenvorschlag":true},"geometry":{"type":"Polygon","coordinates":[[[8.470457964594237,47.66695357440427],[8.470475470473977,47.667852830269986],[8.469144197303523,47.66786464780779],[8.469126714024387,47.666965391743496],[8.470457964594237,47.66695357440427]]]}},{"type":"Feature","properties":{"einwohner":129,"laut65":false,"initiative":true,"gegenvorschlag":false},"geometry":{"type":"Polygon","coordinates":[[[8.621989535250252,47.714977133617495],[8.622009632488398,47.715876347349216],[8.62067718774841,47.71588990276463],[8.620657113149118,47.71499068880485],[8.621989535250252,47.714977133617495]]]}},{"type":"Feature","properties":{"einwohner":64,"laut65":true,"initiative":true,"gegenvorschlag":true},"geometry":{"type":"Polygon","coordinates":[[[8.463061374517746,47.69759880774912],[8.463078764976581,47.69849805376049],[8.46174671934931,47.69850978638661],[8.461729351517546,47.69761054017794],[8.463061374517746,47.69759880774912]]]}},{"type":"Feature","properties":{"einwohner":48,"laut65":false,"initiative":true,"gegenvorschlag":false},"geometry":{"type":"Polygon","coordinates":[[[8.67225240782727,47.75582793458241],[8.672273375638996,47.756727124084016],[8.670939914680716,47.75674125585457],[8.670918969541958,47.75584206611501],[8.67225240782727,47.75582793458241]]]}},{"type":"Feature","properties":{"einwohner":30,"laut65":false,"initiative":true,"gegenvorschlag":false},"geometry":{"type":"Polygon","coordinates":[[[8.662543882738447,47.73974103458844],[8.662564679026444,47.74064023191366],[8.661231621066728,47.74065425238275],[8.661210847438044,47.73975505482157],[8.662543882738447,47.73974103458844]]]}},{"type":"Feature","properties":{"einwohner":14,"laut65":false,"initiative":true,"gegenvorschlag":true},"geometry":{"type":"Polygon","coordinates":[[[8.857606629195246,47.65477336705788],[8.857630702785135,47.65567255712532],[8.85629983935285,47.65568881495377],[8.856275788344567,47.654789624613166],[8.857606629195246,47.65477336705788]]]}},{"type":"Feature","properties":{"einwohner":3,"laut65":true,"initiative":false,"gegenvorschlag":true},"geometry":{"type":"Polygon","coordinates":[[[8.498845788442583,47.68828383326822],[8.498863783669924,47.6891830771313],[8.497531980584657,47.68919522022038],[8.497514007975699,47.688295976153185],[8.498845788442583,47.68828383326822]]]}},{"type":"Feature","properties":{"einwohner":60,"laut65":true,"initiative":true,"gegenvorschlag":true},"geometry":{"type":"Polygon","coordinates":[[[8.55104908066562,47.70038761639956],[8.551067967013243,47.701286847502985],[8.549735871757049,47.70129958931451],[8.549717008037195,47.700400357996834],[8.55104908066562,47.70038761639956]]]}},{"type":"Feature","properties":{"einwohner":6,"laut65":false,"initiative":true,"gegenvorschlag":false},"geometry":{"type":"Polygon","coordinates":[[[8.49756792764452,47.69099370737479],[8.497585902095501,47.691892950461515],[8.496254030536358,47.691905078887174],[8.49623607870612,47.691005835596535],[8.49756792764452,47.69099370737479]]]}},{"type":"Feature","properties":{"einwohner":36,"laut65":false,"initiative":true,"gegenvorschlag":false},"geometry":{"type":"Polygon","coordinates":[[[8.662460704699916,47.73614424188669],[8.662481498142613,47.73704344057183],[8.66114853081549,47.73705746009705],[8.661127760029,47.73615826117593],[8.662460704699916,47.73614424188669]]]}},{"type":"Feature","properties":{"einwohner":18,"laut65":true,"initiative":true,"gegenvorschlag":true},"geometry":{"type":"Polygon","coordinates":[[[8.598885068074068,47.694523397626604],[8.598904764957416,47.69542262282113],[8.597572829169435,47.695435913300074],[8.597553154907832,47.694536687882014],[8.598885068074068,47.694523397626604]]]}},{"type":"Feature","properties":{"einwohner":37,"laut65":false,"initiative":true,"gegenvorschlag":false},"geometry":{"type":"Polygon","coordinates":[[[8.661190074519972,47.738855856920104],[8.661210847438044,47.73975505482157],[8.65987781142703,47.739769059766346],[8.65985706116753,47.73886986162911],[8.661190074519972,47.738855856920104]]]}},{"type":"Feature","properties":{"einwohner":39,"laut65":false,"initiative":true,"gegenvorschlag":false},"geometry":{"type":"Polygon","coordinates":[[[8.723186099608114,47.71120463758627],[8.723207915041124,47.71210383423715],[8.72187559262679,47.71211855028689],[8.721853799827135,47.71121935338847],[8.723186099608114,47.71120463758627]]]}},{"type":"Feature","properties":{"einwohner":3,"laut65":false,"initiative":true,"gegenvorschlag":false},"geometry":{"type":"Polygon","coordinates":[[[8.571137024005548,47.58056857162115],[8.57115620777512,47.58146784098037],[8.569827126235198,47.581480813503866],[8.569807964990332,47.580581543926975],[8.571137024005548,47.58056857162115]]]}},{"type":"Feature","properties":{"einwohner":3,"laut65":false,"initiative":false,"gegenvorschlag":true},"geometry":{"type":"Polygon","coordinates":[[[8.497496035980683,47.68739673175958],[8.497514007975699,47.688295976153185],[8.496182226894884,47.688308103763156],[8.496164277517515,47.68740885916563],[8.497496035980683,47.68739673175958]]]}},{"type":"Feature","properties":{"einwohner":5,"laut65":false,"initiative":false,"gegenvorschlag":true},"geometry":{"type":"Polygon","coordinates":[[[8.78736465098984,47.719472140116686],[8.787387560602053,47.72037132122762],[8.7860550484997,47.720386773292745],[8.786032161526432,47.71948759192186],[8.78736465098984,47.719472140116686]]]}},{"type":"Feature","properties":{"einwohner":39,"laut65":false,"initiative":true,"gegenvorschlag":true},"geometry":{"type":"Polygon","coordinates":[[[8.656053350061452,47.68944138416127],[8.65607401611165,47.69034060114525],[8.654742223052542,47.69035454731467],[8.654721579618496,47.68945533009617],[8.656053350061452,47.68944138416127]]]}},{"type":"Feature","properties":{"einwohner":7,"laut65":false,"initiative":true,"gegenvorschlag":false},"geometry":{"type":"Polygon","coordinates":[[[8.668168498802947,47.75227351900192],[8.668189395734936,47.753172710592544],[8.666856023316218,47.75318679553501],[8.666835149054224,47.752287603707266],[8.668168498802947,47.75227351900192]]]}},{"type":"Feature","properties":{"einwohner":36,"laut65":false,"initiative":true,"gegenvorschlag":false},"geometry":{"type":"Polygon","coordinates":[[[8.658461868556603,47.73618625389247],[8.65848259403055,47.73708545328468],[8.657149624574282,47.73709942694712],[8.657128921756673,47.73620022731969],[8.658461868556603,47.73618625389247]]]}},{"type":"Feature","properties":{"einwohner":26,"laut65":true,"initiative":true,"gegenvorschlag":true},"geometry":{"type":"Polygon","coordinates":[[[8.577593712115707,47.69563343732944],[8.577613047707036,47.69653266574029],[8.576281078633077,47.69654571201736],[8.576261765664889,47.69564648338708],[8.577593712115707,47.69563343732944]]]}},{"type":"Feature","properties":{"einwohner":11,"laut65":false,"initiative":true,"gegenvorschlag":true},"geometry":{"type":"Polygon","coordinates":[[[8.458926744422156,47.69043997457836],[8.458944062265626,47.69133922380182],[8.457612195856035,47.69135090902139],[8.457594900633556,47.690451659601464],[8.458926744422156,47.69043997457836]]]}},{"type":"Feature","properties":{"einwohner":3,"laut65":false,"initiative":false,"gegenvorschlag":true},"geometry":{"type":"Polygon","coordinates":[[[8.865688498290744,47.65827225298134],[8.865712710674613,47.659171440116545],[8.864381761850757,47.6591877906186],[8.86435757205129,47.65828860320865],[8.865688498290744,47.65827225298134]]]}},{"type":"Feature","properties":{"einwohner":18,"laut65":false,"initiative":true,"gegenvorschlag":false},"geometry":{"type":"Polygon","coordinates":[[[8.467057439950063,47.69756351879538],[8.467074898289896,47.69846276421331],[8.465742854447646,47.69847454267382],[8.465725418734776,47.697575297057824],[8.467057439950063,47.69756351879538]]]}},{"type":"Feature","properties":{"einwohner":25,"laut65":false,"initiative":true,"gegenvorschlag":false},"geometry":{"type":"Polygon","coordinates":[[[8.784631082967705,47.716805481535786],[8.784653944957036,47.71770466417517],[8.783321499205213,47.71772008489861],[8.783298659852592,47.71682090199974],[8.784631082967705,47.716805481535786]]]}},{"type":"Feature","properties":{"einwohner":92,"laut65":false,"initiative":true,"gegenvorschlag":false},"geometry":{"type":"Polygon","coordinates":[[[8.627177921545533,47.708628260995674],[8.627198104508789,47.70952747614552],[8.625865820976273,47.70954109108492],[8.625845660646295,47.70864187570602],[8.627177921545533,47.708628260995674]]]}},{"type":"Feature","properties":{"einwohner":162,"laut65":true,"initiative":true,"gegenvorschlag":true},"geometry":{"type":"Polygon","coordinates":[[[8.639168238503668,47.7085050410155],[8.639188625164621,47.709404254092625],[8.637856347868746,47.70941800655147],[8.63783598384071,47.708518793243044],[8.639168238503668,47.7085050410155]]]}},{"type":"Feature","properties":{"einwohner":7,"laut65":false,"initiative":true,"gegenvorschlag":true},"geometry":{"type":"Polygon","coordinates":[[[8.50284112615187,47.68824731296375],[8.50285918923416,47.68914655621273],[8.501527387995448,47.68915874512744],[8.501509347531437,47.68825950167353],[8.50284112615187,47.68824731296375]]]}},{"type":"Feature","properties":{"einwohner":33,"laut65":false,"initiative":true,"gegenvorschlag":true},"geometry":{"type":"Polygon","coordinates":[[[8.650052534281382,47.71828577818245],[8.650073109739582,47.719184985727324],[8.64874058903046,47.71919886299244],[8.648720036213357,47.71829965521411],[8.650052534281382,47.71828577818245]]]}},{"type":"Feature","properties":{"einwohner":27,"laut65":false,"initiative":true,"gegenvorschlag":true},"geometry":{"type":"Polygon","coordinates":[[[8.60840562976264,47.7636825929131],[8.608425514669328,47.76458179078543],[8.607091838750733,47.764595190272644],[8.607071976525187,47.763695992174725],[8.60840562976264,47.7636825929131]]]}},{"type":"Feature","properties":{"einwohner":11,"laut65":false,"initiative":true,"gegenvorschlag":false},"geometry":{"type":"Polygon","coordinates":[[[8.660708404315473,47.77573670385577],[8.660729183712334,47.77663588785971],[8.659395217320537,47.77664988717702],[8.659374460614098,47.77575070293727],[8.660708404315473,47.77573670385577]]]}},{"type":"Feature","properties":{"einwohner":16,"laut65":false,"initiative":true,"gegenvorschlag":false},"geometry":{"type":"Polygon","coordinates":[[[8.48499516707144,47.6614270471995],[8.485012917919214,47.66232630278635],[8.483681786955426,47.66233828707748],[8.483664058703233,47.66143903128927],[8.48499516707144,47.6614270471995]]]}},{"type":"Feature","properties":{"einwohner":4,"laut65":false,"initiative":true,"gegenvorschlag":true},"geometry":{"type":"Polygon","coordinates":[[[8.663960757987374,47.685760522234375],[8.663981556891455,47.686659739116564],[8.662649858538996,47.68667377598718],[8.66262908224773,47.68577455886898],[8.663960757987374,47.685760522234375]]]}},{"type":"Feature","properties":{"einwohner":12,"laut65":false,"initiative":true,"gegenvorschlag":false},"geometry":{"type":"Polygon","coordinates":[[[8.834172232095035,47.674845882146904],[8.834195916990701,47.67574506997166],[8.832864541891395,47.67576105898364],[8.83284087959515,47.67486187089015],[8.834172232095035,47.674845882146904]]]}},{"type":"Feature","properties":{"einwohner":26,"laut65":false,"initiative":true,"gegenvorschlag":false},"geometry":{"type":"Polygon","coordinates":[[[8.47783707627149,47.70376344255268],[8.477854719845665,47.7046626840712],[8.47652252238904,47.70467458615727],[8.47650490144696,47.70377534443853],[8.47783707627149,47.70376344255268]]]}},{"type":"Feature","properties":{"einwohner":6,"laut65":false,"initiative":true,"gegenvorschlag":true},"geometry":{"type":"Polygon","coordinates":[[[8.858961565395779,47.655656284034386],[8.85898566238964,47.656555473506806],[8.857654777196668,47.65657174687121],[8.857630702785135,47.65567255712532],[8.858961565395779,47.655656284034386]]]}},{"type":"Feature","properties":{"einwohner":18,"laut65":false,"initiative":true,"gegenvorschlag":false},"geometry":{"type":"Polygon","coordinates":[[[8.570953195745995,47.696597744358435],[8.570972418878029,47.69749697353471],[8.5696404238882,47.6975099436462],[8.569621223380278,47.69661071425179],[8.570953195745995,47.696597744358435]]]}},{"type":"Feature","properties":{"einwohner":23,"laut65":false,"initiative":true,"gegenvorschlag":false},"geometry":{"type":"Polygon","coordinates":[[[8.780633811280788,47.71685169708564],[8.78065660535984,47.71775088050258],[8.779324157267842,47.717766255383154],[8.779301385825638,47.71686707170755],[8.780633811280788,47.71685169708564]]]}},{"type":"Feature","properties":{"einwohner":4,"laut65":false,"initiative":true,"gegenvorschlag":true},"geometry":{"type":"Polygon","coordinates":[[[8.66131815947683,47.686687797584646],[8.661338913864174,47.6875870146113],[8.660007191479394,47.68760102117106],[8.659986459705719,47.68670180390892],[8.66131815947683,47.686687797584646]]]}},{"type":"Feature","properties":{"einwohner":12,"laut65":false,"initiative":true,"gegenvorschlag":true},"geometry":{"type":"Polygon","coordinates":[[[8.480017910040042,47.74691473231609],[8.480035605266421,47.74781395753331],[8.47870232116351,47.74782588452813],[8.478684648606365,47.74692665911017],[8.480017910040042,47.74691473231609]]]}},{"type":"Feature","properties":{"einwohner":54,"laut65":false,"initiative":true,"gegenvorschlag":false},"geometry":{"type":"Polygon","coordinates":[[[8.489439998739947,47.75132693219818],[8.489457855704744,47.75222615429622],[8.488124462499734,47.75223818934861],[8.4881066282078,47.751338967047964],[8.489439998739947,47.75132693219818]]]}},{"type":"Feature","properties":{"einwohner":20,"laut65":true,"initiative":true,"gegenvorschlag":true},"geometry":{"type":"Polygon","coordinates":[[[8.638842146663535,47.69411758671648],[8.638862522180814,47.69501680508656],[8.637530606918808,47.69503055384506],[8.637510254022079,47.69413133524377],[8.638842146663535,47.69411758671648]]]}},{"type":"Feature","properties":{"einwohner":43,"laut65":false,"initiative":false,"gegenvorschlag":true},"geometry":{"type":"Polygon","coordinates":[[[8.86968127204757,47.658223110720726],[8.869705552184346,47.65912229703002],[8.868374605842178,47.65913869332222],[8.868350348289654,47.65823950673735],[8.86968127204757,47.658223110720726]]]}},{"type":"Feature","properties":{"einwohner":87,"laut65":false,"initiative":true,"gegenvorschlag":false},"geometry":{"type":"Polygon","coordinates":[[[8.724365553077202,47.70489552234701],[8.724387385919323,47.70579472108255],[8.723055222667636,47.705809450677656],[8.723033412453413,47.704910251694386],[8.724365553077202,47.70489552234701]]]}},{"type":"Feature","properties":{"einwohner":3,"laut65":false,"initiative":true,"gegenvorschlag":true},"geometry":{"type":"Polygon","coordinates":[[[8.612064719962655,47.68809508508671],[8.612084638297372,47.68899431032891],[8.610752867607351,47.68900775198685],[8.610732971888579,47.68810852651861],[8.612064719962655,47.68809508508671]]]}},{"type":"Feature","properties":{"einwohner":90,"laut65":true,"initiative":true,"gegenvorschlag":true},"geometry":{"type":"Polygon","coordinates":[[[8.635008947328192,47.701352529747105],[8.635029260535688,47.70225174617084],[8.633697162196622,47.702265450945724],[8.633676871615974,47.70136623429152],[8.635008947328192,47.701352529747105]]]}},{"type":"Feature","properties":{"einwohner":34,"laut65":true,"initiative":true,"gegenvorschlag":true},"geometry":{"type":"Polygon","coordinates":[[[8.57894501612033,47.69651960418655],[8.578964374996206,47.69741883204873],[8.57763238395904,47.697431893822156],[8.577613047707036,47.69653266574029],[8.57894501612033,47.69651960418655]]]}},{"type":"Feature","properties":{"einwohner":3,"laut65":false,"initiative":true,"gegenvorschlag":true},"geometry":{"type":"Polygon","coordinates":[[[8.642139297986065,47.721965644893],[8.642159740392605,47.722864852493025],[8.640827124905828,47.72287863899026],[8.640806705143728,47.72197943115828],[8.642139297986065,47.721965644893]]]}},{"type":"Feature","properties":{"einwohner":86,"laut65":false,"initiative":true,"gegenvorschlag":true},"geometry":{"type":"Polygon","coordinates":[[[8.603836882376445,47.67738475997685],[8.603856656908276,47.67828399048301],[8.602525153495034,47.67829733780195],[8.60250540157012,47.67739810707141],[8.603836882376445,47.67738475997685]]]}},{"type":"Feature","properties":{"einwohner":22,"laut65":false,"initiative":true,"gegenvorschlag":false},"geometry":{"type":"Polygon","coordinates":[[[8.663564718554499,47.72623900201697],[8.663585526823725,47.727138204187675],[8.662252809383109,47.7271522364026],[8.66223202376153,47.726253033995754],[8.663564718554499,47.72623900201697]]]}},{"type":"Feature","properties":{"einwohner":37,"laut65":false,"initiative":true,"gegenvorschlag":true},"geometry":{"type":"Polygon","coordinates":[[[8.643328654362735,47.71565738237981],[8.643349114516496,47.716556592093525],[8.642016658223238,47.71657039224905],[8.641996220708455,47.71567118230318],[8.643328654362735,47.71565738237981]]]}},{"type":"Feature","properties":{"einwohner":15,"laut65":false,"initiative":false,"gegenvorschlag":true},"geometry":{"type":"Polygon","coordinates":[[[8.458702987492709,47.74800295438622],[8.458720320600154,47.74890218244408],[8.457387004244882,47.74891386495969],[8.457369693808005,47.74801463670518],[8.458702987492709,47.74800295438622]]]}},{"type":"Feature","properties":{"einwohner":82,"laut65":false,"initiative":true,"gegenvorschlag":true},"geometry":{"type":"Polygon","coordinates":[[[8.611985053427428,47.68449818084768],[8.612004969040768,47.68539740739751],[8.610673288809897,47.68541084815145],[8.610653395809411,47.68451162137568],[8.611985053427428,47.68449818084768]]]}},{"type":"Feature","properties":{"einwohner":26,"laut65":false,"initiative":true,"gegenvorschlag":false},"geometry":{"type":"Polygon","coordinates":[[[8.720456193267054,47.70853646047163],[8.720477961201066,47.70943565861824],[8.719145705195626,47.70945034336706],[8.719123959892732,47.708551144973406],[8.720456193267054,47.70853646047163]]]}},{"type":"Feature","properties":{"einwohner":38,"laut65":true,"initiative":true,"gegenvorschlag":true},"geometry":{"type":"Polygon","coordinates":[[[8.663481492592535,47.722642189966194],[8.663502298015871,47.72354139348369],[8.662169671161202,47.72355542475415],[8.662148888382424,47.72265622100062],[8.663481492592535,47.722642189966194]]]}},{"type":"Feature","properties":{"einwohner":72,"laut65":true,"initiative":true,"gegenvorschlag":true},"geometry":{"type":"Polygon","coordinates":[[[8.640520901763669,47.709390486353875],[8.640541311755094,47.71028969886674],[8.639209012522398,47.710303466837075],[8.639188625164621,47.709404254092625],[8.640520901763669,47.709390486353875]]]}},{"type":"Feature","properties":{"einwohner":3,"laut65":false,"initiative":true,"gegenvorschlag":true},"geometry":{"type":"Polygon","coordinates":[[[8.655237877136457,47.71193566160704],[8.655258538213872,47.7128348705557],[8.653926178793533,47.712848807309626],[8.653905540351639,47.71194959812653],[8.655237877136457,47.71193566160704]]]}},{"type":"Feature","properties":{"einwohner":57,"laut65":true,"initiative":true,"gegenvorschlag":true},"geometry":{"type":"Polygon","coordinates":[[[8.57494910889922,47.69655874301773],[8.57496839990335,47.69745797153815],[8.573636406886376,47.69747098748069],[8.573617138506238,47.69657175874135],[8.57494910889922,47.69655874301773]]]}},{"type":"Feature","properties":{"einwohner":3,"laut65":false,"initiative":true,"gegenvorschlag":true},"geometry":{"type":"Polygon","coordinates":[[[8.609759189907233,47.76456837600229],[8.60977909817649,47.765467573302764],[8.608445400256707,47.76548098831179],[8.608425514669328,47.76458179078543],[8.609759189907233,47.76456837600229]]]}},{"type":"Feature","properties":{"einwohner":39,"laut65":false,"initiative":true,"gegenvorschlag":true},"geometry":{"type":"Polygon","coordinates":[[[8.586936812682719,47.696440914054236],[8.586956307301048,47.69734014059306],[8.58562432024436,47.69735329402787],[8.585604848249679,47.696454067267815],[8.586936812682719,47.696440914054236]]]}},{"type":"Feature","properties":{"einwohner":30,"laut65":false,"initiative":true,"gegenvorschlag":true},"geometry":{"type":"Polygon","coordinates":[[[8.641894043613592,47.71117512756436],[8.641914477635492,47.71207433917928],[8.640582133830904,47.71208812289346],[8.64056172244416,47.71118891104668],[8.641894043613592,47.71117512756436]]]}},{"type":"Feature","properties":{"einwohner":100,"laut65":true,"initiative":true,"gegenvorschlag":false},"geometry":{"type":"Polygon","coordinates":[[[8.63220293892449,47.69508539612116],[8.632223202030932,47.69598461531559],[8.630891260678116,47.69599828792501],[8.630871020193196,47.69509906850066],[8.63220293892449,47.69508539612116]]]}},{"type":"Feature","properties":{"einwohner":53,"laut65":false,"initiative":true,"gegenvorschlag":true},"geometry":{"type":"Polygon","coordinates":[[[8.60926213042119,47.681827363668866],[8.609281998772797,47.682726591648745],[8.607950385020157,47.68274000117981],[8.607930539279169,47.68184077297449],[8.60926213042119,47.681827363668866]]]}},{"type":"Feature","properties":{"einwohner":7,"laut65":false,"initiative":true,"gegenvorschlag":true},"geometry":{"type":"Polygon","coordinates":[[[8.863050812201216,47.65920412585728],[8.863074980241151,47.66010331321931],[8.861744007181429,47.66011963346879],[8.861719861726758,47.65922044583251],[8.863050812201216,47.65920412585728]]]}},{"type":"Feature","properties":{"einwohner":8,"laut65":false,"initiative":true,"gegenvorschlag":false},"geometry":{"type":"Polygon","coordinates":[[[8.628368761913983,47.702320117266524],[8.628388962677134,47.703219334509285],[8.627056838250928,47.70323296312394],[8.627036660115602,47.70233374565197],[8.628368761913983,47.702320117266524]]]}},{"type":"Feature","properties":{"einwohner":50,"laut65":false,"initiative":true,"gegenvorschlag":true},"geometry":{"type":"Polygon","coordinates":[[[8.609679563644475,47.760971583343036],[8.609699469188108,47.76187078202602],[8.608365861991176,47.761884196131525],[8.608345979126316,47.760984997222664],[8.609679563644475,47.760971583343036]]]}},{"type":"Feature","properties":{"einwohner":67,"laut65":true,"initiative":true,"gegenvorschlag":true},"geometry":{"type":"Polygon","coordinates":[[[8.622698581421565,47.68708778001631],[8.622718679995819,47.68798700376844],[8.621386937386603,47.68800056739197],[8.6213668614272,47.68710134341176],[8.622698581421565,47.68708778001631]]]}},{"type":"Feature","properties":{"einwohner":70,"laut65":true,"initiative":true,"gegenvorschlag":true},"geometry":{"type":"Polygon","coordinates":[[[8.553732155588651,47.701261318045105],[8.553751087838652,47.702160548389166],[8.552418971245565,47.702173320972044],[8.552400061624036,47.70127409041316],[8.553732155588651,47.701261318045105]]]}},{"type":"Feature","properties":{"einwohner":71,"laut65":false,"initiative":true,"gegenvorschlag":false},"geometry":{"type":"Polygon","coordinates":[[[8.705437408011301,47.74917538220499],[8.705458937475754,47.750074568081864],[8.704125653377426,47.75008908046526],[8.704104146579454,47.74918989434412],[8.705437408011301,47.74917538220499]]]}},{"type":"Feature","properties":{"einwohner":22,"laut65":true,"initiative":true,"gegenvorschlag":false},"geometry":{"type":"Polygon","coordinates":[[[8.62828796576414,47.69872324498911],[8.628308163766267,47.69962246355399],[8.626976129846721,47.69963609125179],[8.626955954469334,47.698736872457715],[8.62828796576414,47.69872324498911]]]}},{"type":"Feature","properties":{"einwohner":3,"laut65":false,"initiative":true,"gegenvorschlag":true},"geometry":{"type":"Polygon","coordinates":[[[8.64740806761865,47.71921272497504],[8.647428598496534,47.72011193265138],[8.646096053740854,47.72012577958432],[8.646075545504917,47.719226571674966],[8.64740806761865,47.71921272497504]]]}},{"type":"Feature","properties":{"einwohner":105,"laut65":false,"initiative":true,"gegenvorschlag":true},"geometry":{"type":"Polygon","coordinates":[[[8.705351297519595,47.745578635269716],[8.705372824037696,47.74647782251729],[8.704039630600631,47.746492333923506],[8.70401812674591,47.74559314643168],[8.705351297519595,47.745578635269716]]]}},{"type":"Feature","properties":{"einwohner":153,"laut65":false,"initiative":true,"gegenvorschlag":true},"geometry":{"type":"Polygon","coordinates":[[[8.640194436746638,47.69500304105236],[8.640214835581368,47.695902258861786],[8.638882898394261,47.695916023127474],[8.638862522180814,47.69501680508656],[8.640194436746638,47.69500304105236]]]}},{"type":"Feature","properties":{"einwohner":26,"laut65":false,"initiative":true,"gegenvorschlag":true},"geometry":{"type":"Polygon","coordinates":[[[8.619974984823367,47.684417216948056],[8.619995036113005,47.685316442136575],[8.618663359975423,47.68532997452965],[8.618643331298403,47.684430749113645],[8.619974984823367,47.684417216948056]]]}},{"type":"Feature","properties":{"einwohner":5,"laut65":false,"initiative":false,"gegenvorschlag":true},"geometry":{"type":"Polygon","coordinates":[[[8.680970958739124,47.786315023921475],[8.680992087168388,47.78721420014946],[8.67965785919317,47.78722843182563],[8.679636753463024,47.786329255357906],[8.680970958739124,47.786315023921475]]]}},{"type":"Feature","properties":{"einwohner":20,"laut65":false,"initiative":true,"gegenvorschlag":false},"geometry":{"type":"Polygon","coordinates":[[[8.653563557207752,47.75512519122727],[8.653584206887382,47.75602438438076],[8.652250758637598,47.75603830181157],[8.652230131630745,47.75513910842376],[8.653563557207752,47.75512519122727]]]}},{"type":"Feature","properties":{"einwohner":20,"laut65":false,"initiative":true,"gegenvorschlag":false},"geometry":{"type":"Polygon","coordinates":[[[8.590324159540653,47.72968570630298],[8.590343724135717,47.73058492006729],[8.589010900796383,47.73059811226466],[8.588991358853509,47.729698898278336],[8.590324159540653,47.72968570630298]]]}},{"type":"Feature","properties":{"einwohner":42,"laut65":true,"initiative":true,"gegenvorschlag":true},"geometry":{"type":"Polygon","coordinates":[[[8.605188159646179,47.6782706278928],[8.605207957460994,47.679169857849566],[8.603876432115438,47.6791832206644],[8.603856656908276,47.67828399048301],[8.605188159646179,47.6782706278928]]]}},{"type":"Feature","properties":{"einwohner":51,"laut65":false,"initiative":true,"gegenvorschlag":false},"geometry":{"type":"Polygon","coordinates":[[[8.501816119259544,47.70354659581951],[8.501834170205388,47.704445833690855],[8.500501983720786,47.70445801081112],[8.5004839554064,47.70355877273496],[8.501816119259544,47.70354659581951]]]}},{"type":"Feature","properties":{"einwohner":73,"laut65":true,"initiative":true,"gegenvorschlag":true},"geometry":{"type":"Polygon","coordinates":[[[8.636280019012654,47.69864115936308],[8.636300352762348,47.69954037654745],[8.634968322995578,47.69955409590795],[8.634948011870376,47.698654878492874],[8.636280019012654,47.69864115936308]]]}},{"type":"Feature","properties":{"einwohner":24,"laut65":false,"initiative":false,"gegenvorschlag":true},"geometry":{"type":"Polygon","coordinates":[[[8.49089081609077,47.690154951294986],[8.490908676827507,47.691054195725826],[8.489576824830467,47.69106624756868],[8.489558986713876,47.690167002935176],[8.49089081609077,47.690154951294986]]]}},{"type":"Feature","properties":{"einwohner":23,"laut65":false,"initiative":true,"gegenvorschlag":true},"geometry":{"type":"Polygon","coordinates":[[[8.701351782992193,47.74562212288662],[8.701373241520029,47.74652131086626],[8.700040045878044,47.746535776402744],[8.700018610013714,47.74563658817955],[8.701351782992193,47.74562212288662]]]}},{"type":"Feature","properties":{"einwohner":23,"laut65":false,"initiative":true,"gegenvorschlag":true},"geometry":{"type":"Polygon","coordinates":[[[8.54709049841883,47.70222425851835],[8.547109318169232,47.70312348960378],[8.545777175723382,47.70313618600751],[8.545758378602413,47.70223695470857],[8.54709049841883,47.70222425851835]]]}},{"type":"Feature","properties":{"einwohner":22,"laut65":false,"initiative":true,"gegenvorschlag":false},"geometry":{"type":"Polygon","coordinates":[[[8.586403746029472,47.73332209206336],[8.586423245335222,47.7342213051418],[8.58509032937622,47.734234452365044],[8.585070852725877,47.73333523906533],[8.586403746029472,47.73332209206336]]]}},{"type":"Feature","properties":{"einwohner":12,"laut65":false,"initiative":true,"gegenvorschlag":false},"geometry":{"type":"Polygon","coordinates":[[[8.490337435707104,47.66227821294542],[8.490355277545914,47.66317746740414],[8.489024126414362,47.663189512968266],[8.489006307171769,47.662290258307046],[8.490337435707104,47.66227821294542]]]}},{"type":"Feature","properties":{"einwohner":50,"laut65":false,"initiative":true,"gegenvorschlag":true},"geometry":{"type":"Polygon","coordinates":[[[8.457681382654933,47.69494790343048],[8.45769868083207,47.69584715121401],[8.456366700714904,47.69585882213866],[8.456349425162653,47.69495957415889],[8.457681382654933,47.69494790343048]]]}},{"type":"Feature","properties":{"einwohner":4,"laut65":false,"initiative":false,"gegenvorschlag":true},"geometry":{"type":"Polygon","coordinates":[[[8.465341983713063,47.67779181080588],[8.465359406327618,47.67869106359616],[8.46402785950507,47.67870282242818],[8.46401045950051,47.677803569440165],[8.465341983713063,47.67779181080588]]]}},{"type":"Feature","properties":{"einwohner":20,"laut65":false,"initiative":true,"gegenvorschlag":false},"geometry":{"type":"Polygon","coordinates":[[[8.499097777580253,47.70087321754907],[8.499115781417293,47.70177245681952],[8.497783661593466,47.70178460276779],[8.49776568038563,47.70088536329307],[8.499097777580253,47.70087321754907]]]}},{"type":"Feature","properties":{"einwohner":20,"laut65":false,"initiative":true,"gegenvorschlag":false},"geometry":{"type":"Polygon","coordinates":[[[8.659561296563068,47.783843348500504],[8.659582059667883,47.78474252958831],[8.658247888316188,47.784756515726855],[8.658227147908823,47.78385733440343],[8.659561296563068,47.783843348500504]]]}},{"type":"Feature","properties":{"einwohner":3,"laut65":false,"initiative":true,"gegenvorschlag":false},"geometry":{"type":"Polygon","coordinates":[[[8.720342842688003,47.75890573547211],[8.720364629680725,47.75980491485586],[8.719031104351492,47.7598195981577],[8.719009340033304,47.75892041852668],[8.720342842688003,47.75890573547211]]]}},{"type":"Feature","properties":{"einwohner":13,"laut65":false,"initiative":true,"gegenvorschlag":true},"geometry":{"type":"Polygon","coordinates":[[[8.876384665338216,47.659939271224566],[8.876409060060825,47.66083845550698],[8.875078072699866,47.66085492866939],[8.875053700562805,47.65995574411009],[8.876384665338216,47.659939271224566]]]}},{"type":"Feature","properties":{"einwohner":22,"laut65":false,"initiative":true,"gegenvorschlag":true},"geometry":{"type":"Polygon","coordinates":[[[8.680633002259496,47.77192815656625],[8.68065411911532,47.77282733839803],[8.679320254232723,47.77284156623908],[8.679299160063579,47.77194238416767],[8.680633002259496,47.77192815656625]]]}},{"type":"Feature","properties":{"einwohner":4,"laut65":false,"initiative":true,"gegenvorschlag":false},"geometry":{"type":"Polygon","coordinates":[[[8.70679222083739,47.75006004040748],[8.706813773705745,47.75095922569652],[8.7054804676769,47.75097375361546],[8.705458937475754,47.750074568081864],[8.70679222083739,47.75006004040748]]]}},{"type":"Feature","properties":{"einwohner":3,"laut65":false,"initiative":true,"gegenvorschlag":false},"geometry":{"type":"Polygon","coordinates":[[[8.656913716254127,47.784770486564106],[8.656934434673577,47.785669667771565],[8.655600239203617,47.78568362354262],[8.655579543482482,47.78478444210007],[8.656913716254127,47.784770486564106]]]}},{"type":"Feature","properties":{"einwohner":3,"laut65":false,"initiative":true,"gegenvorschlag":true},"geometry":{"type":"Polygon","coordinates":[[[8.819062788690989,47.70830658868301],[8.819086232005397,47.70920576750313],[8.817754010518435,47.70922158312997],[8.817730589832578,47.708322404043834],[8.819062788690989,47.70830658868301]]]}},{"type":"Feature","properties":{"einwohner":16,"laut65":false,"initiative":true,"gegenvorschlag":true},"geometry":{"type":"Polygon","coordinates":[[[8.677986388627877,47.77285577878244],[8.678007460831758,47.77375496074469],[8.676673571817892,47.77376915822941],[8.676652522301557,47.77286997602811],[8.677986388627877,47.77285577878244]]]}},{"type":"Feature","properties":{"einwohner":68,"laut65":false,"initiative":true,"gegenvorschlag":true},"geometry":{"type":"Polygon","coordinates":[[[8.465132958736662,47.667000752146606],[8.465150374213785,47.667900008805205],[8.463819098660316,47.66791176526556],[8.463801705783936,47.667012508409385],[8.465132958736662,47.667000752146606]]]}},{"type":"Feature","properties":{"einwohner":4,"laut65":false,"initiative":true,"gegenvorschlag":true},"geometry":{"type":"Polygon","coordinates":[[[8.518021948742279,47.71419008391789],[8.518040278779361,47.71508931533147],[8.516707828116083,47.71510167830069],[8.516689520719304,47.714202446679124],[8.518021948742279,47.71419008391789]]]}},{"type":"Feature","properties":{"einwohner":14,"laut65":false,"initiative":true,"gegenvorschlag":true},"geometry":{"type":"Polygon","coordinates":[[[8.646833487866406,47.694034774767985],[8.64685399910611,47.69493399174543],[8.64552208803275,47.69494783215819],[8.645501599413347,47.69404861494799],[8.646833487866406,47.694034774767985]]]}},{"type":"Feature","properties":{"einwohner":22,"laut65":false,"initiative":true,"gegenvorschlag":false},"geometry":{"type":"Polygon","coordinates":[[[8.830319886854214,47.680288929456324],[8.830343508791197,47.681188116126144],[8.829011995656497,47.68120406094098],[8.828988396323705,47.68030487400309],[8.830319886854214,47.680288929456324]]]}},{"type":"Feature","properties":{"einwohner":29,"laut65":false,"initiative":true,"gegenvorschlag":false},"geometry":{"type":"Polygon","coordinates":[[[8.618112453089434,47.72041303480921],[8.618132486519889,47.72131224721637],[8.616799903873272,47.72132575814991],[8.616779893086438,47.72042654551545],[8.618112453089434,47.72041303480921]]]}},{"type":"Feature","properties":{"einwohner":78,"laut65":true,"initiative":true,"gegenvorschlag":true},"geometry":{"type":"Polygon","coordinates":[[[8.621326711565668,47.68530289447035],[8.62134678615357,47.68620211910448],[8.620015088087559,47.68621566699849],[8.619995036113005,47.685316442136575],[8.621326711565668,47.68530289447035]]]}},{"type":"Feature","properties":{"einwohner":44,"laut65":false,"initiative":true,"gegenvorschlag":true},"geometry":{"type":"Polygon","coordinates":[[[8.813687285252183,47.7065713976914],[8.813710636455838,47.70747057824196],[8.81237845702814,47.70748633222596],[8.812355128451678,47.706587151410474],[8.813687285252183,47.7065713976914]]]}},{"type":"Feature","properties":{"einwohner":51,"laut65":false,"initiative":true,"gegenvorschlag":false},"geometry":{"type":"Polygon","coordinates":[[[8.66250229229658,47.73794263891736],[8.662523087161844,47.73884183692294],[8.661190074519972,47.738855856920104],[8.661169302312468,47.73795665867851],[8.66250229229658,47.73794263891736]]]}},{"type":"Feature","properties":{"einwohner":3,"laut65":false,"initiative":true,"gegenvorschlag":true},"geometry":{"type":"Polygon","coordinates":[[[8.629478451324733,47.69241506466851],[8.62949866711591,47.69331428530918],[8.628166792243203,47.693327926678165],[8.62814659907131,47.692428705808105],[8.629478451324733,47.69241506466851]]]}},{"type":"Feature","properties":{"einwohner":92,"laut65":true,"initiative":true,"gegenvorschlag":true},"geometry":{"type":"Polygon","coordinates":[[[8.644190176259347,47.69496165729528],[8.64421064295767,47.69586087440876],[8.642878707863847,47.69587468450241],[8.642858263786684,47.69497546715666],[8.644190176259347,47.69496165729528]]]}},{"type":"Feature","properties":{"einwohner":21,"laut65":false,"initiative":true,"gegenvorschlag":true},"geometry":{"type":"Polygon","coordinates":[[[8.855017034413295,47.65750343778213],[8.85504106530037,47.6584026274305],[8.853710132477376,47.658418855552036],[8.853686124174317,47.65751966563099],[8.855017034413295,47.65750343778213]]]}},{"type":"Feature","properties":{"einwohner":10,"laut65":false,"initiative":true,"gegenvorschlag":false},"geometry":{"type":"Polygon","coordinates":[[[8.503166356073086,47.70443364129106],[8.50318443026802,47.705332878626955],[8.501852221768132,47.70534507123185],[8.501834170205388,47.704445833690855],[8.503166356073086,47.70443364129106]]]}},{"type":"Feature","properties":{"einwohner":19,"laut65":false,"initiative":false,"gegenvorschlag":true},"geometry":{"type":"Polygon","coordinates":[[[8.787502120413352,47.724867221727195],[8.787525034725979,47.725766400814564],[8.786192386773726,47.72578185443978],[8.786169495104682,47.7248826750924],[8.787502120413352,47.724867221727195]]]}},{"type":"Feature","properties":{"einwohner":5,"laut65":false,"initiative":true,"gegenvorschlag":true},"geometry":{"type":"Polygon","coordinates":[[[8.815066189715111,47.708353988931684],[8.815089565143719,47.70925316854911],[8.813757341257517,47.709268938341395],[8.8137339884576,47.70836975845869],[8.815066189715111,47.708353988931684]]]}},{"type":"Feature","properties":{"einwohner":70,"laut65":false,"initiative":true,"gegenvorschlag":false},"geometry":{"type":"Polygon","coordinates":[[[8.66956460879013,47.75495699203315],[8.66958553053986,47.75585618235472],[8.668252090821749,47.75587028330152],[8.668231191744296,47.754971092742544],[8.66956460879013,47.75495699203315]]]}},{"type":"Feature","properties":{"einwohner":14,"laut65":false,"initiative":true,"gegenvorschlag":false},"geometry":{"type":"Polygon","coordinates":[[[8.72314247097907,47.709406243283176],[8.723164284920779,47.71030544060153],[8.72183200777238,47.71032015615621],[8.721810216462474,47.70942095859028],[8.72314247097907,47.709406243283176]]]}},{"type":"Feature","properties":{"einwohner":52,"laut65":false,"initiative":false,"gegenvorschlag":true},"geometry":{"type":"Polygon","coordinates":[[[8.494886300557477,47.69011870472109],[8.494904229154441,47.6910179485425],[8.493572378990265,47.691030046212724],[8.493554473013342,47.69013080218793],[8.494886300557477,47.69011870472109]]]}},{"type":"Feature","properties":{"einwohner":28,"laut65":false,"initiative":true,"gegenvorschlag":true},"geometry":{"type":"Polygon","coordinates":[[[8.809690812459579,47.706618613016126],[8.809714095781514,47.707517794360896],[8.808381913964134,47.7075335025117],[8.808358653269527,47.70663432090268],[8.809690812459579,47.706618613016126]]]}},{"type":"Feature","properties":{"einwohner":7,"laut65":false,"initiative":true,"gegenvorschlag":false},"geometry":{"type":"Polygon","coordinates":[[[8.723055222667636,47.705809450677656],[8.723077033627273,47.70670864932839],[8.72174484700146,47.70672336389292],[8.721723058670538,47.70582416499469],[8.723055222667636,47.705809450677656]]]}},{"type":"Feature","properties":{"einwohner":3,"laut65":false,"initiative":true,"gegenvorschlag":true},"geometry":{"type":"Polygon","coordinates":[[[8.61725166299607,47.68174658711891],[8.61727166701056,47.68264581374069],[8.61594005734123,47.68265931490648],[8.61592007593712,47.681760088057636],[8.61725166299607,47.68174658711891]]]}},{"type":"Feature","properties":{"einwohner":72,"laut65":false,"initiative":true,"gegenvorschlag":false},"geometry":{"type":"Polygon","coordinates":[[[8.662252809383109,47.7271522364026],[8.662273595715487,47.72805143847222],[8.660940854915603,47.72806545563824],[8.660920091231684,47.72716625333277],[8.662252809383109,47.7271522364026]]]}},{"type":"Feature","properties":{"einwohner":34,"laut65":false,"initiative":false,"gegenvorschlag":true},"geometry":{"type":"Polygon","coordinates":[[[8.494814592293894,47.68652172616965],[8.494832518441221,47.68742097129698],[8.493500758752567,47.687433068153574],[8.49348285522219,47.6865338228229],[8.494814592293894,47.68652172616965]]]}},{"type":"Feature","properties":{"einwohner":15,"laut65":false,"initiative":true,"gegenvorschlag":true},"geometry":{"type":"Polygon","coordinates":[[[8.45896138070073,47.69223847269839],[8.458978699727504,47.69313772126795],[8.45764678807362,47.693149406880494],[8.457629491669376,47.69225015811444],[8.45896138070073,47.69223847269839]]]}},{"type":"Feature","properties":{"einwohner":10,"laut65":false,"initiative":true,"gegenvorschlag":false},"geometry":{"type":"Polygon","coordinates":[[[8.660916230308437,47.78472852814852],[8.660937016822585,47.78562770864911],[8.659602823483842,47.78564171032482],[8.659582059667883,47.78474252958831],[8.660916230308437,47.78472852814852]]]}},{"type":"Feature","properties":{"einwohner":4,"laut65":false,"initiative":true,"gegenvorschlag":false},"geometry":{"type":"Polygon","coordinates":[[[8.500375798456785,47.69816333735276],[8.500393823075152,47.69906257740647],[8.499061771751768,47.69907473801995],[8.499043769760256,47.698175497761774],[8.500375798456785,47.69816333735276]]]}},{"type":"Feature","properties":{"einwohner":12,"laut65":false,"initiative":true,"gegenvorschlag":true},"geometry":{"type":"Polygon","coordinates":[[[8.458892110509984,47.68864147515184],[8.458909427170287,47.689540725028316],[8.457577606001903,47.68955240985492],[8.457560311961046,47.688653159782],[8.458892110509984,47.68864147515184]]]}},{"type":"Feature","properties":{"einwohner":42,"laut65":true,"initiative":true,"gegenvorschlag":true},"geometry":{"type":"Polygon","coordinates":[[[8.860364788382178,47.658337562311566],[8.860388910428156,47.659236750544295],[8.85905795830618,47.65925303999262],[8.859033858844793,47.658353851486154],[8.860364788382178,47.658337562311566]]]}},{"type":"Feature","properties":{"einwohner":3,"laut65":false,"initiative":true,"gegenvorschlag":true},"geometry":{"type":"Polygon","coordinates":[[[8.504154819072543,47.6873358656089],[8.504172904155274,47.688235108979086],[8.50284112615187,47.68824731296375],[8.502823063686606,47.687348069388364],[8.504154819072543,47.6873358656089]]]}},{"type":"Feature","properties":{"einwohner":4,"laut65":false,"initiative":true,"gegenvorschlag":true},"geometry":{"type":"Polygon","coordinates":[[[8.859106159696811,47.661051416038106],[8.859130261626156,47.661950603576614],[8.857799240923026,47.661966878582],[8.857775161580637,47.66106769076997],[8.859106159696811,47.661051416038106]]]}},{"type":"Feature","properties":{"einwohner":33,"laut65":false,"initiative":true,"gegenvorschlag":false},"geometry":{"type":"Polygon","coordinates":[[[8.50287725293351,47.69004579913507],[8.50289531724996,47.690945041730586],[8.501563470772373,47.690957231055165],[8.501545429075746,47.69005798825474],[8.50287725293351,47.69004579913507]]]}},{"type":"Feature","properties":{"einwohner":47,"laut65":false,"initiative":true,"gegenvorschlag":false},"geometry":{"type":"Polygon","coordinates":[[[8.484053217780982,47.74867730906859],[8.484070982230449,47.749576533000045],[8.482737654605641,47.74958850627433],[8.482719912826855,47.74868928214132],[8.484053217780982,47.74867730906859]]]}},{"type":"Feature","properties":{"einwohner":52,"laut65":true,"initiative":true,"gegenvorschlag":false},"geometry":{"type":"Polygon","coordinates":[[[8.708060781284274,47.747347940251004],[8.708082354605194,47.7482471263243],[8.706749117313041,47.74826166879994],[8.70672756665697,47.74736248248181],[8.708060781284274,47.747347940251004]]]}},{"type":"Feature","properties":{"einwohner":9,"laut65":false,"initiative":true,"gegenvorschlag":false},"geometry":{"type":"Polygon","coordinates":[[[8.533738637676874,47.76530860591933],[8.533757253016864,47.766207815685],[8.5324235175344,47.7662203587884],[8.532404924878486,47.76532114881153],[8.533738637676874,47.76530860591933]]]}},{"type":"Feature","properties":{"einwohner":17,"laut65":false,"initiative":true,"gegenvorschlag":false},"geometry":{"type":"Polygon","coordinates":[[[8.663939376305894,47.74242458931199],[8.663960197389887,47.74332378537866],[8.66262707215915,47.74333782184514],[8.66260627373675,47.74243862554221],[8.663939376305894,47.74242458931199]]]}},{"type":"Feature","properties":{"einwohner":53,"laut65":false,"initiative":true,"gegenvorschlag":false},"geometry":{"type":"Polygon","coordinates":[[[8.6233018374752,47.7140643493112],[8.623321956664373,47.71496356314851],[8.621989535250252,47.714977133617495],[8.621969438699123,47.71407791955189],[8.6233018374752,47.7140643493112]]]}},{"type":"Feature","properties":{"einwohner":45,"laut65":true,"initiative":true,"gegenvorschlag":true},"geometry":{"type":"Polygon","coordinates":[[[8.860268308431047,47.65474080616072],[8.860292427184008,47.65563999568099],[8.858961565395779,47.655656284034386],[8.85893746922433,47.654757094240395],[8.860268308431047,47.65474080616072]]]}},{"type":"Feature","properties":{"einwohner":19,"laut65":true,"initiative":true,"gegenvorschlag":true},"geometry":{"type":"Polygon","coordinates":[[[8.859009760205963,47.657454662657464],[8.859033858844793,47.658353851486154],[8.857702928484848,47.658370125397525],[8.857678852429888,47.65747093629534],[8.859009760205963,47.657454662657464]]]}},{"type":"Feature","properties":{"einwohner":5,"laut65":false,"initiative":true,"gegenvorschlag":true},"geometry":{"type":"Polygon","coordinates":[[[8.856468219397916,47.66198313832312],[8.856492276974516,47.66288232608538],[8.855161232040382,47.66289857083521],[8.8551371970516,47.66199938279994],[8.856468219397916,47.66198313832312]]]}},{"type":"Feature","properties":{"einwohner":4,"laut65":false,"initiative":false,"gegenvorschlag":true},"geometry":{"type":"Polygon","coordinates":[[[8.43714264308602,47.66544590465964],[8.437159582783677,47.666345166055045],[8.43582834012407,47.66635660147113],[8.43581142302633,47.66545733988351],[8.43714264308602,47.66544590465964]]]}},{"type":"Feature","properties":{"einwohner":20,"laut65":false,"initiative":true,"gegenvorschlag":false},"geometry":{"type":"Polygon","coordinates":[[[8.673564855628696,47.75491459814918],[8.673585845395008,47.75581378775693],[8.67225240782727,47.75582793458241],[8.672231440733105,47.75492874473645],[8.673564855628696,47.75491459814918]]]}},{"type":"Feature","properties":{"einwohner":17,"laut65":false,"initiative":true,"gegenvorschlag":true},"geometry":{"type":"Polygon","coordinates":[[[8.60965965878215,47.76007238431499],[8.609679563644475,47.760971583343036],[8.608345979126316,47.760984997222664],[8.608326096941987,47.76008579796877],[8.60965965878215,47.76007238431499]]]}},{"type":"Feature","properties":{"einwohner":51,"laut65":false,"initiative":true,"gegenvorschlag":false},"geometry":{"type":"Polygon","coordinates":[[[8.663856099092365,47.73882780163772],[8.663876917327467,47.739726999066995],[8.662543882738447,47.73974103458844],[8.662523087161844,47.73884183692294],[8.663856099092365,47.73882780163772]]]}},{"type":"Feature","properties":{"einwohner":56,"laut65":false,"initiative":true,"gegenvorschlag":true},"geometry":{"type":"Polygon","coordinates":[[[8.469126714024387,47.666965391743496],[8.469144197303523,47.66786464780779],[8.46781292353616,47.66787645007629],[8.46779546285766,47.666977193813615],[8.469126714024387,47.666965391743496]]]}},{"type":"Feature","properties":{"einwohner":18,"laut65":false,"initiative":true,"gegenvorschlag":false},"geometry":{"type":"Polygon","coordinates":[[[8.831580447799467,47.67757540847237],[8.831604089918207,47.67847459585511],[8.830272645400404,47.67849055513505],[8.830249025883495,47.677591367484006],[8.831580447799467,47.67757540847237]]]}},{"type":"Feature","properties":{"einwohner":27,"laut65":false,"initiative":true,"gegenvorschlag":true},"geometry":{"type":"Polygon","coordinates":[[[8.481333453578916,47.74600356487335],[8.481351170868301,47.746902790230145],[8.480017910040042,47.74691473231609],[8.48000021541908,47.74601550675826],[8.481333453578916,47.74600356487335]]]}},{"type":"Feature","properties":{"einwohner":16,"laut65":true,"initiative":true,"gegenvorschlag":true},"geometry":{"type":"Polygon","coordinates":[[[8.646096053740854,47.72012577958432],[8.646116562677966,47.7210249871583],[8.644783994578328,47.72103881904107],[8.64476350828398,47.72013961123438],[8.646096053740854,47.72012577958432]]]}},{"type":"Feature","properties":{"einwohner":60,"laut65":true,"initiative":true,"gegenvorschlag":false},"geometry":{"type":"Polygon","coordinates":[[[8.670918969541958,47.75584206611501],[8.670939914680716,47.75674125585457],[8.669606453005605,47.75675537233196],[8.66958553053986,47.75585618235472],[8.670918969541958,47.75584206611501]]]}},{"type":"Feature","properties":{"einwohner":3,"laut65":false,"initiative":true,"gegenvorschlag":false},"geometry":{"type":"Polygon","coordinates":[[[8.475155128311709,47.702887988796235],[8.475172726020258,47.703787231044885],[8.473840549992152,47.703799102371626],[8.473822974914999,47.70289985992334],[8.475155128311709,47.702887988796235]]]}},{"type":"Feature","properties":{"einwohner":23,"laut65":false,"initiative":true,"gegenvorschlag":false},"geometry":{"type":"Polygon","coordinates":[[[8.572446876727279,47.579656314629794],[8.572466082367349,47.58055558407163],[8.571137024005548,47.58056857162115],[8.571117840889384,47.579669301961374],[8.572446876727279,47.579656314629794]]]}},{"type":"Feature","properties":{"einwohner":35,"laut65":false,"initiative":true,"gegenvorschlag":true},"geometry":{"type":"Polygon","coordinates":[[[8.460379983311913,47.696723010594766],[8.460397327923923,47.697622257328874],[8.459065303737647,47.69763395920191],[8.459047981752004,47.69673471227104],[8.460379983311913,47.696723010594766]]]}},{"type":"Feature","properties":{"einwohner":25,"laut65":false,"initiative":true,"gegenvorschlag":true},"geometry":{"type":"Polygon","coordinates":[[[8.81104627680311,47.70750207093229],[8.811069583548889,47.7084012516788],[8.809737379899238,47.708416975371854],[8.809714095781514,47.707517794360896],[8.81104627680311,47.70750207093229]]]}},{"type":"Feature","properties":{"einwohner":20,"laut65":false,"initiative":true,"gegenvorschlag":false},"geometry":{"type":"Polygon","coordinates":[[[8.489404286643396,47.749528486977056],[8.489422142386179,47.75042770975841],[8.48808879452612,47.75043974440561],[8.488070961454651,47.74954052142168],[8.489404286643396,47.749528486977056]]]}},{"type":"Feature","properties":{"einwohner":84,"laut65":false,"initiative":true,"gegenvorschlag":false},"geometry":{"type":"Polygon","coordinates":[[[8.65985706116753,47.73886986162911],[8.65987781142703,47.739769059766346],[8.658544774706177,47.73978304942274],[8.658524047105296,47.73888385105007],[8.65985706116753,47.73886986162911]]]}},{"type":"Feature","properties":{"einwohner":4,"laut65":false,"initiative":true,"gegenvorschlag":true},"geometry":{"type":"Polygon","coordinates":[[[8.657364431838865,47.68852820587522],[8.657385119798432,47.68942742295241],[8.656053350061452,47.68944138416127],[8.65603268471722,47.68854216684934],[8.657364431838865,47.68852820587522]]]}},{"type":"Feature","properties":{"einwohner":78,"laut65":true,"initiative":true,"gegenvorschlag":true},"geometry":{"type":"Polygon","coordinates":[[[8.613296772820062,47.683585498396816],[8.613316710365204,47.68448472504676],[8.611985053427428,47.68449818084768],[8.61196513849433,47.683598953971504],[8.613296772820062,47.683585498396816]]]}},{"type":"Feature","properties":{"einwohner":14,"laut65":false,"initiative":false,"gegenvorschlag":true},"geometry":{"type":"Polygon","coordinates":[[[8.433081499343377,47.66188311343888],[8.433098368937475,47.66278237669004],[8.431767214942965,47.662793765532975],[8.431750367945796,47.66189450209045],[8.433081499343377,47.66188311343888]]]}},{"type":"Feature","properties":{"einwohner":58,"laut65":false,"initiative":true,"gegenvorschlag":true},"geometry":{"type":"Polygon","coordinates":[[[8.643369575369737,47.717455801472795],[8.64339003692249,47.7183550105174],[8.642057535348947,47.718368811137246],[8.642037096436725,47.71746960186051],[8.643369575369737,47.717455801472795]]]}},{"type":"Feature","properties":{"einwohner":68,"laut65":false,"initiative":true,"gegenvorschlag":true},"geometry":{"type":"Polygon","coordinates":[[[8.65536185419583,47.71733091028948],[8.655382519511491,47.71823011723285],[8.654050024261808,47.71824405539367],[8.654029381586307,47.717344848215824],[8.65536185419583,47.71733091028948]]]}},{"type":"Feature","properties":{"einwohner":63,"laut65":false,"initiative":true,"gegenvorschlag":false},"geometry":{"type":"Polygon","coordinates":[[[8.66352310415061,47.72444059666474],[8.663543910996808,47.72533979950927],[8.662211238850714,47.72535383125194],[8.662190454650622,47.72445462817132],[8.66352310415061,47.72444059666474]]]}},{"type":"Feature","properties":{"einwohner":202,"laut65":false,"initiative":true,"gegenvorschlag":true},"geometry":{"type":"Polygon","coordinates":[[[8.643287736153454,47.713858961949796],[8.643308194908398,47.71475817233179],[8.641975783892327,47.71477197202299],[8.64195534777482,47.71387276140883],[8.643287736153454,47.713858961949796]]]}}]}