{"type":"FeatureCollection","features":[{"type":"Feature","properties":{"nr":"73","achse":"Hallau - Neunkirch","strasse":"Klettgauerplatz","gemeinde":"Neunkirch","fkt":"VO","fkt_text":"verkehrsorientiert","tempo":50,"dtv":4371,"laerm_tag_db":76.3,"bus":true,"linien":["21","N77"],"haltestellen":[],"bus_anteil":1.0,"bus_text":"ja","laenge_m":62,"abschnitt":"Klettgauerplatz","abschnitt_km":0.063,"unfaelle":2,"unf_fuss":1,"unf_velo":0,"fassaden_igw":0,"initiative":true,"gegenvorschlag":true,"vorlage":"initiative"},"geometry":{"type":"LineString","coordinates":[[8.496953137953932,47.69015868589605],[8.496969005914725,47.690145499982144],[8.49698515289759,47.690120943017135],[8.496991743046628,47.69009342409561],[8.496984133894465,47.690033925649715],[8.496931574483224,47.689736043911054],[8.496904418248192,47.68961489819626]]}},{"type":"Feature","properties":{"nr":"H329","achse":"Schaffhausen - Ramsen","strasse":"Sonnenstrasse","gemeinde":"Ramsen","fkt":"VO","fkt_text":"verkehrsorientiert","tempo":50,"dtv":2542,"laerm_tag_db":73.9,"bus":true,"linien":["25","33"],"haltestellen":[],"bus_anteil":1.0,"bus_text":"ja","laenge_m":547,"abschnitt":"Sonnenstrasse","abschnitt_km":0.733,"unfaelle":3,"unf_fuss":1,"unf_velo":2,"fassaden_igw":0,"initiative":true,"gegenvorschlag":true,"vorlage":"initiative"},"geometry":{"type":"LineString","coordinates":[[8.821064294241726,47.708915621302],[8.821032896850033,47.70891457360965],[8.820973862080022,47.708911534021645],[8.820898095485012,47.70890719130278],[8.820824567020148,47.70890282191795],[8.820391102123843,47.70887723258785],[8.819140857590087,47.70880509409343],[8.818829898503115,47.70878702035942],[8.817941806160006,47.70873461927339],[8.817223616175484,47.70869263574466],[8.81699611116058,47.70867829834439],[8.81658232477328,47.70865187681742],[8.816214515053574,47.70863061143557],[8.816035027590706,47.70861842836231],[8.815898891364762,47.70860423820841],[8.815733657140214,47.708583628756614],[8.815477785597848,47.708543819082934],[8.815223729877141,47.70848823785753],[8.814950282934676,47.70841411405388],[8.814575479469301,47.70829387817458],[8.81407803463827,47.70812118813213],[8.813953732732173,47.70807720058288]]}},{"type":"Feature","properties":{"nr":"747","achse":"Büsingen - Randegg","strasse":"Randeggerstrasse","gemeinde":"Dörflingen","fkt":"SO","fkt_text":"siedlungsorientiert","tempo":50,"dtv":1229,"laerm_tag_db":69.6,"bus":true,"linien":["25"],"haltestellen":[],"bus_anteil":1.0,"bus_text":"ja","laenge_m":160,"abschnitt":"Randeggerstrasse","abschnitt_km":0.28,"unfaelle":0,"unf_fuss":0,"unf_velo":0,"fassaden_igw":0,"initiative":true,"gegenvorschlag":false,"vorlage":"initiative"},"geometry":{"type":"LineString","coordinates":[[8.722990498867306,47.712394893202436],[8.723031834740842,47.71239362697235],[8.723131342515774,47.7123989583892],[8.72321936762738,47.71241878063489],[8.723363349141284,47.71250712413249],[8.7234940561099,47.71257454036534],[8.723600917225827,47.71262146104101],[8.723691529261433,47.71265779499105],[8.72388996750805,47.71273027234761],[8.724128031909437,47.71281391389668],[8.724219742669977,47.712844424922594],[8.724234612636126,47.71284924334788],[8.724505118175477,47.712953275357755],[8.724712366972838,47.71303394667521],[8.724837196035494,47.71308694550383]]}},{"type":"Feature","properties":{"nr":"H13","achse":"Wagenhausen - Schaffhausen","strasse":"Eschenzerstrasse","gemeinde":"Stein am Rhein","fkt":"VO","fkt_text":"verkehrsorientiert","tempo":50,"dtv":6455,"laerm_tag_db":78.5,"bus":true,"linien":["33","825"],"haltestellen":[],"bus_anteil":1.0,"bus_text":"ja","laenge_m":292,"abschnitt":"Eschenzerstrasse","abschnitt_km":0.292,"unfaelle":4,"unf_fuss":0,"unf_velo":1,"fassaden_igw":44,"initiative":true,"gegenvorschlag":true,"vorlage":"initiative"},"geometry":{"type":"LineString","coordinates":[[8.85807008976236,47.65586463199486],[8.858237577429119,47.65582870968174],[8.858294297776443,47.65580461157263],[8.858368771073751,47.65575690976135],[8.858532928470307,47.65561160546913],[8.858620585594686,47.655546679035226],[8.858731495651258,47.65546767002916],[8.858960177767333,47.65530394595668],[8.859312686959685,47.65504705778493],[8.859690429089746,47.654780064244164],[8.859957991952706,47.654591027412295],[8.860236707670229,47.65439102356507],[8.860636679549367,47.65409898274174],[8.860711865151893,47.654040782617045],[8.860771489862929,47.65399901775569]]}},{"type":"Feature","properties":{"nr":"H332","achse":"Rielasingen - Rheinbrücke","strasse":"Petersburg","gemeinde":"Ramsen","fkt":"VO","fkt_text":"verkehrsorientiert","tempo":50,"dtv":5708,"laerm_tag_db":77.8,"bus":true,"linien":["25","33"],"haltestellen":["Ramsen, Petersburg"],"bus_anteil":0.35,"bus_text":"teilweise","laenge_m":181,"abschnitt":"Petersburg","abschnitt_km":0.624,"unfaelle":8,"unf_fuss":0,"unf_velo":2,"fassaden_igw":2,"initiative":true,"gegenvorschlag":true,"vorlage":"initiative"},"geometry":{"type":"LineString","coordinates":[[8.821064294241726,47.708915621302],[8.821041628826723,47.708754941944505],[8.821006998262956,47.70842486609867],[8.820978360682442,47.70814158967348],[8.820946655984157,47.707967453940554],[8.820916930095368,47.70782776188397],[8.820875306036816,47.70768966844249],[8.820819389975206,47.70752425751338],[8.820758277930809,47.707368064825545],[8.82073597896518,47.707309705727965]]}},{"type":"Feature","properties":{"nr":"725","achse":"Bargen Schaffhausen","strasse":"Schulstrasse","gemeinde":"Bargen (SH)","fkt":"VO","fkt_text":"verkehrsorientiert","tempo":50,"dtv":700,"laerm_tag_db":64.7,"bus":true,"linien":["23"],"haltestellen":["Bargen SH, Schinderwies"],"bus_anteil":1.0,"bus_text":"ja","laenge_m":245,"abschnitt":"Schulstrasse","abschnitt_km":0.53,"unfaelle":1,"unf_fuss":0,"unf_velo":1,"fassaden_igw":0,"initiative":true,"gegenvorschlag":true,"vorlage":"initiative"},"geometry":{"type":"LineString","coordinates":[[8.614049217218975,47.79145001875759],[8.614058543945688,47.79158017399369],[8.614068463846996,47.79172019851502],[8.614089845985474,47.79203419285079],[8.614088636491523,47.792081243054035],[8.614080791416168,47.79211918649271],[8.61406937965768,47.792153388510016],[8.61404752760446,47.79218624791452],[8.614025462867856,47.792207741198105],[8.61400321584805,47.79222163648947],[8.61396863621745,47.79223792273361],[8.613910415727858,47.792255239076184],[8.613839812017009,47.792272671392034],[8.613765835939175,47.79229090218266],[8.61369421582929,47.79231365105605],[8.613626062217724,47.79233864035126],[8.613516934047146,47.79239365993476],[8.613394493844641,47.79245866202886],[8.613301022913033,47.79250896352205],[8.613034423928365,47.79262325802823],[8.612908340615824,47.79267691908853],[8.61279899172387,47.792722064927474],[8.612677010572716,47.79275672527189],[8.612521433963582,47.79279854157631],[8.61233959358051,47.79282546775975],[8.612219458981281,47.7928411229351],[8.612154247073438,47.79284657398476]]}},{"type":"Feature","properties":{"nr":"H4","achse":"Bargen Schaffhausen","strasse":"Schweizersbildstrasse","gemeinde":"Schaffhausen","fkt":"VO","fkt_text":"verkehrsorientiert","tempo":50,"dtv":6765,"laerm_tag_db":78.7,"bus":true,"linien":["3","6","10","N2"],"haltestellen":["Schaffhausen, Dachsenbüel","Schaffhausen, Gräfler","Schaffhausen, Schweizersbild"],"bus_anteil":1.0,"bus_text":"ja","laenge_m":658,"abschnitt":"Schweizersbildstrasse","abschnitt_km":1.775,"unfaelle":20,"unf_fuss":2,"unf_velo":7,"fassaden_igw":34,"initiative":true,"gegenvorschlag":true,"vorlage":"initiative"},"geometry":{"type":"LineString","coordinates":[[8.650462695717778,47.718764457247104],[8.650436371387649,47.71877955410946],[8.650399465818069,47.71878947265225],[8.650342657669325,47.71879749397071],[8.650274899145499,47.71880808480673],[8.650027775909972,47.718839387559576],[8.649768089554088,47.71888783772106],[8.649468928960028,47.71897379057577],[8.648881807828001,47.719125016567986],[8.648641979532286,47.7191950954166],[8.647907523395158,47.719441524474895],[8.647361918120652,47.71965319264889],[8.647147399709104,47.71975261415413],[8.646771900943437,47.71992340431556],[8.646531312479356,47.720032881251164],[8.646218364949283,47.72021436137567],[8.645915732489573,47.72039295430073],[8.645677924983936,47.72053805355988],[8.645455001710609,47.7206742644409],[8.645237118339674,47.72082872577415],[8.645085762015357,47.72094125794261],[8.644977875002306,47.721026500182525],[8.644742593100226,47.721210731980314],[8.64444843064645,47.72146437957367],[8.644220009461447,47.7216462725497],[8.64408302760434,47.72176042613328],[8.643929684282057,47.72188601888705],[8.643794700001065,47.721984339601285],[8.643745598083113,47.72201313530083],[8.643631895313385,47.72207846937426],[8.643490117427076,47.72214656767503]]}},{"type":"Feature","properties":{"nr":"76","achse":"Zentrum Schaffhausen - Schweizersbild","strasse":"Hochstrasse","gemeinde":"Schaffhausen","fkt":"VO","fkt_text":"verkehrsorientiert","tempo":50,"dtv":8671,"laerm_tag_db":79.1,"bus":true,"linien":["3","6","7","21","23","24","N2","N77"],"haltestellen":["Schaffhausen, Durach","Schaffhausen, Seidenhof"],"bus_anteil":1.0,"bus_text":"ja","laenge_m":253,"abschnitt":"Hochstrasse","abschnitt_km":1.821,"unfaelle":70,"unf_fuss":11,"unf_velo":21,"fassaden_igw":174,"initiative":true,"gegenvorschlag":true,"vorlage":"initiative"},"geometry":{"type":"LineString","coordinates":[[8.633618876031143,47.699974537623206],[8.633678289863278,47.70004972133045],[8.633782991508037,47.70013557418976],[8.63402561624001,47.70030630833122],[8.634382429240421,47.700506690511055],[8.634421997992296,47.700529596515466],[8.634470472012469,47.70056924812982],[8.634531300172618,47.700628506005664],[8.634583634763745,47.70069514559512],[8.634647285113228,47.70078201372468],[8.63470712385832,47.700890066545746],[8.634748416652911,47.70099401094894],[8.634781915268302,47.70113748436491],[8.634814601618794,47.70129041009436],[8.63487952494024,47.701713785071206],[8.634916603904863,47.701960871354466]]}},{"type":"Feature","properties":{"nr":"76","achse":"Zentrum Schaffhausen - Schweizersbild","strasse":"Hochstrasse","gemeinde":"Schaffhausen","fkt":"VO","fkt_text":"verkehrsorientiert","tempo":50,"dtv":7066,"laerm_tag_db":78.7,"bus":true,"linien":["3","6","24","N2"],"haltestellen":["Schaffhausen, Finsterwaldstr."],"bus_anteil":1.0,"bus_text":"ja","laenge_m":155,"abschnitt":"Hochstrasse","abschnitt_km":1.821,"unfaelle":70,"unf_fuss":11,"unf_velo":21,"fassaden_igw":174,"initiative":true,"gegenvorschlag":true,"vorlage":"initiative"},"geometry":{"type":"LineString","coordinates":[[8.638088351911872,47.708076092337194],[8.638160674830951,47.708180443677804],[8.63825844338013,47.70829332872778],[8.638383742797227,47.708428550043266],[8.638508914005156,47.70855867281394],[8.638610818548372,47.708663483017524],[8.638801017731247,47.70884698950374],[8.638938306520206,47.70898721314163],[8.639054664907233,47.709112317598546],[8.639132290794143,47.70919768069407],[8.639185563093044,47.70926037795862]]}},{"type":"Feature","properties":{"nr":"H329","achse":"Schaffhausen - Ramsen","strasse":"Namenlos","gemeinde":"Ramsen","fkt":"VO","fkt_text":"verkehrsorientiert","tempo":50,"dtv":2530,"laerm_tag_db":73.7,"bus":true,"linien":["25"],"haltestellen":["Ramsen, Brücke"],"bus_anteil":0.14,"bus_text":"teilweise","laenge_m":20,"abschnitt":"","abschnitt_km":null,"unfaelle":null,"unf_fuss":null,"unf_velo":null,"fassaden_igw":null,"initiative":true,"gegenvorschlag":true,"vorlage":"initiative"},"geometry":{"type":"LineString","coordinates":[[8.808045464081665,47.70736200148513],[8.807966498670542,47.70734307190504],[8.807823037986385,47.70730359399301],[8.80779766849944,47.70729476374097]]}},{"type":"Feature","properties":{"nr":"H15","achse":"Herblingen - Thayngen","strasse":"Herblingerstrasse","gemeinde":"Schaffhausen","fkt":"VO","fkt_text":"verkehrsorientiert","tempo":50,"dtv":4241,"laerm_tag_db":75.7,"bus":true,"linien":["5","24","N76"],"haltestellen":["Schaffhausen, Post Herblingen"],"bus_anteil":1.0,"bus_text":"ja","laenge_m":25,"abschnitt":"Herblingerstrasse","abschnitt_km":0.025,"unfaelle":2,"unf_fuss":0,"unf_velo":1,"fassaden_igw":2,"initiative":true,"gegenvorschlag":true,"vorlage":"initiative"},"geometry":{"type":"LineString","coordinates":[[8.662442375053933,47.72214604662019],[8.662368092571532,47.72210687612508],[8.66225859902524,47.72205290289846],[8.662175969545157,47.72200551845535]]}},{"type":"Feature","properties":{"nr":"713","achse":"Löhningen - Guntmadingen","strasse":"Dorfstrasse","gemeinde":"Beringen","fkt":"SO","fkt_text":"siedlungsorientiert","tempo":30,"dtv":539,"laerm_tag_db":58.8,"bus":true,"linien":["28"],"haltestellen":[],"bus_anteil":1.0,"bus_text":"ja","laenge_m":82,"abschnitt":"Dorfstrasse","abschnitt_km":0.1,"unfaelle":0,"unf_fuss":0,"unf_velo":0,"fassaden_igw":0,"initiative":true,"gegenvorschlag":false,"vorlage":"initiative"},"geometry":{"type":"LineString","coordinates":[[8.557257291232744,47.68758926130508],[8.557299867496456,47.68723496652638],[8.557345614340209,47.68696209243688],[8.557358310974825,47.68685182747916]]}},{"type":"Feature","properties":{"nr":"73","achse":"Hallau - Neunkirch","strasse":"Grabenstrasse","gemeinde":"Neunkirch","fkt":"VO","fkt_text":"verkehrsorientiert","tempo":50,"dtv":4892,"laerm_tag_db":77.1,"bus":true,"linien":["21","N77"],"haltestellen":["Neunkirch, Schweizerbund"],"bus_anteil":1.0,"bus_text":"ja","laenge_m":269,"abschnitt":"Grabenstrasse","abschnitt_km":0.275,"unfaelle":8,"unf_fuss":2,"unf_velo":4,"fassaden_igw":3,"initiative":true,"gegenvorschlag":true,"vorlage":"initiative"},"geometry":{"type":"LineString","coordinates":[[8.496904418248192,47.68961489819626],[8.497015855398212,47.689571422307246],[8.49713102322973,47.68953333575504],[8.497238491645085,47.689504583121845],[8.497348571505643,47.68948319972646],[8.497644644855734,47.68943844569877],[8.49781756232246,47.68941997890245],[8.49795292719066,47.68941007475533],[8.49809033136274,47.689406897415616],[8.498147684065012,47.68940729192316],[8.498343041373525,47.68941454967308],[8.498536717745298,47.68942567189116],[8.498763833384556,47.68944235287691],[8.49915166570146,47.68947056328159],[8.499399511187685,47.689488708756315],[8.499691701845963,47.68950822964184],[8.500075653302922,47.68952086767508],[8.500259063130084,47.68952747583101],[8.500360604692712,47.68953207951515],[8.500423561661998,47.68953494003971]]}},{"type":"Feature","properties":{"nr":"H14","achse":"Schaffhausen - Stühlingen","strasse":"Hauptstrasse","gemeinde":"Siblingen","fkt":"VO","fkt_text":"verkehrsorientiert","tempo":50,"dtv":4242,"laerm_tag_db":77.1,"bus":true,"linien":["21"],"haltestellen":[],"bus_anteil":1.0,"bus_text":"ja","laenge_m":243,"abschnitt":"Hauptstrasse","abschnitt_km":1.049,"unfaelle":5,"unf_fuss":0,"unf_velo":1,"fassaden_igw":23,"initiative":true,"gegenvorschlag":true,"vorlage":"initiative"},"geometry":{"type":"LineString","coordinates":[[8.525457010645706,47.71158352901644],[8.5254424636023,47.71158832392186],[8.52479969255368,47.71179832482197],[8.524274733592518,47.71196865556818],[8.524179751086338,47.71200735343225],[8.52412617848118,47.712030707497874],[8.524032166879044,47.7120764744782],[8.523952556008085,47.712129158265434],[8.523900379901226,47.712177097870125],[8.52386525865808,47.712222953524375],[8.523839584929263,47.712265519102786],[8.523813109401262,47.71231578205732],[8.523798828148697,47.712362828240046],[8.523785774166415,47.71241383832706],[8.523782011834921,47.71244809574042],[8.523772331144853,47.71255642028962],[8.523770589514172,47.71264441617052],[8.52375770955806,47.71289642324238],[8.523748178285631,47.71313105854001]]}},{"type":"Feature","properties":{"nr":"H4","achse":"Bargen Schaffhausen","strasse":"Bachstrasse","gemeinde":"Schaffhausen","fkt":"VO","fkt_text":"verkehrsorientiert","tempo":50,"dtv":10754,"laerm_tag_db":78.3,"bus":true,"linien":["1","4","5","N3","N76"],"haltestellen":["Schaffhausen, Feuerwehrzentrum"],"bus_anteil":1.0,"bus_text":"ja","laenge_m":112,"abschnitt":"Bachstrasse","abschnitt_km":0.912,"unfaelle":75,"unf_fuss":5,"unf_velo":24,"fassaden_igw":146,"initiative":true,"gegenvorschlag":true,"vorlage":"initiative"},"geometry":{"type":"LineString","coordinates":[[8.635950282304558,47.70013512261696],[8.636023948464889,47.70022235454431],[8.636106109625414,47.7003016738879],[8.636160037218007,47.700348535984546],[8.636211193605613,47.70040129087101],[8.636261128846757,47.700463673184856],[8.636329618853146,47.700554106247395],[8.636383463366018,47.700659134987866],[8.636452393763706,47.700860921386756],[8.636507188484007,47.701051529654265]]}},{"type":"Feature","properties":{"nr":"735","achse":"Büllenhardt","strasse":"Wilerstrasse","gemeinde":"Büttenhardt","fkt":"SO","fkt_text":"siedlungsorientiert","tempo":50,"dtv":758,"laerm_tag_db":66.3,"bus":true,"linien":["24"],"haltestellen":[],"bus_anteil":1.0,"bus_text":"ja","laenge_m":173,"abschnitt":"Wilerstrasse","abschnitt_km":0.073,"unfaelle":0,"unf_fuss":0,"unf_velo":0,"fassaden_igw":0,"initiative":true,"gegenvorschlag":false,"vorlage":"initiative"},"geometry":{"type":"LineString","coordinates":[[8.655057728776603,47.755422923280584],[8.654628516544053,47.75548629451447],[8.654158935972886,47.75554816118982],[8.653907353808721,47.7555785361987],[8.65371950897335,47.755602407831404],[8.653628920646643,47.75561868883489],[8.653555666959198,47.7556347887472],[8.65347613721851,47.75566044291017],[8.653375455083037,47.7557082184778],[8.653236181908797,47.755773197805006],[8.65310984237847,47.75583511887013],[8.653016616306928,47.75587770764292],[8.652977028983988,47.75589857340181],[8.652953649146596,47.75591779495216],[8.652935817235718,47.75594280474744]]}},{"type":"Feature","properties":{"nr":"707","achse":"Hallau - Oberhallau","strasse":"Oberhallauerstrasse","gemeinde":"Hallau","fkt":"SO","fkt_text":"siedlungsorientiert","tempo":50,"dtv":1062,"laerm_tag_db":68.3,"bus":true,"linien":["27","N77"],"haltestellen":["Hallau, Atlingen"],"bus_anteil":1.0,"bus_text":"ja","laenge_m":286,"abschnitt":"Oberhallauerstrasse","abschnitt_km":0.295,"unfaelle":1,"unf_fuss":0,"unf_velo":0,"fassaden_igw":0,"initiative":true,"gegenvorschlag":false,"vorlage":"initiative"},"geometry":{"type":"LineString","coordinates":[[8.464399781496509,47.697688357041635],[8.464480741096896,47.69769310188241],[8.464565354780264,47.69768978277479],[8.464626996566771,47.69768007378542],[8.464768555455743,47.697673562644624],[8.464926697834459,47.697666895909826],[8.465008602509515,47.69765922032191],[8.4650891771129,47.697643407860554],[8.465191516933702,47.697622591324475],[8.465295089954873,47.6975911688752],[8.465373977838569,47.69756188910984],[8.465544262482855,47.697487488394934],[8.465736232232109,47.69740260666436],[8.465860792893524,47.69734948458913],[8.465910530843567,47.697338764859595],[8.465970856827438,47.697334058449144],[8.466029446145164,47.69733803757408],[8.466091079825183,47.697351298547694],[8.46617543763403,47.69738427131253],[8.466257240217443,47.69741875061801],[8.46633876629479,47.697459573081105],[8.466515404326774,47.697543786897235],[8.466710281296443,47.697636230524125],[8.466868738390717,47.6977137421966],[8.467099454749054,47.69782267790279],[8.467328178919544,47.697941488209395],[8.467521711789527,47.69805032045404],[8.467678026111658,47.698148392293]]}},{"type":"Feature","properties":{"nr":"73","achse":"Hallau - Neunkirch","strasse":"Hauptstrasse","gemeinde":"Hallau","fkt":"VO","fkt_text":"verkehrsorientiert","tempo":50,"dtv":3569,"laerm_tag_db":75.8,"bus":true,"linien":["27","N77"],"haltestellen":[],"bus_anteil":1.0,"bus_text":"ja","laenge_m":304,"abschnitt":"Hauptstrasse","abschnitt_km":0.632,"unfaelle":3,"unf_fuss":1,"unf_velo":1,"fassaden_igw":13,"initiative":true,"gegenvorschlag":true,"vorlage":"initiative"},"geometry":{"type":"LineString","coordinates":[[8.460836177549497,47.69813211740575],[8.46089273091511,47.698153457441606],[8.460962467470127,47.69816825978922],[8.461033096960687,47.69817617383897],[8.461123175652869,47.69818192008876],[8.461209575177564,47.698179963805885],[8.461308218695274,47.69817251233045],[8.461397952599885,47.698160399336906],[8.461462065342705,47.698146128331395],[8.461526997859336,47.698129466668306],[8.461605902083862,47.69810433557986],[8.461656649528003,47.69808303187148],[8.461668037596164,47.698078749432774],[8.461710836460275,47.69805632845357],[8.461770125897653,47.6980206580557],[8.461832818692406,47.697978410040776],[8.461879679603122,47.69793868477491],[8.461911743288594,47.69790745417332],[8.461930757924671,47.697887625905594],[8.461964290112986,47.69784621015487],[8.462011753716789,47.69779631631431],[8.46205669517603,47.697752416671136],[8.462088933252351,47.69772608620688],[8.46212940130326,47.697703721565674],[8.462167222187485,47.69768915103068],[8.462216027630449,47.69767907068533],[8.462285765711565,47.69767052381963],[8.462364923522221,47.697666840642285],[8.462489495036326,47.69767404484216],[8.462578780145723,47.69768839520622],[8.462719735713613,47.69772164533192],[8.462888304317286,47.6977629174395],[8.463184323897853,47.69783349260814],[8.463390881311058,47.69788399873296],[8.46346980686425,47.6979041059668],[8.463500821464292,47.69791097373259],[8.46353446201014,47.69791722473168],[8.46357425619806,47.697923403469936],[8.463625505861017,47.69792948117487],[8.463690777506596,47.697932458185115],[8.463750682260171,47.69793072466968],[8.463814901787307,47.69792477085908],[8.463888791529829,47.69791458548279],[8.463966048289219,47.697896644515794],[8.46404408239606,47.69787275160832],[8.464140385991644,47.69783738301204],[8.464201352577911,47.69780861293844],[8.464260216675083,47.69777790968724],[8.464319529850556,47.69774494494946],[8.46436509828075,47.697715636117806],[8.464399781496509,47.697688357041635]]}},{"type":"Feature","properties":{"nr":"715","achse":"Neuhausen - Nohl","strasse":"Rheinfallstrasse","gemeinde":"Neuhausen am Rheinfall","fkt":"SO","fkt_text":"siedlungsorientiert","tempo":50,"dtv":3987,"laerm_tag_db":76.7,"bus":true,"linien":["1","7","N4"],"haltestellen":[],"bus_anteil":0.2,"bus_text":"teilweise","laenge_m":30,"abschnitt":"Rheinfallstrasse","abschnitt_km":0.679,"unfaelle":8,"unf_fuss":2,"unf_velo":1,"fassaden_igw":5,"initiative":true,"gegenvorschlag":false,"vorlage":"initiative"},"geometry":{"type":"LineString","coordinates":[[8.617098054645355,47.680899200486316],[8.616933076273005,47.68085906833208],[8.61684153547262,47.68084162136202],[8.616728303999187,47.680823216020954],[8.616721471771001,47.68082237599437]]}},{"type":"Feature","properties":{"nr":"H4","achse":"Bargen Schaffhausen","strasse":"Ebnatstrasse","gemeinde":"Schaffhausen","fkt":"VO","fkt_text":"verkehrsorientiert","tempo":50,"dtv":7386,"laerm_tag_db":79.5,"bus":true,"linien":["1","5","N3","N76"],"haltestellen":["Schaffhausen, Schönenberg"],"bus_anteil":1.0,"bus_text":"ja","laenge_m":47,"abschnitt":"Ebnatstrasse","abschnitt_km":2.434,"unfaelle":57,"unf_fuss":4,"unf_velo":9,"fassaden_igw":10,"initiative":true,"gegenvorschlag":true,"vorlage":"initiative"},"geometry":{"type":"LineString","coordinates":[[8.639724706022426,47.7067273007066],[8.639809144424392,47.706690136358766],[8.640044169669016,47.70662649249818],[8.64012204587009,47.70659318232316],[8.640188935390725,47.70654196119828],[8.640230021660624,47.7064928416106]]}},{"type":"Feature","properties":{"nr":"H332","achse":"Rielasingen - Rheinbrücke","strasse":"Moskau","gemeinde":"Ramsen","fkt":"VO","fkt_text":"verkehrsorientiert","tempo":20,"dtv":8374,"laerm_tag_db":73.7,"bus":true,"linien":["33"],"haltestellen":["Ramsen, Zoll"],"bus_anteil":1.0,"bus_text":"ja","laenge_m":93,"abschnitt":"Moskau","abschnitt_km":0.404,"unfaelle":7,"unf_fuss":0,"unf_velo":4,"fassaden_igw":14,"initiative":true,"gegenvorschlag":true,"vorlage":"initiative"},"geometry":{"type":"LineString","coordinates":[[8.822776810862262,47.71231310510284],[8.822636284577209,47.71203302364683],[8.822490190708695,47.711680602017346],[8.82240870905225,47.71159797659625],[8.822327940328087,47.71154211046819]]}},{"type":"Feature","properties":{"nr":"601","achse":"Steinenkreuz - Chlainert","strasse":"Buchbergerstrasse","gemeinde":"Rüdlingen","fkt":"SO","fkt_text":"siedlungsorientiert","tempo":50,"dtv":2183,"laerm_tag_db":73.5,"bus":true,"linien":["675"],"haltestellen":[],"bus_anteil":0.29,"bus_text":"teilweise","laenge_m":21,"abschnitt":"Buchbergerstrasse","abschnitt_km":0.199,"unfaelle":0,"unf_fuss":0,"unf_velo":0,"fassaden_igw":0,"initiative":true,"gegenvorschlag":false,"vorlage":"initiative"},"geometry":{"type":"LineString","coordinates":[[8.562891203763444,47.5811681634489],[8.562868168587896,47.58118020561473],[8.562772700313339,47.581209347030665],[8.56264437815667,47.58125142195506]]}},{"type":"Feature","properties":{"nr":"743","achse":"Thayngen - Barzheim","strasse":"Barzheimerstrasse","gemeinde":"Thayngen","fkt":"SO","fkt_text":"siedlungsorientiert","tempo":50,"dtv":3691,"laerm_tag_db":75.8,"bus":true,"linien":["24","N76"],"haltestellen":["Thayngen, Sägi"],"bus_anteil":1.0,"bus_text":"ja","laenge_m":147,"abschnitt":"Barzheimerstrasse","abschnitt_km":0.809,"unfaelle":3,"unf_fuss":1,"unf_velo":2,"fassaden_igw":4,"initiative":true,"gegenvorschlag":false,"vorlage":"initiative"},"geometry":{"type":"LineString","coordinates":[[8.7054947505132,47.74992328232846],[8.705546128214648,47.74995807898426],[8.705595331883519,47.74998618062715],[8.705617662328681,47.75001091431018],[8.705624997436313,47.75005603028343],[8.705647242784108,47.75013568348455],[8.70568338104946,47.750321550780065],[8.705717930372067,47.750494519688274],[8.705732893093346,47.75062813644168],[8.705757139700404,47.75076015002761],[8.705792493315009,47.75093048382031],[8.705835037268265,47.751202229799546]]}},{"type":"Feature","properties":{"nr":"H15","achse":"Herblingen - Thayngen","strasse":"Thayngerstrasse","gemeinde":"Schaffhausen","fkt":"VO","fkt_text":"verkehrsorientiert","tempo":50,"dtv":4241,"laerm_tag_db":75.9,"bus":true,"linien":["5","N76"],"haltestellen":["Schaffhausen, Berghaldenweg","Schaffhausen, Unterdorf"],"bus_anteil":1.0,"bus_text":"ja","laenge_m":359,"abschnitt":"Thayngerstrasse","abschnitt_km":0.874,"unfaelle":13,"unf_fuss":1,"unf_velo":1,"fassaden_igw":11,"initiative":true,"gegenvorschlag":true,"vorlage":"initiative"},"geometry":{"type":"LineString","coordinates":[[8.66395389910438,47.72673737226783],[8.66395462827362,47.72672337858058],[8.66395526415305,47.72670938587629],[8.663955833396844,47.726695393874124],[8.663956322469872,47.72668139372254],[8.663956718253278,47.72666739455392],[8.663957047401231,47.72665339608745],[8.66395728325971,47.726639398603965],[8.663958233911446,47.726611938242634],[8.663957092052161,47.72647334942209],[8.66395264832375,47.72632572022528],[8.66393518063406,47.72601797830865],[8.66391906933555,47.725632916753625],[8.663915324445263,47.72555981523248],[8.663905639295324,47.72537750553959],[8.663911998343561,47.72524853337469],[8.663925521163366,47.725150326891004],[8.663947878936648,47.725045668382194],[8.663973698891912,47.72495698309074],[8.664100058027925,47.72461921352098],[8.664154417014796,47.72447181888837],[8.664189141638623,47.72436705692897],[8.66421383770932,47.72427419208969],[8.664239908719347,47.72415550831799],[8.664246142293972,47.72402518824879],[8.66424553433371,47.72386708517338],[8.664227137686119,47.72374264610809],[8.664202958265935,47.723634997250436],[8.66417496443994,47.723539917547626]]}},{"type":"Feature","properties":{"nr":"H14","achse":"Schaffhausen - Stühlingen","strasse":"Schleitheimerstrasse","gemeinde":"Löhningen","fkt":"VO","fkt_text":"verkehrsorientiert","tempo":50,"dtv":4242,"laerm_tag_db":77.1,"bus":true,"linien":["21"],"haltestellen":[],"bus_anteil":1.0,"bus_text":"ja","laenge_m":205,"abschnitt":"Schleitheimerstrasse","abschnitt_km":0.306,"unfaelle":3,"unf_fuss":0,"unf_velo":1,"fassaden_igw":42,"initiative":true,"gegenvorschlag":true,"vorlage":"initiative"},"geometry":{"type":"LineString","coordinates":[[8.548130122291655,47.70131615157687],[8.548022015823138,47.70134611753368],[8.547908744586781,47.70138268039297],[8.547791366193863,47.70142162979639],[8.547633659122612,47.70148104772632],[8.547532221042974,47.7015221742436],[8.547432785056603,47.701562840859516],[8.547156368334422,47.701673442732385],[8.546617286880256,47.70189107761729],[8.546295590740227,47.70202389273924],[8.545923210582952,47.702175258958974],[8.545851244864837,47.70220440186819],[8.545768297119652,47.702237858579124],[8.545765639294903,47.70223882827632]]}},{"type":"Feature","properties":{"nr":"733","achse":"Schweizersbild  -Lohn","strasse":"Ausserdorf","gemeinde":"Lohn (SH)","fkt":"SO","fkt_text":"siedlungsorientiert","tempo":50,"dtv":2607,"laerm_tag_db":74.2,"bus":true,"linien":["24"],"haltestellen":[],"bus_anteil":1.0,"bus_text":"ja","laenge_m":98,"abschnitt":"Ausserdorf","abschnitt_km":0.222,"unfaelle":0,"unf_fuss":0,"unf_velo":0,"fassaden_igw":1,"initiative":true,"gegenvorschlag":false,"vorlage":"initiative"},"geometry":{"type":"LineString","coordinates":[[8.670675889766997,47.75646229350832],[8.670622889711112,47.75643213086336],[8.670544886943297,47.756386745078814],[8.670289969489927,47.75622611093295],[8.670215074852603,47.756176707631774],[8.670109360468388,47.75610626049812],[8.670021157994865,47.75604723932171],[8.669892772680557,47.755950544277354],[8.669745486029461,47.755840566928214]]}},{"type":"Feature","properties":{"nr":"735","achse":"Büllenhardt","strasse":"Dorfstrasse","gemeinde":"Büttenhardt","fkt":"SO","fkt_text":"siedlungsorientiert","tempo":50,"dtv":260,"laerm_tag_db":59.3,"bus":true,"linien":["24"],"haltestellen":["Büttenhardt, Dorf"],"bus_anteil":1.0,"bus_text":"ja","laenge_m":412,"abschnitt":"Dorfstrasse","abschnitt_km":0.413,"unfaelle":1,"unf_fuss":1,"unf_velo":0,"fassaden_igw":0,"initiative":true,"gegenvorschlag":false,"vorlage":"initiative"},"geometry":{"type":"LineString","coordinates":[[8.652935817235718,47.75594280474744],[8.652937500075067,47.75596672943842],[8.652944913768506,47.75598988378121],[8.652963786288376,47.75601137153893],[8.653010861254424,47.75606045557866],[8.653123710369059,47.75617312473755],[8.653164913968038,47.756216846571945],[8.653196965644305,47.75626221091637],[8.653212864685408,47.75630464092161],[8.653222256568446,47.756363409156016],[8.65321753590943,47.756407601403936],[8.65319015081716,47.756515546476955],[8.653166294919998,47.75662733114543],[8.653160485088938,47.75667462872002],[8.653161676196035,47.756726512144645],[8.653171081431912,47.75678528023357],[8.653182286751859,47.75682310929297],[8.653211093958841,47.75687702489179],[8.653238616824979,47.75692553945353],[8.65328443913179,47.7569699775175],[8.653437010715702,47.75711166927126],[8.653563655777937,47.75722497642098],[8.653617790941462,47.757281730384776],[8.653677780089463,47.75734306413362],[8.653794518643222,47.75747506525513],[8.654052493447976,47.75775505453719],[8.654230313387139,47.75794528336563],[8.654315232108516,47.75804198186563],[8.654385474041641,47.75814890703635],[8.65445117342516,47.75825897359543],[8.654475435640515,47.758315265830994],[8.654487842352943,47.75835540267085],[8.654495298261217,47.75842967880501],[8.654500251505203,47.75849546369786],[8.65449581650943,47.75855204682164],[8.654480224930756,47.75862346983755],[8.654457663302257,47.758691089237736],[8.654421490982712,47.758766594758285],[8.654335495368862,47.758923171820506],[8.654280244818773,47.75901824087499],[8.654250254521363,47.759062697143854],[8.654191998420359,47.7591268219536],[8.65411650693479,47.759195506902486],[8.654023021911168,47.75927001005175]]}},{"type":"Feature","properties":{"nr":"H4-10","achse":"Schaffhausen, äussere Bahnhofstrasse ab Schlagbaumstrasse","strasse":"Bahnhofstrasse","gemeinde":"Schaffhausen","fkt":"VO","fkt_text":"verkehrsorientiert","tempo":50,"dtv":8850,"laerm_tag_db":78.2,"bus":true,"linien":["1","4","5","N3","N76"],"haltestellen":["Schaffhausen, Feuerwehrzentrum"],"bus_anteil":0.23,"bus_text":"teilweise","laenge_m":31,"abschnitt":"Bahnhofstrasse","abschnitt_km":0.117,"unfaelle":4,"unf_fuss":0,"unf_velo":3,"fassaden_igw":0,"initiative":true,"gegenvorschlag":true,"vorlage":"initiative"},"geometry":{"type":"LineString","coordinates":[[8.636507188484007,47.701051529654265],[8.636447162876879,47.70103317941597],[8.636350213676572,47.700996411663354],[8.636318991293228,47.70098500490489],[8.63618141704451,47.700947009705374],[8.636127227736583,47.700937603353566]]}},{"type":"Feature","properties":{"nr":"712","achse":"Neunkirch - Löhningen","strasse":"Neunkircherstrasse","gemeinde":"Löhningen","fkt":"SO","fkt_text":"siedlungsorientiert","tempo":50,"dtv":1581,"laerm_tag_db":71.3,"bus":true,"linien":["21"],"haltestellen":[],"bus_anteil":0.15,"bus_text":"teilweise","laenge_m":28,"abschnitt":"Neunkircherstrasse","abschnitt_km":0.07,"unfaelle":1,"unf_fuss":0,"unf_velo":0,"fassaden_igw":0,"initiative":true,"gegenvorschlag":false,"vorlage":"initiative"},"geometry":{"type":"LineString","coordinates":[[8.547783899742313,47.701225548534815],[8.54790193609007,47.70126180154985],[8.548037375723215,47.70129385004723],[8.548130122291655,47.70131615157687]]}},{"type":"Feature","properties":{"nr":"H14","achse":"Schaffhausen - Stühlingen","strasse":"Schleitheimerstrasse","gemeinde":"Löhningen","fkt":"VO","fkt_text":"verkehrsorientiert","tempo":50,"dtv":7196,"laerm_tag_db":78.5,"bus":true,"linien":["21"],"haltestellen":[],"bus_anteil":1.0,"bus_text":"ja","laenge_m":357,"abschnitt":"Schleitheimerstrasse","abschnitt_km":0.306,"unfaelle":3,"unf_fuss":0,"unf_velo":1,"fassaden_igw":42,"initiative":true,"gegenvorschlag":true,"vorlage":"initiative"},"geometry":{"type":"LineString","coordinates":[[8.557926309304962,47.70112612482525],[8.557920441993922,47.70112715269362],[8.557769205460739,47.701147946381774],[8.557528066863906,47.70117784398166],[8.5573111089765,47.7012051518856],[8.557219698859262,47.70121729229707],[8.557104580358143,47.70123295263417],[8.556997429980653,47.70124864411655],[8.556830992952,47.70128533154926],[8.556542120533281,47.701348334983976],[8.55637317261861,47.701388553611935],[8.556352490785372,47.70139343843916],[8.556245541184932,47.70141551311957],[8.55609744629713,47.701440033949694],[8.555955656923173,47.70145777536373],[8.555831398263173,47.70146968180215],[8.555643543160038,47.701480841195576],[8.555430134679062,47.701485122471304],[8.555178794254765,47.70148753720549],[8.554963270566788,47.70148691815706],[8.554597172479877,47.701473488838026],[8.554256084052296,47.7014493491592],[8.55376039329287,47.70141216635526],[8.553242745324862,47.70135912850799]]}},{"type":"Feature","properties":{"nr":"H14","achse":"Schaffhausen - Stühlingen","strasse":"Schleitheimerstrasse","gemeinde":"Beringen","fkt":"VO","fkt_text":"verkehrsorientiert","tempo":50,"dtv":7196,"laerm_tag_db":77.9,"bus":true,"linien":["21","N77"],"haltestellen":["Beringen, Höhenweg"],"bus_anteil":1.0,"bus_text":"ja","laenge_m":371,"abschnitt":"","abschnitt_km":null,"unfaelle":null,"unf_fuss":null,"unf_velo":null,"fassaden_igw":null,"initiative":true,"gegenvorschlag":true,"vorlage":"initiative"},"geometry":{"type":"LineString","coordinates":[[8.571748181256083,47.69782425633936],[8.571674433117192,47.69781959682976],[8.571570891026198,47.69781723341267],[8.571470392149592,47.697818869625145],[8.571332276647802,47.697828931142865],[8.571115676368729,47.69784646694373],[8.570972680670597,47.697861954094904],[8.570886358572444,47.69787487426055],[8.570746731775067,47.69789402491145],[8.570463297904864,47.69793996648219],[8.570199413875397,47.697993658856575],[8.569950470947012,47.69805452643223],[8.569794466684401,47.698100368118226],[8.569630089327598,47.6981552852321],[8.56924061198845,47.698318370267515],[8.568999118151057,47.69842812749387],[8.568805765892808,47.69851197160644],[8.568642520248162,47.69857507895589],[8.568543748840353,47.69861029798823],[8.568429753161574,47.69864195933892],[8.568303058180023,47.69867476035194],[8.568128528630188,47.698714834683614],[8.567905559159316,47.69876066798616],[8.567842780797221,47.69877628019966],[8.567649532780527,47.69881578015962],[8.567400787575284,47.69886873440391],[8.567154518564918,47.698924749059785]]}},{"type":"Feature","properties":{"nr":"73","achse":"Hallau - Neunkirch","strasse":"Hauptstrasse","gemeinde":"Hallau","fkt":"VO","fkt_text":"verkehrsorientiert","tempo":50,"dtv":2324,"laerm_tag_db":74.3,"bus":true,"linien":["27","N77"],"haltestellen":["Hallau, Gemeindehaus"],"bus_anteil":1.0,"bus_text":"ja","laenge_m":315,"abschnitt":"Hauptstrasse","abschnitt_km":0.632,"unfaelle":3,"unf_fuss":1,"unf_velo":1,"fassaden_igw":13,"initiative":true,"gegenvorschlag":true,"vorlage":"initiative"},"geometry":{"type":"LineString","coordinates":[[8.457276456358034,47.69667738219895],[8.457379791354033,47.696745667279814],[8.457472296188387,47.69681952454305],[8.457500449481635,47.696843246736805],[8.45754079651298,47.69687340066051],[8.457597463076395,47.69691115532608],[8.457660870368947,47.696951656990834],[8.457714627093068,47.69698218795599],[8.457762506944857,47.69700777876229],[8.457793924398102,47.69702457387494],[8.45785065943937,47.69705479085469],[8.457914555227374,47.69708465720351],[8.457981944617936,47.69711952951208],[8.458039097446534,47.697147215425595],[8.45809897956688,47.69717342034629],[8.458170893996773,47.69720112062359],[8.45823688618752,47.69722498740497],[8.458323006988516,47.69725500033736],[8.458418917876314,47.69728629439693],[8.458524582236713,47.69732111837812],[8.45859110832721,47.697340177484904],[8.458665634562017,47.697360965143474],[8.458772105057868,47.69738920722066],[8.458883462727332,47.69742217311672],[8.459000158627601,47.697454228620806],[8.459165362013223,47.69750427780388],[8.459457622043697,47.69759718253784],[8.459521547432246,47.69761744216912],[8.459866460431943,47.6977269899745],[8.460096292920602,47.697803973601594],[8.460233699939723,47.69785638813271],[8.460303944785917,47.69788376000219],[8.460427577657212,47.6979369159638],[8.46052020222628,47.69798004629888],[8.460649343454005,47.69804316390802],[8.460773176812419,47.69810460120585],[8.460836177549497,47.69813211740575]]}},{"type":"Feature","properties":{"nr":"H331","achse":"Thayngen - Büsslingen","strasse":"Hauptstrasse","gemeinde":"Thayngen","fkt":"VO","fkt_text":"verkehrsorientiert","tempo":50,"dtv":1202,"laerm_tag_db":69.4,"bus":true,"linien":["24"],"haltestellen":["Hofen SH, Dorf"],"bus_anteil":0.27,"bus_text":"teilweise","laenge_m":164,"abschnitt":"Hauptstrasse","abschnitt_km":1.235,"unfaelle":1,"unf_fuss":0,"unf_velo":0,"fassaden_igw":0,"initiative":true,"gegenvorschlag":true,"vorlage":"initiative"},"geometry":{"type":"LineString","coordinates":[[8.676250667093854,47.78147973517533],[8.676329268850294,47.78162188646998],[8.676436788523649,47.781819924878306],[8.676540362258528,47.782022088432925],[8.67669147372088,47.78231619586895],[8.676803452471981,47.78253186873546],[8.676893179827106,47.78270222345735],[8.676932862636077,47.78277500367784],[8.676978818990932,47.78282904554507],[8.677011921284578,47.78285567379541]]}},{"type":"Feature","properties":{"nr":"H4","achse":"Bargen Schaffhausen","strasse":"Zollstrasse","gemeinde":"Neuhausen am Rheinfall","fkt":"VO","fkt_text":"verkehrsorientiert","tempo":50,"dtv":10406,"laerm_tag_db":80.8,"bus":true,"linien":["1","7","21","N4","N77"],"haltestellen":["Neuhausen, Kreuzstrasse","Neuhausen, Neue Welt"],"bus_anteil":1.0,"bus_text":"ja","laenge_m":251,"abschnitt":"Zollstrasse","abschnitt_km":2.124,"unfaelle":75,"unf_fuss":19,"unf_velo":11,"fassaden_igw":23,"initiative":true,"gegenvorschlag":true,"vorlage":"initiative"},"geometry":{"type":"LineString","coordinates":[[8.60985732502462,47.68251365500608],[8.610010654423723,47.68264380348634],[8.610142971246884,47.6827470368896],[8.610251455806727,47.682830777021515],[8.61034200217841,47.68289595387791],[8.610457710836375,47.682975681468214],[8.61058866185917,47.68305081201945],[8.610692057726498,47.683102547454695],[8.610801397704956,47.68315865701019],[8.610903244231048,47.6832059647155],[8.611007011876275,47.68324618344213],[8.611109027552274,47.68328125703957],[8.611334665561515,47.68335993732046],[8.611394231329012,47.68337808016444],[8.611621557184318,47.68345174203556],[8.61191713548009,47.68354000452286],[8.61223989993847,47.68363489926372],[8.612434743418229,47.683685169741686],[8.612606772342989,47.68371805961866]]}},{"type":"Feature","properties":{"nr":"723","achse":"Schleitheim - Beggingen","strasse":"Beggingerstrasse","gemeinde":"Schleitheim","fkt":"SO","fkt_text":"siedlungsorientiert","tempo":50,"dtv":1049,"laerm_tag_db":68.2,"bus":true,"linien":["21"],"haltestellen":["Schleitheim, Schweizerbund"],"bus_anteil":1.0,"bus_text":"ja","laenge_m":449,"abschnitt":"Beggingerstrasse","abschnitt_km":0.754,"unfaelle":2,"unf_fuss":0,"unf_velo":0,"fassaden_igw":0,"initiative":true,"gegenvorschlag":false,"vorlage":"initiative"},"geometry":{"type":"LineString","coordinates":[[8.487441758145117,47.74992062670826],[8.487500568899787,47.74994485656897],[8.487601039718456,47.74999931682878],[8.48767550365117,47.7500496225078],[8.487771886055713,47.75011578449191],[8.487824363950258,47.750148822300204],[8.487916299857918,47.75021064426436],[8.487992972355174,47.75026603832205],[8.488093883379891,47.75034600071028],[8.488202614830586,47.75043900547635],[8.4884184461199,47.750648251510604],[8.488526385401489,47.750755041677536],[8.488598092259254,47.75083230818543],[8.488645531122653,47.75088285712788],[8.488724825152797,47.750960055083226],[8.48882300069966,47.75106266102243],[8.488938426481797,47.75116289867186],[8.48909896836341,47.7513020858978],[8.48918902956273,47.751373421272525],[8.489268017989367,47.75143246306224],[8.489358971477055,47.75149431074618],[8.489454163825693,47.751555373586974],[8.489588567957295,47.75163137168134],[8.489696605525223,47.75168649029043],[8.489937048664217,47.75182636655744],[8.490205002790947,47.751992264676176],[8.490250973107134,47.752022473188426],[8.490298020342756,47.752051169978145],[8.49035486024009,47.75208341173881],[8.490393152367043,47.75210707913283],[8.490414090437765,47.752126541384456],[8.490439780222234,47.752166331710136],[8.490472570075722,47.75223589938288],[8.490511366518701,47.75233524528681],[8.490596540465038,47.752536899425955],[8.490644255705057,47.752650815591565],[8.490683574614682,47.75272475812077],[8.49073369423136,47.75279860297041],[8.490786766811741,47.75285930808746],[8.490834195103039,47.75290912772395],[8.490877115295685,47.75294953559399],[8.49093292486421,47.752986903879766],[8.491013779946183,47.753034973113316],[8.49104250706025,47.75305040751264]]}},{"type":"Feature","properties":{"nr":"H4","achse":"Bargen Schaffhausen","strasse":"Ebnatstrasse","gemeinde":"Schaffhausen","fkt":"VO","fkt_text":"verkehrsorientiert","tempo":50,"dtv":8183,"laerm_tag_db":79.2,"bus":true,"linien":["9"],"haltestellen":["Schaffhausen, Ernst Homberger-Strasse"],"bus_anteil":0.09,"bus_text":"ja","laenge_m":223,"abschnitt":"Ebnatstrasse","abschnitt_km":2.434,"unfaelle":57,"unf_fuss":4,"unf_velo":9,"fassaden_igw":10,"initiative":true,"gegenvorschlag":true,"vorlage":"initiative"},"geometry":{"type":"LineString","coordinates":[[8.657490347727219,47.71536469773215],[8.657416047081753,47.71549495786868],[8.657323941447121,47.71566115671905],[8.657107379668664,47.71606930094932],[8.656862279789504,47.716522040358065],[8.656749168850173,47.71672543407374],[8.656462953332062,47.71724858740624]]}},{"type":"Feature","properties":{"nr":"721","achse":"Schaffhausen - Hemmental","strasse":"Steigstrasse","gemeinde":"Schaffhausen","fkt":"SO","fkt_text":"siedlungsorientiert","tempo":50,"dtv":10486,"laerm_tag_db":80.6,"bus":true,"linien":["3","4","7","22","N1","N4"],"haltestellen":["Schaffhausen, Schützenhaus"],"bus_anteil":1.0,"bus_text":"ja","laenge_m":49,"abschnitt":"Steigstrasse","abschnitt_km":0.837,"unfaelle":54,"unf_fuss":5,"unf_velo":20,"fassaden_igw":58,"initiative":true,"gegenvorschlag":false,"vorlage":"initiative"},"geometry":{"type":"LineString","coordinates":[[8.62631981801619,47.70023017848659],[8.626455033293816,47.700149143564936],[8.626496253355496,47.70012049832543],[8.626555461407902,47.700080624276126],[8.62661240573594,47.70003843483026],[8.626656157645138,47.70000031069688],[8.626687737712999,47.6999731400467],[8.626709235803197,47.69994614440621],[8.626749158270675,47.69989768001986]]}},{"type":"Feature","properties":{"nr":"76","achse":"Zentrum Schaffhausen - Schweizersbild","strasse":"Gemsgasse","gemeinde":"Schaffhausen","fkt":"VO","fkt_text":"verkehrsorientiert","tempo":50,"dtv":4274,"laerm_tag_db":75.9,"bus":true,"linien":["6","N2"],"haltestellen":["Schaffhausen, Spiegelgutstr."],"bus_anteil":1.0,"bus_text":"ja","laenge_m":350,"abschnitt":"Gemsgasse","abschnitt_km":1.1,"unfaelle":25,"unf_fuss":3,"unf_velo":8,"fassaden_igw":25,"initiative":true,"gegenvorschlag":true,"vorlage":"initiative"},"geometry":{"type":"LineString","coordinates":[[8.642543281788718,47.718164920128835],[8.642557150672433,47.71824145213557],[8.642565859186794,47.71835949188114],[8.642569358150787,47.718458266011396],[8.642571763622389,47.718561116843006],[8.642567846222668,47.718650254022585],[8.642559075946895,47.71873698603405],[8.642552919818133,47.7187815980867],[8.642541258965014,47.71884730458871],[8.64251680030315,47.71898440469984],[8.642435257274766,47.71936422885128],[8.642358672900416,47.71975526227608],[8.642311562763172,47.71995895602193],[8.642297824434106,47.720044111444615],[8.64227418595355,47.72016985225299],[8.642213222023816,47.72044486943517],[8.642176448351675,47.720622525777536],[8.64216255487471,47.72069794204627],[8.64215960229601,47.720779720878056],[8.642168710900826,47.72086378529936],[8.642192384685458,47.72095415677563],[8.642236653304908,47.72104753496715],[8.642305109749678,47.72114952201532],[8.642409577900086,47.72125195464651]]}},{"type":"Feature","properties":{"nr":"603","achse":"Steinenkreuz - Spitzrüti","strasse":"Steinenkreuzstrasse","gemeinde":"Rüdlingen","fkt":"SO","fkt_text":"siedlungsorientiert","tempo":50,"dtv":1412,"laerm_tag_db":70.8,"bus":true,"linien":["675"],"haltestellen":[],"bus_anteil":1.0,"bus_text":"ja","laenge_m":359,"abschnitt":"Steinenkreuzstrasse","abschnitt_km":0.388,"unfaelle":1,"unf_fuss":0,"unf_velo":0,"fassaden_igw":0,"initiative":true,"gegenvorschlag":false,"vorlage":"initiative"},"geometry":{"type":"LineString","coordinates":[[8.562891203763444,47.5811681634489],[8.562959852222708,47.581208378127975],[8.562993426311591,47.58124139541204],[8.563006775587029,47.58127917801986],[8.563026762599916,47.58140189478898],[8.563115833106082,47.58191168780744],[8.563146576200154,47.58213109958532],[8.56316610782999,47.58227935624127],[8.563185833066848,47.58243611985324],[8.56318303152838,47.58253292837051],[8.563167546092691,47.58262464304347],[8.563144061055947,47.58270270960115],[8.563109915825073,47.58278022291683],[8.563053686727795,47.58286514598615],[8.562980128170608,47.58295286344917],[8.562902451716006,47.58302819031835],[8.562827520794137,47.583096951480485],[8.56273555112379,47.583182868450635],[8.56264292962869,47.58328384852964],[8.562577034836231,47.583366904212326],[8.562523838554053,47.583456375821875],[8.562410609126381,47.5836772458139],[8.562338873590098,47.583849304980376],[8.56230358716446,47.58396280723716],[8.562288681505335,47.58403489901053],[8.56228716535499,47.584144782037285],[8.562287014558015,47.58422433122929]]}},{"type":"Feature","properties":{"nr":"73","achse":"Hallau - Neunkirch","strasse":"Neunkircherstrasse","gemeinde":"Hallau","fkt":"VO","fkt_text":"verkehrsorientiert","tempo":50,"dtv":3569,"laerm_tag_db":75.8,"bus":true,"linien":["27","N77"],"haltestellen":[],"bus_anteil":0.13,"bus_text":"teilweise","laenge_m":22,"abschnitt":"Neunkircherstrasse","abschnitt_km":0.345,"unfaelle":2,"unf_fuss":0,"unf_velo":1,"fassaden_igw":5,"initiative":true,"gegenvorschlag":true,"vorlage":"initiative"},"geometry":{"type":"LineString","coordinates":[[8.464399781496509,47.697688357041635],[8.464444591423588,47.6976439629455],[8.464467789722189,47.697613889141586],[8.464488075297945,47.697580630183424],[8.464502526223798,47.6975391482415],[8.464505519188188,47.697508537254606]]}},{"type":"Feature","properties":{"nr":"731","achse":"Herblingen - Lohn","strasse":"Schlossstrasse","gemeinde":"Schaffhausen","fkt":"SO","fkt_text":"siedlungsorientiert","tempo":50,"dtv":3448,"laerm_tag_db":75.2,"bus":true,"linien":["5","24","N76"],"haltestellen":["Schaffhausen, Post Herblingen"],"bus_anteil":1.0,"bus_text":"ja","laenge_m":140,"abschnitt":"Schlossstrasse","abschnitt_km":0.851,"unfaelle":7,"unf_fuss":2,"unf_velo":4,"fassaden_igw":11,"initiative":true,"gegenvorschlag":false,"vorlage":"initiative"},"geometry":{"type":"LineString","coordinates":[[8.662442375053933,47.72214604662019],[8.662408211196116,47.72219327514593],[8.662356404913911,47.72227879789511],[8.662346281459516,47.72233329254145],[8.662354111680527,47.722417162248185],[8.662379092508754,47.72274245435649],[8.662383257510811,47.72292205219409],[8.662392886844053,47.722986295531996],[8.662418868745377,47.72305273223039],[8.662449325032615,47.723112061358805],[8.662570051802286,47.72325283634699],[8.662648924064854,47.7233445836026],[8.662651705798822,47.72334786419261]]}},{"type":"Feature","properties":{"nr":"731","achse":"Herblingen - Lohn","strasse":"Schlossstrasse","gemeinde":"Stetten (SH)","fkt":"SO","fkt_text":"siedlungsorientiert","tempo":50,"dtv":1530,"laerm_tag_db":71.7,"bus":true,"linien":["24"],"haltestellen":["Stetten SH, Braati"],"bus_anteil":1.0,"bus_text":"ja","laenge_m":350,"abschnitt":"Schlossstrasse","abschnitt_km":1.027,"unfaelle":4,"unf_fuss":0,"unf_velo":0,"fassaden_igw":0,"initiative":true,"gegenvorschlag":false,"vorlage":"initiative"},"geometry":{"type":"LineString","coordinates":[[8.661950224330772,47.735540383122974],[8.66195685086504,47.735549046765115],[8.662004081903136,47.73562145673606],[8.662031123314007,47.73567118889483],[8.66205002889404,47.73571617676121],[8.66207465500259,47.73577677230105],[8.662092471682787,47.73585251371213],[8.662102851181364,47.73591566955868],[8.662107118487993,47.7359849158033],[8.662101826458015,47.736065127577426],[8.66208086316809,47.73616356451649],[8.662062887170721,47.7362366604112],[8.662044785186437,47.73630373152821],[8.662018001874245,47.736420910569734],[8.662006137990547,47.73648791605317],[8.66200305129612,47.73654760688216],[8.662002029670125,47.73661992179538],[8.662003591212764,47.73664883063278],[8.662016775346999,47.73671738045084],[8.6620452098027,47.736827349903955],[8.66207545801372,47.73693791186974],[8.662107032709272,47.73702856475923],[8.66212651026982,47.73709884718367],[8.66215490625931,47.737169647381684],[8.662195330538157,47.73731261617949],[8.662267676638148,47.73745222705934],[8.662311197536273,47.737558413042],[8.662448053792577,47.73787751625293],[8.66253595939325,47.73808623631244],[8.662623084633015,47.73830096361792],[8.662719447501402,47.738527088167444],[8.662750199198134,47.73859994105313]]}},{"type":"Feature","properties":{"nr":"76","achse":"Zentrum Schaffhausen - Schweizersbild","strasse":"Adlerunterführung","gemeinde":"Schaffhausen","fkt":"VO","fkt_text":"verkehrsorientiert","tempo":50,"dtv":15998,"laerm_tag_db":79.9,"bus":true,"linien":["1","3","4","5","6","7","8","21","23","24","25","630","632","634","N2","N3","N69","N76","N77"],"haltestellen":["Schaffhausen, Durach"],"bus_anteil":1.0,"bus_text":"ja","laenge_m":60,"abschnitt":"Adlerunterführung","abschnitt_km":0.078,"unfaelle":12,"unf_fuss":2,"unf_velo":3,"fassaden_igw":3,"initiative":true,"gegenvorschlag":true,"vorlage":"initiative"},"geometry":{"type":"LineString","coordinates":[[8.634601648105422,47.69984667558417],[8.634525048038974,47.699838262692886],[8.634498739980526,47.699836158914245],[8.634456300088052,47.69983831350643],[8.634282215337059,47.69985423458554],[8.633890015774567,47.699902799409706],[8.633813518674296,47.69991429828244]]}},{"type":"Feature","properties":{"nr":"804","achse":"Wysseler - Rheinbrücke","strasse":"Hauptstrasse","gemeinde":"Hemishofen","fkt":"SO","fkt_text":"siedlungsorientiert","tempo":50,"dtv":802,"laerm_tag_db":66.8,"bus":true,"linien":["33"],"haltestellen":[],"bus_anteil":1.0,"bus_text":"ja","laenge_m":234,"abschnitt":"Hauptstrasse","abschnitt_km":1.351,"unfaelle":7,"unf_fuss":0,"unf_velo":6,"fassaden_igw":1,"initiative":true,"gegenvorschlag":false,"vorlage":"initiative"},"geometry":{"type":"LineString","coordinates":[[8.8352174407379,47.67438988799142],[8.835174286998006,47.67441699529415],[8.834715326492203,47.67470324731398],[8.834245539301502,47.67499628361558],[8.833788300613111,47.67529013862181],[8.833380131158258,47.675575307263315],[8.83314953446558,47.67575150328063],[8.832998440737391,47.67587036551977]]}},{"type":"Feature","properties":{"nr":"72","achse":"Wichingen - Hallau","strasse":"Bahnhofstrasse","gemeinde":"Hallau","fkt":"VO","fkt_text":"verkehrsorientiert","tempo":50,"dtv":2091,"laerm_tag_db":73.7,"bus":true,"linien":["27","N77"],"haltestellen":["Hallau, Brugg"],"bus_anteil":1.0,"bus_text":"ja","laenge_m":837,"abschnitt":"Bahnhofstrasse","abschnitt_km":0.863,"unfaelle":4,"unf_fuss":1,"unf_velo":2,"fassaden_igw":1,"initiative":true,"gegenvorschlag":true,"vorlage":"initiative"},"geometry":{"type":"LineString","coordinates":[[8.458984970464623,47.689354820993486],[8.45888700824497,47.68955383725774],[8.458707418391434,47.68990996688076],[8.458569245839374,47.69019443712027],[8.4584834246546,47.69038146530466],[8.458336827874225,47.690722527493016],[8.458196802148267,47.69105904377472],[8.45806840957751,47.69141247445011],[8.457985581660616,47.69162233865657],[8.45786390878066,47.692005300347],[8.457731000103914,47.69246144564664],[8.45755130056102,47.69307875972699],[8.45751006982126,47.69322277339594],[8.457495114247708,47.69329018863373],[8.457476621515156,47.69338217950555],[8.457462531199479,47.69354030963753],[8.457455312915728,47.69375861233572],[8.457449883649174,47.69387390904332],[8.457440870609048,47.6939504010712],[8.457432826209336,47.69402946588262],[8.457423835941603,47.69410783745007],[8.457411110141873,47.694190774733734],[8.457390565757109,47.694313264197866],[8.45735428961792,47.69449124060286],[8.457310887363947,47.694708079540966],[8.457281276626937,47.69485029130673],[8.457258851221903,47.69497059366741],[8.457238610436642,47.69505555745261],[8.457221491613403,47.69515462343625],[8.457220599763932,47.69518791802642],[8.457221546053782,47.69523713386514],[8.457227187830338,47.69528112801173],[8.457229765982671,47.695337614682366],[8.457241259010608,47.69539145993422],[8.45725142371926,47.69542541311732],[8.457269404946995,47.69546957792869],[8.45728922815088,47.69551115431091],[8.457326773323931,47.695583406772705],[8.457396298585934,47.69569344149073],[8.457426216199284,47.69575144233797],[8.457454114823463,47.69580559345779],[8.457474268321185,47.69585463192372],[8.45748470689505,47.69589727087812],[8.45748568679206,47.6959558401602],[8.457478011440442,47.69600215454916],[8.457470058150301,47.696034018028115],[8.45744350094678,47.69611196790313],[8.457409778608241,47.69618934200019],[8.457368512241665,47.6962699930619],[8.457305605964416,47.696387124518445],[8.457252753210966,47.69648393134832],[8.457230731660864,47.69652619822479],[8.457224800130708,47.696564141885126],[8.457224171473039,47.69660558270419],[8.457240019732694,47.69663787614099],[8.457276456358034,47.69667738219895]]}},{"type":"Feature","properties":{"nr":"72","achse":"Wichingen - Hallau","strasse":"Bahnhofstrasse","gemeinde":"Wilchingen","fkt":"VO","fkt_text":"verkehrsorientiert","tempo":50,"dtv":2091,"laerm_tag_db":73.7,"bus":true,"linien":["27","N77"],"haltestellen":[],"bus_anteil":1.0,"bus_text":"ja","laenge_m":146,"abschnitt":"Bahnhofstrasse","abschnitt_km":0.831,"unfaelle":1,"unf_fuss":0,"unf_velo":0,"fassaden_igw":0,"initiative":true,"gegenvorschlag":true,"vorlage":"initiative"},"geometry":{"type":"LineString","coordinates":[[8.465139755250165,47.68132418090572],[8.465233154232639,47.681434018614404],[8.465304251862035,47.68151945455537],[8.465400736650503,47.68163935619154],[8.465457273875868,47.68171016145463],[8.465506269716382,47.68178423521984],[8.465536274050194,47.681860401533584],[8.465548547182514,47.681897861233686],[8.465551493505371,47.68194543173178],[8.465549702973147,47.681989113690555],[8.465543370388898,47.6820341489219],[8.465527916783316,47.682077924645945],[8.465504595726731,47.68211777653487],[8.465476719257216,47.682158981806836],[8.46544872882535,47.682192246328874],[8.46541678031033,47.68222332428833],[8.46537885031927,47.6822522695373],[8.46533894543116,47.68227964926994],[8.465294765846124,47.68230637421539],[8.465254232075768,47.68232535902881],[8.465191465402086,47.68235032342512],[8.46512005539979,47.682371190901975],[8.465019040091125,47.68239010730898]]}},{"type":"Feature","properties":{"nr":"715","achse":"Neuhausen - Nohl","strasse":"Rheinfallstrasse","gemeinde":"Neuhausen am Rheinfall","fkt":"SO","fkt_text":"siedlungsorientiert","tempo":50,"dtv":6539,"laerm_tag_db":78.5,"bus":true,"linien":["1","7","21","N4","N77"],"haltestellen":["Neuhausen, Rheinhof"],"bus_anteil":1.0,"bus_text":"ja","laenge_m":187,"abschnitt":"Rheinfallstrasse","abschnitt_km":0.679,"unfaelle":8,"unf_fuss":2,"unf_velo":1,"fassaden_igw":5,"initiative":true,"gegenvorschlag":false,"vorlage":"initiative"},"geometry":{"type":"LineString","coordinates":[[8.617415007323952,47.682272868143194],[8.617458789014258,47.68221908775112],[8.617491904200872,47.6821833591915],[8.617514036130272,47.68216162026696],[8.617569640380976,47.68212080656697],[8.617625412140148,47.6820869257416],[8.617667034334895,47.682063603877964],[8.617757090646299,47.682002868860806],[8.617796576989178,47.681969162223545],[8.617829511013948,47.68193009851455],[8.617849347172745,47.68189797642037],[8.617867957041092,47.681856836494056],[8.617877511190596,47.681824126194805],[8.617885047600762,47.68179351405747],[8.617888052341142,47.681768740244706],[8.617890056706255,47.681742105771534],[8.617886339103348,47.68169176644088],[8.617879786946467,47.68164991052108],[8.617865381019989,47.68160286365753],[8.61784583521351,47.681555868960864],[8.61781923799842,47.68151519686769],[8.617767562910407,47.68145603517247],[8.617695326283782,47.68139638956586],[8.617600292275098,47.68132795397796],[8.61747420108041,47.68124942704166],[8.617358639150634,47.68118259366368],[8.617279598749603,47.681140366833084],[8.61722652230961,47.681110369639335],[8.617181380571525,47.681072439906835],[8.617137535688432,47.68099940124477],[8.617098054645355,47.680899200486316]]}},{"type":"Feature","properties":{"nr":"711","achse":"Neunkirch - Siblingen","strasse":"Siblingerstrasse","gemeinde":"Gächlingen","fkt":"SO","fkt_text":"siedlungsorientiert","tempo":50,"dtv":1099,"laerm_tag_db":69.3,"bus":true,"linien":["21"],"haltestellen":["Gächlingen, Siblingerstrasse"],"bus_anteil":1.0,"bus_text":"ja","laenge_m":136,"abschnitt":"","abschnitt_km":null,"unfaelle":null,"unf_fuss":null,"unf_velo":null,"fassaden_igw":null,"initiative":true,"gegenvorschlag":false,"vorlage":"initiative"},"geometry":{"type":"LineString","coordinates":[[8.502946711034923,47.704372946196486],[8.503124900440225,47.70447986350191],[8.503193897016784,47.7045211258337],[8.50333137207149,47.704597746042985],[8.503399573458186,47.70463721673087],[8.503612111779267,47.70475325339434],[8.503851270636481,47.70488638622052],[8.503947743759532,47.704940257779185],[8.504049949644141,47.70499560570028],[8.504160224502733,47.70505397351545],[8.504271010392968,47.70510925158984],[8.504342009048566,47.705145961900094]]}},{"type":"Feature","properties":{"nr":"721","achse":"Schaffhausen - Hemmental","strasse":"Nordstrasse","gemeinde":"Schaffhausen","fkt":"SO","fkt_text":"siedlungsorientiert","tempo":50,"dtv":6466,"laerm_tag_db":77.6,"bus":true,"linien":["3","4","22","N1"],"haltestellen":["Schaffhausen, Neubrunn"],"bus_anteil":1.0,"bus_text":"ja","laenge_m":208,"abschnitt":"Nordstrasse","abschnitt_km":1.026,"unfaelle":37,"unf_fuss":6,"unf_velo":16,"fassaden_igw":111,"initiative":true,"gegenvorschlag":false,"vorlage":"initiative"},"geometry":{"type":"LineString","coordinates":[[8.626171266486992,47.70866534343581],[8.626277715102715,47.70865954290572],[8.626329548225954,47.70865521774428],[8.626399949170185,47.70864280590865],[8.626482306763005,47.708627582575055],[8.626556516017839,47.70860613751062],[8.62662531588474,47.708581167985365],[8.626696631929972,47.70854896833373],[8.626763917616733,47.7085159104115],[8.62682581991046,47.708481081652124],[8.626887641412234,47.708442655997516],[8.626939988919784,47.70839891264255],[8.626979276535861,47.7083670132499],[8.62702891216965,47.708320599311136],[8.627070661967798,47.70827966250622],[8.627105770830578,47.7082397020011],[8.627144694550852,47.708191598687414],[8.627167893791352,47.708155357621166],[8.627180556712318,47.708126428654175],[8.627201864788663,47.7080658955434],[8.62724601547912,47.7079538348145],[8.627387314882625,47.70759689328433],[8.627457725362035,47.70740809501109],[8.62751354240344,47.707281542052336],[8.627541289217124,47.70721106733818]]}},{"type":"Feature","properties":{"nr":"82","achse":"Gottmadingen - Ramsen","strasse":"Wattgrabenweg","gemeinde":"Ramsen","fkt":"VO","fkt_text":"verkehrsorientiert","tempo":50,"dtv":3322,"laerm_tag_db":75.3,"bus":true,"linien":["25"],"haltestellen":["Ramsen, Brücke"],"bus_anteil":1.0,"bus_text":"ja","laenge_m":67,"abschnitt":"Wattgrabenweg","abschnitt_km":0.005,"unfaelle":1,"unf_fuss":0,"unf_velo":0,"fassaden_igw":0,"initiative":true,"gegenvorschlag":true,"vorlage":"initiative"},"geometry":{"type":"LineString","coordinates":[[8.807512191130705,47.70784087550608],[8.807538071392738,47.70782700689937],[8.80761911758241,47.70777692404015],[8.807682375849032,47.70773414735855],[8.807727868557501,47.707697993035254],[8.807775465824598,47.70766180490599],[8.807855943224844,47.70758819881836],[8.807921857546265,47.707521896929514],[8.807981000374904,47.70745294943214],[8.80802049284858,47.70740482197039],[8.808045464081665,47.70736200148513]]}},{"type":"Feature","properties":{"nr":"711","achse":"Neunkirch - Siblingen","strasse":"Neunkircherstrasse","gemeinde":"Gächlingen","fkt":"SO","fkt_text":"siedlungsorientiert","tempo":50,"dtv":2481,"laerm_tag_db":74.4,"bus":true,"linien":["21"],"haltestellen":[],"bus_anteil":1.0,"bus_text":"ja","laenge_m":149,"abschnitt":"Neunkircherstrasse","abschnitt_km":0.129,"unfaelle":0,"unf_fuss":0,"unf_velo":0,"fassaden_igw":0,"initiative":true,"gegenvorschlag":false,"vorlage":"initiative"},"geometry":{"type":"LineString","coordinates":[[8.49990628285213,47.69848005164169],[8.49990446731199,47.698499819145894],[8.499905016087384,47.69857774754901],[8.499906878451588,47.69867070200073],[8.499920355042693,47.69873689204867],[8.4999355960289,47.69879006958667],[8.499946486558875,47.69882825779646],[8.499961190174712,47.69887589091042],[8.499994959450332,47.6989734197741],[8.500054364173076,47.69915814563297],[8.500113728419041,47.6993414957323],[8.500132143825804,47.699401479717764],[8.500153938952634,47.6994785305098],[8.500163421370864,47.69954749117983],[8.500156823207103,47.699605832840206],[8.500134358479515,47.699671550613814],[8.500112746501406,47.69970868651969],[8.50008777837353,47.69974455792774],[8.500051432593766,47.69978310552584]]}},{"type":"Feature","properties":{"nr":"723","achse":"Schleitheim - Beggingen","strasse":"Dorfstrasse","gemeinde":"Beggingen","fkt":"SO","fkt_text":"siedlungsorientiert","tempo":50,"dtv":1049,"laerm_tag_db":68.2,"bus":true,"linien":["21"],"haltestellen":["Beggingen, Dorf","Beggingen, Neumühle"],"bus_anteil":0.89,"bus_text":"teilweise","laenge_m":692,"abschnitt":"Dorfstrasse","abschnitt_km":0.778,"unfaelle":1,"unf_fuss":0,"unf_velo":0,"fassaden_igw":0,"initiative":true,"gegenvorschlag":false,"vorlage":"initiative"},"geometry":{"type":"LineString","coordinates":[[8.527120233667222,47.765475332540454],[8.527145372391178,47.76547565502648],[8.527361380998197,47.76548463385824],[8.527493471731209,47.76549437950803],[8.52764109914604,47.76550975366659],[8.527799970214751,47.765530220848426],[8.528078134797273,47.76556343961234],[8.528277317714968,47.76558643376926],[8.52854268416199,47.76561807142141],[8.528777129109368,47.76564711110828],[8.528983208178035,47.765670048455036],[8.529136925004122,47.76568827767347],[8.52926323373096,47.76570675455849],[8.5293449353622,47.765723346965785],[8.529469619420542,47.765746479677595],[8.529561663909382,47.76576587100235],[8.529642476348524,47.765780735725684],[8.529677688664423,47.765785028443204],[8.52976510668004,47.76578771644641],[8.529856592630194,47.76577937576368],[8.52992581977421,47.765770650145775],[8.530020543906843,47.765752448696944],[8.530124529142952,47.7657266504504],[8.530294006245578,47.76567597238797],[8.530745300008341,47.76554067082795],[8.530892765798141,47.76550810518697],[8.531046330218848,47.76547953833353],[8.531223897020993,47.76545247274832],[8.531371807769066,47.765439535883864],[8.531535101213661,47.76542992599375],[8.531695087308918,47.76542552739461],[8.531856212433695,47.76543557998208],[8.531949840027597,47.76545087134358],[8.532017754870816,47.765465819614384],[8.532053107587071,47.765478195763066],[8.532085048700337,47.765489443750134],[8.532155869553108,47.7655159037428],[8.53236923427046,47.76559760439189],[8.532675891141324,47.76571765881336],[8.532779748636115,47.76576249706252],[8.532862096586163,47.765798021976345],[8.532944606443838,47.76583878872313],[8.533019503622338,47.765881695586344],[8.53311455717038,47.7659316798667],[8.533215863967568,47.76598472611969],[8.533314197604106,47.76604299869596],[8.533370333497237,47.76607465962389],[8.533454292177225,47.76611126621923],[8.53354277145216,47.76614263177914],[8.533708940027632,47.76620544624301],[8.533851780125705,47.766258083130964],[8.533960429719878,47.76629652557936],[8.53404565961715,47.76632168860631],[8.534126245180659,47.766344817711364],[8.534223906629125,47.76637506202916],[8.534318358176755,47.766399103750345],[8.534405049493094,47.766420097598896],[8.53448257584458,47.76644428955619],[8.53460032666749,47.766476412973546],[8.534790790845996,47.76652447203497],[8.534989068906958,47.766575569045756],[8.53511146194875,47.76660765720988],[8.535185821456267,47.766627705393695],[8.535298664266534,47.76664632961878],[8.535420745529716,47.76666593693588],[8.535491804067814,47.766676680420275],[8.535596809553882,47.76668918146281],[8.535690925766954,47.76669763889775],[8.53573133670424,47.766701224304065]]}},{"type":"Feature","properties":{"nr":"H4","achse":"Bargen Schaffhausen","strasse":"Schweizersbildstrasse","gemeinde":"Schaffhausen","fkt":"VO","fkt_text":"verkehrsorientiert","tempo":50,"dtv":8251,"laerm_tag_db":79.4,"bus":true,"linien":["6","10","N2"],"haltestellen":["Schaffhausen, Dachsenbüel"],"bus_anteil":1.0,"bus_text":"ja","laenge_m":108,"abschnitt":"Schweizersbildstrasse","abschnitt_km":1.775,"unfaelle":20,"unf_fuss":2,"unf_velo":7,"fassaden_igw":34,"initiative":true,"gegenvorschlag":true,"vorlage":"initiative"},"geometry":{"type":"LineString","coordinates":[[8.643490117427076,47.72214656767503],[8.643374651212794,47.72223400950372],[8.643261336300345,47.72231584352686],[8.64321122975157,47.722346205394885],[8.643091628458665,47.722413048092214],[8.642912491910334,47.72249834281211],[8.642680991411687,47.722600360077244],[8.642360284832696,47.72273318814461]]}},{"type":"Feature","properties":{"nr":"H13","achse":"Neuhausen - Erzingen","strasse":"Grebenstrasse","gemeinde":"Neunkirch","fkt":"VO","fkt_text":"verkehrsorientiert","tempo":50,"dtv":9035,"laerm_tag_db":79.6,"bus":true,"linien":["N77"],"haltestellen":[],"bus_anteil":1.0,"bus_text":"ja","laenge_m":113,"abschnitt":"Grebenstrasse","abschnitt_km":0.109,"unfaelle":1,"unf_fuss":0,"unf_velo":0,"fassaden_igw":0,"initiative":true,"gegenvorschlag":true,"vorlage":"initiative"},"geometry":{"type":"LineString","coordinates":[[8.504250316314591,47.687686506057034],[8.504230924588112,47.68769589383166],[8.504054172051374,47.687771661813954],[8.503608529764849,47.687962284261886],[8.503449204295286,47.688011179138456],[8.503307058110234,47.688038690345934],[8.503143497468383,47.68806046144948],[8.502883245915495,47.68807562581289]]}},{"type":"Feature","properties":{"nr":"H15","achse":"Herblingen - Thayngen","strasse":"Gennersbrunnerstrasse","gemeinde":"Schaffhausen","fkt":"VO","fkt_text":"verkehrsorientiert","tempo":50,"dtv":7018,"laerm_tag_db":78.6,"bus":true,"linien":["5","9","24","N76"],"haltestellen":["Schaffhausen, Post Herblingen"],"bus_anteil":1.0,"bus_text":"ja","laenge_m":195,"abschnitt":"Gennersbrunnerstrasse","abschnitt_km":0.978,"unfaelle":38,"unf_fuss":7,"unf_velo":7,"fassaden_igw":24,"initiative":true,"gegenvorschlag":true,"vorlage":"initiative"},"geometry":{"type":"LineString","coordinates":[[8.662175969545157,47.72200551845535],[8.662231738295022,47.721972057644216],[8.662278035622148,47.721913467675286],[8.66229367729689,47.72186704573121],[8.662303181251634,47.72174711558328],[8.662374024733307,47.72105111587161],[8.66243709236028,47.72052391160767],[8.662431392850214,47.72041458371825],[8.66244200684464,47.72028330906031]]}},{"type":"Feature","properties":{"nr":"711","achse":"Neunkirch - Siblingen","strasse":"Kirchstrasse","gemeinde":"Gächlingen","fkt":"SO","fkt_text":"siedlungsorientiert","tempo":50,"dtv":1099,"laerm_tag_db":69.3,"bus":true,"linien":["21"],"haltestellen":["Gächlingen, Dorf"],"bus_anteil":1.0,"bus_text":"ja","laenge_m":463,"abschnitt":"Kirchstrasse","abschnitt_km":0.461,"unfaelle":1,"unf_fuss":0,"unf_velo":0,"fassaden_igw":0,"initiative":true,"gegenvorschlag":false,"vorlage":"initiative"},"geometry":{"type":"LineString","coordinates":[[8.498173610595675,47.70181555899005],[8.498184828788647,47.70184418366976],[8.498217434666623,47.701878963172064],[8.498259331692111,47.701907308179955],[8.498313263270537,47.70193315104731],[8.498407480127904,47.70196004765823],[8.498543084294893,47.70200045359477],[8.498998240446625,47.70214050367151],[8.499215534206133,47.70221023064313],[8.499376649558153,47.70226967705114],[8.499524086430082,47.702330021567356],[8.499693488573488,47.702404034190806],[8.49993784201454,47.702512843711595],[8.5000415414161,47.702557397652924],[8.500390618079077,47.702704571828676],[8.500469008502934,47.70274010170973],[8.500547445366093,47.70277794258035],[8.500615626825638,47.702816641587276],[8.5006989113939,47.70286831585817],[8.500834347992095,47.702957297439845],[8.501041651764579,47.703097292744154],[8.501240826617304,47.703231192085845],[8.501596259784613,47.70346698571027],[8.501954051572953,47.703706615116694],[8.502062927924575,47.703781186956896],[8.502317669981426,47.70395158652801],[8.50270437096618,47.70420791183506],[8.502795269143682,47.70427091934725],[8.50291194433514,47.70434756857242],[8.502946711034923,47.704372946196486]]}},{"type":"Feature","properties":{"nr":"H14","achse":"Schaffhausen - Stühlingen","strasse":"Hauptstrasse","gemeinde":"Löhningen","fkt":"VO","fkt_text":"verkehrsorientiert","tempo":50,"dtv":6981,"laerm_tag_db":79.0,"bus":true,"linien":["21"],"haltestellen":["Löhningen, Dorf"],"bus_anteil":1.0,"bus_text":"ja","laenge_m":389,"abschnitt":"Hauptstrasse","abschnitt_km":0.389,"unfaelle":6,"unf_fuss":3,"unf_velo":0,"fassaden_igw":56,"initiative":true,"gegenvorschlag":true,"vorlage":"initiative"},"geometry":{"type":"LineString","coordinates":[[8.553242745324862,47.70135912850799],[8.553041077387821,47.70133437671242],[8.552882157611155,47.70131306425005],[8.552664108634351,47.7012829284624],[8.552530241607494,47.70126180711222],[8.552406566293268,47.70124380784153],[8.552249474283274,47.7012156144901],[8.55202320551356,47.70118167979497],[8.55177373320386,47.701141050408516],[8.551625828744676,47.70112777041785],[8.551407815783637,47.70111195956882],[8.551140206782318,47.70109650611396],[8.550799269664406,47.70109079280975],[8.55049871168258,47.70109818341632],[8.550257811772862,47.70110661263458],[8.550032594643833,47.70111191434091],[8.54989307152611,47.70111388697234],[8.549776279181925,47.70111780072243],[8.549609029990963,47.701123599736775],[8.549452905957587,47.70113257503823],[8.549244383650075,47.70114997463725],[8.549011801362374,47.70117321604224],[8.548773778702024,47.70120070919283],[8.548571119558199,47.70122834084292],[8.548387901154879,47.70125860167774],[8.548130122291655,47.70131615157687]]}},{"type":"Feature","properties":{"nr":"708","achse":"Neunkirch - Oberhallauerberg","strasse":"Oberhallauerstrasse","gemeinde":"Neunkirch","fkt":"SO","fkt_text":"siedlungsorientiert","tempo":50,"dtv":1249,"laerm_tag_db":69.5,"bus":true,"linien":["N77"],"haltestellen":[],"bus_anteil":1.0,"bus_text":"ja","laenge_m":178,"abschnitt":"Oberhallauerstrasse","abschnitt_km":0.189,"unfaelle":0,"unf_fuss":0,"unf_velo":0,"fassaden_igw":0,"initiative":true,"gegenvorschlag":false,"vorlage":"initiative"},"geometry":{"type":"LineString","coordinates":[[8.497518785878144,47.69163680836405],[8.49753869219046,47.69153107260217],[8.497566960866523,47.69135786807633],[8.497584254940902,47.69127206896521],[8.49758078309284,47.69122499865958],[8.497571334692003,47.69119681639351],[8.497538781023795,47.691154301247806],[8.497487083060596,47.691107679346885],[8.49736853829129,47.69101627336692],[8.49724919084178,47.69092000878624],[8.497190610345243,47.69085424710845],[8.497156933555619,47.690796829916074],[8.497146547761115,47.69075838492311],[8.497123369840587,47.69065239404931],[8.497104891594558,47.69056693879693],[8.497084740392662,47.69046975251906],[8.49704549569478,47.690286972663365],[8.49702615656347,47.6902197562134],[8.49700618732191,47.690193009829336],[8.496953137953932,47.69015868589605]]}},{"type":"Feature","properties":{"nr":"H13","achse":"Wagenhausen - Schaffhausen","strasse":"Rheinuferstrasse","gemeinde":"Schaffhausen","fkt":"VO","fkt_text":"verkehrsorientiert","tempo":50,"dtv":18170,"laerm_tag_db":82.7,"bus":true,"linien":["6","8","25","630","632","634","N3","N69"],"haltestellen":["Schaffhausen, Rhybadi"],"bus_anteil":1.0,"bus_text":"ja","laenge_m":127,"abschnitt":"Rheinuferstrasse","abschnitt_km":0.653,"unfaelle":28,"unf_fuss":3,"unf_velo":2,"fassaden_igw":43,"initiative":true,"gegenvorschlag":true,"vorlage":"initiative"},"geometry":{"type":"LineString","coordinates":[[8.638358648812906,47.69454573368737],[8.639052528684163,47.69478891498767],[8.639210401143796,47.694842589939235],[8.639682653057264,47.69502203893901],[8.63977194272224,47.6950586312403],[8.639841755483777,47.69508700614878]]}},{"type":"Feature","properties":{"nr":"H4","achse":"Bargen Schaffhausen","strasse":"Klettgauerstrasse","gemeinde":"Neuhausen am Rheinfall","fkt":"VO","fkt_text":"verkehrsorientiert","tempo":50,"dtv":14359,"laerm_tag_db":82.1,"bus":true,"linien":["1","7","21","N4","N77"],"haltestellen":["Neuhausen, Kreuzstrasse","Neuhausen, Rheinhof","Neuhausen, Rhytech"],"bus_anteil":1.0,"bus_text":"ja","laenge_m":398,"abschnitt":"Klettgauerstrasse","abschnitt_km":0.984,"unfaelle":42,"unf_fuss":4,"unf_velo":5,"fassaden_igw":56,"initiative":true,"gegenvorschlag":true,"vorlage":"initiative"},"geometry":{"type":"LineString","coordinates":[[8.612606772342989,47.68371805961866],[8.612735239051089,47.683642999367095],[8.61282328415142,47.68359811856105],[8.61293857061896,47.68355099260672],[8.613855163388298,47.683271662372725],[8.614019352018552,47.6832333407507],[8.614187585761995,47.68318104581472],[8.614548847016689,47.683069602451475],[8.61506438347878,47.68291260484243],[8.615533331287857,47.68276121258322],[8.615881609585456,47.68265136258013],[8.616575737114754,47.68243762024341],[8.616898521790738,47.68233749659626],[8.61705722050373,47.68229629414898],[8.617141505744693,47.68227784637723],[8.6172215996235,47.682266771413005],[8.617334424347218,47.682261957150935],[8.617415007323952,47.682272868143194]]}},{"type":"Feature","properties":{"nr":"76","achse":"Zentrum Schaffhausen - Schweizersbild","strasse":"Gemsgasse","gemeinde":"Schaffhausen","fkt":"VO","fkt_text":"verkehrsorientiert","tempo":50,"dtv":2193,"laerm_tag_db":75.1,"bus":true,"linien":["3","6","24","N2"],"haltestellen":["Schaffhausen, Gemsstübli"],"bus_anteil":1.0,"bus_text":"ja","laenge_m":457,"abschnitt":"Gemsgasse","abschnitt_km":1.1,"unfaelle":25,"unf_fuss":3,"unf_velo":8,"fassaden_igw":25,"initiative":true,"gegenvorschlag":true,"vorlage":"initiative"},"geometry":{"type":"LineString","coordinates":[[8.641870805167013,47.712995602299486],[8.641847305787532,47.7130376416995],[8.641826745941799,47.713088815784964],[8.641818265696063,47.713146097838454],[8.641832904494557,47.713203833159014],[8.641874169650064,47.71330786497839],[8.641966220078453,47.713553057113955],[8.642061107274975,47.71380457871038],[8.642179186624778,47.71412772394432],[8.642195404685772,47.71417575607504],[8.642272792449244,47.71439548417196],[8.642329203390984,47.71459643361071],[8.642370718117801,47.71475883512412],[8.642405269025987,47.714949055892895],[8.642436200703374,47.71512252190913],[8.642454948454578,47.71528296452685],[8.64246607559094,47.71539310942896],[8.642476311365042,47.7155601789672],[8.642482443147262,47.71568859786928],[8.642482817646416,47.71575430574264],[8.642481915418532,47.71590688398646],[8.642478702916488,47.71600474734491],[8.64246792453515,47.71614792995073],[8.642459668836027,47.71626197214947],[8.642440009112143,47.716397313805494],[8.642437551228182,47.71643165218544],[8.642388883903765,47.71671619339533],[8.642370008083216,47.716839132868564],[8.642356881474303,47.716925361387965],[8.642349666573931,47.71698671366103],[8.642345672996159,47.717047304047426]]}},{"type":"Feature","properties":{"nr":"711","achse":"Neunkirch - Siblingen","strasse":"Gächlingerstrasse","gemeinde":"Siblingen","fkt":"SO","fkt_text":"siedlungsorientiert","tempo":50,"dtv":1099,"laerm_tag_db":69.3,"bus":true,"linien":["21"],"haltestellen":[],"bus_anteil":1.0,"bus_text":"ja","laenge_m":53,"abschnitt":"Gächlingerstrasse","abschnitt_km":0.15,"unfaelle":0,"unf_fuss":0,"unf_velo":0,"fassaden_igw":0,"initiative":true,"gegenvorschlag":false,"vorlage":"initiative"},"geometry":{"type":"LineString","coordinates":[[8.51560157611721,47.714501993014636],[8.51554288204892,47.71442126679685],[8.515479402241615,47.71435684605045],[8.515404806037978,47.71430084768686],[8.515332611131399,47.71424561851038],[8.51524833380812,47.71417423999984],[8.515189322034153,47.71411848392424]]}},{"type":"Feature","properties":{"nr":"741","achse":"Thayngen Zentrum - Auen","strasse":"Biberstrasse","gemeinde":"Thayngen","fkt":"SO","fkt_text":"siedlungsorientiert","tempo":50,"dtv":1376,"laerm_tag_db":70.7,"bus":true,"linien":["24","N76"],"haltestellen":["Thayngen, Hüttenleben"],"bus_anteil":1.0,"bus_text":"ja","laenge_m":388,"abschnitt":"Biberstrasse","abschnitt_km":1.555,"unfaelle":16,"unf_fuss":4,"unf_velo":7,"fassaden_igw":2,"initiative":true,"gegenvorschlag":false,"vorlage":"initiative"},"geometry":{"type":"LineString","coordinates":[[8.696153474423639,47.75362279744961],[8.696087316851951,47.753624825718624],[8.695742979164242,47.7536355626283],[8.6951886380536,47.75364927756064],[8.69500256812877,47.75365758313152],[8.694787997027657,47.75368332105674],[8.694528246687685,47.75372566387971],[8.694418016258338,47.753747081717286],[8.694355271727474,47.753763112051175],[8.694154892044601,47.75382318824472],[8.693937315235639,47.75389879370137],[8.693710863698971,47.75399331028189],[8.693468277972498,47.75410545811414],[8.693253543647458,47.75421609085013],[8.692734982953484,47.754481424557596],[8.692425015722108,47.75463761237713],[8.692134488730696,47.75478237416016],[8.691883945947415,47.75490855425092],[8.691766400012886,47.75496982050158],[8.69168442647288,47.75500749856037],[8.691641169656156,47.7550174982744],[8.69161316834317,47.755017251216145],[8.691583462111634,47.75501372165724]]}},{"type":"Feature","properties":{"nr":"741","achse":"Thayngen Zentrum - Auen","strasse":"Biberstrasse","gemeinde":"Thayngen","fkt":"SO","fkt_text":"siedlungsorientiert","tempo":50,"dtv":1376,"laerm_tag_db":70.7,"bus":true,"linien":["24","N76"],"haltestellen":["Thayngen, Sägi"],"bus_anteil":1.0,"bus_text":"ja","laenge_m":280,"abschnitt":"Biberstrasse","abschnitt_km":1.555,"unfaelle":16,"unf_fuss":4,"unf_velo":7,"fassaden_igw":2,"initiative":true,"gegenvorschlag":false,"vorlage":"initiative"},"geometry":{"type":"LineString","coordinates":[[8.7054947505132,47.74992328232846],[8.705394663284254,47.750026393545305],[8.70527962691507,47.75015406871529],[8.705169678280328,47.75027535644694],[8.705053492087307,47.75039459833368],[8.704936893906481,47.75049776294939],[8.704741249973674,47.75062265435128],[8.704515649076866,47.75074856396125],[8.704327865943203,47.75085592934361],[8.704009089025245,47.75103237374271],[8.703906897755857,47.75108786421328],[8.703499311099831,47.75131680983046],[8.702958008742424,47.751615572188044],[8.702854089799668,47.751674759097135]]}},{"type":"Feature","properties":{"nr":"731","achse":"Herblingen - Lohn","strasse":"Stettemerstrasse","gemeinde":"Lohn (SH)","fkt":"SO","fkt_text":"siedlungsorientiert","tempo":50,"dtv":966,"laerm_tag_db":68.4,"bus":true,"linien":["24"],"haltestellen":["Lohn SH, Kreuz"],"bus_anteil":1.0,"bus_text":"ja","laenge_m":257,"abschnitt":"Stettemerstrasse","abschnitt_km":0.246,"unfaelle":1,"unf_fuss":0,"unf_velo":0,"fassaden_igw":0,"initiative":true,"gegenvorschlag":false,"vorlage":"initiative"},"geometry":{"type":"LineString","coordinates":[[8.668671316815871,47.75499873804329],[8.668664693432877,47.75499036259583],[8.668658731743326,47.75498176429327],[8.668653445708317,47.75497296997038],[8.668648848870808,47.75496398847825],[8.668644968944117,47.754954864494444],[8.668641806346008,47.75494561600292],[8.668639375037477,47.75493626983845],[8.668568379950887,47.754689583261325],[8.668555986374658,47.75465273047413],[8.668524638029114,47.7545784826579],[8.668427264286045,47.754340466347486],[8.668390580380953,47.75424896121181],[8.66835380380475,47.75415346365286],[8.668229276053,47.75385112941016],[8.66820633303729,47.753798774284284],[8.668189572985074,47.75375765941512],[8.66817057453131,47.75370458803166],[8.668105754229435,47.75355012450366],[8.66802471089288,47.75333458240462],[8.667959641757028,47.75316879780978],[8.667832930894242,47.75285783378787],[8.667791103342436,47.752763558621055]]}},{"type":"Feature","properties":{"nr":"711","achse":"Neunkirch - Siblingen","strasse":"Namenlos","gemeinde":"Neunkirch","fkt":"SO","fkt_text":"siedlungsorientiert","tempo":50,"dtv":3982,"laerm_tag_db":76.2,"bus":true,"linien":["21","N77"],"haltestellen":["Neunkirch, Schweizerbund"],"bus_anteil":1.0,"bus_text":"ja","laenge_m":131,"abschnitt":"","abschnitt_km":null,"unfaelle":null,"unf_fuss":null,"unf_velo":null,"fassaden_igw":null,"initiative":true,"gegenvorschlag":false,"vorlage":"initiative"},"geometry":{"type":"LineString","coordinates":[[8.500423561661998,47.68953494003971],[8.50059899767698,47.68954313152052],[8.50070863046397,47.68955465835421],[8.500790680954854,47.68956707577128],[8.500890065010552,47.689588967347724],[8.500987692361248,47.689618906612914],[8.501049129823523,47.68964628955985],[8.501108356571894,47.689679008188186],[8.501170107711141,47.6897113979066],[8.501227732867104,47.68974926673826],[8.501282104019959,47.68978827156881],[8.501306117167148,47.689819288425284],[8.5013231854567,47.68985869730297],[8.501331437998587,47.689889597448555],[8.501353950792968,47.68999722159874],[8.501368948720724,47.69006821861996],[8.501383898643411,47.69013150815069],[8.501397724360586,47.69018855707431],[8.501413703896961,47.69023012547619],[8.501434878788947,47.69026639381956],[8.501463132765197,47.69028767623896]]}},{"type":"Feature","properties":{"nr":"721","achse":"Schaffhausen - Hemmental","strasse":"Steigstrasse","gemeinde":"Schaffhausen","fkt":"SO","fkt_text":"siedlungsorientiert","tempo":50,"dtv":9408,"laerm_tag_db":80.2,"bus":true,"linien":["3","4","7","22","N1","N4"],"haltestellen":["Schaffhausen, Promenade"],"bus_anteil":1.0,"bus_text":"ja","laenge_m":443,"abschnitt":"Steigstrasse","abschnitt_km":0.837,"unfaelle":54,"unf_fuss":5,"unf_velo":20,"fassaden_igw":58,"initiative":true,"gegenvorschlag":false,"vorlage":"initiative"},"geometry":{"type":"LineString","coordinates":[[8.62789367426078,47.697990201241616],[8.627913565847477,47.697979537363985],[8.627968615251511,47.697959312562354],[8.628013053980105,47.697946553629336],[8.628096962700804,47.697925223925026],[8.628226707131567,47.69788927702129],[8.628337136889488,47.69786180241508],[8.628432337281684,47.69783546399428],[8.628504053926699,47.697814078926875],[8.628555007293455,47.697794795205084],[8.62858372975966,47.69777573908948],[8.628606869321581,47.697754878320666],[8.628626908390624,47.697718174427536],[8.62864138536439,47.69768059208165],[8.628648930980445,47.697644043094904],[8.628653452350079,47.697598009148265],[8.62867083532621,47.69750772665385],[8.628679048560397,47.697441004077334],[8.628681838927635,47.6973790050504],[8.628682309541245,47.697337689592935],[8.6286776193725,47.69731335418049],[8.62866566177475,47.69727686998613],[8.628646849666739,47.697244242563464],[8.628586222997821,47.69714544979081],[8.628528572156476,47.697058723797234],[8.628465252178128,47.69696278273304],[8.628414987170771,47.69689109142126],[8.628380349943862,47.69683423353083],[8.628351246066886,47.69677638357928],[8.628329397859936,47.69673253536222],[8.62831592976767,47.696690472159275],[8.628306608075167,47.69664557828611],[8.628304562583223,47.6966156033606],[8.628303781933287,47.69657906766332],[8.628309856553267,47.696538711180104],[8.628320262793043,47.6965067379766],[8.628332312355706,47.69648505537389],[8.628347084930152,47.696462418483925],[8.62835242103034,47.69645205643024],[8.628379524284796,47.696420847686596],[8.628409406059074,47.69639056388144],[8.62845439395324,47.69635071740685],[8.628524104991374,47.69630122776454],[8.62868028026845,47.69620671783056],[8.628915915385567,47.696062626937554],[8.62908576326335,47.69595589709398],[8.62936417048964,47.69578910628083],[8.629621935404487,47.69563101691677],[8.629726216123862,47.69558627197272],[8.629876573123655,47.69553120589878],[8.630017708663292,47.69548907798162],[8.630147824205443,47.69546461969489],[8.630266675347377,47.69544755313305],[8.630375515881486,47.695436165556494],[8.630456076769116,47.69543619382389],[8.630537398627608,47.69544221340903],[8.630640020678918,47.69546470782162],[8.630737803296455,47.69549710950899],[8.630840364463616,47.69554530100223]]}},{"type":"Feature","properties":{"nr":"H13","achse":"Wagenhausen - Schaffhausen","strasse":"Wagenhauserstrasse","gemeinde":"Stein am Rhein","fkt":"VO","fkt_text":"verkehrsorientiert","tempo":50,"dtv":6455,"laerm_tag_db":78.4,"bus":true,"linien":["33","825"],"haltestellen":[],"bus_anteil":1.0,"bus_text":"ja","laenge_m":356,"abschnitt":"Wagenhauserstrasse","abschnitt_km":0.746,"unfaelle":14,"unf_fuss":3,"unf_velo":2,"fassaden_igw":59,"initiative":true,"gegenvorschlag":true,"vorlage":"initiative"},"geometry":{"type":"LineString","coordinates":[[8.852184006927088,47.658175488700785],[8.852233030458425,47.658160122370916],[8.852368064173856,47.65811747091339],[8.852620821704257,47.65805106955997],[8.853189257404527,47.65790440216859],[8.853634708084872,47.657786961854406],[8.853853967281744,47.65772161362932],[8.854102796487606,47.657641359866034],[8.85433359412568,47.65755944549669],[8.854740639048059,47.65741841695434],[8.855200827915857,47.65725842510878],[8.85543995498107,47.65716749298518],[8.855753976266898,47.65703900133031],[8.85602597136919,47.656921662736316],[8.856138576837239,47.656833119100895],[8.85630102623997,47.65679731512827],[8.856413796818526,47.65677319920033]]}},{"type":"Feature","properties":{"nr":"H15","achse":"Herblingen - Thayngen","strasse":"Gennersbrunnerstrasse","gemeinde":"Schaffhausen","fkt":"VO","fkt_text":"verkehrsorientiert","tempo":50,"dtv":10177,"laerm_tag_db":80.9,"bus":true,"linien":["9"],"haltestellen":[],"bus_anteil":1.0,"bus_text":"ja","laenge_m":98,"abschnitt":"Gennersbrunnerstrasse","abschnitt_km":0.978,"unfaelle":38,"unf_fuss":7,"unf_velo":7,"fassaden_igw":24,"initiative":true,"gegenvorschlag":true,"vorlage":"initiative"},"geometry":{"type":"LineString","coordinates":[[8.662618354265145,47.71826015920093],[8.66274223171898,47.71798888369812],[8.663053489665739,47.71742496759872]]}},{"type":"Feature","properties":{"nr":"76","achse":"Zentrum Schaffhausen - Schweizersbild","strasse":"Gemsgasse","gemeinde":"Schaffhausen","fkt":"VO","fkt_text":"verkehrsorientiert","tempo":50,"dtv":4274,"laerm_tag_db":76.5,"bus":true,"linien":["6","10","N2"],"haltestellen":["Schaffhausen, Dachsenbüel"],"bus_anteil":1.0,"bus_text":"ja","laenge_m":129,"abschnitt":"Gemsgasse","abschnitt_km":1.1,"unfaelle":25,"unf_fuss":3,"unf_velo":8,"fassaden_igw":25,"initiative":true,"gegenvorschlag":true,"vorlage":"initiative"},"geometry":{"type":"LineString","coordinates":[[8.642409577900086,47.72125195464651],[8.64254556299104,47.72136700348518],[8.642774488307666,47.72154637851624],[8.642941014527535,47.72168088882177],[8.643179742504392,47.72185805687968],[8.643287588310804,47.72194126011655],[8.643396442859776,47.72204534631777],[8.643490117427076,47.72214656767503]]}},{"type":"Feature","properties":{"nr":"H14","achse":"Schaffhausen - Stühlingen","strasse":"Schaffhauserstrasse","gemeinde":"Schleitheim","fkt":"VO","fkt_text":"verkehrsorientiert","tempo":50,"dtv":3347,"laerm_tag_db":75.7,"bus":true,"linien":["21"],"haltestellen":["Schleitheim, Bahnhofstrasse"],"bus_anteil":1.0,"bus_text":"ja","laenge_m":364,"abschnitt":"Schaffhauserstrasse","abschnitt_km":0.527,"unfaelle":6,"unf_fuss":0,"unf_velo":0,"fassaden_igw":1,"initiative":true,"gegenvorschlag":true,"vorlage":"initiative"},"geometry":{"type":"LineString","coordinates":[[8.479705367609581,47.74431117704389],[8.479211714908171,47.74473893403841],[8.479097335897293,47.74484017548187],[8.479027951630506,47.744919950837236],[8.478970972331707,47.745005362280175],[8.47894682126853,47.74507579318585],[8.478937640920531,47.74513652975698],[8.478937409505624,47.74517292091425],[8.478949897672267,47.74523026190719],[8.47898176313152,47.74531416830758],[8.479029481796527,47.745386456779485],[8.479101964103055,47.745464909383024],[8.479170108466585,47.74551533096039],[8.479247604934608,47.74556055134852],[8.479316431904717,47.7455982044732],[8.479417604440822,47.74564512864032],[8.479772873390147,47.74581293165921],[8.480182697831065,47.74600449258053],[8.480257210595123,47.74603828085907],[8.480330042184336,47.746084207841925],[8.480374212885291,47.74611635204099],[8.48041565771161,47.74615362913501],[8.480457391495495,47.74620558157528],[8.480486943855876,47.746254477259065],[8.480505706362123,47.74629310866043],[8.480511017786814,47.74631973682513],[8.480512811184242,47.746351226188146],[8.480511193408761,47.746391650002145],[8.480498003263948,47.74645318706363],[8.480482013034655,47.74649373958725],[8.480439217402795,47.746574141023814],[8.480369674321958,47.746695991722206],[8.480310532953494,47.746797558067286],[8.480240747873188,47.746909175850924]]}},{"type":"Feature","properties":{"nr":"H4","achse":"Bargen Schaffhausen","strasse":"Bachstrasse","gemeinde":"Schaffhausen","fkt":"VO","fkt_text":"verkehrsorientiert","tempo":50,"dtv":9738,"laerm_tag_db":79.3,"bus":true,"linien":["6","8","25","630","632","634","N3","N69"],"haltestellen":["Schaffhausen, Bachstrasse","Schaffhausen, Rhybadi"],"bus_anteil":1.0,"bus_text":"ja","laenge_m":160,"abschnitt":"Bachstrasse","abschnitt_km":0.912,"unfaelle":75,"unf_fuss":5,"unf_velo":24,"fassaden_igw":146,"initiative":true,"gegenvorschlag":true,"vorlage":"initiative"},"geometry":{"type":"LineString","coordinates":[[8.638358648812906,47.69454573368737],[8.638265666577206,47.69463954162727],[8.638217781416902,47.694709309942155],[8.638193837453315,47.69478501917072],[8.63819591014715,47.69487654161857],[8.638224899785826,47.694943033933804],[8.638231307357252,47.6950641927693],[8.638238187233636,47.69528679325987],[8.638236245944553,47.69533343067546],[8.638222926240795,47.69542178411032],[8.638200567905734,47.695486342024246],[8.638167221105741,47.695551013357125],[8.638119825668332,47.69564303739173],[8.638078687022102,47.69576839259425],[8.638068902814979,47.69582168576617],[8.638061447519219,47.69589722474094],[8.638054212781759,47.69593779166895]]}},{"type":"Feature","properties":{"nr":"604","achse":"Steinenkreuz - Buchberg","strasse":"Buchbergerstrasse","gemeinde":"Rüdlingen","fkt":"SO","fkt_text":"siedlungsorientiert","tempo":50,"dtv":2231,"laerm_tag_db":73.6,"bus":true,"linien":["675"],"haltestellen":[],"bus_anteil":1.0,"bus_text":"ja","laenge_m":38,"abschnitt":"Buchbergerstrasse","abschnitt_km":0.199,"unfaelle":0,"unf_fuss":0,"unf_velo":0,"fassaden_igw":0,"initiative":true,"gegenvorschlag":false,"vorlage":"initiative"},"geometry":{"type":"LineString","coordinates":[[8.563015211340344,47.58084770843747],[8.5630033998818,47.5808762547482],[8.562969711316816,47.58098030658484],[8.562963256222098,47.58104208080467],[8.562959586237216,47.58109727098993],[8.56295117398483,47.58111245440648],[8.562934267914219,47.581138342740616],[8.562911328443775,47.581156158490614],[8.562891203763444,47.5811681634489]]}},{"type":"Feature","properties":{"nr":"H4","achse":"Bargen Schaffhausen","strasse":"Fulachstrasse","gemeinde":"Schaffhausen","fkt":"VO","fkt_text":"verkehrsorientiert","tempo":50,"dtv":12441,"laerm_tag_db":81.9,"bus":true,"linien":["1","4","5","N3","N76"],"haltestellen":["Schaffhausen, Schönenberg"],"bus_anteil":1.0,"bus_text":"ja","laenge_m":584,"abschnitt":"Fulachstrasse","abschnitt_km":0.585,"unfaelle":28,"unf_fuss":4,"unf_velo":3,"fassaden_igw":32,"initiative":true,"gegenvorschlag":true,"vorlage":"initiative"},"geometry":{"type":"LineString","coordinates":[[8.63749411341334,47.7017322115952],[8.637494315872162,47.701732326432136],[8.6375339462716,47.70177963217884],[8.637553128376473,47.701816517636594],[8.63757346873677,47.70187808038469],[8.63758752954447,47.70198772825722],[8.63759907541557,47.70210281661153],[8.637617039561537,47.70223420829821],[8.637630086776934,47.702336743155826],[8.637654910623116,47.70248686205738],[8.637711847883446,47.702730639622914],[8.637789162860278,47.70301756820379],[8.637868052942336,47.70328281329666],[8.63793173461269,47.70353955377927],[8.63799899222741,47.703765892707246],[8.638067634860167,47.70396040461698],[8.638108662466992,47.7040698909841],[8.638169929253731,47.70422109965937],[8.638253042271572,47.70439084482796],[8.638340412769415,47.7045591069055],[8.638442796852027,47.70472719594243],[8.638538459801778,47.70488384163027],[8.63872508485975,47.705181306443755],[8.638867289658966,47.705408345973105],[8.639014021962236,47.70564401801178],[8.63915185441209,47.70586381699011],[8.639243749298144,47.70599219608993],[8.639328941530275,47.70611643504674],[8.639404184579057,47.70622264432037],[8.639529909062334,47.70642429160524],[8.63964785154965,47.706600628401404],[8.639724706022426,47.7067273007066]]}},{"type":"Feature","properties":{"nr":"747","achse":"Büsingen - Randegg","strasse":"Neudörflingerstrasse","gemeinde":"Dörflingen","fkt":"SO","fkt_text":"siedlungsorientiert","tempo":50,"dtv":2391,"laerm_tag_db":74.2,"bus":true,"linien":["25"],"haltestellen":[],"bus_anteil":1.0,"bus_text":"ja","laenge_m":69,"abschnitt":"Neudörflingerstrasse","abschnitt_km":0.657,"unfaelle":1,"unf_fuss":0,"unf_velo":1,"fassaden_igw":12,"initiative":true,"gegenvorschlag":false,"vorlage":"initiative"},"geometry":{"type":"LineString","coordinates":[[8.71938605869985,47.70723351210615],[8.719348743690537,47.7073639461308],[8.719321226282014,47.70746477059425],[8.719298511855325,47.70759614102254],[8.719280468360134,47.707687030214196],[8.719283050224583,47.707770091890396],[8.719299327004709,47.70781938166088],[8.719311905095841,47.70784907744205]]}},{"type":"Feature","properties":{"nr":"H15","achse":"Herblingen - Thayngen","strasse":"Bahnhofstrasse","gemeinde":"Thayngen","fkt":"VO","fkt_text":"verkehrsorientiert","tempo":50,"dtv":3314,"laerm_tag_db":75.5,"bus":true,"linien":["24","N76"],"haltestellen":["Thayngen, Bahnhof"],"bus_anteil":0.72,"bus_text":"teilweise","laenge_m":71,"abschnitt":"Bahnhofstrasse","abschnitt_km":1.003,"unfaelle":13,"unf_fuss":4,"unf_velo":5,"fassaden_igw":29,"initiative":true,"gegenvorschlag":true,"vorlage":"initiative"},"geometry":{"type":"LineString","coordinates":[[8.705890947298416,47.74582176807755],[8.705885349257347,47.74582492594479],[8.705837235507222,47.7458421793794],[8.705771839719436,47.745854998037224],[8.705706625406043,47.74585534869473],[8.705641283429355,47.74585092477655],[8.705554772712993,47.74583790806858],[8.705174036560843,47.745768760596704],[8.705055070668118,47.74574916237338],[8.70497494990033,47.74574013205569]]}},{"type":"Feature","properties":{"nr":"711","achse":"Neunkirch - Siblingen","strasse":"Gächlingerstrasse","gemeinde":"Neunkirch","fkt":"SO","fkt_text":"siedlungsorientiert","tempo":50,"dtv":2481,"laerm_tag_db":74.4,"bus":true,"linien":["21"],"haltestellen":["Neunkirch, Schulstrasse"],"bus_anteil":1.0,"bus_text":"ja","laenge_m":180,"abschnitt":"Gächlingerstrasse","abschnitt_km":0.451,"unfaelle":1,"unf_fuss":0,"unf_velo":1,"fassaden_igw":0,"initiative":true,"gegenvorschlag":false,"vorlage":"initiative"},"geometry":{"type":"LineString","coordinates":[[8.501463132765197,47.69028767623896],[8.501406750518155,47.690332388783794],[8.501364075314406,47.690366479862156],[8.50134324897254,47.690388759770364],[8.501315589685465,47.69043763468846],[8.501307198471203,47.69046756276582],[8.501290786877709,47.69050938240055],[8.50125301865294,47.69070843390527],[8.501167611825164,47.69110726564738],[8.50113542423693,47.69125716738017],[8.501105132217681,47.69139399236749],[8.50107300075083,47.69154737425603],[8.501038486227424,47.6917260782375],[8.501011689010628,47.6918598402188]]}},{"type":"Feature","properties":{"nr":"733","achse":"Schweizersbild  -Lohn","strasse":"Freudentalstrasse","gemeinde":"Lohn (SH)","fkt":"SO","fkt_text":"siedlungsorientiert","tempo":50,"dtv":1245,"laerm_tag_db":70.3,"bus":true,"linien":["24"],"haltestellen":["Lohn SH, Kreuz"],"bus_anteil":1.0,"bus_text":"ja","laenge_m":138,"abschnitt":"Freudentalstrasse","abschnitt_km":0.241,"unfaelle":2,"unf_fuss":0,"unf_velo":1,"fassaden_igw":0,"initiative":true,"gegenvorschlag":false,"vorlage":"initiative"},"geometry":{"type":"LineString","coordinates":[[8.668671316815871,47.75499873804329],[8.668658122432232,47.75500144986297],[8.668644659645643,47.755003516942466],[8.668631021168675,47.75500491131918],[8.66861726033855,47.75500563242906],[8.668603456951839,47.75500567043443],[8.668589691223215,47.75500503348126],[8.668576029824104,47.75500372086471],[8.668562553178202,47.75500174972284],[8.668549314413657,47.75499911049998],[8.668536394372191,47.75499583831798],[8.668523873059259,47.75499193233115],[8.668498305972467,47.754983361397954],[8.668472972429221,47.754974509172754],[8.668447845761468,47.754965375937545],[8.668422952428813,47.75495595241874],[8.66839830597473,47.75494624746737],[8.668373893274325,47.7549362702165],[8.668349740787162,47.754926011392406],[8.668270835587471,47.754893836998924],[8.668103068776604,47.754825743791514],[8.667936242738948,47.75475564370995],[8.667714012153223,47.7546705509299],[8.667584760562843,47.754612024547825],[8.667526708712137,47.75459044928742],[8.667468126084787,47.75456956315762],[8.667408999345053,47.75454936629844],[8.667349368493444,47.75452985828656],[8.667289233945846,47.754511057105],[8.667228635702543,47.75449296233065],[8.66716757397039,47.754475582954655],[8.667112346766807,47.75446248609478],[8.66704822992968,47.75444908733422]]}},{"type":"Feature","properties":{"nr":"736","achse":"Opfersthofen - Landesgrenze","strasse":"Wiechserstrasse","gemeinde":"Thayngen","fkt":"SO","fkt_text":"siedlungsorientiert","tempo":50,"dtv":428,"laerm_tag_db":62.0,"bus":true,"linien":["24"],"haltestellen":["Altdorf SH, Dorf"],"bus_anteil":0.07,"bus_text":"ja","laenge_m":265,"abschnitt":"Wiechserstrasse","abschnitt_km":0.443,"unfaelle":0,"unf_fuss":0,"unf_velo":0,"fassaden_igw":0,"initiative":true,"gegenvorschlag":false,"vorlage":"initiative"},"geometry":{"type":"LineString","coordinates":[[8.659766247761498,47.78465417431372],[8.659745650612255,47.78468107554427],[8.659718206513638,47.784730470605155],[8.659696286043076,47.78477981671079],[8.65966599512789,47.78482613869303],[8.659623723274699,47.78487258633568],[8.659569271432597,47.78491169670439],[8.659499947929106,47.78494537775584],[8.659449795410291,47.78497014253684],[8.659351146165736,47.785012207648045],[8.659295328743138,47.78503206708657],[8.65921369491673,47.78505219719906],[8.659142861982076,47.7850603959114],[8.659044300862984,47.785066402947876],[8.658999126529109,47.78506749713465],[8.658743727694848,47.785072045121225],[8.658443125835293,47.7850764456482],[8.658013429431938,47.78508280935115],[8.6575357548401,47.78508905327486],[8.657425097924076,47.78509021192055],[8.657344889124856,47.78509230185339],[8.657206575593342,47.785094370422],[8.657025835107335,47.78509688290408],[8.656917019332939,47.7850980217955],[8.656819106673282,47.78509222005391],[8.656714405870742,47.78507155025989],[8.656626146080546,47.78504450250006],[8.656559012917864,47.78501288054752]]}},{"type":"Feature","properties":{"nr":"702","achse":"Wisental - Osterfingen","strasse":"Dorfstrasse","gemeinde":"Wilchingen","fkt":"SO","fkt_text":"siedlungsorientiert","tempo":50,"dtv":758,"laerm_tag_db":65.7,"bus":true,"linien":["27","N77"],"haltestellen":["Osterfingen, Lindenhof"],"bus_anteil":0.94,"bus_text":"ja","laenge_m":169,"abschnitt":"Dorfstrasse","abschnitt_km":0.893,"unfaelle":4,"unf_fuss":0,"unf_velo":0,"fassaden_igw":0,"initiative":true,"gegenvorschlag":false,"vorlage":"initiative"},"geometry":{"type":"LineString","coordinates":[[8.482911559096554,47.66125671526098],[8.482918095635126,47.661263456071886],[8.483003628836869,47.6613496784726],[8.483068415152063,47.66141943919388],[8.483126730691705,47.66148308807927],[8.483168284679932,47.66151835821922],[8.483235955208379,47.661556775266],[8.483317220258822,47.66160606985035],[8.483385574502169,47.661644039947454],[8.483446680934748,47.66167160600759],[8.48351917453444,47.661704780884115],[8.483614462823603,47.66175155666241],[8.483692624671448,47.66178657820118],[8.483757193291419,47.66181078511122],[8.483872867848774,47.661855002783305],[8.48400208031612,47.66190721122451],[8.484109237222615,47.66194818648053],[8.484260370664426,47.66200544091294],[8.48436755990778,47.662047360027415],[8.484462643226093,47.66208367676014],[8.484554640845689,47.66210664689586],[8.484685563823621,47.66214022128149]]}},{"type":"Feature","properties":{"nr":"H332","achse":"Rielasingen - Rheinbrücke","strasse":"Moskau","gemeinde":"Ramsen","fkt":"VO","fkt_text":"verkehrsorientiert","tempo":50,"dtv":8374,"laerm_tag_db":79.3,"bus":true,"linien":["25","33"],"haltestellen":["Ramsen, Zoll"],"bus_anteil":1.0,"bus_text":"ja","laenge_m":312,"abschnitt":"Moskau","abschnitt_km":0.404,"unfaelle":7,"unf_fuss":0,"unf_velo":4,"fassaden_igw":14,"initiative":true,"gegenvorschlag":true,"vorlage":"initiative"},"geometry":{"type":"LineString","coordinates":[[8.822327940328087,47.71154211046819],[8.82221006932577,47.7114382951653],[8.822077885195641,47.71132731953471],[8.821945912367989,47.71120349699538],[8.82183685999247,47.71108417765835],[8.821721658093947,47.71093706621868],[8.821637417957295,47.71081048064146],[8.821546047983349,47.710646121686246],[8.821500583477436,47.71054227163551],[8.821459549448761,47.71042690976929],[8.821384510720657,47.7101744614159],[8.821280245513655,47.7098219092901],[8.821213217743338,47.7095847731891],[8.821141825708645,47.70930551338602],[8.821090431212522,47.709063792871575],[8.821064294241726,47.708915621302]]}},{"type":"Feature","properties":{"nr":"737","achse":"Hofemerhölzli - Altdorf","strasse":"Altdorferstrasse","gemeinde":"Thayngen","fkt":"SO","fkt_text":"siedlungsorientiert","tempo":50,"dtv":607,"laerm_tag_db":63.5,"bus":true,"linien":["24"],"haltestellen":["Altdorf SH, Dorf"],"bus_anteil":1.0,"bus_text":"ja","laenge_m":181,"abschnitt":"Altdorferstrasse","abschnitt_km":0.126,"unfaelle":0,"unf_fuss":0,"unf_velo":0,"fassaden_igw":0,"initiative":true,"gegenvorschlag":false,"vorlage":"initiative"},"geometry":{"type":"LineString","coordinates":[[8.659766247761498,47.78465417431372],[8.659842566405144,47.78463159923466],[8.659925378809604,47.78461169014637],[8.660009672077088,47.784591765460455],[8.66009661642688,47.78455778227213],[8.660205530492966,47.78450953784291],[8.660282045041193,47.78447466563095],[8.660358536218688,47.784438786285534],[8.660463122568707,47.78439558768746],[8.66057070379074,47.78435437220845],[8.660647472653482,47.78433052371164],[8.660777651960247,47.78430109576594],[8.660912320223192,47.784273626197475],[8.66104725634305,47.78425717129793],[8.661173336510124,47.784243822238444],[8.661316014963354,47.78424132533241],[8.66143659824994,47.78424707400558],[8.661587055483055,47.78425952401354],[8.661748002037616,47.78427486760541],[8.661949288846234,47.78429880801357],[8.662029842270332,47.784311092663714]]}},{"type":"Feature","properties":{"nr":"H330","achse":"Stein am Rhein - Öhningen","strasse":"Oehningerstrasse","gemeinde":"Stein am Rhein","fkt":"VO","fkt_text":"verkehrsorientiert","tempo":50,"dtv":3448,"laerm_tag_db":75.8,"bus":true,"linien":[],"haltestellen":["Stein am Rhein, Grenzstein"],"bus_anteil":0.0,"bus_text":"ja","laenge_m":412,"abschnitt":"Oehningerstrasse","abschnitt_km":1.181,"unfaelle":16,"unf_fuss":1,"unf_velo":11,"fassaden_igw":15,"initiative":true,"gegenvorschlag":true,"vorlage":"initiative"},"geometry":{"type":"LineString","coordinates":[[8.871610765233871,47.65822447226765],[8.871908164517226,47.65822638729931],[8.872129942618438,47.65822487271362],[8.872302665647199,47.65822455708813],[8.87237729937256,47.65822839379851],[8.872477727601545,47.65824376715398],[8.872608350958032,47.658272412717416],[8.872700569864403,47.658308638417644],[8.872785118104234,47.658352658394804],[8.872876157408022,47.658410225348284],[8.872940849579493,47.65846633671904],[8.872988990348848,47.65852678116447],[8.87304127836185,47.6586120631407],[8.873087545887284,47.658702159764026],[8.873260726244649,47.65900935343644],[8.87345414106342,47.659351286806576],[8.87365285251484,47.65969500731978],[8.87370192510545,47.65975783258038],[8.873765010083227,47.65981989096941],[8.873839260492288,47.659872906403756],[8.873926677298384,47.659926361695085],[8.874019155947963,47.65997203675738],[8.874124627214302,47.6600122261644],[8.874684809659088,47.66022463002472],[8.874845090196013,47.660278343794964],[8.87502135091568,47.66033658196613],[8.875128421652853,47.66036843044074],[8.875207984971034,47.66038995124142],[8.875339948462383,47.66040491401456],[8.87538890943043,47.660407537352036]]}},{"type":"Feature","properties":{"nr":"714","achse":"Beringen - Guntmadingen","strasse":"Guntmadingerstrasse","gemeinde":"Beringen","fkt":"SO","fkt_text":"siedlungsorientiert","tempo":50,"dtv":1211,"laerm_tag_db":70.0,"bus":true,"linien":["21","28","N77"],"haltestellen":[],"bus_anteil":1.0,"bus_text":"ja","laenge_m":524,"abschnitt":"Guntmadingerstrasse","abschnitt_km":0.0,"unfaelle":0,"unf_fuss":0,"unf_velo":0,"fassaden_igw":0,"initiative":true,"gegenvorschlag":false,"vorlage":"initiative"},"geometry":{"type":"LineString","coordinates":[[8.567567485812305,47.69406744411072],[8.56766511308546,47.69413954632714],[8.567748025181176,47.69420876939355],[8.567848488908698,47.694285170093345],[8.568017894630946,47.69442471436541],[8.56812180601238,47.69451531909467],[8.568189933320213,47.69457586226029],[8.568471320499432,47.6948013539705],[8.568612727508363,47.69491096716058],[8.568681544164678,47.69496630470634],[8.569343058279447,47.69552018008827],[8.569725103729716,47.69584043229338],[8.569846461905895,47.69594298981484],[8.570073473983486,47.69613320113516],[8.570149327013542,47.6961947292503],[8.570166617256003,47.6962127111348],[8.570223944812005,47.696270767939446],[8.57033953685196,47.69639517395501],[8.570672051110261,47.696746728369355],[8.570766451399516,47.6968500511866],[8.570850316453074,47.696928562725844],[8.570879438661095,47.696960927828016],[8.570974352084653,47.69705331756569],[8.571111494970742,47.69718105653234],[8.571166328913854,47.69723080857165],[8.571303851083623,47.69737935611056],[8.571365583546434,47.697429589466594],[8.57166813860063,47.69768291093661],[8.571727589716717,47.6977342096647],[8.571744567861787,47.69777554320409],[8.571748181256083,47.69782425633936]]}},{"type":"Feature","properties":{"nr":"721","achse":"Schaffhausen - Hemmental","strasse":"Hauentalstrasse","gemeinde":"Schaffhausen","fkt":"SO","fkt_text":"siedlungsorientiert","tempo":50,"dtv":4015,"laerm_tag_db":76.2,"bus":true,"linien":["3","22","N1"],"haltestellen":["Schaffhausen, Heuberg"],"bus_anteil":1.0,"bus_text":"ja","laenge_m":345,"abschnitt":"Hauentalstrasse","abschnitt_km":1.795,"unfaelle":10,"unf_fuss":2,"unf_velo":0,"fassaden_igw":93,"initiative":true,"gegenvorschlag":false,"vorlage":"initiative"},"geometry":{"type":"LineString","coordinates":[[8.619381575453616,47.71783420775003],[8.619386524209295,47.717817059573285],[8.619413436177839,47.71776818175485],[8.619448456243136,47.71772370067445],[8.619492409303435,47.71766203992554],[8.61953518369162,47.7176066960435],[8.619612053771306,47.71752579513888],[8.619717682604922,47.717418491939895],[8.619825895728237,47.71730756471055],[8.61993681347994,47.71719840872382],[8.62000440204007,47.71712209892973],[8.62007700524203,47.717030421054176],[8.620149601250086,47.716937834788816],[8.620253078461266,47.71679633008552],[8.620587773048758,47.71631316048039],[8.620724613810813,47.71610750239766],[8.621008918609808,47.71570235555907],[8.621125392557678,47.7155444652904],[8.621231796356685,47.71541369584873],[8.621536915284986,47.715103602184676]]}},{"type":"Feature","properties":{"nr":"73","achse":"Hallau - Neunkirch","strasse":"Namenlos","gemeinde":"Neunkirch","fkt":"VO","fkt_text":"verkehrsorientiert","tempo":50,"dtv":5668,"laerm_tag_db":77.7,"bus":true,"linien":["21","N77"],"haltestellen":["Neunkirch, Schweizerbund"],"bus_anteil":1.0,"bus_text":"ja","laenge_m":99,"abschnitt":"","abschnitt_km":null,"unfaelle":null,"unf_fuss":null,"unf_velo":null,"fassaden_igw":null,"initiative":true,"gegenvorschlag":true,"vorlage":"initiative"},"geometry":{"type":"LineString","coordinates":[[8.500423561661998,47.68953494003971],[8.500427997732126,47.68946516840486],[8.500434585066595,47.6893970590047],[8.500456923212408,47.68932459645491],[8.500481808858215,47.68928486706356],[8.50052890064984,47.68923787439786],[8.500586891770784,47.68919237406239],[8.500662246567463,47.68915122104552],[8.500748118007385,47.68911639363341],[8.500853196372773,47.68908550088926],[8.500928279394813,47.68906336366929],[8.501012403207298,47.689034398186976],[8.50109806514662,47.68899180153827],[8.501163888730606,47.68895298384883],[8.501227741531514,47.68891021775051]]}},{"type":"Feature","properties":{"nr":"H13","achse":"Neuhausen - Erzingen","strasse":"Klettgauerstrasse","gemeinde":"Neuhausen am Rheinfall","fkt":"VO","fkt_text":"verkehrsorientiert","tempo":50,"dtv":8703,"laerm_tag_db":79.4,"bus":true,"linien":["21","N77"],"haltestellen":["Neuhausen, Engestrasse"],"bus_anteil":1.0,"bus_text":"ja","laenge_m":223,"abschnitt":"Klettgauerstrasse","abschnitt_km":0.984,"unfaelle":42,"unf_fuss":4,"unf_velo":5,"fassaden_igw":56,"initiative":true,"gegenvorschlag":true,"vorlage":"initiative"},"geometry":{"type":"LineString","coordinates":[[8.611418487367406,47.68730968234943],[8.611441449280417,47.68740705637044],[8.611456461000413,47.68754422931212],[8.611457862485775,47.687653864266366],[8.611419951621452,47.687870424094605],[8.611396791820503,47.68798434536087],[8.611361650932428,47.68815877502907],[8.611328370761226,47.68828548931364],[8.611274397834194,47.68842879096551],[8.611170030391358,47.688612904412885],[8.611045444339409,47.68878631171207],[8.610908215106047,47.68894763220538],[8.61077716000822,47.68908641358107],[8.61065622562877,47.689188962773486]]}},{"type":"Feature","properties":{"nr":"H13","achse":"Neuhausen - Erzingen","strasse":"Klettgauerstrasse","gemeinde":"Neuhausen am Rheinfall","fkt":"VO","fkt_text":"verkehrsorientiert","tempo":50,"dtv":7545,"laerm_tag_db":79.4,"bus":true,"linien":["1","7","21","N4","N77"],"haltestellen":["Neuhausen, Engestrasse","Neuhausen, Kreuzstrasse"],"bus_anteil":1.0,"bus_text":"ja","laenge_m":423,"abschnitt":"Klettgauerstrasse","abschnitt_km":0.984,"unfaelle":42,"unf_fuss":4,"unf_velo":5,"fassaden_igw":56,"initiative":true,"gegenvorschlag":true,"vorlage":"initiative"},"geometry":{"type":"LineString","coordinates":[[8.612606772342989,47.68371805961866],[8.612540865949565,47.683808128701806],[8.612218127624363,47.68428331001266],[8.612183294838372,47.6843343176301],[8.612008829454508,47.68457759406356],[8.611838523113374,47.684822896883034],[8.611777059506538,47.684924847015715],[8.611640752021415,47.68512303596915],[8.611430304028081,47.68541621513155],[8.61138047901769,47.68548681042404],[8.611356660829514,47.685525213531655],[8.611329033018864,47.68557684968292],[8.611314303188385,47.68560822646636],[8.611285240736878,47.685688325969465],[8.611256467972321,47.685780915582804],[8.611247185673536,47.685826124532475],[8.611238394567742,47.68589352638677],[8.611230396557955,47.685949821303],[8.611214571470182,47.68607073809977],[8.611206960692535,47.68619087043788],[8.611203896948199,47.6863310860593],[8.611215780484509,47.68645033808771],[8.611234540003718,47.686600407039556],[8.611305528979281,47.68683597904718],[8.61138908066428,47.6871847249908],[8.611418487367406,47.68730968234943]]}},{"type":"Feature","properties":{"nr":"747","achse":"Büsingen - Randegg","strasse":"Büsingerstrasse","gemeinde":"Dörflingen","fkt":"SO","fkt_text":"siedlungsorientiert","tempo":50,"dtv":1724,"laerm_tag_db":72.6,"bus":true,"linien":["25"],"haltestellen":["Dörflingen, Unterberg"],"bus_anteil":1.0,"bus_text":"ja","laenge_m":99,"abschnitt":"Büsingerstrasse","abschnitt_km":0.437,"unfaelle":3,"unf_fuss":0,"unf_velo":2,"fassaden_igw":2,"initiative":true,"gegenvorschlag":false,"vorlage":"initiative"},"geometry":{"type":"LineString","coordinates":[[8.713737104773209,47.70532208426273],[8.71384253604965,47.70539415979315],[8.714021871373689,47.705513930977624],[8.714072624448074,47.70554481839358],[8.714206364610126,47.70562430911094],[8.714349429669642,47.70570477665025],[8.714510544842147,47.70579108110108],[8.714637526034561,47.70585711797318],[8.714737887195527,47.70590670843994]]}},{"type":"Feature","properties":{"nr":"H14","achse":"Schaffhausen - Stühlingen","strasse":"Schwarzwaldstrasse","gemeinde":"Schleitheim","fkt":"VO","fkt_text":"verkehrsorientiert","tempo":50,"dtv":2630,"laerm_tag_db":74.2,"bus":true,"linien":["21"],"haltestellen":["Schleitheim, Bahnhofstrasse"],"bus_anteil":0.06,"bus_text":"ja","laenge_m":325,"abschnitt":"Schwarzwaldstrasse","abschnitt_km":0.767,"unfaelle":3,"unf_fuss":0,"unf_velo":1,"fassaden_igw":0,"initiative":true,"gegenvorschlag":true,"vorlage":"initiative"},"geometry":{"type":"LineString","coordinates":[[8.480240747873188,47.746909175850924],[8.480223901657872,47.74693809796583],[8.480203926859446,47.7469611841054],[8.480191499022366,47.74697407561361],[8.480138480936665,47.7470297274558],[8.480049993772921,47.7471173370996],[8.48002048676765,47.747149358467844],[8.479945191464479,47.74723106690238],[8.479887373087967,47.74728676158496],[8.479808035372518,47.74734670504432],[8.479684599504012,47.74742568728191],[8.479584694352498,47.74747931208149],[8.479471328594782,47.74752249845656],[8.479367275415486,47.747551013412966],[8.479262988044885,47.74756898060214],[8.479168170430624,47.74758026152676],[8.479104531993416,47.747584167396916],[8.479049198191998,47.74758384381394],[8.479025113855087,47.7475824313105],[8.478962431565678,47.74757731673084],[8.47886236152557,47.747567652765426],[8.47868857284869,47.7475415954568],[8.478529226475592,47.7475162272382],[8.478313128617872,47.7474808072184],[8.478114932142182,47.747439551745515],[8.477854967187106,47.74737856661477],[8.477607081897933,47.747321529248005],[8.477345819908866,47.74725894467303],[8.477090711959281,47.74720278014262],[8.476946924423231,47.74717647942944],[8.476776671664211,47.74715041470182],[8.476583696749655,47.74713185544065],[8.476453894146315,47.74712711347828]]}},{"type":"Feature","properties":{"nr":"733","achse":"Schweizersbild  -Lohn","strasse":"Freudentalstrasse","gemeinde":"Schaffhausen","fkt":"SO","fkt_text":"siedlungsorientiert","tempo":50,"dtv":2924,"laerm_tag_db":74.6,"bus":true,"linien":["10"],"haltestellen":["Schaffhausen, Buchbrunnen"],"bus_anteil":0.15,"bus_text":"teilweise","laenge_m":21,"abschnitt":"Freudentalstrasse","abschnitt_km":0.113,"unfaelle":1,"unf_fuss":0,"unf_velo":0,"fassaden_igw":0,"initiative":true,"gegenvorschlag":false,"vorlage":"initiative"},"geometry":{"type":"LineString","coordinates":[[8.638282432021708,47.72445741700104],[8.638444444436082,47.72460986039478]]}},{"type":"Feature","properties":{"nr":"H15","achse":"Herblingen - Thayngen","strasse":"Thayngerstrasse","gemeinde":"Schaffhausen","fkt":"VO","fkt_text":"verkehrsorientiert","tempo":50,"dtv":2608,"laerm_tag_db":75.1,"bus":true,"linien":["5","N76"],"haltestellen":["Schaffhausen, Schlossweiher"],"bus_anteil":1.0,"bus_text":"ja","laenge_m":104,"abschnitt":"Thayngerstrasse","abschnitt_km":0.874,"unfaelle":13,"unf_fuss":1,"unf_velo":1,"fassaden_igw":11,"initiative":true,"gegenvorschlag":true,"vorlage":"initiative"},"geometry":{"type":"LineString","coordinates":[[8.664481903039986,47.72953159661653],[8.664471049444442,47.729524596618546],[8.664402879835592,47.72947934585508],[8.66436204489115,47.72945162444108],[8.664322917401622,47.729422796716364],[8.664285552343323,47.72939293405677],[8.664250016978741,47.72936206273771],[8.66421636607501,47.72933024514292],[8.66418465419057,47.72929753466427],[8.664154935883396,47.72926398469345],[8.66405277804979,47.729125093490296],[8.663938353645811,47.72895095724146],[8.663837742679297,47.72878554361708],[8.663809342294526,47.72873000682291]]}},{"type":"Feature","properties":{"nr":"H15","achse":"Herblingen - Thayngen","strasse":"Ernst Homberger-Strasse","gemeinde":"Schaffhausen","fkt":"VO","fkt_text":"verkehrsorientiert","tempo":50,"dtv":5029,"laerm_tag_db":77.7,"bus":true,"linien":["9"],"haltestellen":["Herblingen, Bahnhof"],"bus_anteil":1.0,"bus_text":"ja","laenge_m":53,"abschnitt":"Ernst Homberger-Strasse","abschnitt_km":0.471,"unfaelle":15,"unf_fuss":1,"unf_velo":8,"fassaden_igw":0,"initiative":true,"gegenvorschlag":true,"vorlage":"initiative"},"geometry":{"type":"LineString","coordinates":[[8.663409916857093,47.716740402427895],[8.663292748943052,47.71673795812447],[8.663175915916357,47.7167315527056],[8.663059698450457,47.71672121919338],[8.66294440324336,47.71670696335415],[8.662830298266176,47.71668884532875],[8.662717677306158,47.71666688901023]]}},{"type":"Feature","properties":{"nr":"605","achse":"Gyrengrüebli - Rüdlingen","strasse":"Dorfstrasse","gemeinde":"Rüdlingen","fkt":"SO","fkt_text":"siedlungsorientiert","tempo":50,"dtv":388,"laerm_tag_db":61.4,"bus":true,"linien":["675"],"haltestellen":[],"bus_anteil":1.0,"bus_text":"ja","laenge_m":98,"abschnitt":"Dorfstrasse","abschnitt_km":0.428,"unfaelle":1,"unf_fuss":0,"unf_velo":0,"fassaden_igw":0,"initiative":true,"gegenvorschlag":false,"vorlage":"initiative"},"geometry":{"type":"LineString","coordinates":[[8.569881856456107,47.58245154838392],[8.570106271886287,47.58226204724502],[8.57033684665012,47.582071577082836],[8.57040526911133,47.58200982724887],[8.570486312603249,47.58192464027887],[8.570549472829935,47.581847417097904],[8.570633293349193,47.5817372519887]]}},{"type":"Feature","properties":{"nr":"747","achse":"Büsingen - Randegg","strasse":"Neudörflingerstrasse","gemeinde":"Dörflingen","fkt":"SO","fkt_text":"siedlungsorientiert","tempo":50,"dtv":3208,"laerm_tag_db":75.4,"bus":true,"linien":["25"],"haltestellen":[],"bus_anteil":1.0,"bus_text":"ja","laenge_m":191,"abschnitt":"Neudörflingerstrasse","abschnitt_km":0.657,"unfaelle":1,"unf_fuss":0,"unf_velo":1,"fassaden_igw":12,"initiative":true,"gegenvorschlag":false,"vorlage":"initiative"},"geometry":{"type":"LineString","coordinates":[[8.719311905095841,47.70784907744205],[8.719340801100785,47.707885132337125],[8.719388843718484,47.707925491427936],[8.719440769747287,47.70796332525551],[8.719533837599284,47.70802340749403],[8.719658529183977,47.708098422582424],[8.719841160548684,47.70820698653644],[8.719998608499578,47.7082990982856],[8.720165777561853,47.708392559732005],[8.720429359895995,47.7085504278556],[8.720487134051599,47.70858262020974],[8.720569794017827,47.708639290611956],[8.720659007559986,47.70870024195238],[8.720763686064931,47.708768622888996],[8.72078577000087,47.7087830491227],[8.720883319899123,47.7088564015326],[8.72094237703435,47.708901927174175],[8.721124417939329,47.70904695887751]]}},{"type":"Feature","properties":{"nr":"72","achse":"Wichingen - Hallau","strasse":"Bahnhofstrasse","gemeinde":"Wilchingen","fkt":"VO","fkt_text":"verkehrsorientiert","tempo":50,"dtv":2744,"laerm_tag_db":74.9,"bus":true,"linien":["27","N77"],"haltestellen":[],"bus_anteil":1.0,"bus_text":"ja","laenge_m":499,"abschnitt":"Bahnhofstrasse","abschnitt_km":0.831,"unfaelle":1,"unf_fuss":0,"unf_velo":0,"fassaden_igw":0,"initiative":true,"gegenvorschlag":true,"vorlage":"initiative"},"geometry":{"type":"LineString","coordinates":[[8.457634929657939,47.67692065301961],[8.457965291411297,47.677048043099546],[8.458072600611974,47.677089490606825],[8.458192004329968,47.67714143588221],[8.458262673656263,47.67718128000277],[8.458414830632693,47.67727918507025],[8.45865574192877,47.6774424710943],[8.45882477203229,47.67755274722649],[8.45895674186571,47.677639586265215],[8.45904279242045,47.67768764132718],[8.459137379392926,47.67773499176444],[8.459818570465714,47.67801772503411],[8.460792629239092,47.67841535864499],[8.461221535528491,47.67859053042074],[8.461576142735776,47.67872971298299],[8.46196704761321,47.678880869667104],[8.46234348563731,47.679019308990725],[8.4627720026389,47.679197932232526],[8.463050069908613,47.67930903093977],[8.463180639422209,47.67936418249273]]}},{"type":"Feature","properties":{"nr":"72","achse":"Wichingen - Hallau","strasse":"Bahnhofstrasse","gemeinde":"Wilchingen","fkt":"VO","fkt_text":"verkehrsorientiert","tempo":50,"dtv":2744,"laerm_tag_db":74.9,"bus":true,"linien":["27","N77"],"haltestellen":[],"bus_anteil":1.0,"bus_text":"ja","laenge_m":130,"abschnitt":"Bahnhofstrasse","abschnitt_km":0.831,"unfaelle":1,"unf_fuss":0,"unf_velo":0,"fassaden_igw":0,"initiative":true,"gegenvorschlag":true,"vorlage":"initiative"},"geometry":{"type":"LineString","coordinates":[[8.46429756656684,47.68030585487143],[8.464311648568506,47.68032261241277],[8.464361124112616,47.68038377596869],[8.46439984415935,47.68043008632974],[8.464452581090196,47.68049253418637],[8.46451931028182,47.68056984258033],[8.464575489053233,47.680641514877045],[8.464637583153761,47.68071534745104],[8.464699723487804,47.68079224655643],[8.464773230148596,47.68088181681049],[8.464838653598632,47.68096042269877],[8.464910716802814,47.68104558053623],[8.465004208081933,47.68115954588957],[8.465083661544286,47.68125560209244],[8.465139755250165,47.68132418090572]]}},{"type":"Feature","properties":{"nr":"721","achse":"Schaffhausen - Hemmental","strasse":"Hauptstrasse","gemeinde":"Schaffhausen","fkt":"SO","fkt_text":"siedlungsorientiert","tempo":50,"dtv":1336,"laerm_tag_db":70.4,"bus":true,"linien":["22"],"haltestellen":["Hemmental, Gehren"],"bus_anteil":1.0,"bus_text":"ja","laenge_m":489,"abschnitt":"Hauptstrasse","abschnitt_km":0.785,"unfaelle":1,"unf_fuss":0,"unf_velo":1,"fassaden_igw":0,"initiative":true,"gegenvorschlag":false,"vorlage":"initiative"},"geometry":{"type":"LineString","coordinates":[[8.58402686330564,47.73373364611286],[8.584343172090456,47.73369899730257],[8.584577621898601,47.73367538948185],[8.58503893609556,47.73362822020557],[8.58536787947888,47.73359344404658],[8.585904825387557,47.73353958047227],[8.586261558564848,47.73350452762425],[8.58706851367004,47.73343845119502],[8.58724166481821,47.733421136517855],[8.587335668519755,47.73340705874527],[8.587655757997208,47.7333551399086],[8.5878249192467,47.73332171044715],[8.58793851310327,47.73327844175389],[8.588175906826363,47.733182440328626],[8.588342885358626,47.73309336743478],[8.588450144245083,47.73301504804014],[8.588528662377152,47.73296569478465],[8.58863308067146,47.7328879699244],[8.588721077388215,47.73281039836956],[8.588807746886845,47.73272943111938],[8.588875629510314,47.732656330545375],[8.588940659235892,47.732567905279296],[8.589020293309463,47.73245462881239],[8.589158336676016,47.732238502929405],[8.589358412011569,47.731912692018945]]}},{"type":"Feature","properties":{"nr":"H4","achse":"Bargen Schaffhausen","strasse":"Ebnatstrasse","gemeinde":"Schaffhausen","fkt":"VO","fkt_text":"verkehrsorientiert","tempo":50,"dtv":6931,"laerm_tag_db":79.3,"bus":true,"linien":["1","9","N3"],"haltestellen":["Schaffhausen, Ebnatring"],"bus_anteil":1.0,"bus_text":"ja","laenge_m":691,"abschnitt":"Ebnatstrasse","abschnitt_km":2.434,"unfaelle":57,"unf_fuss":4,"unf_velo":9,"fassaden_igw":10,"initiative":true,"gegenvorschlag":true,"vorlage":"initiative"},"geometry":{"type":"LineString","coordinates":[[8.646788467293359,47.70818597670682],[8.646942042742554,47.708286914830104],[8.647057536800869,47.70833717030231],[8.647325482781456,47.70842331054246],[8.647619459396457,47.70854234123745],[8.64805814413704,47.70875017692248],[8.648572676188785,47.709000879589865],[8.649091703880156,47.70925449229631],[8.649749141174377,47.70957691478557],[8.650096490178942,47.70974151469336],[8.650558055721007,47.70997002320235],[8.650748408351163,47.71005515675313],[8.651053249151335,47.710205023780624],[8.651649812782841,47.710499657697994],[8.652360975257306,47.710850664279214],[8.652743212879558,47.711034310658846],[8.653171331739747,47.71124682466848],[8.653627199640633,47.71147966190949],[8.654254226765639,47.71181304420984]]}},{"type":"Feature","properties":{"nr":"746","achse":"Herblingen - Dörflingen","strasse":"Gennersbrunnerstrasse","gemeinde":"Dörflingen","fkt":"SO","fkt_text":"siedlungsorientiert","tempo":50,"dtv":2040,"laerm_tag_db":72.8,"bus":true,"linien":["25"],"haltestellen":[],"bus_anteil":0.13,"bus_text":"teilweise","laenge_m":21,"abschnitt":"Gennersbrunnerstrasse","abschnitt_km":0.154,"unfaelle":0,"unf_fuss":0,"unf_velo":0,"fassaden_igw":0,"initiative":true,"gegenvorschlag":false,"vorlage":"initiative"},"geometry":{"type":"LineString","coordinates":[[8.719141540416013,47.70799103283396],[8.719172285150236,47.70795901607179],[8.719222713469417,47.70790462009784],[8.719267124673294,47.70786921458104],[8.719311905095841,47.70784907744205]]}},{"type":"Feature","properties":{"nr":"801","achse":"Buch - Murbach","strasse":"Dorfstrasse","gemeinde":"Buch (SH)","fkt":"SO","fkt_text":"siedlungsorientiert","tempo":50,"dtv":390,"laerm_tag_db":61.1,"bus":true,"linien":["25"],"haltestellen":[],"bus_anteil":1.0,"bus_text":"ja","laenge_m":75,"abschnitt":"Dorfstrasse","abschnitt_km":0.823,"unfaelle":2,"unf_fuss":1,"unf_velo":1,"fassaden_igw":0,"initiative":true,"gegenvorschlag":false,"vorlage":"initiative"},"geometry":{"type":"LineString","coordinates":[[8.776820937151522,47.71733579628844],[8.776829493507066,47.71733472638902],[8.776942630961774,47.71731761167154],[8.777179598639782,47.71727562248366],[8.777517163039576,47.71721448529407],[8.777615636689946,47.7171899025099],[8.777783949617346,47.71714422361339]]}},{"type":"Feature","properties":{"nr":"72","achse":"Wichingen - Hallau","strasse":"Bahnhofstrasse","gemeinde":"Wilchingen","fkt":"VO","fkt_text":"verkehrsorientiert","tempo":30,"dtv":2744,"laerm_tag_db":71.1,"bus":true,"linien":["27","N77"],"haltestellen":["Wilchingen-Hallau, Bahnhof"],"bus_anteil":1.0,"bus_text":"ja","laenge_m":142,"abschnitt":"Bahnhofstrasse","abschnitt_km":0.831,"unfaelle":1,"unf_fuss":0,"unf_velo":0,"fassaden_igw":0,"initiative":true,"gegenvorschlag":true,"vorlage":"initiative"},"geometry":{"type":"LineString","coordinates":[[8.463180639422209,47.67936418249273],[8.463687224184932,47.67957338631797],[8.463838739573173,47.679637247473],[8.463936258348557,47.679688417620525],[8.463988381283492,47.679727459574806],[8.464032103754073,47.679774922128516],[8.464064992644744,47.67982826345673],[8.46408087646809,47.67988721424841],[8.46408704704405,47.67996038942324],[8.464101636655736,47.68002609717608],[8.464143236189583,47.68011180317267],[8.4642007899217,47.680188509186685],[8.464245560374067,47.68024398510671],[8.46429756656684,47.68030585487143]]}},{"type":"Feature","properties":{"nr":"721","achse":"Schaffhausen - Hemmental","strasse":"Nordstrasse","gemeinde":"Schaffhausen","fkt":"SO","fkt_text":"siedlungsorientiert","tempo":50,"dtv":5443,"laerm_tag_db":77.3,"bus":true,"linien":["3","4","22","N1"],"haltestellen":["Schaffhausen, Psychiatriezentr"],"bus_anteil":1.0,"bus_text":"ja","laenge_m":87,"abschnitt":"Nordstrasse","abschnitt_km":1.026,"unfaelle":37,"unf_fuss":6,"unf_velo":16,"fassaden_igw":111,"initiative":true,"gegenvorschlag":false,"vorlage":"initiative"},"geometry":{"type":"LineString","coordinates":[[8.627541289217124,47.70721106733818],[8.627552732669013,47.707167013511395],[8.627566883525967,47.707118911571804],[8.627570930880431,47.70707305360032],[8.627573212650063,47.70703164783956],[8.627568091686665,47.706982205008735],[8.627546263001372,47.70684382729737],[8.627513763228139,47.706640854271015],[8.627491746523843,47.70642879776277]]}},{"type":"Feature","properties":{"nr":"738","achse":"Lohn - Hofen","strasse":"Schmittengasse","gemeinde":"Lohn (SH)","fkt":"SO","fkt_text":"siedlungsorientiert","tempo":50,"dtv":498,"laerm_tag_db":62.1,"bus":true,"linien":["24"],"haltestellen":[],"bus_anteil":1.0,"bus_text":"ja","laenge_m":272,"abschnitt":"Schmittengasse","abschnitt_km":0.216,"unfaelle":1,"unf_fuss":0,"unf_velo":0,"fassaden_igw":0,"initiative":true,"gegenvorschlag":false,"vorlage":"initiative"},"geometry":{"type":"LineString","coordinates":[[8.668844633824232,47.75849451714838],[8.66900495115293,47.758062265091944],[8.669104527721734,47.75779188349233],[8.66914149196603,47.75772497213313],[8.669168114970928,47.7576842620415],[8.669271574718595,47.75756883463879],[8.669396417259486,47.757424840497485],[8.669441360765816,47.757371848443825],[8.669488403497903,47.757320228248936],[8.66956529133971,47.7572483163533],[8.669593762830967,47.75722803020487],[8.66962298168864,47.75721005662188],[8.669761651029171,47.75712726457976],[8.670040979095026,47.75695838506412],[8.670227207839124,47.75684627191424],[8.670392279127507,47.75674320568132],[8.670460844877828,47.756698336621575],[8.670496643485414,47.756666819960216],[8.670543077638436,47.75661892031883],[8.670599534979521,47.75655698263706],[8.670637863805574,47.75651613922102],[8.670659863371288,47.75648430093512],[8.670675889766997,47.75646229350832]]}},{"type":"Feature","properties":{"nr":"707","achse":"Hallau - Oberhallau","strasse":"Dorfstrasse","gemeinde":"Oberhallau","fkt":"SO","fkt_text":"siedlungsorientiert","tempo":50,"dtv":1062,"laerm_tag_db":68.3,"bus":true,"linien":["27","N77"],"haltestellen":[],"bus_anteil":1.0,"bus_text":"ja","laenge_m":388,"abschnitt":"Dorfstrasse","abschnitt_km":0.569,"unfaelle":0,"unf_fuss":0,"unf_velo":0,"fassaden_igw":0,"initiative":true,"gegenvorschlag":false,"vorlage":"initiative"},"geometry":{"type":"LineString","coordinates":[[8.47411853247714,47.7025969720236],[8.474133760550346,47.70260714348527],[8.47420407907713,47.70265053365186],[8.474270404221897,47.70269342870917],[8.474346258394696,47.70273372050738],[8.474411321835856,47.70276727297422],[8.474510885172021,47.70280718251494],[8.474609467812147,47.702837135367446],[8.474691646705699,47.70285471470644],[8.47478758177107,47.70287055244995],[8.474879203209841,47.70288451284845],[8.474987382307555,47.70289350477573],[8.475081186441335,47.70289780399503],[8.47524692795534,47.70290628242143],[8.475404395087677,47.702914744472224],[8.475494217545096,47.7029252757331],[8.475567230010036,47.702938088456214],[8.47564742728477,47.702955828703395],[8.475711367563909,47.702971429462934],[8.475802062355177,47.70299928413042],[8.47588432699062,47.7030293725106],[8.475947824895417,47.70305707401013],[8.476003095654265,47.70308581125381],[8.476062693332013,47.703119816311236],[8.47613280757728,47.70316626510204],[8.476173913563258,47.70319967965039],[8.476230171986492,47.70324481301557],[8.476291102505485,47.70329310650908],[8.476366982415328,47.70336179080642],[8.476451324284225,47.70344820761226],[8.476557316294075,47.70355493734966],[8.476639392536516,47.70363993520837],[8.476735840377724,47.703744375592585],[8.476837389232438,47.70385820503502],[8.47692198284708,47.703964181179764],[8.476943942385535,47.70399687606387],[8.476970452123757,47.704038065597715],[8.476993578216607,47.70408608480767],[8.477010159362232,47.70414415480153],[8.47701460787736,47.704180765579174],[8.47700903756014,47.704222862246645],[8.477004257538026,47.70425021969621],[8.477001119051561,47.70428043156513],[8.476997316403635,47.7043311376774],[8.476998912850224,47.70438538416292],[8.477006974337995,47.70444317049366],[8.477015830067415,47.704514962364556],[8.47702333050785,47.70457131466476],[8.477037224156085,47.70461870580384],[8.477063224375152,47.704695731915734],[8.477090305065547,47.70475650522307],[8.47712712585996,47.7048424196488],[8.477177655572408,47.7049486189465]]}},{"type":"Feature","properties":{"nr":"H4","achse":"Bargen Schaffhausen","strasse":"Schaffhauserstrasse","gemeinde":"Neuhausen am Rheinfall","fkt":"VO","fkt_text":"verkehrsorientiert","tempo":50,"dtv":11253,"laerm_tag_db":80.7,"bus":true,"linien":["1","7","21","N4","N77"],"haltestellen":["Neuhausen, Rheinhof","Neuhausen, Scheidegg"],"bus_anteil":1.0,"bus_text":"ja","laenge_m":697,"abschnitt":"Schaffhauserstrasse","abschnitt_km":1.233,"unfaelle":61,"unf_fuss":6,"unf_velo":11,"fassaden_igw":51,"initiative":true,"gegenvorschlag":true,"vorlage":"initiative"},"geometry":{"type":"LineString","coordinates":[[8.617415007323952,47.682272868143194],[8.617487101087452,47.68229193310033],[8.617582386386735,47.68232909305481],[8.617676984839857,47.682383861738735],[8.617787201166308,47.68245753075075],[8.617916327773127,47.682554995501654],[8.618057065923091,47.68266129155991],[8.61826786951353,47.682843840259224],[8.618472274180677,47.683030851768294],[8.618791290493496,47.68332002523737],[8.619191811965026,47.68368752845862],[8.61974214069871,47.684201904335076],[8.619822032723036,47.68428024192417],[8.620047710609944,47.68454508685702],[8.620387093913443,47.68494398606905],[8.620646145986456,47.68524476434321],[8.62070798281586,47.68531669218357],[8.62079675009484,47.68542791187046],[8.620970492518099,47.6856868884524],[8.62104398494422,47.685782676277995],[8.621188668903411,47.68599227277646],[8.621393764557046,47.68628260747695],[8.621550145213712,47.686505279063496],[8.621739799215534,47.68675948738726],[8.622071800507708,47.68720833906846],[8.622161723988139,47.687319168152385],[8.622344114136007,47.68752523109183]]}},{"type":"Feature","properties":{"nr":"H4","achse":"Bargen Schaffhausen","strasse":"Zollstrasse","gemeinde":"Neuhausen am Rheinfall","fkt":"VO","fkt_text":"verkehrsorientiert","tempo":50,"dtv":9608,"laerm_tag_db":79.4,"bus":true,"linien":["1","N4"],"haltestellen":["Neuhausen, Durstgraben","Neuhausen, Rhenania"],"bus_anteil":0.57,"bus_text":"teilweise","laenge_m":440,"abschnitt":"Zollstrasse","abschnitt_km":2.124,"unfaelle":75,"unf_fuss":19,"unf_velo":11,"fassaden_igw":23,"initiative":true,"gegenvorschlag":true,"vorlage":"initiative"},"geometry":{"type":"LineString","coordinates":[[8.60328764726935,47.678179335571606],[8.603505513851086,47.678262112046475],[8.603659600183292,47.67832135930868],[8.603897421385112,47.678418954617655],[8.604034667302793,47.67846636292793],[8.604256635946173,47.67854252124999],[8.604343859252882,47.678578396727985],[8.604421390682155,47.67860414289354],[8.604560852288468,47.678642650992714],[8.604752923647478,47.67870550905803],[8.604951259517843,47.67878430475375],[8.6051644798464,47.67887130635062],[8.605317294719109,47.678935547036204],[8.605405059143367,47.67897899847466],[8.605533568416773,47.67904563261635],[8.605544295612363,47.67905195578401],[8.605676208021183,47.67912856622828],[8.60576524289251,47.679181295733336],[8.605855484996004,47.67924045295097],[8.605898457497116,47.67926862302948],[8.605971701990018,47.679325792309044],[8.606218501636453,47.67952279648827],[8.606523776180554,47.67977926717891],[8.606974540471946,47.68015154153829],[8.60715680786207,47.68030271920983],[8.607460992304349,47.68055705777085],[8.607591472157235,47.680664422935386],[8.607652093900231,47.68072458734279]]}},{"type":"Feature","properties":{"nr":"H4","achse":"Bargen Schaffhausen","strasse":"Rheinuferstrasse","gemeinde":"Schaffhausen","fkt":"VO","fkt_text":"verkehrsorientiert","tempo":50,"dtv":15336,"laerm_tag_db":81.9,"bus":true,"linien":["1","6","21","25","630","632","634","N3","N4","N69","N77"],"haltestellen":["Schaffhausen, Mühlentor"],"bus_anteil":1.0,"bus_text":"ja","laenge_m":101,"abschnitt":"Rheinuferstrasse","abschnitt_km":0.653,"unfaelle":28,"unf_fuss":3,"unf_velo":2,"fassaden_igw":43,"initiative":true,"gegenvorschlag":true,"vorlage":"initiative"},"geometry":{"type":"LineString","coordinates":[[8.631713362532388,47.69359034903748],[8.631764524247789,47.693581728897954],[8.63188896068786,47.693557335889814],[8.631982733516756,47.69354019223526],[8.632109082842133,47.69352502546493],[8.632283248734366,47.69350473534396],[8.632455788120236,47.693487942456755],[8.632655814582574,47.69347547195404],[8.632852561418495,47.69346998738975],[8.633046094211572,47.693472621386796]]}},{"type":"Feature","properties":{"nr":"706","achse":"Hallau - Schleitheim","strasse":"Hallauerstrasse","gemeinde":"Schleitheim","fkt":"SO","fkt_text":"siedlungsorientiert","tempo":50,"dtv":783,"laerm_tag_db":65.7,"bus":true,"linien":["21"],"haltestellen":["Schleitheim, Bahnhofstrasse"],"bus_anteil":0.06,"bus_text":"ja","laenge_m":397,"abschnitt":"Hallauerstrasse","abschnitt_km":0.397,"unfaelle":0,"unf_fuss":0,"unf_velo":0,"fassaden_igw":0,"initiative":true,"gegenvorschlag":false,"vorlage":"initiative"},"geometry":{"type":"LineString","coordinates":[[8.477405547506661,47.743972170637704],[8.477407954088743,47.74397657412019],[8.477696776721055,47.74447595021065],[8.477804302388371,47.74465646753751],[8.477967970604348,47.744939030982366],[8.478124071309718,47.7451946802731],[8.478184093494209,47.745296008187346],[8.478263525134645,47.74541875682956],[8.47829739780595,47.74546098599524],[8.478352717946652,47.74552996002436],[8.4784325008887,47.74562032758124],[8.478548718760853,47.74573331268667],[8.478607774668252,47.74578743135023],[8.478695133461546,47.74585681132968],[8.478761029733946,47.745902756317925],[8.478823913411818,47.745946713585155],[8.478856335649295,47.745968026889535],[8.478915113889723,47.74600663350633],[8.47907314586869,47.74610780401445],[8.479305101514871,47.746255512731366],[8.479495543268529,47.74637861652528],[8.479686481728276,47.74649777626249],[8.479996075790412,47.74671727917228],[8.480101467167165,47.7467961650601],[8.480135201512429,47.746821081786344],[8.48016333000779,47.74684370129795],[8.480187785046592,47.74685515636187],[8.48020715264766,47.74686761930905],[8.480223635991804,47.74688191583755],[8.480234242613633,47.746893027197444],[8.480240747873188,47.746909175850924]]}},{"type":"Feature","properties":{"nr":"721","achse":"Schaffhausen - Hemmental","strasse":"Hauentalstrasse","gemeinde":"Schaffhausen","fkt":"SO","fkt_text":"siedlungsorientiert","tempo":50,"dtv":1336,"laerm_tag_db":70.4,"bus":true,"linien":["22"],"haltestellen":[],"bus_anteil":1.0,"bus_text":"ja","laenge_m":71,"abschnitt":"Hauentalstrasse","abschnitt_km":1.795,"unfaelle":10,"unf_fuss":2,"unf_velo":0,"fassaden_igw":93,"initiative":true,"gegenvorschlag":false,"vorlage":"initiative"},"geometry":{"type":"LineString","coordinates":[[8.61644286224342,47.720882312214336],[8.616704397443863,47.7208415363015],[8.61696858990555,47.72078841986694],[8.617147806915282,47.7207470741015],[8.617231411997135,47.720726457473596],[8.61734803752266,47.7206911153787]]}},{"type":"Feature","properties":{"nr":"710","achse":"Gächlingen - Siblingerhöhe","strasse":"Bergstrasse","gemeinde":"Gächlingen","fkt":"SO","fkt_text":"siedlungsorientiert","tempo":50,"dtv":676,"laerm_tag_db":64.6,"bus":true,"linien":["21"],"haltestellen":["Gächlingen, Siblingerstrasse"],"bus_anteil":1.0,"bus_text":"ja","laenge_m":339,"abschnitt":"","abschnitt_km":null,"unfaelle":null,"unf_fuss":null,"unf_velo":null,"fassaden_igw":null,"initiative":true,"gegenvorschlag":false,"vorlage":"initiative"},"geometry":{"type":"LineString","coordinates":[[8.502946711034923,47.704372946196486],[8.502911072116888,47.70439832087564],[8.502869820950222,47.704429530086664],[8.50282689737739,47.70447167334499],[8.502794522060555,47.70451756946506],[8.502776156116392,47.70455114142281],[8.502767624794037,47.70460003011861],[8.502770420177916,47.70464432710277],[8.50278547496274,47.704683367272644],[8.502822663064684,47.70473441870472],[8.502899102914663,47.704797306662364],[8.503102015519936,47.70495088350949],[8.503301197239587,47.70510771403632],[8.50339981001134,47.70518517577004],[8.503471349133493,47.7052534327056],[8.503502287743679,47.70528586057015],[8.503529441569821,47.705338136941094],[8.503539818410982,47.70540492146708],[8.50353367578194,47.70546058780901],[8.50351409915363,47.7055114754705],[8.503479791559322,47.70556597875829],[8.503418118757047,47.705618673067136],[8.503357070342114,47.7056560358017],[8.503291004947227,47.70568444143241],[8.503210224415785,47.70570399675614],[8.503052122168665,47.705734882004684],[8.502904999507706,47.705769758795064],[8.50281235527779,47.705801690305215],[8.502733249635243,47.70584493820852],[8.502679589309098,47.705887953145925],[8.502659466429407,47.70591103612362],[8.502637119277058,47.70594477938673],[8.502619588334491,47.70597683265606],[8.50260341746635,47.706016230585035],[8.502571273101168,47.70610485509455],[8.502559018414342,47.7061581219313],[8.502542781948328,47.706253957940866],[8.502529988462541,47.70634076841127],[8.502519376151765,47.7064161005307],[8.502499256142112,47.70649970421937],[8.502463819110703,47.70660552839783],[8.50242459716631,47.70670403008695],[8.502372955863919,47.706847624499034]]}},{"type":"Feature","properties":{"nr":"H4","achse":"Bargen Schaffhausen","strasse":"Mühlenstrasse","gemeinde":"Schaffhausen","fkt":"VO","fkt_text":"verkehrsorientiert","tempo":50,"dtv":21236,"laerm_tag_db":84.0,"bus":true,"linien":["1","21","N4","N77"],"haltestellen":["Schaffhausen, Brüggli"],"bus_anteil":1.0,"bus_text":"ja","laenge_m":150,"abschnitt":"Mühlenstrasse","abschnitt_km":0.575,"unfaelle":40,"unf_fuss":1,"unf_velo":9,"fassaden_igw":65,"initiative":true,"gegenvorschlag":true,"vorlage":"initiative"},"geometry":{"type":"LineString","coordinates":[[8.626987594793926,47.69309557217867],[8.627026966901612,47.69309169774839],[8.627088166546951,47.69308395739044],[8.627156065293365,47.6930713905123],[8.627229144166542,47.69305992187644],[8.62730712932782,47.69304922148612],[8.627394853237956,47.69303676647064],[8.627523344978279,47.69302564818293],[8.627666014193572,47.69301467250276],[8.627743896153927,47.6930142173521],[8.62784189174915,47.69301544511058],[8.627976763832233,47.69302506478255],[8.62808567508922,47.693038979467644],[8.628220417809802,47.69306656174938],[8.628316567095151,47.693092344392134],[8.628474663310156,47.6931442506557],[8.628667920086029,47.69321412697127],[8.628797740074479,47.69326448753579],[8.628881141408327,47.69329977231356]]}},{"type":"Feature","properties":{"nr":"745","achse":"Thayngen - Neu Dörflingen","strasse":"Thayngerstrasse","gemeinde":"Dörflingen","fkt":"SO","fkt_text":"siedlungsorientiert","tempo":50,"dtv":1325,"laerm_tag_db":69.8,"bus":true,"linien":["25"],"haltestellen":[],"bus_anteil":0.31,"bus_text":"teilweise","laenge_m":20,"abschnitt":"","abschnitt_km":null,"unfaelle":null,"unf_fuss":null,"unf_velo":null,"fassaden_igw":null,"initiative":true,"gegenvorschlag":false,"vorlage":"initiative"},"geometry":{"type":"LineString","coordinates":[[8.722990498867306,47.712394893202436],[8.72299487317761,47.71241809532703],[8.723006130785429,47.712517385754474],[8.723010799705001,47.71257457356713]]}},{"type":"Feature","properties":{"nr":"743","achse":"Thayngen - Barzheim","strasse":"Barzheimerstrasse","gemeinde":"Thayngen","fkt":"SO","fkt_text":"siedlungsorientiert","tempo":50,"dtv":303,"laerm_tag_db":60.2,"bus":true,"linien":["24"],"haltestellen":[],"bus_anteil":1.0,"bus_text":"ja","laenge_m":244,"abschnitt":"Barzheimerstrasse","abschnitt_km":0.809,"unfaelle":3,"unf_fuss":1,"unf_velo":2,"fassaden_igw":4,"initiative":true,"gegenvorschlag":false,"vorlage":"initiative"},"geometry":{"type":"LineString","coordinates":[[8.70594476724329,47.75305000703242],[8.705980447985963,47.75307968590325],[8.706030271456106,47.75311571348342],[8.706074614480872,47.75314176323502],[8.706170288579694,47.753194389158],[8.706285472212679,47.75325858480232],[8.706396155558958,47.75331752280435],[8.706750522470768,47.75350945499363],[8.707298081105352,47.753804250629834],[8.707525764444258,47.753925599436776],[8.70789266094446,47.75412410118472],[8.708399518997814,47.75439746187763],[8.708470279214865,47.754436021117215]]}},{"type":"Feature","properties":{"nr":"743","achse":"Thayngen - Barzheim","strasse":"Barzheimerstrasse","gemeinde":"Thayngen","fkt":"SO","fkt_text":"siedlungsorientiert","tempo":50,"dtv":303,"laerm_tag_db":59.9,"bus":true,"linien":["24"],"haltestellen":["Barzheim, Dorf"],"bus_anteil":1.0,"bus_text":"ja","laenge_m":193,"abschnitt":"Barzheimerstrasse","abschnitt_km":0.809,"unfaelle":3,"unf_fuss":1,"unf_velo":2,"fassaden_igw":4,"initiative":true,"gegenvorschlag":false,"vorlage":"initiative"},"geometry":{"type":"LineString","coordinates":[[8.717851178635527,47.76011132527675],[8.717990905007598,47.7600920883497],[8.718238214225519,47.76005816780176],[8.718621330323865,47.76000402681214],[8.718815876634233,47.75997863635264],[8.719091721119167,47.75994324873506],[8.719360761800143,47.75990397791115],[8.719779024524106,47.759844922101955],[8.719862029369216,47.75983379965052],[8.72022999455473,47.75978097142185],[8.720258366108808,47.75977215938056],[8.72028498796175,47.75975994881375],[8.720310701055327,47.75974491508107],[8.7203321864757,47.759729361282],[8.72034624828599,47.75971956459664]]}},{"type":"Feature","properties":{"nr":"H329","achse":"Schaffhausen - Ramsen","strasse":"Fischerhäuserstrasse","gemeinde":"Schaffhausen","fkt":"VO","fkt_text":"verkehrsorientiert","tempo":30,"dtv":8892,"laerm_tag_db":76.4,"bus":true,"linien":["6","8","25","630","632","634","N3","N69"],"haltestellen":["Schaffhausen, Schifflände"],"bus_anteil":1.0,"bus_text":"ja","laenge_m":127,"abschnitt":"Fischerhäuserstrasse","abschnitt_km":0.357,"unfaelle":23,"unf_fuss":4,"unf_velo":8,"fassaden_igw":10,"initiative":true,"gegenvorschlag":true,"vorlage":"initiative"},"geometry":{"type":"LineString","coordinates":[[8.639841755483777,47.69508700614878],[8.639888742673794,47.69510871834937],[8.63993348297761,47.69513121827288],[8.640179052874807,47.69525807126739],[8.640355075643514,47.69534827169457],[8.64054571133014,47.69546948592915],[8.640665500566199,47.69554320531942],[8.640764993196427,47.695610163975445],[8.640884946217936,47.69567874570907],[8.640959228736719,47.6957138104323],[8.641058882122174,47.69574967392349],[8.641175549102895,47.69577617810583]]}},{"type":"Feature","properties":{"nr":"71","achse":"Wilchingen - Jestetten","strasse":"Tiefenweg","gemeinde":"Wilchingen","fkt":"VO","fkt_text":"verkehrsorientiert","tempo":50,"dtv":3347,"laerm_tag_db":75.5,"bus":true,"linien":["27","N77"],"haltestellen":["Wilchingen, Dorf","Wilchingen, Kapellenweg"],"bus_anteil":1.0,"bus_text":"ja","laenge_m":948,"abschnitt":"Tiefenweg","abschnitt_km":0.95,"unfaelle":5,"unf_fuss":1,"unf_velo":0,"fassaden_igw":1,"initiative":true,"gegenvorschlag":true,"vorlage":"initiative"},"geometry":{"type":"LineString","coordinates":[[8.464474343809922,47.67208837904515],[8.464482774641729,47.67207677417805],[8.464507354586678,47.67203404207306],[8.464525063753914,47.67200508662024],[8.46456727250988,47.67193062957424],[8.464609457444014,47.671830872347215],[8.464635646414555,47.6717591470428],[8.464655700686452,47.67169313319293],[8.464678044819435,47.671591329617044],[8.464684456772032,47.671531849031936],[8.464692505321704,47.67142965904165],[8.464689392573117,47.671365855471045],[8.46468371123684,47.67126979479133],[8.46467264515085,47.6711892874803],[8.464661860033589,47.67114667878722],[8.464644343110376,47.67108168029347],[8.464604038147728,47.67094145859265],[8.464575619882254,47.67083815158372],[8.46453415725651,47.67069176113002],[8.46450466095486,47.67058640396853],[8.46446992013937,47.67047150540351],[8.464441449566184,47.670366157149566],[8.464411314172658,47.6702779843178],[8.46438857970881,47.67020618733289],[8.464360295653123,47.670109084988844],[8.464313444071761,47.669946318788085],[8.464275271047025,47.66981089893762],[8.464215760704453,47.66961735871761],[8.464178957983478,47.66949561574003],[8.464132294115165,47.6693404298033],[8.464091966530312,47.66919683526481],[8.464064041437066,47.66910102480082],[8.464032100002942,47.66899031957584],[8.463994999200823,47.66887583738618],[8.463966345759266,47.6687864101347],[8.463881922688218,47.66848536723867],[8.463797078705037,47.668179722988754],[8.463746156377017,47.667990118014316],[8.463722228754111,47.667906099401264],[8.463712182556078,47.667858249489456],[8.463711348389515,47.6678144285911],[8.463725770224553,47.66777320727419],[8.463751586550623,47.66774284021914],[8.463785709083288,47.66772268011514],[8.463855336041584,47.667703555774274],[8.463944358457796,47.66769108672559],[8.464056730860152,47.66768045315399],[8.46504600824547,47.66760764226231],[8.465970453796828,47.66756580536705],[8.466734601945193,47.667542630604814],[8.46700627084095,47.66753666423533],[8.46722411062568,47.66754115733977],[8.467880791721987,47.66757002209109],[8.467970221975408,47.6675724405752],[8.468059614861748,47.6675729345822],[8.468176453561464,47.6675667634814],[8.468388121595972,47.66754689908767],[8.468660466115958,47.66751814976797],[8.469113461068021,47.667465788818895],[8.469387885023695,47.66743240535836],[8.469518106208106,47.667417407854344],[8.46961298502223,47.66740628554978],[8.469659187607954,47.667396008939754],[8.469701865451219,47.66738044807631],[8.46972617465405,47.667359033181306]]}},{"type":"Feature","properties":{"nr":"H13","achse":"Neuhausen - Erzingen","strasse":"Grosser Letten","gemeinde":"Neunkirch","fkt":"VO","fkt_text":"verkehrsorientiert","tempo":50,"dtv":6331,"laerm_tag_db":78.2,"bus":true,"linien":["N77"],"haltestellen":[],"bus_anteil":0.73,"bus_text":"teilweise","laenge_m":35,"abschnitt":"Grosser Letten","abschnitt_km":0.611,"unfaelle":4,"unf_fuss":0,"unf_velo":0,"fassaden_igw":10,"initiative":true,"gegenvorschlag":true,"vorlage":"initiative"},"geometry":{"type":"LineString","coordinates":[[8.502883245915495,47.68807562581289],[8.502755894520623,47.688019400788434],[8.502636741196827,47.68799729608852],[8.502553869129002,47.68798963638707],[8.502441906378499,47.6879803124662]]}},{"type":"Feature","properties":{"nr":"712","achse":"Neunkirch - Löhningen","strasse":"Löhningerstrasse","gemeinde":"Neunkirch","fkt":"SO","fkt_text":"siedlungsorientiert","tempo":50,"dtv":2796,"laerm_tag_db":74.6,"bus":true,"linien":["21"],"haltestellen":[],"bus_anteil":0.12,"bus_text":"teilweise","laenge_m":21,"abschnitt":"Löhningerstrasse","abschnitt_km":0.45,"unfaelle":1,"unf_fuss":0,"unf_velo":0,"fassaden_igw":0,"initiative":true,"gegenvorschlag":false,"vorlage":"initiative"},"geometry":{"type":"LineString","coordinates":[[8.501463132765197,47.69028767623896],[8.501492296124082,47.690303823709435],[8.501541143237707,47.69031975516285],[8.50160327606837,47.690334602706876],[8.501689008001637,47.69034055505777],[8.501719407391967,47.69034027697074]]}},{"type":"Feature","properties":{"nr":"723","achse":"Schleitheim - Beggingen","strasse":"Poststrasse","gemeinde":"Schleitheim","fkt":"SO","fkt_text":"siedlungsorientiert","tempo":50,"dtv":2713,"laerm_tag_db":74.9,"bus":true,"linien":["21"],"haltestellen":["Schleitheim, Bahnhofstrasse","Schleitheim, Gemeindehaus","Schleitheim, Poststrasse"],"bus_anteil":1.0,"bus_text":"ja","laenge_m":692,"abschnitt":"Poststrasse","abschnitt_km":0.747,"unfaelle":2,"unf_fuss":1,"unf_velo":0,"fassaden_igw":0,"initiative":true,"gegenvorschlag":false,"vorlage":"initiative"},"geometry":{"type":"LineString","coordinates":[[8.480240747873188,47.746909175850924],[8.480255964531752,47.74693296322111],[8.480274186707577,47.74695701148209],[8.480364486664223,47.747016398703316],[8.480419047843192,47.747050662324355],[8.480473066070621,47.74708850133579],[8.480551234196604,47.74714463335957],[8.480664957544375,47.74723211417656],[8.480735896802905,47.747287483390814],[8.480865398108488,47.74738047980484],[8.480980065968502,47.74745492877628],[8.4811424446468,47.747567155933915],[8.481288708011606,47.7476560084105],[8.481387389462201,47.747713601901424],[8.481482175211173,47.74775823413508],[8.481592624155168,47.7478059546645],[8.481756585865721,47.74787997894669],[8.481928872502936,47.74795146403398],[8.48204642804021,47.74800111703819],[8.482082134713472,47.74802520606749],[8.482111276216452,47.748054489450695],[8.482155432478082,47.74812025206116],[8.482187307755765,47.74820836656919],[8.482196517158766,47.74822094728405],[8.482231979811457,47.74824820428618],[8.482268402529776,47.748263284005056],[8.482383734843149,47.74831172445842],[8.482483486207228,47.74836597071263],[8.48258571579399,47.748423477394525],[8.482688236171137,47.748496387818484],[8.48276779488977,47.74856464755707],[8.482835181233186,47.74862493103372],[8.482976474959829,47.748765747414005],[8.483079713368184,47.74886957185269],[8.4831372388656,47.748915328694885],[8.483200684492747,47.74895698513006],[8.483287105903843,47.749003300896135],[8.483394035485455,47.74905424413857],[8.483492407883263,47.74909796114052],[8.483695246341004,47.74918938738565],[8.483964698307387,47.74930385058307],[8.484164961928746,47.74938974095966],[8.484292751262037,47.749461667409186],[8.484385281550093,47.749516048892936],[8.484480482151769,47.749583402390314],[8.484590366267504,47.74966361090022],[8.484707685525498,47.74975428423589],[8.484817586163025,47.74983529283417],[8.484911578817947,47.74990017454331],[8.485008880105205,47.749949601994686],[8.485070734939832,47.74997339198071],[8.485098575948266,47.74998128098769],[8.485189159986815,47.74999920035031],[8.485300130613338,47.750012880022936],[8.48539056766578,47.7500226881134],[8.485501439121178,47.75003067538967],[8.48559422103136,47.75003295237145],[8.48570037890333,47.75003995657759],[8.485821075991383,47.7500525139283],[8.485968330551126,47.75007143356241],[8.486113004443553,47.750092022116895],[8.486346910536037,47.75012956979554],[8.486460122617927,47.750142598611944],[8.486547048208813,47.7501562148417],[8.48664536018919,47.75015826130099],[8.486705311498405,47.75013302418436],[8.486739337356413,47.750105061618854],[8.486777595389839,47.750072626954235],[8.486811693688919,47.75004899874264],[8.486893244565982,47.75002489801638],[8.48698987339945,47.74999921336122],[8.487095055394974,47.749969071548],[8.487193857009434,47.7499433491528],[8.487290614352313,47.74992349109268],[8.487353069385014,47.74991560716166],[8.487402762606203,47.74991515022695],[8.487441758145117,47.74992062670826]]}},{"type":"Feature","properties":{"nr":"H329","achse":"Schaffhausen - Ramsen","strasse":"Rheinhaldenstrasse","gemeinde":"Schaffhausen","fkt":"VO","fkt_text":"verkehrsorientiert","tempo":30,"dtv":4648,"laerm_tag_db":72.6,"bus":true,"linien":["6","8","25","N3"],"haltestellen":[],"bus_anteil":1.0,"bus_text":"ja","laenge_m":20,"abschnitt":"Rheinhaldenstrasse","abschnitt_km":1.861,"unfaelle":16,"unf_fuss":3,"unf_velo":7,"fassaden_igw":34,"initiative":true,"gegenvorschlag":true,"vorlage":"initiative"},"geometry":{"type":"LineString","coordinates":[[8.6437533439658,47.69570609484297],[8.64375966505973,47.69564957211633],[8.643762134394496,47.69563396839334],[8.643777128423752,47.69559911291683],[8.643799416216423,47.69555400025663],[8.643809801678396,47.695532657025375]]}},{"type":"Feature","properties":{"nr":"H13","achse":"Wagenhausen - Schaffhausen","strasse":"Feuerthaler Brücke","gemeinde":"Schaffhausen","fkt":"VO","fkt_text":"verkehrsorientiert","tempo":50,"dtv":17347,"laerm_tag_db":82.5,"bus":true,"linien":["6","8","25","630","632","634","N3","N69"],"haltestellen":[],"bus_anteil":1.0,"bus_text":"ja","laenge_m":130,"abschnitt":"Feuerthaler Brücke","abschnitt_km":0.12,"unfaelle":11,"unf_fuss":0,"unf_velo":5,"fassaden_igw":0,"initiative":true,"gegenvorschlag":true,"vorlage":"initiative"},"geometry":{"type":"LineString","coordinates":[[8.639841755483777,47.69508700614878],[8.640108324572108,47.69488453221361],[8.640437506581875,47.69465214268709],[8.641031153352225,47.694235924947925]]}},{"type":"Feature","properties":{"nr":"H14","achse":"Schaffhausen - Stühlingen","strasse":"Schaffhauserstrasse","gemeinde":"Beringen","fkt":"VO","fkt_text":"verkehrsorientiert","tempo":50,"dtv":11568,"laerm_tag_db":80.3,"bus":true,"linien":["21","N77"],"haltestellen":["Beringen, Hägli"],"bus_anteil":1.0,"bus_text":"ja","laenge_m":812,"abschnitt":"Schaffhauserstrasse","abschnitt_km":1.536,"unfaelle":40,"unf_fuss":4,"unf_velo":9,"fassaden_igw":129,"initiative":true,"gegenvorschlag":true,"vorlage":"initiative"},"geometry":{"type":"LineString","coordinates":[[8.587308576304949,47.69628423091164],[8.5868217408388,47.696341711777976],[8.586485814926478,47.69638229311786],[8.586167836230624,47.696416832054695],[8.586007907539479,47.69643133576072],[8.585932179984487,47.69643613975845],[8.585685688462197,47.69644911408615],[8.585489652879097,47.69645672412792],[8.585347673628227,47.69645973509774],[8.585213815065861,47.696462467903665],[8.585108917313734,47.696460786526046],[8.584993874601984,47.696461264794],[8.584911324098876,47.696457986690376],[8.58482063529996,47.696454788793],[8.584609319598089,47.69644519825611],[8.584578014041595,47.69644468847663],[8.584373115372937,47.69643365812464],[8.584058963812483,47.696409907175074],[8.583868831258664,47.69638737973411],[8.583716654642789,47.696367320170495],[8.583569365840795,47.696349649679746],[8.583430560931708,47.69633432386252],[8.583255480455477,47.696312897340924],[8.583139542101138,47.69629780466357],[8.583047764547809,47.696286125594554],[8.582979600443664,47.69628027602252],[8.582906623591887,47.696274887530194],[8.582834298999643,47.696270706785526],[8.582616441390295,47.69625980092994],[8.582463398636099,47.696257583729036],[8.582293306085607,47.69626845875749],[8.582099796288096,47.696291229403386],[8.581924720095957,47.69632366701623],[8.581753426447804,47.69636100496449],[8.58157476722834,47.69639534807809],[8.58132997443266,47.69644386844386],[8.58102978388005,47.696500308086264],[8.580838310410831,47.69653107940868],[8.580673997055802,47.696554855869934],[8.580594117989653,47.696566721632635],[8.580456937656532,47.69658224433491],[8.580165234677134,47.69661099519],[8.579959671115045,47.69662226016043],[8.579694834433223,47.69663223595747],[8.579417052524809,47.696632516575846],[8.579228446244482,47.696628836358514],[8.578999469630569,47.69661201573155],[8.57879782522291,47.69659554710905],[8.578595089516947,47.696572316225264],[8.577982314543714,47.69650079545205],[8.577751250428541,47.6964748277702],[8.577498381320508,47.69645026953618],[8.577248256121772,47.69642629547459],[8.576804903679863,47.696395570010246],[8.576626164533652,47.69638665326706]]}},{"type":"Feature","properties":{"nr":"H4","achse":"Bargen Schaffhausen","strasse":"Hochstrasse","gemeinde":"Schaffhausen","fkt":"VO","fkt_text":"verkehrsorientiert","tempo":50,"dtv":9159,"laerm_tag_db":79.6,"bus":true,"linien":["6","10","24"],"haltestellen":[],"bus_anteil":1.0,"bus_text":"ja","laenge_m":49,"abschnitt":"Hochstrasse","abschnitt_km":1.821,"unfaelle":70,"unf_fuss":11,"unf_velo":21,"fassaden_igw":174,"initiative":true,"gegenvorschlag":true,"vorlage":"initiative"},"geometry":{"type":"LineString","coordinates":[[8.652316505821823,47.71705890872511],[8.652213241653989,47.717026348315365],[8.652134563275645,47.71701395708054],[8.65202299632796,47.716999435650735],[8.651976636777686,47.71699629483358],[8.65186334052371,47.71698482235488],[8.651744920221923,47.71698180384477],[8.651683990253595,47.71698550665671]]}},{"type":"Feature","properties":{"nr":"H4","achse":"Bargen Schaffhausen","strasse":"Stettemerstrasse","gemeinde":"Schaffhausen","fkt":"VO","fkt_text":"verkehrsorientiert","tempo":50,"dtv":7328,"laerm_tag_db":78.2,"bus":true,"linien":["3","6","10","24","N2"],"haltestellen":["Schaffhausen, St. Peter"],"bus_anteil":1.0,"bus_text":"ja","laenge_m":29,"abschnitt":"Stettemerstrasse","abschnitt_km":0.076,"unfaelle":2,"unf_fuss":0,"unf_velo":0,"fassaden_igw":6,"initiative":true,"gegenvorschlag":true,"vorlage":"initiative"},"geometry":{"type":"LineString","coordinates":[[8.649909290381158,47.71734409155413],[8.64991225044065,47.71737851758624],[8.649915296832553,47.7174639039912],[8.649928755024542,47.71750629745358],[8.649988716011128,47.717598852854096]]}},{"type":"Feature","properties":{"nr":"746","achse":"Herblingen - Dörflingen","strasse":"Gennersbrunnerstrasse","gemeinde":"Schaffhausen","fkt":"SO","fkt_text":"siedlungsorientiert","tempo":50,"dtv":5029,"laerm_tag_db":77.8,"bus":true,"linien":["9"],"haltestellen":["Herblingen, Bahnhof"],"bus_anteil":0.67,"bus_text":"teilweise","laenge_m":33,"abschnitt":"Gennersbrunnerstrasse","abschnitt_km":0.978,"unfaelle":38,"unf_fuss":7,"unf_velo":7,"fassaden_igw":24,"initiative":true,"gegenvorschlag":false,"vorlage":"initiative"},"geometry":{"type":"LineString","coordinates":[[8.663409916857093,47.716740402427895],[8.663465102345656,47.71658809700273],[8.663498106694068,47.71654567416284],[8.663530264265344,47.71650294543547],[8.663558965926136,47.71646345538289]]}},{"type":"Feature","properties":{"nr":"748","achse":"Dörflingen - H329","strasse":"Dorfstrasse","gemeinde":"Dörflingen","fkt":"SO","fkt_text":"siedlungsorientiert","tempo":50,"dtv":1315,"laerm_tag_db":70.2,"bus":true,"linien":["25"],"haltestellen":[],"bus_anteil":1.0,"bus_text":"ja","laenge_m":146,"abschnitt":"Dorfstrasse","abschnitt_km":0.582,"unfaelle":0,"unf_fuss":0,"unf_velo":0,"fassaden_igw":1,"initiative":true,"gegenvorschlag":false,"vorlage":"initiative"},"geometry":{"type":"LineString","coordinates":[[8.71938605869985,47.70723351210615],[8.719426516658443,47.707150938537],[8.71948052428439,47.707058906440686],[8.719536269362992,47.706985824329664],[8.719644047647293,47.706844881694174],[8.719707465899667,47.706771723913334],[8.719774798238838,47.706702831262334],[8.71984627260673,47.70664597237458],[8.71992301596776,47.70659595405147],[8.720061278661586,47.70651384002148],[8.720115485523118,47.706498941284735],[8.720169915078364,47.706484435819974],[8.720224566893094,47.706470305642945],[8.720279427864126,47.706456559892196],[8.720334511314299,47.70644319842058],[8.720389790818688,47.706430230513604],[8.720445266378393,47.70641765617094],[8.720526618057132,47.70639950770751],[8.720685602176635,47.706367559947005]]}},{"type":"Feature","properties":{"nr":"732","achse":"Schweizersbild - Stetten","strasse":"Dorfstrasse","gemeinde":"Stetten (SH)","fkt":"SO","fkt_text":"siedlungsorientiert","tempo":30,"dtv":663,"laerm_tag_db":59.8,"bus":true,"linien":["24"],"haltestellen":["Stetten SH, Sonne","Stetten SH, Vorderdorf"],"bus_anteil":1.0,"bus_text":"ja","laenge_m":551,"abschnitt":"Dorfstrasse","abschnitt_km":0.924,"unfaelle":3,"unf_fuss":0,"unf_velo":1,"fassaden_igw":0,"initiative":true,"gegenvorschlag":false,"vorlage":"initiative"},"geometry":{"type":"LineString","coordinates":[[8.663136281939297,47.74035478476837],[8.66302779804697,47.74031960843582],[8.662914673845721,47.7402769257525],[8.662810564464683,47.74023717011387],[8.662749576102637,47.7402181507904],[8.662666243897007,47.74020389065238],[8.662603212620208,47.74019396786212],[8.662528935304225,47.74018264336764],[8.662454553215335,47.74016678687102],[8.662409465022298,47.740156684164695],[8.662368807199657,47.74014500581871],[8.6623010520885,47.740124537446015],[8.662239980643697,47.74010248769918],[8.662190308321257,47.74008788209048],[8.662093900193163,47.74004957380511],[8.661928477378844,47.73998416341645],[8.661780766384068,47.739924709539196],[8.66153966340119,47.739829901081535],[8.661379428473948,47.739765055968114],[8.661281399928535,47.73972119666595],[8.661192857665617,47.73967182308087],[8.661092790839458,47.7396101316369],[8.661050969997182,47.73957000753254],[8.661020823000712,47.73954923307878],[8.660994863119818,47.73953597870057],[8.66095427941141,47.7395147742691],[8.660897537396577,47.73948672418886],[8.660833457872886,47.7394538763529],[8.660773478472406,47.73942478093369],[8.66069652339144,47.73939097103218],[8.660616293527701,47.739354497239226],[8.660476383852034,47.739301885259685],[8.660017893910414,47.739134705710114],[8.659632323795856,47.738999740443134],[8.659275964658272,47.738879613501986],[8.659154679100672,47.738835447868816],[8.659073101669737,47.73880925849527],[8.659012855202135,47.73878700953619],[8.658974469042032,47.738767373328415],[8.65890743046949,47.73873216304399],[8.658847478159355,47.73869317278059],[8.658794844256068,47.73865121858216],[8.658749827257118,47.73861172980009],[8.658690437929984,47.73855030211272],[8.658564570662227,47.73839350508314],[8.658364930520404,47.7381516233704],[8.658157648645377,47.737907267097796],[8.657817862354724,47.737545315788466],[8.657606780080792,47.73735455860717],[8.657591718004513,47.73734084747542]]}},{"type":"Feature","properties":{"nr":"731","achse":"Herblingen - Lohn","strasse":"Schlossstrasse","gemeinde":"Stetten (SH)","fkt":"SO","fkt_text":"siedlungsorientiert","tempo":50,"dtv":966,"laerm_tag_db":68.5,"bus":true,"linien":["24"],"haltestellen":["Stetten SH, Staaringelacker"],"bus_anteil":1.0,"bus_text":"ja","laenge_m":326,"abschnitt":"Schlossstrasse","abschnitt_km":1.027,"unfaelle":4,"unf_fuss":0,"unf_velo":0,"fassaden_igw":0,"initiative":true,"gegenvorschlag":false,"vorlage":"initiative"},"geometry":{"type":"LineString","coordinates":[[8.662604634548849,47.74462879908318],[8.6626225364558,47.74456624530007],[8.662677385332302,47.744359414360275],[8.662802053170187,47.74393926290209],[8.662876191025529,47.74368150178744],[8.662952591732655,47.7434685526102],[8.66304229041834,47.74324540791149],[8.663110298088002,47.74308009901194],[8.663161977487551,47.742969826291095],[8.66320067778285,47.742885287547224],[8.663228695807279,47.74280818249605],[8.663251301531023,47.74273114341382],[8.663262081956836,47.742669761734966],[8.66326820435409,47.74258284072938],[8.663256235693318,47.7423589403482],[8.663217440699855,47.74179976841205],[8.663214613730839,47.74174675063852]]}},{"type":"Feature","properties":{"nr":"734","achse":"Thayngen - Lohn","strasse":"Vorderdorf","gemeinde":"Lohn (SH)","fkt":"SO","fkt_text":"siedlungsorientiert","tempo":50,"dtv":707,"laerm_tag_db":64.5,"bus":true,"linien":["24"],"haltestellen":[],"bus_anteil":1.0,"bus_text":"ja","laenge_m":60,"abschnitt":"Vorderdorf","abschnitt_km":0.395,"unfaelle":0,"unf_fuss":0,"unf_velo":0,"fassaden_igw":0,"initiative":true,"gegenvorschlag":false,"vorlage":"initiative"},"geometry":{"type":"LineString","coordinates":[[8.670675889766997,47.75646229350832],[8.670705482838315,47.75647760289552],[8.670748534749784,47.75649180737015],[8.6708020573129,47.75650488460051],[8.670939184802933,47.756535280372326],[8.671064941743955,47.756560229077316],[8.671140117475176,47.756569542087874],[8.671218957913242,47.75657528153702],[8.671278114663718,47.75657313477963],[8.671327537173887,47.75657109113114],[8.671354358812524,47.75656590514778],[8.671380857198061,47.75656001204821],[8.671406978781746,47.75655340340595],[8.671432697522159,47.756546106479476]]}},{"type":"Feature","properties":{"nr":"738","achse":"Lohn - Hofen","strasse":"Dorfstrasse","gemeinde":"Thayngen","fkt":"SO","fkt_text":"siedlungsorientiert","tempo":50,"dtv":672,"laerm_tag_db":64.5,"bus":true,"linien":["24"],"haltestellen":["Opfertshofen SH, Dorf"],"bus_anteil":1.0,"bus_text":"ja","laenge_m":46,"abschnitt":"Dorfstrasse","abschnitt_km":0.937,"unfaelle":4,"unf_fuss":1,"unf_velo":2,"fassaden_igw":0,"initiative":true,"gegenvorschlag":false,"vorlage":"initiative"},"geometry":{"type":"LineString","coordinates":[[8.662219671737512,47.77861644135853],[8.662130633672476,47.778357603199765],[8.66207609853155,47.77821049471062]]}},{"type":"Feature","properties":{"nr":"736","achse":"Opfersthofen - Landesgrenze","strasse":"Dorfstrasse","gemeinde":"Thayngen","fkt":"SO","fkt_text":"siedlungsorientiert","tempo":50,"dtv":260,"laerm_tag_db":59.5,"bus":true,"linien":["24"],"haltestellen":[],"bus_anteil":1.0,"bus_text":"ja","laenge_m":150,"abschnitt":"Dorfstrasse","abschnitt_km":0.937,"unfaelle":4,"unf_fuss":1,"unf_velo":2,"fassaden_igw":0,"initiative":true,"gegenvorschlag":false,"vorlage":"initiative"},"geometry":{"type":"LineString","coordinates":[[8.657376670975022,47.78333373496105],[8.65729422459095,47.78336310909432],[8.657183091171419,47.783405393049634],[8.657101784409749,47.78344832704064],[8.657052890329531,47.78348136109673],[8.657024087653754,47.783517629533215],[8.657016258618105,47.783546771051846],[8.657015798939643,47.783579522969895],[8.657058275727985,47.783604459392166],[8.657091423203655,47.78362006775635],[8.657124422255249,47.78362981358543],[8.657214259269226,47.783648956723994],[8.657647465711246,47.783727624226195],[8.657955286086578,47.783783697587054],[8.658134873166013,47.78381816098717],[8.658274557719022,47.783844434958354],[8.658395592616262,47.78386229694234]]}},{"type":"Feature","properties":{"nr":"H331","achse":"Thayngen - Büsslingen","strasse":"Hauptstrasse","gemeinde":"Thayngen","fkt":"VO","fkt_text":"verkehrsorientiert","tempo":50,"dtv":2071,"laerm_tag_db":73.0,"bus":true,"linien":["24"],"haltestellen":[],"bus_anteil":0.41,"bus_text":"teilweise","laenge_m":137,"abschnitt":"Hauptstrasse","abschnitt_km":1.235,"unfaelle":1,"unf_fuss":0,"unf_velo":0,"fassaden_igw":0,"initiative":true,"gegenvorschlag":true,"vorlage":"initiative"},"geometry":{"type":"LineString","coordinates":[[8.680901657235262,47.770791252965864],[8.680832628390194,47.77086850244575],[8.680802931239795,47.77090262817741],[8.680672217608524,47.771054584201806],[8.68062026304367,47.77112946574639],[8.680582276847558,47.77119752458849],[8.680555534456522,47.77126261230157],[8.68053999073122,47.77132280464355],[8.680531659802314,47.77138960260776],[8.68051938666964,47.77152885393765],[8.680486818166425,47.77176742753823],[8.680478039698558,47.771815171817906],[8.68044365461811,47.77191559780667],[8.680418645131047,47.77196089485457]]}},{"type":"Feature","properties":{"nr":"H329","achse":"Schaffhausen - Ramsen","strasse":"Hauptstrasse","gemeinde":"Ramsen","fkt":"VO","fkt_text":"verkehrsorientiert","tempo":50,"dtv":4439,"laerm_tag_db":76.9,"bus":true,"linien":["25","33"],"haltestellen":["Ramsen, Dorf","Ramsen, Sonne"],"bus_anteil":1.0,"bus_text":"ja","laenge_m":160,"abschnitt":"Hauptstrasse","abschnitt_km":0.347,"unfaelle":2,"unf_fuss":0,"unf_velo":0,"fassaden_igw":10,"initiative":true,"gegenvorschlag":true,"vorlage":"initiative"},"geometry":{"type":"LineString","coordinates":[[8.812173226161121,47.707003492124244],[8.812132958255322,47.707021570380604],[8.812073670712362,47.7070395046108],[8.811961242618327,47.70706319365892],[8.811686705773006,47.707114612280456],[8.811394090961688,47.70715699736563],[8.81132757067505,47.707165302511136],[8.81120119066862,47.70718182503199],[8.811056909542051,47.70719406152285],[8.810940236211755,47.70719846139403],[8.81082779051704,47.70719682085521],[8.810581556557388,47.707182431262005],[8.810309487193564,47.70716610642117],[8.810201929591823,47.70716590967861],[8.81013520247765,47.70717189598316],[8.810088872964556,47.70718595252631]]}},{"type":"Feature","properties":{"nr":"H332","achse":"Stein am Rhein - Heinishofen","strasse":"Langstuck","gemeinde":"Stein am Rhein","fkt":"VO","fkt_text":"verkehrsorientiert","tempo":40,"dtv":3517,"laerm_tag_db":74.4,"bus":true,"linien":["33"],"haltestellen":[],"bus_anteil":1.0,"bus_text":"ja","laenge_m":249,"abschnitt":"Langstuck","abschnitt_km":0.579,"unfaelle":7,"unf_fuss":1,"unf_velo":3,"fassaden_igw":0,"initiative":true,"gegenvorschlag":true,"vorlage":"initiative"},"geometry":{"type":"LineString","coordinates":[[8.857656296577447,47.66107485515678],[8.857719215800307,47.661081156153216],[8.857772790933216,47.66109302217915],[8.857859050351944,47.66112816307653],[8.857983917262363,47.66117855494837],[8.8580797916687,47.66120580662794],[8.858181854004362,47.66122249461728],[8.858279096824164,47.66122875347756],[8.858381581482648,47.66122442422197],[8.858395304356975,47.661224265427556],[8.85871430325585,47.66119940663822],[8.858883031174283,47.66117387551146],[8.85910889945498,47.66113028512916],[8.859283216262671,47.66107435449275],[8.859589365622671,47.66097948184915],[8.859667856043922,47.660969643411185],[8.85970593597294,47.66096272808947],[8.859754169116984,47.66095163182532],[8.859810508233046,47.66093548017985],[8.859866959975896,47.66092303299691],[8.859908084842557,47.66091944440411],[8.859931886106224,47.66091976471902],[8.85996771291823,47.66092366168769],[8.85999717402307,47.66092948950206],[8.860023995978752,47.6609396761274],[8.860050850985736,47.6609510946334],[8.86007404600876,47.66096256693208],[8.860101066972533,47.660980171836506],[8.860253061895383,47.66111809966458],[8.86038336747439,47.6612321687387],[8.860415153279158,47.66125714495684],[8.8604448666764,47.66127286388062],[8.860477315285639,47.66128730801814],[8.860516958173417,47.66129794918717],[8.860550918783483,47.66130125718276],[8.860593054816164,47.66130259412873]]}},{"type":"Feature","properties":{"nr":"H13-05","achse":"Stein am Rhein, Charregass Auffahrt zum Kreisel Bahnhofstrasse","strasse":"Rhigass","gemeinde":"Stein am Rhein","fkt":"VO","fkt_text":"verkehrsorientiert","tempo":40,"dtv":5829,"laerm_tag_db":75.8,"bus":true,"linien":["33"],"haltestellen":[],"bus_anteil":0.98,"bus_text":"ja","laenge_m":67,"abschnitt":"Rhigass","abschnitt_km":0.452,"unfaelle":19,"unf_fuss":3,"unf_velo":13,"fassaden_igw":14,"initiative":true,"gegenvorschlag":true,"vorlage":"initiative"},"geometry":{"type":"LineString","coordinates":[[8.85736564758647,47.65637305822963],[8.857685732207914,47.65670407838357],[8.85774712027314,47.65677520583305],[8.857841776942754,47.65687859585325]]}},{"type":"Feature","properties":{"nr":"604","achse":"Steinenkreuz - Buchberg","strasse":"Dorfstrasse","gemeinde":"Buchberg","fkt":"SO","fkt_text":"siedlungsorientiert","tempo":50,"dtv":1837,"laerm_tag_db":73.9,"bus":true,"linien":["675"],"haltestellen":[],"bus_anteil":1.0,"bus_text":"ja","laenge_m":46,"abschnitt":"Dorfstrasse","abschnitt_km":0.524,"unfaelle":2,"unf_fuss":1,"unf_velo":0,"fassaden_igw":1,"initiative":true,"gegenvorschlag":false,"vorlage":"initiative"},"geometry":{"type":"LineString","coordinates":[[8.566150720809588,47.57460323026789],[8.566354848267345,47.57471170752744],[8.566535626270092,47.57481534761911],[8.566588595765339,47.57485232175043],[8.566610419862632,47.57487103403873]]}},{"type":"Feature","properties":{"nr":"H4","achse":"Bargen Schaffhausen","strasse":"Zollstrasse","gemeinde":"Neuhausen am Rheinfall","fkt":"VO","fkt_text":"verkehrsorientiert","tempo":50,"dtv":10406,"laerm_tag_db":80.8,"bus":true,"linien":["1","N4"],"haltestellen":["Neuhausen, Neue Welt","Neuhausen, Rhenania"],"bus_anteil":1.0,"bus_text":"ja","laenge_m":259,"abschnitt":"Zollstrasse","abschnitt_km":2.124,"unfaelle":75,"unf_fuss":19,"unf_velo":11,"fassaden_igw":23,"initiative":true,"gegenvorschlag":true,"vorlage":"initiative"},"geometry":{"type":"LineString","coordinates":[[8.607652093900231,47.68072458734279],[8.607758765003132,47.680808599878084],[8.607956640326115,47.68095889969136],[8.608109070148231,47.681090345908814],[8.608279469407535,47.6812309201041],[8.608496063967747,47.681402481912144],[8.60864892998989,47.681516770933044],[8.608889253551895,47.68170668422666],[8.609040067240148,47.681823853590366],[8.609167292039032,47.681927679053636],[8.609269780783002,47.68201387298504],[8.609346420880279,47.68208031501574],[8.609543486572866,47.68225985171626],[8.609722621182172,47.68240059660077],[8.60985732502462,47.68251365500608]]}},{"type":"Feature","properties":{"nr":"722","achse":"Hemmental - Beggingen","strasse":"Im Gehren","gemeinde":"Schaffhausen","fkt":"SO","fkt_text":"siedlungsorientiert","tempo":40,"dtv":216,"laerm_tag_db":57.0,"bus":true,"linien":[],"haltestellen":["Hemmental, Mäserich (Randen)"],"bus_anteil":0.0,"bus_text":"ja","laenge_m":208,"abschnitt":"Im Gehren","abschnitt_km":0.246,"unfaelle":0,"unf_fuss":0,"unf_velo":0,"fassaden_igw":0,"initiative":true,"gegenvorschlag":false,"vorlage":"initiative"},"geometry":{"type":"LineString","coordinates":[[8.561931741505349,47.74684051841817],[8.562085690001682,47.746793774129884],[8.56223042200837,47.74675951234053],[8.562429527004317,47.74671736804934],[8.5626215634207,47.74668460946156],[8.562897908893866,47.746649569764436],[8.563186438376594,47.74660556155893],[8.563467521448045,47.74655379088684],[8.563534120830996,47.74653892742542],[8.563818144288577,47.74645426349529],[8.564049213307774,47.7463764879017],[8.564161955786522,47.74634301882936],[8.564198156426418,47.74633531149871],[8.564240913525513,47.74632802639043],[8.564462810552804,47.74629743114764],[8.564506339755301,47.74629259382299],[8.564571012804779,47.746290007188335]]}},{"type":"Feature","properties":{"nr":"721","achse":"Schaffhausen - Hemmental","strasse":"Hauentalstrasse","gemeinde":"Schaffhausen","fkt":"SO","fkt_text":"siedlungsorientiert","tempo":50,"dtv":4015,"laerm_tag_db":76.9,"bus":true,"linien":["3","22","N1"],"haltestellen":["Schaffhausen, Sommerwies"],"bus_anteil":1.0,"bus_text":"ja","laenge_m":85,"abschnitt":"Hauentalstrasse","abschnitt_km":1.795,"unfaelle":10,"unf_fuss":2,"unf_velo":0,"fassaden_igw":93,"initiative":true,"gegenvorschlag":false,"vorlage":"initiative"},"geometry":{"type":"LineString","coordinates":[[8.619136793873242,47.718576607729126],[8.619165274967031,47.71848091740667],[8.619184031615221,47.718424909147636],[8.619272371669668,47.71814047094437],[8.619311177253646,47.71802666039748],[8.619340025156104,47.7179444575333],[8.619360134178875,47.7178893439065],[8.619381575453616,47.71783420775003]]}},{"type":"Feature","properties":{"nr":"721","achse":"Schaffhausen - Hemmental","strasse":"Hauentalstrasse","gemeinde":"Schaffhausen","fkt":"SO","fkt_text":"siedlungsorientiert","tempo":50,"dtv":1336,"laerm_tag_db":70.4,"bus":true,"linien":["22"],"haltestellen":["Schaffhausen, Sommerhalde"],"bus_anteil":1.0,"bus_text":"ja","laenge_m":139,"abschnitt":"Hauentalstrasse","abschnitt_km":1.795,"unfaelle":10,"unf_fuss":2,"unf_velo":0,"fassaden_igw":93,"initiative":true,"gegenvorschlag":false,"vorlage":"initiative"},"geometry":{"type":"LineString","coordinates":[[8.61230647695614,47.72148274027299],[8.612409387244831,47.721433960484745],[8.612550022276947,47.721367342082516],[8.612701722771137,47.72129724795683],[8.61286099855018,47.72123458723438],[8.613155227389443,47.72112383850117],[8.61335638237969,47.72105162495986],[8.613518338201109,47.72099568184782],[8.613658331027825,47.72095248931869],[8.613816864558197,47.72090992768534],[8.613931250341924,47.7208828503287]]}},{"type":"Feature","properties":{"nr":"731","achse":"Herblingen - Lohn","strasse":"Schlossstrasse","gemeinde":"Stetten (SH)","fkt":"SO","fkt_text":"siedlungsorientiert","tempo":30,"dtv":1530,"laerm_tag_db":68.5,"bus":true,"linien":["24"],"haltestellen":["Stetten SH, Sonne"],"bus_anteil":1.0,"bus_text":"ja","laenge_m":115,"abschnitt":"Schlossstrasse","abschnitt_km":1.027,"unfaelle":4,"unf_fuss":0,"unf_velo":0,"fassaden_igw":0,"initiative":true,"gegenvorschlag":false,"vorlage":"initiative"},"geometry":{"type":"LineString","coordinates":[[8.663114136556374,47.739390780591144],[8.66326575115445,47.73962814124646],[8.663338845614673,47.73973702843506],[8.663377428977496,47.73982096941833],[8.663387322175879,47.73986243626662],[8.66338007869952,47.739896861257336],[8.66336761561386,47.73993735830703],[8.663330031684799,47.74001126337292],[8.663303821444472,47.740074804309685],[8.663267885011926,47.74014327751536],[8.663227552083454,47.74021421642779],[8.66317852644345,47.74029729902325],[8.663165754658626,47.740319855938445],[8.663155068805779,47.740336904451425],[8.663136281939297,47.74035478476837]]}},{"type":"Feature","properties":{"nr":"738","achse":"Lohn - Hofen","strasse":"Dorfstrasse","gemeinde":"Thayngen","fkt":"SO","fkt_text":"siedlungsorientiert","tempo":50,"dtv":672,"laerm_tag_db":64.6,"bus":true,"linien":["24"],"haltestellen":["Opfertshofen SH, Reiatstube"],"bus_anteil":1.0,"bus_text":"ja","laenge_m":263,"abschnitt":"Dorfstrasse","abschnitt_km":0.937,"unfaelle":4,"unf_fuss":1,"unf_velo":2,"fassaden_igw":0,"initiative":true,"gegenvorschlag":false,"vorlage":"initiative"},"geometry":{"type":"LineString","coordinates":[[8.660528661363806,47.775748664367796],[8.660435566351463,47.77566363186221],[8.660345377337674,47.775586555470404],[8.660248656373412,47.77550279305876],[8.66010480885247,47.77539126595229],[8.659956413230486,47.77527978639614],[8.659850866342207,47.775208402109875],[8.659754813332414,47.775153503098366],[8.659657045617832,47.77510292114141],[8.659566802344425,47.7750627022299],[8.65952337460267,47.77503736294184],[8.659513129928692,47.77502763994153],[8.659471231638355,47.77498936917119],[8.659386684071924,47.774880286087544],[8.65930053623395,47.77478105019431],[8.659191958850734,47.77465747779009],[8.659061603080032,47.77449787874399],[8.659014846215655,47.77444677031821],[8.658983872701604,47.77440777322047],[8.658942173015014,47.77433817398402],[8.658917108036544,47.774278842379985],[8.658897285355545,47.774209625333725],[8.658891462157671,47.77415501170316],[8.658891377274475,47.77411201215206],[8.658896661238456,47.77406403657525],[8.658912828073637,47.77401471470737],[8.658932876539268,47.77397518260766],[8.65897175476965,47.77392194403298],[8.659012489557531,47.773870529751065],[8.659068625507551,47.77381525740375],[8.659087187854414,47.77379921527006]]}},{"type":"Feature","properties":{"nr":"H332","achse":"Stein am Rhein - Heinishofen","strasse":"Langstuck","gemeinde":"Stein am Rhein","fkt":"VO","fkt_text":"verkehrsorientiert","tempo":40,"dtv":3517,"laerm_tag_db":74.3,"bus":true,"linien":["33"],"haltestellen":["Stein am Rhein, Untertor"],"bus_anteil":1.0,"bus_text":"ja","laenge_m":103,"abschnitt":"Langstuck","abschnitt_km":0.579,"unfaelle":7,"unf_fuss":1,"unf_velo":3,"fassaden_igw":0,"initiative":true,"gegenvorschlag":true,"vorlage":"initiative"},"geometry":{"type":"LineString","coordinates":[[8.857656296577447,47.66107485515678],[8.857612659220207,47.66107859957917],[8.857572110949475,47.66109130105868],[8.857526008055446,47.66111435148041],[8.857471230514093,47.66115902349327],[8.85739010511135,47.66124651793985],[8.85721540824645,47.66145397708478],[8.857069154374283,47.66161285827114],[8.857002372789143,47.66167269802547],[8.856954492870539,47.66170847959083],[8.856906472035265,47.661739495602525],[8.856818157881838,47.66178530547606]]}},{"type":"Feature","properties":{"nr":"H4","achse":"Bargen Schaffhausen","strasse":"Falkeneckbrücke","gemeinde":"Schaffhausen","fkt":"VO","fkt_text":"verkehrsorientiert","tempo":50,"dtv":9159,"laerm_tag_db":80.1,"bus":true,"linien":["6","10","24"],"haltestellen":["Schaffhausen, Falkeneck"],"bus_anteil":1.0,"bus_text":"ja","laenge_m":48,"abschnitt":"Falkeneckbrücke","abschnitt_km":0.045,"unfaelle":2,"unf_fuss":0,"unf_velo":0,"fassaden_igw":0,"initiative":true,"gegenvorschlag":true,"vorlage":"initiative"},"geometry":{"type":"LineString","coordinates":[[8.652885815976608,47.71724651070209],[8.652760001613075,47.71720819614289],[8.652466798179704,47.71710981194627],[8.652316505821823,47.71705890872511]]}},{"type":"Feature","properties":{"nr":"H4","achse":"Bargen Schaffhausen","strasse":"Mühlenstrasse","gemeinde":"Neuhausen am Rheinfall","fkt":"VO","fkt_text":"verkehrsorientiert","tempo":50,"dtv":34000,"laerm_tag_db":86.2,"bus":true,"linien":["1","21","N4","N77"],"haltestellen":[],"bus_anteil":1.0,"bus_text":"ja","laenge_m":99,"abschnitt":"Mühlenstrasse","abschnitt_km":0.161,"unfaelle":24,"unf_fuss":0,"unf_velo":1,"fassaden_igw":3,"initiative":true,"gegenvorschlag":true,"vorlage":"initiative"},"geometry":{"type":"LineString","coordinates":[[8.622354175863956,47.69253957242207],[8.622497866601861,47.692562995753285],[8.622792824818221,47.69261325445186],[8.622991153643333,47.69263871972575],[8.623447783515642,47.6926972855469],[8.623652992276554,47.69271346042281]]}},{"type":"Feature","properties":{"nr":"H14","achse":"Schaffhausen - Stühlingen","strasse":"Schaffhauserstrasse","gemeinde":"Beringen","fkt":"VO","fkt_text":"verkehrsorientiert","tempo":50,"dtv":11568,"laerm_tag_db":80.3,"bus":true,"linien":["21","N77"],"haltestellen":["Beringen, Enge"],"bus_anteil":1.0,"bus_text":"ja","laenge_m":450,"abschnitt":"Schaffhauserstrasse","abschnitt_km":1.536,"unfaelle":40,"unf_fuss":4,"unf_velo":9,"fassaden_igw":129,"initiative":true,"gegenvorschlag":true,"vorlage":"initiative"},"geometry":{"type":"LineString","coordinates":[[8.601878327373907,47.694471636183856],[8.601750086385527,47.694501224612],[8.601691724283508,47.69451586670174],[8.60159890874514,47.69454009962008],[8.60127224951513,47.69462070951044],[8.600967967959416,47.694692100428],[8.60066984714088,47.694762583477804],[8.600356008165512,47.69482590158642],[8.600021639143542,47.69488618609294],[8.599764852361762,47.694926177028904],[8.599503061119304,47.69496214300229],[8.599301169471644,47.69498367703778],[8.599018959197316,47.695014979975056],[8.598868959070769,47.6950287007895],[8.598066181847123,47.69509275576305],[8.597349618139331,47.69515045012284],[8.596777165625936,47.69519502946474],[8.596530598043147,47.69521452148032],[8.596346725285953,47.69523099595717],[8.596333503773664,47.69523194614333],[8.596134051436513,47.69525181340053],[8.596031133021933,47.69526381138484]]}},{"type":"Feature","properties":{"nr":"H4","achse":"Bargen Schaffhausen","strasse":"Galgenbucktunnel Zufahrt Schaffhausen","gemeinde":"Neuhausen am Rheinfall","fkt":"VO","fkt_text":"verkehrsorientiert","tempo":50,"dtv":18000,"laerm_tag_db":82.9,"bus":true,"linien":["1","21","N4","N77"],"haltestellen":[],"bus_anteil":1.0,"bus_text":"ja","laenge_m":51,"abschnitt":"","abschnitt_km":null,"unfaelle":null,"unf_fuss":null,"unf_velo":null,"fassaden_igw":null,"initiative":true,"gegenvorschlag":true,"vorlage":"initiative"},"geometry":{"type":"LineString","coordinates":[[8.62161079157635,47.69118493368368],[8.621666997249449,47.691290062139245],[8.621689788813647,47.69138962152654],[8.621710345510188,47.69163366062206]]}},{"type":"Feature","properties":{"nr":"H4","achse":"Bargen Schaffhausen","strasse":"Schaffhauserstrasse","gemeinde":"Neuhausen am Rheinfall","fkt":"VO","fkt_text":"verkehrsorientiert","tempo":50,"dtv":34000,"laerm_tag_db":86.1,"bus":true,"linien":["1","21","N4","N77"],"haltestellen":[],"bus_anteil":1.0,"bus_text":"ja","laenge_m":116,"abschnitt":"Schaffhauserstrasse","abschnitt_km":1.233,"unfaelle":61,"unf_fuss":6,"unf_velo":11,"fassaden_igw":51,"initiative":true,"gegenvorschlag":true,"vorlage":"initiative"},"geometry":{"type":"LineString","coordinates":[[8.621710345510188,47.69163366062206],[8.621742080008012,47.69177276668037],[8.621831102481226,47.69200516259828],[8.621929539544196,47.692201575438695],[8.622031092678046,47.69235377661413],[8.622131122057988,47.69243834733489],[8.622234592977831,47.69249389439351],[8.622354175863956,47.69253957242207]]}},{"type":"Feature","properties":{"nr":"H4","achse":"Bargen Schaffhausen","strasse":"Mühlenstrasse","gemeinde":"Schaffhausen","fkt":"VO","fkt_text":"verkehrsorientiert","tempo":50,"dtv":34000,"laerm_tag_db":86.1,"bus":true,"linien":["1","21","N4","N77"],"haltestellen":["Schaffhausen, Brüggli","Schaffhausen, Kreuz"],"bus_anteil":1.0,"bus_text":"ja","laenge_m":255,"abschnitt":"Mühlenstrasse","abschnitt_km":0.575,"unfaelle":40,"unf_fuss":1,"unf_velo":9,"fassaden_igw":65,"initiative":true,"gegenvorschlag":true,"vorlage":"initiative"},"geometry":{"type":"LineString","coordinates":[[8.623652992276554,47.69271346042281],[8.624014387590947,47.692742882351745],[8.624351685580963,47.69279556538096],[8.624382265352768,47.692798833068274],[8.62470949030225,47.69284009618922],[8.625444949230426,47.69293859364904],[8.626311235131935,47.69306344278596],[8.626413247742963,47.69307805914261],[8.626479485057233,47.693088229175345],[8.626552833995303,47.69309711224438],[8.626625403036423,47.693103889586425],[8.626689429602775,47.69310755225927],[8.6267590976735,47.693109718132376],[8.626816623770551,47.693108653251244],[8.626872705607038,47.693106155031764],[8.62693424590524,47.693101127542484],[8.626987594793926,47.69309557217867]]}},{"type":"Feature","properties":{"nr":"H4","achse":"Bargen Schaffhausen","strasse":"Schaffhauserstrasse","gemeinde":"Neuhausen am Rheinfall","fkt":"VO","fkt_text":"verkehrsorientiert","tempo":50,"dtv":16766,"laerm_tag_db":80.5,"bus":true,"linien":["1","21","N4","N77"],"haltestellen":["Neuhausen, Scheidegg"],"bus_anteil":1.0,"bus_text":"ja","laenge_m":308,"abschnitt":"Schaffhauserstrasse","abschnitt_km":1.233,"unfaelle":61,"unf_fuss":6,"unf_velo":11,"fassaden_igw":51,"initiative":true,"gegenvorschlag":true,"vorlage":"initiative"},"geometry":{"type":"LineString","coordinates":[[8.622344114136007,47.68752523109183],[8.622393372904144,47.68778812688724],[8.622431899167632,47.68796831262099],[8.622466723283864,47.68818071759526],[8.622491428724361,47.68833908905371],[8.62249566967538,47.68843408842511],[8.622497427319285,47.688559828566255],[8.622493369610082,47.68864410135466],[8.622491639262682,47.68867992521809],[8.622472032060381,47.68884447747909],[8.622451196810356,47.68900117224123],[8.622381261825533,47.68953762894707],[8.62235593741672,47.68974442252849],[8.622306774878115,47.69004928066616],[8.622275650627275,47.690238576437764],[8.622262870190026,47.690280655922244]]}},{"type":"Feature","properties":{"nr":"731","achse":"Herblingen - Lohn","strasse":"Schlossstrasse","gemeinde":"Schaffhausen","fkt":"SO","fkt_text":"siedlungsorientiert","tempo":30,"dtv":3448,"laerm_tag_db":71.0,"bus":true,"linien":["24"],"haltestellen":[],"bus_anteil":1.0,"bus_text":"ja","laenge_m":260,"abschnitt":"Schlossstrasse","abschnitt_km":0.851,"unfaelle":7,"unf_fuss":2,"unf_velo":4,"fassaden_igw":11,"initiative":true,"gegenvorschlag":false,"vorlage":"initiative"},"geometry":{"type":"LineString","coordinates":[[8.662651705798822,47.72334786419261],[8.662882037472832,47.723619852938825],[8.662920192325199,47.72366102248741],[8.66294664099949,47.72369918529955],[8.662966078887639,47.7237350654435],[8.662978569994984,47.723772583730096],[8.662978932694237,47.72378826583665],[8.662958358766849,47.72395397618864],[8.662946493101726,47.724040328746206],[8.66294264850312,47.724074088569246],[8.662948499845214,47.724124214715765],[8.662958093339693,47.72418456386374],[8.66297592082042,47.72424878376287],[8.663002379347303,47.72433404019712],[8.663042660711588,47.72446308783136],[8.663065125746703,47.72452955240149],[8.66307405815893,47.724564769646655],[8.663072592305934,47.72460167038253],[8.66305736825164,47.72464655896266],[8.66302717682023,47.72469787412528],[8.662986755256663,47.7247587229455],[8.662935142906365,47.724837714000564],[8.662888922271096,47.72490258129935],[8.662864097750681,47.724935824480895],[8.66284951113612,47.724963329482236],[8.66283169715494,47.72501151918757],[8.662814640870765,47.72506019559344],[8.662775200445095,47.7251513894819],[8.662733166055592,47.72522725753122],[8.662684677941073,47.72530131371132],[8.66262468581971,47.72539900185206],[8.662569779207507,47.72551082929738],[8.662547579759075,47.725556159974715]]}},{"type":"Feature","properties":{"nr":"731","achse":"Herblingen - Lohn","strasse":"Schlossstrasse","gemeinde":"Schaffhausen","fkt":"SO","fkt_text":"siedlungsorientiert","tempo":50,"dtv":3448,"laerm_tag_db":75.3,"bus":true,"linien":["24"],"haltestellen":["Schaffhausen, Otteregass"],"bus_anteil":1.0,"bus_text":"ja","laenge_m":425,"abschnitt":"Schlossstrasse","abschnitt_km":0.851,"unfaelle":7,"unf_fuss":2,"unf_velo":4,"fassaden_igw":11,"initiative":true,"gegenvorschlag":false,"vorlage":"initiative"},"geometry":{"type":"LineString","coordinates":[[8.662547579759075,47.725556159974715],[8.662459266175805,47.725736533140115],[8.662334218644418,47.725987447693136],[8.662298720646362,47.72608836759445],[8.662265964624396,47.72617700850523],[8.662235096783952,47.72624526663421],[8.662158551221784,47.72639217411285],[8.662040229949982,47.726631441923104],[8.661840565029422,47.72703796719983],[8.661758444926123,47.72721890411239],[8.661702572340035,47.72732254746286],[8.661624489644812,47.72744632856528],[8.661477498136062,47.727665192529145],[8.661312358225441,47.72791388301391],[8.661283939519926,47.72795148979718],[8.661257401355085,47.727989715387984],[8.661232756023017,47.728028514687416],[8.661210042470877,47.728067842316165],[8.66118929985384,47.72810766188678],[8.661170527137378,47.72814792844029],[8.661153749942008,47.72818859673727],[8.661148091357118,47.728212562823316],[8.661143474800621,47.72823662588389],[8.661139900066257,47.72826077692702],[8.661137366324729,47.728284979984785],[8.66113588669725,47.7283092259251],[8.661135447442444,47.728333496904035],[8.661136061058528,47.728357756813466],[8.661161666683892,47.728883459568266],[8.661177738516125,47.72918798713778],[8.661179191155117,47.729209324096665]]}},{"type":"Feature","properties":{"nr":"H330","achse":"Stein am Rhein - Öhningen","strasse":"Rhigass","gemeinde":"Stein am Rhein","fkt":"VO","fkt_text":"verkehrsorientiert","tempo":40,"dtv":5829,"laerm_tag_db":75.2,"bus":true,"linien":["33"],"haltestellen":["Stein am Rhein, Rathaus"],"bus_anteil":1.0,"bus_text":"ja","laenge_m":98,"abschnitt":"Rhigass","abschnitt_km":0.452,"unfaelle":19,"unf_fuss":3,"unf_velo":13,"fassaden_igw":14,"initiative":true,"gegenvorschlag":true,"vorlage":"initiative"},"geometry":{"type":"LineString","coordinates":[[8.859234361277931,47.65866771087931],[8.859293849323505,47.65875868536893],[8.859364543435102,47.65885595401707],[8.859386236994434,47.65888198047275],[8.859415925906399,47.658919692322534],[8.859440522352623,47.65895815008641],[8.859469379955103,47.65900209651941],[8.859497347967226,47.659051594648325],[8.859514505830905,47.659079763384455],[8.859534531208237,47.65910166360789],[8.859561558334102,47.65911656111693],[8.859586285315729,47.659124623710795],[8.859613875069195,47.65912524851708],[8.859642294119626,47.659121050931795],[8.859704941276876,47.65909940721333],[8.859747416566533,47.65908764381622],[8.85980281693648,47.659079257174916],[8.859868478825645,47.65908166463241],[8.859957894330492,47.659083142653934],[8.86002909380827,47.659079059923286],[8.860107315080455,47.65906723658203]]}},{"type":"Feature","properties":{"nr":"H330","achse":"Stein am Rhein - Öhningen","strasse":"Rhigass","gemeinde":"Stein am Rhein","fkt":"VO","fkt_text":"verkehrsorientiert","tempo":40,"dtv":5829,"laerm_tag_db":75.1,"bus":true,"linien":["33"],"haltestellen":["Stein am Rhein, Schule"],"bus_anteil":1.0,"bus_text":"ja","laenge_m":88,"abschnitt":"Rhigass","abschnitt_km":0.452,"unfaelle":19,"unf_fuss":3,"unf_velo":13,"fassaden_igw":14,"initiative":true,"gegenvorschlag":true,"vorlage":"initiative"},"geometry":{"type":"LineString","coordinates":[[8.861214331251437,47.659319566242594],[8.861251026345524,47.65934047039705],[8.861312436557292,47.6593541007201],[8.861442903389454,47.65937605956284],[8.86186002760394,47.659440963293804],[8.86194933415473,47.65945967523181],[8.862053557125604,47.659483520191365],[8.862130720658998,47.65950666239385],[8.86219614541063,47.65953540833208],[8.862233937226186,47.65956192950254],[8.862285905751154,47.659602722550126]]}},{"type":"Feature","properties":{"nr":"71","achse":"Wilchingen - Jestetten","strasse":"In der Gasse","gemeinde":"Wilchingen","fkt":"VO","fkt_text":"verkehrsorientiert","tempo":50,"dtv":2759,"laerm_tag_db":72.8,"bus":true,"linien":["27","N77"],"haltestellen":[],"bus_anteil":1.0,"bus_text":"ja","laenge_m":188,"abschnitt":"In der Gasse","abschnitt_km":0.207,"unfaelle":2,"unf_fuss":0,"unf_velo":2,"fassaden_igw":2,"initiative":true,"gegenvorschlag":true,"vorlage":"initiative"},"geometry":{"type":"LineString","coordinates":[[8.46972617465405,47.667359033181306],[8.46974843038956,47.66732993754776],[8.469759339487686,47.667304144532864],[8.469760623149654,47.66726061961965],[8.469746547636197,47.66720919929826],[8.469721274751889,47.667156430312986],[8.469668827945734,47.667074995433616],[8.469623523268801,47.66700683541101],[8.469544865599326,47.66690446995273],[8.469454022833125,47.66678897323444],[8.469379847510417,47.66669865597474],[8.46927104654941,47.666576446954956],[8.46919361604927,47.66649193267727],[8.469132687279417,47.66642340739951],[8.469050898877061,47.66633318444588],[8.469024770883257,47.66630349279188],[8.468958623151151,47.66623290909257],[8.468875215957834,47.66614294321303],[8.468836614595647,47.666095553793895],[8.468817279917426,47.6660707935782],[8.468784211956965,47.666028598637],[8.468754949524886,47.66598422034473],[8.468733036558726,47.66595147821568],[8.468717393513007,47.665918671488065],[8.468706987675857,47.6658730826474],[8.46870397394163,47.66585571475104]]}},{"type":"Feature","properties":{"nr":"H4","achse":"Bargen Schaffhausen","strasse":"Hochstrasse","gemeinde":"Schaffhausen","fkt":"VO","fkt_text":"verkehrsorientiert","tempo":50,"dtv":9159,"laerm_tag_db":80.1,"bus":true,"linien":["5","6","10","24","N76"],"haltestellen":["Schaffhausen, Falkeneck"],"bus_anteil":1.0,"bus_text":"ja","laenge_m":47,"abschnitt":"Hochstrasse","abschnitt_km":1.821,"unfaelle":70,"unf_fuss":11,"unf_velo":21,"fassaden_igw":174,"initiative":true,"gegenvorschlag":true,"vorlage":"initiative"},"geometry":{"type":"LineString","coordinates":[[8.653506476133256,47.71722936831136],[8.653486457261078,47.71723341804311],[8.653466466066885,47.71723751245327],[8.653446488813266,47.717241633696965],[8.653426525912847,47.71724579975839],[8.65340657736557,47.717250010637535],[8.65338665608348,47.71725424821097],[8.653366749154458,47.71725853060214],[8.653346330711985,47.71725968834223],[8.653325926624843,47.71726089089987],[8.653305510243564,47.71726213855353],[8.653285121748517,47.7172634398776],[8.653264720752933,47.71726477730563],[8.653244334318757,47.71726616854328],[8.653223962239657,47.717267604598554],[8.653201166834645,47.71726856229066],[8.653178347790165,47.71726907051377],[8.653155518844084,47.71726914711276],[8.653132693115392,47.71726878295637],[8.653109897460357,47.71726798675831],[8.653087131673258,47.7172667495265],[8.653064435728817,47.71726507084335],[8.652975263710992,47.717261802009624],[8.652885815976608,47.71724651070209]]}},{"type":"Feature","properties":{"nr":"H4","achse":"Bargen Schaffhausen","strasse":"Stettemerstrasse","gemeinde":"Schaffhausen","fkt":"VO","fkt_text":"verkehrsorientiert","tempo":50,"dtv":7328,"laerm_tag_db":79.0,"bus":true,"linien":["3","6","10","N2"],"haltestellen":["Schaffhausen, Gräfler"],"bus_anteil":1.0,"bus_text":"ja","laenge_m":45,"abschnitt":"Stettemerstrasse","abschnitt_km":0.076,"unfaelle":2,"unf_fuss":0,"unf_velo":0,"fassaden_igw":6,"initiative":true,"gegenvorschlag":true,"vorlage":"initiative"},"geometry":{"type":"LineString","coordinates":[[8.65039777889399,47.71837336362592],[8.65044385028811,47.71848906177046],[8.650481586636328,47.7186505374157],[8.65048670753037,47.71869258598285],[8.650485638675804,47.718715181611344],[8.650479017453115,47.71874558813329],[8.650462695717778,47.718764457247104]]}},{"type":"Feature","properties":{"nr":"721","achse":"Schaffhausen - Hemmental","strasse":"Steigstrasse","gemeinde":"Schaffhausen","fkt":"SO","fkt_text":"siedlungsorientiert","tempo":50,"dtv":9408,"laerm_tag_db":79.9,"bus":true,"linien":["3","4","7","21","22","23","N1","N4","N77"],"haltestellen":[],"bus_anteil":1.0,"bus_text":"ja","laenge_m":122,"abschnitt":"Steigstrasse","abschnitt_km":0.837,"unfaelle":54,"unf_fuss":5,"unf_velo":20,"fassaden_igw":58,"initiative":true,"gegenvorschlag":false,"vorlage":"initiative"},"geometry":{"type":"LineString","coordinates":[[8.630840364463616,47.69554530100223],[8.630862227160092,47.69555835225251],[8.630925502480016,47.695607801164606],[8.630967368367713,47.69566433233704],[8.631007936554559,47.69574784163156],[8.631024037704487,47.69578664859774],[8.631043459656851,47.69586052612329],[8.631116399336975,47.696254599125204],[8.63115138004215,47.696371570404125],[8.631190182615548,47.696432836924075],[8.631234573050286,47.69650263561223],[8.631286228254842,47.696583845406515]]}},{"type":"Feature","properties":{"nr":"721","achse":"Schaffhausen - Hemmental","strasse":"Steigstrasse","gemeinde":"Schaffhausen","fkt":"SO","fkt_text":"siedlungsorientiert","tempo":50,"dtv":10486,"laerm_tag_db":80.6,"bus":true,"linien":["3","4","7","22","N1","N4"],"haltestellen":["Schaffhausen, Steigbrunnen"],"bus_anteil":1.0,"bus_text":"ja","laenge_m":83,"abschnitt":"Steigstrasse","abschnitt_km":0.837,"unfaelle":54,"unf_fuss":5,"unf_velo":20,"fassaden_igw":58,"initiative":true,"gegenvorschlag":false,"vorlage":"initiative"},"geometry":{"type":"LineString","coordinates":[[8.62756876085648,47.69867130577534],[8.627577273054808,47.69863326294142],[8.627578920581938,47.69860160430106],[8.627579809132182,47.69853672864972],[8.627578224969632,47.69846556432691],[8.62758353188194,47.69838800654215],[8.627593939616048,47.698329356460036],[8.627604729642211,47.69828655034206],[8.627615639149544,47.69824847397806],[8.62764982809303,47.69820227147855],[8.62769256051977,47.698155037158614],[8.627742885026398,47.69810534166217],[8.627781776405467,47.69807099040522],[8.627808924478678,47.69804706671605],[8.627839618259907,47.698023817283996],[8.627860090653359,47.69800816465442],[8.62789367426078,47.697990201241616]]}},{"type":"Feature","properties":{"nr":"721","achse":"Schaffhausen - Hemmental","strasse":"Steigstrasse","gemeinde":"Schaffhausen","fkt":"SO","fkt_text":"siedlungsorientiert","tempo":50,"dtv":10486,"laerm_tag_db":81.2,"bus":true,"linien":["3","4","7","22","N1","N4"],"haltestellen":["Schaffhausen, Schützenhaus","Schaffhausen, Steigbrunnen"],"bus_anteil":1.0,"bus_text":"ja","laenge_m":150,"abschnitt":"Steigstrasse","abschnitt_km":0.837,"unfaelle":54,"unf_fuss":5,"unf_velo":20,"fassaden_igw":58,"initiative":true,"gegenvorschlag":false,"vorlage":"initiative"},"geometry":{"type":"LineString","coordinates":[[8.626749158270675,47.69989768001986],[8.626841000353897,47.69976599169406],[8.627104249787854,47.69938027985738],[8.627212909239175,47.69920666789932],[8.62731064073903,47.69907273330628],[8.627392045662369,47.698942131596816],[8.627482428360535,47.69881264321117],[8.62754178722556,47.698723793362895],[8.62756876085648,47.69867130577534]]}},{"type":"Feature","properties":{"nr":"H4","achse":"Bargen Schaffhausen","strasse":"Mühlenstrasse","gemeinde":"Schaffhausen","fkt":"VO","fkt_text":"verkehrsorientiert","tempo":50,"dtv":21236,"laerm_tag_db":84.1,"bus":true,"linien":["1","6","21","25","630","632","634","N3","N4","N69","N77"],"haltestellen":["Schaffhausen, Mühlentor"],"bus_anteil":1.0,"bus_text":"ja","laenge_m":226,"abschnitt":"Mühlenstrasse","abschnitt_km":0.575,"unfaelle":40,"unf_fuss":1,"unf_velo":9,"fassaden_igw":65,"initiative":true,"gegenvorschlag":true,"vorlage":"initiative"},"geometry":{"type":"LineString","coordinates":[[8.628881141408327,47.69329977231356],[8.629044602852874,47.693371626123366],[8.629230045206718,47.693455900450715],[8.629375465912052,47.6935287661103],[8.629514838724342,47.69359332889276],[8.62961258972321,47.693634582201135],[8.629697743530771,47.69365888441576],[8.62978063779652,47.69367748937027],[8.629875147109534,47.693690686565056],[8.62998572109704,47.69369729707494],[8.630189208627476,47.69370419600664],[8.630317620258197,47.69370723245328],[8.630453905935088,47.69370971130455],[8.630603032021527,47.69370914414169],[8.630746734111218,47.693705529404625],[8.630905767518412,47.693688796437094],[8.631059824560007,47.69367115192722],[8.631255858937475,47.69364937076185],[8.631494866710277,47.69361917921441],[8.63159385880753,47.693605445097745],[8.631713362532388,47.69359034903748]]}},{"type":"Feature","properties":{"nr":"710","achse":"Gächlingen - Siblingerhöhe","strasse":"Bergstrasse","gemeinde":"Gächlingen","fkt":"SO","fkt_text":"siedlungsorientiert","tempo":50,"dtv":676,"laerm_tag_db":64.5,"bus":true,"linien":["21"],"haltestellen":[],"bus_anteil":1.0,"bus_text":"ja","laenge_m":85,"abschnitt":"","abschnitt_km":null,"unfaelle":null,"unf_fuss":null,"unf_velo":null,"fassaden_igw":null,"initiative":true,"gegenvorschlag":false,"vorlage":"initiative"},"geometry":{"type":"LineString","coordinates":[[8.502372955863919,47.706847624499034],[8.502322460889017,47.70698793456493],[8.50230492871722,47.707051799626235],[8.50228548229664,47.707125845439506],[8.502266979244608,47.707223644812686],[8.502227053435478,47.707462306625075],[8.502204172142779,47.707602867612394]]}},{"type":"Feature","properties":{"nr":"H14","achse":"Schaffhausen - Stühlingen","strasse":"Hauptstrasse","gemeinde":"Siblingen","fkt":"VO","fkt_text":"verkehrsorientiert","tempo":50,"dtv":4242,"laerm_tag_db":77.1,"bus":true,"linien":["21"],"haltestellen":["Siblingen, Am Stei"],"bus_anteil":1.0,"bus_text":"ja","laenge_m":386,"abschnitt":"Hauptstrasse","abschnitt_km":1.049,"unfaelle":5,"unf_fuss":0,"unf_velo":1,"fassaden_igw":23,"initiative":true,"gegenvorschlag":true,"vorlage":"initiative"},"geometry":{"type":"LineString","coordinates":[[8.520594090129196,47.71412691648989],[8.520336940118387,47.714179289087376],[8.520070367661699,47.71424471813305],[8.519907029632346,47.71428691729851],[8.519702132100342,47.71433730049672],[8.519500866572187,47.71438413290149],[8.5192941873706,47.71443279608937],[8.519122651456462,47.71446973688406],[8.51897668903548,47.714496852166576],[8.518805876901585,47.714524216128375],[8.518701478065294,47.71454074567998],[8.518620778580713,47.71454506596656],[8.518542586547301,47.71454098947659],[8.518458098699192,47.714533373801785],[8.51836102149991,47.714517483565515],[8.51823455866833,47.714497674912025],[8.51799395787441,47.71445072957176],[8.517837086834543,47.7144180085662],[8.517706128325097,47.714394031872],[8.517575329652972,47.71437723976661],[8.517410953395082,47.71436793630446],[8.517258177418517,47.71436153798448],[8.517101917463048,47.71435813081295],[8.516949263140766,47.71435770298491],[8.516829575257693,47.714363615813554],[8.516709092889055,47.71437370910865],[8.516584161391242,47.71438324992433],[8.516499162870572,47.71439242039505],[8.516358460506424,47.71440760251988],[8.516136174387015,47.71443408159069],[8.515901651898758,47.71446438814169],[8.51560157611721,47.714501993014636]]}},{"type":"Feature","properties":{"nr":"H14","achse":"Schaffhausen - Stühlingen","strasse":"Hauptstrasse","gemeinde":"Siblingen","fkt":"VO","fkt_text":"verkehrsorientiert","tempo":50,"dtv":4242,"laerm_tag_db":77.2,"bus":true,"linien":["21"],"haltestellen":["Siblingen, Dorf"],"bus_anteil":1.0,"bus_text":"ja","laenge_m":277,"abschnitt":"Hauptstrasse","abschnitt_km":1.049,"unfaelle":5,"unf_fuss":0,"unf_velo":1,"fassaden_igw":23,"initiative":true,"gegenvorschlag":true,"vorlage":"initiative"},"geometry":{"type":"LineString","coordinates":[[8.523748178285631,47.71313105854001],[8.523740595131693,47.713225341784316],[8.52372365734794,47.71327998570529],[8.52368520927587,47.713352134892986],[8.523635239889153,47.713411584091375],[8.523611969472888,47.71343359379449],[8.52357565155165,47.713466626016334],[8.523515695370032,47.71350371925974],[8.523438644222484,47.71354161955287],[8.523350056682508,47.713571937535384],[8.523246135332677,47.71359535617821],[8.523064664122261,47.713631046440284],[8.522703292201015,47.713704965765054],[8.52227373659689,47.71379044724098],[8.521963478417005,47.71385237545676],[8.521203074147786,47.71400320996933],[8.521059336568156,47.71403213296537],[8.52072459677781,47.71410005093632],[8.520594090129196,47.71412691648989]]}},{"type":"Feature","properties":{"nr":"721","achse":"Schaffhausen - Hemmental","strasse":"Nordstrasse","gemeinde":"Schaffhausen","fkt":"SO","fkt_text":"siedlungsorientiert","tempo":50,"dtv":5443,"laerm_tag_db":77.3,"bus":true,"linien":["3","4","22","N1"],"haltestellen":["Schaffhausen, Nordstrasse"],"bus_anteil":1.0,"bus_text":"ja","laenge_m":285,"abschnitt":"Nordstrasse","abschnitt_km":1.026,"unfaelle":37,"unf_fuss":6,"unf_velo":16,"fassaden_igw":111,"initiative":true,"gegenvorschlag":false,"vorlage":"initiative"},"geometry":{"type":"LineString","coordinates":[[8.627395960477598,47.70460798744476],[8.627398977269692,47.70438740901998],[8.627404431748234,47.70427483537923],[8.627408880028892,47.70416314446479],[8.627423268809657,47.703770704775685],[8.627433995148769,47.703465609532074],[8.627438985523016,47.70327300987497],[8.627443120930952,47.70311355371799],[8.62745322486737,47.70299027428629],[8.627469019282735,47.70285220407895],[8.627494600160896,47.702617678473096],[8.627509609668435,47.70249510434689],[8.627535365017893,47.70233424873421],[8.627538358267945,47.70229011935417],[8.627538559330414,47.70223972256696],[8.627530714310854,47.70218761823074],[8.62752300333987,47.70214089107804],[8.627512796945377,47.70210230225571],[8.627502374576782,47.702052904563146]]}},{"type":"Feature","properties":{"nr":"721","achse":"Schaffhausen - Hemmental","strasse":"Nordstrasse","gemeinde":"Schaffhausen","fkt":"SO","fkt_text":"siedlungsorientiert","tempo":50,"dtv":5443,"laerm_tag_db":77.4,"bus":true,"linien":["3","4","22","N1"],"haltestellen":["Schaffhausen, Nordstrasse","Schaffhausen, Psychiatriezentr"],"bus_anteil":1.0,"bus_text":"ja","laenge_m":203,"abschnitt":"Nordstrasse","abschnitt_km":1.026,"unfaelle":37,"unf_fuss":6,"unf_velo":16,"fassaden_igw":111,"initiative":true,"gegenvorschlag":false,"vorlage":"initiative"},"geometry":{"type":"LineString","coordinates":[[8.627491746523843,47.70642879776277],[8.627477525302922,47.706273136247056],[8.627455300281952,47.70599955232841],[8.62743384848104,47.70581619955581],[8.627414098554324,47.70559052950545],[8.627398379684237,47.70542511551652],[8.62739502112471,47.70533426318142],[8.62739302869504,47.70530367619672],[8.62739148071043,47.70523530890209],[8.627391969232493,47.704962643820586],[8.627395960477598,47.70460798744476]]}},{"type":"Feature","properties":{"nr":"721","achse":"Schaffhausen - Hemmental","strasse":"Hauentalstrasse","gemeinde":"Schaffhausen","fkt":"SO","fkt_text":"siedlungsorientiert","tempo":50,"dtv":4015,"laerm_tag_db":76.1,"bus":true,"linien":["3","22","N1"],"haltestellen":["Schaffhausen, Neubrunn","Schaffhausen, Plattenhalde"],"bus_anteil":1.0,"bus_text":"ja","laenge_m":812,"abschnitt":"Hauentalstrasse","abschnitt_km":1.795,"unfaelle":10,"unf_fuss":2,"unf_velo":0,"fassaden_igw":93,"initiative":true,"gegenvorschlag":false,"vorlage":"initiative"},"geometry":{"type":"LineString","coordinates":[[8.621536915284986,47.715103602184676],[8.62192983555588,47.71472337674333],[8.622265368542317,47.71439582849779],[8.622328021725172,47.71433394015638],[8.622795509283243,47.713877473028376],[8.623008701586203,47.7136862523096],[8.623165922645484,47.713557724385694],[8.623444392316683,47.71336315738289],[8.623804620649421,47.71312456604887],[8.624047784142173,47.71296278153888],[8.624068712563421,47.71294457074034],[8.624109317320762,47.71291175058366],[8.62414204209885,47.712885306709566],[8.62418777499614,47.71284522987559],[8.624236051751705,47.71279973055997],[8.6242803179074,47.71275248228255],[8.624329698355568,47.712696169637134],[8.624371085129026,47.71263996548708],[8.624402034232974,47.71259375241119],[8.624432835506617,47.712540345475425],[8.624455569227516,47.7124807698578],[8.624509690822938,47.712338055461665],[8.624550378754702,47.71224947924748],[8.624827242084873,47.711582783499374],[8.624982172683115,47.711245430875906],[8.625182941101697,47.71081043671167],[8.625388970902325,47.71036299435764],[8.625535139500426,47.7100446810087],[8.625592369541543,47.70992257588354],[8.625664698929713,47.70975891618322],[8.625700106976977,47.709673955057845],[8.625723927308549,47.70960709168256],[8.625746570388591,47.70954478239924],[8.625764934141328,47.70946991592268],[8.625783311164934,47.7093950493049],[8.625803087730205,47.70932376607267],[8.625838387729114,47.709229847752965],[8.625867369266196,47.709154863810376],[8.625903065727432,47.709081610114474],[8.625940403827006,47.70902273937182],[8.625990755258133,47.70894934494659],[8.626020677853603,47.70891575170721],[8.626049254821172,47.70888217220519],[8.626098268468555,47.7088335164871],[8.626141795497237,47.70879453161331],[8.626165815750564,47.708762176873186],[8.626178197461687,47.708720083372064],[8.626171266486992,47.70866534343581]]}},{"type":"Feature","properties":{"nr":"721","achse":"Schaffhausen - Hemmental","strasse":"Hauentalstrasse","gemeinde":"Schaffhausen","fkt":"SO","fkt_text":"siedlungsorientiert","tempo":50,"dtv":1336,"laerm_tag_db":70.3,"bus":true,"linien":["22"],"haltestellen":["Schaffhausen, Sommerhalde"],"bus_anteil":1.0,"bus_text":"ja","laenge_m":190,"abschnitt":"Hauentalstrasse","abschnitt_km":1.795,"unfaelle":10,"unf_fuss":2,"unf_velo":0,"fassaden_igw":93,"initiative":true,"gegenvorschlag":false,"vorlage":"initiative"},"geometry":{"type":"LineString","coordinates":[[8.613931250341924,47.7208828503287],[8.614012515008929,47.720867818075355],[8.614117239978247,47.72085166715275],[8.614206010732117,47.72084153263966],[8.614278214808495,47.72083384109443],[8.614331503372911,47.720831458451016],[8.614408851249145,47.72083152173231],[8.614507526510515,47.72083225069557],[8.614583595488673,47.72083414361312],[8.614663709211433,47.72083691297225],[8.614742570474949,47.72084330159999],[8.614845470926154,47.720851227827765],[8.614993745657786,47.72086050271398],[8.6151807915957,47.7208738821553],[8.615362513999683,47.72088821459048],[8.615609645636448,47.72090457387413],[8.615711174178577,47.72091073238318],[8.615907407516486,47.72091767676818],[8.616044807927965,47.720918030295415],[8.616170094983596,47.720913100856954],[8.616321812836382,47.72089798301402],[8.61644286224342,47.720882312214336]]}},{"type":"Feature","properties":{"nr":"721","achse":"Schaffhausen - Hemmental","strasse":"Hauptstrasse","gemeinde":"Schaffhausen","fkt":"SO","fkt_text":"siedlungsorientiert","tempo":50,"dtv":1336,"laerm_tag_db":70.3,"bus":true,"linien":["22"],"haltestellen":["Hemmental, Hochrahn"],"bus_anteil":1.0,"bus_text":"ja","laenge_m":295,"abschnitt":"Hauptstrasse","abschnitt_km":0.785,"unfaelle":1,"unf_fuss":0,"unf_velo":1,"fassaden_igw":0,"initiative":true,"gegenvorschlag":false,"vorlage":"initiative"},"geometry":{"type":"LineString","coordinates":[[8.589358412011569,47.731912692018945],[8.589442317627993,47.73176357655766],[8.589494339590411,47.73165824488427],[8.589535524186825,47.73157688169787],[8.589571625266675,47.73149471436729],[8.5896687705396,47.731256840108344],[8.5897963990609,47.73097033884586],[8.589912185903907,47.73069844407905],[8.589951324871572,47.73060706356571],[8.589992089746097,47.73051566693686],[8.590042803235502,47.73042750858835],[8.590091732247439,47.73033270327304],[8.590164883682004,47.73021768223922],[8.590233368866423,47.73011491231992],[8.590286010468002,47.730040045981],[8.590373665661406,47.72991156992511],[8.5905060168536,47.7297205109993],[8.590641562618682,47.729524986171036],[8.590710824205493,47.72942489746125]]}},{"type":"Feature","properties":{"nr":"722","achse":"Hemmental - Beggingen","strasse":"Im Gehren","gemeinde":"Schaffhausen","fkt":"SO","fkt_text":"siedlungsorientiert","tempo":50,"dtv":216,"laerm_tag_db":59.1,"bus":true,"linien":["22"],"haltestellen":[],"bus_anteil":0.23,"bus_text":"teilweise","laenge_m":23,"abschnitt":"Im Gehren","abschnitt_km":0.246,"unfaelle":0,"unf_fuss":0,"unf_velo":0,"fassaden_igw":0,"initiative":true,"gegenvorschlag":false,"vorlage":"initiative"},"geometry":{"type":"LineString","coordinates":[[8.587523336788779,47.733571444232545],[8.587512854474776,47.73356642805741],[8.587449877296741,47.73352600129604],[8.587397277373276,47.73348580477731],[8.58735044219852,47.7334384819649],[8.587335668519755,47.73340705874527]]}},{"type":"Feature","properties":{"nr":"722","achse":"Hemmental - Beggingen","strasse":"Im Gehren","gemeinde":"Schaffhausen","fkt":"SO","fkt_text":"siedlungsorientiert","tempo":40,"dtv":216,"laerm_tag_db":57.1,"bus":true,"linien":[],"haltestellen":["Hemmental, Kreuzweg (Randen)"],"bus_anteil":0.0,"bus_text":"ja","laenge_m":153,"abschnitt":"Im Gehren","abschnitt_km":0.246,"unfaelle":0,"unf_fuss":0,"unf_velo":0,"fassaden_igw":0,"initiative":true,"gegenvorschlag":false,"vorlage":"initiative"},"geometry":{"type":"LineString","coordinates":[[8.576512077592243,47.745682915585746],[8.576737872326195,47.74552583009349],[8.577121814529262,47.74525523017575],[8.57762549453995,47.74489523443319],[8.57770902997675,47.74483484920573],[8.577731518187425,47.744821497753875],[8.577807142319726,47.74477890810247],[8.577855236191532,47.74476260766384],[8.577969034282075,47.74472669533609]]}},{"type":"Feature","properties":{"nr":"722","achse":"Hemmental - Beggingen","strasse":"Im Gehren","gemeinde":"Schaffhausen","fkt":"SO","fkt_text":"siedlungsorientiert","tempo":40,"dtv":216,"laerm_tag_db":56.8,"bus":true,"linien":[],"haltestellen":["Hemmental, Kreuzweg (Randen)"],"bus_anteil":0.0,"bus_text":"ja","laenge_m":170,"abschnitt":"Im Gehren","abschnitt_km":0.246,"unfaelle":0,"unf_fuss":0,"unf_velo":0,"fassaden_igw":0,"initiative":true,"gegenvorschlag":false,"vorlage":"initiative"},"geometry":{"type":"LineString","coordinates":[[8.574678276846322,47.74654558147903],[8.574739236277267,47.74653772799328],[8.574814267688554,47.74652631032508],[8.57489422285062,47.74650758636559],[8.57497572074251,47.74648122037789],[8.575056633879873,47.74645370881394],[8.575176026421493,47.74639986459537],[8.575401249961836,47.746293459536396],[8.575443068819713,47.74627236469188],[8.575521995703525,47.74623497881716],[8.57564957770235,47.74617195214161],[8.575782287844888,47.746111150671524],[8.575802881794258,47.74610020153483],[8.575961912471605,47.7460219190567],[8.576071109241305,47.74596779582685],[8.576179090404812,47.74590986193131],[8.576249504685663,47.7458679538658],[8.576363210819718,47.74578666936186],[8.576512077592243,47.745682915585746]]}},{"type":"Feature","properties":{"nr":"722","achse":"Hemmental - Beggingen","strasse":"Randenstrasse","gemeinde":"Beggingen","fkt":"SO","fkt_text":"siedlungsorientiert","tempo":40,"dtv":216,"laerm_tag_db":57.0,"bus":true,"linien":[],"haltestellen":["Hemmental, Mäserich (Randen)"],"bus_anteil":0.0,"bus_text":"ja","laenge_m":115,"abschnitt":"Randenstrasse","abschnitt_km":0.404,"unfaelle":1,"unf_fuss":0,"unf_velo":0,"fassaden_igw":0,"initiative":true,"gegenvorschlag":false,"vorlage":"initiative"},"geometry":{"type":"LineString","coordinates":[[8.561453337008434,47.74769744095152],[8.561465697109455,47.747427745609436],[8.561475036803863,47.74719105126043],[8.561476785426086,47.74712954264916],[8.56147881018293,47.74708230479264],[8.561481527364473,47.74703753359201],[8.561492861637978,47.747011737427215],[8.561502434066412,47.74699969205137],[8.561532529945083,47.7469795068993],[8.561567560782004,47.74696125277447],[8.561597785303553,47.74694901702819],[8.561629953978407,47.746934765845694],[8.561682676870634,47.74691634089324],[8.56175499461214,47.746894407964284],[8.561787193830254,47.74688348420968],[8.561884482598986,47.74685500533379],[8.561931741505349,47.74684051841817]]}},{"type":"Feature","properties":{"nr":"H4","achse":"Bargen Schaffhausen","strasse":"Hochstrasse","gemeinde":"Schaffhausen","fkt":"VO","fkt_text":"verkehrsorientiert","tempo":50,"dtv":9159,"laerm_tag_db":79.9,"bus":true,"linien":["3","6","10","24","N2"],"haltestellen":["Schaffhausen, St. Peter"],"bus_anteil":1.0,"bus_text":"ja","laenge_m":42,"abschnitt":"Hochstrasse","abschnitt_km":1.821,"unfaelle":70,"unf_fuss":11,"unf_velo":21,"fassaden_igw":174,"initiative":true,"gegenvorschlag":true,"vorlage":"initiative"},"geometry":{"type":"LineString","coordinates":[[8.65044919676108,47.71726922747349],[8.650423457323972,47.717274325668654],[8.65030796697411,47.71728637645233],[8.65019181090214,47.717297876416474],[8.650080028865949,47.717303079698304],[8.649909290381158,47.71734409155413]]}},{"type":"Feature","properties":{"nr":"76","achse":"Zentrum Schaffhausen - Schweizersbild","strasse":"Hochstrasse","gemeinde":"Schaffhausen","fkt":"VO","fkt_text":"verkehrsorientiert","tempo":50,"dtv":8671,"laerm_tag_db":79.1,"bus":true,"linien":["3","6","24","N2"],"haltestellen":["Schaffhausen, Finsterwaldstr.","Schaffhausen, Hornbergstieg","Schaffhausen, Seidenhof"],"bus_anteil":1.0,"bus_text":"ja","laenge_m":724,"abschnitt":"Hochstrasse","abschnitt_km":1.821,"unfaelle":70,"unf_fuss":11,"unf_velo":21,"fassaden_igw":174,"initiative":true,"gegenvorschlag":true,"vorlage":"initiative"},"geometry":{"type":"LineString","coordinates":[[8.634916603904863,47.701960871354466],[8.63494432810894,47.70213651360031],[8.634964259604557,47.70225383635438],[8.634981935295606,47.702317891369994],[8.635020114585469,47.70242844248087],[8.635054331806133,47.702506924879394],[8.635101761092992,47.70259695479078],[8.635150335575755,47.70268989602361],[8.635273893114285,47.70289521293329],[8.635456709895953,47.70318683994839],[8.63556662166194,47.70335660785732],[8.635626055721083,47.70344949100845],[8.635662216202316,47.70351778969558],[8.635712276148531,47.7036268510627],[8.635733811465336,47.70367119576617],[8.635762012483799,47.70372276614589],[8.635817863628743,47.70385222073657],[8.6358796074832,47.70400125803606],[8.6359138428527,47.704080441519146],[8.63604194868837,47.70438704889686],[8.636089994582536,47.704501842175134],[8.636147164832055,47.7046377048853],[8.6362307298076,47.704841247134105],[8.636317322211653,47.70503604269269],[8.636364248948142,47.70515019978594],[8.636456845491178,47.70537122353252],[8.63663128349807,47.70580307421793],[8.636741610392368,47.706035544511586],[8.636821173648745,47.70620336640762],[8.636873174088398,47.706301389255835],[8.636952348511823,47.70645316933363],[8.63707976880882,47.70667891523914],[8.637261968173439,47.70698580879156],[8.63743126188102,47.70724757613216],[8.637570666307933,47.70743450465123],[8.63774531802862,47.70765029166832],[8.637966274790466,47.70791421450778],[8.638088351911872,47.708076092337194]]}},{"type":"Feature","properties":{"nr":"H4","achse":"Bargen Schaffhausen","strasse":"Bachstrasse","gemeinde":"Schaffhausen","fkt":"VO","fkt_text":"verkehrsorientiert","tempo":50,"dtv":18000,"laerm_tag_db":83.1,"bus":true,"linien":["1","4","5","N3","N76"],"haltestellen":["Schaffhausen, Feuerwehrzentrum"],"bus_anteil":1.0,"bus_text":"ja","laenge_m":84,"abschnitt":"Bachstrasse","abschnitt_km":0.912,"unfaelle":75,"unf_fuss":5,"unf_velo":24,"fassaden_igw":146,"initiative":true,"gegenvorschlag":true,"vorlage":"initiative"},"geometry":{"type":"LineString","coordinates":[[8.636597495500908,47.7013312557371],[8.636670518952732,47.70143118476484],[8.636801390778357,47.701524446261374],[8.636943521067987,47.701594710136604],[8.637027086594149,47.70162288197684],[8.63706798396072,47.7016325788115],[8.637169081222345,47.70165180036719],[8.637261501444133,47.70166675810203],[8.637336673787802,47.70167611934202],[8.637396879264294,47.70168706499537],[8.637459596684947,47.70171244747712],[8.63749411341334,47.7017322115952]]}},{"type":"Feature","properties":{"nr":"H4","achse":"Bargen Schaffhausen","strasse":"Bachstrasse","gemeinde":"Schaffhausen","fkt":"VO","fkt_text":"verkehrsorientiert","tempo":50,"dtv":9738,"laerm_tag_db":80.0,"bus":true,"linien":["8","25","630","632","634","N69"],"haltestellen":[],"bus_anteil":1.0,"bus_text":"ja","laenge_m":117,"abschnitt":"Bachstrasse","abschnitt_km":0.912,"unfaelle":75,"unf_fuss":5,"unf_velo":24,"fassaden_igw":146,"initiative":true,"gegenvorschlag":true,"vorlage":"initiative"},"geometry":{"type":"LineString","coordinates":[[8.637909740511724,47.696479569131036],[8.637823350492159,47.696831777155396],[8.637780502609061,47.69700293068587],[8.637716592603661,47.697255951549394],[8.637654822792571,47.697481715598386],[8.637646456024749,47.697516438876036]]}},{"type":"Feature","properties":{"nr":"H4","achse":"Bargen Schaffhausen","strasse":"Rheinuferstrasse","gemeinde":"Schaffhausen","fkt":"VO","fkt_text":"verkehrsorientiert","tempo":50,"dtv":15336,"laerm_tag_db":81.9,"bus":true,"linien":["6","8","25","630","632","634","N3","N69"],"haltestellen":["Schaffhausen, Rhybadi"],"bus_anteil":1.0,"bus_text":"ja","laenge_m":426,"abschnitt":"Rheinuferstrasse","abschnitt_km":0.653,"unfaelle":28,"unf_fuss":3,"unf_velo":2,"fassaden_igw":43,"initiative":true,"gegenvorschlag":true,"vorlage":"initiative"},"geometry":{"type":"LineString","coordinates":[[8.633046094211572,47.693472621386796],[8.633282523813891,47.69348058839699],[8.634118540994434,47.69350435212333],[8.634617001769543,47.693515394751],[8.634837983095476,47.693521206060154],[8.635002571422497,47.69353107833597],[8.635132943004143,47.69354244496946],[8.635208456250023,47.69355091355193],[8.635400635581009,47.69357616920037],[8.635625486784392,47.69361054998328],[8.635795141927881,47.693640642069155],[8.636000458545048,47.693683633034546],[8.636225780216503,47.69374231937136],[8.636407763158182,47.69379616335102],[8.63657010094584,47.69385020057284],[8.636732559269863,47.69390955195069],[8.636899020155553,47.69397150615132],[8.637093211729612,47.69404378738447],[8.63728740383395,47.69411606829076],[8.637513329378148,47.69420128806512],[8.63782658327451,47.69432540597317],[8.638358648812906,47.69454573368737]]}},{"type":"Feature","properties":{"nr":"721","achse":"Schaffhausen - Hemmental","strasse":"Grabenstrasse","gemeinde":"Schaffhausen","fkt":"SO","fkt_text":"siedlungsorientiert","tempo":50,"dtv":14971,"laerm_tag_db":81.8,"bus":true,"linien":["1","6","21","25","630","632","634","N3","N4","N69","N77"],"haltestellen":["Schaffhausen, Mühlentor"],"bus_anteil":1.0,"bus_text":"ja","laenge_m":51,"abschnitt":"Grabenstrasse","abschnitt_km":0.38,"unfaelle":13,"unf_fuss":1,"unf_velo":5,"fassaden_igw":102,"initiative":true,"gegenvorschlag":false,"vorlage":"initiative"},"geometry":{"type":"LineString","coordinates":[[8.631766359455478,47.69404349430759],[8.63177930310692,47.69397169500325],[8.631789766971428,47.69390454421554],[8.631789936186149,47.69383576323084],[8.631784840899263,47.693799406707214],[8.63177737033928,47.693771745055805],[8.631767960270265,47.693734272570694],[8.631753149228546,47.69368472225553],[8.631729670106802,47.693630637874826],[8.631713362532388,47.69359034903748]]}},{"type":"Feature","properties":{"nr":"H4","achse":"Bargen Schaffhausen","strasse":"Ebnatstrasse","gemeinde":"Schaffhausen","fkt":"VO","fkt_text":"verkehrsorientiert","tempo":50,"dtv":7386,"laerm_tag_db":79.6,"bus":true,"linien":["1","N3"],"haltestellen":["Schaffhausen, Kronenhalde"],"bus_anteil":1.0,"bus_text":"ja","laenge_m":240,"abschnitt":"Ebnatstrasse","abschnitt_km":2.434,"unfaelle":57,"unf_fuss":4,"unf_velo":9,"fassaden_igw":10,"initiative":true,"gegenvorschlag":true,"vorlage":"initiative"},"geometry":{"type":"LineString","coordinates":[[8.640230021660624,47.7064928416106],[8.640250456059716,47.70643383496735],[8.64026382502075,47.70636294800692],[8.640268823454656,47.70622325163832],[8.640269210909452,47.70606063161932],[8.640294197390958,47.70596206615871],[8.640304732372588,47.70589254862036],[8.640330360988438,47.70578822917933],[8.640380303842491,47.70572543663141],[8.640422639380782,47.70568795158891],[8.640500031962766,47.705645732829204],[8.640569300036624,47.70562423084268],[8.64063948570842,47.70561263098946],[8.64070343999442,47.70561239231853],[8.640854804210257,47.70563849312112],[8.641102875322044,47.70570013693341],[8.64137905064532,47.70578354331129],[8.641560497941505,47.705851047242824],[8.641686062493626,47.70592391426076],[8.642105383137237,47.70617232981837]]}},{"type":"Feature","properties":{"nr":"H4","achse":"Bargen Schaffhausen","strasse":"Ebnatstrasse","gemeinde":"Schaffhausen","fkt":"VO","fkt_text":"verkehrsorientiert","tempo":50,"dtv":7386,"laerm_tag_db":79.5,"bus":true,"linien":["1","N3"],"haltestellen":["Schaffhausen, Kronenhalde"],"bus_anteil":1.0,"bus_text":"ja","laenge_m":149,"abschnitt":"Ebnatstrasse","abschnitt_km":2.434,"unfaelle":57,"unf_fuss":4,"unf_velo":9,"fassaden_igw":10,"initiative":true,"gegenvorschlag":true,"vorlage":"initiative"},"geometry":{"type":"LineString","coordinates":[[8.642105383137237,47.70617232981837],[8.642438813071871,47.70636502364672],[8.642645001108713,47.70648201686926],[8.642936698852425,47.7066289380932],[8.643473853865858,47.706900817031595],[8.643665936333049,47.706999723326184]]}},{"type":"Feature","properties":{"nr":"H4","achse":"Bargen Schaffhausen","strasse":"Ebnatstrasse","gemeinde":"Schaffhausen","fkt":"VO","fkt_text":"verkehrsorientiert","tempo":50,"dtv":7386,"laerm_tag_db":79.3,"bus":true,"linien":["1","9","N3"],"haltestellen":["Schaffhausen, Ebnat"],"bus_anteil":1.0,"bus_text":"ja","laenge_m":271,"abschnitt":"Ebnatstrasse","abschnitt_km":2.434,"unfaelle":57,"unf_fuss":4,"unf_velo":9,"fassaden_igw":10,"initiative":true,"gegenvorschlag":true,"vorlage":"initiative"},"geometry":{"type":"LineString","coordinates":[[8.643665936333049,47.706999723326184],[8.64392334630078,47.70713109572871],[8.644104211913758,47.707223039142875],[8.644253604544863,47.707297464134996],[8.644552590287205,47.707446284486245],[8.64467588824974,47.70750060768695],[8.644739619258806,47.70752966341025],[8.644927106655045,47.70761617627254],[8.645106527117514,47.70767787647924],[8.645671368111762,47.70786966998836],[8.646414101028675,47.708116006446474],[8.646510152607155,47.70814992404765],[8.646589507095419,47.7081674746617],[8.646788467293359,47.70818597670682]]}},{"type":"Feature","properties":{"nr":"H4","achse":"Bargen Schaffhausen","strasse":"Ebnatstrasse","gemeinde":"Schaffhausen","fkt":"VO","fkt_text":"verkehrsorientiert","tempo":50,"dtv":8183,"laerm_tag_db":79.5,"bus":true,"linien":["5","6","10","24","N76"],"haltestellen":["Schaffhausen, Falkeneck"],"bus_anteil":0.67,"bus_text":"teilweise","laenge_m":32,"abschnitt":"Ebnatstrasse","abschnitt_km":2.434,"unfaelle":57,"unf_fuss":4,"unf_velo":9,"fassaden_igw":10,"initiative":true,"gegenvorschlag":true,"vorlage":"initiative"},"geometry":{"type":"LineString","coordinates":[[8.653933735365236,47.71719113501345],[8.653794082319584,47.717196420679045],[8.653619403572769,47.717217179227795],[8.653506476133256,47.71722936831136]]}},{"type":"Feature","properties":{"nr":"H4","achse":"Bargen Schaffhausen","strasse":"Hochstrasse","gemeinde":"Schaffhausen","fkt":"VO","fkt_text":"verkehrsorientiert","tempo":50,"dtv":9159,"laerm_tag_db":80.1,"bus":true,"linien":["6","10","24"],"haltestellen":["Schaffhausen, St. Peter"],"bus_anteil":1.0,"bus_text":"ja","laenge_m":98,"abschnitt":"Hochstrasse","abschnitt_km":1.821,"unfaelle":70,"unf_fuss":11,"unf_velo":21,"fassaden_igw":174,"initiative":true,"gegenvorschlag":true,"vorlage":"initiative"},"geometry":{"type":"LineString","coordinates":[[8.651683990253595,47.71698550665671],[8.651591184623584,47.71699115198393],[8.651460831517369,47.71701179558042],[8.651315575675135,47.71704282092023],[8.651145774299733,47.71709092128636],[8.65080513717489,47.71718855313468],[8.650631760425838,47.717233047355],[8.65044919676108,47.71726922747349]]}},{"type":"Feature","properties":{"nr":"H4","achse":"Bargen Schaffhausen","strasse":"Schweizersbildstrasse","gemeinde":"Schaffhausen","fkt":"VO","fkt_text":"verkehrsorientiert","tempo":50,"dtv":8251,"laerm_tag_db":79.4,"bus":true,"linien":["10"],"haltestellen":[],"bus_anteil":1.0,"bus_text":"ja","laenge_m":238,"abschnitt":"Schweizersbildstrasse","abschnitt_km":1.775,"unfaelle":20,"unf_fuss":2,"unf_velo":7,"fassaden_igw":34,"initiative":true,"gegenvorschlag":true,"vorlage":"initiative"},"geometry":{"type":"LineString","coordinates":[[8.642360284832696,47.72273318814461],[8.642038144197986,47.722862810225685],[8.64173972656155,47.72298004376289],[8.640934856541726,47.72329670812654],[8.640575803433304,47.7234364664323],[8.64013235229657,47.72360702841111],[8.639620075964817,47.72381392553862]]}},{"type":"Feature","properties":{"nr":"H4","achse":"Bargen Schaffhausen","strasse":"Schweizersbildstrasse","gemeinde":"Schaffhausen","fkt":"VO","fkt_text":"verkehrsorientiert","tempo":50,"dtv":8349,"laerm_tag_db":79.3,"bus":true,"linien":["10"],"haltestellen":["Schaffhausen, Buchbrunnen"],"bus_anteil":1.0,"bus_text":"ja","laenge_m":264,"abschnitt":"Schweizersbildstrasse","abschnitt_km":1.775,"unfaelle":20,"unf_fuss":2,"unf_velo":7,"fassaden_igw":34,"initiative":true,"gegenvorschlag":true,"vorlage":"initiative"},"geometry":{"type":"LineString","coordinates":[[8.638281996931955,47.72445762835618],[8.638042129690064,47.724577072208646],[8.637941440085136,47.72462898188127],[8.637800155574572,47.724689467855484],[8.637630052058775,47.72475114125634],[8.63742162487337,47.72481398302534],[8.637290471061172,47.72484685073624],[8.637190183099584,47.724866511484],[8.637050443292447,47.72489225409708],[8.636917813765654,47.724914712344585],[8.636762536626586,47.724943052150394],[8.63655933205191,47.72497522236983],[8.635973363947429,47.72505935425268],[8.635599138652875,47.72511342168795],[8.635230107302123,47.72518441545048],[8.635001527636481,47.72523163047168]]}},{"type":"Feature","properties":{"nr":"721","achse":"Schaffhausen - Hemmental","strasse":"Hauentalstrasse","gemeinde":"Schaffhausen","fkt":"SO","fkt_text":"siedlungsorientiert","tempo":50,"dtv":1336,"laerm_tag_db":70.6,"bus":true,"linien":["22"],"haltestellen":["Schaffhausen, Sommerwies"],"bus_anteil":1.0,"bus_text":"ja","laenge_m":278,"abschnitt":"Hauentalstrasse","abschnitt_km":1.795,"unfaelle":10,"unf_fuss":2,"unf_velo":0,"fassaden_igw":93,"initiative":true,"gegenvorschlag":false,"vorlage":"initiative"},"geometry":{"type":"LineString","coordinates":[[8.61734803752266,47.7206911153787],[8.617447426318778,47.720660445005024],[8.617509488982913,47.72063370570757],[8.617564975354268,47.72061152114323],[8.617615004574908,47.72058309597956],[8.617686147870865,47.7205463619375],[8.61774795603086,47.72050880511892],[8.617810836500801,47.72045955398016],[8.617856660855157,47.72042307661199],[8.617907654863032,47.72037754363754],[8.617988548872152,47.720295694739846],[8.618246478499973,47.72001670559322],[8.618557425124921,47.719676080439754],[8.618614685891083,47.71961157780044],[8.618691319470024,47.719518079193676],[8.618758745609899,47.71943187831402],[8.618821860249888,47.71933403773794],[8.618887565937206,47.71923166474218],[8.618907776351326,47.71918105627927],[8.618931870549881,47.71912590230725],[8.618947152114409,47.719093350188835],[8.618968962278096,47.71905531730083],[8.618990505271471,47.71900470428379],[8.619136793873242,47.718576607729126]]}},{"type":"Feature","properties":{"nr":"725","achse":"Bargen Schaffhausen","strasse":"Hauptstrasse","gemeinde":"Merishausen","fkt":"VO","fkt_text":"verkehrsorientiert","tempo":50,"dtv":1936,"laerm_tag_db":71.9,"bus":true,"linien":["23"],"haltestellen":["Merishausen, im Kerr"],"bus_anteil":1.0,"bus_text":"ja","laenge_m":402,"abschnitt":"Hauptstrasse","abschnitt_km":0.919,"unfaelle":0,"unf_fuss":0,"unf_velo":0,"fassaden_igw":0,"initiative":true,"gegenvorschlag":true,"vorlage":"initiative"},"geometry":{"type":"LineString","coordinates":[[8.61217454106503,47.755168192627444],[8.612085697353248,47.75526364285378],[8.611786190663192,47.75556307011487],[8.611702592947136,47.75564674791933],[8.611653503617891,47.755696943789495],[8.611583720310547,47.75576064142198],[8.611427178787777,47.755914101430356],[8.611196589763955,47.756143551413345],[8.610785036956084,47.756554362628066],[8.610630664622684,47.75671262939576],[8.610538642047997,47.75680811933968],[8.61045369131485,47.75691278381925],[8.610344667099309,47.757048836918415],[8.61027185593907,47.757156041218295],[8.610200041516148,47.75730887101837],[8.610141280982933,47.75743925519367],[8.610110195059882,47.75752982303908],[8.610092859282762,47.75762937235116],[8.610077174058624,47.75773600130738],[8.610064288618453,47.75790040653293],[8.610018756159725,47.75835718469949],[8.610016721440779,47.75838275714493]]}},{"type":"Feature","properties":{"nr":"725","achse":"Bargen Schaffhausen","strasse":"Hauptstrasse","gemeinde":"Merishausen","fkt":"VO","fkt_text":"verkehrsorientiert","tempo":50,"dtv":1936,"laerm_tag_db":72.0,"bus":true,"linien":["23"],"haltestellen":["Merishausen, Brunngasse","Merishausen, Gemeindehaus"],"bus_anteil":1.0,"bus_text":"ja","laenge_m":337,"abschnitt":"Hauptstrasse","abschnitt_km":0.919,"unfaelle":0,"unf_fuss":0,"unf_velo":0,"fassaden_igw":0,"initiative":true,"gegenvorschlag":true,"vorlage":"initiative"},"geometry":{"type":"LineString","coordinates":[[8.610016721440779,47.75838275714493],[8.609998759550223,47.75860886730281],[8.609979801109295,47.758771300949086],[8.609971049954906,47.75891943928999],[8.609962654967415,47.75915173988144],[8.60995437636812,47.75938809557031],[8.609954126335401,47.759444877198234],[8.609946480919273,47.75950681488189],[8.609939969700614,47.759552506979794],[8.60992052916587,47.75962571595333],[8.609878301432586,47.75975593340631],[8.609801060343258,47.75996992258033],[8.60976025117658,47.76009495413997],[8.60975069437517,47.76012057528845],[8.609740749238652,47.76014612839237],[8.60973042910215,47.76017161331742],[8.609719720629515,47.76019703019774],[8.609708623621163,47.760222370041234],[8.609697151412254,47.760247632713565],[8.609685290467583,47.76027280935682],[8.609617883442002,47.760398441312],[8.609464691789006,47.76063723545325],[8.609381791763122,47.76076381461014],[8.609309197795694,47.76088115211211],[8.609236276383914,47.760984309330134],[8.609155868875353,47.76108854913036],[8.60907982494731,47.761185648715696],[8.608996425186248,47.76129092581663]]}},{"type":"Feature","properties":{"nr":"725","achse":"Bargen Schaffhausen","strasse":"Hauptstrasse","gemeinde":"Merishausen","fkt":"VO","fkt_text":"verkehrsorientiert","tempo":50,"dtv":1936,"laerm_tag_db":71.9,"bus":true,"linien":["23"],"haltestellen":["Merishausen, Gemeindehaus"],"bus_anteil":1.0,"bus_text":"ja","laenge_m":263,"abschnitt":"Hauptstrasse","abschnitt_km":0.919,"unfaelle":0,"unf_fuss":0,"unf_velo":0,"fassaden_igw":0,"initiative":true,"gegenvorschlag":true,"vorlage":"initiative"},"geometry":{"type":"LineString","coordinates":[[8.608996425186248,47.76129092581663],[8.608951979489145,47.761342152920676],[8.60890257133178,47.761393969554994],[8.608856016280852,47.7614523590601],[8.608805551587345,47.76153059262419],[8.608763303568452,47.76162993336911],[8.608742389282023,47.761704164204644],[8.608721439324919,47.76177738806568],[8.60862257682846,47.76213531751219],[8.60847646512407,47.762668151162096],[8.608430575791216,47.7628369438905],[8.608388171603439,47.76296006608572],[8.60829303288503,47.76321452681549],[8.608253485242436,47.763330523971476],[8.608237032557577,47.76340268615747],[8.60823080191438,47.76346055309365],[8.608236811499227,47.76352843321297],[8.608250118622117,47.763586094770716]]}},{"type":"Feature","properties":{"nr":"725","achse":"Bargen Schaffhausen","strasse":"Hauptstrasse","gemeinde":"Merishausen","fkt":"VO","fkt_text":"verkehrsorientiert","tempo":50,"dtv":1936,"laerm_tag_db":71.9,"bus":true,"linien":["23"],"haltestellen":["Merishausen, Eichwis"],"bus_anteil":1.0,"bus_text":"ja","laenge_m":174,"abschnitt":"Hauptstrasse","abschnitt_km":0.919,"unfaelle":0,"unf_fuss":0,"unf_velo":0,"fassaden_igw":0,"initiative":true,"gegenvorschlag":true,"vorlage":"initiative"},"geometry":{"type":"LineString","coordinates":[[8.608250118622117,47.763586094770716],[8.608267686978326,47.76363256095927],[8.608296275381804,47.76370021411616],[8.608327681030254,47.76376074269623],[8.608462610487116,47.764012890579586],[8.608799570251637,47.76462806338005],[8.608900002667884,47.764816682386225],[8.609020301707583,47.76506150270385]]}},{"type":"Feature","properties":{"nr":"725","achse":"Bargen Schaffhausen","strasse":"Schulstrasse","gemeinde":"Bargen (SH)","fkt":"VO","fkt_text":"verkehrsorientiert","tempo":50,"dtv":700,"laerm_tag_db":64.8,"bus":true,"linien":["23"],"haltestellen":[],"bus_anteil":1.0,"bus_text":"ja","laenge_m":57,"abschnitt":"Schulstrasse","abschnitt_km":0.53,"unfaelle":1,"unf_fuss":0,"unf_velo":1,"fassaden_igw":0,"initiative":true,"gegenvorschlag":true,"vorlage":"initiative"},"geometry":{"type":"LineString","coordinates":[[8.612154247073438,47.79284657398476],[8.612054211122002,47.792854939232264],[8.611947394595523,47.7928620866017],[8.611805618126178,47.792866627164095],[8.611768141632984,47.79286489122591],[8.611730743984284,47.79286249792855],[8.611693465013612,47.79285943787692],[8.611656305121379,47.7928557290548],[8.611619303941572,47.79285135307524],[8.61158248856231,47.792846327653365],[8.611545885672667,47.792840652520375],[8.611517716699748,47.79283431680575],[8.611490240974017,47.79282674194027],[8.61146355250267,47.79281795395906],[8.611437799266593,47.792808005335246],[8.611413075272443,47.79279692210411]]}},{"type":"Feature","properties":{"nr":"725","achse":"Bargen Schaffhausen","strasse":"Schulstrasse","gemeinde":"Bargen (SH)","fkt":"VO","fkt_text":"verkehrsorientiert","tempo":50,"dtv":700,"laerm_tag_db":64.8,"bus":true,"linien":["23"],"haltestellen":[],"bus_anteil":1.0,"bus_text":"ja","laenge_m":24,"abschnitt":"Schulstrasse","abschnitt_km":0.53,"unfaelle":1,"unf_fuss":0,"unf_velo":1,"fassaden_igw":0,"initiative":true,"gegenvorschlag":true,"vorlage":"initiative"},"geometry":{"type":"LineString","coordinates":[[8.611413075272443,47.79279692210411],[8.611389475523968,47.792784775260394],[8.611367134258307,47.79277159942808],[8.611346132935177,47.792757456744546],[8.611326553013976,47.79274240934703],[8.611270292148733,47.79269288913344],[8.611219251813123,47.79262359275164]]}},{"type":"Feature","properties":{"nr":"H4","achse":"Bargen Schaffhausen","strasse":"Ebnatstrasse","gemeinde":"Schaffhausen","fkt":"VO","fkt_text":"verkehrsorientiert","tempo":50,"dtv":6931,"laerm_tag_db":79.4,"bus":true,"linien":["9","N3"],"haltestellen":["Schaffhausen, Busdepot"],"bus_anteil":1.0,"bus_text":"ja","laenge_m":356,"abschnitt":"Ebnatstrasse","abschnitt_km":2.434,"unfaelle":57,"unf_fuss":4,"unf_velo":9,"fassaden_igw":10,"initiative":true,"gegenvorschlag":true,"vorlage":"initiative"},"geometry":{"type":"LineString","coordinates":[[8.654254226765639,47.71181304420984],[8.654900942771606,47.71213355325194],[8.655610315622098,47.71251262994267],[8.656273340115868,47.71286991807366],[8.65659213451122,47.71304621157237],[8.656900377545869,47.71320576855086],[8.657034259580632,47.713268899146435],[8.657275450917364,47.713393432732026],[8.65761921584546,47.713570415059685],[8.657734820496735,47.71363841352509],[8.65784737252851,47.71371389113303],[8.65795514633399,47.713806984524766]]}},{"type":"Feature","properties":{"nr":"H4","achse":"Bargen Schaffhausen","strasse":"Ebnatstrasse","gemeinde":"Schaffhausen","fkt":"VO","fkt_text":"verkehrsorientiert","tempo":50,"dtv":6931,"laerm_tag_db":79.3,"bus":true,"linien":["9","N3"],"haltestellen":["Schaffhausen, Ernst Homberger-Strasse"],"bus_anteil":1.0,"bus_text":"ja","laenge_m":183,"abschnitt":"Ebnatstrasse","abschnitt_km":2.434,"unfaelle":57,"unf_fuss":4,"unf_velo":9,"fassaden_igw":10,"initiative":true,"gegenvorschlag":true,"vorlage":"initiative"},"geometry":{"type":"LineString","coordinates":[[8.65795514633399,47.713806984524766],[8.658026838069057,47.71390560101942],[8.658056665130605,47.71395888488522],[8.658072817405007,47.71400343486565],[8.65808522191322,47.714110354314535],[8.658077113900092,47.71421718313026],[8.658056606530135,47.71429948876853],[8.658023360978218,47.7143749664678],[8.657908472456262,47.7145881659726],[8.657693965374156,47.71495955751384],[8.657652322944676,47.71505183443992],[8.657599315470538,47.71515872924065],[8.657490347727219,47.71536469773215]]}},{"type":"Feature","properties":{"nr":"H4","achse":"Bargen Schaffhausen","strasse":"Ebnatstrasse","gemeinde":"Schaffhausen","fkt":"VO","fkt_text":"verkehrsorientiert","tempo":50,"dtv":8183,"laerm_tag_db":79.4,"bus":true,"linien":[],"haltestellen":["Schaffhausen, Falkeneck"],"bus_anteil":0.0,"bus_text":"ja","laenge_m":223,"abschnitt":"Ebnatstrasse","abschnitt_km":2.434,"unfaelle":57,"unf_fuss":4,"unf_velo":9,"fassaden_igw":10,"initiative":true,"gegenvorschlag":true,"vorlage":"initiative"},"geometry":{"type":"LineString","coordinates":[[8.656462953332062,47.71724858740624],[8.65634513838412,47.71744519429355],[8.656261665521527,47.717530389541956],[8.65614797093437,47.71761586525296],[8.656012457177281,47.71768101750252],[8.655861483672453,47.71773810173241],[8.655694559236531,47.71776864887089],[8.65552392627022,47.71777876371213],[8.655475290992253,47.717774649743596],[8.655358784856743,47.71776396077065],[8.655207868692822,47.71773077742727],[8.655062408632917,47.71767865790757],[8.65492541199468,47.717598684468236],[8.654695351178114,47.717452182660075],[8.654561007565096,47.717365228502615],[8.65443604057248,47.71729597571718],[8.654324998765562,47.71725736444098],[8.654187461764444,47.71721703337289],[8.654142828080081,47.717209549145984]]}},{"type":"Feature","properties":{"nr":"H15","achse":"Herblingen - Thayngen","strasse":"Ernst Homberger-Strasse","gemeinde":"Schaffhausen","fkt":"VO","fkt_text":"verkehrsorientiert","tempo":50,"dtv":5029,"laerm_tag_db":77.7,"bus":true,"linien":["9"],"haltestellen":["Schaffhausen, Ernst Homberger-Strasse"],"bus_anteil":1.0,"bus_text":"ja","laenge_m":418,"abschnitt":"Ernst Homberger-Strasse","abschnitt_km":0.471,"unfaelle":15,"unf_fuss":1,"unf_velo":8,"fassaden_igw":0,"initiative":true,"gegenvorschlag":true,"vorlage":"initiative"},"geometry":{"type":"LineString","coordinates":[[8.662717677306158,47.71666688901023],[8.662606835188651,47.71664116325293],[8.661979223561989,47.7164839750758],[8.661475257778799,47.71635972410403],[8.66120497730464,47.7162918450343],[8.660575767872215,47.716136087233835],[8.659947601690662,47.715977436935134],[8.659606466871239,47.71589414486247],[8.659066982525648,47.71575838416381],[8.658779032086269,47.7156885983333],[8.658276036730431,47.71556299226639],[8.657772044237191,47.715437385502824],[8.657490347727219,47.71536469773215]]}},{"type":"Feature","properties":{"nr":"H15","achse":"Herblingen - Thayngen","strasse":"Gennersbrunnerstrasse","gemeinde":"Schaffhausen","fkt":"VO","fkt_text":"verkehrsorientiert","tempo":50,"dtv":10177,"laerm_tag_db":80.6,"bus":true,"linien":["9"],"haltestellen":["Herblingen, Bahnhof"],"bus_anteil":1.0,"bus_text":"ja","laenge_m":81,"abschnitt":"Gennersbrunnerstrasse","abschnitt_km":0.978,"unfaelle":38,"unf_fuss":7,"unf_velo":7,"fassaden_igw":24,"initiative":true,"gegenvorschlag":true,"vorlage":"initiative"},"geometry":{"type":"LineString","coordinates":[[8.663053489665739,47.71742496759872],[8.66335040588147,47.716867632442955],[8.663409916857093,47.716740402427895]]}},{"type":"Feature","properties":{"nr":"H15","achse":"Herblingen - Thayngen","strasse":"Thayngerstrasse","gemeinde":"Schaffhausen","fkt":"VO","fkt_text":"verkehrsorientiert","tempo":50,"dtv":4241,"laerm_tag_db":75.7,"bus":true,"linien":["5","24","N76"],"haltestellen":["Schaffhausen, Post Herblingen","Schaffhausen, Unterdorf"],"bus_anteil":1.0,"bus_text":"ja","laenge_m":208,"abschnitt":"Thayngerstrasse","abschnitt_km":0.874,"unfaelle":13,"unf_fuss":1,"unf_velo":1,"fassaden_igw":11,"initiative":true,"gegenvorschlag":true,"vorlage":"initiative"},"geometry":{"type":"LineString","coordinates":[[8.66417496443994,47.723539917547626],[8.664131187567154,47.72342694378544],[8.664107311664846,47.72337845572427],[8.664055884738724,47.723298913155375],[8.664010957911465,47.72323183101585],[8.663954467920318,47.72315582252707],[8.663884314125145,47.723068814154],[8.66379434806341,47.72297294832747],[8.663700254142475,47.7228778274744],[8.663534973439683,47.722740284238235],[8.663432088757752,47.72266614937322],[8.66332412790519,47.72259555764808],[8.663211133548966,47.722529201155176],[8.663090973729568,47.722467111326985],[8.662595845076638,47.72221399247006],[8.662442375053933,47.72214604662019]]}},{"type":"Feature","properties":{"nr":"H15","achse":"Herblingen - Thayngen","strasse":"Thayngerstrasse","gemeinde":"Schaffhausen","fkt":"VO","fkt_text":"verkehrsorientiert","tempo":50,"dtv":2608,"laerm_tag_db":74.8,"bus":true,"linien":["5","N76"],"haltestellen":[],"bus_anteil":1.0,"bus_text":"ja","laenge_m":225,"abschnitt":"Thayngerstrasse","abschnitt_km":0.874,"unfaelle":13,"unf_fuss":1,"unf_velo":1,"fassaden_igw":11,"initiative":true,"gegenvorschlag":true,"vorlage":"initiative"},"geometry":{"type":"LineString","coordinates":[[8.663809342294526,47.72873000682291],[8.66378281178932,47.72867404558053],[8.663758165318429,47.72861769571882],[8.663735417036358,47.72856099306656],[8.663714567145572,47.7285039466169],[8.663695630008398,47.728446601190555],[8.663678619570744,47.72838898362396],[8.66366687680716,47.72833433261175],[8.663657741671404,47.72827945625307],[8.663651202076638,47.728224408641005],[8.66364727259086,47.72816924358772],[8.663645968198146,47.728114032889096],[8.66364726306789,47.728058812794224],[8.663651185511531,47.72800365495826],[8.663657488362762,47.72792002335861],[8.663664216658,47.72786168798513],[8.663673348021376,47.72780350717668],[8.663684883485555,47.727745525892786],[8.663698810339778,47.727687771249194],[8.663715116913982,47.72763031532168],[8.663733803616905,47.72757317609325],[8.663754831916213,47.72751641692816],[8.663828517212956,47.72730249571977],[8.66384792194378,47.72724068090093],[8.663865708628961,47.72717864927684],[8.663881864154959,47.72711640998077],[8.663896389151745,47.727053989989436],[8.663909284041226,47.72699140728739],[8.663920535918244,47.72692867999973],[8.663930145204834,47.726865826110945],[8.66395389910438,47.72673737226783]]}},{"type":"Feature","properties":{"nr":"H15","achse":"Herblingen - Thayngen","strasse":"Bahnhofstrasse","gemeinde":"Thayngen","fkt":"VO","fkt_text":"verkehrsorientiert","tempo":50,"dtv":3314,"laerm_tag_db":75.4,"bus":true,"linien":["N76"],"haltestellen":[],"bus_anteil":1.0,"bus_text":"ja","laenge_m":204,"abschnitt":"Bahnhofstrasse","abschnitt_km":1.003,"unfaelle":13,"unf_fuss":4,"unf_velo":5,"fassaden_igw":29,"initiative":true,"gegenvorschlag":true,"vorlage":"initiative"},"geometry":{"type":"LineString","coordinates":[[8.6976408922042,47.74794441143881],[8.697609118751226,47.747949693150865],[8.697396950080693,47.74797449280377],[8.697213814620468,47.74799150375811],[8.696977763140511,47.74800628967952],[8.69683055730788,47.74801446579143],[8.69669296822198,47.74801878712893],[8.696624853706997,47.748019541785034],[8.696487156797978,47.74801820669719],[8.696347868407818,47.74800938749731],[8.69619741579866,47.747998791055124],[8.696084462876314,47.74798592724793],[8.695981251502655,47.747973893428444],[8.695818137803336,47.74795688558226],[8.695575630054025,47.74792950170848],[8.69525498136387,47.747888903599126],[8.6949816940921,47.747852479054735],[8.694943593139842,47.747847952756096]]}},{"type":"Feature","properties":{"nr":"H15","achse":"Herblingen - Thayngen","strasse":"Bahnhofstrasse","gemeinde":"Thayngen","fkt":"VO","fkt_text":"verkehrsorientiert","tempo":50,"dtv":3314,"laerm_tag_db":75.3,"bus":true,"linien":["N76"],"haltestellen":["Thayngen, Silberberg"],"bus_anteil":1.0,"bus_text":"ja","laenge_m":93,"abschnitt":"Bahnhofstrasse","abschnitt_km":1.003,"unfaelle":13,"unf_fuss":4,"unf_velo":5,"fassaden_igw":29,"initiative":true,"gegenvorschlag":true,"vorlage":"initiative"},"geometry":{"type":"LineString","coordinates":[[8.698838075599104,47.74771341008473],[8.698623842624817,47.747763463085576],[8.698433021188695,47.74780487953921],[8.698251732006163,47.747840589067756],[8.698089702356937,47.7478685796257],[8.697916575861095,47.747897634481085],[8.697847328693145,47.74790962687414],[8.697760096300042,47.74792462009941],[8.6976408922042,47.74794441143881]]}},{"type":"Feature","properties":{"nr":"H15","achse":"Herblingen - Thayngen","strasse":"Bahnhofstrasse","gemeinde":"Thayngen","fkt":"VO","fkt_text":"verkehrsorientiert","tempo":50,"dtv":3314,"laerm_tag_db":75.3,"bus":true,"linien":["N76"],"haltestellen":["Thayngen, Silberberg"],"bus_anteil":1.0,"bus_text":"ja","laenge_m":102,"abschnitt":"Bahnhofstrasse","abschnitt_km":1.003,"unfaelle":13,"unf_fuss":4,"unf_velo":5,"fassaden_igw":29,"initiative":true,"gegenvorschlag":true,"vorlage":"initiative"},"geometry":{"type":"LineString","coordinates":[[8.700147698519666,47.74749318414456],[8.700013292759328,47.74750566862371],[8.69985024386324,47.747519911585535],[8.699642362402397,47.7475465486737],[8.699473069400309,47.74757466489283],[8.69928183464426,47.74761211180133],[8.699184982439103,47.747631905336526],[8.698838075599104,47.74771341008473]]}},{"type":"Feature","properties":{"nr":"H15","achse":"Herblingen - Thayngen","strasse":"Bahnhofstrasse","gemeinde":"Thayngen","fkt":"VO","fkt_text":"verkehrsorientiert","tempo":50,"dtv":3314,"laerm_tag_db":75.5,"bus":true,"linien":["N76"],"haltestellen":[],"bus_anteil":1.0,"bus_text":"ja","laenge_m":155,"abschnitt":"Bahnhofstrasse","abschnitt_km":1.003,"unfaelle":13,"unf_fuss":4,"unf_velo":5,"fassaden_igw":29,"initiative":true,"gegenvorschlag":true,"vorlage":"initiative"},"geometry":{"type":"LineString","coordinates":[[8.70090030689974,47.746365582692995],[8.700857940265783,47.746569617326415],[8.700741918859684,47.747108423957336],[8.700706176426795,47.74726763142673],[8.70068247258399,47.74732215064337],[8.700646764053573,47.74737488433467],[8.700600525094794,47.74740880845714],[8.700547641792063,47.74743477281981],[8.700497763406165,47.74745645030171],[8.70043792406653,47.74746921463109],[8.700351660587671,47.74747780443112],[8.700147698519666,47.74749318414456]]}},{"type":"Feature","properties":{"nr":"H15","achse":"Herblingen - Thayngen","strasse":"Bahnhofstrasse","gemeinde":"Thayngen","fkt":"VO","fkt_text":"verkehrsorientiert","tempo":50,"dtv":3314,"laerm_tag_db":75.3,"bus":true,"linien":["N76"],"haltestellen":[],"bus_anteil":1.0,"bus_text":"ja","laenge_m":49,"abschnitt":"Bahnhofstrasse","abschnitt_km":1.003,"unfaelle":13,"unf_fuss":4,"unf_velo":5,"fassaden_igw":29,"initiative":true,"gegenvorschlag":true,"vorlage":"initiative"},"geometry":{"type":"LineString","coordinates":[[8.701037476157753,47.74593471054351],[8.701006729267043,47.74596730647108],[8.700986900116803,47.746001978489154],[8.70096376205001,47.746078500489524],[8.700931059660007,47.74621751010475],[8.70090030689974,47.746365582692995]]}},{"type":"Feature","properties":{"nr":"H15","achse":"Herblingen - Thayngen","strasse":"Bahnhofstrasse","gemeinde":"Thayngen","fkt":"VO","fkt_text":"verkehrsorientiert","tempo":50,"dtv":3314,"laerm_tag_db":75.3,"bus":true,"linien":["24","N76"],"haltestellen":["Thayngen, Bahnhof"],"bus_anteil":1.0,"bus_text":"ja","laenge_m":299,"abschnitt":"Bahnhofstrasse","abschnitt_km":1.003,"unfaelle":13,"unf_fuss":4,"unf_velo":5,"fassaden_igw":29,"initiative":true,"gegenvorschlag":true,"vorlage":"initiative"},"geometry":{"type":"LineString","coordinates":[[8.70497494990033,47.74574013205569],[8.704878342128827,47.74574595073512],[8.704747831685857,47.74576607041828],[8.70460050486778,47.745787839040425],[8.704522431585813,47.74579638780754],[8.704413248120034,47.74579828657119],[8.704153069288552,47.745795145469714],[8.70395071485242,47.745794909493746],[8.70383216086248,47.745795866317785],[8.703686662062626,47.74580096560146],[8.703568435071656,47.74580723418062],[8.703474212695493,47.74582024810267],[8.70340049867301,47.74582874870997],[8.703277826717569,47.74583595575228],[8.703032486372848,47.74583768756793],[8.70265603452387,47.74583721009124],[8.70174118602943,47.74583897258426],[8.701372158321835,47.74583722309277],[8.701302129771205,47.745840915424075],[8.701242759197541,47.74584697442291],[8.701181389931948,47.745860925019684],[8.701141487420982,47.745874192871696],[8.701104898991758,47.74588998808906],[8.701071100165969,47.74590868512977],[8.701037476157753,47.74593471054351]]}},{"type":"Feature","properties":{"nr":"741","achse":"Thayngen Zentrum - Auen","strasse":"Biberstrasse","gemeinde":"Thayngen","fkt":"SO","fkt_text":"siedlungsorientiert","tempo":50,"dtv":3635,"laerm_tag_db":75.7,"bus":true,"linien":["24","N76"],"haltestellen":[],"bus_anteil":1.0,"bus_text":"ja","laenge_m":94,"abschnitt":"Biberstrasse","abschnitt_km":1.555,"unfaelle":16,"unf_fuss":4,"unf_velo":7,"fassaden_igw":2,"initiative":true,"gegenvorschlag":false,"vorlage":"initiative"},"geometry":{"type":"LineString","coordinates":[[8.706463766848824,47.74596300685999],[8.706554985015535,47.7460472417727],[8.70667343380998,47.746165960401036],[8.706796152185778,47.74634206044276],[8.706812010928813,47.746374455602584],[8.7068423769779,47.746422918155794],[8.706937145406183,47.746564524150735],[8.707018992843114,47.74671727988577]]}},{"type":"Feature","properties":{"nr":"741","achse":"Thayngen Zentrum - Auen","strasse":"Biberstrasse","gemeinde":"Thayngen","fkt":"SO","fkt_text":"siedlungsorientiert","tempo":50,"dtv":3635,"laerm_tag_db":75.8,"bus":true,"linien":["24","N76"],"haltestellen":[],"bus_anteil":1.0,"bus_text":"ja","laenge_m":57,"abschnitt":"Biberstrasse","abschnitt_km":1.555,"unfaelle":16,"unf_fuss":4,"unf_velo":7,"fassaden_igw":2,"initiative":true,"gegenvorschlag":false,"vorlage":"initiative"},"geometry":{"type":"LineString","coordinates":[[8.707018992843114,47.74671727988577],[8.707070126891757,47.74682822359061],[8.707108821316407,47.7469325842485],[8.707119914353443,47.746978108924296],[8.707125373318254,47.74701279405012],[8.707126274746132,47.747052619603465],[8.707120720099041,47.74711573862777],[8.707088996585838,47.747221505781106]]}},{"type":"Feature","properties":{"nr":"741","achse":"Thayngen Zentrum - Auen","strasse":"Biberstrasse","gemeinde":"Thayngen","fkt":"SO","fkt_text":"siedlungsorientiert","tempo":50,"dtv":3635,"laerm_tag_db":75.7,"bus":true,"linien":["24","N76"],"haltestellen":["Thayngen, Sägi","Thayngen, Weierli"],"bus_anteil":1.0,"bus_text":"ja","laenge_m":326,"abschnitt":"Biberstrasse","abschnitt_km":1.555,"unfaelle":16,"unf_fuss":4,"unf_velo":7,"fassaden_igw":2,"initiative":true,"gegenvorschlag":false,"vorlage":"initiative"},"geometry":{"type":"LineString","coordinates":[[8.707088996585838,47.747221505781106],[8.707074422827365,47.747338409621406],[8.707059911891545,47.74739062637654],[8.707039971910516,47.747434996415336],[8.707005209005352,47.74750800376615],[8.70689364335817,47.74774726111093],[8.706746235380644,47.748069089183495],[8.706601862585085,47.74838186272833],[8.706518121104223,47.74856640131715],[8.706483135840166,47.748647442713825],[8.706428675461034,47.748758907904396],[8.706387956313016,47.74883553264103],[8.706323311038386,47.74893882510528],[8.706306054441084,47.74896388215193],[8.706241197802953,47.74905502569134],[8.706164210182207,47.749150834456856],[8.706076216713702,47.74925430022844],[8.705938061339056,47.74941548859749],[8.705752796275323,47.749626010500144],[8.705674254526334,47.74970154490589],[8.705589888591248,47.74980119318765],[8.7054947505132,47.74992328232846]]}},{"type":"Feature","properties":{"nr":"743","achse":"Thayngen - Barzheim","strasse":"Barzheimerstrasse","gemeinde":"Thayngen","fkt":"SO","fkt_text":"siedlungsorientiert","tempo":50,"dtv":3691,"laerm_tag_db":76.0,"bus":true,"linien":["24"],"haltestellen":[],"bus_anteil":1.0,"bus_text":"ja","laenge_m":209,"abschnitt":"Barzheimerstrasse","abschnitt_km":0.809,"unfaelle":3,"unf_fuss":1,"unf_velo":2,"fassaden_igw":4,"initiative":true,"gegenvorschlag":false,"vorlage":"initiative"},"geometry":{"type":"LineString","coordinates":[[8.705835037268265,47.751202229799546],[8.705844922323012,47.75128864630203],[8.705846197328357,47.751342435703805],[8.705847595502474,47.751443128501975],[8.705840660868265,47.751592930441454],[8.70582131016071,47.75181124149998],[8.70581044533368,47.75194340363736],[8.705810657919141,47.751952836232526],[8.705800612638672,47.75207968285825],[8.705769404441789,47.7524154612726],[8.705751624748586,47.75262031780145],[8.705753953818535,47.75271644934414],[8.705773113185058,47.75278525308769],[8.705786285006955,47.75282346084683],[8.705814050193512,47.75288627964519],[8.705848634277991,47.75294312396694],[8.705886569444765,47.752993428972495],[8.705928722802996,47.75303720320104],[8.70594476724329,47.75305000703242]]}},{"type":"Feature","properties":{"nr":"H331","achse":"Thayngen - Büsslingen","strasse":"Hauptstrasse","gemeinde":"Thayngen","fkt":"VO","fkt_text":"verkehrsorientiert","tempo":50,"dtv":2071,"laerm_tag_db":73.0,"bus":true,"linien":["24"],"haltestellen":[],"bus_anteil":0.75,"bus_text":"teilweise","laenge_m":325,"abschnitt":"Hauptstrasse","abschnitt_km":1.235,"unfaelle":1,"unf_fuss":0,"unf_velo":0,"fassaden_igw":0,"initiative":true,"gegenvorschlag":true,"vorlage":"initiative"},"geometry":{"type":"LineString","coordinates":[[8.677085000923757,47.7733918475333],[8.67705636452066,47.77340584469145],[8.676952845810682,47.77345269001569],[8.676856132427433,47.773495019773264],[8.676628455405337,47.77359447885184],[8.676457418945892,47.773656477394894],[8.676300607171399,47.773707171772294],[8.676141221609715,47.773754511536005],[8.67599539731355,47.77379240703721],[8.675602877964446,47.77389716921806],[8.67536482758799,47.77395887104018],[8.67447507642626,47.774194846960974],[8.674210850141012,47.77426358787089],[8.67379467787517,47.77437620393455],[8.673116622755431,47.774557549995784]]}},{"type":"Feature","properties":{"nr":"736","achse":"Opfersthofen - Landesgrenze","strasse":"Dorfstrasse","gemeinde":"Thayngen","fkt":"SO","fkt_text":"siedlungsorientiert","tempo":50,"dtv":260,"laerm_tag_db":59.3,"bus":true,"linien":["24"],"haltestellen":["Altdorf SH, Dorf"],"bus_anteil":1.0,"bus_text":"ja","laenge_m":52,"abschnitt":"Dorfstrasse","abschnitt_km":0.937,"unfaelle":4,"unf_fuss":1,"unf_velo":2,"fassaden_igw":0,"initiative":true,"gegenvorschlag":false,"vorlage":"initiative"},"geometry":{"type":"LineString","coordinates":[[8.65947990234295,47.78423731148822],[8.659515385139773,47.78429910578979],[8.659554018941868,47.78437425907883],[8.659651470452749,47.784538699310076],[8.659676519535168,47.784578603707445],[8.659707062153979,47.78461079658931],[8.659733128070187,47.78463347581532],[8.659766247761498,47.78465417431372]]}},{"type":"Feature","properties":{"nr":"736","achse":"Opfersthofen - Landesgrenze","strasse":"Dorfstrasse","gemeinde":"Thayngen","fkt":"SO","fkt_text":"siedlungsorientiert","tempo":50,"dtv":260,"laerm_tag_db":59.5,"bus":true,"linien":["24"],"haltestellen":[],"bus_anteil":1.0,"bus_text":"ja","laenge_m":50,"abschnitt":"Dorfstrasse","abschnitt_km":0.937,"unfaelle":4,"unf_fuss":1,"unf_velo":2,"fassaden_igw":0,"initiative":true,"gegenvorschlag":false,"vorlage":"initiative"},"geometry":{"type":"LineString","coordinates":[[8.658881703286788,47.78408099053203],[8.659058353365873,47.784110707498996],[8.659304689403998,47.78414732935573],[8.659368939657659,47.7841638790672],[8.659416240792764,47.7841844199488],[8.659455118482287,47.784208880594015],[8.65947990234295,47.78423731148822]]}},{"type":"Feature","properties":{"nr":"736","achse":"Opfersthofen - Landesgrenze","strasse":"Dorfstrasse","gemeinde":"Thayngen","fkt":"SO","fkt_text":"siedlungsorientiert","tempo":50,"dtv":260,"laerm_tag_db":59.3,"bus":true,"linien":["24"],"haltestellen":[],"bus_anteil":1.0,"bus_text":"ja","laenge_m":47,"abschnitt":"Dorfstrasse","abschnitt_km":0.937,"unfaelle":4,"unf_fuss":1,"unf_velo":2,"fassaden_igw":0,"initiative":true,"gegenvorschlag":false,"vorlage":"initiative"},"geometry":{"type":"LineString","coordinates":[[8.658395592616262,47.78386229694234],[8.658503802256613,47.783878377486516],[8.658539608179451,47.78389234765886],[8.658569863000428,47.78391211416176],[8.658591561979854,47.783930063600245],[8.658606383825392,47.783957645720434],[8.658621174837222,47.78398331244224],[8.658638838251099,47.78401085578248],[8.658663445018062,47.78403163481978],[8.658680689363562,47.78404101468992],[8.65871361836077,47.784054061599996],[8.658766382075218,47.784064984878086],[8.658881703286788,47.78408099053203]]}},{"type":"Feature","properties":{"nr":"738","achse":"Lohn - Hofen","strasse":"Dorfstrasse","gemeinde":"Thayngen","fkt":"SO","fkt_text":"siedlungsorientiert","tempo":50,"dtv":672,"laerm_tag_db":64.3,"bus":true,"linien":["24"],"haltestellen":["Opfertshofen SH, Dorf"],"bus_anteil":1.0,"bus_text":"ja","laenge_m":99,"abschnitt":"Dorfstrasse","abschnitt_km":0.937,"unfaelle":4,"unf_fuss":1,"unf_velo":2,"fassaden_igw":0,"initiative":true,"gegenvorschlag":false,"vorlage":"initiative"},"geometry":{"type":"LineString","coordinates":[[8.66207609853155,47.77821049471062],[8.662040107671391,47.778106506453824],[8.662031544817646,47.77805244348339],[8.662028952030964,47.77800323748663],[8.662032189032603,47.777953979204966],[8.66204024736601,47.777923368806626],[8.662065470155628,47.77787682945948],[8.662108185381813,47.777829116886714],[8.66223397881695,47.777710629416276],[8.662295426150369,47.777651900031756],[8.662329458260617,47.77760722869724],[8.662346107952638,47.7775696385236],[8.66236389289075,47.777518257572495],[8.662374189060035,47.7774580872523],[8.662368196389632,47.77738824873634]]}},{"type":"Feature","properties":{"nr":"738","achse":"Lohn - Hofen","strasse":"Dorfstrasse","gemeinde":"Thayngen","fkt":"SO","fkt_text":"siedlungsorientiert","tempo":50,"dtv":672,"laerm_tag_db":64.4,"bus":true,"linien":["24"],"haltestellen":[],"bus_anteil":1.0,"bus_text":"ja","laenge_m":233,"abschnitt":"Dorfstrasse","abschnitt_km":0.937,"unfaelle":4,"unf_fuss":1,"unf_velo":2,"fassaden_igw":0,"initiative":true,"gegenvorschlag":false,"vorlage":"initiative"},"geometry":{"type":"LineString","coordinates":[[8.662368196389632,47.77738824873634],[8.662332146607419,47.77728229146215],[8.662290299706953,47.77717836481256],[8.662253479454144,47.77710195197357],[8.662212498344866,47.77703543131765],[8.662154184503565,47.77697697161972],[8.66210797576243,47.7769370922085],[8.662013082899026,47.776876057921356],[8.661909426278315,47.77681512466203],[8.661758403533886,47.77672712241845],[8.661659090498581,47.77666416460629],[8.661500462387677,47.776563434462716],[8.661298744030868,47.77643067037601],[8.661148962933188,47.776332796856636],[8.661068734133153,47.77627456680819],[8.660995867298485,47.77620637495458],[8.66093170691265,47.77615175353992],[8.660845950651161,47.776069099659004],[8.660737707585811,47.77596026639349],[8.660572544559432,47.775793668430744],[8.660528661363806,47.775748664367796]]}},{"type":"Feature","properties":{"nr":"733","achse":"Schweizersbild  -Lohn","strasse":"Ausserdorf","gemeinde":"Lohn (SH)","fkt":"SO","fkt_text":"siedlungsorientiert","tempo":50,"dtv":2607,"laerm_tag_db":74.3,"bus":true,"linien":["24"],"haltestellen":["Lohn SH, Kreuz"],"bus_anteil":1.0,"bus_text":"ja","laenge_m":124,"abschnitt":"Ausserdorf","abschnitt_km":0.222,"unfaelle":0,"unf_fuss":0,"unf_velo":0,"fassaden_igw":1,"initiative":true,"gegenvorschlag":false,"vorlage":"initiative"},"geometry":{"type":"LineString","coordinates":[[8.669745486029461,47.755840566928214],[8.669581488801953,47.7557145767946],[8.6694389823218,47.755604197712096],[8.669244762159883,47.75544718234897],[8.668986710581668,47.75523916154136],[8.668871568115732,47.75514224437795],[8.668844453478345,47.75511071891085],[8.668823051146848,47.75508452051043],[8.668789686485598,47.75505952788928],[8.668775885888312,47.75505050880983],[8.668671316815871,47.75499873804329]]}},{"type":"Feature","properties":{"nr":"734","achse":"Thayngen - Lohn","strasse":"Vorderdorf","gemeinde":"Lohn (SH)","fkt":"SO","fkt_text":"siedlungsorientiert","tempo":50,"dtv":707,"laerm_tag_db":64.7,"bus":true,"linien":["24"],"haltestellen":[],"bus_anteil":1.0,"bus_text":"ja","laenge_m":86,"abschnitt":"Vorderdorf","abschnitt_km":0.395,"unfaelle":0,"unf_fuss":0,"unf_velo":0,"fassaden_igw":0,"initiative":true,"gegenvorschlag":false,"vorlage":"initiative"},"geometry":{"type":"LineString","coordinates":[[8.671432697522159,47.756546106479476],[8.671457973414771,47.756538121692905],[8.67148275353966,47.75652946759564],[8.671506998311555,47.75652016259563],[8.671549607758,47.756483320861236],[8.671588054649224,47.75646016729841],[8.67164795269368,47.75642516598128],[8.671713873069747,47.75639161181419],[8.67178264200971,47.756350949045185],[8.671829780068794,47.756315570213076],[8.671870125244359,47.75627773601957],[8.671936027871794,47.756210822725706],[8.672169717111291,47.755967059981]]}},{"type":"Feature","properties":{"nr":"734","achse":"Thayngen - Lohn","strasse":"Vorderdorf","gemeinde":"Lohn (SH)","fkt":"SO","fkt_text":"siedlungsorientiert","tempo":50,"dtv":707,"laerm_tag_db":65.5,"bus":true,"linien":["24"],"haltestellen":[],"bus_anteil":0.27,"bus_text":"teilweise","laenge_m":28,"abschnitt":"Vorderdorf","abschnitt_km":0.395,"unfaelle":0,"unf_fuss":0,"unf_velo":0,"fassaden_igw":0,"initiative":true,"gegenvorschlag":false,"vorlage":"initiative"},"geometry":{"type":"LineString","coordinates":[[8.672169717111291,47.755967059981],[8.672219951908156,47.75591464925846],[8.672284274874855,47.755855532411],[8.672352796546718,47.755793447911024],[8.672386127761749,47.75576345311581]]}},{"type":"Feature","properties":{"nr":"604","achse":"Steinenkreuz - Buchberg","strasse":"Dorfstrasse","gemeinde":"Buchberg","fkt":"SO","fkt_text":"siedlungsorientiert","tempo":50,"dtv":1837,"laerm_tag_db":73.2,"bus":true,"linien":["675"],"haltestellen":[],"bus_anteil":1.0,"bus_text":"ja","laenge_m":102,"abschnitt":"Dorfstrasse","abschnitt_km":0.524,"unfaelle":2,"unf_fuss":1,"unf_velo":0,"fassaden_igw":1,"initiative":true,"gegenvorschlag":false,"vorlage":"initiative"},"geometry":{"type":"LineString","coordinates":[[8.564405975302375,47.57339061561527],[8.564498485952237,47.57344710277646],[8.564615720455787,47.57351493478769],[8.564729661278358,47.57358225000108],[8.564850937655095,47.57364948485698],[8.565042293476466,47.57375082083781],[8.565169390568514,47.57382298181386],[8.565350388942708,47.57394039229944],[8.56542325466704,47.573994290302686]]}},{"type":"Feature","properties":{"nr":"747","achse":"Büsingen - Randegg","strasse":"Neudörflingerstrasse","gemeinde":"Dörflingen","fkt":"SO","fkt_text":"siedlungsorientiert","tempo":50,"dtv":3208,"laerm_tag_db":75.1,"bus":true,"linien":["25"],"haltestellen":["Dörflingen, Neuhus"],"bus_anteil":1.0,"bus_text":"ja","laenge_m":405,"abschnitt":"Neudörflingerstrasse","abschnitt_km":0.657,"unfaelle":1,"unf_fuss":0,"unf_velo":1,"fassaden_igw":12,"initiative":true,"gegenvorschlag":false,"vorlage":"initiative"},"geometry":{"type":"LineString","coordinates":[[8.721124417939329,47.70904695887751],[8.72113607663667,47.70905624735562],[8.721394957538259,47.709276676149095],[8.721614623071229,47.70947570786849],[8.721787830041606,47.70963383293038],[8.72184913353981,47.70968400140021],[8.721875675902325,47.709716304011216],[8.721889818927785,47.70973516199238],[8.721942736216732,47.7098258437508],[8.722046080759071,47.71000506703935],[8.722220149681375,47.71034539909654],[8.722280332500793,47.710470772731384],[8.722311728499458,47.71053724525378],[8.722325902001652,47.710590875115],[8.722331896878666,47.7106386140356],[8.722336855399448,47.710677136167355],[8.722342515278427,47.71077811651547],[8.722363069775088,47.710927834798504],[8.722379530746556,47.71104282601446],[8.722388244008183,47.711136172375184],[8.72240579045128,47.7112294211749],[8.722420644988262,47.7112786992066],[8.722437637583534,47.711327665801505],[8.722456766934577,47.711376267006884],[8.722478005528655,47.71142446714814],[8.722501325852777,47.71147223055052],[8.722526726603755,47.711519503261044],[8.722554167163079,47.711566258743915],[8.722608552288502,47.71165744562447],[8.722671500730709,47.71176377435594],[8.722839500974752,47.712018878725736],[8.722908819561212,47.71212242064407],[8.722938917130161,47.71216880488925],[8.722956289540177,47.71222131098606],[8.722965311768032,47.71226141615477],[8.722990498867306,47.712394893202436]]}},{"type":"Feature","properties":{"nr":"748","achse":"Dörflingen - H329","strasse":"Dorfstrasse","gemeinde":"Dörflingen","fkt":"SO","fkt_text":"siedlungsorientiert","tempo":50,"dtv":1315,"laerm_tag_db":70.2,"bus":true,"linien":["25"],"haltestellen":["Dörflingen, Kirche"],"bus_anteil":1.0,"bus_text":"ja","laenge_m":146,"abschnitt":"Dorfstrasse","abschnitt_km":0.582,"unfaelle":0,"unf_fuss":0,"unf_velo":0,"fassaden_igw":1,"initiative":true,"gegenvorschlag":false,"vorlage":"initiative"},"geometry":{"type":"LineString","coordinates":[[8.720685602176635,47.706367559947005],[8.720891969380505,47.70633939753986],[8.72103987408785,47.70632482276724],[8.721168692320468,47.70631391226942],[8.721412266452873,47.70629687816173],[8.721580572565465,47.70627572748494],[8.721785597511525,47.70624499690509],[8.722064299517157,47.706196192157236],[8.722395060941295,47.706133014324784],[8.722527367321005,47.70610826637909],[8.722589644698052,47.70609377201328]]}},{"type":"Feature","properties":{"nr":"748","achse":"Dörflingen - H329","strasse":"Dorfstrasse","gemeinde":"Dörflingen","fkt":"SO","fkt_text":"siedlungsorientiert","tempo":50,"dtv":1315,"laerm_tag_db":70.2,"bus":true,"linien":["25"],"haltestellen":["Dörflingen, Kirche"],"bus_anteil":1.0,"bus_text":"ja","laenge_m":158,"abschnitt":"Dorfstrasse","abschnitt_km":0.582,"unfaelle":0,"unf_fuss":0,"unf_velo":0,"fassaden_igw":1,"initiative":true,"gegenvorschlag":false,"vorlage":"initiative"},"geometry":{"type":"LineString","coordinates":[[8.722589644698052,47.70609377201328],[8.722711628479432,47.70606482057906],[8.72280031740791,47.70603278304329],[8.72289394116749,47.70599379220688],[8.723037968812303,47.70592491355952],[8.723180612284748,47.70585172372003],[8.723352287496706,47.70576356091734],[8.723479932052772,47.705704351887164],[8.723616361074106,47.705638146886265],[8.723719544798154,47.70557144585295],[8.723821289417272,47.7054987163992],[8.7239199033387,47.705401871504435],[8.724021851040193,47.70528428453419],[8.724122414650882,47.70516239545929]]}},{"type":"Feature","properties":{"nr":"748","achse":"Dörflingen - H329","strasse":"Dorfstrasse","gemeinde":"Dörflingen","fkt":"SO","fkt_text":"siedlungsorientiert","tempo":50,"dtv":1315,"laerm_tag_db":70.9,"bus":true,"linien":["25"],"haltestellen":[],"bus_anteil":1.0,"bus_text":"ja","laenge_m":150,"abschnitt":"Dorfstrasse","abschnitt_km":0.582,"unfaelle":0,"unf_fuss":0,"unf_velo":0,"fassaden_igw":1,"initiative":true,"gegenvorschlag":false,"vorlage":"initiative"},"geometry":{"type":"LineString","coordinates":[[8.724122414650882,47.70516239545929],[8.724165794951046,47.705106707998155],[8.724216164808256,47.70502333038635],[8.724161118446958,47.7049826819302],[8.724067195971598,47.704919779541015],[8.723976604603656,47.70484972566374],[8.723832411348022,47.70473921400353],[8.723744286039915,47.704674664235185],[8.723670622986049,47.70462732269062],[8.72359822812732,47.70458391562194],[8.723516410903278,47.704538238154406],[8.723381681918912,47.70448052639319],[8.723244736522627,47.70442756103779],[8.723085456790495,47.70437011130151],[8.722861383922348,47.70429364359748],[8.722846842339822,47.70428797590474]]}},{"type":"Feature","properties":{"nr":"747","achse":"Büsingen - Randegg","strasse":"Büsingerstrasse","gemeinde":"Dörflingen","fkt":"SO","fkt_text":"siedlungsorientiert","tempo":50,"dtv":1724,"laerm_tag_db":72.6,"bus":true,"linien":["25"],"haltestellen":["Dörflingen, Post"],"bus_anteil":1.0,"bus_text":"ja","laenge_m":141,"abschnitt":"Büsingerstrasse","abschnitt_km":0.437,"unfaelle":3,"unf_fuss":0,"unf_velo":2,"fassaden_igw":2,"initiative":true,"gegenvorschlag":false,"vorlage":"initiative"},"geometry":{"type":"LineString","coordinates":[[8.717620016854879,47.706847060602826],[8.717690396505578,47.706864490748686],[8.717750426299629,47.70687932744573],[8.71783835724254,47.706899028806376],[8.717934281606734,47.70691368621292],[8.718067127588746,47.706935375470984],[8.718206780673318,47.7069558653396],[8.718322848755257,47.70697143395242],[8.71871384777552,47.70702831713864],[8.718860418870488,47.707049422601926],[8.718896196523309,47.70705598117404],[8.718931621171784,47.70706337110725],[8.718966639529581,47.707071592988875],[8.719001211197392,47.70708062927551],[8.719035295993272,47.707090471415846],[8.719068853735141,47.70710111085864],[8.719101844023397,47.707112530060556],[8.719195757792805,47.70714540422642],[8.719266298124623,47.70717439843602],[8.719332036078965,47.707207582937606],[8.71938605869985,47.70723351210615]]}},{"type":"Feature","properties":{"nr":"747","achse":"Büsingen - Randegg","strasse":"Büsingerstrasse","gemeinde":"Dörflingen","fkt":"SO","fkt_text":"siedlungsorientiert","tempo":50,"dtv":1724,"laerm_tag_db":72.7,"bus":true,"linien":["25"],"haltestellen":["Dörflingen, Unterberg"],"bus_anteil":1.0,"bus_text":"ja","laenge_m":242,"abschnitt":"Büsingerstrasse","abschnitt_km":0.437,"unfaelle":3,"unf_fuss":0,"unf_velo":2,"fassaden_igw":2,"initiative":true,"gegenvorschlag":false,"vorlage":"initiative"},"geometry":{"type":"LineString","coordinates":[[8.714737887195527,47.70590670843994],[8.71481189744195,47.70594328546885],[8.715038668529083,47.70604676708758],[8.715191268352944,47.70611803556963],[8.715367301205902,47.706198427588305],[8.715566590063592,47.70628225153884],[8.715781626159828,47.7063592822495],[8.715975534923658,47.70642330502716],[8.716171736139286,47.706480700409266],[8.716742491345409,47.70662493743394],[8.717257797619986,47.706755723465925],[8.717510532711907,47.70681993301892],[8.717620016854879,47.706847060602826]]}},{"type":"Feature","properties":{"nr":"73","achse":"Hallau - Neunkirch","strasse":"Namenlos","gemeinde":"Neunkirch","fkt":"VO","fkt_text":"verkehrsorientiert","tempo":50,"dtv":5668,"laerm_tag_db":77.8,"bus":true,"linien":["N77"],"haltestellen":[],"bus_anteil":1.0,"bus_text":"ja","laenge_m":75,"abschnitt":"","abschnitt_km":null,"unfaelle":null,"unf_fuss":null,"unf_velo":null,"fassaden_igw":null,"initiative":true,"gegenvorschlag":true,"vorlage":"initiative"},"geometry":{"type":"LineString","coordinates":[[8.501554096626782,47.68854797340924],[8.501678618817273,47.688462532798376],[8.501795535419902,47.688407660576736],[8.501889935456116,47.6883717829032],[8.502038783060383,47.688332312947686],[8.502147104523335,47.688316445425926],[8.502238058881646,47.688308003982776],[8.502324903746628,47.688299222332674],[8.502404072312528,47.688284943547536],[8.502441697313456,47.68827475958404]]}},{"type":"Feature","properties":{"nr":"73","achse":"Hallau - Neunkirch","strasse":"Namenlos","gemeinde":"Neunkirch","fkt":"VO","fkt_text":"verkehrsorientiert","tempo":50,"dtv":5668,"laerm_tag_db":77.5,"bus":true,"linien":["N77"],"haltestellen":[],"bus_anteil":1.0,"bus_text":"ja","laenge_m":47,"abschnitt":"","abschnitt_km":null,"unfaelle":null,"unf_fuss":null,"unf_velo":null,"fassaden_igw":null,"initiative":true,"gegenvorschlag":true,"vorlage":"initiative"},"geometry":{"type":"LineString","coordinates":[[8.501227741531514,47.68891021775051],[8.501283844065105,47.688862917516495],[8.50135085160309,47.68878884107462],[8.501441716173382,47.68866432343265],[8.501554096626782,47.68854797340924]]}},{"type":"Feature","properties":{"nr":"73","achse":"Hallau - Neunkirch","strasse":"Namenlos","gemeinde":"Neunkirch","fkt":"VO","fkt_text":"verkehrsorientiert","tempo":50,"dtv":5668,"laerm_tag_db":77.6,"bus":true,"linien":["N77"],"haltestellen":[],"bus_anteil":1.0,"bus_text":"ja","laenge_m":40,"abschnitt":"","abschnitt_km":null,"unfaelle":null,"unf_fuss":null,"unf_velo":null,"fassaden_igw":null,"initiative":true,"gegenvorschlag":true,"vorlage":"initiative"},"geometry":{"type":"LineString","coordinates":[[8.502441697313456,47.68827475958404],[8.502476752010848,47.68826526470123],[8.502552318319518,47.688239425412654],[8.502693428549758,47.68817753123215],[8.502883245915495,47.68807562581289]]}},{"type":"Feature","properties":{"nr":"H13","achse":"Neuhausen - Erzingen","strasse":"Grosser Letten","gemeinde":"Neunkirch","fkt":"VO","fkt_text":"verkehrsorientiert","tempo":50,"dtv":6331,"laerm_tag_db":78.1,"bus":true,"linien":["N77"],"haltestellen":[],"bus_anteil":0.14,"bus_text":"teilweise","laenge_m":34,"abschnitt":"Grosser Letten","abschnitt_km":0.611,"unfaelle":4,"unf_fuss":0,"unf_velo":0,"fassaden_igw":10,"initiative":true,"gegenvorschlag":true,"vorlage":"initiative"},"geometry":{"type":"LineString","coordinates":[[8.501725824150101,47.688225510527175],[8.50167583684278,47.68826214302714],[8.501573382275721,47.68832345752668],[8.501442617429014,47.688389860681774],[8.501370675928468,47.68841765510762]]}},{"type":"Feature","properties":{"nr":"711","achse":"Neunkirch - Siblingen","strasse":"Gächlingerstrasse","gemeinde":"Neunkirch","fkt":"SO","fkt_text":"siedlungsorientiert","tempo":50,"dtv":2481,"laerm_tag_db":74.4,"bus":true,"linien":["21"],"haltestellen":[],"bus_anteil":1.0,"bus_text":"ja","laenge_m":124,"abschnitt":"Gächlingerstrasse","abschnitt_km":0.451,"unfaelle":1,"unf_fuss":0,"unf_velo":1,"fassaden_igw":0,"initiative":true,"gegenvorschlag":false,"vorlage":"initiative"},"geometry":{"type":"LineString","coordinates":[[8.501011689010628,47.6918598402188],[8.500969901012152,47.69206845297409],[8.500955416808258,47.69213401724583],[8.500923479059276,47.692361544387225],[8.500890890154452,47.69259248620078],[8.500863195136185,47.69278316177482],[8.500860787923413,47.692805947765315],[8.50083679074642,47.69296779051002]]}},{"type":"Feature","properties":{"nr":"711","achse":"Neunkirch - Siblingen","strasse":"Gächlingerstrasse","gemeinde":"Neunkirch","fkt":"SO","fkt_text":"siedlungsorientiert","tempo":50,"dtv":2481,"laerm_tag_db":74.4,"bus":true,"linien":["21"],"haltestellen":[],"bus_anteil":1.0,"bus_text":"ja","laenge_m":117,"abschnitt":"Gächlingerstrasse","abschnitt_km":0.451,"unfaelle":1,"unf_fuss":0,"unf_velo":1,"fassaden_igw":0,"initiative":true,"gegenvorschlag":false,"vorlage":"initiative"},"geometry":{"type":"LineString","coordinates":[[8.50083679074642,47.69296779051002],[8.500804519384436,47.69318537314404],[8.50079280750651,47.693280934219565],[8.500784577655734,47.693372101344146],[8.50078214060273,47.69342928091014],[8.500781932141578,47.693491305896806],[8.5007943259307,47.69357991009362],[8.500814676054425,47.693717180410566],[8.500858230831453,47.69401514245015]]}},{"type":"Feature","properties":{"nr":"711","achse":"Neunkirch - Siblingen","strasse":"Neunkircherstrasse","gemeinde":"Gächlingen","fkt":"SO","fkt_text":"siedlungsorientiert","tempo":50,"dtv":2481,"laerm_tag_db":74.4,"bus":true,"linien":["21"],"haltestellen":[],"bus_anteil":1.0,"bus_text":"ja","laenge_m":271,"abschnitt":"Neunkircherstrasse","abschnitt_km":0.129,"unfaelle":0,"unf_fuss":0,"unf_velo":0,"fassaden_igw":0,"initiative":true,"gegenvorschlag":false,"vorlage":"initiative"},"geometry":{"type":"LineString","coordinates":[[8.500051432593766,47.69978310552584],[8.499981129315701,47.69983577804077],[8.499862948710588,47.69992068159006],[8.499635384429938,47.700080748408865],[8.499600485056092,47.70010772531048],[8.499350101551943,47.70029732040247],[8.499139773843506,47.700464675963296],[8.499013226422829,47.70056769697942],[8.498928555180301,47.70063750762211],[8.498861888408635,47.7006969097645],[8.498819395412424,47.700749255908306],[8.498788845679897,47.70079123090678],[8.49867571768781,47.70095770797216],[8.498509670236887,47.70121284498046],[8.49839268210396,47.701388917581895],[8.498303328730684,47.70152781760949],[8.498243459187982,47.70162338535634],[8.498190566579392,47.70171273755022],[8.498175243144889,47.701756633198016],[8.498172190363045,47.70178519009554],[8.498173610595675,47.70181555899005]]}},{"type":"Feature","properties":{"nr":"708","achse":"Neunkirch - Oberhallauerberg","strasse":"Mitteldorfstrasse","gemeinde":"Oberhallau","fkt":"SO","fkt_text":"siedlungsorientiert","tempo":50,"dtv":1249,"laerm_tag_db":69.6,"bus":true,"linien":["N77"],"haltestellen":["Oberhallau, Trottengasse"],"bus_anteil":1.0,"bus_text":"ja","laenge_m":184,"abschnitt":"Mitteldorfstrasse","abschnitt_km":0.043,"unfaelle":0,"unf_fuss":0,"unf_velo":0,"fassaden_igw":0,"initiative":true,"gegenvorschlag":false,"vorlage":"initiative"},"geometry":{"type":"LineString","coordinates":[[8.47866862084017,47.70420731529235],[8.478696094363816,47.704175374649125],[8.478734224353285,47.704131754385244],[8.478740265489401,47.70411981027129],[8.478750939199044,47.70408661686748],[8.478760497248192,47.704061069346125],[8.4787973281538,47.70401576081734],[8.478856529329269,47.70395751659688],[8.47895415988959,47.70387092112435],[8.479046667854243,47.70377928081126],[8.479105110090424,47.703715664836835],[8.479152282482664,47.70364946050497],[8.479193112687328,47.70357716103029],[8.479223083125996,47.70351500504899],[8.479249991994209,47.70344283017028],[8.47926933462213,47.703377531474466],[8.47933579076929,47.70319288334157],[8.479395621621842,47.70301283644192],[8.4794139139917,47.70296665935989],[8.479448181337862,47.70290283691283],[8.479479679477926,47.702844552571314],[8.47949130605,47.70282598378189],[8.47952869953844,47.702774122315645],[8.479585246308515,47.70269617760106],[8.479590380339813,47.702689619968424]]}},{"type":"Feature","properties":{"nr":"71","achse":"Wilchingen - Jestetten","strasse":"In der Gasse","gemeinde":"Wilchingen","fkt":"VO","fkt_text":"verkehrsorientiert","tempo":50,"dtv":2759,"laerm_tag_db":74.7,"bus":true,"linien":["27","N77"],"haltestellen":[],"bus_anteil":1.0,"bus_text":"ja","laenge_m":387,"abschnitt":"In der Gasse","abschnitt_km":0.207,"unfaelle":2,"unf_fuss":0,"unf_velo":2,"fassaden_igw":2,"initiative":true,"gegenvorschlag":true,"vorlage":"initiative"},"geometry":{"type":"LineString","coordinates":[[8.468752644582947,47.665252443417465],[8.468755195463768,47.66518022500395],[8.468756159203412,47.66510855131649],[8.468754766886846,47.66503690751522],[8.468747584663026,47.66495096943723],[8.468735824233985,47.66487197944046],[8.468724108083505,47.66479458100694],[8.46871358696031,47.66473893774432],[8.468701982977782,47.664676900268475],[8.46868810971724,47.66461044881206],[8.468643925280597,47.66445382125467],[8.468615634216954,47.66437921404664],[8.46859207397804,47.664316473099404],[8.468548475568028,47.66422629786432],[8.468428700021708,47.663976747583135],[8.468407816130055,47.66393592852435],[8.468384076296752,47.66385569555077],[8.468372610515374,47.663801427722895],[8.46837200406831,47.66374142430811],[8.468385342679074,47.66367415593145],[8.468416425252059,47.66360533615277],[8.468454897634967,47.66353997654267],[8.468505450502722,47.663479663441244],[8.468556724583026,47.663425639807954],[8.468612258540308,47.663377073786805],[8.468678734209055,47.66332770916608],[8.4687624610409,47.663278164530205],[8.468858221870834,47.66322922363316],[8.468936111549542,47.66320269264377],[8.46897457474267,47.66319033531124],[8.46906537271044,47.66316691862188],[8.469150074506382,47.66315112000638],[8.469260161855232,47.66314128404635],[8.469345917311678,47.663139965476546],[8.469451005727489,47.66314829686],[8.469547718332837,47.66315929279622],[8.469612958888371,47.66316696135623],[8.469685104818065,47.66317508124904],[8.469759008960171,47.663175711369135],[8.469828744630309,47.66317764662129],[8.4699081706391,47.66317741815268],[8.470000760984854,47.663172926447274],[8.470085359309165,47.66316824480794],[8.470159712310577,47.66316183727875],[8.470268255418793,47.66314791275239],[8.470371416949776,47.663132479941794],[8.470446211707245,47.6631173080229],[8.470553844990294,47.66309563837073],[8.470652984590073,47.66306989779046],[8.47074215376541,47.66304424571914]]}},{"type":"Feature","properties":{"nr":"71","achse":"Wilchingen - Jestetten","strasse":"In der Gasse","gemeinde":"Wilchingen","fkt":"VO","fkt_text":"verkehrsorientiert","tempo":50,"dtv":2759,"laerm_tag_db":75.0,"bus":true,"linien":["27","N77"],"haltestellen":[],"bus_anteil":1.0,"bus_text":"ja","laenge_m":67,"abschnitt":"In der Gasse","abschnitt_km":0.207,"unfaelle":2,"unf_fuss":0,"unf_velo":2,"fassaden_igw":2,"initiative":true,"gegenvorschlag":true,"vorlage":"initiative"},"geometry":{"type":"LineString","coordinates":[[8.46870397394163,47.66585571475104],[8.46869980602507,47.66583171043729],[8.468698283164844,47.665797195527745],[8.468697897371962,47.665775972833366],[8.468704222669816,47.66573559611695],[8.468741766672485,47.66538672313736],[8.468746818083192,47.665319852041776],[8.468752644582947,47.665252443417465]]}},{"type":"Feature","properties":{"nr":"702","achse":"Wisental - Osterfingen","strasse":"Dorfstrasse","gemeinde":"Wilchingen","fkt":"SO","fkt_text":"siedlungsorientiert","tempo":50,"dtv":758,"laerm_tag_db":65.8,"bus":true,"linien":[],"haltestellen":["Osterfingen, Lindenhof"],"bus_anteil":0.0,"bus_text":"ja","laenge_m":375,"abschnitt":"Dorfstrasse","abschnitt_km":0.893,"unfaelle":4,"unf_fuss":0,"unf_velo":0,"fassaden_igw":0,"initiative":true,"gegenvorschlag":false,"vorlage":"initiative"},"geometry":{"type":"LineString","coordinates":[[8.484685563823621,47.66214022128149],[8.484774081182191,47.66216560603853],[8.484854061307358,47.662186777416466],[8.484956022334451,47.66221536877821],[8.48504788481361,47.66224226119415],[8.48514200106283,47.66226664185098],[8.485268120097105,47.6622948983516],[8.485353731296204,47.66231601864575],[8.48543443423501,47.66233668843425],[8.485471222353679,47.66234490132345],[8.485542631518625,47.66235945782741],[8.485629610050134,47.66237766947749],[8.485719468571855,47.66240013631736],[8.485857474667455,47.662434994659556],[8.485994036346783,47.662467491406645],[8.486124233382318,47.662498597334185],[8.486238867038082,47.662527019324784],[8.486388171084323,47.66256224283543],[8.486534750785932,47.6625983811554],[8.486681658385894,47.66263627918719],[8.486811218740892,47.66266813660898],[8.486955729737705,47.662704661829814],[8.487083538690968,47.662733440767596],[8.487212856925867,47.66276582159065],[8.487266735701509,47.66277782805789],[8.487376337952433,47.66280221101047],[8.487500268694392,47.66282942354945],[8.48760117363585,47.66285026018433],[8.487693266270975,47.662870492767816],[8.487799122127349,47.66289391980333],[8.487946067391977,47.6629242158438],[8.488071003658485,47.66295175147703],[8.488239290413432,47.66297998354009],[8.488443935760136,47.6630209012912],[8.488580454593466,47.66304368171355],[8.488673371226062,47.66306044332541],[8.488764413898084,47.663078040274065],[8.48887881872939,47.66309410377223],[8.488958003973835,47.66310456748818],[8.48904696017239,47.66311630090521],[8.489124220499058,47.663125028055546],[8.489219887213556,47.66313274322067],[8.48931554046616,47.66314044943473],[8.489433624044068,47.663148645200216]]}},{"type":"Feature","properties":{"nr":"605","achse":"Gyrengrüebli - Rüdlingen","strasse":"Dorfstrasse","gemeinde":"Rüdlingen","fkt":"SO","fkt_text":"siedlungsorientiert","tempo":50,"dtv":388,"laerm_tag_db":61.3,"bus":true,"linien":["675"],"haltestellen":[],"bus_anteil":1.0,"bus_text":"ja","laenge_m":98,"abschnitt":"Dorfstrasse","abschnitt_km":0.428,"unfaelle":1,"unf_fuss":0,"unf_velo":0,"fassaden_igw":0,"initiative":true,"gegenvorschlag":false,"vorlage":"initiative"},"geometry":{"type":"LineString","coordinates":[[8.570633293349193,47.5817372519887],[8.570825828662569,47.58145379751069],[8.57090143612278,47.58134255206833],[8.570961150133446,47.58125589100503],[8.571047634268764,47.58115289519879],[8.571107586327779,47.58107679134649],[8.571218152679073,47.580948015641475]]}},{"type":"Feature","properties":{"nr":"605","achse":"Gyrengrüebli - Rüdlingen","strasse":"Dorfstrasse","gemeinde":"Rüdlingen","fkt":"SO","fkt_text":"siedlungsorientiert","tempo":50,"dtv":388,"laerm_tag_db":61.2,"bus":true,"linien":["675"],"haltestellen":[],"bus_anteil":1.0,"bus_text":"ja","laenge_m":52,"abschnitt":"Dorfstrasse","abschnitt_km":0.428,"unfaelle":1,"unf_fuss":0,"unf_velo":0,"fassaden_igw":0,"initiative":true,"gegenvorschlag":false,"vorlage":"initiative"},"geometry":{"type":"LineString","coordinates":[[8.571218152679073,47.580948015641475],[8.571256588374693,47.58090210973671],[8.571293162611656,47.58084622004026],[8.57135034167685,47.58068130377996],[8.57138027263943,47.58058384308159],[8.571408944927954,47.580505274267324]]}},{"type":"Feature","properties":{"nr":"605","achse":"Gyrengrüebli - Rüdlingen","strasse":"Dorfstrasse","gemeinde":"Rüdlingen","fkt":"SO","fkt_text":"siedlungsorientiert","tempo":50,"dtv":388,"laerm_tag_db":61.4,"bus":true,"linien":["675"],"haltestellen":[],"bus_anteil":1.0,"bus_text":"ja","laenge_m":99,"abschnitt":"Dorfstrasse","abschnitt_km":0.428,"unfaelle":1,"unf_fuss":0,"unf_velo":0,"fassaden_igw":0,"initiative":true,"gegenvorschlag":false,"vorlage":"initiative"},"geometry":{"type":"LineString","coordinates":[[8.571408944927954,47.580505274267324],[8.571450512608582,47.58041491351191],[8.571529889660415,47.58028920347422],[8.571703927648644,47.580022109235784],[8.571732536448534,47.57997797215804],[8.57181285499846,47.57985782033384],[8.571911749624716,47.57968750406027]]}},{"type":"Feature","properties":{"nr":"605","achse":"Gyrengrüebli - Rüdlingen","strasse":"Dorfstrasse","gemeinde":"Rüdlingen","fkt":"SO","fkt_text":"siedlungsorientiert","tempo":50,"dtv":388,"laerm_tag_db":61.2,"bus":true,"linien":["675"],"haltestellen":[],"bus_anteil":1.0,"bus_text":"ja","laenge_m":75,"abschnitt":"Dorfstrasse","abschnitt_km":0.428,"unfaelle":1,"unf_fuss":0,"unf_velo":0,"fassaden_igw":0,"initiative":true,"gegenvorschlag":false,"vorlage":"initiative"},"geometry":{"type":"LineString","coordinates":[[8.571911749624716,47.57968750406027],[8.571959082693585,47.57960201576088],[8.572007668195232,47.57949985724653],[8.572013089775108,47.57948481929644],[8.572046067237672,47.57941620117061],[8.572078095846113,47.57938035054647],[8.572133629466121,47.579330940192335],[8.572160574866926,47.579287376914166],[8.57217726835797,47.57922499825578],[8.572180124411075,47.579204984391254],[8.572217069559859,47.57905139164561]]}},{"type":"Feature","properties":{"nr":"604","achse":"Steinenkreuz - Buchberg","strasse":"Dorfstrasse","gemeinde":"Buchberg","fkt":"SO","fkt_text":"siedlungsorientiert","tempo":50,"dtv":1837,"laerm_tag_db":74.3,"bus":true,"linien":["675"],"haltestellen":[],"bus_anteil":1.0,"bus_text":"ja","laenge_m":58,"abschnitt":"Dorfstrasse","abschnitt_km":0.524,"unfaelle":2,"unf_fuss":1,"unf_velo":0,"fassaden_igw":1,"initiative":true,"gegenvorschlag":false,"vorlage":"initiative"},"geometry":{"type":"LineString","coordinates":[[8.566610419862632,47.57487103403873],[8.566630389306575,47.57489066382375],[8.5666484097345,47.57491114906241],[8.566664399308287,47.57493239161135],[8.566678289478599,47.574954293197955],[8.56669003846514,47.57497676428359],[8.566699577717895,47.57499970659543],[8.566706865455973,47.575023030594615],[8.566711885903514,47.57504661950559],[8.566714597279274,47.5750703837892],[8.56671501057661,47.57509421540378],[8.566713097303317,47.575118024680634],[8.566708894649095,47.575141685333755],[8.566702400891336,47.57516511642833],[8.566693640121791,47.575188200800156],[8.566667141131312,47.57524037531282],[8.566574692790828,47.57536226974455]]}},{"type":"Feature","properties":{"nr":"604","achse":"Steinenkreuz - Buchberg","strasse":"Dorfstrasse","gemeinde":"Rüdlingen","fkt":"SO","fkt_text":"siedlungsorientiert","tempo":50,"dtv":1837,"laerm_tag_db":73.9,"bus":true,"linien":["675"],"haltestellen":[],"bus_anteil":1.0,"bus_text":"ja","laenge_m":33,"abschnitt":"Dorfstrasse","abschnitt_km":0.428,"unfaelle":1,"unf_fuss":0,"unf_velo":0,"fassaden_igw":0,"initiative":true,"gegenvorschlag":false,"vorlage":"initiative"},"geometry":{"type":"LineString","coordinates":[[8.566574692790828,47.57536226974455],[8.56649263022449,47.57546688342631],[8.566469593285278,47.575501214945675],[8.566419446009023,47.57558211423524],[8.566394030440078,47.5756346289241]]}},{"type":"Feature","properties":{"nr":"604","achse":"Steinenkreuz - Buchberg","strasse":"Dorfstrasse","gemeinde":"Buchberg","fkt":"SO","fkt_text":"siedlungsorientiert","tempo":50,"dtv":1837,"laerm_tag_db":73.3,"bus":true,"linien":["675"],"haltestellen":[],"bus_anteil":1.0,"bus_text":"ja","laenge_m":88,"abschnitt":"Dorfstrasse","abschnitt_km":0.524,"unfaelle":2,"unf_fuss":1,"unf_velo":0,"fassaden_igw":1,"initiative":true,"gegenvorschlag":false,"vorlage":"initiative"},"geometry":{"type":"LineString","coordinates":[[8.56542325466704,47.573994290302686],[8.56551776336128,47.57406841360308],[8.565651519107035,47.57418682243644],[8.565699126347353,47.574239868440365],[8.565815012784132,47.57436175179325],[8.565886550977542,47.57442945110407],[8.565933902747885,47.574469817136844],[8.565998484309684,47.57451660865327],[8.566061280878793,47.574555700140714],[8.566150720809588,47.57460323026789]]}},{"type":"Feature","properties":{"nr":"H330","achse":"Stein am Rhein - Öhningen","strasse":"Rhigass","gemeinde":"Stein am Rhein","fkt":"VO","fkt_text":"verkehrsorientiert","tempo":40,"dtv":5829,"laerm_tag_db":75.1,"bus":true,"linien":["33"],"haltestellen":["Stein am Rhein, Rathaus","Stein am Rhein, Schule"],"bus_anteil":1.0,"bus_text":"ja","laenge_m":91,"abschnitt":"Rhigass","abschnitt_km":0.452,"unfaelle":19,"unf_fuss":3,"unf_velo":13,"fassaden_igw":14,"initiative":true,"gegenvorschlag":true,"vorlage":"initiative"},"geometry":{"type":"LineString","coordinates":[[8.860107315080455,47.65906723658203],[8.8602029454151,47.65904627717159],[8.860299311974552,47.65901504556024],[8.860489431548258,47.65893755674177],[8.86066339981317,47.658867964991025],[8.860735953566545,47.658845893552886],[8.8607644020177,47.658843296410325],[8.860784879786708,47.65884433185821],[8.860805473339108,47.65885017812199],[8.860825328959972,47.65886375099059],[8.860839958609475,47.65887706405291],[8.860862768970957,47.658912431191986],[8.860885746336814,47.658944594119],[8.860900737469084,47.658971871726905],[8.860915471672067,47.65899850485175],[8.860924853630761,47.659011243550324],[8.860941090523509,47.65902292683656],[8.860968947383405,47.659033505332175],[8.860997701685143,47.659042300844845],[8.8610295616879,47.65905122920677],[8.861061593498132,47.6590670544949]]}},{"type":"Feature","properties":{"nr":"H330","achse":"Stein am Rhein - Öhningen","strasse":"Rhigass","gemeinde":"Stein am Rhein","fkt":"VO","fkt_text":"verkehrsorientiert","tempo":40,"dtv":5829,"laerm_tag_db":75.1,"bus":true,"linien":["33"],"haltestellen":["Stein am Rhein, Schule"],"bus_anteil":1.0,"bus_text":"ja","laenge_m":31,"abschnitt":"Rhigass","abschnitt_km":0.452,"unfaelle":19,"unf_fuss":3,"unf_velo":13,"fassaden_igw":14,"initiative":true,"gegenvorschlag":true,"vorlage":"initiative"},"geometry":{"type":"LineString","coordinates":[[8.861061593498132,47.6590670544949],[8.861095245531947,47.65909860088894],[8.861110194132799,47.659123792189014],[8.861129778381057,47.659171890512326],[8.861143077903918,47.659206573573265],[8.861163847277513,47.6592541806445],[8.861184707448658,47.65928780862425],[8.86119951832746,47.65930786554815],[8.861214331251437,47.659319566242594]]}},{"type":"Feature","properties":{"nr":"H352","achse":"Kaltenbach - Stein am Rhein","strasse":"Rhigass","gemeinde":"Stein am Rhein","fkt":"VO","fkt_text":"verkehrsorientiert","tempo":40,"dtv":5829,"laerm_tag_db":75.5,"bus":true,"linien":["33"],"haltestellen":[],"bus_anteil":1.0,"bus_text":"ja","laenge_m":113,"abschnitt":"Rhigass","abschnitt_km":0.452,"unfaelle":19,"unf_fuss":3,"unf_velo":13,"fassaden_igw":14,"initiative":true,"gegenvorschlag":true,"vorlage":"initiative"},"geometry":{"type":"LineString","coordinates":[[8.857841776942754,47.65687859585325],[8.857959509574357,47.657010954923166],[8.858181905329545,47.6572404737917],[8.858335589714475,47.65740230075841],[8.858452145956418,47.6575234571534],[8.858489046917702,47.65756555148496],[8.85855935400876,47.65764600502091],[8.858630069065663,47.65774068335566]]}},{"type":"Feature","properties":{"nr":"H352","achse":"Kaltenbach - Stein am Rhein","strasse":"Kaltenbacherstrasse","gemeinde":"Stein am Rhein","fkt":"VO","fkt_text":"verkehrsorientiert","tempo":50,"dtv":5353,"laerm_tag_db":78.1,"bus":true,"linien":["33","825"],"haltestellen":[],"bus_anteil":1.0,"bus_text":"ja","laenge_m":384,"abschnitt":"Kaltenbacherstrasse","abschnitt_km":0.73,"unfaelle":10,"unf_fuss":0,"unf_velo":6,"fassaden_igw":19,"initiative":true,"gegenvorschlag":true,"vorlage":"initiative"},"geometry":{"type":"LineString","coordinates":[[8.857453653363859,47.65508025173384],[8.857424369932676,47.655013292178204],[8.857405850970004,47.6549630304252],[8.85738496755252,47.65492091990558],[8.857368757719266,47.65489326095502],[8.857342630852404,47.65484773349596],[8.85729331286948,47.654764890959115],[8.857253020594381,47.65470839195447],[8.857209715137133,47.65466365902843],[8.857156368406757,47.654627746784186],[8.857089336538989,47.65459433137693],[8.856994867115585,47.65456240246614],[8.856503892669593,47.65441402992558],[8.855879601991106,47.65422608641664],[8.855582497672874,47.65413221768628],[8.855488757918746,47.65409564631547],[8.855356801917152,47.654043287530385],[8.855253394070136,47.65399811794452],[8.855104735076317,47.65393145399888],[8.854968879098898,47.653861152675525],[8.854848586996878,47.65379587835393],[8.85471266972617,47.65372325681366],[8.854607821597433,47.65365602189065],[8.85446856894241,47.65355320008803],[8.854365188039091,47.65347607971428],[8.854241002402928,47.65335916788615],[8.854189019121533,47.65330988033379],[8.854058085061247,47.65319945492065],[8.85394241446877,47.65308131460919],[8.853756886216068,47.65288855896443]]}},{"type":"Feature","properties":{"nr":"H352","achse":"Kaltenbach - Stein am Rhein","strasse":"Kaltenbacherstrasse","gemeinde":"Stein am Rhein","fkt":"VO","fkt_text":"verkehrsorientiert","tempo":50,"dtv":5353,"laerm_tag_db":78.1,"bus":true,"linien":["825"],"haltestellen":[],"bus_anteil":1.0,"bus_text":"ja","laenge_m":121,"abschnitt":"Kaltenbacherstrasse","abschnitt_km":0.73,"unfaelle":10,"unf_fuss":0,"unf_velo":6,"fassaden_igw":19,"initiative":true,"gegenvorschlag":true,"vorlage":"initiative"},"geometry":{"type":"LineString","coordinates":[[8.853756886216068,47.65288855896443],[8.853466210704795,47.65258625898683],[8.853371796484065,47.652492837747026],[8.853305761053557,47.65243272034386],[8.85318773156332,47.65232333302753],[8.853056187897735,47.6522228172469],[8.852930920747061,47.65213150753776],[8.852828468552794,47.65205906980766],[8.852776072430357,47.652026642995516]]}},{"type":"Feature","properties":{"nr":"H352","achse":"Kaltenbach - Stein am Rhein","strasse":"Kaltenbacherstrasse","gemeinde":"Stein am Rhein","fkt":"VO","fkt_text":"verkehrsorientiert","tempo":50,"dtv":5353,"laerm_tag_db":78.1,"bus":true,"linien":["825"],"haltestellen":[],"bus_anteil":1.0,"bus_text":"ja","laenge_m":126,"abschnitt":"Kaltenbacherstrasse","abschnitt_km":0.73,"unfaelle":10,"unf_fuss":0,"unf_velo":6,"fassaden_igw":19,"initiative":true,"gegenvorschlag":true,"vorlage":"initiative"},"geometry":{"type":"LineString","coordinates":[[8.852776072430357,47.652026642995516],[8.85264958126988,47.65195278889941],[8.85248052619105,47.65185975431965],[8.852216325094833,47.65171209200901],[8.851990551238131,47.651587176989096],[8.851873511457425,47.651513737693676],[8.851765040051262,47.65143961831669],[8.851686740885569,47.65136976394706],[8.851633850918667,47.65131875928956],[8.851626705927353,47.65130840323718],[8.851605350185737,47.65128080612288],[8.851582278434204,47.65124875945186]]}},{"type":"Feature","properties":{"nr":"H13","achse":"Wagenhausen - Schaffhausen","strasse":"Wagenhauserstrasse","gemeinde":"Stein am Rhein","fkt":"VO","fkt_text":"verkehrsorientiert","tempo":50,"dtv":6455,"laerm_tag_db":78.5,"bus":true,"linien":["33","825"],"haltestellen":[],"bus_anteil":0.96,"bus_text":"ja","laenge_m":163,"abschnitt":"Wagenhauserstrasse","abschnitt_km":0.746,"unfaelle":14,"unf_fuss":3,"unf_velo":2,"fassaden_igw":59,"initiative":true,"gegenvorschlag":true,"vorlage":"initiative"},"geometry":{"type":"LineString","coordinates":[[8.856413796818526,47.65677319920033],[8.856728447606063,47.65664800724489],[8.856991813895142,47.65654716929665],[8.857086437342968,47.65650711965934],[8.857217167612415,47.6564492237844],[8.857396798696588,47.65635708053117],[8.857517908343922,47.65629292452423],[8.857640734769967,47.656228756398654],[8.857853565049881,47.65607836083888],[8.857952084610249,47.65599891941238],[8.85807008976236,47.65586463199486]]}},{"type":"Feature","properties":{"nr":"H332","achse":"Stein am Rhein - Heinishofen","strasse":"Langstuck","gemeinde":"Stein am Rhein","fkt":"VO","fkt_text":"verkehrsorientiert","tempo":40,"dtv":3517,"laerm_tag_db":74.4,"bus":true,"linien":["33"],"haltestellen":[],"bus_anteil":1.0,"bus_text":"ja","laenge_m":86,"abschnitt":"Langstuck","abschnitt_km":0.579,"unfaelle":7,"unf_fuss":1,"unf_velo":3,"fassaden_igw":0,"initiative":true,"gegenvorschlag":true,"vorlage":"initiative"},"geometry":{"type":"LineString","coordinates":[[8.861517363829556,47.66016932807528],[8.861772110580793,47.65997574945811],[8.862025178775676,47.659789638545504],[8.862105848721018,47.65972619846509],[8.862161898244134,47.65966959941654],[8.862224106728792,47.65962965522347],[8.862285905751154,47.659602722550126]]}},{"type":"Feature","properties":{"nr":"H332","achse":"Stein am Rhein - Heinishofen","strasse":"Langstuck","gemeinde":"Stein am Rhein","fkt":"VO","fkt_text":"verkehrsorientiert","tempo":40,"dtv":3517,"laerm_tag_db":74.3,"bus":true,"linien":["33"],"haltestellen":[],"bus_anteil":1.0,"bus_text":"ja","laenge_m":146,"abschnitt":"Langstuck","abschnitt_km":0.579,"unfaelle":7,"unf_fuss":1,"unf_velo":3,"fassaden_igw":0,"initiative":true,"gegenvorschlag":true,"vorlage":"initiative"},"geometry":{"type":"LineString","coordinates":[[8.860593054816164,47.66130259412873],[8.860622303598385,47.66130099465942],[8.860634169714912,47.66129961705249],[8.860664121181577,47.66128996759134],[8.860695564343088,47.661267931965405],[8.86071873217982,47.66124414474458],[8.860742489947116,47.66120860304796],[8.860768001215117,47.661169936653884],[8.860971815793096,47.66085137994174],[8.861148445828466,47.660577671261414],[8.861195939916666,47.660505337634866],[8.861242801251787,47.66044415633435],[8.861303212844511,47.660375406244256],[8.861379895297835,47.66030025031912],[8.861448511977857,47.660230158321184],[8.861517363829556,47.66016932807528]]}},{"type":"Feature","properties":{"nr":"H332","achse":"Stein am Rhein - Heinishofen","strasse":"Langstuck","gemeinde":"Stein am Rhein","fkt":"VO","fkt_text":"verkehrsorientiert","tempo":40,"dtv":3517,"laerm_tag_db":74.3,"bus":true,"linien":["33"],"haltestellen":["Stein am Rhein, Untertor"],"bus_anteil":1.0,"bus_text":"ja","laenge_m":119,"abschnitt":"Langstuck","abschnitt_km":0.579,"unfaelle":7,"unf_fuss":1,"unf_velo":3,"fassaden_igw":0,"initiative":true,"gegenvorschlag":true,"vorlage":"initiative"},"geometry":{"type":"LineString","coordinates":[[8.856818157881838,47.66178530547606],[8.856721494228134,47.66181863349799],[8.856477606153286,47.661904507951945],[8.85587490929654,47.66212653578715],[8.855652260581694,47.6622195789492],[8.855427460064208,47.66230089170471]]}},{"type":"Feature","properties":{"nr":"H332","achse":"Stein am Rhein - Heinishofen","strasse":"Hemishoferstrasse","gemeinde":"Stein am Rhein","fkt":"VO","fkt_text":"verkehrsorientiert","tempo":50,"dtv":3517,"laerm_tag_db":76.2,"bus":true,"linien":["33"],"haltestellen":[],"bus_anteil":1.0,"bus_text":"ja","laenge_m":122,"abschnitt":"Hemishoferstrasse","abschnitt_km":1.379,"unfaelle":12,"unf_fuss":1,"unf_velo":7,"fassaden_igw":13,"initiative":true,"gegenvorschlag":true,"vorlage":"initiative"},"geometry":{"type":"LineString","coordinates":[[8.85251678524776,47.66323107325631],[8.852261766397639,47.663313961967575],[8.852037761619185,47.663396517589305],[8.85187379914932,47.66346531757676],[8.85172102326908,47.663537705044604],[8.851642877595499,47.66357814314823],[8.851316961796387,47.66374924990519],[8.851158372954336,47.66382890316175]]}},{"type":"Feature","properties":{"nr":"H332","achse":"Stein am Rhein - Heinishofen","strasse":"Hemishoferstrasse","gemeinde":"Stein am Rhein","fkt":"VO","fkt_text":"verkehrsorientiert","tempo":50,"dtv":3517,"laerm_tag_db":76.1,"bus":true,"linien":["33"],"haltestellen":["Stein am Rhein, Strandbad"],"bus_anteil":1.0,"bus_text":"ja","laenge_m":165,"abschnitt":"Hemishoferstrasse","abschnitt_km":1.379,"unfaelle":12,"unf_fuss":1,"unf_velo":7,"fassaden_igw":13,"initiative":true,"gegenvorschlag":true,"vorlage":"initiative"},"geometry":{"type":"LineString","coordinates":[[8.851158372954336,47.66382890316175],[8.850943051675202,47.663920174877745],[8.85070326000881,47.66401857079814],[8.850324764336767,47.66415295864289],[8.850068851479547,47.66424406552778],[8.849674216223,47.66438451197435],[8.849423327134454,47.66447284892343],[8.849237747507987,47.66455365489982]]}},{"type":"Feature","properties":{"nr":"H332","achse":"Stein am Rhein - Heinishofen","strasse":"Hemishoferstrasse","gemeinde":"Stein am Rhein","fkt":"VO","fkt_text":"verkehrsorientiert","tempo":50,"dtv":3517,"laerm_tag_db":76.2,"bus":true,"linien":["33"],"haltestellen":[],"bus_anteil":1.0,"bus_text":"ja","laenge_m":205,"abschnitt":"Hemishoferstrasse","abschnitt_km":1.379,"unfaelle":12,"unf_fuss":1,"unf_velo":7,"fassaden_igw":13,"initiative":true,"gegenvorschlag":true,"vorlage":"initiative"},"geometry":{"type":"LineString","coordinates":[[8.848039949216153,47.66534001462598],[8.847691514748801,47.66558998955177],[8.847295862573407,47.66588864024787],[8.846924001783835,47.6661953391537],[8.846653381580072,47.666414558368004],[8.846581567916125,47.66647160146531],[8.846515606354256,47.66653390747242],[8.846401005407145,47.666648954808124],[8.846282545621147,47.66675359686076]]}},{"type":"Feature","properties":{"nr":"H332","achse":"Stein am Rhein - Heinishofen","strasse":"Hemishoferstrasse","gemeinde":"Stein am Rhein","fkt":"VO","fkt_text":"verkehrsorientiert","tempo":50,"dtv":3517,"laerm_tag_db":76.1,"bus":true,"linien":["33"],"haltestellen":[],"bus_anteil":1.0,"bus_text":"ja","laenge_m":126,"abschnitt":"Hemishoferstrasse","abschnitt_km":1.379,"unfaelle":12,"unf_fuss":1,"unf_velo":7,"fassaden_igw":13,"initiative":true,"gegenvorschlag":true,"vorlage":"initiative"},"geometry":{"type":"LineString","coordinates":[[8.849237747507987,47.66455365489982],[8.84905717068356,47.66465085128216],[8.84885107272661,47.66477875070184],[8.848668697431673,47.6649004880927],[8.848408589441387,47.66507889160821],[8.848039949216153,47.66534001462598]]}},{"type":"Feature","properties":{"nr":"804","achse":"Wysseler - Rheinbrücke","strasse":"Hauptstrasse","gemeinde":"Hemishofen","fkt":"SO","fkt_text":"siedlungsorientiert","tempo":50,"dtv":802,"laerm_tag_db":66.9,"bus":true,"linien":["33"],"haltestellen":[],"bus_anteil":1.0,"bus_text":"ja","laenge_m":115,"abschnitt":"Hauptstrasse","abschnitt_km":1.351,"unfaelle":7,"unf_fuss":0,"unf_velo":6,"fassaden_igw":1,"initiative":true,"gegenvorschlag":false,"vorlage":"initiative"},"geometry":{"type":"LineString","coordinates":[[8.832998440737391,47.67587036551977],[8.83272613743411,47.6760969730068],[8.832608810707391,47.6762009389208],[8.832441083967792,47.676354368813506],[8.832181470157815,47.67661042425734],[8.832092613932176,47.67670369510572]]}},{"type":"Feature","properties":{"nr":"804","achse":"Wysseler - Rheinbrücke","strasse":"Hauptstrasse","gemeinde":"Hemishofen","fkt":"SO","fkt_text":"siedlungsorientiert","tempo":50,"dtv":802,"laerm_tag_db":66.8,"bus":true,"linien":["33"],"haltestellen":[],"bus_anteil":1.0,"bus_text":"ja","laenge_m":49,"abschnitt":"Hauptstrasse","abschnitt_km":1.351,"unfaelle":7,"unf_fuss":0,"unf_velo":6,"fassaden_igw":1,"initiative":true,"gegenvorschlag":false,"vorlage":"initiative"},"geometry":{"type":"LineString","coordinates":[[8.832092613932176,47.67670369510572],[8.831979586059807,47.67682233310264],[8.83196883697701,47.67683697051972],[8.831911262366475,47.676914458019205],[8.831822771900338,47.67702825918071],[8.831779059086925,47.67708844541156]]}},{"type":"Feature","properties":{"nr":"804","achse":"Wysseler - Rheinbrücke","strasse":"Hauptstrasse","gemeinde":"Hemishofen","fkt":"SO","fkt_text":"siedlungsorientiert","tempo":50,"dtv":802,"laerm_tag_db":66.9,"bus":true,"linien":["33"],"haltestellen":[],"bus_anteil":1.0,"bus_text":"ja","laenge_m":51,"abschnitt":"Hauptstrasse","abschnitt_km":1.351,"unfaelle":7,"unf_fuss":0,"unf_velo":6,"fassaden_igw":1,"initiative":true,"gegenvorschlag":false,"vorlage":"initiative"},"geometry":{"type":"LineString","coordinates":[[8.831779059086925,47.67708844541156],[8.831567152672692,47.6773802567558],[8.83149330414673,47.677501905320774]]}},{"type":"Feature","properties":{"nr":"804","achse":"Wysseler - Rheinbrücke","strasse":"Hauptstrasse","gemeinde":"Hemishofen","fkt":"SO","fkt_text":"siedlungsorientiert","tempo":50,"dtv":802,"laerm_tag_db":66.8,"bus":true,"linien":["33"],"haltestellen":["Hemishofen, Dorf"],"bus_anteil":1.0,"bus_text":"ja","laenge_m":297,"abschnitt":"Hauptstrasse","abschnitt_km":1.351,"unfaelle":7,"unf_fuss":0,"unf_velo":6,"fassaden_igw":1,"initiative":true,"gegenvorschlag":false,"vorlage":"initiative"},"geometry":{"type":"LineString","coordinates":[[8.83149330414673,47.677501905320774],[8.831472598323218,47.67753600970243],[8.831383856963102,47.677698097088815],[8.831313235939056,47.67785135919594],[8.831255231516826,47.67800124088228],[8.831200398438558,47.67818007444939],[8.83116334958349,47.67831093287584],[8.831074516223707,47.67861959878316],[8.83100594735208,47.67888294919997],[8.83092267636687,47.67922596195834],[8.83090622914333,47.679295957992835],[8.830866431182113,47.67947684175541],[8.830773564985746,47.679930712062784],[8.83073085060158,47.680113168768]]}},{"type":"Feature","properties":{"nr":"804","achse":"Wysseler - Rheinbrücke","strasse":"Hauptstrasse","gemeinde":"Hemishofen","fkt":"SO","fkt_text":"siedlungsorientiert","tempo":50,"dtv":802,"laerm_tag_db":66.9,"bus":true,"linien":["33"],"haltestellen":[],"bus_anteil":1.0,"bus_text":"ja","laenge_m":166,"abschnitt":"Hauptstrasse","abschnitt_km":1.351,"unfaelle":7,"unf_fuss":0,"unf_velo":6,"fassaden_igw":1,"initiative":true,"gegenvorschlag":false,"vorlage":"initiative"},"geometry":{"type":"LineString","coordinates":[[8.83073085060158,47.680113168768],[8.830727138503851,47.68012396192104],[8.83067945801662,47.680224896182814],[8.830493322856434,47.6805249680901],[8.83039181997168,47.68069489780555],[8.83033051308931,47.68079280202989],[8.830162252554066,47.68106159146391],[8.829889900914266,47.681489682079075]]}},{"type":"Feature","properties":{"nr":"H329","achse":"Schaffhausen - Ramsen","strasse":"Sonnenstrasse","gemeinde":"Ramsen","fkt":"VO","fkt_text":"verkehrsorientiert","tempo":50,"dtv":2542,"laerm_tag_db":73.9,"bus":true,"linien":["25","33"],"haltestellen":["Ramsen, Sonne"],"bus_anteil":1.0,"bus_text":"ja","laenge_m":73,"abschnitt":"Sonnenstrasse","abschnitt_km":0.733,"unfaelle":3,"unf_fuss":1,"unf_velo":2,"fassaden_igw":0,"initiative":true,"gegenvorschlag":true,"vorlage":"initiative"},"geometry":{"type":"LineString","coordinates":[[8.812633867303136,47.70757439195777],[8.8125588270969,47.707512173209366],[8.812508252147598,47.70745042075239],[8.812478408306278,47.707414705332795],[8.812328986794553,47.707178997034134],[8.812275544453577,47.707095043800784],[8.81224730127895,47.70705321108696],[8.812213000336723,47.7070290523254],[8.812173226161121,47.707003492124244]]}},{"type":"Feature","properties":{"nr":"H329","achse":"Schaffhausen - Ramsen","strasse":"Sonnenstrasse","gemeinde":"Ramsen","fkt":"VO","fkt_text":"verkehrsorientiert","tempo":50,"dtv":2542,"laerm_tag_db":73.9,"bus":true,"linien":["25","33"],"haltestellen":["Ramsen, Sonne"],"bus_anteil":1.0,"bus_text":"ja","laenge_m":114,"abschnitt":"Sonnenstrasse","abschnitt_km":0.733,"unfaelle":3,"unf_fuss":1,"unf_velo":2,"fassaden_igw":0,"initiative":true,"gegenvorschlag":true,"vorlage":"initiative"},"geometry":{"type":"LineString","coordinates":[[8.813953732732173,47.70807720058288],[8.813447987219389,47.70789824694298],[8.81332338221594,47.70785691570937],[8.812853820731267,47.70768976413033],[8.812753136526887,47.70764483045551],[8.812633867303136,47.70757439195777]]}},{"type":"Feature","properties":{"nr":"H329","achse":"Schaffhausen - Ramsen","strasse":"Hauptstrasse","gemeinde":"Ramsen","fkt":"VO","fkt_text":"verkehrsorientiert","tempo":50,"dtv":3989,"laerm_tag_db":76.5,"bus":true,"linien":["25"],"haltestellen":["Ramsen, Brücke"],"bus_anteil":1.0,"bus_text":"ja","laenge_m":111,"abschnitt":"Hauptstrasse","abschnitt_km":0.347,"unfaelle":2,"unf_fuss":0,"unf_velo":0,"fassaden_igw":10,"initiative":true,"gegenvorschlag":true,"vorlage":"initiative"},"geometry":{"type":"LineString","coordinates":[[8.809478888676518,47.70761384243446],[8.809219294761078,47.70755237709675],[8.809045188816263,47.70752033179056],[8.808874022081628,47.70749835246024],[8.80841949803748,47.70743788815797],[8.808248082222839,47.70740471262408],[8.808045464081665,47.70736200148513]]}},{"type":"Feature","properties":{"nr":"801","achse":"Buch - Murbach","strasse":"Dorfstrasse","gemeinde":"Buch (SH)","fkt":"SO","fkt_text":"siedlungsorientiert","tempo":50,"dtv":390,"laerm_tag_db":61.0,"bus":true,"linien":["25"],"haltestellen":["Buch SH, Brücke"],"bus_anteil":1.0,"bus_text":"ja","laenge_m":100,"abschnitt":"Dorfstrasse","abschnitt_km":0.823,"unfaelle":2,"unf_fuss":1,"unf_velo":1,"fassaden_igw":0,"initiative":true,"gegenvorschlag":false,"vorlage":"initiative"},"geometry":{"type":"LineString","coordinates":[[8.783890349853246,47.7172824702702],[8.783917795424095,47.71729935907802],[8.783998913424007,47.71735923191805],[8.784064531821086,47.71743015841159],[8.784150570203701,47.71754464259705],[8.784225717700249,47.717658524231375],[8.784302714414032,47.71775285741241],[8.784348229160289,47.717795261137624],[8.784392223269343,47.7178224098374],[8.784426555792484,47.71783703314146],[8.78452360268624,47.717873839274056],[8.784697569460858,47.71794057872543],[8.784726444733295,47.71795234192995]]}},{"type":"Feature","properties":{"nr":"801","achse":"Buch - Murbach","strasse":"Dorfstrasse","gemeinde":"Buch (SH)","fkt":"SO","fkt_text":"siedlungsorientiert","tempo":50,"dtv":390,"laerm_tag_db":61.1,"bus":true,"linien":["25"],"haltestellen":[],"bus_anteil":1.0,"bus_text":"ja","laenge_m":75,"abschnitt":"Dorfstrasse","abschnitt_km":0.823,"unfaelle":2,"unf_fuss":1,"unf_velo":1,"fassaden_igw":0,"initiative":true,"gegenvorschlag":false,"vorlage":"initiative"},"geometry":{"type":"LineString","coordinates":[[8.783289434256774,47.71678669480357],[8.783315815315474,47.71678477962867],[8.783379251943519,47.71679191596133],[8.78341373601994,47.716811493761305],[8.783435512984605,47.71684030297402],[8.783448389908399,47.71688602581504],[8.783469574876156,47.71693560111233],[8.783522859919312,47.71700533941124],[8.783581980003376,47.717074965202315],[8.783647881142185,47.71713502333539],[8.783725233837806,47.71718468623222],[8.783776302121076,47.71721331834446],[8.783833360361289,47.71724741271911],[8.783890349853246,47.7172824702702]]}},{"type":"Feature","properties":{"nr":"801","achse":"Buch - Murbach","strasse":"Dorfstrasse","gemeinde":"Buch (SH)","fkt":"SO","fkt_text":"siedlungsorientiert","tempo":50,"dtv":390,"laerm_tag_db":61.0,"bus":true,"linien":["25"],"haltestellen":["Buch SH, Dorf"],"bus_anteil":1.0,"bus_text":"ja","laenge_m":147,"abschnitt":"Dorfstrasse","abschnitt_km":0.823,"unfaelle":2,"unf_fuss":1,"unf_velo":1,"fassaden_igw":0,"initiative":true,"gegenvorschlag":false,"vorlage":"initiative"},"geometry":{"type":"LineString","coordinates":[[8.781749964675747,47.71745008827945],[8.781820774608805,47.71733648848811],[8.781921580794581,47.71720797098613],[8.78200592132525,47.71712075738584],[8.782078253276271,47.717059820429284],[8.782138275764822,47.71702432713433],[8.782234372341703,47.716981275247875],[8.782362033299249,47.716936257402],[8.782484360169175,47.71691108891286],[8.78278408676745,47.71687339957925],[8.782896809952403,47.71685425106685],[8.783068421123678,47.716819526542565],[8.783224619338698,47.71679141109048],[8.783289434256774,47.71678669480357]]}},{"type":"Feature","properties":{"nr":"801","achse":"Buch - Murbach","strasse":"Dorfstrasse","gemeinde":"Buch (SH)","fkt":"SO","fkt_text":"siedlungsorientiert","tempo":50,"dtv":390,"laerm_tag_db":61.1,"bus":true,"linien":["25"],"haltestellen":[],"bus_anteil":1.0,"bus_text":"ja","laenge_m":247,"abschnitt":"Dorfstrasse","abschnitt_km":0.823,"unfaelle":2,"unf_fuss":1,"unf_velo":1,"fassaden_igw":0,"initiative":true,"gegenvorschlag":false,"vorlage":"initiative"},"geometry":{"type":"LineString","coordinates":[[8.778763459348735,47.716930686074],[8.778870413082409,47.71692944402053],[8.7789818113382,47.71693529222612],[8.779075707740553,47.71694527272331],[8.779179038425875,47.71695832838933],[8.779447205124074,47.71700742146106],[8.779777578162477,47.71706137281989],[8.780313037125046,47.71716281270094],[8.780542159832121,47.7172021361802],[8.780702486941147,47.717234275389565],[8.780795620603362,47.71725934703083],[8.780865403641375,47.717287062756654],[8.780921081997555,47.71731253978525],[8.780985236018624,47.71734900909204],[8.781049530354196,47.71739100834017],[8.781131460095967,47.71743518742171],[8.781207533750276,47.71748021659898],[8.781280954210619,47.71751259417431],[8.781349477352796,47.71753633062197],[8.781422583823732,47.71755684803482],[8.78147802187582,47.71757282941945],[8.781528916901149,47.717573122943456],[8.78159069615438,47.717566913627365],[8.78162897807107,47.71755547113114],[8.781657479845462,47.717544141614624],[8.781690904253043,47.7175214311836],[8.781744316744415,47.71745914800297],[8.781749964675747,47.71745008827945]]}},{"type":"Feature","properties":{"nr":"801","achse":"Buch - Murbach","strasse":"Dorfstrasse","gemeinde":"Buch (SH)","fkt":"SO","fkt_text":"siedlungsorientiert","tempo":50,"dtv":390,"laerm_tag_db":61.2,"bus":true,"linien":["25"],"haltestellen":[],"bus_anteil":1.0,"bus_text":"ja","laenge_m":78,"abschnitt":"Dorfstrasse","abschnitt_km":0.823,"unfaelle":2,"unf_fuss":1,"unf_velo":1,"fassaden_igw":0,"initiative":true,"gegenvorschlag":false,"vorlage":"initiative"},"geometry":{"type":"LineString","coordinates":[[8.777783949617346,47.71714422361339],[8.777788092838929,47.71714309654828],[8.777928034637002,47.71710288010817],[8.778440546007126,47.716967606873936],[8.778490625271596,47.71695675799048],[8.778548951953534,47.71694896208291],[8.778632968114945,47.71693772195591],[8.778754545408045,47.7169307888375],[8.778763459348735,47.716930686074]]}},{"type":"Feature","properties":{"nr":"H329","achse":"Schaffhausen - Ramsen","strasse":"Rheinhaldenstrasse","gemeinde":"Schaffhausen","fkt":"VO","fkt_text":"verkehrsorientiert","tempo":50,"dtv":2796,"laerm_tag_db":74.0,"bus":true,"linien":["8","25"],"haltestellen":["Schaffhausen, Lindli","Schaffhausen, Rheinbühl","Schaffhausen, Rheinhalde Mitte","Schaffhausen,Rheinhalde Grenze"],"bus_anteil":1.0,"bus_text":"ja","laenge_m":1148,"abschnitt":"Rheinhaldenstrasse","abschnitt_km":1.861,"unfaelle":16,"unf_fuss":3,"unf_velo":7,"fassaden_igw":34,"initiative":true,"gegenvorschlag":true,"vorlage":"initiative"},"geometry":{"type":"LineString","coordinates":[[8.651777036200897,47.69242719120473],[8.65187373844889,47.692357995659535],[8.651946509727368,47.69230486192063],[8.65200877585277,47.69225139710778],[8.652098796392483,47.69217084834831],[8.652158754675828,47.692114349480526],[8.652317138220656,47.69198193587741],[8.652465391323172,47.691858010574734],[8.65273537766722,47.69162491731607],[8.652877805541063,47.69150323793387],[8.653099452413528,47.691316367036336],[8.65330209831885,47.69114271809608],[8.653426577214734,47.69102731477669],[8.65385939168884,47.69065998490117],[8.654099714487765,47.6904554046781],[8.65435790604132,47.69023835970608],[8.65451175232489,47.69012116380452],[8.654658810053823,47.69000480324952],[8.654780190629216,47.68990554863758],[8.654854974040726,47.689852715694855],[8.65499997241721,47.68974709748101],[8.655167430423177,47.689632825233105],[8.655363052466475,47.689510621624066],[8.65553069362438,47.68940554811337],[8.655695355530556,47.689318098477635],[8.656079611238141,47.689111250679375],[8.656315329323213,47.68900083059201],[8.656414124300905,47.68895539914015],[8.656591380311566,47.6888747058571],[8.656849558724707,47.68877023732254],[8.657029275156265,47.688701012323435],[8.657263130170119,47.68861515534966],[8.657457782651456,47.68854960461065],[8.657618809427799,47.68850125271975],[8.657786557239145,47.68844976300955],[8.65822030777565,47.68832665657919],[8.658365546413917,47.68828227395897],[8.658902840979504,47.68812818971548],[8.65906163192323,47.688080614795005],[8.65919102992696,47.68803791755179],[8.659331593663461,47.68798669313981],[8.65950923465376,47.687921299627696],[8.659622647272322,47.68787340023288],[8.659632707178543,47.68786716936622],[8.65986399364977,47.687766727211994],[8.660086122290403,47.687662567251934],[8.660246476607368,47.687583538985756],[8.66043154418824,47.68749430286664],[8.660537049168466,47.68744725921972],[8.660650433581191,47.687397065528515],[8.660802963662976,47.68732423491921],[8.660986804167646,47.68723269924525],[8.661131396313479,47.68715995170012],[8.661358953414085,47.68704650390286],[8.661542845133285,47.686957269334286],[8.661659530086085,47.6869047283386],[8.661781870216196,47.68685136316803],[8.661896498679601,47.68680727128844],[8.661975187186727,47.68677810158566],[8.66210893896194,47.68672921202398],[8.662252966564083,47.6866817431269],[8.66245107944028,47.68662067154763],[8.66259080886691,47.686583213245676],[8.662769028172844,47.68654149067408],[8.662814169005157,47.686531058310756],[8.662918007126889,47.68650773913427],[8.663019718460324,47.686489802914345],[8.663111220193285,47.68647274771736],[8.66318239990989,47.68646050275069],[8.663333962890311,47.686436563266895],[8.663470973327453,47.68641981958143],[8.663753934045461,47.68639506992016]]}},{"type":"Feature","properties":{"nr":"H329","achse":"Schaffhausen - Ramsen","strasse":"Rheinhaldenstrasse","gemeinde":"Schaffhausen","fkt":"VO","fkt_text":"verkehrsorientiert","tempo":50,"dtv":4648,"laerm_tag_db":76.9,"bus":true,"linien":["8","25"],"haltestellen":["Schaffhausen, Lindli"],"bus_anteil":1.0,"bus_text":"ja","laenge_m":317,"abschnitt":"Rheinhaldenstrasse","abschnitt_km":1.861,"unfaelle":16,"unf_fuss":3,"unf_velo":7,"fassaden_igw":34,"initiative":true,"gegenvorschlag":true,"vorlage":"initiative"},"geometry":{"type":"LineString","coordinates":[[8.648146701009889,47.693871691272555],[8.648809349149104,47.693650044115806],[8.649073783524143,47.69355999116735],[8.649528332604708,47.693402864850285],[8.64978686376795,47.693302942037825],[8.650062210452365,47.693199713312566],[8.650372311820247,47.69308305277169],[8.650639552690539,47.69297907069931],[8.65089893688125,47.69286770467917],[8.651025609056456,47.69280814492388],[8.651176952974785,47.69273986393244],[8.651395405167316,47.69263407762355],[8.65150682569434,47.692578130320236],[8.651650050270087,47.69250147878071],[8.651777036200897,47.69242719120473]]}},{"type":"Feature","properties":{"nr":"H329","achse":"Schaffhausen - Ramsen","strasse":"Rheinhaldenstrasse","gemeinde":"Schaffhausen","fkt":"VO","fkt_text":"verkehrsorientiert","tempo":30,"dtv":4648,"laerm_tag_db":72.6,"bus":true,"linien":["8","25"],"haltestellen":["Schaffhausen, Rosentalgässchen"],"bus_anteil":1.0,"bus_text":"ja","laenge_m":129,"abschnitt":"Rheinhaldenstrasse","abschnitt_km":1.861,"unfaelle":16,"unf_fuss":3,"unf_velo":7,"fassaden_igw":34,"initiative":true,"gegenvorschlag":true,"vorlage":"initiative"},"geometry":{"type":"LineString","coordinates":[[8.645899307416189,47.694729201958175],[8.646020838813765,47.69468739300615],[8.646118585915074,47.69464657759279],[8.646247783462258,47.69459394055043],[8.646365458474492,47.6945337689644],[8.646460756682432,47.69448607108257],[8.646556111326245,47.69444143959019],[8.646656104149189,47.69439982685792],[8.646688691935129,47.694386473330354],[8.646825725478019,47.694329913597905],[8.647003244283393,47.69425990896718],[8.647295407385727,47.694143560282804],[8.64735444106206,47.69412328470354]]}},{"type":"Feature","properties":{"nr":"H329","achse":"Schaffhausen - Ramsen","strasse":"Rheinhaldenstrasse","gemeinde":"Schaffhausen","fkt":"VO","fkt_text":"verkehrsorientiert","tempo":30,"dtv":4648,"laerm_tag_db":73.0,"bus":true,"linien":["6","8","25","N3"],"haltestellen":[],"bus_anteil":1.0,"bus_text":"ja","laenge_m":186,"abschnitt":"Rheinhaldenstrasse","abschnitt_km":1.861,"unfaelle":16,"unf_fuss":3,"unf_velo":7,"fassaden_igw":34,"initiative":true,"gegenvorschlag":true,"vorlage":"initiative"},"geometry":{"type":"LineString","coordinates":[[8.643809801678396,47.695532657025375],[8.643849219591004,47.69545172231411],[8.643881009874919,47.69539857811488],[8.64392095561696,47.695356070517384],[8.643970076241745,47.69531806382565],[8.644013735822854,47.695290061446926],[8.644073250370333,47.69526036555659],[8.644155357863076,47.69523118178802],[8.64427362364351,47.695198555774134],[8.644531521103847,47.69512616505183],[8.644832438885459,47.69504046537311],[8.645190953797623,47.69494274413807],[8.64532831692595,47.69489993507639],[8.645552372812976,47.694831626089],[8.645899307416189,47.694729201958175]]}},{"type":"Feature","properties":{"nr":"H329","achse":"Schaffhausen - Ramsen","strasse":"Fischerhäuserstrasse","gemeinde":"Schaffhausen","fkt":"VO","fkt_text":"verkehrsorientiert","tempo":30,"dtv":8892,"laerm_tag_db":76.0,"bus":true,"linien":["6","8","25","N3"],"haltestellen":["Schaffhausen, Schifflände"],"bus_anteil":1.0,"bus_text":"ja","laenge_m":194,"abschnitt":"Fischerhäuserstrasse","abschnitt_km":0.357,"unfaelle":23,"unf_fuss":4,"unf_velo":8,"fassaden_igw":10,"initiative":true,"gegenvorschlag":true,"vorlage":"initiative"},"geometry":{"type":"LineString","coordinates":[[8.641175549102895,47.69577617810583],[8.641207086199787,47.69578334399566],[8.641288904836951,47.695792382003255],[8.641376323671603,47.695797521431814],[8.641496387777853,47.695792330239875],[8.641589213633948,47.695784479754366],[8.641696728657644,47.695773455044],[8.641729575732745,47.69577083943341],[8.641838270887101,47.69576133140281],[8.642085415622624,47.69575428411016],[8.642232765469123,47.695749744989634],[8.64282846014201,47.69573132352754],[8.643084561989605,47.69572330884275],[8.643340695663438,47.69571201034599],[8.643483421628272,47.69570275059589],[8.643593566815387,47.69570078108909],[8.643684298041906,47.695702772410186],[8.6437533439658,47.69570609484297]]}},{"type":"Feature","properties":{"nr":"H4","achse":"Bargen Schaffhausen","strasse":"Bachstrasse","gemeinde":"Schaffhausen","fkt":"VO","fkt_text":"verkehrsorientiert","tempo":50,"dtv":9738,"laerm_tag_db":79.9,"bus":true,"linien":["8","25","630","632","634","N69"],"haltestellen":["Schaffhausen, Bachstrasse"],"bus_anteil":1.0,"bus_text":"ja","laenge_m":61,"abschnitt":"Bachstrasse","abschnitt_km":0.912,"unfaelle":75,"unf_fuss":5,"unf_velo":24,"fassaden_igw":146,"initiative":true,"gegenvorschlag":true,"vorlage":"initiative"},"geometry":{"type":"LineString","coordinates":[[8.638054212781759,47.69593779166895],[8.638038692237602,47.696024872595125],[8.63803372359069,47.69604843492795],[8.638007398820795,47.696140241420686],[8.637964812334932,47.69628170226142],[8.637909740511724,47.696479569131036]]}},{"type":"Feature","properties":{"nr":"721","achse":"Schaffhausen - Hemmental","strasse":"Grabenstrasse","gemeinde":"Schaffhausen","fkt":"SO","fkt_text":"siedlungsorientiert","tempo":50,"dtv":14971,"laerm_tag_db":82.0,"bus":true,"linien":["1","6","21","25","630","632","634","N3","N4","N69","N77"],"haltestellen":[],"bus_anteil":1.0,"bus_text":"ja","laenge_m":140,"abschnitt":"Grabenstrasse","abschnitt_km":0.38,"unfaelle":13,"unf_fuss":1,"unf_velo":5,"fassaden_igw":102,"initiative":true,"gegenvorschlag":false,"vorlage":"initiative"},"geometry":{"type":"LineString","coordinates":[[8.63160026062686,47.69529986500008],[8.631600212270612,47.69529830948724],[8.63160762498504,47.6951565915758],[8.631619621928696,47.69497530575395],[8.631630953729681,47.69488279124181],[8.631653101713486,47.69473402341937],[8.631721453910055,47.69431391859063],[8.63173973685871,47.69419171451825],[8.631766359455478,47.69404349430759]]}},{"type":"Feature","properties":{"nr":"721","achse":"Schaffhausen - Hemmental","strasse":"Nordstrasse","gemeinde":"Schaffhausen","fkt":"SO","fkt_text":"siedlungsorientiert","tempo":50,"dtv":5443,"laerm_tag_db":77.9,"bus":true,"linien":["3","4","7","22","N1","N4"],"haltestellen":["Schaffhausen, Schützenhaus"],"bus_anteil":1.0,"bus_text":"ja","laenge_m":225,"abschnitt":"Nordstrasse","abschnitt_km":1.026,"unfaelle":37,"unf_fuss":6,"unf_velo":16,"fassaden_igw":111,"initiative":true,"gegenvorschlag":false,"vorlage":"initiative"},"geometry":{"type":"LineString","coordinates":[[8.627502374576782,47.702052904563146],[8.62748961080411,47.7020179126112],[8.627479733675445,47.70199280278462],[8.627467172387398,47.70196682998282],[8.627440933127106,47.701925679892646],[8.627391677591032,47.70186764917021],[8.627165081673953,47.70162324555618],[8.626788405337303,47.70122192429679],[8.626696782921243,47.70112118999884],[8.626599846880614,47.701022335772876],[8.626554631813185,47.700969722898215],[8.626496776182767,47.700889348050865],[8.626463576352588,47.700836603341834],[8.626428801886394,47.700774835500354],[8.626391187954258,47.700704084433575],[8.626365264216627,47.700630002940336],[8.626360806626792,47.70059996274648],[8.62635432811625,47.70055050664186],[8.626341377809016,47.7004507039299],[8.626340362063159,47.70040659753709],[8.626339012983559,47.70037911591561],[8.62633848817054,47.700361654454106],[8.62631981801619,47.70023017848659]]}},{"type":"Feature","properties":{"nr":"76","achse":"Zentrum Schaffhausen - Schweizersbild","strasse":"Hochstrasse","gemeinde":"Schaffhausen","fkt":"VO","fkt_text":"verkehrsorientiert","tempo":50,"dtv":7066,"laerm_tag_db":78.1,"bus":true,"linien":["3","24","N2"],"haltestellen":["Schaffhausen, Cilag","Schaffhausen, Gemsstübli"],"bus_anteil":1.0,"bus_text":"ja","laenge_m":463,"abschnitt":"Hochstrasse","abschnitt_km":1.821,"unfaelle":70,"unf_fuss":11,"unf_velo":21,"fassaden_igw":174,"initiative":true,"gegenvorschlag":true,"vorlage":"initiative"},"geometry":{"type":"LineString","coordinates":[[8.639185563093044,47.70926037795862],[8.63919562604229,47.70927221836988],[8.639275823952255,47.70937578611832],[8.63935980351539,47.709488614785606],[8.639481437323505,47.70965821276025],[8.63956087911836,47.70978597361386],[8.639641483458746,47.709917383052],[8.639663934647967,47.70995660878572],[8.639784304266866,47.71015909341562],[8.639840674423068,47.71025488412149],[8.639952000344943,47.710434023051846],[8.640041639505947,47.710574728804175],[8.64013419252582,47.71070229077648],[8.64024588332196,47.71086394984969],[8.640450262978893,47.711151424239695],[8.640505023762689,47.71122963853206],[8.64060662648555,47.71136654149723],[8.640857086889582,47.711716552237654],[8.641139622412,47.71210916907026],[8.641430097063457,47.712511416815694],[8.641566494258228,47.71270786944389],[8.64160211031348,47.7127527598296],[8.641629877091587,47.71278533738939],[8.641655352476064,47.7128120834142],[8.641695347446982,47.712876077162186],[8.641782775638639,47.7129466584327],[8.641870805167013,47.712995602299486]]}},{"type":"Feature","properties":{"nr":"76","achse":"Zentrum Schaffhausen - Schweizersbild","strasse":"Gemsgasse","gemeinde":"Schaffhausen","fkt":"VO","fkt_text":"verkehrsorientiert","tempo":50,"dtv":2193,"laerm_tag_db":74.5,"bus":true,"linien":["6","N2"],"haltestellen":["Schaffhausen, Spiegelgutstr."],"bus_anteil":1.0,"bus_text":"ja","laenge_m":126,"abschnitt":"Gemsgasse","abschnitt_km":1.1,"unfaelle":25,"unf_fuss":3,"unf_velo":8,"fassaden_igw":25,"initiative":true,"gegenvorschlag":true,"vorlage":"initiative"},"geometry":{"type":"LineString","coordinates":[[8.642345672996159,47.717047304047426],[8.642342452055866,47.71709439511432],[8.642341099413633,47.717128695055315],[8.642340583177662,47.71717574912211],[8.642342115141783,47.71723785627972],[8.642344605987814,47.7173245526752],[8.642359415508526,47.717450687054246],[8.642379356078555,47.717565084819086],[8.642391576096427,47.7176330084854],[8.642436436413371,47.717793549334566],[8.642456336169436,47.71785514249305],[8.642498381983852,47.71800267084801],[8.642528547906723,47.718108373213084],[8.642543281788718,47.718164920128835]]}},{"type":"Feature","properties":{"nr":"H329","achse":"Schaffhausen - Ramsen","strasse":"Rheinhaldenstrasse","gemeinde":"Schaffhausen","fkt":"VO","fkt_text":"verkehrsorientiert","tempo":50,"dtv":4648,"laerm_tag_db":76.3,"bus":true,"linien":["8","25"],"haltestellen":["Schaffhausen, Rosentalgässchen"],"bus_anteil":1.0,"bus_text":"ja","laenge_m":66,"abschnitt":"Rheinhaldenstrasse","abschnitt_km":1.861,"unfaelle":16,"unf_fuss":3,"unf_velo":7,"fassaden_igw":34,"initiative":true,"gegenvorschlag":true,"vorlage":"initiative"},"geometry":{"type":"LineString","coordinates":[[8.64735444106206,47.69412328470354],[8.647403428463099,47.69410645048272],[8.64763195366878,47.694032847229096],[8.648076801519963,47.69389507545723],[8.648146701009889,47.693871691272555]]}},{"type":"Feature","properties":{"nr":"H329","achse":"Schaffhausen - Ramsen","strasse":"Hauptstrasse","gemeinde":"Ramsen","fkt":"VO","fkt_text":"verkehrsorientiert","tempo":50,"dtv":4198,"laerm_tag_db":76.7,"bus":true,"linien":["25"],"haltestellen":[],"bus_anteil":1.0,"bus_text":"ja","laenge_m":76,"abschnitt":"Hauptstrasse","abschnitt_km":0.347,"unfaelle":2,"unf_fuss":0,"unf_velo":0,"fassaden_igw":10,"initiative":true,"gegenvorschlag":true,"vorlage":"initiative"},"geometry":{"type":"LineString","coordinates":[[8.810088872964556,47.70718595252631],[8.810041150272477,47.707212590890855],[8.810005984002283,47.7072527438116],[8.809966947795187,47.70731841497632],[8.809879354216138,47.70743253707789],[8.809818105898803,47.707514768391654],[8.809761500691529,47.70759877078679],[8.80973170397077,47.70762295788693],[8.809701584279725,47.707634673336806],[8.809670818080233,47.70764200706099],[8.809633337958541,47.70764171164047],[8.80958264509661,47.70763497905348],[8.809478888676518,47.70761384243446]]}},{"type":"Feature","properties":{"nr":"H4","achse":"Bargen Schaffhausen","strasse":"Schweizersbildstrasse","gemeinde":"Schaffhausen","fkt":"VO","fkt_text":"verkehrsorientiert","tempo":50,"dtv":8251,"laerm_tag_db":79.4,"bus":true,"linien":["10"],"haltestellen":["Schaffhausen, Buchbrunnen"],"bus_anteil":1.0,"bus_text":"ja","laenge_m":123,"abschnitt":"Schweizersbildstrasse","abschnitt_km":1.775,"unfaelle":20,"unf_fuss":2,"unf_velo":7,"fassaden_igw":34,"initiative":true,"gegenvorschlag":true,"vorlage":"initiative"},"geometry":{"type":"LineString","coordinates":[[8.639620075964817,47.72381392553862],[8.63941934564404,47.723902612706944],[8.639244817668029,47.72398294319064],[8.638940841048663,47.72412127314054],[8.638618278448103,47.724286524787765],[8.638282432021708,47.72445741700104],[8.638281996931955,47.72445762835618]]}},{"type":"Feature","properties":{"nr":"H4-15","achse":"Schaffhausen, Schlagbaumstrasse","strasse":"Schlagbaumstrasse","gemeinde":"Schaffhausen","fkt":"VO","fkt_text":"verkehrsorientiert","tempo":50,"dtv":7500,"laerm_tag_db":77.5,"bus":true,"linien":["1","4","5","N3","N76"],"haltestellen":[],"bus_anteil":0.35,"bus_text":"teilweise","laenge_m":27,"abschnitt":"Schlagbaumstrasse","abschnitt_km":0.144,"unfaelle":3,"unf_fuss":1,"unf_velo":0,"fassaden_igw":0,"initiative":true,"gegenvorschlag":true,"vorlage":"initiative"},"geometry":{"type":"LineString","coordinates":[[8.635950282304558,47.70013512261696],[8.635803073728294,47.70021071584133],[8.635669841233671,47.70027995279691]]}},{"type":"Feature","properties":{"nr":"H4-05","achse":"Schaffhausen, äussere Bahnhofstrasse zwischen Adler- und Schlagbaumstr.","strasse":"Schlagbaumstrasse","gemeinde":"Schaffhausen","fkt":"VO","fkt_text":"verkehrsorientiert","tempo":50,"dtv":16950,"laerm_tag_db":81.0,"bus":true,"linien":["1","3","4","5","6","8","24","25","630","632","634","N2","N3","N69","N76"],"haltestellen":[],"bus_anteil":0.4,"bus_text":"teilweise","laenge_m":28,"abschnitt":"Schlagbaumstrasse","abschnitt_km":0.144,"unfaelle":3,"unf_fuss":1,"unf_velo":0,"fassaden_igw":0,"initiative":true,"gegenvorschlag":true,"vorlage":"initiative"},"geometry":{"type":"LineString","coordinates":[[8.634808698862459,47.70005264624126],[8.634728038994474,47.69996073527247],[8.63465992516229,47.69989447398342],[8.634601648105422,47.69984667558417]]}},{"type":"Feature","properties":{"nr":"76","achse":"Zentrum Schaffhausen - Schweizersbild","strasse":"Adlerunterführung","gemeinde":"Schaffhausen","fkt":"VO","fkt_text":"verkehrsorientiert","tempo":50,"dtv":15998,"laerm_tag_db":81.9,"bus":true,"linien":["3","6","7","21","23","24","N2","N77"],"haltestellen":["Schaffhausen, Durach"],"bus_anteil":1.0,"bus_text":"ja","laenge_m":16,"abschnitt":"Adlerunterführung","abschnitt_km":0.078,"unfaelle":12,"unf_fuss":2,"unf_velo":3,"fassaden_igw":3,"initiative":true,"gegenvorschlag":true,"vorlage":"initiative"},"geometry":{"type":"LineString","coordinates":[[8.633813518674296,47.69991429828244],[8.633738068382849,47.6999373529581],[8.633680661821076,47.69995762270617],[8.633618876031143,47.699974537623206]]}},{"type":"Feature","properties":{"nr":"H4","achse":"Bargen Schaffhausen","strasse":"Bachstrasse","gemeinde":"Schaffhausen","fkt":"VO","fkt_text":"verkehrsorientiert","tempo":50,"dtv":9738,"laerm_tag_db":77.9,"bus":true,"linien":["1","4","5","8","25","630","632","634","N3","N69","N76"],"haltestellen":[],"bus_anteil":1.0,"bus_text":"ja","laenge_m":137,"abschnitt":"Bachstrasse","abschnitt_km":0.912,"unfaelle":75,"unf_fuss":5,"unf_velo":24,"fassaden_igw":146,"initiative":true,"gegenvorschlag":true,"vorlage":"initiative"},"geometry":{"type":"LineString","coordinates":[[8.636121035249877,47.698937638736815],[8.636090091861957,47.69898271304506],[8.636023134015682,47.699111400348],[8.635967268313513,47.69924218591533],[8.635924410801813,47.69934430762406],[8.635886133335218,47.69945926191645],[8.635853560739374,47.699603802517345],[8.635847113502885,47.69968696694311],[8.63585090509655,47.69979104548654],[8.635878890528073,47.6999398461102],[8.635906925031549,47.70002656781016],[8.635950282304558,47.70013512261696]]}},{"type":"Feature","properties":{"nr":"H4","achse":"Bargen Schaffhausen","strasse":"Bachstrasse","gemeinde":"Schaffhausen","fkt":"VO","fkt_text":"verkehrsorientiert","tempo":50,"dtv":18000,"laerm_tag_db":82.7,"bus":true,"linien":["1","4","5","N3","N76"],"haltestellen":["Schaffhausen, Feuerwehrzentrum"],"bus_anteil":1.0,"bus_text":"ja","laenge_m":32,"abschnitt":"Bachstrasse","abschnitt_km":0.912,"unfaelle":75,"unf_fuss":5,"unf_velo":24,"fassaden_igw":146,"initiative":true,"gegenvorschlag":true,"vorlage":"initiative"},"geometry":{"type":"LineString","coordinates":[[8.636507188484007,47.701051529654265],[8.636535462580774,47.70115466323554],[8.636552914075077,47.70122287571517],[8.636597495500908,47.7013312557371]]}},{"type":"Feature","properties":{"nr":"H4","achse":"Bargen Schaffhausen","strasse":"Kronenackerbrücke","gemeinde":"Schaffhausen","fkt":"VO","fkt_text":"verkehrsorientiert","tempo":50,"dtv":4474,"laerm_tag_db":77.2,"bus":true,"linien":["5","6","10","24","N76"],"haltestellen":["Schaffhausen, Falkeneck"],"bus_anteil":1.0,"bus_text":"ja","laenge_m":21,"abschnitt":"","abschnitt_km":null,"unfaelle":null,"unf_fuss":null,"unf_velo":null,"fassaden_igw":null,"initiative":true,"gegenvorschlag":true,"vorlage":"initiative"},"geometry":{"type":"LineString","coordinates":[[8.653410022560486,47.71705221847856],[8.653506476133256,47.71722936831136]]}},{"type":"Feature","properties":{"nr":"H4","achse":"Bargen Schaffhausen","strasse":"St. Peter-Brücke","gemeinde":"Schaffhausen","fkt":"VO","fkt_text":"verkehrsorientiert","tempo":50,"dtv":7328,"laerm_tag_db":78.9,"bus":true,"linien":["3","6","10","N2"],"haltestellen":["Schaffhausen, St. Peter"],"bus_anteil":1.0,"bus_text":"ja","laenge_m":91,"abschnitt":"St. Peter-Brücke","abschnitt_km":0.092,"unfaelle":0,"unf_fuss":0,"unf_velo":0,"fassaden_igw":4,"initiative":true,"gegenvorschlag":true,"vorlage":"initiative"},"geometry":{"type":"LineString","coordinates":[[8.649988716011128,47.717598852854096],[8.650230372488334,47.71801964774502],[8.650296053968878,47.71814139257217],[8.650369181035167,47.71831008154651],[8.65039777889399,47.71837336362592]]}},{"type":"Feature","properties":{"nr":"H352","achse":"Kaltenbach - Stein am Rhein","strasse":"Rhigass","gemeinde":"Stein am Rhein","fkt":"VO","fkt_text":"verkehrsorientiert","tempo":40,"dtv":5829,"laerm_tag_db":75.1,"bus":true,"linien":["33"],"haltestellen":[],"bus_anteil":1.0,"bus_text":"ja","laenge_m":113,"abschnitt":"Rhigass","abschnitt_km":0.452,"unfaelle":19,"unf_fuss":3,"unf_velo":13,"fassaden_igw":14,"initiative":true,"gegenvorschlag":true,"vorlage":"initiative"},"geometry":{"type":"LineString","coordinates":[[8.858630069065663,47.65774068335566],[8.85870210998947,47.657847569412915],[8.858951600564598,47.65823239306378],[8.859100027100418,47.65846360652547],[8.859234361277931,47.65866771087931]]}},{"type":"Feature","properties":{"nr":"721","achse":"Schaffhausen - Hemmental","strasse":"Grabenstrasse","gemeinde":"Schaffhausen","fkt":"SO","fkt_text":"siedlungsorientiert","tempo":50,"dtv":14971,"laerm_tag_db":82.6,"bus":true,"linien":["1","3","4","6","7","21","22","23","25","630","632","634","N1","N3","N4","N69","N77"],"haltestellen":[],"bus_anteil":1.0,"bus_text":"ja","laenge_m":29,"abschnitt":"Grabenstrasse","abschnitt_km":0.38,"unfaelle":13,"unf_fuss":1,"unf_velo":5,"fassaden_igw":102,"initiative":true,"gegenvorschlag":false,"vorlage":"initiative"},"geometry":{"type":"LineString","coordinates":[[8.631286228254842,47.696583845406515],[8.631364025965897,47.69654510014749],[8.631413774256055,47.696520323014695],[8.631468665480847,47.69649319953279],[8.63149920773995,47.6964793046881],[8.631541606203966,47.6964553134885],[8.631572460963302,47.696430451402456],[8.631585018458034,47.6964177754913]]}},{"type":"Feature","properties":{"nr":"731","achse":"Herblingen - Lohn","strasse":"Schlossstrasse","gemeinde":"Stetten (SH)","fkt":"SO","fkt_text":"siedlungsorientiert","tempo":30,"dtv":966,"laerm_tag_db":64.9,"bus":true,"linien":["24"],"haltestellen":["Stetten SH, Sonne"],"bus_anteil":1.0,"bus_text":"ja","laenge_m":156,"abschnitt":"Schlossstrasse","abschnitt_km":1.027,"unfaelle":4,"unf_fuss":0,"unf_velo":0,"fassaden_igw":0,"initiative":true,"gegenvorschlag":false,"vorlage":"initiative"},"geometry":{"type":"LineString","coordinates":[[8.663214613730839,47.74174675063852],[8.663202240346157,47.741514561825724],[8.663186317865618,47.74135545191879],[8.663174762230836,47.741260010646066],[8.663173966357755,47.741250970901596],[8.663167612533877,47.741177492559146],[8.663153046417744,47.74107814353151],[8.663130899390577,47.74092892074722],[8.663121436053338,47.74087318463203],[8.663111926754762,47.74081546128942],[8.663109762047252,47.740772617910714],[8.663109902930204,47.74075335093565],[8.663109716713963,47.74072109983608],[8.663116596520414,47.74066518266122],[8.663139942502744,47.740541797811375],[8.663158704099402,47.740470384511994],[8.663163682914632,47.740433734848544],[8.66315830730874,47.74040310336482],[8.663150735361011,47.74037839517469],[8.663136281939297,47.74035478476837]]}},{"type":"Feature","properties":{"nr":"732","achse":"Schweizersbild - Stetten","strasse":"Dorfstrasse","gemeinde":"Stetten (SH)","fkt":"SO","fkt_text":"siedlungsorientiert","tempo":50,"dtv":663,"laerm_tag_db":64.0,"bus":true,"linien":["24"],"haltestellen":["Stetten SH, Rietwis"],"bus_anteil":0.38,"bus_text":"teilweise","laenge_m":143,"abschnitt":"Dorfstrasse","abschnitt_km":0.924,"unfaelle":3,"unf_fuss":0,"unf_velo":1,"fassaden_igw":0,"initiative":true,"gegenvorschlag":false,"vorlage":"initiative"},"geometry":{"type":"LineString","coordinates":[[8.657591718004513,47.73734084747542],[8.65721542562628,47.73699822772343],[8.656761049104563,47.73658730448674],[8.656610240619072,47.73644182937932],[8.656498468287804,47.736347796662784],[8.656456076296944,47.73630846592267]]}},{"type":"Feature","properties":{"nr":"731","achse":"Herblingen - Lohn","strasse":"Schlossstrasse","gemeinde":"Stetten (SH)","fkt":"SO","fkt_text":"siedlungsorientiert","tempo":50,"dtv":1530,"laerm_tag_db":72.2,"bus":true,"linien":["24"],"haltestellen":[],"bus_anteil":1.0,"bus_text":"ja","laenge_m":92,"abschnitt":"Schlossstrasse","abschnitt_km":1.027,"unfaelle":4,"unf_fuss":0,"unf_velo":0,"fassaden_igw":0,"initiative":true,"gegenvorschlag":false,"vorlage":"initiative"},"geometry":{"type":"LineString","coordinates":[[8.662750199198134,47.73859994105313],[8.662829068597928,47.73878681918662],[8.662882106025936,47.73891638851974],[8.66291555294394,47.739010628094924],[8.662987235233354,47.73917496142894],[8.663010608502585,47.73921990206277],[8.66305427054248,47.739291143899514],[8.663080240272853,47.739333044137936],[8.66309332949864,47.739358215916944],[8.663114136556374,47.739390780591144]]}},{"type":"Feature","properties":{"nr":"H14","achse":"Schaffhausen - Stühlingen","strasse":"Schaffhauserstrasse","gemeinde":"Neuhausen am Rheinfall","fkt":"VO","fkt_text":"verkehrsorientiert","tempo":50,"dtv":11568,"laerm_tag_db":80.3,"bus":true,"linien":["21","N77"],"haltestellen":[],"bus_anteil":1.0,"bus_text":"ja","laenge_m":63,"abschnitt":"Schaffhauserstrasse","abschnitt_km":1.233,"unfaelle":61,"unf_fuss":6,"unf_velo":11,"fassaden_igw":51,"initiative":true,"gegenvorschlag":true,"vorlage":"initiative"},"geometry":{"type":"LineString","coordinates":[[8.606615458339688,47.69294607175606],[8.60652897216352,47.69309280954972],[8.606470819309763,47.69317663565276],[8.606350322537015,47.69327807832173],[8.606308933818664,47.693304757384944],[8.606161892216937,47.693409497629865],[8.606156052147854,47.69341349578013]]}},{"type":"Feature","properties":{"nr":"H14","achse":"Schaffhausen - Stühlingen","strasse":"Schaffhauserstrasse","gemeinde":"Beringen","fkt":"VO","fkt_text":"verkehrsorientiert","tempo":50,"dtv":11568,"laerm_tag_db":79.7,"bus":true,"linien":["21","N77"],"haltestellen":["Beringen, Enge"],"bus_anteil":1.0,"bus_text":"ja","laenge_m":363,"abschnitt":"Schaffhauserstrasse","abschnitt_km":1.536,"unfaelle":40,"unf_fuss":4,"unf_velo":9,"fassaden_igw":129,"initiative":true,"gegenvorschlag":true,"vorlage":"initiative"},"geometry":{"type":"LineString","coordinates":[[8.606156052147854,47.69341349578013],[8.605666263661968,47.6937490886464],[8.605312118311014,47.69400447418691],[8.60518259641324,47.69410219262258],[8.605051815914889,47.6941766554607],[8.60494332224948,47.694223264192075],[8.604821316682544,47.69425944019372],[8.604706225820683,47.694281731543],[8.604562035763147,47.694295374467735],[8.60444165812804,47.694296582153655],[8.604406713058827,47.69429530476019],[8.604122295651964,47.69428352397815],[8.603792086746411,47.69426974620761],[8.6036703721227,47.69426528214676],[8.603473995285345,47.69425994740788],[8.60320051381364,47.69425292962548],[8.602986362059916,47.69426076884834],[8.60283849060738,47.69427119060431],[8.602688386987149,47.69428976531224],[8.602528881274932,47.694318192728126],[8.602352797588146,47.69436214807414],[8.601878327373907,47.694471636183856]]}},{"type":"Feature","properties":{"nr":"H14","achse":"Schaffhausen - Stühlingen","strasse":"Schaffhauserstrasse","gemeinde":"Beringen","fkt":"VO","fkt_text":"verkehrsorientiert","tempo":50,"dtv":11568,"laerm_tag_db":79.7,"bus":true,"linien":["21","28","N77"],"haltestellen":["Beringen, Sonne"],"bus_anteil":1.0,"bus_text":"ja","laenge_m":454,"abschnitt":"Schaffhauserstrasse","abschnitt_km":1.536,"unfaelle":40,"unf_fuss":4,"unf_velo":9,"fassaden_igw":129,"initiative":true,"gegenvorschlag":true,"vorlage":"initiative"},"geometry":{"type":"LineString","coordinates":[[8.576626164533652,47.69638665326706],[8.576298880928338,47.696370331209124],[8.576081092778397,47.696358881766876],[8.57592452226861,47.69636608938924],[8.575791915514756,47.69637934925012],[8.575668405434078,47.69639869895769],[8.575531635205618,47.69642964582433],[8.575435577641981,47.696463045448176],[8.575305593979333,47.69651722956463],[8.57519748036213,47.6965773786495],[8.575114951023474,47.696633427939766],[8.575055698403645,47.696675308593626],[8.574984733219791,47.69672951782553],[8.5748014515,47.696892080593265],[8.574643168624808,47.697025761254814],[8.574556412087851,47.697101566666994],[8.574345633628665,47.697300347110904],[8.57419988058193,47.69744438288558],[8.57411501553174,47.69753204176294],[8.574022419706328,47.697616439261054],[8.573882780912372,47.697760513806074],[8.573826570081991,47.69782072117375],[8.573771330577884,47.697884606632634],[8.573715920276934,47.69793866310703],[8.57366182082278,47.69796809871332],[8.573618774790111,47.69797929411063],[8.573570201039017,47.697987440485086],[8.57346211976888,47.69799647371369],[8.57332480256932,47.697999028670864],[8.573191095124663,47.6980009276294],[8.57298892335072,47.698002289473024],[8.572755687044085,47.69799701061289],[8.572609844669865,47.69799154417404],[8.572507732717298,47.697985057301835],[8.57248582155379,47.69798279767499],[8.572404858127408,47.69796845934572],[8.572306819962066,47.69794253214531],[8.572215719218887,47.697915179078606],[8.572183667461646,47.69790473467859],[8.572116724041413,47.697890592189644],[8.572019786907598,47.697870032520385],[8.571923905076236,47.69785146817871],[8.571857963929446,47.69783933046082],[8.571767125850208,47.6978261043143],[8.571748181256083,47.69782425633936]]}},{"type":"Feature","properties":{"nr":"H4","achse":"Bargen Schaffhausen","strasse":"Schaffhauserstrasse","gemeinde":"Neuhausen am Rheinfall","fkt":"VO","fkt_text":"verkehrsorientiert","tempo":50,"dtv":16766,"laerm_tag_db":82.4,"bus":true,"linien":["1","21","N4","N77"],"haltestellen":[],"bus_anteil":1.0,"bus_text":"ja","laenge_m":157,"abschnitt":"Schaffhauserstrasse","abschnitt_km":1.233,"unfaelle":61,"unf_fuss":6,"unf_velo":11,"fassaden_igw":51,"initiative":true,"gegenvorschlag":true,"vorlage":"initiative"},"geometry":{"type":"LineString","coordinates":[[8.622262870190026,47.690280655922244],[8.62219808580589,47.69049391348043],[8.62208594193627,47.69078219786249],[8.62193226277548,47.691041925518185],[8.621788193738372,47.69127393367392],[8.621737290750605,47.69137522375978],[8.621709591316922,47.691508036345134],[8.621710345510188,47.69163366062206]]}},{"type":"Feature","properties":{"nr":"H330","achse":"Stein am Rhein - Öhningen","strasse":"Oehningerstrasse","gemeinde":"Stein am Rhein","fkt":"VO","fkt_text":"verkehrsorientiert","tempo":20,"dtv":3448,"laerm_tag_db":70.7,"bus":true,"linien":[],"haltestellen":["Stein am Rhein, Grenzstein"],"bus_anteil":0.0,"bus_text":"ja","laenge_m":35,"abschnitt":"Oehningerstrasse","abschnitt_km":1.181,"unfaelle":16,"unf_fuss":1,"unf_velo":11,"fassaden_igw":15,"initiative":true,"gegenvorschlag":true,"vorlage":"initiative"},"geometry":{"type":"LineString","coordinates":[[8.87538890943043,47.660407537352036],[8.875504031696591,47.66041370447022],[8.875598777764408,47.66041083194981],[8.875658246795231,47.66040669591758],[8.875754277470062,47.660399642750555],[8.875858123009504,47.660398951084716]]}}]}