{"type":"FeatureCollection","features":[{"type":"Feature","properties":{"nr":"H331","achse":"Thayngen - Büsslingen","strasse":"Hauptstrasse","gemeinde":"Thayngen","fkt":"VO","fkt_text":"verkehrsorientiert","tempo":20,"dtv":1202,"laerm_tag_db":63.8,"bus":false,"linien":[],"haltestellen":[],"bus_anteil":0.0,"bus_text":"nein","laenge_m":67,"abschnitt":"Hauptstrasse","abschnitt_km":1.235,"unfaelle":1,"unf_fuss":0,"unf_velo":0,"fassaden_igw":0,"initiative":false,"gegenvorschlag":true,"vorlage":"gegenvorschlag"},"geometry":{"type":"LineString","coordinates":[[8.680582840825174,47.78606928457898],[8.680771060462732,47.786336143504876],[8.680959928100863,47.78661516410605]]}},{"type":"Feature","properties":{"nr":"73","achse":"Hallau - Neunkirch","strasse":"Klettgauerplatz","gemeinde":"Neunkirch","fkt":"VO","fkt_text":"verkehrsorientiert","tempo":50,"dtv":4371,"laerm_tag_db":76.3,"bus":true,"linien":["21","N77"],"haltestellen":[],"bus_anteil":1.0,"bus_text":"ja","laenge_m":62,"abschnitt":"Klettgauerplatz","abschnitt_km":0.063,"unfaelle":2,"unf_fuss":1,"unf_velo":0,"fassaden_igw":0,"initiative":true,"gegenvorschlag":true,"vorlage":"gegenvorschlag"},"geometry":{"type":"LineString","coordinates":[[8.496953137953932,47.69015868589605],[8.496969005914725,47.690145499982144],[8.49698515289759,47.690120943017135],[8.496991743046628,47.69009342409561],[8.496984133894465,47.690033925649715],[8.496931574483224,47.689736043911054],[8.496904418248192,47.68961489819626]]}},{"type":"Feature","properties":{"nr":"H329","achse":"Schaffhausen - Ramsen","strasse":"Sonnenstrasse","gemeinde":"Ramsen","fkt":"VO","fkt_text":"verkehrsorientiert","tempo":50,"dtv":2542,"laerm_tag_db":73.9,"bus":true,"linien":["25","33"],"haltestellen":[],"bus_anteil":1.0,"bus_text":"ja","laenge_m":547,"abschnitt":"Sonnenstrasse","abschnitt_km":0.733,"unfaelle":3,"unf_fuss":1,"unf_velo":2,"fassaden_igw":0,"initiative":true,"gegenvorschlag":true,"vorlage":"gegenvorschlag"},"geometry":{"type":"LineString","coordinates":[[8.821064294241726,47.708915621302],[8.821032896850033,47.70891457360965],[8.820973862080022,47.708911534021645],[8.820898095485012,47.70890719130278],[8.820824567020148,47.70890282191795],[8.820391102123843,47.70887723258785],[8.819140857590087,47.70880509409343],[8.818829898503115,47.70878702035942],[8.817941806160006,47.70873461927339],[8.817223616175484,47.70869263574466],[8.81699611116058,47.70867829834439],[8.81658232477328,47.70865187681742],[8.816214515053574,47.70863061143557],[8.816035027590706,47.70861842836231],[8.815898891364762,47.70860423820841],[8.815733657140214,47.708583628756614],[8.815477785597848,47.708543819082934],[8.815223729877141,47.70848823785753],[8.814950282934676,47.70841411405388],[8.814575479469301,47.70829387817458],[8.81407803463827,47.70812118813213],[8.813953732732173,47.70807720058288]]}},{"type":"Feature","properties":{"nr":"H13","achse":"Wagenhausen - Schaffhausen","strasse":"Eschenzerstrasse","gemeinde":"Stein am Rhein","fkt":"VO","fkt_text":"verkehrsorientiert","tempo":50,"dtv":6455,"laerm_tag_db":78.5,"bus":true,"linien":["33","825"],"haltestellen":[],"bus_anteil":1.0,"bus_text":"ja","laenge_m":292,"abschnitt":"Eschenzerstrasse","abschnitt_km":0.292,"unfaelle":4,"unf_fuss":0,"unf_velo":1,"fassaden_igw":44,"initiative":true,"gegenvorschlag":true,"vorlage":"gegenvorschlag"},"geometry":{"type":"LineString","coordinates":[[8.85807008976236,47.65586463199486],[8.858237577429119,47.65582870968174],[8.858294297776443,47.65580461157263],[8.858368771073751,47.65575690976135],[8.858532928470307,47.65561160546913],[8.858620585594686,47.655546679035226],[8.858731495651258,47.65546767002916],[8.858960177767333,47.65530394595668],[8.859312686959685,47.65504705778493],[8.859690429089746,47.654780064244164],[8.859957991952706,47.654591027412295],[8.860236707670229,47.65439102356507],[8.860636679549367,47.65409898274174],[8.860711865151893,47.654040782617045],[8.860771489862929,47.65399901775569]]}},{"type":"Feature","properties":{"nr":"H332","achse":"Rielasingen - Rheinbrücke","strasse":"Petersburg","gemeinde":"Ramsen","fkt":"VO","fkt_text":"verkehrsorientiert","tempo":50,"dtv":5708,"laerm_tag_db":77.8,"bus":true,"linien":["25","33"],"haltestellen":["Ramsen, Petersburg"],"bus_anteil":0.35,"bus_text":"teilweise","laenge_m":521,"abschnitt":"Petersburg","abschnitt_km":0.624,"unfaelle":8,"unf_fuss":0,"unf_velo":2,"fassaden_igw":2,"initiative":true,"gegenvorschlag":true,"vorlage":"gegenvorschlag"},"geometry":{"type":"LineString","coordinates":[[8.821064294241726,47.708915621302],[8.821041628826723,47.708754941944505],[8.821006998262956,47.70842486609867],[8.820978360682442,47.70814158967348],[8.820946655984157,47.707967453940554],[8.820916930095368,47.70782776188397],[8.820875306036816,47.70768966844249],[8.820819389975206,47.70752425751338],[8.820758277930809,47.707368064825545],[8.820680741757505,47.70716514267705],[8.820615744036443,47.707006063874104],[8.82051501452273,47.706765064488366],[8.820457192575319,47.70663326178265],[8.820391024238432,47.70649106159778],[8.82033425657007,47.70635572041185],[8.82029224108635,47.706244399246806],[8.820259667989712,47.70614103395368],[8.820232501297625,47.70603649804374],[8.820209284509659,47.705937788632944],[8.820182034281967,47.705788163840225],[8.820173167125038,47.705635748054384],[8.820175023129703,47.705478077872655],[8.820188770787572,47.705318062642476],[8.820206165872769,47.7051517797841],[8.820232588109535,47.70489482307872],[8.820254993796897,47.70477503660987],[8.820287030892217,47.70462910528109],[8.820331655840201,47.70446615941671],[8.820380846939388,47.704311227380074]]}},{"type":"Feature","properties":{"nr":"725","achse":"Bargen Schaffhausen","strasse":"Schulstrasse","gemeinde":"Bargen (SH)","fkt":"VO","fkt_text":"verkehrsorientiert","tempo":50,"dtv":700,"laerm_tag_db":64.7,"bus":true,"linien":["23"],"haltestellen":["Bargen SH, Schinderwies"],"bus_anteil":1.0,"bus_text":"ja","laenge_m":245,"abschnitt":"Schulstrasse","abschnitt_km":0.53,"unfaelle":1,"unf_fuss":0,"unf_velo":1,"fassaden_igw":0,"initiative":true,"gegenvorschlag":true,"vorlage":"gegenvorschlag"},"geometry":{"type":"LineString","coordinates":[[8.614049217218975,47.79145001875759],[8.614058543945688,47.79158017399369],[8.614068463846996,47.79172019851502],[8.614089845985474,47.79203419285079],[8.614088636491523,47.792081243054035],[8.614080791416168,47.79211918649271],[8.61406937965768,47.792153388510016],[8.61404752760446,47.79218624791452],[8.614025462867856,47.792207741198105],[8.61400321584805,47.79222163648947],[8.61396863621745,47.79223792273361],[8.613910415727858,47.792255239076184],[8.613839812017009,47.792272671392034],[8.613765835939175,47.79229090218266],[8.61369421582929,47.79231365105605],[8.613626062217724,47.79233864035126],[8.613516934047146,47.79239365993476],[8.613394493844641,47.79245866202886],[8.613301022913033,47.79250896352205],[8.613034423928365,47.79262325802823],[8.612908340615824,47.79267691908853],[8.61279899172387,47.792722064927474],[8.612677010572716,47.79275672527189],[8.612521433963582,47.79279854157631],[8.61233959358051,47.79282546775975],[8.612219458981281,47.7928411229351],[8.612154247073438,47.79284657398476]]}},{"type":"Feature","properties":{"nr":"H4","achse":"Bargen Schaffhausen","strasse":"Schweizersbildstrasse","gemeinde":"Schaffhausen","fkt":"VO","fkt_text":"verkehrsorientiert","tempo":50,"dtv":6765,"laerm_tag_db":78.7,"bus":true,"linien":["3","6","10","N2"],"haltestellen":["Schaffhausen, Dachsenbüel","Schaffhausen, Gräfler","Schaffhausen, Schweizersbild"],"bus_anteil":1.0,"bus_text":"ja","laenge_m":658,"abschnitt":"Schweizersbildstrasse","abschnitt_km":1.775,"unfaelle":20,"unf_fuss":2,"unf_velo":7,"fassaden_igw":34,"initiative":true,"gegenvorschlag":true,"vorlage":"gegenvorschlag"},"geometry":{"type":"LineString","coordinates":[[8.650462695717778,47.718764457247104],[8.650436371387649,47.71877955410946],[8.650399465818069,47.71878947265225],[8.650342657669325,47.71879749397071],[8.650274899145499,47.71880808480673],[8.650027775909972,47.718839387559576],[8.649768089554088,47.71888783772106],[8.649468928960028,47.71897379057577],[8.648881807828001,47.719125016567986],[8.648641979532286,47.7191950954166],[8.647907523395158,47.719441524474895],[8.647361918120652,47.71965319264889],[8.647147399709104,47.71975261415413],[8.646771900943437,47.71992340431556],[8.646531312479356,47.720032881251164],[8.646218364949283,47.72021436137567],[8.645915732489573,47.72039295430073],[8.645677924983936,47.72053805355988],[8.645455001710609,47.7206742644409],[8.645237118339674,47.72082872577415],[8.645085762015357,47.72094125794261],[8.644977875002306,47.721026500182525],[8.644742593100226,47.721210731980314],[8.64444843064645,47.72146437957367],[8.644220009461447,47.7216462725497],[8.64408302760434,47.72176042613328],[8.643929684282057,47.72188601888705],[8.643794700001065,47.721984339601285],[8.643745598083113,47.72201313530083],[8.643631895313385,47.72207846937426],[8.643490117427076,47.72214656767503]]}},{"type":"Feature","properties":{"nr":"H14","achse":"Schaffhausen - Stühlingen","strasse":"Schwarzwaldstrasse","gemeinde":"Schleitheim","fkt":"VO","fkt_text":"verkehrsorientiert","tempo":20,"dtv":2294,"laerm_tag_db":68.8,"bus":false,"linien":[],"haltestellen":[],"bus_anteil":0.0,"bus_text":"nein","laenge_m":137,"abschnitt":"Schwarzwaldstrasse","abschnitt_km":0.767,"unfaelle":3,"unf_fuss":0,"unf_velo":1,"fassaden_igw":0,"initiative":false,"gegenvorschlag":true,"vorlage":"gegenvorschlag"},"geometry":{"type":"LineString","coordinates":[[8.457820762722928,47.74828500604953],[8.457728782163498,47.74834348900729],[8.457372092559627,47.74856458650627],[8.457208966004561,47.748659046600324],[8.457075506207834,47.74874499046386],[8.456971445415538,47.74881611589415],[8.456865870709619,47.748879960507665],[8.456770889562714,47.74893369322977],[8.456663642835931,47.74898204698108],[8.45654559102174,47.74902954182272],[8.456425675492058,47.74907582968942]]}},{"type":"Feature","properties":{"nr":"76","achse":"Zentrum Schaffhausen - Schweizersbild","strasse":"Hochstrasse","gemeinde":"Schaffhausen","fkt":"VO","fkt_text":"verkehrsorientiert","tempo":50,"dtv":8671,"laerm_tag_db":79.1,"bus":true,"linien":["3","6","7","21","23","24","N2","N77"],"haltestellen":["Schaffhausen, Durach","Schaffhausen, Seidenhof"],"bus_anteil":1.0,"bus_text":"ja","laenge_m":253,"abschnitt":"Hochstrasse","abschnitt_km":1.821,"unfaelle":70,"unf_fuss":11,"unf_velo":21,"fassaden_igw":174,"initiative":true,"gegenvorschlag":true,"vorlage":"gegenvorschlag"},"geometry":{"type":"LineString","coordinates":[[8.633618876031143,47.699974537623206],[8.633678289863278,47.70004972133045],[8.633782991508037,47.70013557418976],[8.63402561624001,47.70030630833122],[8.634382429240421,47.700506690511055],[8.634421997992296,47.700529596515466],[8.634470472012469,47.70056924812982],[8.634531300172618,47.700628506005664],[8.634583634763745,47.70069514559512],[8.634647285113228,47.70078201372468],[8.63470712385832,47.700890066545746],[8.634748416652911,47.70099401094894],[8.634781915268302,47.70113748436491],[8.634814601618794,47.70129041009436],[8.63487952494024,47.701713785071206],[8.634916603904863,47.701960871354466]]}},{"type":"Feature","properties":{"nr":"76","achse":"Zentrum Schaffhausen - Schweizersbild","strasse":"Hochstrasse","gemeinde":"Schaffhausen","fkt":"VO","fkt_text":"verkehrsorientiert","tempo":50,"dtv":7066,"laerm_tag_db":78.7,"bus":true,"linien":["3","6","24","N2"],"haltestellen":["Schaffhausen, Finsterwaldstr."],"bus_anteil":1.0,"bus_text":"ja","laenge_m":155,"abschnitt":"Hochstrasse","abschnitt_km":1.821,"unfaelle":70,"unf_fuss":11,"unf_velo":21,"fassaden_igw":174,"initiative":true,"gegenvorschlag":true,"vorlage":"gegenvorschlag"},"geometry":{"type":"LineString","coordinates":[[8.638088351911872,47.708076092337194],[8.638160674830951,47.708180443677804],[8.63825844338013,47.70829332872778],[8.638383742797227,47.708428550043266],[8.638508914005156,47.70855867281394],[8.638610818548372,47.708663483017524],[8.638801017731247,47.70884698950374],[8.638938306520206,47.70898721314163],[8.639054664907233,47.709112317598546],[8.639132290794143,47.70919768069407],[8.639185563093044,47.70926037795862]]}},{"type":"Feature","properties":{"nr":"H329","achse":"Schaffhausen - Ramsen","strasse":"Namenlos","gemeinde":"Ramsen","fkt":"VO","fkt_text":"verkehrsorientiert","tempo":50,"dtv":2530,"laerm_tag_db":73.7,"bus":true,"linien":["25"],"haltestellen":["Ramsen, Brücke"],"bus_anteil":0.14,"bus_text":"teilweise","laenge_m":142,"abschnitt":"","abschnitt_km":null,"unfaelle":null,"unf_fuss":null,"unf_velo":null,"fassaden_igw":null,"initiative":true,"gegenvorschlag":true,"vorlage":"gegenvorschlag"},"geometry":{"type":"LineString","coordinates":[[8.808045464081665,47.70736200148513],[8.807966498670542,47.70734307190504],[8.807823037986385,47.70730359399301],[8.807616750108915,47.707231791980405],[8.807447564485958,47.70716473350038],[8.807217782816943,47.70707070310867],[8.807151864777483,47.7070450982866],[8.807086949868145,47.70701654039672],[8.80702406804315,47.706982085088995],[8.806982017854393,47.706953950510766],[8.80692456498526,47.70691866669405],[8.806857025842756,47.706871053126655],[8.806792751322606,47.70682342807296],[8.806729411853766,47.70676918097897],[8.80655140617411,47.70661026470144]]}},{"type":"Feature","properties":{"nr":"H15","achse":"Herblingen - Thayngen","strasse":"Herblingerstrasse","gemeinde":"Schaffhausen","fkt":"VO","fkt_text":"verkehrsorientiert","tempo":50,"dtv":4241,"laerm_tag_db":75.7,"bus":true,"linien":["5","24","N76"],"haltestellen":["Schaffhausen, Post Herblingen"],"bus_anteil":1.0,"bus_text":"ja","laenge_m":25,"abschnitt":"Herblingerstrasse","abschnitt_km":0.025,"unfaelle":2,"unf_fuss":0,"unf_velo":1,"fassaden_igw":2,"initiative":true,"gegenvorschlag":true,"vorlage":"gegenvorschlag"},"geometry":{"type":"LineString","coordinates":[[8.662442375053933,47.72214604662019],[8.662368092571532,47.72210687612508],[8.66225859902524,47.72205290289846],[8.662175969545157,47.72200551845535]]}},{"type":"Feature","properties":{"nr":"73","achse":"Hallau - Neunkirch","strasse":"Grabenstrasse","gemeinde":"Neunkirch","fkt":"VO","fkt_text":"verkehrsorientiert","tempo":50,"dtv":4892,"laerm_tag_db":77.1,"bus":true,"linien":["21","N77"],"haltestellen":["Neunkirch, Schweizerbund"],"bus_anteil":1.0,"bus_text":"ja","laenge_m":269,"abschnitt":"Grabenstrasse","abschnitt_km":0.275,"unfaelle":8,"unf_fuss":2,"unf_velo":4,"fassaden_igw":3,"initiative":true,"gegenvorschlag":true,"vorlage":"gegenvorschlag"},"geometry":{"type":"LineString","coordinates":[[8.496904418248192,47.68961489819626],[8.497015855398212,47.689571422307246],[8.49713102322973,47.68953333575504],[8.497238491645085,47.689504583121845],[8.497348571505643,47.68948319972646],[8.497644644855734,47.68943844569877],[8.49781756232246,47.68941997890245],[8.49795292719066,47.68941007475533],[8.49809033136274,47.689406897415616],[8.498147684065012,47.68940729192316],[8.498343041373525,47.68941454967308],[8.498536717745298,47.68942567189116],[8.498763833384556,47.68944235287691],[8.49915166570146,47.68947056328159],[8.499399511187685,47.689488708756315],[8.499691701845963,47.68950822964184],[8.500075653302922,47.68952086767508],[8.500259063130084,47.68952747583101],[8.500360604692712,47.68953207951515],[8.500423561661998,47.68953494003971]]}},{"type":"Feature","properties":{"nr":"H14","achse":"Schaffhausen - Stühlingen","strasse":"Hauptstrasse","gemeinde":"Siblingen","fkt":"VO","fkt_text":"verkehrsorientiert","tempo":50,"dtv":4242,"laerm_tag_db":77.1,"bus":true,"linien":["21"],"haltestellen":[],"bus_anteil":1.0,"bus_text":"ja","laenge_m":243,"abschnitt":"Hauptstrasse","abschnitt_km":1.049,"unfaelle":5,"unf_fuss":0,"unf_velo":1,"fassaden_igw":23,"initiative":true,"gegenvorschlag":true,"vorlage":"gegenvorschlag"},"geometry":{"type":"LineString","coordinates":[[8.525457010645706,47.71158352901644],[8.5254424636023,47.71158832392186],[8.52479969255368,47.71179832482197],[8.524274733592518,47.71196865556818],[8.524179751086338,47.71200735343225],[8.52412617848118,47.712030707497874],[8.524032166879044,47.7120764744782],[8.523952556008085,47.712129158265434],[8.523900379901226,47.712177097870125],[8.52386525865808,47.712222953524375],[8.523839584929263,47.712265519102786],[8.523813109401262,47.71231578205732],[8.523798828148697,47.712362828240046],[8.523785774166415,47.71241383832706],[8.523782011834921,47.71244809574042],[8.523772331144853,47.71255642028962],[8.523770589514172,47.71264441617052],[8.52375770955806,47.71289642324238],[8.523748178285631,47.71313105854001]]}},{"type":"Feature","properties":{"nr":"H4","achse":"Bargen Schaffhausen","strasse":"Bachstrasse","gemeinde":"Schaffhausen","fkt":"VO","fkt_text":"verkehrsorientiert","tempo":50,"dtv":10754,"laerm_tag_db":78.3,"bus":true,"linien":["1","4","5","N3","N76"],"haltestellen":["Schaffhausen, Feuerwehrzentrum"],"bus_anteil":1.0,"bus_text":"ja","laenge_m":112,"abschnitt":"Bachstrasse","abschnitt_km":0.912,"unfaelle":75,"unf_fuss":5,"unf_velo":24,"fassaden_igw":146,"initiative":true,"gegenvorschlag":true,"vorlage":"gegenvorschlag"},"geometry":{"type":"LineString","coordinates":[[8.635950282304558,47.70013512261696],[8.636023948464889,47.70022235454431],[8.636106109625414,47.7003016738879],[8.636160037218007,47.700348535984546],[8.636211193605613,47.70040129087101],[8.636261128846757,47.700463673184856],[8.636329618853146,47.700554106247395],[8.636383463366018,47.700659134987866],[8.636452393763706,47.700860921386756],[8.636507188484007,47.701051529654265]]}},{"type":"Feature","properties":{"nr":"73","achse":"Hallau - Neunkirch","strasse":"Hauptstrasse","gemeinde":"Hallau","fkt":"VO","fkt_text":"verkehrsorientiert","tempo":50,"dtv":3569,"laerm_tag_db":75.8,"bus":true,"linien":["27","N77"],"haltestellen":[],"bus_anteil":1.0,"bus_text":"ja","laenge_m":304,"abschnitt":"Hauptstrasse","abschnitt_km":0.632,"unfaelle":3,"unf_fuss":1,"unf_velo":1,"fassaden_igw":13,"initiative":true,"gegenvorschlag":true,"vorlage":"gegenvorschlag"},"geometry":{"type":"LineString","coordinates":[[8.460836177549497,47.69813211740575],[8.46089273091511,47.698153457441606],[8.460962467470127,47.69816825978922],[8.461033096960687,47.69817617383897],[8.461123175652869,47.69818192008876],[8.461209575177564,47.698179963805885],[8.461308218695274,47.69817251233045],[8.461397952599885,47.698160399336906],[8.461462065342705,47.698146128331395],[8.461526997859336,47.698129466668306],[8.461605902083862,47.69810433557986],[8.461656649528003,47.69808303187148],[8.461668037596164,47.698078749432774],[8.461710836460275,47.69805632845357],[8.461770125897653,47.6980206580557],[8.461832818692406,47.697978410040776],[8.461879679603122,47.69793868477491],[8.461911743288594,47.69790745417332],[8.461930757924671,47.697887625905594],[8.461964290112986,47.69784621015487],[8.462011753716789,47.69779631631431],[8.46205669517603,47.697752416671136],[8.462088933252351,47.69772608620688],[8.46212940130326,47.697703721565674],[8.462167222187485,47.69768915103068],[8.462216027630449,47.69767907068533],[8.462285765711565,47.69767052381963],[8.462364923522221,47.697666840642285],[8.462489495036326,47.69767404484216],[8.462578780145723,47.69768839520622],[8.462719735713613,47.69772164533192],[8.462888304317286,47.6977629174395],[8.463184323897853,47.69783349260814],[8.463390881311058,47.69788399873296],[8.46346980686425,47.6979041059668],[8.463500821464292,47.69791097373259],[8.46353446201014,47.69791722473168],[8.46357425619806,47.697923403469936],[8.463625505861017,47.69792948117487],[8.463690777506596,47.697932458185115],[8.463750682260171,47.69793072466968],[8.463814901787307,47.69792477085908],[8.463888791529829,47.69791458548279],[8.463966048289219,47.697896644515794],[8.46404408239606,47.69787275160832],[8.464140385991644,47.69783738301204],[8.464201352577911,47.69780861293844],[8.464260216675083,47.69777790968724],[8.464319529850556,47.69774494494946],[8.46436509828075,47.697715636117806],[8.464399781496509,47.697688357041635]]}},{"type":"Feature","properties":{"nr":"H4","achse":"Bargen Schaffhausen","strasse":"Ebnatstrasse","gemeinde":"Schaffhausen","fkt":"VO","fkt_text":"verkehrsorientiert","tempo":50,"dtv":7386,"laerm_tag_db":79.5,"bus":true,"linien":["1","5","N3","N76"],"haltestellen":["Schaffhausen, Schönenberg"],"bus_anteil":1.0,"bus_text":"ja","laenge_m":47,"abschnitt":"Ebnatstrasse","abschnitt_km":2.434,"unfaelle":57,"unf_fuss":4,"unf_velo":9,"fassaden_igw":10,"initiative":true,"gegenvorschlag":true,"vorlage":"gegenvorschlag"},"geometry":{"type":"LineString","coordinates":[[8.639724706022426,47.7067273007066],[8.639809144424392,47.706690136358766],[8.640044169669016,47.70662649249818],[8.64012204587009,47.70659318232316],[8.640188935390725,47.70654196119828],[8.640230021660624,47.7064928416106]]}},{"type":"Feature","properties":{"nr":"H332","achse":"Rielasingen - Rheinbrücke","strasse":"Moskau","gemeinde":"Ramsen","fkt":"VO","fkt_text":"verkehrsorientiert","tempo":20,"dtv":8374,"laerm_tag_db":73.7,"bus":true,"linien":["33"],"haltestellen":["Ramsen, Zoll"],"bus_anteil":1.0,"bus_text":"ja","laenge_m":93,"abschnitt":"Moskau","abschnitt_km":0.404,"unfaelle":7,"unf_fuss":0,"unf_velo":4,"fassaden_igw":14,"initiative":true,"gegenvorschlag":true,"vorlage":"gegenvorschlag"},"geometry":{"type":"LineString","coordinates":[[8.822776810862262,47.71231310510284],[8.822636284577209,47.71203302364683],[8.822490190708695,47.711680602017346],[8.82240870905225,47.71159797659625],[8.822327940328087,47.71154211046819]]}},{"type":"Feature","properties":{"nr":"H15","achse":"Herblingen - Thayngen","strasse":"Thayngerstrasse","gemeinde":"Schaffhausen","fkt":"VO","fkt_text":"verkehrsorientiert","tempo":50,"dtv":4241,"laerm_tag_db":75.9,"bus":true,"linien":["5","N76"],"haltestellen":["Schaffhausen, Berghaldenweg","Schaffhausen, Unterdorf"],"bus_anteil":1.0,"bus_text":"ja","laenge_m":359,"abschnitt":"Thayngerstrasse","abschnitt_km":0.874,"unfaelle":13,"unf_fuss":1,"unf_velo":1,"fassaden_igw":11,"initiative":true,"gegenvorschlag":true,"vorlage":"gegenvorschlag"},"geometry":{"type":"LineString","coordinates":[[8.66395389910438,47.72673737226783],[8.66395462827362,47.72672337858058],[8.66395526415305,47.72670938587629],[8.663955833396844,47.726695393874124],[8.663956322469872,47.72668139372254],[8.663956718253278,47.72666739455392],[8.663957047401231,47.72665339608745],[8.66395728325971,47.726639398603965],[8.663958233911446,47.726611938242634],[8.663957092052161,47.72647334942209],[8.66395264832375,47.72632572022528],[8.66393518063406,47.72601797830865],[8.66391906933555,47.725632916753625],[8.663915324445263,47.72555981523248],[8.663905639295324,47.72537750553959],[8.663911998343561,47.72524853337469],[8.663925521163366,47.725150326891004],[8.663947878936648,47.725045668382194],[8.663973698891912,47.72495698309074],[8.664100058027925,47.72461921352098],[8.664154417014796,47.72447181888837],[8.664189141638623,47.72436705692897],[8.66421383770932,47.72427419208969],[8.664239908719347,47.72415550831799],[8.664246142293972,47.72402518824879],[8.66424553433371,47.72386708517338],[8.664227137686119,47.72374264610809],[8.664202958265935,47.723634997250436],[8.66417496443994,47.723539917547626]]}},{"type":"Feature","properties":{"nr":"H14","achse":"Schaffhausen - Stühlingen","strasse":"Schleitheimerstrasse","gemeinde":"Löhningen","fkt":"VO","fkt_text":"verkehrsorientiert","tempo":50,"dtv":4242,"laerm_tag_db":77.1,"bus":true,"linien":["21"],"haltestellen":[],"bus_anteil":1.0,"bus_text":"ja","laenge_m":205,"abschnitt":"Schleitheimerstrasse","abschnitt_km":0.306,"unfaelle":3,"unf_fuss":0,"unf_velo":1,"fassaden_igw":42,"initiative":true,"gegenvorschlag":true,"vorlage":"gegenvorschlag"},"geometry":{"type":"LineString","coordinates":[[8.548130122291655,47.70131615157687],[8.548022015823138,47.70134611753368],[8.547908744586781,47.70138268039297],[8.547791366193863,47.70142162979639],[8.547633659122612,47.70148104772632],[8.547532221042974,47.7015221742436],[8.547432785056603,47.701562840859516],[8.547156368334422,47.701673442732385],[8.546617286880256,47.70189107761729],[8.546295590740227,47.70202389273924],[8.545923210582952,47.702175258958974],[8.545851244864837,47.70220440186819],[8.545768297119652,47.702237858579124],[8.545765639294903,47.70223882827632]]}},{"type":"Feature","properties":{"nr":"H4-10","achse":"Schaffhausen, äussere Bahnhofstrasse ab Schlagbaumstrasse","strasse":"Bahnhofstrasse","gemeinde":"Schaffhausen","fkt":"VO","fkt_text":"verkehrsorientiert","tempo":50,"dtv":8850,"laerm_tag_db":78.2,"bus":true,"linien":["1","4","5","N3","N76"],"haltestellen":["Schaffhausen, Feuerwehrzentrum"],"bus_anteil":0.23,"bus_text":"teilweise","laenge_m":133,"abschnitt":"Bahnhofstrasse","abschnitt_km":0.117,"unfaelle":4,"unf_fuss":0,"unf_velo":3,"fassaden_igw":0,"initiative":true,"gegenvorschlag":true,"vorlage":"gegenvorschlag"},"geometry":{"type":"LineString","coordinates":[[8.636507188484007,47.701051529654265],[8.636447162876879,47.70103317941597],[8.636350213676572,47.700996411663354],[8.636318991293228,47.70098500490489],[8.63618141704451,47.700947009705374],[8.636111619769984,47.70093489406795],[8.636049334387419,47.700917943031214],[8.635894780095846,47.70085610776275],[8.635760443025747,47.700799199769016],[8.635507352408903,47.7006786300452],[8.635385977482112,47.70061865600569],[8.635279831169564,47.70055393796997],[8.635227271973015,47.70051690110625],[8.635192506682655,47.70048665157304],[8.635153281107211,47.70043884618178],[8.635122333763231,47.700394175498126],[8.635096989168208,47.70036749860799]]}},{"type":"Feature","properties":{"nr":"H14","achse":"Schaffhausen - Stühlingen","strasse":"Schleitheimerstrasse","gemeinde":"Löhningen","fkt":"VO","fkt_text":"verkehrsorientiert","tempo":50,"dtv":7196,"laerm_tag_db":78.5,"bus":true,"linien":["21"],"haltestellen":[],"bus_anteil":1.0,"bus_text":"ja","laenge_m":357,"abschnitt":"Schleitheimerstrasse","abschnitt_km":0.306,"unfaelle":3,"unf_fuss":0,"unf_velo":1,"fassaden_igw":42,"initiative":true,"gegenvorschlag":true,"vorlage":"gegenvorschlag"},"geometry":{"type":"LineString","coordinates":[[8.557926309304962,47.70112612482525],[8.557920441993922,47.70112715269362],[8.557769205460739,47.701147946381774],[8.557528066863906,47.70117784398166],[8.5573111089765,47.7012051518856],[8.557219698859262,47.70121729229707],[8.557104580358143,47.70123295263417],[8.556997429980653,47.70124864411655],[8.556830992952,47.70128533154926],[8.556542120533281,47.701348334983976],[8.55637317261861,47.701388553611935],[8.556352490785372,47.70139343843916],[8.556245541184932,47.70141551311957],[8.55609744629713,47.701440033949694],[8.555955656923173,47.70145777536373],[8.555831398263173,47.70146968180215],[8.555643543160038,47.701480841195576],[8.555430134679062,47.701485122471304],[8.555178794254765,47.70148753720549],[8.554963270566788,47.70148691815706],[8.554597172479877,47.701473488838026],[8.554256084052296,47.7014493491592],[8.55376039329287,47.70141216635526],[8.553242745324862,47.70135912850799]]}},{"type":"Feature","properties":{"nr":"H14","achse":"Schaffhausen - Stühlingen","strasse":"Schleitheimerstrasse","gemeinde":"Beringen","fkt":"VO","fkt_text":"verkehrsorientiert","tempo":50,"dtv":7196,"laerm_tag_db":77.9,"bus":true,"linien":["21","N77"],"haltestellen":["Beringen, Höhenweg"],"bus_anteil":1.0,"bus_text":"ja","laenge_m":371,"abschnitt":"","abschnitt_km":null,"unfaelle":null,"unf_fuss":null,"unf_velo":null,"fassaden_igw":null,"initiative":true,"gegenvorschlag":true,"vorlage":"gegenvorschlag"},"geometry":{"type":"LineString","coordinates":[[8.571748181256083,47.69782425633936],[8.571674433117192,47.69781959682976],[8.571570891026198,47.69781723341267],[8.571470392149592,47.697818869625145],[8.571332276647802,47.697828931142865],[8.571115676368729,47.69784646694373],[8.570972680670597,47.697861954094904],[8.570886358572444,47.69787487426055],[8.570746731775067,47.69789402491145],[8.570463297904864,47.69793996648219],[8.570199413875397,47.697993658856575],[8.569950470947012,47.69805452643223],[8.569794466684401,47.698100368118226],[8.569630089327598,47.6981552852321],[8.56924061198845,47.698318370267515],[8.568999118151057,47.69842812749387],[8.568805765892808,47.69851197160644],[8.568642520248162,47.69857507895589],[8.568543748840353,47.69861029798823],[8.568429753161574,47.69864195933892],[8.568303058180023,47.69867476035194],[8.568128528630188,47.698714834683614],[8.567905559159316,47.69876066798616],[8.567842780797221,47.69877628019966],[8.567649532780527,47.69881578015962],[8.567400787575284,47.69886873440391],[8.567154518564918,47.698924749059785]]}},{"type":"Feature","properties":{"nr":"73","achse":"Hallau - Neunkirch","strasse":"Hauptstrasse","gemeinde":"Hallau","fkt":"VO","fkt_text":"verkehrsorientiert","tempo":50,"dtv":2324,"laerm_tag_db":74.3,"bus":true,"linien":["27","N77"],"haltestellen":["Hallau, Gemeindehaus"],"bus_anteil":1.0,"bus_text":"ja","laenge_m":315,"abschnitt":"Hauptstrasse","abschnitt_km":0.632,"unfaelle":3,"unf_fuss":1,"unf_velo":1,"fassaden_igw":13,"initiative":true,"gegenvorschlag":true,"vorlage":"gegenvorschlag"},"geometry":{"type":"LineString","coordinates":[[8.457276456358034,47.69667738219895],[8.457379791354033,47.696745667279814],[8.457472296188387,47.69681952454305],[8.457500449481635,47.696843246736805],[8.45754079651298,47.69687340066051],[8.457597463076395,47.69691115532608],[8.457660870368947,47.696951656990834],[8.457714627093068,47.69698218795599],[8.457762506944857,47.69700777876229],[8.457793924398102,47.69702457387494],[8.45785065943937,47.69705479085469],[8.457914555227374,47.69708465720351],[8.457981944617936,47.69711952951208],[8.458039097446534,47.697147215425595],[8.45809897956688,47.69717342034629],[8.458170893996773,47.69720112062359],[8.45823688618752,47.69722498740497],[8.458323006988516,47.69725500033736],[8.458418917876314,47.69728629439693],[8.458524582236713,47.69732111837812],[8.45859110832721,47.697340177484904],[8.458665634562017,47.697360965143474],[8.458772105057868,47.69738920722066],[8.458883462727332,47.69742217311672],[8.459000158627601,47.697454228620806],[8.459165362013223,47.69750427780388],[8.459457622043697,47.69759718253784],[8.459521547432246,47.69761744216912],[8.459866460431943,47.6977269899745],[8.460096292920602,47.697803973601594],[8.460233699939723,47.69785638813271],[8.460303944785917,47.69788376000219],[8.460427577657212,47.6979369159638],[8.46052020222628,47.69798004629888],[8.460649343454005,47.69804316390802],[8.460773176812419,47.69810460120585],[8.460836177549497,47.69813211740575]]}},{"type":"Feature","properties":{"nr":"H331","achse":"Thayngen - Büsslingen","strasse":"Hauptstrasse","gemeinde":"Thayngen","fkt":"VO","fkt_text":"verkehrsorientiert","tempo":50,"dtv":1202,"laerm_tag_db":69.4,"bus":true,"linien":["24"],"haltestellen":["Hofen SH, Dorf"],"bus_anteil":0.27,"bus_text":"teilweise","laenge_m":614,"abschnitt":"Hauptstrasse","abschnitt_km":1.235,"unfaelle":1,"unf_fuss":0,"unf_velo":0,"fassaden_igw":0,"initiative":true,"gegenvorschlag":true,"vorlage":"gegenvorschlag"},"geometry":{"type":"LineString","coordinates":[[8.676250667093854,47.78147973517533],[8.676329268850294,47.78162188646998],[8.676436788523649,47.781819924878306],[8.676540362258528,47.782022088432925],[8.67669147372088,47.78231619586895],[8.676803452471981,47.78253186873546],[8.676893179827106,47.78270222345735],[8.676932862636077,47.78277500367784],[8.676978818990932,47.78282904554507],[8.677046373915923,47.78288338824982],[8.677144020693845,47.78294000101762],[8.677548031043276,47.7831782614666],[8.677887899101792,47.78337617268936],[8.67798192457973,47.783442177100355],[8.67813581993665,47.78356363066217],[8.678273691211066,47.78369200918617],[8.678577021172742,47.78397444661998],[8.678901421910044,47.78426809015963],[8.679208649652491,47.784552562035266],[8.679548094190096,47.78486369870801],[8.679863296673485,47.78515900258322],[8.680052072450938,47.78535435430872],[8.680142573120312,47.78546662384027],[8.680292844157288,47.78566342913823],[8.680461025334317,47.785900561230896],[8.680531085607411,47.78599590590873],[8.680582840825174,47.78606928457898]]}},{"type":"Feature","properties":{"nr":"H4","achse":"Bargen Schaffhausen","strasse":"Zollstrasse","gemeinde":"Neuhausen am Rheinfall","fkt":"VO","fkt_text":"verkehrsorientiert","tempo":50,"dtv":10406,"laerm_tag_db":80.8,"bus":true,"linien":["1","7","21","N4","N77"],"haltestellen":["Neuhausen, Kreuzstrasse","Neuhausen, Neue Welt"],"bus_anteil":1.0,"bus_text":"ja","laenge_m":251,"abschnitt":"Zollstrasse","abschnitt_km":2.124,"unfaelle":75,"unf_fuss":19,"unf_velo":11,"fassaden_igw":23,"initiative":true,"gegenvorschlag":true,"vorlage":"gegenvorschlag"},"geometry":{"type":"LineString","coordinates":[[8.60985732502462,47.68251365500608],[8.610010654423723,47.68264380348634],[8.610142971246884,47.6827470368896],[8.610251455806727,47.682830777021515],[8.61034200217841,47.68289595387791],[8.610457710836375,47.682975681468214],[8.61058866185917,47.68305081201945],[8.610692057726498,47.683102547454695],[8.610801397704956,47.68315865701019],[8.610903244231048,47.6832059647155],[8.611007011876275,47.68324618344213],[8.611109027552274,47.68328125703957],[8.611334665561515,47.68335993732046],[8.611394231329012,47.68337808016444],[8.611621557184318,47.68345174203556],[8.61191713548009,47.68354000452286],[8.61223989993847,47.68363489926372],[8.612434743418229,47.683685169741686],[8.612606772342989,47.68371805961866]]}},{"type":"Feature","properties":{"nr":"H13","achse":"Neuhausen - Erzingen","strasse":"Trasadingerstrasse","gemeinde":"Wilchingen","fkt":"VO","fkt_text":"verkehrsorientiert","tempo":50,"dtv":5919,"laerm_tag_db":77.6,"bus":false,"linien":[],"haltestellen":[],"bus_anteil":0.0,"bus_text":"nein","laenge_m":491,"abschnitt":"Trasadingerstrasse","abschnitt_km":0.426,"unfaelle":2,"unf_fuss":0,"unf_velo":1,"fassaden_igw":4,"initiative":false,"gegenvorschlag":true,"vorlage":"gegenvorschlag"},"geometry":{"type":"LineString","coordinates":[[8.468348797762117,47.67973470504381],[8.468253474029245,47.67968637922762],[8.46812095061113,47.679616662270014],[8.467972510997747,47.67954000783538],[8.46785374869143,47.67947798450768],[8.467746752023041,47.67942790889968],[8.46764620507208,47.6793855649354],[8.46754360910964,47.67934537062341],[8.4675150401514,47.67933429108531],[8.46742836221404,47.67930316563898],[8.46732054875941,47.67926585945424],[8.467209592626894,47.67922856300273],[8.467083991269183,47.67919354566062],[8.466942721225408,47.679164342112465],[8.466801491577673,47.67913583957317],[8.466669770738331,47.679110067873125],[8.466528623887145,47.67908581846458],[8.466383337527972,47.67906442963794],[8.466211723108266,47.679037607216536],[8.466016923929539,47.679006735358634],[8.465805347857332,47.67897672202374],[8.465641124411665,47.67895053495999],[8.465450639592353,47.678919597039304],[8.465273790431507,47.678888556312856],[8.465073851942714,47.67885700876551],[8.465015964276336,47.67884900276321],[8.464899041838931,47.67883083323488],[8.464773730718543,47.678812737675365],[8.464742130135255,47.67880805203201],[8.46465889844642,47.67879314637274],[8.464577955597434,47.678780208131975],[8.464455833283207,47.67876033922545],[8.464333765105508,47.67874119823239],[8.464256753174928,47.678730428612916],[8.464074650425776,47.678701051374915],[8.463881576203663,47.678671096110335],[8.463812553917528,47.67866026469101],[8.463732559721873,47.67864953003307],[8.46367353695797,47.678639275869166],[8.463596381991943,47.678621095967145],[8.463506245333491,47.67860100685888],[8.463436055002562,47.67858141630804],[8.463348888362738,47.678559951772804],[8.463258674007657,47.678535833818415],[8.463131276463345,47.678496546893115],[8.463000843577014,47.6784559284864],[8.462888399612424,47.67841650945867],[8.462839193698624,47.67839943177959],[8.462719720469012,47.67835805988257],[8.462527865320375,47.67828632320629],[8.462349057903976,47.6782192021319],[8.462301302210495,47.67820065441071]]}},{"type":"Feature","properties":{"nr":"H4","achse":"Bargen Schaffhausen","strasse":"Ebnatstrasse","gemeinde":"Schaffhausen","fkt":"VO","fkt_text":"verkehrsorientiert","tempo":50,"dtv":8183,"laerm_tag_db":79.2,"bus":true,"linien":["9"],"haltestellen":["Schaffhausen, Ernst Homberger-Strasse"],"bus_anteil":0.09,"bus_text":"ja","laenge_m":223,"abschnitt":"Ebnatstrasse","abschnitt_km":2.434,"unfaelle":57,"unf_fuss":4,"unf_velo":9,"fassaden_igw":10,"initiative":true,"gegenvorschlag":true,"vorlage":"gegenvorschlag"},"geometry":{"type":"LineString","coordinates":[[8.657490347727219,47.71536469773215],[8.657416047081753,47.71549495786868],[8.657323941447121,47.71566115671905],[8.657107379668664,47.71606930094932],[8.656862279789504,47.716522040358065],[8.656749168850173,47.71672543407374],[8.656462953332062,47.71724858740624]]}},{"type":"Feature","properties":{"nr":"76","achse":"Zentrum Schaffhausen - Schweizersbild","strasse":"Gemsgasse","gemeinde":"Schaffhausen","fkt":"VO","fkt_text":"verkehrsorientiert","tempo":50,"dtv":4274,"laerm_tag_db":75.9,"bus":true,"linien":["6","N2"],"haltestellen":["Schaffhausen, Spiegelgutstr."],"bus_anteil":1.0,"bus_text":"ja","laenge_m":350,"abschnitt":"Gemsgasse","abschnitt_km":1.1,"unfaelle":25,"unf_fuss":3,"unf_velo":8,"fassaden_igw":25,"initiative":true,"gegenvorschlag":true,"vorlage":"gegenvorschlag"},"geometry":{"type":"LineString","coordinates":[[8.642543281788718,47.718164920128835],[8.642557150672433,47.71824145213557],[8.642565859186794,47.71835949188114],[8.642569358150787,47.718458266011396],[8.642571763622389,47.718561116843006],[8.642567846222668,47.718650254022585],[8.642559075946895,47.71873698603405],[8.642552919818133,47.7187815980867],[8.642541258965014,47.71884730458871],[8.64251680030315,47.71898440469984],[8.642435257274766,47.71936422885128],[8.642358672900416,47.71975526227608],[8.642311562763172,47.71995895602193],[8.642297824434106,47.720044111444615],[8.64227418595355,47.72016985225299],[8.642213222023816,47.72044486943517],[8.642176448351675,47.720622525777536],[8.64216255487471,47.72069794204627],[8.64215960229601,47.720779720878056],[8.642168710900826,47.72086378529936],[8.642192384685458,47.72095415677563],[8.642236653304908,47.72104753496715],[8.642305109749678,47.72114952201532],[8.642409577900086,47.72125195464651]]}},{"type":"Feature","properties":{"nr":"73","achse":"Hallau - Neunkirch","strasse":"Neunkircherstrasse","gemeinde":"Hallau","fkt":"VO","fkt_text":"verkehrsorientiert","tempo":50,"dtv":3569,"laerm_tag_db":75.8,"bus":true,"linien":["27","N77"],"haltestellen":[],"bus_anteil":0.13,"bus_text":"teilweise","laenge_m":171,"abschnitt":"Neunkircherstrasse","abschnitt_km":0.345,"unfaelle":2,"unf_fuss":0,"unf_velo":1,"fassaden_igw":5,"initiative":true,"gegenvorschlag":true,"vorlage":"gegenvorschlag"},"geometry":{"type":"LineString","coordinates":[[8.464399781496509,47.697688357041635],[8.464444591423588,47.6976439629455],[8.464467789722189,47.697613889141586],[8.464488075297945,47.697580630183424],[8.464502526223798,47.6975391482415],[8.464509976604834,47.697462948298785],[8.464509188062443,47.69742085435777],[8.464512440693486,47.69735835334352],[8.464513271292736,47.69728911021874],[8.46452810379363,47.69719716857116],[8.46454320921834,47.697117258478755],[8.464558229789851,47.69703434513485],[8.464627010250659,47.69676730876791],[8.464643326827325,47.69671899287128],[8.464667393494615,47.69663748365289],[8.464739368714705,47.69638274974074],[8.464773156579902,47.696287294907236],[8.46481133845055,47.696187601065425]]}},{"type":"Feature","properties":{"nr":"H15","achse":"Herblingen - Thayngen","strasse":"Erlengasse","gemeinde":"Thayngen","fkt":"VO","fkt_text":"verkehrsorientiert","tempo":50,"dtv":5820,"laerm_tag_db":77.8,"bus":false,"linien":[],"haltestellen":[],"bus_anteil":0.0,"bus_text":"nein","laenge_m":210,"abschnitt":"Erlengasse","abschnitt_km":0.428,"unfaelle":5,"unf_fuss":0,"unf_velo":1,"fassaden_igw":0,"initiative":false,"gegenvorschlag":true,"vorlage":"gegenvorschlag"},"geometry":{"type":"LineString","coordinates":[[8.705593604277572,47.74395378932036],[8.705463450518877,47.74407327417978],[8.705372178119948,47.74416703468309],[8.705336455889594,47.744216685088126],[8.705303188656075,47.74427252375319],[8.705278746470855,47.744343853290054],[8.705259077888218,47.74442185851361],[8.705249746058781,47.74448213148448],[8.705241282278404,47.74457922633955],[8.705239704861746,47.744642014191854],[8.705260563326675,47.7447429540532],[8.705277676370327,47.74478324169016],[8.7053036006713,47.74483899337103],[8.705355444215396,47.74491518545706],[8.705424502527947,47.74500415070329],[8.705497053944542,47.74507803952474],[8.705572461054853,47.74514309185352],[8.705670068330107,47.74523642297657],[8.705739378463292,47.74530412295439],[8.70586507301253,47.745418176419356],[8.706080225307963,47.74561371399491]]}},{"type":"Feature","properties":{"nr":"76","achse":"Zentrum Schaffhausen - Schweizersbild","strasse":"Adlerunterführung","gemeinde":"Schaffhausen","fkt":"VO","fkt_text":"verkehrsorientiert","tempo":50,"dtv":15998,"laerm_tag_db":79.9,"bus":true,"linien":["1","3","4","5","6","7","8","21","23","24","25","630","632","634","N2","N3","N69","N76","N77"],"haltestellen":["Schaffhausen, Durach"],"bus_anteil":1.0,"bus_text":"ja","laenge_m":60,"abschnitt":"Adlerunterführung","abschnitt_km":0.078,"unfaelle":12,"unf_fuss":2,"unf_velo":3,"fassaden_igw":3,"initiative":true,"gegenvorschlag":true,"vorlage":"gegenvorschlag"},"geometry":{"type":"LineString","coordinates":[[8.634601648105422,47.69984667558417],[8.634525048038974,47.699838262692886],[8.634498739980526,47.699836158914245],[8.634456300088052,47.69983831350643],[8.634282215337059,47.69985423458554],[8.633890015774567,47.699902799409706],[8.633813518674296,47.69991429828244]]}},{"type":"Feature","properties":{"nr":"72","achse":"Wichingen - Hallau","strasse":"Bahnhofstrasse","gemeinde":"Hallau","fkt":"VO","fkt_text":"verkehrsorientiert","tempo":50,"dtv":2091,"laerm_tag_db":73.7,"bus":true,"linien":["27","N77"],"haltestellen":["Hallau, Brugg"],"bus_anteil":1.0,"bus_text":"ja","laenge_m":837,"abschnitt":"Bahnhofstrasse","abschnitt_km":0.863,"unfaelle":4,"unf_fuss":1,"unf_velo":2,"fassaden_igw":1,"initiative":true,"gegenvorschlag":true,"vorlage":"gegenvorschlag"},"geometry":{"type":"LineString","coordinates":[[8.458984970464623,47.689354820993486],[8.45888700824497,47.68955383725774],[8.458707418391434,47.68990996688076],[8.458569245839374,47.69019443712027],[8.4584834246546,47.69038146530466],[8.458336827874225,47.690722527493016],[8.458196802148267,47.69105904377472],[8.45806840957751,47.69141247445011],[8.457985581660616,47.69162233865657],[8.45786390878066,47.692005300347],[8.457731000103914,47.69246144564664],[8.45755130056102,47.69307875972699],[8.45751006982126,47.69322277339594],[8.457495114247708,47.69329018863373],[8.457476621515156,47.69338217950555],[8.457462531199479,47.69354030963753],[8.457455312915728,47.69375861233572],[8.457449883649174,47.69387390904332],[8.457440870609048,47.6939504010712],[8.457432826209336,47.69402946588262],[8.457423835941603,47.69410783745007],[8.457411110141873,47.694190774733734],[8.457390565757109,47.694313264197866],[8.45735428961792,47.69449124060286],[8.457310887363947,47.694708079540966],[8.457281276626937,47.69485029130673],[8.457258851221903,47.69497059366741],[8.457238610436642,47.69505555745261],[8.457221491613403,47.69515462343625],[8.457220599763932,47.69518791802642],[8.457221546053782,47.69523713386514],[8.457227187830338,47.69528112801173],[8.457229765982671,47.695337614682366],[8.457241259010608,47.69539145993422],[8.45725142371926,47.69542541311732],[8.457269404946995,47.69546957792869],[8.45728922815088,47.69551115431091],[8.457326773323931,47.695583406772705],[8.457396298585934,47.69569344149073],[8.457426216199284,47.69575144233797],[8.457454114823463,47.69580559345779],[8.457474268321185,47.69585463192372],[8.45748470689505,47.69589727087812],[8.45748568679206,47.6959558401602],[8.457478011440442,47.69600215454916],[8.457470058150301,47.696034018028115],[8.45744350094678,47.69611196790313],[8.457409778608241,47.69618934200019],[8.457368512241665,47.6962699930619],[8.457305605964416,47.696387124518445],[8.457252753210966,47.69648393134832],[8.457230731660864,47.69652619822479],[8.457224800130708,47.696564141885126],[8.457224171473039,47.69660558270419],[8.457240019732694,47.69663787614099],[8.457276456358034,47.69667738219895]]}},{"type":"Feature","properties":{"nr":"72","achse":"Wichingen - Hallau","strasse":"Bahnhofstrasse","gemeinde":"Wilchingen","fkt":"VO","fkt_text":"verkehrsorientiert","tempo":50,"dtv":2091,"laerm_tag_db":73.7,"bus":true,"linien":["27","N77"],"haltestellen":[],"bus_anteil":1.0,"bus_text":"ja","laenge_m":146,"abschnitt":"Bahnhofstrasse","abschnitt_km":0.831,"unfaelle":1,"unf_fuss":0,"unf_velo":0,"fassaden_igw":0,"initiative":true,"gegenvorschlag":true,"vorlage":"gegenvorschlag"},"geometry":{"type":"LineString","coordinates":[[8.465139755250165,47.68132418090572],[8.465233154232639,47.681434018614404],[8.465304251862035,47.68151945455537],[8.465400736650503,47.68163935619154],[8.465457273875868,47.68171016145463],[8.465506269716382,47.68178423521984],[8.465536274050194,47.681860401533584],[8.465548547182514,47.681897861233686],[8.465551493505371,47.68194543173178],[8.465549702973147,47.681989113690555],[8.465543370388898,47.6820341489219],[8.465527916783316,47.682077924645945],[8.465504595726731,47.68211777653487],[8.465476719257216,47.682158981806836],[8.46544872882535,47.682192246328874],[8.46541678031033,47.68222332428833],[8.46537885031927,47.6822522695373],[8.46533894543116,47.68227964926994],[8.465294765846124,47.68230637421539],[8.465254232075768,47.68232535902881],[8.465191465402086,47.68235032342512],[8.46512005539979,47.682371190901975],[8.465019040091125,47.68239010730898]]}},{"type":"Feature","properties":{"nr":"73","achse":"Hallau - Neunkirch","strasse":"Hallauerstrasse","gemeinde":"Neunkirch","fkt":"VO","fkt_text":"verkehrsorientiert","tempo":50,"dtv":3569,"laerm_tag_db":75.7,"bus":false,"linien":["N77"],"haltestellen":[],"bus_anteil":0.03,"bus_text":"nein","laenge_m":563,"abschnitt":"Hallauerstrasse","abschnitt_km":0.531,"unfaelle":2,"unf_fuss":0,"unf_velo":1,"fassaden_igw":1,"initiative":false,"gegenvorschlag":true,"vorlage":"gegenvorschlag"},"geometry":{"type":"LineString","coordinates":[[8.489547697218415,47.69089056920659],[8.49010778224779,47.69083263593742],[8.490312873652947,47.6908140241942],[8.491015262646899,47.69074732458644],[8.49118557848059,47.690732354008176],[8.491964213845042,47.690661639231344],[8.492938959579108,47.69056566570905],[8.493924818352099,47.69047271298988],[8.494795667260833,47.690388019400515],[8.495315136728667,47.690340602314244],[8.495687607857034,47.69030504314172],[8.496238721139452,47.69025272011356],[8.49667348609491,47.69021219272927],[8.496849372481122,47.69019283694495],[8.49690813101967,47.690181544964965],[8.49694019513045,47.69016759996696],[8.496953137953932,47.69015868589605]]}},{"type":"Feature","properties":{"nr":"82","achse":"Gottmadingen - Ramsen","strasse":"Hardstrasse","gemeinde":"Buch (SH)","fkt":"VO","fkt_text":"verkehrsorientiert","tempo":50,"dtv":3000,"laerm_tag_db":75.0,"bus":false,"linien":[],"haltestellen":[],"bus_anteil":0.0,"bus_text":"nein","laenge_m":75,"abschnitt":"Hardstrasse","abschnitt_km":0.393,"unfaelle":2,"unf_fuss":0,"unf_velo":1,"fassaden_igw":0,"initiative":false,"gegenvorschlag":true,"vorlage":"gegenvorschlag"},"geometry":{"type":"LineString","coordinates":[[8.787270930572495,47.720885062061214],[8.787288584194986,47.720703744702725],[8.787292060750183,47.72060581759551],[8.78728194057428,47.72046442505651],[8.787251470723088,47.720326317707105],[8.787213984740374,47.72021835124543]]}},{"type":"Feature","properties":{"nr":"82","achse":"Gottmadingen - Ramsen","strasse":"Wattgrabenweg","gemeinde":"Ramsen","fkt":"VO","fkt_text":"verkehrsorientiert","tempo":50,"dtv":3322,"laerm_tag_db":75.3,"bus":true,"linien":["25"],"haltestellen":["Ramsen, Brücke"],"bus_anteil":1.0,"bus_text":"ja","laenge_m":67,"abschnitt":"Wattgrabenweg","abschnitt_km":0.005,"unfaelle":1,"unf_fuss":0,"unf_velo":0,"fassaden_igw":0,"initiative":true,"gegenvorschlag":true,"vorlage":"gegenvorschlag"},"geometry":{"type":"LineString","coordinates":[[8.807512191130705,47.70784087550608],[8.807538071392738,47.70782700689937],[8.80761911758241,47.70777692404015],[8.807682375849032,47.70773414735855],[8.807727868557501,47.707697993035254],[8.807775465824598,47.70766180490599],[8.807855943224844,47.70758819881836],[8.807921857546265,47.707521896929514],[8.807981000374904,47.70745294943214],[8.80802049284858,47.70740482197039],[8.808045464081665,47.70736200148513]]}},{"type":"Feature","properties":{"nr":"H4","achse":"Bargen Schaffhausen","strasse":"Schweizersbildstrasse","gemeinde":"Schaffhausen","fkt":"VO","fkt_text":"verkehrsorientiert","tempo":50,"dtv":8251,"laerm_tag_db":79.4,"bus":true,"linien":["6","10","N2"],"haltestellen":["Schaffhausen, Dachsenbüel"],"bus_anteil":1.0,"bus_text":"ja","laenge_m":108,"abschnitt":"Schweizersbildstrasse","abschnitt_km":1.775,"unfaelle":20,"unf_fuss":2,"unf_velo":7,"fassaden_igw":34,"initiative":true,"gegenvorschlag":true,"vorlage":"gegenvorschlag"},"geometry":{"type":"LineString","coordinates":[[8.643490117427076,47.72214656767503],[8.643374651212794,47.72223400950372],[8.643261336300345,47.72231584352686],[8.64321122975157,47.722346205394885],[8.643091628458665,47.722413048092214],[8.642912491910334,47.72249834281211],[8.642680991411687,47.722600360077244],[8.642360284832696,47.72273318814461]]}},{"type":"Feature","properties":{"nr":"H13","achse":"Neuhausen - Erzingen","strasse":"Grebenstrasse","gemeinde":"Neunkirch","fkt":"VO","fkt_text":"verkehrsorientiert","tempo":50,"dtv":9035,"laerm_tag_db":79.6,"bus":true,"linien":["N77"],"haltestellen":[],"bus_anteil":1.0,"bus_text":"ja","laenge_m":113,"abschnitt":"Grebenstrasse","abschnitt_km":0.109,"unfaelle":1,"unf_fuss":0,"unf_velo":0,"fassaden_igw":0,"initiative":true,"gegenvorschlag":true,"vorlage":"gegenvorschlag"},"geometry":{"type":"LineString","coordinates":[[8.504250316314591,47.687686506057034],[8.504230924588112,47.68769589383166],[8.504054172051374,47.687771661813954],[8.503608529764849,47.687962284261886],[8.503449204295286,47.688011179138456],[8.503307058110234,47.688038690345934],[8.503143497468383,47.68806046144948],[8.502883245915495,47.68807562581289]]}},{"type":"Feature","properties":{"nr":"H15","achse":"Herblingen - Thayngen","strasse":"Gennersbrunnerstrasse","gemeinde":"Schaffhausen","fkt":"VO","fkt_text":"verkehrsorientiert","tempo":50,"dtv":7018,"laerm_tag_db":78.6,"bus":true,"linien":["5","9","24","N76"],"haltestellen":["Schaffhausen, Post Herblingen"],"bus_anteil":1.0,"bus_text":"ja","laenge_m":195,"abschnitt":"Gennersbrunnerstrasse","abschnitt_km":0.978,"unfaelle":38,"unf_fuss":7,"unf_velo":7,"fassaden_igw":24,"initiative":true,"gegenvorschlag":true,"vorlage":"gegenvorschlag"},"geometry":{"type":"LineString","coordinates":[[8.662175969545157,47.72200551845535],[8.662231738295022,47.721972057644216],[8.662278035622148,47.721913467675286],[8.66229367729689,47.72186704573121],[8.662303181251634,47.72174711558328],[8.662374024733307,47.72105111587161],[8.66243709236028,47.72052391160767],[8.662431392850214,47.72041458371825],[8.66244200684464,47.72028330906031]]}},{"type":"Feature","properties":{"nr":"H14","achse":"Schaffhausen - Stühlingen","strasse":"Hauptstrasse","gemeinde":"Löhningen","fkt":"VO","fkt_text":"verkehrsorientiert","tempo":50,"dtv":6981,"laerm_tag_db":79.0,"bus":true,"linien":["21"],"haltestellen":["Löhningen, Dorf"],"bus_anteil":1.0,"bus_text":"ja","laenge_m":389,"abschnitt":"Hauptstrasse","abschnitt_km":0.389,"unfaelle":6,"unf_fuss":3,"unf_velo":0,"fassaden_igw":56,"initiative":true,"gegenvorschlag":true,"vorlage":"gegenvorschlag"},"geometry":{"type":"LineString","coordinates":[[8.553242745324862,47.70135912850799],[8.553041077387821,47.70133437671242],[8.552882157611155,47.70131306425005],[8.552664108634351,47.7012829284624],[8.552530241607494,47.70126180711222],[8.552406566293268,47.70124380784153],[8.552249474283274,47.7012156144901],[8.55202320551356,47.70118167979497],[8.55177373320386,47.701141050408516],[8.551625828744676,47.70112777041785],[8.551407815783637,47.70111195956882],[8.551140206782318,47.70109650611396],[8.550799269664406,47.70109079280975],[8.55049871168258,47.70109818341632],[8.550257811772862,47.70110661263458],[8.550032594643833,47.70111191434091],[8.54989307152611,47.70111388697234],[8.549776279181925,47.70111780072243],[8.549609029990963,47.701123599736775],[8.549452905957587,47.70113257503823],[8.549244383650075,47.70114997463725],[8.549011801362374,47.70117321604224],[8.548773778702024,47.70120070919283],[8.548571119558199,47.70122834084292],[8.548387901154879,47.70125860167774],[8.548130122291655,47.70131615157687]]}},{"type":"Feature","properties":{"nr":"H13","achse":"Wagenhausen - Schaffhausen","strasse":"Rheinuferstrasse","gemeinde":"Schaffhausen","fkt":"VO","fkt_text":"verkehrsorientiert","tempo":50,"dtv":18170,"laerm_tag_db":82.7,"bus":true,"linien":["6","8","25","630","632","634","N3","N69"],"haltestellen":["Schaffhausen, Rhybadi"],"bus_anteil":1.0,"bus_text":"ja","laenge_m":127,"abschnitt":"Rheinuferstrasse","abschnitt_km":0.653,"unfaelle":28,"unf_fuss":3,"unf_velo":2,"fassaden_igw":43,"initiative":true,"gegenvorschlag":true,"vorlage":"gegenvorschlag"},"geometry":{"type":"LineString","coordinates":[[8.638358648812906,47.69454573368737],[8.639052528684163,47.69478891498767],[8.639210401143796,47.694842589939235],[8.639682653057264,47.69502203893901],[8.63977194272224,47.6950586312403],[8.639841755483777,47.69508700614878]]}},{"type":"Feature","properties":{"nr":"H4","achse":"Bargen Schaffhausen","strasse":"Klettgauerstrasse","gemeinde":"Neuhausen am Rheinfall","fkt":"VO","fkt_text":"verkehrsorientiert","tempo":50,"dtv":14359,"laerm_tag_db":82.1,"bus":true,"linien":["1","7","21","N4","N77"],"haltestellen":["Neuhausen, Kreuzstrasse","Neuhausen, Rheinhof","Neuhausen, Rhytech"],"bus_anteil":1.0,"bus_text":"ja","laenge_m":398,"abschnitt":"Klettgauerstrasse","abschnitt_km":0.984,"unfaelle":42,"unf_fuss":4,"unf_velo":5,"fassaden_igw":56,"initiative":true,"gegenvorschlag":true,"vorlage":"gegenvorschlag"},"geometry":{"type":"LineString","coordinates":[[8.612606772342989,47.68371805961866],[8.612735239051089,47.683642999367095],[8.61282328415142,47.68359811856105],[8.61293857061896,47.68355099260672],[8.613855163388298,47.683271662372725],[8.614019352018552,47.6832333407507],[8.614187585761995,47.68318104581472],[8.614548847016689,47.683069602451475],[8.61506438347878,47.68291260484243],[8.615533331287857,47.68276121258322],[8.615881609585456,47.68265136258013],[8.616575737114754,47.68243762024341],[8.616898521790738,47.68233749659626],[8.61705722050373,47.68229629414898],[8.617141505744693,47.68227784637723],[8.6172215996235,47.682266771413005],[8.617334424347218,47.682261957150935],[8.617415007323952,47.682272868143194]]}},{"type":"Feature","properties":{"nr":"H13","achse":"Neuhausen - Erzingen","strasse":"Zollstrasse","gemeinde":"Trasadingen","fkt":"VO","fkt_text":"verkehrsorientiert","tempo":50,"dtv":6613,"laerm_tag_db":77.9,"bus":false,"linien":[],"haltestellen":[],"bus_anteil":0.0,"bus_text":"nein","laenge_m":271,"abschnitt":"Zollstrasse","abschnitt_km":0.684,"unfaelle":5,"unf_fuss":1,"unf_velo":0,"fassaden_igw":0,"initiative":false,"gegenvorschlag":true,"vorlage":"gegenvorschlag"},"geometry":{"type":"LineString","coordinates":[[8.437328297426559,47.667346131444106],[8.437221214919989,47.66723845764585],[8.437196876784359,47.66721237720441],[8.437181532703999,47.66719724617121],[8.436937373309862,47.66696362819407],[8.43664333734985,47.6666804042215],[8.436323606903445,47.666366028874435],[8.435989870665619,47.66604160060013],[8.43567545372195,47.665742440767765],[8.435508049677239,47.66558446661884],[8.435394287553219,47.66547521152369],[8.435262077239592,47.6653527673968]]}},{"type":"Feature","properties":{"nr":"76","achse":"Zentrum Schaffhausen - Schweizersbild","strasse":"Gemsgasse","gemeinde":"Schaffhausen","fkt":"VO","fkt_text":"verkehrsorientiert","tempo":50,"dtv":2193,"laerm_tag_db":75.1,"bus":true,"linien":["3","6","24","N2"],"haltestellen":["Schaffhausen, Gemsstübli"],"bus_anteil":1.0,"bus_text":"ja","laenge_m":457,"abschnitt":"Gemsgasse","abschnitt_km":1.1,"unfaelle":25,"unf_fuss":3,"unf_velo":8,"fassaden_igw":25,"initiative":true,"gegenvorschlag":true,"vorlage":"gegenvorschlag"},"geometry":{"type":"LineString","coordinates":[[8.641870805167013,47.712995602299486],[8.641847305787532,47.7130376416995],[8.641826745941799,47.713088815784964],[8.641818265696063,47.713146097838454],[8.641832904494557,47.713203833159014],[8.641874169650064,47.71330786497839],[8.641966220078453,47.713553057113955],[8.642061107274975,47.71380457871038],[8.642179186624778,47.71412772394432],[8.642195404685772,47.71417575607504],[8.642272792449244,47.71439548417196],[8.642329203390984,47.71459643361071],[8.642370718117801,47.71475883512412],[8.642405269025987,47.714949055892895],[8.642436200703374,47.71512252190913],[8.642454948454578,47.71528296452685],[8.64246607559094,47.71539310942896],[8.642476311365042,47.7155601789672],[8.642482443147262,47.71568859786928],[8.642482817646416,47.71575430574264],[8.642481915418532,47.71590688398646],[8.642478702916488,47.71600474734491],[8.64246792453515,47.71614792995073],[8.642459668836027,47.71626197214947],[8.642440009112143,47.716397313805494],[8.642437551228182,47.71643165218544],[8.642388883903765,47.71671619339533],[8.642370008083216,47.716839132868564],[8.642356881474303,47.716925361387965],[8.642349666573931,47.71698671366103],[8.642345672996159,47.717047304047426]]}},{"type":"Feature","properties":{"nr":"H13","achse":"Wagenhausen - Schaffhausen","strasse":"Wagenhauserstrasse","gemeinde":"Stein am Rhein","fkt":"VO","fkt_text":"verkehrsorientiert","tempo":50,"dtv":6455,"laerm_tag_db":78.4,"bus":true,"linien":["33","825"],"haltestellen":[],"bus_anteil":1.0,"bus_text":"ja","laenge_m":356,"abschnitt":"Wagenhauserstrasse","abschnitt_km":0.746,"unfaelle":14,"unf_fuss":3,"unf_velo":2,"fassaden_igw":59,"initiative":true,"gegenvorschlag":true,"vorlage":"gegenvorschlag"},"geometry":{"type":"LineString","coordinates":[[8.852184006927088,47.658175488700785],[8.852233030458425,47.658160122370916],[8.852368064173856,47.65811747091339],[8.852620821704257,47.65805106955997],[8.853189257404527,47.65790440216859],[8.853634708084872,47.657786961854406],[8.853853967281744,47.65772161362932],[8.854102796487606,47.657641359866034],[8.85433359412568,47.65755944549669],[8.854740639048059,47.65741841695434],[8.855200827915857,47.65725842510878],[8.85543995498107,47.65716749298518],[8.855753976266898,47.65703900133031],[8.85602597136919,47.656921662736316],[8.856138576837239,47.656833119100895],[8.85630102623997,47.65679731512827],[8.856413796818526,47.65677319920033]]}},{"type":"Feature","properties":{"nr":"H15","achse":"Herblingen - Thayngen","strasse":"Gennersbrunnerstrasse","gemeinde":"Schaffhausen","fkt":"VO","fkt_text":"verkehrsorientiert","tempo":50,"dtv":10177,"laerm_tag_db":80.9,"bus":true,"linien":["9"],"haltestellen":[],"bus_anteil":1.0,"bus_text":"ja","laenge_m":98,"abschnitt":"Gennersbrunnerstrasse","abschnitt_km":0.978,"unfaelle":38,"unf_fuss":7,"unf_velo":7,"fassaden_igw":24,"initiative":true,"gegenvorschlag":true,"vorlage":"gegenvorschlag"},"geometry":{"type":"LineString","coordinates":[[8.662618354265145,47.71826015920093],[8.66274223171898,47.71798888369812],[8.663053489665739,47.71742496759872]]}},{"type":"Feature","properties":{"nr":"76","achse":"Zentrum Schaffhausen - Schweizersbild","strasse":"Gemsgasse","gemeinde":"Schaffhausen","fkt":"VO","fkt_text":"verkehrsorientiert","tempo":50,"dtv":4274,"laerm_tag_db":76.5,"bus":true,"linien":["6","10","N2"],"haltestellen":["Schaffhausen, Dachsenbüel"],"bus_anteil":1.0,"bus_text":"ja","laenge_m":129,"abschnitt":"Gemsgasse","abschnitt_km":1.1,"unfaelle":25,"unf_fuss":3,"unf_velo":8,"fassaden_igw":25,"initiative":true,"gegenvorschlag":true,"vorlage":"gegenvorschlag"},"geometry":{"type":"LineString","coordinates":[[8.642409577900086,47.72125195464651],[8.64254556299104,47.72136700348518],[8.642774488307666,47.72154637851624],[8.642941014527535,47.72168088882177],[8.643179742504392,47.72185805687968],[8.643287588310804,47.72194126011655],[8.643396442859776,47.72204534631777],[8.643490117427076,47.72214656767503]]}},{"type":"Feature","properties":{"nr":"H13","achse":"Neuhausen - Erzingen","strasse":"Zollstrasse","gemeinde":"Trasadingen","fkt":"VO","fkt_text":"verkehrsorientiert","tempo":50,"dtv":5484,"laerm_tag_db":77.0,"bus":false,"linien":[],"haltestellen":[],"bus_anteil":0.0,"bus_text":"nein","laenge_m":385,"abschnitt":"Zollstrasse","abschnitt_km":0.684,"unfaelle":5,"unf_fuss":1,"unf_velo":0,"fassaden_igw":0,"initiative":false,"gegenvorschlag":true,"vorlage":"gegenvorschlag"},"geometry":{"type":"LineString","coordinates":[[8.435262077239592,47.6653527673968],[8.435126733386916,47.66522366740582],[8.434999038095754,47.66510336081065],[8.43485623795998,47.66497559262139],[8.434747569535546,47.664871563729406],[8.434669447547808,47.664798886974],[8.434591032936154,47.66472337954252],[8.434493094987324,47.66462209154032],[8.434381177097327,47.6645016400052],[8.434218534130133,47.66431460829838],[8.434044480430934,47.66411755581118],[8.433859026719333,47.66391175056433],[8.433669762440397,47.663702173165746],[8.433483390214228,47.66351182699566],[8.433249970917355,47.66327833407249],[8.433063946334595,47.66309855228287],[8.432836224285682,47.66287119766953],[8.43243877626298,47.662467419030556]]}},{"type":"Feature","properties":{"nr":"H14","achse":"Schaffhausen - Stühlingen","strasse":"Schaffhauserstrasse","gemeinde":"Schleitheim","fkt":"VO","fkt_text":"verkehrsorientiert","tempo":50,"dtv":3347,"laerm_tag_db":75.7,"bus":true,"linien":["21"],"haltestellen":["Schleitheim, Bahnhofstrasse"],"bus_anteil":1.0,"bus_text":"ja","laenge_m":364,"abschnitt":"Schaffhauserstrasse","abschnitt_km":0.527,"unfaelle":6,"unf_fuss":0,"unf_velo":0,"fassaden_igw":1,"initiative":true,"gegenvorschlag":true,"vorlage":"gegenvorschlag"},"geometry":{"type":"LineString","coordinates":[[8.479705367609581,47.74431117704389],[8.479211714908171,47.74473893403841],[8.479097335897293,47.74484017548187],[8.479027951630506,47.744919950837236],[8.478970972331707,47.745005362280175],[8.47894682126853,47.74507579318585],[8.478937640920531,47.74513652975698],[8.478937409505624,47.74517292091425],[8.478949897672267,47.74523026190719],[8.47898176313152,47.74531416830758],[8.479029481796527,47.745386456779485],[8.479101964103055,47.745464909383024],[8.479170108466585,47.74551533096039],[8.479247604934608,47.74556055134852],[8.479316431904717,47.7455982044732],[8.479417604440822,47.74564512864032],[8.479772873390147,47.74581293165921],[8.480182697831065,47.74600449258053],[8.480257210595123,47.74603828085907],[8.480330042184336,47.746084207841925],[8.480374212885291,47.74611635204099],[8.48041565771161,47.74615362913501],[8.480457391495495,47.74620558157528],[8.480486943855876,47.746254477259065],[8.480505706362123,47.74629310866043],[8.480511017786814,47.74631973682513],[8.480512811184242,47.746351226188146],[8.480511193408761,47.746391650002145],[8.480498003263948,47.74645318706363],[8.480482013034655,47.74649373958725],[8.480439217402795,47.746574141023814],[8.480369674321958,47.746695991722206],[8.480310532953494,47.746797558067286],[8.480240747873188,47.746909175850924]]}},{"type":"Feature","properties":{"nr":"H4","achse":"Bargen Schaffhausen","strasse":"Bachstrasse","gemeinde":"Schaffhausen","fkt":"VO","fkt_text":"verkehrsorientiert","tempo":50,"dtv":9738,"laerm_tag_db":79.3,"bus":true,"linien":["6","8","25","630","632","634","N3","N69"],"haltestellen":["Schaffhausen, Bachstrasse","Schaffhausen, Rhybadi"],"bus_anteil":1.0,"bus_text":"ja","laenge_m":160,"abschnitt":"Bachstrasse","abschnitt_km":0.912,"unfaelle":75,"unf_fuss":5,"unf_velo":24,"fassaden_igw":146,"initiative":true,"gegenvorschlag":true,"vorlage":"gegenvorschlag"},"geometry":{"type":"LineString","coordinates":[[8.638358648812906,47.69454573368737],[8.638265666577206,47.69463954162727],[8.638217781416902,47.694709309942155],[8.638193837453315,47.69478501917072],[8.63819591014715,47.69487654161857],[8.638224899785826,47.694943033933804],[8.638231307357252,47.6950641927693],[8.638238187233636,47.69528679325987],[8.638236245944553,47.69533343067546],[8.638222926240795,47.69542178411032],[8.638200567905734,47.695486342024246],[8.638167221105741,47.695551013357125],[8.638119825668332,47.69564303739173],[8.638078687022102,47.69576839259425],[8.638068902814979,47.69582168576617],[8.638061447519219,47.69589722474094],[8.638054212781759,47.69593779166895]]}},{"type":"Feature","properties":{"nr":"H13","achse":"Neuhausen - Erzingen","strasse":"Zollstrasse","gemeinde":"Trasadingen","fkt":"VO","fkt_text":"verkehrsorientiert","tempo":20,"dtv":5484,"laerm_tag_db":70.7,"bus":false,"linien":[],"haltestellen":[],"bus_anteil":0.0,"bus_text":"nein","laenge_m":52,"abschnitt":"Zollstrasse","abschnitt_km":0.684,"unfaelle":5,"unf_fuss":1,"unf_velo":0,"fassaden_igw":0,"initiative":false,"gegenvorschlag":true,"vorlage":"gegenvorschlag"},"geometry":{"type":"LineString","coordinates":[[8.43243877626298,47.662467419030556],[8.432054116783531,47.662080771288984]]}},{"type":"Feature","properties":{"nr":"82","achse":"Gottmadingen - Ramsen","strasse":"Steinerstrasse","gemeinde":"Buch (SH)","fkt":"VO","fkt_text":"verkehrsorientiert","tempo":50,"dtv":3000,"laerm_tag_db":74.9,"bus":false,"linien":[],"haltestellen":[],"bus_anteil":0.0,"bus_text":"nein","laenge_m":375,"abschnitt":"Steinerstrasse","abschnitt_km":0.373,"unfaelle":1,"unf_fuss":0,"unf_velo":0,"fassaden_igw":3,"initiative":false,"gegenvorschlag":true,"vorlage":"gegenvorschlag"},"geometry":{"type":"LineString","coordinates":[[8.784811089785592,47.727328098047366],[8.785222136809427,47.72709250487704],[8.785390061918294,47.7269949669846],[8.786006002774585,47.72663866654844],[8.786420368219353,47.726400835850015],[8.786620386569302,47.72628645523583],[8.786715416580046,47.72622769902941],[8.78682516582195,47.72616590283314],[8.786932155439917,47.7260993984587],[8.787000111739983,47.72603702539834],[8.787046681448473,47.725988086191],[8.787088383879242,47.725918678088014],[8.78712238353529,47.7258456985674],[8.78715041743865,47.72575151636143],[8.787157680045777,47.72567084187737],[8.787160001658277,47.725530699444285],[8.78715235583939,47.725408490615706],[8.787134325519473,47.725034593627456],[8.787110904574334,47.72464844570203]]}},{"type":"Feature","properties":{"nr":"H4","achse":"Bargen Schaffhausen","strasse":"Fulachstrasse","gemeinde":"Schaffhausen","fkt":"VO","fkt_text":"verkehrsorientiert","tempo":50,"dtv":12441,"laerm_tag_db":81.9,"bus":true,"linien":["1","4","5","N3","N76"],"haltestellen":["Schaffhausen, Schönenberg"],"bus_anteil":1.0,"bus_text":"ja","laenge_m":584,"abschnitt":"Fulachstrasse","abschnitt_km":0.585,"unfaelle":28,"unf_fuss":4,"unf_velo":3,"fassaden_igw":32,"initiative":true,"gegenvorschlag":true,"vorlage":"gegenvorschlag"},"geometry":{"type":"LineString","coordinates":[[8.63749411341334,47.7017322115952],[8.637494315872162,47.701732326432136],[8.6375339462716,47.70177963217884],[8.637553128376473,47.701816517636594],[8.63757346873677,47.70187808038469],[8.63758752954447,47.70198772825722],[8.63759907541557,47.70210281661153],[8.637617039561537,47.70223420829821],[8.637630086776934,47.702336743155826],[8.637654910623116,47.70248686205738],[8.637711847883446,47.702730639622914],[8.637789162860278,47.70301756820379],[8.637868052942336,47.70328281329666],[8.63793173461269,47.70353955377927],[8.63799899222741,47.703765892707246],[8.638067634860167,47.70396040461698],[8.638108662466992,47.7040698909841],[8.638169929253731,47.70422109965937],[8.638253042271572,47.70439084482796],[8.638340412769415,47.7045591069055],[8.638442796852027,47.70472719594243],[8.638538459801778,47.70488384163027],[8.63872508485975,47.705181306443755],[8.638867289658966,47.705408345973105],[8.639014021962236,47.70564401801178],[8.63915185441209,47.70586381699011],[8.639243749298144,47.70599219608993],[8.639328941530275,47.70611643504674],[8.639404184579057,47.70622264432037],[8.639529909062334,47.70642429160524],[8.63964785154965,47.706600628401404],[8.639724706022426,47.7067273007066]]}},{"type":"Feature","properties":{"nr":"H330","achse":"Stein am Rhein - Öhningen","strasse":"Oehningerstrasse","gemeinde":"Stein am Rhein","fkt":"VO","fkt_text":"verkehrsorientiert","tempo":40,"dtv":3448,"laerm_tag_db":73.9,"bus":true,"linien":["33"],"haltestellen":[],"bus_anteil":0.18,"bus_text":"teilweise","laenge_m":107,"abschnitt":"Oehningerstrasse","abschnitt_km":1.181,"unfaelle":16,"unf_fuss":1,"unf_velo":11,"fassaden_igw":15,"initiative":true,"gegenvorschlag":true,"vorlage":"gegenvorschlag"},"geometry":{"type":"LineString","coordinates":[[8.862285905751154,47.659602722550126],[8.862345773229205,47.65958368400898],[8.862398294750175,47.65957468380222],[8.862447940449984,47.65957014429592],[8.86255069897268,47.659563748137025],[8.862676658557401,47.65956161873174],[8.862808398582562,47.65956006591836],[8.862831477896181,47.65955980082732],[8.862928423910171,47.65955411426076],[8.863040375144289,47.65954101168756],[8.86314650673414,47.659525380894884],[8.86329465949417,47.659501417910775],[8.863364393050333,47.6594888510012],[8.86337587053639,47.65948739692218],[8.863469708889989,47.65947457914566],[8.86361840121672,47.659461780714864],[8.863691056521226,47.65945686833876]]}},{"type":"Feature","properties":{"nr":"H15","achse":"Herblingen - Thayngen","strasse":"Bahnhofstrasse","gemeinde":"Thayngen","fkt":"VO","fkt_text":"verkehrsorientiert","tempo":50,"dtv":3314,"laerm_tag_db":75.5,"bus":true,"linien":["24","N76"],"haltestellen":["Thayngen, Bahnhof"],"bus_anteil":0.72,"bus_text":"teilweise","laenge_m":99,"abschnitt":"Bahnhofstrasse","abschnitt_km":1.003,"unfaelle":13,"unf_fuss":4,"unf_velo":5,"fassaden_igw":29,"initiative":true,"gegenvorschlag":true,"vorlage":"gegenvorschlag"},"geometry":{"type":"LineString","coordinates":[[8.706080225307963,47.74561371399491],[8.70603589651233,47.74569154731134],[8.705989519243754,47.745752898535144],[8.705936123961248,47.74579628379938],[8.705885349257347,47.74582492594479],[8.705837235507222,47.7458421793794],[8.705771839719436,47.745854998037224],[8.705706625406043,47.74585534869473],[8.705641283429355,47.74585092477655],[8.705554772712993,47.74583790806858],[8.705174036560843,47.745768760596704],[8.705055070668118,47.74574916237338],[8.70497494990033,47.74574013205569]]}},{"type":"Feature","properties":{"nr":"H332","achse":"Rielasingen - Rheinbrücke","strasse":"Moskau","gemeinde":"Ramsen","fkt":"VO","fkt_text":"verkehrsorientiert","tempo":50,"dtv":8374,"laerm_tag_db":79.3,"bus":true,"linien":["25","33"],"haltestellen":["Ramsen, Zoll"],"bus_anteil":1.0,"bus_text":"ja","laenge_m":312,"abschnitt":"Moskau","abschnitt_km":0.404,"unfaelle":7,"unf_fuss":0,"unf_velo":4,"fassaden_igw":14,"initiative":true,"gegenvorschlag":true,"vorlage":"gegenvorschlag"},"geometry":{"type":"LineString","coordinates":[[8.822327940328087,47.71154211046819],[8.82221006932577,47.7114382951653],[8.822077885195641,47.71132731953471],[8.821945912367989,47.71120349699538],[8.82183685999247,47.71108417765835],[8.821721658093947,47.71093706621868],[8.821637417957295,47.71081048064146],[8.821546047983349,47.710646121686246],[8.821500583477436,47.71054227163551],[8.821459549448761,47.71042690976929],[8.821384510720657,47.7101744614159],[8.821280245513655,47.7098219092901],[8.821213217743338,47.7095847731891],[8.821141825708645,47.70930551338602],[8.821090431212522,47.709063792871575],[8.821064294241726,47.708915621302]]}},{"type":"Feature","properties":{"nr":"H330","achse":"Stein am Rhein - Öhningen","strasse":"Oehningerstrasse","gemeinde":"Stein am Rhein","fkt":"VO","fkt_text":"verkehrsorientiert","tempo":50,"dtv":3448,"laerm_tag_db":75.8,"bus":true,"linien":[],"haltestellen":["Stein am Rhein, Grenzstein"],"bus_anteil":0.0,"bus_text":"ja","laenge_m":412,"abschnitt":"Oehningerstrasse","abschnitt_km":1.181,"unfaelle":16,"unf_fuss":1,"unf_velo":11,"fassaden_igw":15,"initiative":true,"gegenvorschlag":true,"vorlage":"gegenvorschlag"},"geometry":{"type":"LineString","coordinates":[[8.871610765233871,47.65822447226765],[8.871908164517226,47.65822638729931],[8.872129942618438,47.65822487271362],[8.872302665647199,47.65822455708813],[8.87237729937256,47.65822839379851],[8.872477727601545,47.65824376715398],[8.872608350958032,47.658272412717416],[8.872700569864403,47.658308638417644],[8.872785118104234,47.658352658394804],[8.872876157408022,47.658410225348284],[8.872940849579493,47.65846633671904],[8.872988990348848,47.65852678116447],[8.87304127836185,47.6586120631407],[8.873087545887284,47.658702159764026],[8.873260726244649,47.65900935343644],[8.87345414106342,47.659351286806576],[8.87365285251484,47.65969500731978],[8.87370192510545,47.65975783258038],[8.873765010083227,47.65981989096941],[8.873839260492288,47.659872906403756],[8.873926677298384,47.659926361695085],[8.874019155947963,47.65997203675738],[8.874124627214302,47.6600122261644],[8.874684809659088,47.66022463002472],[8.874845090196013,47.660278343794964],[8.87502135091568,47.66033658196613],[8.875128421652853,47.66036843044074],[8.875207984971034,47.66038995124142],[8.875339948462383,47.66040491401456],[8.87538890943043,47.660407537352036]]}},{"type":"Feature","properties":{"nr":"73","achse":"Hallau - Neunkirch","strasse":"Namenlos","gemeinde":"Neunkirch","fkt":"VO","fkt_text":"verkehrsorientiert","tempo":50,"dtv":5668,"laerm_tag_db":77.7,"bus":true,"linien":["21","N77"],"haltestellen":["Neunkirch, Schweizerbund"],"bus_anteil":1.0,"bus_text":"ja","laenge_m":99,"abschnitt":"","abschnitt_km":null,"unfaelle":null,"unf_fuss":null,"unf_velo":null,"fassaden_igw":null,"initiative":true,"gegenvorschlag":true,"vorlage":"gegenvorschlag"},"geometry":{"type":"LineString","coordinates":[[8.500423561661998,47.68953494003971],[8.500427997732126,47.68946516840486],[8.500434585066595,47.6893970590047],[8.500456923212408,47.68932459645491],[8.500481808858215,47.68928486706356],[8.50052890064984,47.68923787439786],[8.500586891770784,47.68919237406239],[8.500662246567463,47.68915122104552],[8.500748118007385,47.68911639363341],[8.500853196372773,47.68908550088926],[8.500928279394813,47.68906336366929],[8.501012403207298,47.689034398186976],[8.50109806514662,47.68899180153827],[8.501163888730606,47.68895298384883],[8.501227741531514,47.68891021775051]]}},{"type":"Feature","properties":{"nr":"H13","achse":"Neuhausen - Erzingen","strasse":"Klettgauerstrasse","gemeinde":"Neuhausen am Rheinfall","fkt":"VO","fkt_text":"verkehrsorientiert","tempo":50,"dtv":8703,"laerm_tag_db":79.4,"bus":true,"linien":["21","N77"],"haltestellen":["Neuhausen, Engestrasse"],"bus_anteil":1.0,"bus_text":"ja","laenge_m":223,"abschnitt":"Klettgauerstrasse","abschnitt_km":0.984,"unfaelle":42,"unf_fuss":4,"unf_velo":5,"fassaden_igw":56,"initiative":true,"gegenvorschlag":true,"vorlage":"gegenvorschlag"},"geometry":{"type":"LineString","coordinates":[[8.611418487367406,47.68730968234943],[8.611441449280417,47.68740705637044],[8.611456461000413,47.68754422931212],[8.611457862485775,47.687653864266366],[8.611419951621452,47.687870424094605],[8.611396791820503,47.68798434536087],[8.611361650932428,47.68815877502907],[8.611328370761226,47.68828548931364],[8.611274397834194,47.68842879096551],[8.611170030391358,47.688612904412885],[8.611045444339409,47.68878631171207],[8.610908215106047,47.68894763220538],[8.61077716000822,47.68908641358107],[8.61065622562877,47.689188962773486]]}},{"type":"Feature","properties":{"nr":"H13","achse":"Neuhausen - Erzingen","strasse":"Klettgauerstrasse","gemeinde":"Neuhausen am Rheinfall","fkt":"VO","fkt_text":"verkehrsorientiert","tempo":50,"dtv":7545,"laerm_tag_db":79.4,"bus":true,"linien":["1","7","21","N4","N77"],"haltestellen":["Neuhausen, Engestrasse","Neuhausen, Kreuzstrasse"],"bus_anteil":1.0,"bus_text":"ja","laenge_m":423,"abschnitt":"Klettgauerstrasse","abschnitt_km":0.984,"unfaelle":42,"unf_fuss":4,"unf_velo":5,"fassaden_igw":56,"initiative":true,"gegenvorschlag":true,"vorlage":"gegenvorschlag"},"geometry":{"type":"LineString","coordinates":[[8.612606772342989,47.68371805961866],[8.612540865949565,47.683808128701806],[8.612218127624363,47.68428331001266],[8.612183294838372,47.6843343176301],[8.612008829454508,47.68457759406356],[8.611838523113374,47.684822896883034],[8.611777059506538,47.684924847015715],[8.611640752021415,47.68512303596915],[8.611430304028081,47.68541621513155],[8.61138047901769,47.68548681042404],[8.611356660829514,47.685525213531655],[8.611329033018864,47.68557684968292],[8.611314303188385,47.68560822646636],[8.611285240736878,47.685688325969465],[8.611256467972321,47.685780915582804],[8.611247185673536,47.685826124532475],[8.611238394567742,47.68589352638677],[8.611230396557955,47.685949821303],[8.611214571470182,47.68607073809977],[8.611206960692535,47.68619087043788],[8.611203896948199,47.6863310860593],[8.611215780484509,47.68645033808771],[8.611234540003718,47.686600407039556],[8.611305528979281,47.68683597904718],[8.61138908066428,47.6871847249908],[8.611418487367406,47.68730968234943]]}},{"type":"Feature","properties":{"nr":"H14","achse":"Schaffhausen - Stühlingen","strasse":"Schwarzwaldstrasse","gemeinde":"Schleitheim","fkt":"VO","fkt_text":"verkehrsorientiert","tempo":50,"dtv":2630,"laerm_tag_db":74.2,"bus":true,"linien":["21"],"haltestellen":["Schleitheim, Bahnhofstrasse"],"bus_anteil":0.06,"bus_text":"ja","laenge_m":325,"abschnitt":"Schwarzwaldstrasse","abschnitt_km":0.767,"unfaelle":3,"unf_fuss":0,"unf_velo":1,"fassaden_igw":0,"initiative":true,"gegenvorschlag":true,"vorlage":"gegenvorschlag"},"geometry":{"type":"LineString","coordinates":[[8.480240747873188,47.746909175850924],[8.480223901657872,47.74693809796583],[8.480203926859446,47.7469611841054],[8.480191499022366,47.74697407561361],[8.480138480936665,47.7470297274558],[8.480049993772921,47.7471173370996],[8.48002048676765,47.747149358467844],[8.479945191464479,47.74723106690238],[8.479887373087967,47.74728676158496],[8.479808035372518,47.74734670504432],[8.479684599504012,47.74742568728191],[8.479584694352498,47.74747931208149],[8.479471328594782,47.74752249845656],[8.479367275415486,47.747551013412966],[8.479262988044885,47.74756898060214],[8.479168170430624,47.74758026152676],[8.479104531993416,47.747584167396916],[8.479049198191998,47.74758384381394],[8.479025113855087,47.7475824313105],[8.478962431565678,47.74757731673084],[8.47886236152557,47.747567652765426],[8.47868857284869,47.7475415954568],[8.478529226475592,47.7475162272382],[8.478313128617872,47.7474808072184],[8.478114932142182,47.747439551745515],[8.477854967187106,47.74737856661477],[8.477607081897933,47.747321529248005],[8.477345819908866,47.74725894467303],[8.477090711959281,47.74720278014262],[8.476946924423231,47.74717647942944],[8.476776671664211,47.74715041470182],[8.476583696749655,47.74713185544065],[8.476453894146315,47.74712711347828]]}},{"type":"Feature","properties":{"nr":"H15","achse":"Herblingen - Thayngen","strasse":"Erlengasse","gemeinde":"Thayngen","fkt":"VO","fkt_text":"verkehrsorientiert","tempo":50,"dtv":5820,"laerm_tag_db":77.8,"bus":false,"linien":[],"haltestellen":[],"bus_anteil":0.0,"bus_text":"nein","laenge_m":93,"abschnitt":"Erlengasse","abschnitt_km":0.428,"unfaelle":5,"unf_fuss":0,"unf_velo":1,"fassaden_igw":0,"initiative":false,"gegenvorschlag":true,"vorlage":"gegenvorschlag"},"geometry":{"type":"LineString","coordinates":[[8.705394142652223,47.743142766884795],[8.705401411688706,47.74329991580483],[8.705403627809881,47.74345654411718],[8.705410617990033,47.74361986609295],[8.705418402273843,47.74368824535835],[8.705430927028535,47.743729608302594],[8.705463665956962,47.74379765280672],[8.705491803294773,47.74383501415361],[8.705593604277572,47.74395378932036]]}},{"type":"Feature","properties":{"nr":"H15","achse":"Herblingen - Thayngen","strasse":"Thayngerstrasse","gemeinde":"Schaffhausen","fkt":"VO","fkt_text":"verkehrsorientiert","tempo":50,"dtv":2608,"laerm_tag_db":75.1,"bus":true,"linien":["5","N76"],"haltestellen":["Schaffhausen, Schlossweiher"],"bus_anteil":1.0,"bus_text":"ja","laenge_m":104,"abschnitt":"Thayngerstrasse","abschnitt_km":0.874,"unfaelle":13,"unf_fuss":1,"unf_velo":1,"fassaden_igw":11,"initiative":true,"gegenvorschlag":true,"vorlage":"gegenvorschlag"},"geometry":{"type":"LineString","coordinates":[[8.664481903039986,47.72953159661653],[8.664471049444442,47.729524596618546],[8.664402879835592,47.72947934585508],[8.66436204489115,47.72945162444108],[8.664322917401622,47.729422796716364],[8.664285552343323,47.72939293405677],[8.664250016978741,47.72936206273771],[8.66421636607501,47.72933024514292],[8.66418465419057,47.72929753466427],[8.664154935883396,47.72926398469345],[8.66405277804979,47.729125093490296],[8.663938353645811,47.72895095724146],[8.663837742679297,47.72878554361708],[8.663809342294526,47.72873000682291]]}},{"type":"Feature","properties":{"nr":"H15","achse":"Herblingen - Thayngen","strasse":"Ernst Homberger-Strasse","gemeinde":"Schaffhausen","fkt":"VO","fkt_text":"verkehrsorientiert","tempo":50,"dtv":5029,"laerm_tag_db":77.7,"bus":true,"linien":["9"],"haltestellen":["Herblingen, Bahnhof"],"bus_anteil":1.0,"bus_text":"ja","laenge_m":53,"abschnitt":"Ernst Homberger-Strasse","abschnitt_km":0.471,"unfaelle":15,"unf_fuss":1,"unf_velo":8,"fassaden_igw":0,"initiative":true,"gegenvorschlag":true,"vorlage":"gegenvorschlag"},"geometry":{"type":"LineString","coordinates":[[8.663409916857093,47.716740402427895],[8.663292748943052,47.71673795812447],[8.663175915916357,47.7167315527056],[8.663059698450457,47.71672121919338],[8.66294440324336,47.71670696335415],[8.662830298266176,47.71668884532875],[8.662717677306158,47.71666688901023]]}},{"type":"Feature","properties":{"nr":"72","achse":"Wichingen - Hallau","strasse":"Bahnhofstrasse","gemeinde":"Wilchingen","fkt":"VO","fkt_text":"verkehrsorientiert","tempo":50,"dtv":2744,"laerm_tag_db":74.9,"bus":true,"linien":["27","N77"],"haltestellen":[],"bus_anteil":1.0,"bus_text":"ja","laenge_m":499,"abschnitt":"Bahnhofstrasse","abschnitt_km":0.831,"unfaelle":1,"unf_fuss":0,"unf_velo":0,"fassaden_igw":0,"initiative":true,"gegenvorschlag":true,"vorlage":"gegenvorschlag"},"geometry":{"type":"LineString","coordinates":[[8.457634929657939,47.67692065301961],[8.457965291411297,47.677048043099546],[8.458072600611974,47.677089490606825],[8.458192004329968,47.67714143588221],[8.458262673656263,47.67718128000277],[8.458414830632693,47.67727918507025],[8.45865574192877,47.6774424710943],[8.45882477203229,47.67755274722649],[8.45895674186571,47.677639586265215],[8.45904279242045,47.67768764132718],[8.459137379392926,47.67773499176444],[8.459818570465714,47.67801772503411],[8.460792629239092,47.67841535864499],[8.461221535528491,47.67859053042074],[8.461576142735776,47.67872971298299],[8.46196704761321,47.678880869667104],[8.46234348563731,47.679019308990725],[8.4627720026389,47.679197932232526],[8.463050069908613,47.67930903093977],[8.463180639422209,47.67936418249273]]}},{"type":"Feature","properties":{"nr":"72","achse":"Wichingen - Hallau","strasse":"Bahnhofstrasse","gemeinde":"Wilchingen","fkt":"VO","fkt_text":"verkehrsorientiert","tempo":50,"dtv":2744,"laerm_tag_db":74.9,"bus":true,"linien":["27","N77"],"haltestellen":[],"bus_anteil":1.0,"bus_text":"ja","laenge_m":130,"abschnitt":"Bahnhofstrasse","abschnitt_km":0.831,"unfaelle":1,"unf_fuss":0,"unf_velo":0,"fassaden_igw":0,"initiative":true,"gegenvorschlag":true,"vorlage":"gegenvorschlag"},"geometry":{"type":"LineString","coordinates":[[8.46429756656684,47.68030585487143],[8.464311648568506,47.68032261241277],[8.464361124112616,47.68038377596869],[8.46439984415935,47.68043008632974],[8.464452581090196,47.68049253418637],[8.46451931028182,47.68056984258033],[8.464575489053233,47.680641514877045],[8.464637583153761,47.68071534745104],[8.464699723487804,47.68079224655643],[8.464773230148596,47.68088181681049],[8.464838653598632,47.68096042269877],[8.464910716802814,47.68104558053623],[8.465004208081933,47.68115954588957],[8.465083661544286,47.68125560209244],[8.465139755250165,47.68132418090572]]}},{"type":"Feature","properties":{"nr":"H4","achse":"Bargen Schaffhausen","strasse":"Ebnatstrasse","gemeinde":"Schaffhausen","fkt":"VO","fkt_text":"verkehrsorientiert","tempo":50,"dtv":6931,"laerm_tag_db":79.3,"bus":true,"linien":["1","9","N3"],"haltestellen":["Schaffhausen, Ebnatring"],"bus_anteil":1.0,"bus_text":"ja","laenge_m":691,"abschnitt":"Ebnatstrasse","abschnitt_km":2.434,"unfaelle":57,"unf_fuss":4,"unf_velo":9,"fassaden_igw":10,"initiative":true,"gegenvorschlag":true,"vorlage":"gegenvorschlag"},"geometry":{"type":"LineString","coordinates":[[8.646788467293359,47.70818597670682],[8.646942042742554,47.708286914830104],[8.647057536800869,47.70833717030231],[8.647325482781456,47.70842331054246],[8.647619459396457,47.70854234123745],[8.64805814413704,47.70875017692248],[8.648572676188785,47.709000879589865],[8.649091703880156,47.70925449229631],[8.649749141174377,47.70957691478557],[8.650096490178942,47.70974151469336],[8.650558055721007,47.70997002320235],[8.650748408351163,47.71005515675313],[8.651053249151335,47.710205023780624],[8.651649812782841,47.710499657697994],[8.652360975257306,47.710850664279214],[8.652743212879558,47.711034310658846],[8.653171331739747,47.71124682466848],[8.653627199640633,47.71147966190949],[8.654254226765639,47.71181304420984]]}},{"type":"Feature","properties":{"nr":"72","achse":"Wichingen - Hallau","strasse":"Bahnhofstrasse","gemeinde":"Wilchingen","fkt":"VO","fkt_text":"verkehrsorientiert","tempo":30,"dtv":2744,"laerm_tag_db":71.1,"bus":true,"linien":["27","N77"],"haltestellen":["Wilchingen-Hallau, Bahnhof"],"bus_anteil":1.0,"bus_text":"ja","laenge_m":142,"abschnitt":"Bahnhofstrasse","abschnitt_km":0.831,"unfaelle":1,"unf_fuss":0,"unf_velo":0,"fassaden_igw":0,"initiative":true,"gegenvorschlag":true,"vorlage":"gegenvorschlag"},"geometry":{"type":"LineString","coordinates":[[8.463180639422209,47.67936418249273],[8.463687224184932,47.67957338631797],[8.463838739573173,47.679637247473],[8.463936258348557,47.679688417620525],[8.463988381283492,47.679727459574806],[8.464032103754073,47.679774922128516],[8.464064992644744,47.67982826345673],[8.46408087646809,47.67988721424841],[8.46408704704405,47.67996038942324],[8.464101636655736,47.68002609717608],[8.464143236189583,47.68011180317267],[8.4642007899217,47.680188509186685],[8.464245560374067,47.68024398510671],[8.46429756656684,47.68030585487143]]}},{"type":"Feature","properties":{"nr":"H4","achse":"Bargen Schaffhausen","strasse":"Schaffhauserstrasse","gemeinde":"Neuhausen am Rheinfall","fkt":"VO","fkt_text":"verkehrsorientiert","tempo":50,"dtv":11253,"laerm_tag_db":80.7,"bus":true,"linien":["1","7","21","N4","N77"],"haltestellen":["Neuhausen, Rheinhof","Neuhausen, Scheidegg"],"bus_anteil":1.0,"bus_text":"ja","laenge_m":697,"abschnitt":"Schaffhauserstrasse","abschnitt_km":1.233,"unfaelle":61,"unf_fuss":6,"unf_velo":11,"fassaden_igw":51,"initiative":true,"gegenvorschlag":true,"vorlage":"gegenvorschlag"},"geometry":{"type":"LineString","coordinates":[[8.617415007323952,47.682272868143194],[8.617487101087452,47.68229193310033],[8.617582386386735,47.68232909305481],[8.617676984839857,47.682383861738735],[8.617787201166308,47.68245753075075],[8.617916327773127,47.682554995501654],[8.618057065923091,47.68266129155991],[8.61826786951353,47.682843840259224],[8.618472274180677,47.683030851768294],[8.618791290493496,47.68332002523737],[8.619191811965026,47.68368752845862],[8.61974214069871,47.684201904335076],[8.619822032723036,47.68428024192417],[8.620047710609944,47.68454508685702],[8.620387093913443,47.68494398606905],[8.620646145986456,47.68524476434321],[8.62070798281586,47.68531669218357],[8.62079675009484,47.68542791187046],[8.620970492518099,47.6856868884524],[8.62104398494422,47.685782676277995],[8.621188668903411,47.68599227277646],[8.621393764557046,47.68628260747695],[8.621550145213712,47.686505279063496],[8.621739799215534,47.68675948738726],[8.622071800507708,47.68720833906846],[8.622161723988139,47.687319168152385],[8.622344114136007,47.68752523109183]]}},{"type":"Feature","properties":{"nr":"H4","achse":"Bargen Schaffhausen","strasse":"Zollstrasse","gemeinde":"Neuhausen am Rheinfall","fkt":"VO","fkt_text":"verkehrsorientiert","tempo":50,"dtv":9608,"laerm_tag_db":79.4,"bus":true,"linien":["1","N4"],"haltestellen":["Neuhausen, Durstgraben","Neuhausen, Rhenania"],"bus_anteil":0.57,"bus_text":"teilweise","laenge_m":773,"abschnitt":"Zollstrasse","abschnitt_km":2.124,"unfaelle":75,"unf_fuss":19,"unf_velo":11,"fassaden_igw":23,"initiative":true,"gegenvorschlag":true,"vorlage":"gegenvorschlag"},"geometry":{"type":"LineString","coordinates":[[8.600107124641724,47.67623315481997],[8.60032069023618,47.67655360850077],[8.6003836239599,47.67663842488279],[8.600511384784665,47.67679477203283],[8.600663059001949,47.67694721017468],[8.600731656816073,47.67701577099922],[8.600847613467499,47.67711777545385],[8.600963052972748,47.677197398189776],[8.601134622497181,47.677298063422285],[8.601263067347885,47.67737676422378],[8.601434322091633,47.67746303231652],[8.601635158742827,47.67754820352751],[8.601798971102005,47.67761935424455],[8.60200067787021,47.677690116266035],[8.603128114538364,47.67811872210059],[8.603505513851086,47.678262112046475],[8.603659600183292,47.67832135930868],[8.603897421385112,47.678418954617655],[8.604034667302793,47.67846636292793],[8.604256635946173,47.67854252124999],[8.604343859252882,47.678578396727985],[8.604421390682155,47.67860414289354],[8.604560852288468,47.678642650992714],[8.604752923647478,47.67870550905803],[8.604951259517843,47.67878430475375],[8.6051644798464,47.67887130635062],[8.605317294719109,47.678935547036204],[8.605405059143367,47.67897899847466],[8.605533568416773,47.67904563261635],[8.605544295612363,47.67905195578401],[8.605676208021183,47.67912856622828],[8.60576524289251,47.679181295733336],[8.605855484996004,47.67924045295097],[8.605898457497116,47.67926862302948],[8.605971701990018,47.679325792309044],[8.606218501636453,47.67952279648827],[8.606523776180554,47.67977926717891],[8.606974540471946,47.68015154153829],[8.60715680786207,47.68030271920983],[8.607460992304349,47.68055705777085],[8.607591472157235,47.680664422935386],[8.607652093900231,47.68072458734279]]}},{"type":"Feature","properties":{"nr":"H4","achse":"Bargen Schaffhausen","strasse":"Rheinuferstrasse","gemeinde":"Schaffhausen","fkt":"VO","fkt_text":"verkehrsorientiert","tempo":50,"dtv":15336,"laerm_tag_db":81.9,"bus":true,"linien":["1","6","21","25","630","632","634","N3","N4","N69","N77"],"haltestellen":["Schaffhausen, Mühlentor"],"bus_anteil":1.0,"bus_text":"ja","laenge_m":101,"abschnitt":"Rheinuferstrasse","abschnitt_km":0.653,"unfaelle":28,"unf_fuss":3,"unf_velo":2,"fassaden_igw":43,"initiative":true,"gegenvorschlag":true,"vorlage":"gegenvorschlag"},"geometry":{"type":"LineString","coordinates":[[8.631713362532388,47.69359034903748],[8.631764524247789,47.693581728897954],[8.63188896068786,47.693557335889814],[8.631982733516756,47.69354019223526],[8.632109082842133,47.69352502546493],[8.632283248734366,47.69350473534396],[8.632455788120236,47.693487942456755],[8.632655814582574,47.69347547195404],[8.632852561418495,47.69346998738975],[8.633046094211572,47.693472621386796]]}},{"type":"Feature","properties":{"nr":"H4","achse":"Bargen Schaffhausen","strasse":"Mühlenstrasse","gemeinde":"Schaffhausen","fkt":"VO","fkt_text":"verkehrsorientiert","tempo":50,"dtv":21236,"laerm_tag_db":84.0,"bus":true,"linien":["1","21","N4","N77"],"haltestellen":["Schaffhausen, Brüggli"],"bus_anteil":1.0,"bus_text":"ja","laenge_m":150,"abschnitt":"Mühlenstrasse","abschnitt_km":0.575,"unfaelle":40,"unf_fuss":1,"unf_velo":9,"fassaden_igw":65,"initiative":true,"gegenvorschlag":true,"vorlage":"gegenvorschlag"},"geometry":{"type":"LineString","coordinates":[[8.626987594793926,47.69309557217867],[8.627026966901612,47.69309169774839],[8.627088166546951,47.69308395739044],[8.627156065293365,47.6930713905123],[8.627229144166542,47.69305992187644],[8.62730712932782,47.69304922148612],[8.627394853237956,47.69303676647064],[8.627523344978279,47.69302564818293],[8.627666014193572,47.69301467250276],[8.627743896153927,47.6930142173521],[8.62784189174915,47.69301544511058],[8.627976763832233,47.69302506478255],[8.62808567508922,47.693038979467644],[8.628220417809802,47.69306656174938],[8.628316567095151,47.693092344392134],[8.628474663310156,47.6931442506557],[8.628667920086029,47.69321412697127],[8.628797740074479,47.69326448753579],[8.628881141408327,47.69329977231356]]}},{"type":"Feature","properties":{"nr":"H329","achse":"Schaffhausen - Ramsen","strasse":"Fischerhäuserstrasse","gemeinde":"Schaffhausen","fkt":"VO","fkt_text":"verkehrsorientiert","tempo":30,"dtv":8892,"laerm_tag_db":76.4,"bus":true,"linien":["6","8","25","630","632","634","N3","N69"],"haltestellen":["Schaffhausen, Schifflände"],"bus_anteil":1.0,"bus_text":"ja","laenge_m":127,"abschnitt":"Fischerhäuserstrasse","abschnitt_km":0.357,"unfaelle":23,"unf_fuss":4,"unf_velo":8,"fassaden_igw":10,"initiative":true,"gegenvorschlag":true,"vorlage":"gegenvorschlag"},"geometry":{"type":"LineString","coordinates":[[8.639841755483777,47.69508700614878],[8.639888742673794,47.69510871834937],[8.63993348297761,47.69513121827288],[8.640179052874807,47.69525807126739],[8.640355075643514,47.69534827169457],[8.64054571133014,47.69546948592915],[8.640665500566199,47.69554320531942],[8.640764993196427,47.695610163975445],[8.640884946217936,47.69567874570907],[8.640959228736719,47.6957138104323],[8.641058882122174,47.69574967392349],[8.641175549102895,47.69577617810583]]}},{"type":"Feature","properties":{"nr":"71","achse":"Wilchingen - Jestetten","strasse":"Tiefenweg","gemeinde":"Wilchingen","fkt":"VO","fkt_text":"verkehrsorientiert","tempo":50,"dtv":3347,"laerm_tag_db":75.5,"bus":true,"linien":["27","N77"],"haltestellen":["Wilchingen, Dorf","Wilchingen, Kapellenweg"],"bus_anteil":1.0,"bus_text":"ja","laenge_m":948,"abschnitt":"Tiefenweg","abschnitt_km":0.95,"unfaelle":5,"unf_fuss":1,"unf_velo":0,"fassaden_igw":1,"initiative":true,"gegenvorschlag":true,"vorlage":"gegenvorschlag"},"geometry":{"type":"LineString","coordinates":[[8.464474343809922,47.67208837904515],[8.464482774641729,47.67207677417805],[8.464507354586678,47.67203404207306],[8.464525063753914,47.67200508662024],[8.46456727250988,47.67193062957424],[8.464609457444014,47.671830872347215],[8.464635646414555,47.6717591470428],[8.464655700686452,47.67169313319293],[8.464678044819435,47.671591329617044],[8.464684456772032,47.671531849031936],[8.464692505321704,47.67142965904165],[8.464689392573117,47.671365855471045],[8.46468371123684,47.67126979479133],[8.46467264515085,47.6711892874803],[8.464661860033589,47.67114667878722],[8.464644343110376,47.67108168029347],[8.464604038147728,47.67094145859265],[8.464575619882254,47.67083815158372],[8.46453415725651,47.67069176113002],[8.46450466095486,47.67058640396853],[8.46446992013937,47.67047150540351],[8.464441449566184,47.670366157149566],[8.464411314172658,47.6702779843178],[8.46438857970881,47.67020618733289],[8.464360295653123,47.670109084988844],[8.464313444071761,47.669946318788085],[8.464275271047025,47.66981089893762],[8.464215760704453,47.66961735871761],[8.464178957983478,47.66949561574003],[8.464132294115165,47.6693404298033],[8.464091966530312,47.66919683526481],[8.464064041437066,47.66910102480082],[8.464032100002942,47.66899031957584],[8.463994999200823,47.66887583738618],[8.463966345759266,47.6687864101347],[8.463881922688218,47.66848536723867],[8.463797078705037,47.668179722988754],[8.463746156377017,47.667990118014316],[8.463722228754111,47.667906099401264],[8.463712182556078,47.667858249489456],[8.463711348389515,47.6678144285911],[8.463725770224553,47.66777320727419],[8.463751586550623,47.66774284021914],[8.463785709083288,47.66772268011514],[8.463855336041584,47.667703555774274],[8.463944358457796,47.66769108672559],[8.464056730860152,47.66768045315399],[8.46504600824547,47.66760764226231],[8.465970453796828,47.66756580536705],[8.466734601945193,47.667542630604814],[8.46700627084095,47.66753666423533],[8.46722411062568,47.66754115733977],[8.467880791721987,47.66757002209109],[8.467970221975408,47.6675724405752],[8.468059614861748,47.6675729345822],[8.468176453561464,47.6675667634814],[8.468388121595972,47.66754689908767],[8.468660466115958,47.66751814976797],[8.469113461068021,47.667465788818895],[8.469387885023695,47.66743240535836],[8.469518106208106,47.667417407854344],[8.46961298502223,47.66740628554978],[8.469659187607954,47.667396008939754],[8.469701865451219,47.66738044807631],[8.46972617465405,47.667359033181306]]}},{"type":"Feature","properties":{"nr":"H13","achse":"Neuhausen - Erzingen","strasse":"Grosser Letten","gemeinde":"Neunkirch","fkt":"VO","fkt_text":"verkehrsorientiert","tempo":50,"dtv":6331,"laerm_tag_db":78.2,"bus":true,"linien":["N77"],"haltestellen":[],"bus_anteil":0.73,"bus_text":"teilweise","laenge_m":49,"abschnitt":"Grosser Letten","abschnitt_km":0.611,"unfaelle":4,"unf_fuss":0,"unf_velo":0,"fassaden_igw":10,"initiative":true,"gegenvorschlag":true,"vorlage":"gegenvorschlag"},"geometry":{"type":"LineString","coordinates":[[8.502883245915495,47.68807562581289],[8.502755894520623,47.688019400788434],[8.502636741196827,47.68799729608852],[8.502553869129002,47.68798963638707],[8.502398375906452,47.68797668734942],[8.502265605646253,47.68798357794538]]}},{"type":"Feature","properties":{"nr":"H329","achse":"Schaffhausen - Ramsen","strasse":"Rheinhaldenstrasse","gemeinde":"Schaffhausen","fkt":"VO","fkt_text":"verkehrsorientiert","tempo":30,"dtv":4648,"laerm_tag_db":72.6,"bus":true,"linien":["6","8","25","N3"],"haltestellen":[],"bus_anteil":1.0,"bus_text":"ja","laenge_m":20,"abschnitt":"Rheinhaldenstrasse","abschnitt_km":1.861,"unfaelle":16,"unf_fuss":3,"unf_velo":7,"fassaden_igw":34,"initiative":true,"gegenvorschlag":true,"vorlage":"gegenvorschlag"},"geometry":{"type":"LineString","coordinates":[[8.6437533439658,47.69570609484297],[8.64375966505973,47.69564957211633],[8.643762134394496,47.69563396839334],[8.643777128423752,47.69559911291683],[8.643799416216423,47.69555400025663],[8.643809801678396,47.695532657025375]]}},{"type":"Feature","properties":{"nr":"H13","achse":"Wagenhausen - Schaffhausen","strasse":"Feuerthaler Brücke","gemeinde":"Schaffhausen","fkt":"VO","fkt_text":"verkehrsorientiert","tempo":50,"dtv":17347,"laerm_tag_db":82.5,"bus":true,"linien":["6","8","25","630","632","634","N3","N69"],"haltestellen":[],"bus_anteil":1.0,"bus_text":"ja","laenge_m":130,"abschnitt":"Feuerthaler Brücke","abschnitt_km":0.12,"unfaelle":11,"unf_fuss":0,"unf_velo":5,"fassaden_igw":0,"initiative":true,"gegenvorschlag":true,"vorlage":"gegenvorschlag"},"geometry":{"type":"LineString","coordinates":[[8.639841755483777,47.69508700614878],[8.640108324572108,47.69488453221361],[8.640437506581875,47.69465214268709],[8.641031153352225,47.694235924947925]]}},{"type":"Feature","properties":{"nr":"82","achse":"Gottmadingen - Ramsen","strasse":"Hardstrasse","gemeinde":"Buch (SH)","fkt":"VO","fkt_text":"verkehrsorientiert","tempo":50,"dtv":3000,"laerm_tag_db":75.0,"bus":false,"linien":[],"haltestellen":[],"bus_anteil":0.0,"bus_text":"nein","laenge_m":60,"abschnitt":"Hardstrasse","abschnitt_km":0.393,"unfaelle":2,"unf_fuss":0,"unf_velo":1,"fassaden_igw":0,"initiative":false,"gegenvorschlag":true,"vorlage":"gegenvorschlag"},"geometry":{"type":"LineString","coordinates":[[8.786690638991054,47.719150247715355],[8.786671826383973,47.719121233839154],[8.786599470431517,47.71903927875699],[8.786460478526472,47.71888274955989],[8.78637548404619,47.71879070516353],[8.786279517947584,47.718700658746855],[8.78627277737379,47.71869452170872]]}},{"type":"Feature","properties":{"nr":"H14","achse":"Schaffhausen - Stühlingen","strasse":"Schaffhauserstrasse","gemeinde":"Beringen","fkt":"VO","fkt_text":"verkehrsorientiert","tempo":50,"dtv":11568,"laerm_tag_db":80.3,"bus":true,"linien":["21","N77"],"haltestellen":["Beringen, Hägli"],"bus_anteil":1.0,"bus_text":"ja","laenge_m":812,"abschnitt":"Schaffhauserstrasse","abschnitt_km":1.536,"unfaelle":40,"unf_fuss":4,"unf_velo":9,"fassaden_igw":129,"initiative":true,"gegenvorschlag":true,"vorlage":"gegenvorschlag"},"geometry":{"type":"LineString","coordinates":[[8.587308576304949,47.69628423091164],[8.5868217408388,47.696341711777976],[8.586485814926478,47.69638229311786],[8.586167836230624,47.696416832054695],[8.586007907539479,47.69643133576072],[8.585932179984487,47.69643613975845],[8.585685688462197,47.69644911408615],[8.585489652879097,47.69645672412792],[8.585347673628227,47.69645973509774],[8.585213815065861,47.696462467903665],[8.585108917313734,47.696460786526046],[8.584993874601984,47.696461264794],[8.584911324098876,47.696457986690376],[8.58482063529996,47.696454788793],[8.584609319598089,47.69644519825611],[8.584578014041595,47.69644468847663],[8.584373115372937,47.69643365812464],[8.584058963812483,47.696409907175074],[8.583868831258664,47.69638737973411],[8.583716654642789,47.696367320170495],[8.583569365840795,47.696349649679746],[8.583430560931708,47.69633432386252],[8.583255480455477,47.696312897340924],[8.583139542101138,47.69629780466357],[8.583047764547809,47.696286125594554],[8.582979600443664,47.69628027602252],[8.582906623591887,47.696274887530194],[8.582834298999643,47.696270706785526],[8.582616441390295,47.69625980092994],[8.582463398636099,47.696257583729036],[8.582293306085607,47.69626845875749],[8.582099796288096,47.696291229403386],[8.581924720095957,47.69632366701623],[8.581753426447804,47.69636100496449],[8.58157476722834,47.69639534807809],[8.58132997443266,47.69644386844386],[8.58102978388005,47.696500308086264],[8.580838310410831,47.69653107940868],[8.580673997055802,47.696554855869934],[8.580594117989653,47.696566721632635],[8.580456937656532,47.69658224433491],[8.580165234677134,47.69661099519],[8.579959671115045,47.69662226016043],[8.579694834433223,47.69663223595747],[8.579417052524809,47.696632516575846],[8.579228446244482,47.696628836358514],[8.578999469630569,47.69661201573155],[8.57879782522291,47.69659554710905],[8.578595089516947,47.696572316225264],[8.577982314543714,47.69650079545205],[8.577751250428541,47.6964748277702],[8.577498381320508,47.69645026953618],[8.577248256121772,47.69642629547459],[8.576804903679863,47.696395570010246],[8.576626164533652,47.69638665326706]]}},{"type":"Feature","properties":{"nr":"H4","achse":"Bargen - Schaffhausen","strasse":"H4","gemeinde":"Bargen (SH)","fkt":"VO","fkt_text":"verkehrsorientiert","tempo":20,"dtv":3085,"laerm_tag_db":71.5,"bus":false,"linien":[],"haltestellen":[],"bus_anteil":0.0,"bus_text":"nein","laenge_m":339,"abschnitt":"","abschnitt_km":null,"unfaelle":null,"unf_fuss":null,"unf_velo":null,"fassaden_igw":null,"initiative":false,"gegenvorschlag":true,"vorlage":"gegenvorschlag"},"geometry":{"type":"LineString","coordinates":[[8.590961886685795,47.794238114508104],[8.590776159536995,47.79425213913426],[8.590504519692393,47.79426875823314],[8.590050145477328,47.79428914457317],[8.589809023267001,47.79430912073709],[8.589547148349716,47.79432491254791],[8.589130655307585,47.79435032612699],[8.58877437044382,47.7943928883066],[8.588148537097052,47.794484510032746],[8.587822412685178,47.79453861637826],[8.587619574694408,47.79457975932218],[8.587416206398506,47.794632752008695],[8.587293719029189,47.79467392901037],[8.58702447243124,47.79475969683485],[8.58673617462681,47.79483422972519],[8.586575371014098,47.79487194340597]]}},{"type":"Feature","properties":{"nr":"H4","achse":"Bargen Schaffhausen","strasse":"Hochstrasse","gemeinde":"Schaffhausen","fkt":"VO","fkt_text":"verkehrsorientiert","tempo":50,"dtv":9159,"laerm_tag_db":79.6,"bus":true,"linien":["6","10","24"],"haltestellen":[],"bus_anteil":1.0,"bus_text":"ja","laenge_m":49,"abschnitt":"Hochstrasse","abschnitt_km":1.821,"unfaelle":70,"unf_fuss":11,"unf_velo":21,"fassaden_igw":174,"initiative":true,"gegenvorschlag":true,"vorlage":"gegenvorschlag"},"geometry":{"type":"LineString","coordinates":[[8.652316505821823,47.71705890872511],[8.652213241653989,47.717026348315365],[8.652134563275645,47.71701395708054],[8.65202299632796,47.716999435650735],[8.651976636777686,47.71699629483358],[8.65186334052371,47.71698482235488],[8.651744920221923,47.71698180384477],[8.651683990253595,47.71698550665671]]}},{"type":"Feature","properties":{"nr":"H4","achse":"Bargen Schaffhausen","strasse":"Stettemerstrasse","gemeinde":"Schaffhausen","fkt":"VO","fkt_text":"verkehrsorientiert","tempo":50,"dtv":7328,"laerm_tag_db":78.2,"bus":true,"linien":["3","6","10","24","N2"],"haltestellen":["Schaffhausen, St. Peter"],"bus_anteil":1.0,"bus_text":"ja","laenge_m":29,"abschnitt":"Stettemerstrasse","abschnitt_km":0.076,"unfaelle":2,"unf_fuss":0,"unf_velo":0,"fassaden_igw":6,"initiative":true,"gegenvorschlag":true,"vorlage":"gegenvorschlag"},"geometry":{"type":"LineString","coordinates":[[8.649909290381158,47.71734409155413],[8.64991225044065,47.71737851758624],[8.649915296832553,47.7174639039912],[8.649928755024542,47.71750629745358],[8.649988716011128,47.717598852854096]]}},{"type":"Feature","properties":{"nr":"H331","achse":"Thayngen - Büsslingen","strasse":"Hauptstrasse","gemeinde":"Thayngen","fkt":"VO","fkt_text":"verkehrsorientiert","tempo":50,"dtv":2071,"laerm_tag_db":73.0,"bus":true,"linien":["24"],"haltestellen":[],"bus_anteil":0.41,"bus_text":"teilweise","laenge_m":334,"abschnitt":"Hauptstrasse","abschnitt_km":1.235,"unfaelle":1,"unf_fuss":0,"unf_velo":0,"fassaden_igw":0,"initiative":true,"gegenvorschlag":true,"vorlage":"gegenvorschlag"},"geometry":{"type":"LineString","coordinates":[[8.680901657235262,47.770791252965864],[8.680832628390194,47.77086850244575],[8.680802931239795,47.77090262817741],[8.680672217608524,47.771054584201806],[8.68062026304367,47.77112946574639],[8.680582276847558,47.77119752458849],[8.680555534456522,47.77126261230157],[8.68053999073122,47.77132280464355],[8.680531659802314,47.77138960260776],[8.68051938666964,47.77152885393765],[8.680486818166425,47.77176742753823],[8.680478039698558,47.771815171817906],[8.68044365461811,47.77191559780667],[8.68039261806968,47.77200803483846],[8.680293210804294,47.77212860873559],[8.680187919590391,47.77222134569928],[8.68009681594376,47.77228760556579],[8.67998912861139,47.77236354898475],[8.679864956053446,47.772433480204796],[8.679692992714646,47.772515361402114],[8.679544675766463,47.7725798295166],[8.679379503981902,47.77264926197905],[8.679187480695822,47.77271896244617],[8.679017708433177,47.7727731804884],[8.678829524009007,47.77282569674366],[8.678648252054936,47.772871456444996],[8.678331767983314,47.77293867705865]]}},{"type":"Feature","properties":{"nr":"H329","achse":"Schaffhausen - Ramsen","strasse":"Hauptstrasse","gemeinde":"Ramsen","fkt":"VO","fkt_text":"verkehrsorientiert","tempo":50,"dtv":4439,"laerm_tag_db":76.9,"bus":true,"linien":["25","33"],"haltestellen":["Ramsen, Dorf","Ramsen, Sonne"],"bus_anteil":1.0,"bus_text":"ja","laenge_m":160,"abschnitt":"Hauptstrasse","abschnitt_km":0.347,"unfaelle":2,"unf_fuss":0,"unf_velo":0,"fassaden_igw":10,"initiative":true,"gegenvorschlag":true,"vorlage":"gegenvorschlag"},"geometry":{"type":"LineString","coordinates":[[8.812173226161121,47.707003492124244],[8.812132958255322,47.707021570380604],[8.812073670712362,47.7070395046108],[8.811961242618327,47.70706319365892],[8.811686705773006,47.707114612280456],[8.811394090961688,47.70715699736563],[8.81132757067505,47.707165302511136],[8.81120119066862,47.70718182503199],[8.811056909542051,47.70719406152285],[8.810940236211755,47.70719846139403],[8.81082779051704,47.70719682085521],[8.810581556557388,47.707182431262005],[8.810309487193564,47.70716610642117],[8.810201929591823,47.70716590967861],[8.81013520247765,47.70717189598316],[8.810088872964556,47.70718595252631]]}},{"type":"Feature","properties":{"nr":"H332","achse":"Stein am Rhein - Heinishofen","strasse":"Langstuck","gemeinde":"Stein am Rhein","fkt":"VO","fkt_text":"verkehrsorientiert","tempo":40,"dtv":3517,"laerm_tag_db":74.4,"bus":true,"linien":["33"],"haltestellen":[],"bus_anteil":1.0,"bus_text":"ja","laenge_m":249,"abschnitt":"Langstuck","abschnitt_km":0.579,"unfaelle":7,"unf_fuss":1,"unf_velo":3,"fassaden_igw":0,"initiative":true,"gegenvorschlag":true,"vorlage":"gegenvorschlag"},"geometry":{"type":"LineString","coordinates":[[8.857656296577447,47.66107485515678],[8.857719215800307,47.661081156153216],[8.857772790933216,47.66109302217915],[8.857859050351944,47.66112816307653],[8.857983917262363,47.66117855494837],[8.8580797916687,47.66120580662794],[8.858181854004362,47.66122249461728],[8.858279096824164,47.66122875347756],[8.858381581482648,47.66122442422197],[8.858395304356975,47.661224265427556],[8.85871430325585,47.66119940663822],[8.858883031174283,47.66117387551146],[8.85910889945498,47.66113028512916],[8.859283216262671,47.66107435449275],[8.859589365622671,47.66097948184915],[8.859667856043922,47.660969643411185],[8.85970593597294,47.66096272808947],[8.859754169116984,47.66095163182532],[8.859810508233046,47.66093548017985],[8.859866959975896,47.66092303299691],[8.859908084842557,47.66091944440411],[8.859931886106224,47.66091976471902],[8.85996771291823,47.66092366168769],[8.85999717402307,47.66092948950206],[8.860023995978752,47.6609396761274],[8.860050850985736,47.6609510946334],[8.86007404600876,47.66096256693208],[8.860101066972533,47.660980171836506],[8.860253061895383,47.66111809966458],[8.86038336747439,47.6612321687387],[8.860415153279158,47.66125714495684],[8.8604448666764,47.66127286388062],[8.860477315285639,47.66128730801814],[8.860516958173417,47.66129794918717],[8.860550918783483,47.66130125718276],[8.860593054816164,47.66130259412873]]}},{"type":"Feature","properties":{"nr":"H13-05","achse":"Stein am Rhein, Charregass Auffahrt zum Kreisel Bahnhofstrasse","strasse":"Rhigass","gemeinde":"Stein am Rhein","fkt":"VO","fkt_text":"verkehrsorientiert","tempo":40,"dtv":5829,"laerm_tag_db":75.8,"bus":true,"linien":["33"],"haltestellen":[],"bus_anteil":0.98,"bus_text":"ja","laenge_m":67,"abschnitt":"Rhigass","abschnitt_km":0.452,"unfaelle":19,"unf_fuss":3,"unf_velo":13,"fassaden_igw":14,"initiative":true,"gegenvorschlag":true,"vorlage":"gegenvorschlag"},"geometry":{"type":"LineString","coordinates":[[8.85736564758647,47.65637305822963],[8.857685732207914,47.65670407838357],[8.85774712027314,47.65677520583305],[8.857841776942754,47.65687859585325]]}},{"type":"Feature","properties":{"nr":"H4","achse":"Bargen Schaffhausen","strasse":"Zollstrasse","gemeinde":"Neuhausen am Rheinfall","fkt":"VO","fkt_text":"verkehrsorientiert","tempo":50,"dtv":10406,"laerm_tag_db":80.8,"bus":true,"linien":["1","N4"],"haltestellen":["Neuhausen, Neue Welt","Neuhausen, Rhenania"],"bus_anteil":1.0,"bus_text":"ja","laenge_m":259,"abschnitt":"Zollstrasse","abschnitt_km":2.124,"unfaelle":75,"unf_fuss":19,"unf_velo":11,"fassaden_igw":23,"initiative":true,"gegenvorschlag":true,"vorlage":"gegenvorschlag"},"geometry":{"type":"LineString","coordinates":[[8.607652093900231,47.68072458734279],[8.607758765003132,47.680808599878084],[8.607956640326115,47.68095889969136],[8.608109070148231,47.681090345908814],[8.608279469407535,47.6812309201041],[8.608496063967747,47.681402481912144],[8.60864892998989,47.681516770933044],[8.608889253551895,47.68170668422666],[8.609040067240148,47.681823853590366],[8.609167292039032,47.681927679053636],[8.609269780783002,47.68201387298504],[8.609346420880279,47.68208031501574],[8.609543486572866,47.68225985171626],[8.609722621182172,47.68240059660077],[8.60985732502462,47.68251365500608]]}},{"type":"Feature","properties":{"nr":"H332","achse":"Stein am Rhein - Heinishofen","strasse":"Langstuck","gemeinde":"Stein am Rhein","fkt":"VO","fkt_text":"verkehrsorientiert","tempo":40,"dtv":3517,"laerm_tag_db":74.3,"bus":true,"linien":["33"],"haltestellen":["Stein am Rhein, Untertor"],"bus_anteil":1.0,"bus_text":"ja","laenge_m":103,"abschnitt":"Langstuck","abschnitt_km":0.579,"unfaelle":7,"unf_fuss":1,"unf_velo":3,"fassaden_igw":0,"initiative":true,"gegenvorschlag":true,"vorlage":"gegenvorschlag"},"geometry":{"type":"LineString","coordinates":[[8.857656296577447,47.66107485515678],[8.857612659220207,47.66107859957917],[8.857572110949475,47.66109130105868],[8.857526008055446,47.66111435148041],[8.857471230514093,47.66115902349327],[8.85739010511135,47.66124651793985],[8.85721540824645,47.66145397708478],[8.857069154374283,47.66161285827114],[8.857002372789143,47.66167269802547],[8.856954492870539,47.66170847959083],[8.856906472035265,47.661739495602525],[8.856818157881838,47.66178530547606]]}},{"type":"Feature","properties":{"nr":"H4","achse":"Bargen Schaffhausen","strasse":"Falkeneckbrücke","gemeinde":"Schaffhausen","fkt":"VO","fkt_text":"verkehrsorientiert","tempo":50,"dtv":9159,"laerm_tag_db":80.1,"bus":true,"linien":["6","10","24"],"haltestellen":["Schaffhausen, Falkeneck"],"bus_anteil":1.0,"bus_text":"ja","laenge_m":48,"abschnitt":"Falkeneckbrücke","abschnitt_km":0.045,"unfaelle":2,"unf_fuss":0,"unf_velo":0,"fassaden_igw":0,"initiative":true,"gegenvorschlag":true,"vorlage":"gegenvorschlag"},"geometry":{"type":"LineString","coordinates":[[8.652885815976608,47.71724651070209],[8.652760001613075,47.71720819614289],[8.652466798179704,47.71710981194627],[8.652316505821823,47.71705890872511]]}},{"type":"Feature","properties":{"nr":"H4","achse":"Bargen Schaffhausen","strasse":"Mühlenstrasse","gemeinde":"Neuhausen am Rheinfall","fkt":"VO","fkt_text":"verkehrsorientiert","tempo":50,"dtv":34000,"laerm_tag_db":86.2,"bus":true,"linien":["1","21","N4","N77"],"haltestellen":[],"bus_anteil":1.0,"bus_text":"ja","laenge_m":99,"abschnitt":"Mühlenstrasse","abschnitt_km":0.161,"unfaelle":24,"unf_fuss":0,"unf_velo":1,"fassaden_igw":3,"initiative":true,"gegenvorschlag":true,"vorlage":"gegenvorschlag"},"geometry":{"type":"LineString","coordinates":[[8.622354175863956,47.69253957242207],[8.622497866601861,47.692562995753285],[8.622792824818221,47.69261325445186],[8.622991153643333,47.69263871972575],[8.623447783515642,47.6926972855469],[8.623652992276554,47.69271346042281]]}},{"type":"Feature","properties":{"nr":"H14","achse":"Schaffhausen - Stühlingen","strasse":"Schaffhauserstrasse","gemeinde":"Beringen","fkt":"VO","fkt_text":"verkehrsorientiert","tempo":50,"dtv":11568,"laerm_tag_db":80.3,"bus":true,"linien":["21","N77"],"haltestellen":["Beringen, Enge"],"bus_anteil":1.0,"bus_text":"ja","laenge_m":450,"abschnitt":"Schaffhauserstrasse","abschnitt_km":1.536,"unfaelle":40,"unf_fuss":4,"unf_velo":9,"fassaden_igw":129,"initiative":true,"gegenvorschlag":true,"vorlage":"gegenvorschlag"},"geometry":{"type":"LineString","coordinates":[[8.601878327373907,47.694471636183856],[8.601750086385527,47.694501224612],[8.601691724283508,47.69451586670174],[8.60159890874514,47.69454009962008],[8.60127224951513,47.69462070951044],[8.600967967959416,47.694692100428],[8.60066984714088,47.694762583477804],[8.600356008165512,47.69482590158642],[8.600021639143542,47.69488618609294],[8.599764852361762,47.694926177028904],[8.599503061119304,47.69496214300229],[8.599301169471644,47.69498367703778],[8.599018959197316,47.695014979975056],[8.598868959070769,47.6950287007895],[8.598066181847123,47.69509275576305],[8.597349618139331,47.69515045012284],[8.596777165625936,47.69519502946474],[8.596530598043147,47.69521452148032],[8.596346725285953,47.69523099595717],[8.596333503773664,47.69523194614333],[8.596134051436513,47.69525181340053],[8.596031133021933,47.69526381138484]]}},{"type":"Feature","properties":{"nr":"H4","achse":"Bargen Schaffhausen","strasse":"Galgenbucktunnel Zufahrt Schaffhausen","gemeinde":"Neuhausen am Rheinfall","fkt":"VO","fkt_text":"verkehrsorientiert","tempo":50,"dtv":18000,"laerm_tag_db":82.9,"bus":true,"linien":["1","21","N4","N77"],"haltestellen":[],"bus_anteil":1.0,"bus_text":"ja","laenge_m":51,"abschnitt":"","abschnitt_km":null,"unfaelle":null,"unf_fuss":null,"unf_velo":null,"fassaden_igw":null,"initiative":true,"gegenvorschlag":true,"vorlage":"gegenvorschlag"},"geometry":{"type":"LineString","coordinates":[[8.62161079157635,47.69118493368368],[8.621666997249449,47.691290062139245],[8.621689788813647,47.69138962152654],[8.621710345510188,47.69163366062206]]}},{"type":"Feature","properties":{"nr":"H4","achse":"Bargen Schaffhausen","strasse":"Schaffhauserstrasse","gemeinde":"Neuhausen am Rheinfall","fkt":"VO","fkt_text":"verkehrsorientiert","tempo":50,"dtv":34000,"laerm_tag_db":86.1,"bus":true,"linien":["1","21","N4","N77"],"haltestellen":[],"bus_anteil":1.0,"bus_text":"ja","laenge_m":116,"abschnitt":"Schaffhauserstrasse","abschnitt_km":1.233,"unfaelle":61,"unf_fuss":6,"unf_velo":11,"fassaden_igw":51,"initiative":true,"gegenvorschlag":true,"vorlage":"gegenvorschlag"},"geometry":{"type":"LineString","coordinates":[[8.621710345510188,47.69163366062206],[8.621742080008012,47.69177276668037],[8.621831102481226,47.69200516259828],[8.621929539544196,47.692201575438695],[8.622031092678046,47.69235377661413],[8.622131122057988,47.69243834733489],[8.622234592977831,47.69249389439351],[8.622354175863956,47.69253957242207]]}},{"type":"Feature","properties":{"nr":"H4","achse":"Bargen Schaffhausen","strasse":"Mühlenstrasse","gemeinde":"Schaffhausen","fkt":"VO","fkt_text":"verkehrsorientiert","tempo":50,"dtv":34000,"laerm_tag_db":86.1,"bus":true,"linien":["1","21","N4","N77"],"haltestellen":["Schaffhausen, Brüggli","Schaffhausen, Kreuz"],"bus_anteil":1.0,"bus_text":"ja","laenge_m":255,"abschnitt":"Mühlenstrasse","abschnitt_km":0.575,"unfaelle":40,"unf_fuss":1,"unf_velo":9,"fassaden_igw":65,"initiative":true,"gegenvorschlag":true,"vorlage":"gegenvorschlag"},"geometry":{"type":"LineString","coordinates":[[8.623652992276554,47.69271346042281],[8.624014387590947,47.692742882351745],[8.624351685580963,47.69279556538096],[8.624382265352768,47.692798833068274],[8.62470949030225,47.69284009618922],[8.625444949230426,47.69293859364904],[8.626311235131935,47.69306344278596],[8.626413247742963,47.69307805914261],[8.626479485057233,47.693088229175345],[8.626552833995303,47.69309711224438],[8.626625403036423,47.693103889586425],[8.626689429602775,47.69310755225927],[8.6267590976735,47.693109718132376],[8.626816623770551,47.693108653251244],[8.626872705607038,47.693106155031764],[8.62693424590524,47.693101127542484],[8.626987594793926,47.69309557217867]]}},{"type":"Feature","properties":{"nr":"H4","achse":"Bargen Schaffhausen","strasse":"Zollstrasse","gemeinde":"Neuhausen am Rheinfall","fkt":"VO","fkt_text":"verkehrsorientiert","tempo":20,"dtv":9608,"laerm_tag_db":72.9,"bus":false,"linien":[],"haltestellen":[],"bus_anteil":0.0,"bus_text":"nein","laenge_m":80,"abschnitt":"Zollstrasse","abschnitt_km":2.124,"unfaelle":75,"unf_fuss":19,"unf_velo":11,"fassaden_igw":23,"initiative":false,"gegenvorschlag":true,"vorlage":"gegenvorschlag"},"geometry":{"type":"LineString","coordinates":[[8.595706227924682,47.66931875419976],[8.595985194753249,47.66977985621312],[8.596105780542889,47.66998765529632]]}},{"type":"Feature","properties":{"nr":"H4","achse":"Bargen Schaffhausen","strasse":"Schaffhauserstrasse","gemeinde":"Neuhausen am Rheinfall","fkt":"VO","fkt_text":"verkehrsorientiert","tempo":50,"dtv":16766,"laerm_tag_db":80.5,"bus":true,"linien":["1","21","N4","N77"],"haltestellen":["Neuhausen, Scheidegg"],"bus_anteil":1.0,"bus_text":"ja","laenge_m":308,"abschnitt":"Schaffhauserstrasse","abschnitt_km":1.233,"unfaelle":61,"unf_fuss":6,"unf_velo":11,"fassaden_igw":51,"initiative":true,"gegenvorschlag":true,"vorlage":"gegenvorschlag"},"geometry":{"type":"LineString","coordinates":[[8.622344114136007,47.68752523109183],[8.622393372904144,47.68778812688724],[8.622431899167632,47.68796831262099],[8.622466723283864,47.68818071759526],[8.622491428724361,47.68833908905371],[8.62249566967538,47.68843408842511],[8.622497427319285,47.688559828566255],[8.622493369610082,47.68864410135466],[8.622491639262682,47.68867992521809],[8.622472032060381,47.68884447747909],[8.622451196810356,47.68900117224123],[8.622381261825533,47.68953762894707],[8.62235593741672,47.68974442252849],[8.622306774878115,47.69004928066616],[8.622275650627275,47.690238576437764],[8.622262870190026,47.690280655922244]]}},{"type":"Feature","properties":{"nr":"H330","achse":"Stein am Rhein - Öhningen","strasse":"Rhigass","gemeinde":"Stein am Rhein","fkt":"VO","fkt_text":"verkehrsorientiert","tempo":40,"dtv":5829,"laerm_tag_db":75.2,"bus":true,"linien":["33"],"haltestellen":["Stein am Rhein, Rathaus"],"bus_anteil":1.0,"bus_text":"ja","laenge_m":98,"abschnitt":"Rhigass","abschnitt_km":0.452,"unfaelle":19,"unf_fuss":3,"unf_velo":13,"fassaden_igw":14,"initiative":true,"gegenvorschlag":true,"vorlage":"gegenvorschlag"},"geometry":{"type":"LineString","coordinates":[[8.859234361277931,47.65866771087931],[8.859293849323505,47.65875868536893],[8.859364543435102,47.65885595401707],[8.859386236994434,47.65888198047275],[8.859415925906399,47.658919692322534],[8.859440522352623,47.65895815008641],[8.859469379955103,47.65900209651941],[8.859497347967226,47.659051594648325],[8.859514505830905,47.659079763384455],[8.859534531208237,47.65910166360789],[8.859561558334102,47.65911656111693],[8.859586285315729,47.659124623710795],[8.859613875069195,47.65912524851708],[8.859642294119626,47.659121050931795],[8.859704941276876,47.65909940721333],[8.859747416566533,47.65908764381622],[8.85980281693648,47.659079257174916],[8.859868478825645,47.65908166463241],[8.859957894330492,47.659083142653934],[8.86002909380827,47.659079059923286],[8.860107315080455,47.65906723658203]]}},{"type":"Feature","properties":{"nr":"H330","achse":"Stein am Rhein - Öhningen","strasse":"Rhigass","gemeinde":"Stein am Rhein","fkt":"VO","fkt_text":"verkehrsorientiert","tempo":40,"dtv":5829,"laerm_tag_db":75.1,"bus":true,"linien":["33"],"haltestellen":["Stein am Rhein, Schule"],"bus_anteil":1.0,"bus_text":"ja","laenge_m":88,"abschnitt":"Rhigass","abschnitt_km":0.452,"unfaelle":19,"unf_fuss":3,"unf_velo":13,"fassaden_igw":14,"initiative":true,"gegenvorschlag":true,"vorlage":"gegenvorschlag"},"geometry":{"type":"LineString","coordinates":[[8.861214331251437,47.659319566242594],[8.861251026345524,47.65934047039705],[8.861312436557292,47.6593541007201],[8.861442903389454,47.65937605956284],[8.86186002760394,47.659440963293804],[8.86194933415473,47.65945967523181],[8.862053557125604,47.659483520191365],[8.862130720658998,47.65950666239385],[8.86219614541063,47.65953540833208],[8.862233937226186,47.65956192950254],[8.862285905751154,47.659602722550126]]}},{"type":"Feature","properties":{"nr":"71","achse":"Wilchingen - Jestetten","strasse":"In der Gasse","gemeinde":"Wilchingen","fkt":"VO","fkt_text":"verkehrsorientiert","tempo":50,"dtv":2759,"laerm_tag_db":72.8,"bus":true,"linien":["27","N77"],"haltestellen":[],"bus_anteil":1.0,"bus_text":"ja","laenge_m":188,"abschnitt":"In der Gasse","abschnitt_km":0.207,"unfaelle":2,"unf_fuss":0,"unf_velo":2,"fassaden_igw":2,"initiative":true,"gegenvorschlag":true,"vorlage":"gegenvorschlag"},"geometry":{"type":"LineString","coordinates":[[8.46972617465405,47.667359033181306],[8.46974843038956,47.66732993754776],[8.469759339487686,47.667304144532864],[8.469760623149654,47.66726061961965],[8.469746547636197,47.66720919929826],[8.469721274751889,47.667156430312986],[8.469668827945734,47.667074995433616],[8.469623523268801,47.66700683541101],[8.469544865599326,47.66690446995273],[8.469454022833125,47.66678897323444],[8.469379847510417,47.66669865597474],[8.46927104654941,47.666576446954956],[8.46919361604927,47.66649193267727],[8.469132687279417,47.66642340739951],[8.469050898877061,47.66633318444588],[8.469024770883257,47.66630349279188],[8.468958623151151,47.66623290909257],[8.468875215957834,47.66614294321303],[8.468836614595647,47.666095553793895],[8.468817279917426,47.6660707935782],[8.468784211956965,47.666028598637],[8.468754949524886,47.66598422034473],[8.468733036558726,47.66595147821568],[8.468717393513007,47.665918671488065],[8.468706987675857,47.6658730826474],[8.46870397394163,47.66585571475104]]}},{"type":"Feature","properties":{"nr":"H4","achse":"Bargen Schaffhausen","strasse":"Hochstrasse","gemeinde":"Schaffhausen","fkt":"VO","fkt_text":"verkehrsorientiert","tempo":50,"dtv":9159,"laerm_tag_db":80.1,"bus":true,"linien":["5","6","10","24","N76"],"haltestellen":["Schaffhausen, Falkeneck"],"bus_anteil":1.0,"bus_text":"ja","laenge_m":47,"abschnitt":"Hochstrasse","abschnitt_km":1.821,"unfaelle":70,"unf_fuss":11,"unf_velo":21,"fassaden_igw":174,"initiative":true,"gegenvorschlag":true,"vorlage":"gegenvorschlag"},"geometry":{"type":"LineString","coordinates":[[8.653506476133256,47.71722936831136],[8.653486457261078,47.71723341804311],[8.653466466066885,47.71723751245327],[8.653446488813266,47.717241633696965],[8.653426525912847,47.71724579975839],[8.65340657736557,47.717250010637535],[8.65338665608348,47.71725424821097],[8.653366749154458,47.71725853060214],[8.653346330711985,47.71725968834223],[8.653325926624843,47.71726089089987],[8.653305510243564,47.71726213855353],[8.653285121748517,47.7172634398776],[8.653264720752933,47.71726477730563],[8.653244334318757,47.71726616854328],[8.653223962239657,47.717267604598554],[8.653201166834645,47.71726856229066],[8.653178347790165,47.71726907051377],[8.653155518844084,47.71726914711276],[8.653132693115392,47.71726878295637],[8.653109897460357,47.71726798675831],[8.653087131673258,47.7172667495265],[8.653064435728817,47.71726507084335],[8.652975263710992,47.717261802009624],[8.652885815976608,47.71724651070209]]}},{"type":"Feature","properties":{"nr":"H4","achse":"Bargen Schaffhausen","strasse":"Stettemerstrasse","gemeinde":"Schaffhausen","fkt":"VO","fkt_text":"verkehrsorientiert","tempo":50,"dtv":7328,"laerm_tag_db":79.0,"bus":true,"linien":["3","6","10","N2"],"haltestellen":["Schaffhausen, Gräfler"],"bus_anteil":1.0,"bus_text":"ja","laenge_m":45,"abschnitt":"Stettemerstrasse","abschnitt_km":0.076,"unfaelle":2,"unf_fuss":0,"unf_velo":0,"fassaden_igw":6,"initiative":true,"gegenvorschlag":true,"vorlage":"gegenvorschlag"},"geometry":{"type":"LineString","coordinates":[[8.65039777889399,47.71837336362592],[8.65044385028811,47.71848906177046],[8.650481586636328,47.7186505374157],[8.65048670753037,47.71869258598285],[8.650485638675804,47.718715181611344],[8.650479017453115,47.71874558813329],[8.650462695717778,47.718764457247104]]}},{"type":"Feature","properties":{"nr":"H4","achse":"Bargen Schaffhausen","strasse":"Mühlenstrasse","gemeinde":"Schaffhausen","fkt":"VO","fkt_text":"verkehrsorientiert","tempo":50,"dtv":21236,"laerm_tag_db":84.1,"bus":true,"linien":["1","6","21","25","630","632","634","N3","N4","N69","N77"],"haltestellen":["Schaffhausen, Mühlentor"],"bus_anteil":1.0,"bus_text":"ja","laenge_m":226,"abschnitt":"Mühlenstrasse","abschnitt_km":0.575,"unfaelle":40,"unf_fuss":1,"unf_velo":9,"fassaden_igw":65,"initiative":true,"gegenvorschlag":true,"vorlage":"gegenvorschlag"},"geometry":{"type":"LineString","coordinates":[[8.628881141408327,47.69329977231356],[8.629044602852874,47.693371626123366],[8.629230045206718,47.693455900450715],[8.629375465912052,47.6935287661103],[8.629514838724342,47.69359332889276],[8.62961258972321,47.693634582201135],[8.629697743530771,47.69365888441576],[8.62978063779652,47.69367748937027],[8.629875147109534,47.693690686565056],[8.62998572109704,47.69369729707494],[8.630189208627476,47.69370419600664],[8.630317620258197,47.69370723245328],[8.630453905935088,47.69370971130455],[8.630603032021527,47.69370914414169],[8.630746734111218,47.693705529404625],[8.630905767518412,47.693688796437094],[8.631059824560007,47.69367115192722],[8.631255858937475,47.69364937076185],[8.631494866710277,47.69361917921441],[8.63159385880753,47.693605445097745],[8.631713362532388,47.69359034903748]]}},{"type":"Feature","properties":{"nr":"73","achse":"Hallau - Neunkirch","strasse":"Neunkircherstrasse","gemeinde":"Hallau","fkt":"VO","fkt_text":"verkehrsorientiert","tempo":50,"dtv":3569,"laerm_tag_db":75.7,"bus":false,"linien":[],"haltestellen":[],"bus_anteil":0.0,"bus_text":"nein","laenge_m":425,"abschnitt":"Neunkircherstrasse","abschnitt_km":0.345,"unfaelle":2,"unf_fuss":0,"unf_velo":1,"fassaden_igw":5,"initiative":false,"gegenvorschlag":true,"vorlage":"gegenvorschlag"},"geometry":{"type":"LineString","coordinates":[[8.46481133845055,47.696187601065425],[8.46484117630094,47.696116572812016],[8.464878615498582,47.69603494545411],[8.464888266430325,47.6960152982833],[8.464929798823073,47.69591597053991],[8.464985143941044,47.69579590654602],[8.465108418761835,47.69553426158092],[8.465170774977468,47.69540343268631],[8.46520547825004,47.69533603988443],[8.465365511965988,47.69511251028225],[8.465648764217681,47.694726449226955],[8.465856807525094,47.69444530170375],[8.466104349135174,47.69411136049754],[8.466194774419547,47.69398832344012],[8.466222948416183,47.693955983705905],[8.466280774223709,47.693891264165714],[8.466358446555422,47.69380787740694],[8.466437689188819,47.6937312851726],[8.466526489735465,47.693656407150705],[8.466640421970428,47.69357093666543],[8.46671132313107,47.693523099925166],[8.466814986428178,47.6934720772334],[8.4669051315298,47.6934356364262],[8.467040398892928,47.69339590021011],[8.467168012255653,47.693377745256655],[8.467263977340396,47.69337143657802],[8.467376879216973,47.69337088697205],[8.467535255381742,47.693371445678004],[8.46787678987287,47.693376210403464],[8.467902639862823,47.69337653910475]]}},{"type":"Feature","properties":{"nr":"82","achse":"Gottmadingen - Ramsen","strasse":"Hardstrasse","gemeinde":"Buch (SH)","fkt":"VO","fkt_text":"verkehrsorientiert","tempo":50,"dtv":3000,"laerm_tag_db":75.0,"bus":false,"linien":[],"haltestellen":[],"bus_anteil":0.0,"bus_text":"nein","laenge_m":125,"abschnitt":"Hardstrasse","abschnitt_km":0.393,"unfaelle":2,"unf_fuss":0,"unf_velo":1,"fassaden_igw":0,"initiative":false,"gegenvorschlag":true,"vorlage":"gegenvorschlag"},"geometry":{"type":"LineString","coordinates":[[8.787213984740374,47.72021835124543],[8.787181635055033,47.72012521103109],[8.786963012211354,47.719668858115654],[8.786775567883215,47.719301431283334],[8.786719135198945,47.719194188048235],[8.786690638991054,47.719150247715355]]}},{"type":"Feature","properties":{"nr":"H14","achse":"Schaffhausen - Stühlingen","strasse":"Hauptstrasse","gemeinde":"Siblingen","fkt":"VO","fkt_text":"verkehrsorientiert","tempo":50,"dtv":4242,"laerm_tag_db":77.1,"bus":true,"linien":["21"],"haltestellen":["Siblingen, Am Stei"],"bus_anteil":1.0,"bus_text":"ja","laenge_m":386,"abschnitt":"Hauptstrasse","abschnitt_km":1.049,"unfaelle":5,"unf_fuss":0,"unf_velo":1,"fassaden_igw":23,"initiative":true,"gegenvorschlag":true,"vorlage":"gegenvorschlag"},"geometry":{"type":"LineString","coordinates":[[8.520594090129196,47.71412691648989],[8.520336940118387,47.714179289087376],[8.520070367661699,47.71424471813305],[8.519907029632346,47.71428691729851],[8.519702132100342,47.71433730049672],[8.519500866572187,47.71438413290149],[8.5192941873706,47.71443279608937],[8.519122651456462,47.71446973688406],[8.51897668903548,47.714496852166576],[8.518805876901585,47.714524216128375],[8.518701478065294,47.71454074567998],[8.518620778580713,47.71454506596656],[8.518542586547301,47.71454098947659],[8.518458098699192,47.714533373801785],[8.51836102149991,47.714517483565515],[8.51823455866833,47.714497674912025],[8.51799395787441,47.71445072957176],[8.517837086834543,47.7144180085662],[8.517706128325097,47.714394031872],[8.517575329652972,47.71437723976661],[8.517410953395082,47.71436793630446],[8.517258177418517,47.71436153798448],[8.517101917463048,47.71435813081295],[8.516949263140766,47.71435770298491],[8.516829575257693,47.714363615813554],[8.516709092889055,47.71437370910865],[8.516584161391242,47.71438324992433],[8.516499162870572,47.71439242039505],[8.516358460506424,47.71440760251988],[8.516136174387015,47.71443408159069],[8.515901651898758,47.71446438814169],[8.51560157611721,47.714501993014636]]}},{"type":"Feature","properties":{"nr":"H14","achse":"Schaffhausen - Stühlingen","strasse":"Hauptstrasse","gemeinde":"Siblingen","fkt":"VO","fkt_text":"verkehrsorientiert","tempo":50,"dtv":4242,"laerm_tag_db":77.2,"bus":true,"linien":["21"],"haltestellen":["Siblingen, Dorf"],"bus_anteil":1.0,"bus_text":"ja","laenge_m":277,"abschnitt":"Hauptstrasse","abschnitt_km":1.049,"unfaelle":5,"unf_fuss":0,"unf_velo":1,"fassaden_igw":23,"initiative":true,"gegenvorschlag":true,"vorlage":"gegenvorschlag"},"geometry":{"type":"LineString","coordinates":[[8.523748178285631,47.71313105854001],[8.523740595131693,47.713225341784316],[8.52372365734794,47.71327998570529],[8.52368520927587,47.713352134892986],[8.523635239889153,47.713411584091375],[8.523611969472888,47.71343359379449],[8.52357565155165,47.713466626016334],[8.523515695370032,47.71350371925974],[8.523438644222484,47.71354161955287],[8.523350056682508,47.713571937535384],[8.523246135332677,47.71359535617821],[8.523064664122261,47.713631046440284],[8.522703292201015,47.713704965765054],[8.52227373659689,47.71379044724098],[8.521963478417005,47.71385237545676],[8.521203074147786,47.71400320996933],[8.521059336568156,47.71403213296537],[8.52072459677781,47.71410005093632],[8.520594090129196,47.71412691648989]]}},{"type":"Feature","properties":{"nr":"H4","achse":"Bargen Schaffhausen","strasse":"Hochstrasse","gemeinde":"Schaffhausen","fkt":"VO","fkt_text":"verkehrsorientiert","tempo":50,"dtv":9159,"laerm_tag_db":79.9,"bus":true,"linien":["3","6","10","24","N2"],"haltestellen":["Schaffhausen, St. Peter"],"bus_anteil":1.0,"bus_text":"ja","laenge_m":42,"abschnitt":"Hochstrasse","abschnitt_km":1.821,"unfaelle":70,"unf_fuss":11,"unf_velo":21,"fassaden_igw":174,"initiative":true,"gegenvorschlag":true,"vorlage":"gegenvorschlag"},"geometry":{"type":"LineString","coordinates":[[8.65044919676108,47.71726922747349],[8.650423457323972,47.717274325668654],[8.65030796697411,47.71728637645233],[8.65019181090214,47.717297876416474],[8.650080028865949,47.717303079698304],[8.649909290381158,47.71734409155413]]}},{"type":"Feature","properties":{"nr":"76","achse":"Zentrum Schaffhausen - Schweizersbild","strasse":"Hochstrasse","gemeinde":"Schaffhausen","fkt":"VO","fkt_text":"verkehrsorientiert","tempo":50,"dtv":8671,"laerm_tag_db":79.1,"bus":true,"linien":["3","6","24","N2"],"haltestellen":["Schaffhausen, Finsterwaldstr.","Schaffhausen, Hornbergstieg","Schaffhausen, Seidenhof"],"bus_anteil":1.0,"bus_text":"ja","laenge_m":724,"abschnitt":"Hochstrasse","abschnitt_km":1.821,"unfaelle":70,"unf_fuss":11,"unf_velo":21,"fassaden_igw":174,"initiative":true,"gegenvorschlag":true,"vorlage":"gegenvorschlag"},"geometry":{"type":"LineString","coordinates":[[8.634916603904863,47.701960871354466],[8.63494432810894,47.70213651360031],[8.634964259604557,47.70225383635438],[8.634981935295606,47.702317891369994],[8.635020114585469,47.70242844248087],[8.635054331806133,47.702506924879394],[8.635101761092992,47.70259695479078],[8.635150335575755,47.70268989602361],[8.635273893114285,47.70289521293329],[8.635456709895953,47.70318683994839],[8.63556662166194,47.70335660785732],[8.635626055721083,47.70344949100845],[8.635662216202316,47.70351778969558],[8.635712276148531,47.7036268510627],[8.635733811465336,47.70367119576617],[8.635762012483799,47.70372276614589],[8.635817863628743,47.70385222073657],[8.6358796074832,47.70400125803606],[8.6359138428527,47.704080441519146],[8.63604194868837,47.70438704889686],[8.636089994582536,47.704501842175134],[8.636147164832055,47.7046377048853],[8.6362307298076,47.704841247134105],[8.636317322211653,47.70503604269269],[8.636364248948142,47.70515019978594],[8.636456845491178,47.70537122353252],[8.63663128349807,47.70580307421793],[8.636741610392368,47.706035544511586],[8.636821173648745,47.70620336640762],[8.636873174088398,47.706301389255835],[8.636952348511823,47.70645316933363],[8.63707976880882,47.70667891523914],[8.637261968173439,47.70698580879156],[8.63743126188102,47.70724757613216],[8.637570666307933,47.70743450465123],[8.63774531802862,47.70765029166832],[8.637966274790466,47.70791421450778],[8.638088351911872,47.708076092337194]]}},{"type":"Feature","properties":{"nr":"H4","achse":"Bargen Schaffhausen","strasse":"Bachstrasse","gemeinde":"Schaffhausen","fkt":"VO","fkt_text":"verkehrsorientiert","tempo":50,"dtv":18000,"laerm_tag_db":83.1,"bus":true,"linien":["1","4","5","N3","N76"],"haltestellen":["Schaffhausen, Feuerwehrzentrum"],"bus_anteil":1.0,"bus_text":"ja","laenge_m":84,"abschnitt":"Bachstrasse","abschnitt_km":0.912,"unfaelle":75,"unf_fuss":5,"unf_velo":24,"fassaden_igw":146,"initiative":true,"gegenvorschlag":true,"vorlage":"gegenvorschlag"},"geometry":{"type":"LineString","coordinates":[[8.636597495500908,47.7013312557371],[8.636670518952732,47.70143118476484],[8.636801390778357,47.701524446261374],[8.636943521067987,47.701594710136604],[8.637027086594149,47.70162288197684],[8.63706798396072,47.7016325788115],[8.637169081222345,47.70165180036719],[8.637261501444133,47.70166675810203],[8.637336673787802,47.70167611934202],[8.637396879264294,47.70168706499537],[8.637459596684947,47.70171244747712],[8.63749411341334,47.7017322115952]]}},{"type":"Feature","properties":{"nr":"H4","achse":"Bargen Schaffhausen","strasse":"Bachstrasse","gemeinde":"Schaffhausen","fkt":"VO","fkt_text":"verkehrsorientiert","tempo":50,"dtv":9738,"laerm_tag_db":80.0,"bus":true,"linien":["8","25","630","632","634","N69"],"haltestellen":[],"bus_anteil":1.0,"bus_text":"ja","laenge_m":117,"abschnitt":"Bachstrasse","abschnitt_km":0.912,"unfaelle":75,"unf_fuss":5,"unf_velo":24,"fassaden_igw":146,"initiative":true,"gegenvorschlag":true,"vorlage":"gegenvorschlag"},"geometry":{"type":"LineString","coordinates":[[8.637909740511724,47.696479569131036],[8.637823350492159,47.696831777155396],[8.637780502609061,47.69700293068587],[8.637716592603661,47.697255951549394],[8.637654822792571,47.697481715598386],[8.637646456024749,47.697516438876036]]}},{"type":"Feature","properties":{"nr":"H4","achse":"Bargen Schaffhausen","strasse":"Rheinuferstrasse","gemeinde":"Schaffhausen","fkt":"VO","fkt_text":"verkehrsorientiert","tempo":50,"dtv":15336,"laerm_tag_db":81.9,"bus":true,"linien":["6","8","25","630","632","634","N3","N69"],"haltestellen":["Schaffhausen, Rhybadi"],"bus_anteil":1.0,"bus_text":"ja","laenge_m":426,"abschnitt":"Rheinuferstrasse","abschnitt_km":0.653,"unfaelle":28,"unf_fuss":3,"unf_velo":2,"fassaden_igw":43,"initiative":true,"gegenvorschlag":true,"vorlage":"gegenvorschlag"},"geometry":{"type":"LineString","coordinates":[[8.633046094211572,47.693472621386796],[8.633282523813891,47.69348058839699],[8.634118540994434,47.69350435212333],[8.634617001769543,47.693515394751],[8.634837983095476,47.693521206060154],[8.635002571422497,47.69353107833597],[8.635132943004143,47.69354244496946],[8.635208456250023,47.69355091355193],[8.635400635581009,47.69357616920037],[8.635625486784392,47.69361054998328],[8.635795141927881,47.693640642069155],[8.636000458545048,47.693683633034546],[8.636225780216503,47.69374231937136],[8.636407763158182,47.69379616335102],[8.63657010094584,47.69385020057284],[8.636732559269863,47.69390955195069],[8.636899020155553,47.69397150615132],[8.637093211729612,47.69404378738447],[8.63728740383395,47.69411606829076],[8.637513329378148,47.69420128806512],[8.63782658327451,47.69432540597317],[8.638358648812906,47.69454573368737]]}},{"type":"Feature","properties":{"nr":"H4","achse":"Bargen Schaffhausen","strasse":"Ebnatstrasse","gemeinde":"Schaffhausen","fkt":"VO","fkt_text":"verkehrsorientiert","tempo":50,"dtv":7386,"laerm_tag_db":79.6,"bus":true,"linien":["1","N3"],"haltestellen":["Schaffhausen, Kronenhalde"],"bus_anteil":1.0,"bus_text":"ja","laenge_m":240,"abschnitt":"Ebnatstrasse","abschnitt_km":2.434,"unfaelle":57,"unf_fuss":4,"unf_velo":9,"fassaden_igw":10,"initiative":true,"gegenvorschlag":true,"vorlage":"gegenvorschlag"},"geometry":{"type":"LineString","coordinates":[[8.640230021660624,47.7064928416106],[8.640250456059716,47.70643383496735],[8.64026382502075,47.70636294800692],[8.640268823454656,47.70622325163832],[8.640269210909452,47.70606063161932],[8.640294197390958,47.70596206615871],[8.640304732372588,47.70589254862036],[8.640330360988438,47.70578822917933],[8.640380303842491,47.70572543663141],[8.640422639380782,47.70568795158891],[8.640500031962766,47.705645732829204],[8.640569300036624,47.70562423084268],[8.64063948570842,47.70561263098946],[8.64070343999442,47.70561239231853],[8.640854804210257,47.70563849312112],[8.641102875322044,47.70570013693341],[8.64137905064532,47.70578354331129],[8.641560497941505,47.705851047242824],[8.641686062493626,47.70592391426076],[8.642105383137237,47.70617232981837]]}},{"type":"Feature","properties":{"nr":"H4","achse":"Bargen Schaffhausen","strasse":"Ebnatstrasse","gemeinde":"Schaffhausen","fkt":"VO","fkt_text":"verkehrsorientiert","tempo":50,"dtv":7386,"laerm_tag_db":79.5,"bus":true,"linien":["1","N3"],"haltestellen":["Schaffhausen, Kronenhalde"],"bus_anteil":1.0,"bus_text":"ja","laenge_m":149,"abschnitt":"Ebnatstrasse","abschnitt_km":2.434,"unfaelle":57,"unf_fuss":4,"unf_velo":9,"fassaden_igw":10,"initiative":true,"gegenvorschlag":true,"vorlage":"gegenvorschlag"},"geometry":{"type":"LineString","coordinates":[[8.642105383137237,47.70617232981837],[8.642438813071871,47.70636502364672],[8.642645001108713,47.70648201686926],[8.642936698852425,47.7066289380932],[8.643473853865858,47.706900817031595],[8.643665936333049,47.706999723326184]]}},{"type":"Feature","properties":{"nr":"H4","achse":"Bargen Schaffhausen","strasse":"Ebnatstrasse","gemeinde":"Schaffhausen","fkt":"VO","fkt_text":"verkehrsorientiert","tempo":50,"dtv":7386,"laerm_tag_db":79.3,"bus":true,"linien":["1","9","N3"],"haltestellen":["Schaffhausen, Ebnat"],"bus_anteil":1.0,"bus_text":"ja","laenge_m":271,"abschnitt":"Ebnatstrasse","abschnitt_km":2.434,"unfaelle":57,"unf_fuss":4,"unf_velo":9,"fassaden_igw":10,"initiative":true,"gegenvorschlag":true,"vorlage":"gegenvorschlag"},"geometry":{"type":"LineString","coordinates":[[8.643665936333049,47.706999723326184],[8.64392334630078,47.70713109572871],[8.644104211913758,47.707223039142875],[8.644253604544863,47.707297464134996],[8.644552590287205,47.707446284486245],[8.64467588824974,47.70750060768695],[8.644739619258806,47.70752966341025],[8.644927106655045,47.70761617627254],[8.645106527117514,47.70767787647924],[8.645671368111762,47.70786966998836],[8.646414101028675,47.708116006446474],[8.646510152607155,47.70814992404765],[8.646589507095419,47.7081674746617],[8.646788467293359,47.70818597670682]]}},{"type":"Feature","properties":{"nr":"H4","achse":"Bargen Schaffhausen","strasse":"Ebnatstrasse","gemeinde":"Schaffhausen","fkt":"VO","fkt_text":"verkehrsorientiert","tempo":50,"dtv":8183,"laerm_tag_db":79.5,"bus":true,"linien":["5","6","10","24","N76"],"haltestellen":["Schaffhausen, Falkeneck"],"bus_anteil":0.67,"bus_text":"teilweise","laenge_m":48,"abschnitt":"Ebnatstrasse","abschnitt_km":2.434,"unfaelle":57,"unf_fuss":4,"unf_velo":9,"fassaden_igw":10,"initiative":true,"gegenvorschlag":true,"vorlage":"gegenvorschlag"},"geometry":{"type":"LineString","coordinates":[[8.654142828080081,47.717209549145984],[8.654014707107077,47.71718807027291],[8.653794082319584,47.717196420679045],[8.653619403572769,47.717217179227795],[8.653506476133256,47.71722936831136]]}},{"type":"Feature","properties":{"nr":"H4","achse":"Bargen Schaffhausen","strasse":"Hochstrasse","gemeinde":"Schaffhausen","fkt":"VO","fkt_text":"verkehrsorientiert","tempo":50,"dtv":9159,"laerm_tag_db":80.1,"bus":true,"linien":["6","10","24"],"haltestellen":["Schaffhausen, St. Peter"],"bus_anteil":1.0,"bus_text":"ja","laenge_m":98,"abschnitt":"Hochstrasse","abschnitt_km":1.821,"unfaelle":70,"unf_fuss":11,"unf_velo":21,"fassaden_igw":174,"initiative":true,"gegenvorschlag":true,"vorlage":"gegenvorschlag"},"geometry":{"type":"LineString","coordinates":[[8.651683990253595,47.71698550665671],[8.651591184623584,47.71699115198393],[8.651460831517369,47.71701179558042],[8.651315575675135,47.71704282092023],[8.651145774299733,47.71709092128636],[8.65080513717489,47.71718855313468],[8.650631760425838,47.717233047355],[8.65044919676108,47.71726922747349]]}},{"type":"Feature","properties":{"nr":"H4","achse":"Bargen Schaffhausen","strasse":"Schweizersbildstrasse","gemeinde":"Schaffhausen","fkt":"VO","fkt_text":"verkehrsorientiert","tempo":50,"dtv":8251,"laerm_tag_db":79.4,"bus":true,"linien":["10"],"haltestellen":[],"bus_anteil":1.0,"bus_text":"ja","laenge_m":238,"abschnitt":"Schweizersbildstrasse","abschnitt_km":1.775,"unfaelle":20,"unf_fuss":2,"unf_velo":7,"fassaden_igw":34,"initiative":true,"gegenvorschlag":true,"vorlage":"gegenvorschlag"},"geometry":{"type":"LineString","coordinates":[[8.642360284832696,47.72273318814461],[8.642038144197986,47.722862810225685],[8.64173972656155,47.72298004376289],[8.640934856541726,47.72329670812654],[8.640575803433304,47.7234364664323],[8.64013235229657,47.72360702841111],[8.639620075964817,47.72381392553862]]}},{"type":"Feature","properties":{"nr":"H4","achse":"Bargen Schaffhausen","strasse":"Schweizersbildstrasse","gemeinde":"Schaffhausen","fkt":"VO","fkt_text":"verkehrsorientiert","tempo":50,"dtv":8349,"laerm_tag_db":79.3,"bus":true,"linien":["10"],"haltestellen":["Schaffhausen, Buchbrunnen"],"bus_anteil":1.0,"bus_text":"ja","laenge_m":264,"abschnitt":"Schweizersbildstrasse","abschnitt_km":1.775,"unfaelle":20,"unf_fuss":2,"unf_velo":7,"fassaden_igw":34,"initiative":true,"gegenvorschlag":true,"vorlage":"gegenvorschlag"},"geometry":{"type":"LineString","coordinates":[[8.638281996931955,47.72445762835618],[8.638042129690064,47.724577072208646],[8.637941440085136,47.72462898188127],[8.637800155574572,47.724689467855484],[8.637630052058775,47.72475114125634],[8.63742162487337,47.72481398302534],[8.637290471061172,47.72484685073624],[8.637190183099584,47.724866511484],[8.637050443292447,47.72489225409708],[8.636917813765654,47.724914712344585],[8.636762536626586,47.724943052150394],[8.63655933205191,47.72497522236983],[8.635973363947429,47.72505935425268],[8.635599138652875,47.72511342168795],[8.635230107302123,47.72518441545048],[8.635001527636481,47.72523163047168]]}},{"type":"Feature","properties":{"nr":"725","achse":"Bargen Schaffhausen","strasse":"Hauptstrasse","gemeinde":"Merishausen","fkt":"VO","fkt_text":"verkehrsorientiert","tempo":50,"dtv":1936,"laerm_tag_db":71.9,"bus":true,"linien":["23"],"haltestellen":["Merishausen, im Kerr"],"bus_anteil":1.0,"bus_text":"ja","laenge_m":402,"abschnitt":"Hauptstrasse","abschnitt_km":0.919,"unfaelle":0,"unf_fuss":0,"unf_velo":0,"fassaden_igw":0,"initiative":true,"gegenvorschlag":true,"vorlage":"gegenvorschlag"},"geometry":{"type":"LineString","coordinates":[[8.61217454106503,47.755168192627444],[8.612085697353248,47.75526364285378],[8.611786190663192,47.75556307011487],[8.611702592947136,47.75564674791933],[8.611653503617891,47.755696943789495],[8.611583720310547,47.75576064142198],[8.611427178787777,47.755914101430356],[8.611196589763955,47.756143551413345],[8.610785036956084,47.756554362628066],[8.610630664622684,47.75671262939576],[8.610538642047997,47.75680811933968],[8.61045369131485,47.75691278381925],[8.610344667099309,47.757048836918415],[8.61027185593907,47.757156041218295],[8.610200041516148,47.75730887101837],[8.610141280982933,47.75743925519367],[8.610110195059882,47.75752982303908],[8.610092859282762,47.75762937235116],[8.610077174058624,47.75773600130738],[8.610064288618453,47.75790040653293],[8.610018756159725,47.75835718469949],[8.610016721440779,47.75838275714493]]}},{"type":"Feature","properties":{"nr":"725","achse":"Bargen Schaffhausen","strasse":"Hauptstrasse","gemeinde":"Merishausen","fkt":"VO","fkt_text":"verkehrsorientiert","tempo":50,"dtv":1936,"laerm_tag_db":72.0,"bus":true,"linien":["23"],"haltestellen":["Merishausen, Brunngasse","Merishausen, Gemeindehaus"],"bus_anteil":1.0,"bus_text":"ja","laenge_m":337,"abschnitt":"Hauptstrasse","abschnitt_km":0.919,"unfaelle":0,"unf_fuss":0,"unf_velo":0,"fassaden_igw":0,"initiative":true,"gegenvorschlag":true,"vorlage":"gegenvorschlag"},"geometry":{"type":"LineString","coordinates":[[8.610016721440779,47.75838275714493],[8.609998759550223,47.75860886730281],[8.609979801109295,47.758771300949086],[8.609971049954906,47.75891943928999],[8.609962654967415,47.75915173988144],[8.60995437636812,47.75938809557031],[8.609954126335401,47.759444877198234],[8.609946480919273,47.75950681488189],[8.609939969700614,47.759552506979794],[8.60992052916587,47.75962571595333],[8.609878301432586,47.75975593340631],[8.609801060343258,47.75996992258033],[8.60976025117658,47.76009495413997],[8.60975069437517,47.76012057528845],[8.609740749238652,47.76014612839237],[8.60973042910215,47.76017161331742],[8.609719720629515,47.76019703019774],[8.609708623621163,47.760222370041234],[8.609697151412254,47.760247632713565],[8.609685290467583,47.76027280935682],[8.609617883442002,47.760398441312],[8.609464691789006,47.76063723545325],[8.609381791763122,47.76076381461014],[8.609309197795694,47.76088115211211],[8.609236276383914,47.760984309330134],[8.609155868875353,47.76108854913036],[8.60907982494731,47.761185648715696],[8.608996425186248,47.76129092581663]]}},{"type":"Feature","properties":{"nr":"725","achse":"Bargen Schaffhausen","strasse":"Hauptstrasse","gemeinde":"Merishausen","fkt":"VO","fkt_text":"verkehrsorientiert","tempo":50,"dtv":1936,"laerm_tag_db":71.9,"bus":true,"linien":["23"],"haltestellen":["Merishausen, Gemeindehaus"],"bus_anteil":1.0,"bus_text":"ja","laenge_m":263,"abschnitt":"Hauptstrasse","abschnitt_km":0.919,"unfaelle":0,"unf_fuss":0,"unf_velo":0,"fassaden_igw":0,"initiative":true,"gegenvorschlag":true,"vorlage":"gegenvorschlag"},"geometry":{"type":"LineString","coordinates":[[8.608996425186248,47.76129092581663],[8.608951979489145,47.761342152920676],[8.60890257133178,47.761393969554994],[8.608856016280852,47.7614523590601],[8.608805551587345,47.76153059262419],[8.608763303568452,47.76162993336911],[8.608742389282023,47.761704164204644],[8.608721439324919,47.76177738806568],[8.60862257682846,47.76213531751219],[8.60847646512407,47.762668151162096],[8.608430575791216,47.7628369438905],[8.608388171603439,47.76296006608572],[8.60829303288503,47.76321452681549],[8.608253485242436,47.763330523971476],[8.608237032557577,47.76340268615747],[8.60823080191438,47.76346055309365],[8.608236811499227,47.76352843321297],[8.608250118622117,47.763586094770716]]}},{"type":"Feature","properties":{"nr":"725","achse":"Bargen Schaffhausen","strasse":"Hauptstrasse","gemeinde":"Merishausen","fkt":"VO","fkt_text":"verkehrsorientiert","tempo":50,"dtv":1936,"laerm_tag_db":71.9,"bus":true,"linien":["23"],"haltestellen":["Merishausen, Eichwis"],"bus_anteil":1.0,"bus_text":"ja","laenge_m":174,"abschnitt":"Hauptstrasse","abschnitt_km":0.919,"unfaelle":0,"unf_fuss":0,"unf_velo":0,"fassaden_igw":0,"initiative":true,"gegenvorschlag":true,"vorlage":"gegenvorschlag"},"geometry":{"type":"LineString","coordinates":[[8.608250118622117,47.763586094770716],[8.608267686978326,47.76363256095927],[8.608296275381804,47.76370021411616],[8.608327681030254,47.76376074269623],[8.608462610487116,47.764012890579586],[8.608799570251637,47.76462806338005],[8.608900002667884,47.764816682386225],[8.609020301707583,47.76506150270385]]}},{"type":"Feature","properties":{"nr":"725","achse":"Bargen Schaffhausen","strasse":"Schulstrasse","gemeinde":"Bargen (SH)","fkt":"VO","fkt_text":"verkehrsorientiert","tempo":50,"dtv":700,"laerm_tag_db":64.8,"bus":true,"linien":["23"],"haltestellen":[],"bus_anteil":1.0,"bus_text":"ja","laenge_m":57,"abschnitt":"Schulstrasse","abschnitt_km":0.53,"unfaelle":1,"unf_fuss":0,"unf_velo":1,"fassaden_igw":0,"initiative":true,"gegenvorschlag":true,"vorlage":"gegenvorschlag"},"geometry":{"type":"LineString","coordinates":[[8.612154247073438,47.79284657398476],[8.612054211122002,47.792854939232264],[8.611947394595523,47.7928620866017],[8.611805618126178,47.792866627164095],[8.611768141632984,47.79286489122591],[8.611730743984284,47.79286249792855],[8.611693465013612,47.79285943787692],[8.611656305121379,47.7928557290548],[8.611619303941572,47.79285135307524],[8.61158248856231,47.792846327653365],[8.611545885672667,47.792840652520375],[8.611517716699748,47.79283431680575],[8.611490240974017,47.79282674194027],[8.61146355250267,47.79281795395906],[8.611437799266593,47.792808005335246],[8.611413075272443,47.79279692210411]]}},{"type":"Feature","properties":{"nr":"725","achse":"Bargen Schaffhausen","strasse":"Schulstrasse","gemeinde":"Bargen (SH)","fkt":"VO","fkt_text":"verkehrsorientiert","tempo":50,"dtv":700,"laerm_tag_db":64.8,"bus":true,"linien":["23"],"haltestellen":[],"bus_anteil":1.0,"bus_text":"ja","laenge_m":24,"abschnitt":"Schulstrasse","abschnitt_km":0.53,"unfaelle":1,"unf_fuss":0,"unf_velo":1,"fassaden_igw":0,"initiative":true,"gegenvorschlag":true,"vorlage":"gegenvorschlag"},"geometry":{"type":"LineString","coordinates":[[8.611413075272443,47.79279692210411],[8.611389475523968,47.792784775260394],[8.611367134258307,47.79277159942808],[8.611346132935177,47.792757456744546],[8.611326553013976,47.79274240934703],[8.611270292148733,47.79269288913344],[8.611219251813123,47.79262359275164]]}},{"type":"Feature","properties":{"nr":"H4","achse":"Bargen Schaffhausen","strasse":"Ebnatstrasse","gemeinde":"Schaffhausen","fkt":"VO","fkt_text":"verkehrsorientiert","tempo":50,"dtv":6931,"laerm_tag_db":79.4,"bus":true,"linien":["9","N3"],"haltestellen":["Schaffhausen, Busdepot"],"bus_anteil":1.0,"bus_text":"ja","laenge_m":356,"abschnitt":"Ebnatstrasse","abschnitt_km":2.434,"unfaelle":57,"unf_fuss":4,"unf_velo":9,"fassaden_igw":10,"initiative":true,"gegenvorschlag":true,"vorlage":"gegenvorschlag"},"geometry":{"type":"LineString","coordinates":[[8.654254226765639,47.71181304420984],[8.654900942771606,47.71213355325194],[8.655610315622098,47.71251262994267],[8.656273340115868,47.71286991807366],[8.65659213451122,47.71304621157237],[8.656900377545869,47.71320576855086],[8.657034259580632,47.713268899146435],[8.657275450917364,47.713393432732026],[8.65761921584546,47.713570415059685],[8.657734820496735,47.71363841352509],[8.65784737252851,47.71371389113303],[8.65795514633399,47.713806984524766]]}},{"type":"Feature","properties":{"nr":"H4","achse":"Bargen Schaffhausen","strasse":"Ebnatstrasse","gemeinde":"Schaffhausen","fkt":"VO","fkt_text":"verkehrsorientiert","tempo":50,"dtv":6931,"laerm_tag_db":79.3,"bus":true,"linien":["9","N3"],"haltestellen":["Schaffhausen, Ernst Homberger-Strasse"],"bus_anteil":1.0,"bus_text":"ja","laenge_m":183,"abschnitt":"Ebnatstrasse","abschnitt_km":2.434,"unfaelle":57,"unf_fuss":4,"unf_velo":9,"fassaden_igw":10,"initiative":true,"gegenvorschlag":true,"vorlage":"gegenvorschlag"},"geometry":{"type":"LineString","coordinates":[[8.65795514633399,47.713806984524766],[8.658026838069057,47.71390560101942],[8.658056665130605,47.71395888488522],[8.658072817405007,47.71400343486565],[8.65808522191322,47.714110354314535],[8.658077113900092,47.71421718313026],[8.658056606530135,47.71429948876853],[8.658023360978218,47.7143749664678],[8.657908472456262,47.7145881659726],[8.657693965374156,47.71495955751384],[8.657652322944676,47.71505183443992],[8.657599315470538,47.71515872924065],[8.657490347727219,47.71536469773215]]}},{"type":"Feature","properties":{"nr":"H4","achse":"Bargen Schaffhausen","strasse":"Ebnatstrasse","gemeinde":"Schaffhausen","fkt":"VO","fkt_text":"verkehrsorientiert","tempo":50,"dtv":8183,"laerm_tag_db":79.4,"bus":true,"linien":[],"haltestellen":["Schaffhausen, Falkeneck"],"bus_anteil":0.0,"bus_text":"ja","laenge_m":223,"abschnitt":"Ebnatstrasse","abschnitt_km":2.434,"unfaelle":57,"unf_fuss":4,"unf_velo":9,"fassaden_igw":10,"initiative":true,"gegenvorschlag":true,"vorlage":"gegenvorschlag"},"geometry":{"type":"LineString","coordinates":[[8.656462953332062,47.71724858740624],[8.65634513838412,47.71744519429355],[8.656261665521527,47.717530389541956],[8.65614797093437,47.71761586525296],[8.656012457177281,47.71768101750252],[8.655861483672453,47.71773810173241],[8.655694559236531,47.71776864887089],[8.65552392627022,47.71777876371213],[8.655475290992253,47.717774649743596],[8.655358784856743,47.71776396077065],[8.655207868692822,47.71773077742727],[8.655062408632917,47.71767865790757],[8.65492541199468,47.717598684468236],[8.654695351178114,47.717452182660075],[8.654561007565096,47.717365228502615],[8.65443604057248,47.71729597571718],[8.654324998765562,47.71725736444098],[8.654187461764444,47.71721703337289],[8.654142828080081,47.717209549145984]]}},{"type":"Feature","properties":{"nr":"H15","achse":"Herblingen - Thayngen","strasse":"Ernst Homberger-Strasse","gemeinde":"Schaffhausen","fkt":"VO","fkt_text":"verkehrsorientiert","tempo":50,"dtv":5029,"laerm_tag_db":77.7,"bus":true,"linien":["9"],"haltestellen":["Schaffhausen, Ernst Homberger-Strasse"],"bus_anteil":1.0,"bus_text":"ja","laenge_m":418,"abschnitt":"Ernst Homberger-Strasse","abschnitt_km":0.471,"unfaelle":15,"unf_fuss":1,"unf_velo":8,"fassaden_igw":0,"initiative":true,"gegenvorschlag":true,"vorlage":"gegenvorschlag"},"geometry":{"type":"LineString","coordinates":[[8.662717677306158,47.71666688901023],[8.662606835188651,47.71664116325293],[8.661979223561989,47.7164839750758],[8.661475257778799,47.71635972410403],[8.66120497730464,47.7162918450343],[8.660575767872215,47.716136087233835],[8.659947601690662,47.715977436935134],[8.659606466871239,47.71589414486247],[8.659066982525648,47.71575838416381],[8.658779032086269,47.7156885983333],[8.658276036730431,47.71556299226639],[8.657772044237191,47.715437385502824],[8.657490347727219,47.71536469773215]]}},{"type":"Feature","properties":{"nr":"H15","achse":"Herblingen - Thayngen","strasse":"Gennersbrunnerstrasse","gemeinde":"Schaffhausen","fkt":"VO","fkt_text":"verkehrsorientiert","tempo":50,"dtv":10177,"laerm_tag_db":80.6,"bus":true,"linien":["9"],"haltestellen":["Herblingen, Bahnhof"],"bus_anteil":1.0,"bus_text":"ja","laenge_m":81,"abschnitt":"Gennersbrunnerstrasse","abschnitt_km":0.978,"unfaelle":38,"unf_fuss":7,"unf_velo":7,"fassaden_igw":24,"initiative":true,"gegenvorschlag":true,"vorlage":"gegenvorschlag"},"geometry":{"type":"LineString","coordinates":[[8.663053489665739,47.71742496759872],[8.66335040588147,47.716867632442955],[8.663409916857093,47.716740402427895]]}},{"type":"Feature","properties":{"nr":"H15","achse":"Herblingen - Thayngen","strasse":"Thayngerstrasse","gemeinde":"Schaffhausen","fkt":"VO","fkt_text":"verkehrsorientiert","tempo":50,"dtv":4241,"laerm_tag_db":75.7,"bus":true,"linien":["5","24","N76"],"haltestellen":["Schaffhausen, Post Herblingen","Schaffhausen, Unterdorf"],"bus_anteil":1.0,"bus_text":"ja","laenge_m":208,"abschnitt":"Thayngerstrasse","abschnitt_km":0.874,"unfaelle":13,"unf_fuss":1,"unf_velo":1,"fassaden_igw":11,"initiative":true,"gegenvorschlag":true,"vorlage":"gegenvorschlag"},"geometry":{"type":"LineString","coordinates":[[8.66417496443994,47.723539917547626],[8.664131187567154,47.72342694378544],[8.664107311664846,47.72337845572427],[8.664055884738724,47.723298913155375],[8.664010957911465,47.72323183101585],[8.663954467920318,47.72315582252707],[8.663884314125145,47.723068814154],[8.66379434806341,47.72297294832747],[8.663700254142475,47.7228778274744],[8.663534973439683,47.722740284238235],[8.663432088757752,47.72266614937322],[8.66332412790519,47.72259555764808],[8.663211133548966,47.722529201155176],[8.663090973729568,47.722467111326985],[8.662595845076638,47.72221399247006],[8.662442375053933,47.72214604662019]]}},{"type":"Feature","properties":{"nr":"H15","achse":"Herblingen - Thayngen","strasse":"Thayngerstrasse","gemeinde":"Schaffhausen","fkt":"VO","fkt_text":"verkehrsorientiert","tempo":50,"dtv":2608,"laerm_tag_db":74.8,"bus":true,"linien":["5","N76"],"haltestellen":[],"bus_anteil":1.0,"bus_text":"ja","laenge_m":225,"abschnitt":"Thayngerstrasse","abschnitt_km":0.874,"unfaelle":13,"unf_fuss":1,"unf_velo":1,"fassaden_igw":11,"initiative":true,"gegenvorschlag":true,"vorlage":"gegenvorschlag"},"geometry":{"type":"LineString","coordinates":[[8.663809342294526,47.72873000682291],[8.66378281178932,47.72867404558053],[8.663758165318429,47.72861769571882],[8.663735417036358,47.72856099306656],[8.663714567145572,47.7285039466169],[8.663695630008398,47.728446601190555],[8.663678619570744,47.72838898362396],[8.66366687680716,47.72833433261175],[8.663657741671404,47.72827945625307],[8.663651202076638,47.728224408641005],[8.66364727259086,47.72816924358772],[8.663645968198146,47.728114032889096],[8.66364726306789,47.728058812794224],[8.663651185511531,47.72800365495826],[8.663657488362762,47.72792002335861],[8.663664216658,47.72786168798513],[8.663673348021376,47.72780350717668],[8.663684883485555,47.727745525892786],[8.663698810339778,47.727687771249194],[8.663715116913982,47.72763031532168],[8.663733803616905,47.72757317609325],[8.663754831916213,47.72751641692816],[8.663828517212956,47.72730249571977],[8.66384792194378,47.72724068090093],[8.663865708628961,47.72717864927684],[8.663881864154959,47.72711640998077],[8.663896389151745,47.727053989989436],[8.663909284041226,47.72699140728739],[8.663920535918244,47.72692867999973],[8.663930145204834,47.726865826110945],[8.66395389910438,47.72673737226783]]}},{"type":"Feature","properties":{"nr":"H15","achse":"Herblingen - Thayngen","strasse":"Bahnhofstrasse","gemeinde":"Thayngen","fkt":"VO","fkt_text":"verkehrsorientiert","tempo":50,"dtv":3314,"laerm_tag_db":75.4,"bus":true,"linien":["N76"],"haltestellen":[],"bus_anteil":1.0,"bus_text":"ja","laenge_m":204,"abschnitt":"Bahnhofstrasse","abschnitt_km":1.003,"unfaelle":13,"unf_fuss":4,"unf_velo":5,"fassaden_igw":29,"initiative":true,"gegenvorschlag":true,"vorlage":"gegenvorschlag"},"geometry":{"type":"LineString","coordinates":[[8.6976408922042,47.74794441143881],[8.697609118751226,47.747949693150865],[8.697396950080693,47.74797449280377],[8.697213814620468,47.74799150375811],[8.696977763140511,47.74800628967952],[8.69683055730788,47.74801446579143],[8.69669296822198,47.74801878712893],[8.696624853706997,47.748019541785034],[8.696487156797978,47.74801820669719],[8.696347868407818,47.74800938749731],[8.69619741579866,47.747998791055124],[8.696084462876314,47.74798592724793],[8.695981251502655,47.747973893428444],[8.695818137803336,47.74795688558226],[8.695575630054025,47.74792950170848],[8.69525498136387,47.747888903599126],[8.6949816940921,47.747852479054735],[8.694943593139842,47.747847952756096]]}},{"type":"Feature","properties":{"nr":"H15","achse":"Herblingen - Thayngen","strasse":"Bahnhofstrasse","gemeinde":"Thayngen","fkt":"VO","fkt_text":"verkehrsorientiert","tempo":50,"dtv":3314,"laerm_tag_db":75.3,"bus":true,"linien":["N76"],"haltestellen":["Thayngen, Silberberg"],"bus_anteil":1.0,"bus_text":"ja","laenge_m":93,"abschnitt":"Bahnhofstrasse","abschnitt_km":1.003,"unfaelle":13,"unf_fuss":4,"unf_velo":5,"fassaden_igw":29,"initiative":true,"gegenvorschlag":true,"vorlage":"gegenvorschlag"},"geometry":{"type":"LineString","coordinates":[[8.698838075599104,47.74771341008473],[8.698623842624817,47.747763463085576],[8.698433021188695,47.74780487953921],[8.698251732006163,47.747840589067756],[8.698089702356937,47.7478685796257],[8.697916575861095,47.747897634481085],[8.697847328693145,47.74790962687414],[8.697760096300042,47.74792462009941],[8.6976408922042,47.74794441143881]]}},{"type":"Feature","properties":{"nr":"H15","achse":"Herblingen - Thayngen","strasse":"Bahnhofstrasse","gemeinde":"Thayngen","fkt":"VO","fkt_text":"verkehrsorientiert","tempo":50,"dtv":3314,"laerm_tag_db":75.3,"bus":true,"linien":["N76"],"haltestellen":["Thayngen, Silberberg"],"bus_anteil":1.0,"bus_text":"ja","laenge_m":102,"abschnitt":"Bahnhofstrasse","abschnitt_km":1.003,"unfaelle":13,"unf_fuss":4,"unf_velo":5,"fassaden_igw":29,"initiative":true,"gegenvorschlag":true,"vorlage":"gegenvorschlag"},"geometry":{"type":"LineString","coordinates":[[8.700147698519666,47.74749318414456],[8.700013292759328,47.74750566862371],[8.69985024386324,47.747519911585535],[8.699642362402397,47.7475465486737],[8.699473069400309,47.74757466489283],[8.69928183464426,47.74761211180133],[8.699184982439103,47.747631905336526],[8.698838075599104,47.74771341008473]]}},{"type":"Feature","properties":{"nr":"H15","achse":"Herblingen - Thayngen","strasse":"Bahnhofstrasse","gemeinde":"Thayngen","fkt":"VO","fkt_text":"verkehrsorientiert","tempo":50,"dtv":3314,"laerm_tag_db":75.5,"bus":true,"linien":["N76"],"haltestellen":[],"bus_anteil":1.0,"bus_text":"ja","laenge_m":155,"abschnitt":"Bahnhofstrasse","abschnitt_km":1.003,"unfaelle":13,"unf_fuss":4,"unf_velo":5,"fassaden_igw":29,"initiative":true,"gegenvorschlag":true,"vorlage":"gegenvorschlag"},"geometry":{"type":"LineString","coordinates":[[8.70090030689974,47.746365582692995],[8.700857940265783,47.746569617326415],[8.700741918859684,47.747108423957336],[8.700706176426795,47.74726763142673],[8.70068247258399,47.74732215064337],[8.700646764053573,47.74737488433467],[8.700600525094794,47.74740880845714],[8.700547641792063,47.74743477281981],[8.700497763406165,47.74745645030171],[8.70043792406653,47.74746921463109],[8.700351660587671,47.74747780443112],[8.700147698519666,47.74749318414456]]}},{"type":"Feature","properties":{"nr":"H15","achse":"Herblingen - Thayngen","strasse":"Bahnhofstrasse","gemeinde":"Thayngen","fkt":"VO","fkt_text":"verkehrsorientiert","tempo":50,"dtv":3314,"laerm_tag_db":75.3,"bus":true,"linien":["N76"],"haltestellen":[],"bus_anteil":1.0,"bus_text":"ja","laenge_m":49,"abschnitt":"Bahnhofstrasse","abschnitt_km":1.003,"unfaelle":13,"unf_fuss":4,"unf_velo":5,"fassaden_igw":29,"initiative":true,"gegenvorschlag":true,"vorlage":"gegenvorschlag"},"geometry":{"type":"LineString","coordinates":[[8.701037476157753,47.74593471054351],[8.701006729267043,47.74596730647108],[8.700986900116803,47.746001978489154],[8.70096376205001,47.746078500489524],[8.700931059660007,47.74621751010475],[8.70090030689974,47.746365582692995]]}},{"type":"Feature","properties":{"nr":"H15","achse":"Herblingen - Thayngen","strasse":"Bahnhofstrasse","gemeinde":"Thayngen","fkt":"VO","fkt_text":"verkehrsorientiert","tempo":50,"dtv":3314,"laerm_tag_db":75.3,"bus":true,"linien":["24","N76"],"haltestellen":["Thayngen, Bahnhof"],"bus_anteil":1.0,"bus_text":"ja","laenge_m":299,"abschnitt":"Bahnhofstrasse","abschnitt_km":1.003,"unfaelle":13,"unf_fuss":4,"unf_velo":5,"fassaden_igw":29,"initiative":true,"gegenvorschlag":true,"vorlage":"gegenvorschlag"},"geometry":{"type":"LineString","coordinates":[[8.70497494990033,47.74574013205569],[8.704878342128827,47.74574595073512],[8.704747831685857,47.74576607041828],[8.70460050486778,47.745787839040425],[8.704522431585813,47.74579638780754],[8.704413248120034,47.74579828657119],[8.704153069288552,47.745795145469714],[8.70395071485242,47.745794909493746],[8.70383216086248,47.745795866317785],[8.703686662062626,47.74580096560146],[8.703568435071656,47.74580723418062],[8.703474212695493,47.74582024810267],[8.70340049867301,47.74582874870997],[8.703277826717569,47.74583595575228],[8.703032486372848,47.74583768756793],[8.70265603452387,47.74583721009124],[8.70174118602943,47.74583897258426],[8.701372158321835,47.74583722309277],[8.701302129771205,47.745840915424075],[8.701242759197541,47.74584697442291],[8.701181389931948,47.745860925019684],[8.701141487420982,47.745874192871696],[8.701104898991758,47.74588998808906],[8.701071100165969,47.74590868512977],[8.701037476157753,47.74593471054351]]}},{"type":"Feature","properties":{"nr":"H331","achse":"Thayngen - Büsslingen","strasse":"Hauptstrasse","gemeinde":"Thayngen","fkt":"VO","fkt_text":"verkehrsorientiert","tempo":50,"dtv":2071,"laerm_tag_db":73.0,"bus":true,"linien":["24"],"haltestellen":[],"bus_anteil":0.75,"bus_text":"teilweise","laenge_m":432,"abschnitt":"Hauptstrasse","abschnitt_km":1.235,"unfaelle":1,"unf_fuss":0,"unf_velo":0,"fassaden_igw":0,"initiative":true,"gegenvorschlag":true,"vorlage":"gegenvorschlag"},"geometry":{"type":"LineString","coordinates":[[8.678331767983314,47.77293867705865],[8.678134942296051,47.772984601632075],[8.678045131197026,47.77301224353629],[8.677847226089193,47.773072479673864],[8.6777083207906,47.77311684237593],[8.677545749023873,47.77317669279759],[8.677417039779115,47.773234293790644],[8.67727857097005,47.77329675636971],[8.677163977724549,47.77335324446833],[8.67705636452066,47.77340584469145],[8.676952845810682,47.77345269001569],[8.676856132427433,47.773495019773264],[8.676628455405337,47.77359447885184],[8.676457418945892,47.773656477394894],[8.676300607171399,47.773707171772294],[8.676141221609715,47.773754511536005],[8.67599539731355,47.77379240703721],[8.675602877964446,47.77389716921806],[8.67536482758799,47.77395887104018],[8.67447507642626,47.774194846960974],[8.674210850141012,47.77426358787089],[8.67379467787517,47.77437620393455],[8.673116622755431,47.774557549995784]]}},{"type":"Feature","properties":{"nr":"H13","achse":"Neuhausen - Erzingen","strasse":"Grosser Letten","gemeinde":"Neunkirch","fkt":"VO","fkt_text":"verkehrsorientiert","tempo":50,"dtv":6331,"laerm_tag_db":78.2,"bus":false,"linien":[],"haltestellen":[],"bus_anteil":0.0,"bus_text":"nein","laenge_m":207,"abschnitt":"Grosser Letten","abschnitt_km":0.611,"unfaelle":4,"unf_fuss":0,"unf_velo":0,"fassaden_igw":10,"initiative":false,"gegenvorschlag":true,"vorlage":"gegenvorschlag"},"geometry":{"type":"LineString","coordinates":[[8.499318012685332,47.68850648962895],[8.499163302710523,47.68849942922368],[8.499016916970682,47.68848699514054],[8.49888494877516,47.68847214483454],[8.49870618340679,47.68844914992639],[8.498559730846203,47.68842870215224],[8.49846168493418,47.688408954974776],[8.498393433381215,47.688392380739046],[8.498355020206546,47.68838184820773],[8.498245458843762,47.688337112375194],[8.49816135304779,47.68829106505895],[8.498089055356802,47.68823800257403],[8.498033709173415,47.688185343139445],[8.497985099973599,47.68812919551837],[8.497918092466628,47.68804290553461],[8.497786297669782,47.687870080359964],[8.497711188965631,47.68776963545378],[8.497636403559058,47.68768468435515],[8.497569524922094,47.68761344908481],[8.497477896123435,47.687532797641765],[8.497416558942268,47.68747888835737],[8.497335640799776,47.68742227933115]]}},{"type":"Feature","properties":{"nr":"H13","achse":"Neuhausen - Erzingen","strasse":"Wilchingerstrasse","gemeinde":"Neunkirch","fkt":"VO","fkt_text":"verkehrsorientiert","tempo":50,"dtv":5919,"laerm_tag_db":77.6,"bus":false,"linien":[],"haltestellen":[],"bus_anteil":0.0,"bus_text":"nein","laenge_m":413,"abschnitt":"Wilchingerstrasse","abschnitt_km":0.251,"unfaelle":1,"unf_fuss":0,"unf_velo":0,"fassaden_igw":0,"initiative":false,"gegenvorschlag":true,"vorlage":"gegenvorschlag"},"geometry":{"type":"LineString","coordinates":[[8.495337704246408,47.68704620015025],[8.495133493881461,47.686998634486464],[8.494840429700929,47.6869378453485],[8.494594797188741,47.68688569049976],[8.494324507336202,47.68683205926377],[8.494117225486105,47.68678400706548],[8.493894579439656,47.686730931423085],[8.493735752941024,47.68668540655496],[8.493593033384814,47.6866380263693],[8.493457131870642,47.68659054814345],[8.493339855914924,47.68654060721802],[8.493211393747927,47.686482744974604],[8.49308264455066,47.686411115258444],[8.492955035568174,47.686336524997024],[8.492842572989963,47.686265358842505],[8.492414801348733,47.68599366925106],[8.492210287198791,47.68586886007821],[8.492052208245568,47.685768947938556],[8.491924946275276,47.685694911039995],[8.491816636743195,47.68562883287946],[8.491708441688361,47.68556850079879],[8.491583202331247,47.685503700107674],[8.491446039218102,47.68543673181315],[8.491354351472182,47.685394013153136],[8.49125754244827,47.6853496139498],[8.49114362945945,47.68529908272752],[8.491025074708684,47.68525156148015],[8.49080068900942,47.68516807773203],[8.490713125623424,47.68513714844115]]}},{"type":"Feature","properties":{"nr":"73","achse":"Hallau - Neunkirch","strasse":"Namenlos","gemeinde":"Neunkirch","fkt":"VO","fkt_text":"verkehrsorientiert","tempo":50,"dtv":5668,"laerm_tag_db":77.8,"bus":true,"linien":["N77"],"haltestellen":[],"bus_anteil":1.0,"bus_text":"ja","laenge_m":75,"abschnitt":"","abschnitt_km":null,"unfaelle":null,"unf_fuss":null,"unf_velo":null,"fassaden_igw":null,"initiative":true,"gegenvorschlag":true,"vorlage":"gegenvorschlag"},"geometry":{"type":"LineString","coordinates":[[8.501554096626782,47.68854797340924],[8.501678618817273,47.688462532798376],[8.501795535419902,47.688407660576736],[8.501889935456116,47.6883717829032],[8.502038783060383,47.688332312947686],[8.502147104523335,47.688316445425926],[8.502238058881646,47.688308003982776],[8.502324903746628,47.688299222332674],[8.502404072312528,47.688284943547536],[8.502441697313456,47.68827475958404]]}},{"type":"Feature","properties":{"nr":"73","achse":"Hallau - Neunkirch","strasse":"Namenlos","gemeinde":"Neunkirch","fkt":"VO","fkt_text":"verkehrsorientiert","tempo":50,"dtv":5668,"laerm_tag_db":77.5,"bus":true,"linien":["N77"],"haltestellen":[],"bus_anteil":1.0,"bus_text":"ja","laenge_m":47,"abschnitt":"","abschnitt_km":null,"unfaelle":null,"unf_fuss":null,"unf_velo":null,"fassaden_igw":null,"initiative":true,"gegenvorschlag":true,"vorlage":"gegenvorschlag"},"geometry":{"type":"LineString","coordinates":[[8.501227741531514,47.68891021775051],[8.501283844065105,47.688862917516495],[8.50135085160309,47.68878884107462],[8.501441716173382,47.68866432343265],[8.501554096626782,47.68854797340924]]}},{"type":"Feature","properties":{"nr":"73","achse":"Hallau - Neunkirch","strasse":"Namenlos","gemeinde":"Neunkirch","fkt":"VO","fkt_text":"verkehrsorientiert","tempo":50,"dtv":5668,"laerm_tag_db":77.6,"bus":true,"linien":["N77"],"haltestellen":[],"bus_anteil":1.0,"bus_text":"ja","laenge_m":40,"abschnitt":"","abschnitt_km":null,"unfaelle":null,"unf_fuss":null,"unf_velo":null,"fassaden_igw":null,"initiative":true,"gegenvorschlag":true,"vorlage":"gegenvorschlag"},"geometry":{"type":"LineString","coordinates":[[8.502441697313456,47.68827475958404],[8.502476752010848,47.68826526470123],[8.502552318319518,47.688239425412654],[8.502693428549758,47.68817753123215],[8.502883245915495,47.68807562581289]]}},{"type":"Feature","properties":{"nr":"H13","achse":"Neuhausen - Erzingen","strasse":"Grosser Letten","gemeinde":"Neunkirch","fkt":"VO","fkt_text":"verkehrsorientiert","tempo":50,"dtv":6331,"laerm_tag_db":78.1,"bus":true,"linien":["N77"],"haltestellen":[],"bus_anteil":0.14,"bus_text":"teilweise","laenge_m":242,"abschnitt":"Grosser Letten","abschnitt_km":0.611,"unfaelle":4,"unf_fuss":0,"unf_velo":0,"fassaden_igw":10,"initiative":true,"gegenvorschlag":true,"vorlage":"gegenvorschlag"},"geometry":{"type":"LineString","coordinates":[[8.502265605646253,47.68798357794538],[8.502209520990057,47.687990540037646],[8.502143167772125,47.68800287561041],[8.502029442976122,47.6880368617047],[8.501954284948082,47.68807043183481],[8.501874102178853,47.688115803161715],[8.501784123041304,47.68818278690721],[8.50167583684278,47.68826214302714],[8.501573382275721,47.68832345752668],[8.501442617429014,47.688389860681774],[8.501289012921307,47.688449205324375],[8.50119930207762,47.68847782637048],[8.501108355995136,47.68850197958568],[8.500985362888825,47.688530203219464],[8.500850500335277,47.688552401252196],[8.500756078498359,47.68856465080964],[8.500597404074817,47.68857380890329],[8.500459446158795,47.68857250624382],[8.500326113885107,47.688564730390155],[8.500053633222139,47.68854409572697],[8.499799276851302,47.68852920403435],[8.499556975842765,47.6885176554533],[8.499318012685332,47.68850648962895]]}},{"type":"Feature","properties":{"nr":"71","achse":"Wilchingen - Jestetten","strasse":"In der Gasse","gemeinde":"Wilchingen","fkt":"VO","fkt_text":"verkehrsorientiert","tempo":50,"dtv":2759,"laerm_tag_db":74.7,"bus":true,"linien":["27","N77"],"haltestellen":[],"bus_anteil":1.0,"bus_text":"ja","laenge_m":387,"abschnitt":"In der Gasse","abschnitt_km":0.207,"unfaelle":2,"unf_fuss":0,"unf_velo":2,"fassaden_igw":2,"initiative":true,"gegenvorschlag":true,"vorlage":"gegenvorschlag"},"geometry":{"type":"LineString","coordinates":[[8.468752644582947,47.665252443417465],[8.468755195463768,47.66518022500395],[8.468756159203412,47.66510855131649],[8.468754766886846,47.66503690751522],[8.468747584663026,47.66495096943723],[8.468735824233985,47.66487197944046],[8.468724108083505,47.66479458100694],[8.46871358696031,47.66473893774432],[8.468701982977782,47.664676900268475],[8.46868810971724,47.66461044881206],[8.468643925280597,47.66445382125467],[8.468615634216954,47.66437921404664],[8.46859207397804,47.664316473099404],[8.468548475568028,47.66422629786432],[8.468428700021708,47.663976747583135],[8.468407816130055,47.66393592852435],[8.468384076296752,47.66385569555077],[8.468372610515374,47.663801427722895],[8.46837200406831,47.66374142430811],[8.468385342679074,47.66367415593145],[8.468416425252059,47.66360533615277],[8.468454897634967,47.66353997654267],[8.468505450502722,47.663479663441244],[8.468556724583026,47.663425639807954],[8.468612258540308,47.663377073786805],[8.468678734209055,47.66332770916608],[8.4687624610409,47.663278164530205],[8.468858221870834,47.66322922363316],[8.468936111549542,47.66320269264377],[8.46897457474267,47.66319033531124],[8.46906537271044,47.66316691862188],[8.469150074506382,47.66315112000638],[8.469260161855232,47.66314128404635],[8.469345917311678,47.663139965476546],[8.469451005727489,47.66314829686],[8.469547718332837,47.66315929279622],[8.469612958888371,47.66316696135623],[8.469685104818065,47.66317508124904],[8.469759008960171,47.663175711369135],[8.469828744630309,47.66317764662129],[8.4699081706391,47.66317741815268],[8.470000760984854,47.663172926447274],[8.470085359309165,47.66316824480794],[8.470159712310577,47.66316183727875],[8.470268255418793,47.66314791275239],[8.470371416949776,47.663132479941794],[8.470446211707245,47.6631173080229],[8.470553844990294,47.66309563837073],[8.470652984590073,47.66306989779046],[8.47074215376541,47.66304424571914]]}},{"type":"Feature","properties":{"nr":"71","achse":"Wilchingen - Jestetten","strasse":"In der Gasse","gemeinde":"Wilchingen","fkt":"VO","fkt_text":"verkehrsorientiert","tempo":50,"dtv":2759,"laerm_tag_db":75.0,"bus":true,"linien":["27","N77"],"haltestellen":[],"bus_anteil":1.0,"bus_text":"ja","laenge_m":67,"abschnitt":"In der Gasse","abschnitt_km":0.207,"unfaelle":2,"unf_fuss":0,"unf_velo":2,"fassaden_igw":2,"initiative":true,"gegenvorschlag":true,"vorlage":"gegenvorschlag"},"geometry":{"type":"LineString","coordinates":[[8.46870397394163,47.66585571475104],[8.46869980602507,47.66583171043729],[8.468698283164844,47.665797195527745],[8.468697897371962,47.665775972833366],[8.468704222669816,47.66573559611695],[8.468741766672485,47.66538672313736],[8.468746818083192,47.665319852041776],[8.468752644582947,47.665252443417465]]}},{"type":"Feature","properties":{"nr":"H330","achse":"Stein am Rhein - Öhningen","strasse":"Rhigass","gemeinde":"Stein am Rhein","fkt":"VO","fkt_text":"verkehrsorientiert","tempo":40,"dtv":5829,"laerm_tag_db":75.1,"bus":true,"linien":["33"],"haltestellen":["Stein am Rhein, Rathaus","Stein am Rhein, Schule"],"bus_anteil":1.0,"bus_text":"ja","laenge_m":91,"abschnitt":"Rhigass","abschnitt_km":0.452,"unfaelle":19,"unf_fuss":3,"unf_velo":13,"fassaden_igw":14,"initiative":true,"gegenvorschlag":true,"vorlage":"gegenvorschlag"},"geometry":{"type":"LineString","coordinates":[[8.860107315080455,47.65906723658203],[8.8602029454151,47.65904627717159],[8.860299311974552,47.65901504556024],[8.860489431548258,47.65893755674177],[8.86066339981317,47.658867964991025],[8.860735953566545,47.658845893552886],[8.8607644020177,47.658843296410325],[8.860784879786708,47.65884433185821],[8.860805473339108,47.65885017812199],[8.860825328959972,47.65886375099059],[8.860839958609475,47.65887706405291],[8.860862768970957,47.658912431191986],[8.860885746336814,47.658944594119],[8.860900737469084,47.658971871726905],[8.860915471672067,47.65899850485175],[8.860924853630761,47.659011243550324],[8.860941090523509,47.65902292683656],[8.860968947383405,47.659033505332175],[8.860997701685143,47.659042300844845],[8.8610295616879,47.65905122920677],[8.861061593498132,47.6590670544949]]}},{"type":"Feature","properties":{"nr":"H330","achse":"Stein am Rhein - Öhningen","strasse":"Rhigass","gemeinde":"Stein am Rhein","fkt":"VO","fkt_text":"verkehrsorientiert","tempo":40,"dtv":5829,"laerm_tag_db":75.1,"bus":true,"linien":["33"],"haltestellen":["Stein am Rhein, Schule"],"bus_anteil":1.0,"bus_text":"ja","laenge_m":31,"abschnitt":"Rhigass","abschnitt_km":0.452,"unfaelle":19,"unf_fuss":3,"unf_velo":13,"fassaden_igw":14,"initiative":true,"gegenvorschlag":true,"vorlage":"gegenvorschlag"},"geometry":{"type":"LineString","coordinates":[[8.861061593498132,47.6590670544949],[8.861095245531947,47.65909860088894],[8.861110194132799,47.659123792189014],[8.861129778381057,47.659171890512326],[8.861143077903918,47.659206573573265],[8.861163847277513,47.6592541806445],[8.861184707448658,47.65928780862425],[8.86119951832746,47.65930786554815],[8.861214331251437,47.659319566242594]]}},{"type":"Feature","properties":{"nr":"H352","achse":"Kaltenbach - Stein am Rhein","strasse":"Rhigass","gemeinde":"Stein am Rhein","fkt":"VO","fkt_text":"verkehrsorientiert","tempo":40,"dtv":5829,"laerm_tag_db":75.5,"bus":true,"linien":["33"],"haltestellen":[],"bus_anteil":1.0,"bus_text":"ja","laenge_m":113,"abschnitt":"Rhigass","abschnitt_km":0.452,"unfaelle":19,"unf_fuss":3,"unf_velo":13,"fassaden_igw":14,"initiative":true,"gegenvorschlag":true,"vorlage":"gegenvorschlag"},"geometry":{"type":"LineString","coordinates":[[8.857841776942754,47.65687859585325],[8.857959509574357,47.657010954923166],[8.858181905329545,47.6572404737917],[8.858335589714475,47.65740230075841],[8.858452145956418,47.6575234571534],[8.858489046917702,47.65756555148496],[8.85855935400876,47.65764600502091],[8.858630069065663,47.65774068335566]]}},{"type":"Feature","properties":{"nr":"H352","achse":"Kaltenbach - Stein am Rhein","strasse":"Kaltenbacherstrasse","gemeinde":"Stein am Rhein","fkt":"VO","fkt_text":"verkehrsorientiert","tempo":50,"dtv":5353,"laerm_tag_db":78.1,"bus":true,"linien":["33","825"],"haltestellen":[],"bus_anteil":1.0,"bus_text":"ja","laenge_m":384,"abschnitt":"Kaltenbacherstrasse","abschnitt_km":0.73,"unfaelle":10,"unf_fuss":0,"unf_velo":6,"fassaden_igw":19,"initiative":true,"gegenvorschlag":true,"vorlage":"gegenvorschlag"},"geometry":{"type":"LineString","coordinates":[[8.857453653363859,47.65508025173384],[8.857424369932676,47.655013292178204],[8.857405850970004,47.6549630304252],[8.85738496755252,47.65492091990558],[8.857368757719266,47.65489326095502],[8.857342630852404,47.65484773349596],[8.85729331286948,47.654764890959115],[8.857253020594381,47.65470839195447],[8.857209715137133,47.65466365902843],[8.857156368406757,47.654627746784186],[8.857089336538989,47.65459433137693],[8.856994867115585,47.65456240246614],[8.856503892669593,47.65441402992558],[8.855879601991106,47.65422608641664],[8.855582497672874,47.65413221768628],[8.855488757918746,47.65409564631547],[8.855356801917152,47.654043287530385],[8.855253394070136,47.65399811794452],[8.855104735076317,47.65393145399888],[8.854968879098898,47.653861152675525],[8.854848586996878,47.65379587835393],[8.85471266972617,47.65372325681366],[8.854607821597433,47.65365602189065],[8.85446856894241,47.65355320008803],[8.854365188039091,47.65347607971428],[8.854241002402928,47.65335916788615],[8.854189019121533,47.65330988033379],[8.854058085061247,47.65319945492065],[8.85394241446877,47.65308131460919],[8.853756886216068,47.65288855896443]]}},{"type":"Feature","properties":{"nr":"H352","achse":"Kaltenbach - Stein am Rhein","strasse":"Kaltenbacherstrasse","gemeinde":"Stein am Rhein","fkt":"VO","fkt_text":"verkehrsorientiert","tempo":50,"dtv":5353,"laerm_tag_db":78.1,"bus":true,"linien":["825"],"haltestellen":[],"bus_anteil":1.0,"bus_text":"ja","laenge_m":121,"abschnitt":"Kaltenbacherstrasse","abschnitt_km":0.73,"unfaelle":10,"unf_fuss":0,"unf_velo":6,"fassaden_igw":19,"initiative":true,"gegenvorschlag":true,"vorlage":"gegenvorschlag"},"geometry":{"type":"LineString","coordinates":[[8.853756886216068,47.65288855896443],[8.853466210704795,47.65258625898683],[8.853371796484065,47.652492837747026],[8.853305761053557,47.65243272034386],[8.85318773156332,47.65232333302753],[8.853056187897735,47.6522228172469],[8.852930920747061,47.65213150753776],[8.852828468552794,47.65205906980766],[8.852776072430357,47.652026642995516]]}},{"type":"Feature","properties":{"nr":"H352","achse":"Kaltenbach - Stein am Rhein","strasse":"Kaltenbacherstrasse","gemeinde":"Stein am Rhein","fkt":"VO","fkt_text":"verkehrsorientiert","tempo":50,"dtv":5353,"laerm_tag_db":78.1,"bus":true,"linien":["825"],"haltestellen":[],"bus_anteil":1.0,"bus_text":"ja","laenge_m":126,"abschnitt":"Kaltenbacherstrasse","abschnitt_km":0.73,"unfaelle":10,"unf_fuss":0,"unf_velo":6,"fassaden_igw":19,"initiative":true,"gegenvorschlag":true,"vorlage":"gegenvorschlag"},"geometry":{"type":"LineString","coordinates":[[8.852776072430357,47.652026642995516],[8.85264958126988,47.65195278889941],[8.85248052619105,47.65185975431965],[8.852216325094833,47.65171209200901],[8.851990551238131,47.651587176989096],[8.851873511457425,47.651513737693676],[8.851765040051262,47.65143961831669],[8.851686740885569,47.65136976394706],[8.851633850918667,47.65131875928956],[8.851626705927353,47.65130840323718],[8.851605350185737,47.65128080612288],[8.851582278434204,47.65124875945186]]}},{"type":"Feature","properties":{"nr":"H13","achse":"Wagenhausen - Schaffhausen","strasse":"Wagenhauserstrasse","gemeinde":"Stein am Rhein","fkt":"VO","fkt_text":"verkehrsorientiert","tempo":50,"dtv":6455,"laerm_tag_db":78.5,"bus":true,"linien":["33","825"],"haltestellen":[],"bus_anteil":0.96,"bus_text":"ja","laenge_m":163,"abschnitt":"Wagenhauserstrasse","abschnitt_km":0.746,"unfaelle":14,"unf_fuss":3,"unf_velo":2,"fassaden_igw":59,"initiative":true,"gegenvorschlag":true,"vorlage":"gegenvorschlag"},"geometry":{"type":"LineString","coordinates":[[8.856413796818526,47.65677319920033],[8.856728447606063,47.65664800724489],[8.856991813895142,47.65654716929665],[8.857086437342968,47.65650711965934],[8.857217167612415,47.6564492237844],[8.857396798696588,47.65635708053117],[8.857517908343922,47.65629292452423],[8.857640734769967,47.656228756398654],[8.857853565049881,47.65607836083888],[8.857952084610249,47.65599891941238],[8.85807008976236,47.65586463199486]]}},{"type":"Feature","properties":{"nr":"H330","achse":"Stein am Rhein - Öhningen","strasse":"Oehningerstrasse","gemeinde":"Stein am Rhein","fkt":"VO","fkt_text":"verkehrsorientiert","tempo":50,"dtv":3448,"laerm_tag_db":75.8,"bus":false,"linien":[],"haltestellen":[],"bus_anteil":0.0,"bus_text":"nein","laenge_m":522,"abschnitt":"Oehningerstrasse","abschnitt_km":1.181,"unfaelle":16,"unf_fuss":1,"unf_velo":11,"fassaden_igw":15,"initiative":false,"gegenvorschlag":true,"vorlage":"gegenvorschlag"},"geometry":{"type":"LineString","coordinates":[[8.865059824008407,47.65934802601336],[8.865310373074013,47.659259775587564],[8.865764662606793,47.659107208025105],[8.866102810881381,47.658995095183556],[8.866384588346579,47.658895385800754],[8.86659700987321,47.65882223597511],[8.866853609726766,47.65873588659035],[8.86713524272675,47.658639316320674],[8.867415992499778,47.65854459116952],[8.86781827322558,47.65840756882307],[8.868012067493371,47.658342408184055],[8.868131215016254,47.65830600533416],[8.86828438092334,47.65826326488331],[8.86841850117106,47.65822964567518],[8.868543210332357,47.65820201584965],[8.868613132979801,47.65819162916504],[8.868745558969337,47.65817516563906],[8.868847703909728,47.658167862935976],[8.868957292823657,47.65816407537935],[8.869178458319762,47.65816601900826],[8.86969601276526,47.658170938764975],[8.869721497233254,47.65817299030974],[8.869986866366673,47.658192269341775],[8.870198422815644,47.65819975338503],[8.87061084818557,47.65820892451457],[8.870814448510298,47.65821413991147],[8.87086970081389,47.658214654689466],[8.871396883746744,47.65822309101693],[8.871610765233871,47.65822447226765]]}},{"type":"Feature","properties":{"nr":"H332","achse":"Stein am Rhein - Heinishofen","strasse":"Langstuck","gemeinde":"Stein am Rhein","fkt":"VO","fkt_text":"verkehrsorientiert","tempo":40,"dtv":3517,"laerm_tag_db":74.4,"bus":true,"linien":["33"],"haltestellen":[],"bus_anteil":1.0,"bus_text":"ja","laenge_m":86,"abschnitt":"Langstuck","abschnitt_km":0.579,"unfaelle":7,"unf_fuss":1,"unf_velo":3,"fassaden_igw":0,"initiative":true,"gegenvorschlag":true,"vorlage":"gegenvorschlag"},"geometry":{"type":"LineString","coordinates":[[8.861517363829556,47.66016932807528],[8.861772110580793,47.65997574945811],[8.862025178775676,47.659789638545504],[8.862105848721018,47.65972619846509],[8.862161898244134,47.65966959941654],[8.862224106728792,47.65962965522347],[8.862285905751154,47.659602722550126]]}},{"type":"Feature","properties":{"nr":"H332","achse":"Stein am Rhein - Heinishofen","strasse":"Langstuck","gemeinde":"Stein am Rhein","fkt":"VO","fkt_text":"verkehrsorientiert","tempo":40,"dtv":3517,"laerm_tag_db":74.3,"bus":true,"linien":["33"],"haltestellen":[],"bus_anteil":1.0,"bus_text":"ja","laenge_m":146,"abschnitt":"Langstuck","abschnitt_km":0.579,"unfaelle":7,"unf_fuss":1,"unf_velo":3,"fassaden_igw":0,"initiative":true,"gegenvorschlag":true,"vorlage":"gegenvorschlag"},"geometry":{"type":"LineString","coordinates":[[8.860593054816164,47.66130259412873],[8.860622303598385,47.66130099465942],[8.860634169714912,47.66129961705249],[8.860664121181577,47.66128996759134],[8.860695564343088,47.661267931965405],[8.86071873217982,47.66124414474458],[8.860742489947116,47.66120860304796],[8.860768001215117,47.661169936653884],[8.860971815793096,47.66085137994174],[8.861148445828466,47.660577671261414],[8.861195939916666,47.660505337634866],[8.861242801251787,47.66044415633435],[8.861303212844511,47.660375406244256],[8.861379895297835,47.66030025031912],[8.861448511977857,47.660230158321184],[8.861517363829556,47.66016932807528]]}},{"type":"Feature","properties":{"nr":"H332","achse":"Stein am Rhein - Heinishofen","strasse":"Langstuck","gemeinde":"Stein am Rhein","fkt":"VO","fkt_text":"verkehrsorientiert","tempo":40,"dtv":3517,"laerm_tag_db":74.3,"bus":true,"linien":["33"],"haltestellen":["Stein am Rhein, Untertor"],"bus_anteil":1.0,"bus_text":"ja","laenge_m":119,"abschnitt":"Langstuck","abschnitt_km":0.579,"unfaelle":7,"unf_fuss":1,"unf_velo":3,"fassaden_igw":0,"initiative":true,"gegenvorschlag":true,"vorlage":"gegenvorschlag"},"geometry":{"type":"LineString","coordinates":[[8.856818157881838,47.66178530547606],[8.856721494228134,47.66181863349799],[8.856477606153286,47.661904507951945],[8.85587490929654,47.66212653578715],[8.855652260581694,47.6622195789492],[8.855427460064208,47.66230089170471]]}},{"type":"Feature","properties":{"nr":"H332","achse":"Stein am Rhein - Heinishofen","strasse":"Hemishoferstrasse","gemeinde":"Stein am Rhein","fkt":"VO","fkt_text":"verkehrsorientiert","tempo":50,"dtv":3517,"laerm_tag_db":76.2,"bus":true,"linien":["33"],"haltestellen":[],"bus_anteil":1.0,"bus_text":"ja","laenge_m":122,"abschnitt":"Hemishoferstrasse","abschnitt_km":1.379,"unfaelle":12,"unf_fuss":1,"unf_velo":7,"fassaden_igw":13,"initiative":true,"gegenvorschlag":true,"vorlage":"gegenvorschlag"},"geometry":{"type":"LineString","coordinates":[[8.85251678524776,47.66323107325631],[8.852261766397639,47.663313961967575],[8.852037761619185,47.663396517589305],[8.85187379914932,47.66346531757676],[8.85172102326908,47.663537705044604],[8.851642877595499,47.66357814314823],[8.851316961796387,47.66374924990519],[8.851158372954336,47.66382890316175]]}},{"type":"Feature","properties":{"nr":"H332","achse":"Stein am Rhein - Heinishofen","strasse":"Hemishoferstrasse","gemeinde":"Stein am Rhein","fkt":"VO","fkt_text":"verkehrsorientiert","tempo":50,"dtv":3517,"laerm_tag_db":76.1,"bus":true,"linien":["33"],"haltestellen":["Stein am Rhein, Strandbad"],"bus_anteil":1.0,"bus_text":"ja","laenge_m":165,"abschnitt":"Hemishoferstrasse","abschnitt_km":1.379,"unfaelle":12,"unf_fuss":1,"unf_velo":7,"fassaden_igw":13,"initiative":true,"gegenvorschlag":true,"vorlage":"gegenvorschlag"},"geometry":{"type":"LineString","coordinates":[[8.851158372954336,47.66382890316175],[8.850943051675202,47.663920174877745],[8.85070326000881,47.66401857079814],[8.850324764336767,47.66415295864289],[8.850068851479547,47.66424406552778],[8.849674216223,47.66438451197435],[8.849423327134454,47.66447284892343],[8.849237747507987,47.66455365489982]]}},{"type":"Feature","properties":{"nr":"H332","achse":"Stein am Rhein - Heinishofen","strasse":"Hemishoferstrasse","gemeinde":"Stein am Rhein","fkt":"VO","fkt_text":"verkehrsorientiert","tempo":50,"dtv":3517,"laerm_tag_db":76.2,"bus":true,"linien":["33"],"haltestellen":[],"bus_anteil":1.0,"bus_text":"ja","laenge_m":205,"abschnitt":"Hemishoferstrasse","abschnitt_km":1.379,"unfaelle":12,"unf_fuss":1,"unf_velo":7,"fassaden_igw":13,"initiative":true,"gegenvorschlag":true,"vorlage":"gegenvorschlag"},"geometry":{"type":"LineString","coordinates":[[8.848039949216153,47.66534001462598],[8.847691514748801,47.66558998955177],[8.847295862573407,47.66588864024787],[8.846924001783835,47.6661953391537],[8.846653381580072,47.666414558368004],[8.846581567916125,47.66647160146531],[8.846515606354256,47.66653390747242],[8.846401005407145,47.666648954808124],[8.846282545621147,47.66675359686076]]}},{"type":"Feature","properties":{"nr":"H332","achse":"Stein am Rhein - Heinishofen","strasse":"Hemishoferstrasse","gemeinde":"Stein am Rhein","fkt":"VO","fkt_text":"verkehrsorientiert","tempo":50,"dtv":3517,"laerm_tag_db":76.1,"bus":true,"linien":["33"],"haltestellen":[],"bus_anteil":1.0,"bus_text":"ja","laenge_m":126,"abschnitt":"Hemishoferstrasse","abschnitt_km":1.379,"unfaelle":12,"unf_fuss":1,"unf_velo":7,"fassaden_igw":13,"initiative":true,"gegenvorschlag":true,"vorlage":"gegenvorschlag"},"geometry":{"type":"LineString","coordinates":[[8.849237747507987,47.66455365489982],[8.84905717068356,47.66465085128216],[8.84885107272661,47.66477875070184],[8.848668697431673,47.6649004880927],[8.848408589441387,47.66507889160821],[8.848039949216153,47.66534001462598]]}},{"type":"Feature","properties":{"nr":"H329","achse":"Schaffhausen - Ramsen","strasse":"Sonnenstrasse","gemeinde":"Ramsen","fkt":"VO","fkt_text":"verkehrsorientiert","tempo":50,"dtv":2542,"laerm_tag_db":73.9,"bus":true,"linien":["25","33"],"haltestellen":["Ramsen, Sonne"],"bus_anteil":1.0,"bus_text":"ja","laenge_m":73,"abschnitt":"Sonnenstrasse","abschnitt_km":0.733,"unfaelle":3,"unf_fuss":1,"unf_velo":2,"fassaden_igw":0,"initiative":true,"gegenvorschlag":true,"vorlage":"gegenvorschlag"},"geometry":{"type":"LineString","coordinates":[[8.812633867303136,47.70757439195777],[8.8125588270969,47.707512173209366],[8.812508252147598,47.70745042075239],[8.812478408306278,47.707414705332795],[8.812328986794553,47.707178997034134],[8.812275544453577,47.707095043800784],[8.81224730127895,47.70705321108696],[8.812213000336723,47.7070290523254],[8.812173226161121,47.707003492124244]]}},{"type":"Feature","properties":{"nr":"H329","achse":"Schaffhausen - Ramsen","strasse":"Sonnenstrasse","gemeinde":"Ramsen","fkt":"VO","fkt_text":"verkehrsorientiert","tempo":50,"dtv":2542,"laerm_tag_db":73.9,"bus":true,"linien":["25","33"],"haltestellen":["Ramsen, Sonne"],"bus_anteil":1.0,"bus_text":"ja","laenge_m":114,"abschnitt":"Sonnenstrasse","abschnitt_km":0.733,"unfaelle":3,"unf_fuss":1,"unf_velo":2,"fassaden_igw":0,"initiative":true,"gegenvorschlag":true,"vorlage":"gegenvorschlag"},"geometry":{"type":"LineString","coordinates":[[8.813953732732173,47.70807720058288],[8.813447987219389,47.70789824694298],[8.81332338221594,47.70785691570937],[8.812853820731267,47.70768976413033],[8.812753136526887,47.70764483045551],[8.812633867303136,47.70757439195777]]}},{"type":"Feature","properties":{"nr":"H329","achse":"Schaffhausen - Ramsen","strasse":"Hauptstrasse","gemeinde":"Ramsen","fkt":"VO","fkt_text":"verkehrsorientiert","tempo":50,"dtv":3989,"laerm_tag_db":76.5,"bus":true,"linien":["25"],"haltestellen":["Ramsen, Brücke"],"bus_anteil":1.0,"bus_text":"ja","laenge_m":111,"abschnitt":"Hauptstrasse","abschnitt_km":0.347,"unfaelle":2,"unf_fuss":0,"unf_velo":0,"fassaden_igw":10,"initiative":true,"gegenvorschlag":true,"vorlage":"gegenvorschlag"},"geometry":{"type":"LineString","coordinates":[[8.809478888676518,47.70761384243446],[8.809219294761078,47.70755237709675],[8.809045188816263,47.70752033179056],[8.808874022081628,47.70749835246024],[8.80841949803748,47.70743788815797],[8.808248082222839,47.70740471262408],[8.808045464081665,47.70736200148513]]}},{"type":"Feature","properties":{"nr":"H329","achse":"Schaffhausen - Ramsen","strasse":"Namenlos","gemeinde":"Ramsen","fkt":"VO","fkt_text":"verkehrsorientiert","tempo":50,"dtv":2530,"laerm_tag_db":73.7,"bus":false,"linien":[],"haltestellen":[],"bus_anteil":0.0,"bus_text":"nein","laenge_m":144,"abschnitt":"","abschnitt_km":null,"unfaelle":null,"unf_fuss":null,"unf_velo":null,"fassaden_igw":null,"initiative":false,"gegenvorschlag":true,"vorlage":"gegenvorschlag"},"geometry":{"type":"LineString","coordinates":[[8.80655140617411,47.70661026470144],[8.80652027922425,47.70658247810248],[8.806309546039135,47.706378119385334],[8.806099585163928,47.70620669826025],[8.80570344106048,47.705906731074904],[8.805425452034102,47.70570308091922],[8.805326696128878,47.70562352514561],[8.805323617039221,47.70562090796038]]}},{"type":"Feature","properties":{"nr":"H329","achse":"Schaffhausen - Ramsen","strasse":"Namenlos","gemeinde":"Ramsen","fkt":"VO","fkt_text":"verkehrsorientiert","tempo":50,"dtv":2530,"laerm_tag_db":73.7,"bus":false,"linien":[],"haltestellen":[],"bus_anteil":0.0,"bus_text":"nein","laenge_m":146,"abschnitt":"","abschnitt_km":null,"unfaelle":null,"unf_fuss":null,"unf_velo":null,"fassaden_igw":null,"initiative":false,"gegenvorschlag":true,"vorlage":"gegenvorschlag"},"geometry":{"type":"LineString","coordinates":[[8.805323617039221,47.70562090796038],[8.805213384790347,47.70552727564885],[8.805146248128061,47.70545175524981],[8.80510797198097,47.70539938026682],[8.80506669396174,47.70534066342438],[8.805012511913102,47.705238366742286],[8.804978113557137,47.70517049347355],[8.80493604069312,47.70505513820147],[8.804894704817928,47.704926507272894],[8.80486226456602,47.704807980574245],[8.804797838732462,47.70458853314054],[8.804737970131924,47.70438869419668]]}},{"type":"Feature","properties":{"nr":"H329","achse":"Schaffhausen - Ramsen","strasse":"Rheinhaldenstrasse","gemeinde":"Schaffhausen","fkt":"VO","fkt_text":"verkehrsorientiert","tempo":50,"dtv":2796,"laerm_tag_db":74.0,"bus":true,"linien":["8","25"],"haltestellen":["Schaffhausen, Lindli","Schaffhausen, Rheinbühl","Schaffhausen, Rheinhalde Mitte","Schaffhausen,Rheinhalde Grenze"],"bus_anteil":1.0,"bus_text":"ja","laenge_m":1148,"abschnitt":"Rheinhaldenstrasse","abschnitt_km":1.861,"unfaelle":16,"unf_fuss":3,"unf_velo":7,"fassaden_igw":34,"initiative":true,"gegenvorschlag":true,"vorlage":"gegenvorschlag"},"geometry":{"type":"LineString","coordinates":[[8.651777036200897,47.69242719120473],[8.65187373844889,47.692357995659535],[8.651946509727368,47.69230486192063],[8.65200877585277,47.69225139710778],[8.652098796392483,47.69217084834831],[8.652158754675828,47.692114349480526],[8.652317138220656,47.69198193587741],[8.652465391323172,47.691858010574734],[8.65273537766722,47.69162491731607],[8.652877805541063,47.69150323793387],[8.653099452413528,47.691316367036336],[8.65330209831885,47.69114271809608],[8.653426577214734,47.69102731477669],[8.65385939168884,47.69065998490117],[8.654099714487765,47.6904554046781],[8.65435790604132,47.69023835970608],[8.65451175232489,47.69012116380452],[8.654658810053823,47.69000480324952],[8.654780190629216,47.68990554863758],[8.654854974040726,47.689852715694855],[8.65499997241721,47.68974709748101],[8.655167430423177,47.689632825233105],[8.655363052466475,47.689510621624066],[8.65553069362438,47.68940554811337],[8.655695355530556,47.689318098477635],[8.656079611238141,47.689111250679375],[8.656315329323213,47.68900083059201],[8.656414124300905,47.68895539914015],[8.656591380311566,47.6888747058571],[8.656849558724707,47.68877023732254],[8.657029275156265,47.688701012323435],[8.657263130170119,47.68861515534966],[8.657457782651456,47.68854960461065],[8.657618809427799,47.68850125271975],[8.657786557239145,47.68844976300955],[8.65822030777565,47.68832665657919],[8.658365546413917,47.68828227395897],[8.658902840979504,47.68812818971548],[8.65906163192323,47.688080614795005],[8.65919102992696,47.68803791755179],[8.659331593663461,47.68798669313981],[8.65950923465376,47.687921299627696],[8.659622647272322,47.68787340023288],[8.659632707178543,47.68786716936622],[8.65986399364977,47.687766727211994],[8.660086122290403,47.687662567251934],[8.660246476607368,47.687583538985756],[8.66043154418824,47.68749430286664],[8.660537049168466,47.68744725921972],[8.660650433581191,47.687397065528515],[8.660802963662976,47.68732423491921],[8.660986804167646,47.68723269924525],[8.661131396313479,47.68715995170012],[8.661358953414085,47.68704650390286],[8.661542845133285,47.686957269334286],[8.661659530086085,47.6869047283386],[8.661781870216196,47.68685136316803],[8.661896498679601,47.68680727128844],[8.661975187186727,47.68677810158566],[8.66210893896194,47.68672921202398],[8.662252966564083,47.6866817431269],[8.66245107944028,47.68662067154763],[8.66259080886691,47.686583213245676],[8.662769028172844,47.68654149067408],[8.662814169005157,47.686531058310756],[8.662918007126889,47.68650773913427],[8.663019718460324,47.686489802914345],[8.663111220193285,47.68647274771736],[8.66318239990989,47.68646050275069],[8.663333962890311,47.686436563266895],[8.663470973327453,47.68641981958143],[8.663753934045461,47.68639506992016]]}},{"type":"Feature","properties":{"nr":"H329","achse":"Schaffhausen - Ramsen","strasse":"Rheinhaldenstrasse","gemeinde":"Schaffhausen","fkt":"VO","fkt_text":"verkehrsorientiert","tempo":50,"dtv":4648,"laerm_tag_db":76.9,"bus":true,"linien":["8","25"],"haltestellen":["Schaffhausen, Lindli"],"bus_anteil":1.0,"bus_text":"ja","laenge_m":317,"abschnitt":"Rheinhaldenstrasse","abschnitt_km":1.861,"unfaelle":16,"unf_fuss":3,"unf_velo":7,"fassaden_igw":34,"initiative":true,"gegenvorschlag":true,"vorlage":"gegenvorschlag"},"geometry":{"type":"LineString","coordinates":[[8.648146701009889,47.693871691272555],[8.648809349149104,47.693650044115806],[8.649073783524143,47.69355999116735],[8.649528332604708,47.693402864850285],[8.64978686376795,47.693302942037825],[8.650062210452365,47.693199713312566],[8.650372311820247,47.69308305277169],[8.650639552690539,47.69297907069931],[8.65089893688125,47.69286770467917],[8.651025609056456,47.69280814492388],[8.651176952974785,47.69273986393244],[8.651395405167316,47.69263407762355],[8.65150682569434,47.692578130320236],[8.651650050270087,47.69250147878071],[8.651777036200897,47.69242719120473]]}},{"type":"Feature","properties":{"nr":"H329","achse":"Schaffhausen - Ramsen","strasse":"Rheinhaldenstrasse","gemeinde":"Schaffhausen","fkt":"VO","fkt_text":"verkehrsorientiert","tempo":30,"dtv":4648,"laerm_tag_db":72.6,"bus":true,"linien":["8","25"],"haltestellen":["Schaffhausen, Rosentalgässchen"],"bus_anteil":1.0,"bus_text":"ja","laenge_m":129,"abschnitt":"Rheinhaldenstrasse","abschnitt_km":1.861,"unfaelle":16,"unf_fuss":3,"unf_velo":7,"fassaden_igw":34,"initiative":true,"gegenvorschlag":true,"vorlage":"gegenvorschlag"},"geometry":{"type":"LineString","coordinates":[[8.645899307416189,47.694729201958175],[8.646020838813765,47.69468739300615],[8.646118585915074,47.69464657759279],[8.646247783462258,47.69459394055043],[8.646365458474492,47.6945337689644],[8.646460756682432,47.69448607108257],[8.646556111326245,47.69444143959019],[8.646656104149189,47.69439982685792],[8.646688691935129,47.694386473330354],[8.646825725478019,47.694329913597905],[8.647003244283393,47.69425990896718],[8.647295407385727,47.694143560282804],[8.64735444106206,47.69412328470354]]}},{"type":"Feature","properties":{"nr":"H329","achse":"Schaffhausen - Ramsen","strasse":"Rheinhaldenstrasse","gemeinde":"Schaffhausen","fkt":"VO","fkt_text":"verkehrsorientiert","tempo":30,"dtv":4648,"laerm_tag_db":73.0,"bus":true,"linien":["6","8","25","N3"],"haltestellen":[],"bus_anteil":1.0,"bus_text":"ja","laenge_m":186,"abschnitt":"Rheinhaldenstrasse","abschnitt_km":1.861,"unfaelle":16,"unf_fuss":3,"unf_velo":7,"fassaden_igw":34,"initiative":true,"gegenvorschlag":true,"vorlage":"gegenvorschlag"},"geometry":{"type":"LineString","coordinates":[[8.643809801678396,47.695532657025375],[8.643849219591004,47.69545172231411],[8.643881009874919,47.69539857811488],[8.64392095561696,47.695356070517384],[8.643970076241745,47.69531806382565],[8.644013735822854,47.695290061446926],[8.644073250370333,47.69526036555659],[8.644155357863076,47.69523118178802],[8.64427362364351,47.695198555774134],[8.644531521103847,47.69512616505183],[8.644832438885459,47.69504046537311],[8.645190953797623,47.69494274413807],[8.64532831692595,47.69489993507639],[8.645552372812976,47.694831626089],[8.645899307416189,47.694729201958175]]}},{"type":"Feature","properties":{"nr":"H329","achse":"Schaffhausen - Ramsen","strasse":"Fischerhäuserstrasse","gemeinde":"Schaffhausen","fkt":"VO","fkt_text":"verkehrsorientiert","tempo":30,"dtv":8892,"laerm_tag_db":76.0,"bus":true,"linien":["6","8","25","N3"],"haltestellen":["Schaffhausen, Schifflände"],"bus_anteil":1.0,"bus_text":"ja","laenge_m":194,"abschnitt":"Fischerhäuserstrasse","abschnitt_km":0.357,"unfaelle":23,"unf_fuss":4,"unf_velo":8,"fassaden_igw":10,"initiative":true,"gegenvorschlag":true,"vorlage":"gegenvorschlag"},"geometry":{"type":"LineString","coordinates":[[8.641175549102895,47.69577617810583],[8.641207086199787,47.69578334399566],[8.641288904836951,47.695792382003255],[8.641376323671603,47.695797521431814],[8.641496387777853,47.695792330239875],[8.641589213633948,47.695784479754366],[8.641696728657644,47.695773455044],[8.641729575732745,47.69577083943341],[8.641838270887101,47.69576133140281],[8.642085415622624,47.69575428411016],[8.642232765469123,47.695749744989634],[8.64282846014201,47.69573132352754],[8.643084561989605,47.69572330884275],[8.643340695663438,47.69571201034599],[8.643483421628272,47.69570275059589],[8.643593566815387,47.69570078108909],[8.643684298041906,47.695702772410186],[8.6437533439658,47.69570609484297]]}},{"type":"Feature","properties":{"nr":"H4","achse":"Bargen Schaffhausen","strasse":"Bachstrasse","gemeinde":"Schaffhausen","fkt":"VO","fkt_text":"verkehrsorientiert","tempo":50,"dtv":9738,"laerm_tag_db":79.9,"bus":true,"linien":["8","25","630","632","634","N69"],"haltestellen":["Schaffhausen, Bachstrasse"],"bus_anteil":1.0,"bus_text":"ja","laenge_m":61,"abschnitt":"Bachstrasse","abschnitt_km":0.912,"unfaelle":75,"unf_fuss":5,"unf_velo":24,"fassaden_igw":146,"initiative":true,"gegenvorschlag":true,"vorlage":"gegenvorschlag"},"geometry":{"type":"LineString","coordinates":[[8.638054212781759,47.69593779166895],[8.638038692237602,47.696024872595125],[8.63803372359069,47.69604843492795],[8.638007398820795,47.696140241420686],[8.637964812334932,47.69628170226142],[8.637909740511724,47.696479569131036]]}},{"type":"Feature","properties":{"nr":"76","achse":"Zentrum Schaffhausen - Schweizersbild","strasse":"Hochstrasse","gemeinde":"Schaffhausen","fkt":"VO","fkt_text":"verkehrsorientiert","tempo":50,"dtv":7066,"laerm_tag_db":78.1,"bus":true,"linien":["3","24","N2"],"haltestellen":["Schaffhausen, Cilag","Schaffhausen, Gemsstübli"],"bus_anteil":1.0,"bus_text":"ja","laenge_m":463,"abschnitt":"Hochstrasse","abschnitt_km":1.821,"unfaelle":70,"unf_fuss":11,"unf_velo":21,"fassaden_igw":174,"initiative":true,"gegenvorschlag":true,"vorlage":"gegenvorschlag"},"geometry":{"type":"LineString","coordinates":[[8.639185563093044,47.70926037795862],[8.63919562604229,47.70927221836988],[8.639275823952255,47.70937578611832],[8.63935980351539,47.709488614785606],[8.639481437323505,47.70965821276025],[8.63956087911836,47.70978597361386],[8.639641483458746,47.709917383052],[8.639663934647967,47.70995660878572],[8.639784304266866,47.71015909341562],[8.639840674423068,47.71025488412149],[8.639952000344943,47.710434023051846],[8.640041639505947,47.710574728804175],[8.64013419252582,47.71070229077648],[8.64024588332196,47.71086394984969],[8.640450262978893,47.711151424239695],[8.640505023762689,47.71122963853206],[8.64060662648555,47.71136654149723],[8.640857086889582,47.711716552237654],[8.641139622412,47.71210916907026],[8.641430097063457,47.712511416815694],[8.641566494258228,47.71270786944389],[8.64160211031348,47.7127527598296],[8.641629877091587,47.71278533738939],[8.641655352476064,47.7128120834142],[8.641695347446982,47.712876077162186],[8.641782775638639,47.7129466584327],[8.641870805167013,47.712995602299486]]}},{"type":"Feature","properties":{"nr":"76","achse":"Zentrum Schaffhausen - Schweizersbild","strasse":"Gemsgasse","gemeinde":"Schaffhausen","fkt":"VO","fkt_text":"verkehrsorientiert","tempo":50,"dtv":2193,"laerm_tag_db":74.5,"bus":true,"linien":["6","N2"],"haltestellen":["Schaffhausen, Spiegelgutstr."],"bus_anteil":1.0,"bus_text":"ja","laenge_m":126,"abschnitt":"Gemsgasse","abschnitt_km":1.1,"unfaelle":25,"unf_fuss":3,"unf_velo":8,"fassaden_igw":25,"initiative":true,"gegenvorschlag":true,"vorlage":"gegenvorschlag"},"geometry":{"type":"LineString","coordinates":[[8.642345672996159,47.717047304047426],[8.642342452055866,47.71709439511432],[8.642341099413633,47.717128695055315],[8.642340583177662,47.71717574912211],[8.642342115141783,47.71723785627972],[8.642344605987814,47.7173245526752],[8.642359415508526,47.717450687054246],[8.642379356078555,47.717565084819086],[8.642391576096427,47.7176330084854],[8.642436436413371,47.717793549334566],[8.642456336169436,47.71785514249305],[8.642498381983852,47.71800267084801],[8.642528547906723,47.718108373213084],[8.642543281788718,47.718164920128835]]}},{"type":"Feature","properties":{"nr":"H329","achse":"Schaffhausen - Ramsen","strasse":"Rheinhaldenstrasse","gemeinde":"Schaffhausen","fkt":"VO","fkt_text":"verkehrsorientiert","tempo":50,"dtv":4648,"laerm_tag_db":76.3,"bus":true,"linien":["8","25"],"haltestellen":["Schaffhausen, Rosentalgässchen"],"bus_anteil":1.0,"bus_text":"ja","laenge_m":66,"abschnitt":"Rheinhaldenstrasse","abschnitt_km":1.861,"unfaelle":16,"unf_fuss":3,"unf_velo":7,"fassaden_igw":34,"initiative":true,"gegenvorschlag":true,"vorlage":"gegenvorschlag"},"geometry":{"type":"LineString","coordinates":[[8.64735444106206,47.69412328470354],[8.647403428463099,47.69410645048272],[8.64763195366878,47.694032847229096],[8.648076801519963,47.69389507545723],[8.648146701009889,47.693871691272555]]}},{"type":"Feature","properties":{"nr":"H329","achse":"Schaffhausen - Ramsen","strasse":"Hauptstrasse","gemeinde":"Ramsen","fkt":"VO","fkt_text":"verkehrsorientiert","tempo":50,"dtv":4198,"laerm_tag_db":76.7,"bus":true,"linien":["25"],"haltestellen":[],"bus_anteil":1.0,"bus_text":"ja","laenge_m":76,"abschnitt":"Hauptstrasse","abschnitt_km":0.347,"unfaelle":2,"unf_fuss":0,"unf_velo":0,"fassaden_igw":10,"initiative":true,"gegenvorschlag":true,"vorlage":"gegenvorschlag"},"geometry":{"type":"LineString","coordinates":[[8.810088872964556,47.70718595252631],[8.810041150272477,47.707212590890855],[8.810005984002283,47.7072527438116],[8.809966947795187,47.70731841497632],[8.809879354216138,47.70743253707789],[8.809818105898803,47.707514768391654],[8.809761500691529,47.70759877078679],[8.80973170397077,47.70762295788693],[8.809701584279725,47.707634673336806],[8.809670818080233,47.70764200706099],[8.809633337958541,47.70764171164047],[8.80958264509661,47.70763497905348],[8.809478888676518,47.70761384243446]]}},{"type":"Feature","properties":{"nr":"H4","achse":"Bargen Schaffhausen","strasse":"Schweizersbildstrasse","gemeinde":"Schaffhausen","fkt":"VO","fkt_text":"verkehrsorientiert","tempo":50,"dtv":8251,"laerm_tag_db":79.4,"bus":true,"linien":["10"],"haltestellen":["Schaffhausen, Buchbrunnen"],"bus_anteil":1.0,"bus_text":"ja","laenge_m":123,"abschnitt":"Schweizersbildstrasse","abschnitt_km":1.775,"unfaelle":20,"unf_fuss":2,"unf_velo":7,"fassaden_igw":34,"initiative":true,"gegenvorschlag":true,"vorlage":"gegenvorschlag"},"geometry":{"type":"LineString","coordinates":[[8.639620075964817,47.72381392553862],[8.63941934564404,47.723902612706944],[8.639244817668029,47.72398294319064],[8.638940841048663,47.72412127314054],[8.638618278448103,47.724286524787765],[8.638282432021708,47.72445741700104],[8.638281996931955,47.72445762835618]]}},{"type":"Feature","properties":{"nr":"H4-15","achse":"Schaffhausen, Schlagbaumstrasse","strasse":"Schlagbaumstrasse","gemeinde":"Schaffhausen","fkt":"VO","fkt_text":"verkehrsorientiert","tempo":50,"dtv":7500,"laerm_tag_db":77.5,"bus":true,"linien":["1","4","5","N3","N76"],"haltestellen":[],"bus_anteil":0.35,"bus_text":"teilweise","laenge_m":75,"abschnitt":"Schlagbaumstrasse","abschnitt_km":0.144,"unfaelle":3,"unf_fuss":1,"unf_velo":0,"fassaden_igw":0,"initiative":true,"gegenvorschlag":true,"vorlage":"gegenvorschlag"},"geometry":{"type":"LineString","coordinates":[[8.635950282304558,47.70013512261696],[8.635803073728294,47.70021071584133],[8.635444075748785,47.70039727562216],[8.635400806115634,47.70040989942483],[8.63535537558586,47.70041769755532],[8.635320614025256,47.70041768672579],[8.6352759593976,47.70041265101996],[8.635234002165296,47.70040611246597],[8.635167353549754,47.7003888371208],[8.635096989168208,47.70036749860799]]}},{"type":"Feature","properties":{"nr":"H4-05","achse":"Schaffhausen, äussere Bahnhofstrasse zwischen Adler- und Schlagbaumstr.","strasse":"Schlagbaumstrasse","gemeinde":"Schaffhausen","fkt":"VO","fkt_text":"verkehrsorientiert","tempo":50,"dtv":16950,"laerm_tag_db":81.0,"bus":true,"linien":["1","3","4","5","6","8","24","25","630","632","634","N2","N3","N69","N76"],"haltestellen":[],"bus_anteil":0.4,"bus_text":"teilweise","laenge_m":69,"abschnitt":"Schlagbaumstrasse","abschnitt_km":0.144,"unfaelle":3,"unf_fuss":1,"unf_velo":0,"fassaden_igw":0,"initiative":true,"gegenvorschlag":true,"vorlage":"gegenvorschlag"},"geometry":{"type":"LineString","coordinates":[[8.635096989168208,47.70036749860799],[8.63494061070185,47.70020295741135],[8.634728038994474,47.69996073527247],[8.63465992516229,47.69989447398342],[8.634601648105422,47.69984667558417]]}},{"type":"Feature","properties":{"nr":"76","achse":"Zentrum Schaffhausen - Schweizersbild","strasse":"Adlerunterführung","gemeinde":"Schaffhausen","fkt":"VO","fkt_text":"verkehrsorientiert","tempo":50,"dtv":15998,"laerm_tag_db":81.9,"bus":true,"linien":["3","6","7","21","23","24","N2","N77"],"haltestellen":["Schaffhausen, Durach"],"bus_anteil":1.0,"bus_text":"ja","laenge_m":16,"abschnitt":"Adlerunterführung","abschnitt_km":0.078,"unfaelle":12,"unf_fuss":2,"unf_velo":3,"fassaden_igw":3,"initiative":true,"gegenvorschlag":true,"vorlage":"gegenvorschlag"},"geometry":{"type":"LineString","coordinates":[[8.633813518674296,47.69991429828244],[8.633738068382849,47.6999373529581],[8.633680661821076,47.69995762270617],[8.633618876031143,47.699974537623206]]}},{"type":"Feature","properties":{"nr":"H4","achse":"Bargen Schaffhausen","strasse":"Bachstrasse","gemeinde":"Schaffhausen","fkt":"VO","fkt_text":"verkehrsorientiert","tempo":50,"dtv":9738,"laerm_tag_db":77.9,"bus":true,"linien":["1","4","5","8","25","630","632","634","N3","N69","N76"],"haltestellen":[],"bus_anteil":1.0,"bus_text":"ja","laenge_m":137,"abschnitt":"Bachstrasse","abschnitt_km":0.912,"unfaelle":75,"unf_fuss":5,"unf_velo":24,"fassaden_igw":146,"initiative":true,"gegenvorschlag":true,"vorlage":"gegenvorschlag"},"geometry":{"type":"LineString","coordinates":[[8.636121035249877,47.698937638736815],[8.636090091861957,47.69898271304506],[8.636023134015682,47.699111400348],[8.635967268313513,47.69924218591533],[8.635924410801813,47.69934430762406],[8.635886133335218,47.69945926191645],[8.635853560739374,47.699603802517345],[8.635847113502885,47.69968696694311],[8.63585090509655,47.69979104548654],[8.635878890528073,47.6999398461102],[8.635906925031549,47.70002656781016],[8.635950282304558,47.70013512261696]]}},{"type":"Feature","properties":{"nr":"H4","achse":"Bargen Schaffhausen","strasse":"Bachstrasse","gemeinde":"Schaffhausen","fkt":"VO","fkt_text":"verkehrsorientiert","tempo":50,"dtv":18000,"laerm_tag_db":82.7,"bus":true,"linien":["1","4","5","N3","N76"],"haltestellen":["Schaffhausen, Feuerwehrzentrum"],"bus_anteil":1.0,"bus_text":"ja","laenge_m":32,"abschnitt":"Bachstrasse","abschnitt_km":0.912,"unfaelle":75,"unf_fuss":5,"unf_velo":24,"fassaden_igw":146,"initiative":true,"gegenvorschlag":true,"vorlage":"gegenvorschlag"},"geometry":{"type":"LineString","coordinates":[[8.636507188484007,47.701051529654265],[8.636535462580774,47.70115466323554],[8.636552914075077,47.70122287571517],[8.636597495500908,47.7013312557371]]}},{"type":"Feature","properties":{"nr":"H4","achse":"Bargen Schaffhausen","strasse":"Kronenackerbrücke","gemeinde":"Schaffhausen","fkt":"VO","fkt_text":"verkehrsorientiert","tempo":50,"dtv":4474,"laerm_tag_db":77.2,"bus":true,"linien":["5","6","10","24","N76"],"haltestellen":["Schaffhausen, Falkeneck"],"bus_anteil":1.0,"bus_text":"ja","laenge_m":21,"abschnitt":"","abschnitt_km":null,"unfaelle":null,"unf_fuss":null,"unf_velo":null,"fassaden_igw":null,"initiative":true,"gegenvorschlag":true,"vorlage":"gegenvorschlag"},"geometry":{"type":"LineString","coordinates":[[8.653410022560486,47.71705221847856],[8.653506476133256,47.71722936831136]]}},{"type":"Feature","properties":{"nr":"H4","achse":"Bargen Schaffhausen","strasse":"St. Peter-Brücke","gemeinde":"Schaffhausen","fkt":"VO","fkt_text":"verkehrsorientiert","tempo":50,"dtv":7328,"laerm_tag_db":78.9,"bus":true,"linien":["3","6","10","N2"],"haltestellen":["Schaffhausen, St. Peter"],"bus_anteil":1.0,"bus_text":"ja","laenge_m":91,"abschnitt":"St. Peter-Brücke","abschnitt_km":0.092,"unfaelle":0,"unf_fuss":0,"unf_velo":0,"fassaden_igw":4,"initiative":true,"gegenvorschlag":true,"vorlage":"gegenvorschlag"},"geometry":{"type":"LineString","coordinates":[[8.649988716011128,47.717598852854096],[8.650230372488334,47.71801964774502],[8.650296053968878,47.71814139257217],[8.650369181035167,47.71831008154651],[8.65039777889399,47.71837336362592]]}},{"type":"Feature","properties":{"nr":"H352","achse":"Kaltenbach - Stein am Rhein","strasse":"Rhigass","gemeinde":"Stein am Rhein","fkt":"VO","fkt_text":"verkehrsorientiert","tempo":40,"dtv":5829,"laerm_tag_db":75.1,"bus":true,"linien":["33"],"haltestellen":[],"bus_anteil":1.0,"bus_text":"ja","laenge_m":113,"abschnitt":"Rhigass","abschnitt_km":0.452,"unfaelle":19,"unf_fuss":3,"unf_velo":13,"fassaden_igw":14,"initiative":true,"gegenvorschlag":true,"vorlage":"gegenvorschlag"},"geometry":{"type":"LineString","coordinates":[[8.858630069065663,47.65774068335566],[8.85870210998947,47.657847569412915],[8.858951600564598,47.65823239306378],[8.859100027100418,47.65846360652547],[8.859234361277931,47.65866771087931]]}},{"type":"Feature","properties":{"nr":"H14","achse":"Schaffhausen - Stühlingen","strasse":"Schaffhauserstrasse","gemeinde":"Neuhausen am Rheinfall","fkt":"VO","fkt_text":"verkehrsorientiert","tempo":50,"dtv":11568,"laerm_tag_db":80.3,"bus":true,"linien":["21","N77"],"haltestellen":[],"bus_anteil":1.0,"bus_text":"ja","laenge_m":63,"abschnitt":"Schaffhauserstrasse","abschnitt_km":1.233,"unfaelle":61,"unf_fuss":6,"unf_velo":11,"fassaden_igw":51,"initiative":true,"gegenvorschlag":true,"vorlage":"gegenvorschlag"},"geometry":{"type":"LineString","coordinates":[[8.606615458339688,47.69294607175606],[8.60652897216352,47.69309280954972],[8.606470819309763,47.69317663565276],[8.606350322537015,47.69327807832173],[8.606308933818664,47.693304757384944],[8.606161892216937,47.693409497629865],[8.606156052147854,47.69341349578013]]}},{"type":"Feature","properties":{"nr":"H14","achse":"Schaffhausen - Stühlingen","strasse":"Schaffhauserstrasse","gemeinde":"Beringen","fkt":"VO","fkt_text":"verkehrsorientiert","tempo":50,"dtv":11568,"laerm_tag_db":79.7,"bus":true,"linien":["21","N77"],"haltestellen":["Beringen, Enge"],"bus_anteil":1.0,"bus_text":"ja","laenge_m":363,"abschnitt":"Schaffhauserstrasse","abschnitt_km":1.536,"unfaelle":40,"unf_fuss":4,"unf_velo":9,"fassaden_igw":129,"initiative":true,"gegenvorschlag":true,"vorlage":"gegenvorschlag"},"geometry":{"type":"LineString","coordinates":[[8.606156052147854,47.69341349578013],[8.605666263661968,47.6937490886464],[8.605312118311014,47.69400447418691],[8.60518259641324,47.69410219262258],[8.605051815914889,47.6941766554607],[8.60494332224948,47.694223264192075],[8.604821316682544,47.69425944019372],[8.604706225820683,47.694281731543],[8.604562035763147,47.694295374467735],[8.60444165812804,47.694296582153655],[8.604406713058827,47.69429530476019],[8.604122295651964,47.69428352397815],[8.603792086746411,47.69426974620761],[8.6036703721227,47.69426528214676],[8.603473995285345,47.69425994740788],[8.60320051381364,47.69425292962548],[8.602986362059916,47.69426076884834],[8.60283849060738,47.69427119060431],[8.602688386987149,47.69428976531224],[8.602528881274932,47.694318192728126],[8.602352797588146,47.69436214807414],[8.601878327373907,47.694471636183856]]}},{"type":"Feature","properties":{"nr":"H14","achse":"Schaffhausen - Stühlingen","strasse":"Schaffhauserstrasse","gemeinde":"Beringen","fkt":"VO","fkt_text":"verkehrsorientiert","tempo":50,"dtv":11568,"laerm_tag_db":79.7,"bus":true,"linien":["21","28","N77"],"haltestellen":["Beringen, Sonne"],"bus_anteil":1.0,"bus_text":"ja","laenge_m":454,"abschnitt":"Schaffhauserstrasse","abschnitt_km":1.536,"unfaelle":40,"unf_fuss":4,"unf_velo":9,"fassaden_igw":129,"initiative":true,"gegenvorschlag":true,"vorlage":"gegenvorschlag"},"geometry":{"type":"LineString","coordinates":[[8.576626164533652,47.69638665326706],[8.576298880928338,47.696370331209124],[8.576081092778397,47.696358881766876],[8.57592452226861,47.69636608938924],[8.575791915514756,47.69637934925012],[8.575668405434078,47.69639869895769],[8.575531635205618,47.69642964582433],[8.575435577641981,47.696463045448176],[8.575305593979333,47.69651722956463],[8.57519748036213,47.6965773786495],[8.575114951023474,47.696633427939766],[8.575055698403645,47.696675308593626],[8.574984733219791,47.69672951782553],[8.5748014515,47.696892080593265],[8.574643168624808,47.697025761254814],[8.574556412087851,47.697101566666994],[8.574345633628665,47.697300347110904],[8.57419988058193,47.69744438288558],[8.57411501553174,47.69753204176294],[8.574022419706328,47.697616439261054],[8.573882780912372,47.697760513806074],[8.573826570081991,47.69782072117375],[8.573771330577884,47.697884606632634],[8.573715920276934,47.69793866310703],[8.57366182082278,47.69796809871332],[8.573618774790111,47.69797929411063],[8.573570201039017,47.697987440485086],[8.57346211976888,47.69799647371369],[8.57332480256932,47.697999028670864],[8.573191095124663,47.6980009276294],[8.57298892335072,47.698002289473024],[8.572755687044085,47.69799701061289],[8.572609844669865,47.69799154417404],[8.572507732717298,47.697985057301835],[8.57248582155379,47.69798279767499],[8.572404858127408,47.69796845934572],[8.572306819962066,47.69794253214531],[8.572215719218887,47.697915179078606],[8.572183667461646,47.69790473467859],[8.572116724041413,47.697890592189644],[8.572019786907598,47.697870032520385],[8.571923905076236,47.69785146817871],[8.571857963929446,47.69783933046082],[8.571767125850208,47.6978261043143],[8.571748181256083,47.69782425633936]]}},{"type":"Feature","properties":{"nr":"H4","achse":"Bargen Schaffhausen","strasse":"Schaffhauserstrasse","gemeinde":"Neuhausen am Rheinfall","fkt":"VO","fkt_text":"verkehrsorientiert","tempo":50,"dtv":16766,"laerm_tag_db":82.4,"bus":true,"linien":["1","21","N4","N77"],"haltestellen":[],"bus_anteil":1.0,"bus_text":"ja","laenge_m":157,"abschnitt":"Schaffhauserstrasse","abschnitt_km":1.233,"unfaelle":61,"unf_fuss":6,"unf_velo":11,"fassaden_igw":51,"initiative":true,"gegenvorschlag":true,"vorlage":"gegenvorschlag"},"geometry":{"type":"LineString","coordinates":[[8.622262870190026,47.690280655922244],[8.62219808580589,47.69049391348043],[8.62208594193627,47.69078219786249],[8.62193226277548,47.691041925518185],[8.621788193738372,47.69127393367392],[8.621737290750605,47.69137522375978],[8.621709591316922,47.691508036345134],[8.621710345510188,47.69163366062206]]}},{"type":"Feature","properties":{"nr":"H330","achse":"Stein am Rhein - Öhningen","strasse":"Oehningerstrasse","gemeinde":"Stein am Rhein","fkt":"VO","fkt_text":"verkehrsorientiert","tempo":20,"dtv":3448,"laerm_tag_db":70.7,"bus":true,"linien":[],"haltestellen":["Stein am Rhein, Grenzstein"],"bus_anteil":0.0,"bus_text":"ja","laenge_m":35,"abschnitt":"Oehningerstrasse","abschnitt_km":1.181,"unfaelle":16,"unf_fuss":1,"unf_velo":11,"fassaden_igw":15,"initiative":true,"gegenvorschlag":true,"vorlage":"gegenvorschlag"},"geometry":{"type":"LineString","coordinates":[[8.87538890943043,47.660407537352036],[8.875504031696591,47.66041370447022],[8.875598777764408,47.66041083194981],[8.875658246795231,47.66040669591758],[8.875754277470062,47.660399642750555],[8.875858123009504,47.660398951084716]]}}]}