{"type":"FeatureCollection","features":[{"type":"Feature","properties":{"g":"Bargen (SH)","r":100},"geometry":{"type":"LineString","coordinates":[[8.61252000832586,47.79280001026406],[8.612340008325681,47.7928300102641]]}},{"type":"Feature","properties":{"g":"Bargen (SH)","r":100},"geometry":{"type":"LineString","coordinates":[[8.612340008325681,47.7928300102641],[8.612220008325565,47.79284001026412]]}},{"type":"Feature","properties":{"g":"Bargen (SH)","r":100},"geometry":{"type":"LineString","coordinates":[[8.612220008325565,47.79284001026412],[8.61215000832549,47.79285001026417]]}},{"type":"Feature","properties":{"g":"Bargen (SH)","r":100},"geometry":{"type":"LineString","coordinates":[[8.61215000832549,47.79285001026417],[8.612050008325395,47.79285001026421]]}},{"type":"Feature","properties":{"g":"Bargen (SH)","r":100},"geometry":{"type":"LineString","coordinates":[[8.612050008325395,47.79285001026421],[8.6119500083253,47.792860010264235]]}},{"type":"Feature","properties":{"g":"Bargen (SH)","r":100},"geometry":{"type":"LineString","coordinates":[[8.6119500083253,47.792860010264235],[8.611810008325163,47.79287001026429]]}},{"type":"Feature","properties":{"g":"Bargen (SH)","r":100},"geometry":{"type":"LineString","coordinates":[[8.611330008324755,47.7927400102644],[8.611270008324713,47.79269001026439]]}},{"type":"Feature","properties":{"g":"Bargen (SH)","r":100},"geometry":{"type":"LineString","coordinates":[[8.611270008324713,47.79269001026439],[8.611220008324691,47.7926200102644]]}},{"type":"Feature","properties":{"g":"Bargen (SH)","r":300},"geometry":{"type":"LineString","coordinates":[[8.614050008327766,47.79145001026326],[8.614060008327725,47.791580010263296]]}},{"type":"Feature","properties":{"g":"Bargen (SH)","r":300},"geometry":{"type":"LineString","coordinates":[[8.614060008327725,47.791580010263296],[8.614070008327694,47.79172001026328]]}},{"type":"Feature","properties":{"g":"Bargen (SH)","r":300},"geometry":{"type":"LineString","coordinates":[[8.614070008327694,47.79172001026328],[8.614090008327604,47.792030010263396]]}},{"type":"Feature","properties":{"g":"Bargen (SH)","r":300},"geometry":{"type":"LineString","coordinates":[[8.614090008327604,47.792030010263396],[8.61409000832759,47.79208001026338]]}},{"type":"Feature","properties":{"g":"Bargen (SH)","r":300},"geometry":{"type":"LineString","coordinates":[[8.613970008327424,47.79224001026348],[8.613910008327359,47.792260010263455]]}},{"type":"Feature","properties":{"g":"Bargen (SH)","r":300},"geometry":{"type":"LineString","coordinates":[[8.613910008327359,47.792260010263455],[8.613840008327287,47.79227001026354]]}},{"type":"Feature","properties":{"g":"Bargen (SH)","r":300},"geometry":{"type":"LineString","coordinates":[[8.613840008327287,47.79227001026354],[8.61377000832722,47.79229001026358]]}},{"type":"Feature","properties":{"g":"Bargen (SH)","r":300},"geometry":{"type":"LineString","coordinates":[[8.61377000832722,47.79229001026358],[8.613690008327133,47.792310010263584]]}},{"type":"Feature","properties":{"g":"Bargen (SH)","r":300},"geometry":{"type":"LineString","coordinates":[[8.613690008327133,47.792310010263584],[8.613630008327064,47.792340010263594]]}},{"type":"Feature","properties":{"g":"Bargen (SH)","r":300},"geometry":{"type":"LineString","coordinates":[[8.613630008327064,47.792340010263594],[8.613520008326944,47.792390010263674]]}},{"type":"Feature","properties":{"g":"Bargen (SH)","r":300},"geometry":{"type":"LineString","coordinates":[[8.613520008326944,47.792390010263674],[8.613390008326796,47.7924600102637]]}},{"type":"Feature","properties":{"g":"Bargen (SH)","r":300},"geometry":{"type":"LineString","coordinates":[[8.613390008326796,47.7924600102637],[8.613300008326702,47.79251001026378]]}},{"type":"Feature","properties":{"g":"Bargen (SH)","r":300},"geometry":{"type":"LineString","coordinates":[[8.613300008326702,47.79251001026378],[8.6130300083264,47.792620010263846]]}},{"type":"Feature","properties":{"g":"Bargen (SH)","r":300},"geometry":{"type":"LineString","coordinates":[[8.6130300083264,47.792620010263846],[8.612910008326269,47.79268001026391]]}},{"type":"Feature","properties":{"g":"Bargen (SH)","r":300},"geometry":{"type":"LineString","coordinates":[[8.612910008326269,47.79268001026391],[8.612800008326154,47.79272001026394]]}},{"type":"Feature","properties":{"g":"Bargen (SH)","r":300},"geometry":{"type":"LineString","coordinates":[[8.612800008326154,47.79272001026394],[8.612680008326027,47.792760010264]]}},{"type":"Feature","properties":{"g":"Bargen (SH)","r":300},"geometry":{"type":"LineString","coordinates":[[8.612680008326027,47.792760010264],[8.61252000832586,47.79280001026406]]}},{"type":"Feature","properties":{"g":"Bargen (SH)","r":300},"geometry":{"type":"LineString","coordinates":[[8.61252000832586,47.79280001026406],[8.612340008325681,47.7928300102641]]}},{"type":"Feature","properties":{"g":"Bargen (SH)","r":300},"geometry":{"type":"LineString","coordinates":[[8.612340008325681,47.7928300102641],[8.612220008325565,47.79284001026412]]}},{"type":"Feature","properties":{"g":"Bargen (SH)","r":300},"geometry":{"type":"LineString","coordinates":[[8.612220008325565,47.79284001026412],[8.61215000832549,47.79285001026417]]}},{"type":"Feature","properties":{"g":"Bargen (SH)","r":300},"geometry":{"type":"LineString","coordinates":[[8.61215000832549,47.79285001026417],[8.612050008325395,47.79285001026421]]}},{"type":"Feature","properties":{"g":"Bargen (SH)","r":300},"geometry":{"type":"LineString","coordinates":[[8.612050008325395,47.79285001026421],[8.6119500083253,47.792860010264235]]}},{"type":"Feature","properties":{"g":"Bargen (SH)","r":300},"geometry":{"type":"LineString","coordinates":[[8.6119500083253,47.792860010264235],[8.611810008325163,47.79287001026429]]}},{"type":"Feature","properties":{"g":"Bargen (SH)","r":300},"geometry":{"type":"LineString","coordinates":[[8.611330008324755,47.7927400102644],[8.611270008324713,47.79269001026439]]}},{"type":"Feature","properties":{"g":"Bargen (SH)","r":300},"geometry":{"type":"LineString","coordinates":[[8.611270008324713,47.79269001026439],[8.611220008324691,47.7926200102644]]}},{"type":"Feature","properties":{"g":"Beggingen","r":100},"geometry":{"type":"LineString","coordinates":[[8.53258672211194,47.765683899658924],[8.53268000825889,47.76572001028057],[8.532780008258976,47.76576001028052],[8.532860008259041,47.76580001028052],[8.532940008259102,47.76584001028049],[8.533020008259166,47.76588001028049],[8.533110008259237,47.765930010280485],[8.533220008259331,47.76598001028045],[8.533310008259388,47.766040010280435],[8.533370008259432,47.76607001028043],[8.5334500082595,47.766110010280414],[8.53354000825958,47.766140010280424],[8.53371000825972,47.76621001028035],[8.533850008259831,47.766260010280334],[8.533960008259923,47.76630001028032],[8.534050008260003,47.7663200102803],[8.534130008260076,47.76634001028028],[8.534220008260139,47.76638001028025],[8.534320008260234,47.76640001028025],[8.534353918975455,47.76640754600471]]}},{"type":"Feature","properties":{"g":"Beggingen","r":300},"geometry":{"type":"LineString","coordinates":[[8.529192408009392,47.765698743590995],[8.529260008255637,47.76571001028152],[8.529340008255701,47.76572001028155],[8.52947000825582,47.76575001028149],[8.529560008255897,47.76577001028148],[8.529640008255969,47.76578001028149],[8.529680008256005,47.76579001028141],[8.52977000825609,47.76579001028141],[8.52986000825618,47.765780010281375],[8.52993000825625,47.76577001028139],[8.530020008256345,47.76575001028132],[8.530120008256446,47.76573001028131],[8.530290008256628,47.765680010281265],[8.530750008257115,47.76554001028109],[8.530890008257254,47.76551001028101],[8.531050008257413,47.765480010280946],[8.53122000825759,47.765450010280894],[8.531370008257737,47.765440010280834],[8.5315400082579,47.7654300102808],[8.531700008258056,47.765430010280774],[8.531860008258203,47.76544001028069],[8.531950008258287,47.76545001028069],[8.532020008258343,47.76547001028068],[8.532050008258375,47.765480010280655],[8.5320900082584,47.76549001028067],[8.532160008258465,47.765520010280646],[8.532370008258638,47.76560001028063],[8.53268000825889,47.76572001028057],[8.532780008258976,47.76576001028052],[8.532860008259041,47.76580001028052],[8.532940008259102,47.76584001028049],[8.533020008259166,47.76588001028049],[8.533110008259237,47.765930010280485],[8.533220008259331,47.76598001028045],[8.533310008259388,47.766040010280435],[8.533370008259432,47.76607001028043],[8.5334500082595,47.766110010280414],[8.53354000825958,47.766140010280424],[8.53371000825972,47.76621001028035],[8.533850008259831,47.766260010280334],[8.533960008259923,47.76630001028032],[8.534050008260003,47.7663200102803],[8.534130008260076,47.76634001028028],[8.534220008260139,47.76638001028025],[8.534320008260234,47.76640001028025],[8.53441000826031,47.7664200102802],[8.53448000826038,47.766440010280185],[8.534600008260476,47.7664800102802],[8.534790008260643,47.76652001028013],[8.534990008260815,47.766580010280116],[8.535110008260919,47.76661001028009],[8.53519000826099,47.76663001028007],[8.535300008261089,47.76665001028001],[8.535420008261198,47.76667001027998],[8.535490008261261,47.76668001028],[8.535600008261364,47.76669001027996],[8.535690008261444,47.76670001027995],[8.53573000826148,47.76670001027989]]}},{"type":"Feature","properties":{"g":"Beringen","r":100},"geometry":{"type":"LineString","coordinates":[[8.576019377735864,47.696363799687305],[8.57592000832292,47.69637001024925]]}},{"type":"Feature","properties":{"g":"Beringen","r":100},"geometry":{"type":"LineString","coordinates":[[8.57592000832292,47.69637001024925],[8.575790008322791,47.696380010249285]]}},{"type":"Feature","properties":{"g":"Beringen","r":100},"geometry":{"type":"LineString","coordinates":[[8.575790008322791,47.696380010249285],[8.575670008322678,47.696400010249306]]}},{"type":"Feature","properties":{"g":"Beringen","r":100},"geometry":{"type":"LineString","coordinates":[[8.575670008322678,47.696400010249306],[8.57553000832253,47.69643001024939]]}},{"type":"Feature","properties":{"g":"Beringen","r":100},"geometry":{"type":"LineString","coordinates":[[8.57553000832253,47.69643001024939],[8.575440008322435,47.69646001024942]]}},{"type":"Feature","properties":{"g":"Beringen","r":100},"geometry":{"type":"LineString","coordinates":[[8.575440008322435,47.69646001024942],[8.57531000832229,47.69652001024946]]}},{"type":"Feature","properties":{"g":"Beringen","r":100},"geometry":{"type":"LineString","coordinates":[[8.57531000832229,47.69652001024946],[8.575200008322168,47.69658001024954]]}},{"type":"Feature","properties":{"g":"Beringen","r":100},"geometry":{"type":"LineString","coordinates":[[8.575200008322168,47.69658001024954],[8.575110008322067,47.69663001024957]]}},{"type":"Feature","properties":{"g":"Beringen","r":100},"geometry":{"type":"LineString","coordinates":[[8.575110008322067,47.69663001024957],[8.575060008322,47.6966800102496]]}},{"type":"Feature","properties":{"g":"Beringen","r":100},"geometry":{"type":"LineString","coordinates":[[8.575060008322,47.6966800102496],[8.574980008321909,47.69673001024964]]}},{"type":"Feature","properties":{"g":"Beringen","r":100},"geometry":{"type":"LineString","coordinates":[[8.574980008321909,47.69673001024964],[8.574800008321686,47.696890010249724]]}},{"type":"Feature","properties":{"g":"Beringen","r":100},"geometry":{"type":"LineString","coordinates":[[8.574800008321686,47.696890010249724],[8.574640008321483,47.6970300102498]]}},{"type":"Feature","properties":{"g":"Beringen","r":100},"geometry":{"type":"LineString","coordinates":[[8.574640008321483,47.6970300102498],[8.574560008321384,47.69710001024986]]}},{"type":"Feature","properties":{"g":"Beringen","r":300},"geometry":{"type":"LineString","coordinates":[[8.557260008307956,47.687590010252315],[8.55730000830811,47.68723001025221],[8.557350008308248,47.68696001025212],[8.557360008308297,47.68685001025207]]}},{"type":"Feature","properties":{"g":"Beringen","r":300},"geometry":{"type":"LineString","coordinates":[[8.571750008318464,47.69782001025088],[8.57167000831839,47.6978200102509]]}},{"type":"Feature","properties":{"g":"Beringen","r":300},"geometry":{"type":"LineString","coordinates":[[8.57167000831839,47.6978200102509],[8.571570008318293,47.69782001025093]]}},{"type":"Feature","properties":{"g":"Beringen","r":300},"geometry":{"type":"LineString","coordinates":[[8.570868491533577,47.69694849347154],[8.570880008317916,47.69696001025089],[8.570970008317971,47.697050010250884],[8.571110008318064,47.69718001025092],[8.571170008318111,47.69723001025087],[8.571300008318183,47.69738001025089],[8.57137000831823,47.69743001025086],[8.571670008318435,47.697680010250835],[8.571730008318474,47.697730010250865],[8.571740008318468,47.69778001025086],[8.571750008318464,47.69782001025088]]}},{"type":"Feature","properties":{"g":"Beringen","r":300},"geometry":{"type":"LineString","coordinates":[[8.586146959069813,47.696421450839],[8.586010008332533,47.69643001024629]]}},{"type":"Feature","properties":{"g":"Beringen","r":300},"geometry":{"type":"LineString","coordinates":[[8.586010008332533,47.69643001024629],[8.58593000833245,47.69644001024632]]}},{"type":"Feature","properties":{"g":"Beringen","r":300},"geometry":{"type":"LineString","coordinates":[[8.58593000833245,47.69644001024632],[8.585690008332222,47.696450010246416]]}},{"type":"Feature","properties":{"g":"Beringen","r":300},"geometry":{"type":"LineString","coordinates":[[8.585690008332222,47.696450010246416],[8.585490008332025,47.69646001024645]]}},{"type":"Feature","properties":{"g":"Beringen","r":300},"geometry":{"type":"LineString","coordinates":[[8.585490008332025,47.69646001024645],[8.585350008331893,47.6964600102465]]}},{"type":"Feature","properties":{"g":"Beringen","r":300},"geometry":{"type":"LineString","coordinates":[[8.585350008331893,47.6964600102465],[8.58521000833176,47.69646001024652]]}},{"type":"Feature","properties":{"g":"Beringen","r":300},"geometry":{"type":"LineString","coordinates":[[8.58521000833176,47.69646001024652],[8.585110008331661,47.69646001024656]]}},{"type":"Feature","properties":{"g":"Beringen","r":300},"geometry":{"type":"LineString","coordinates":[[8.585110008331661,47.69646001024656],[8.584990008331543,47.69646001024658]]}},{"type":"Feature","properties":{"g":"Beringen","r":300},"geometry":{"type":"LineString","coordinates":[[8.584990008331543,47.69646001024658],[8.58491000833147,47.69646001024663]]}},{"type":"Feature","properties":{"g":"Beringen","r":300},"geometry":{"type":"LineString","coordinates":[[8.58491000833147,47.69646001024663],[8.58482000833139,47.696450010246664]]}},{"type":"Feature","properties":{"g":"Beringen","r":300},"geometry":{"type":"LineString","coordinates":[[8.58482000833139,47.696450010246664],[8.584610008331191,47.69645001024669]]}},{"type":"Feature","properties":{"g":"Beringen","r":300},"geometry":{"type":"LineString","coordinates":[[8.584580008331166,47.69644001024672],[8.584370008330966,47.696430010246786]]}},{"type":"Feature","properties":{"g":"Beringen","r":300},"geometry":{"type":"LineString","coordinates":[[8.584370008330966,47.696430010246786],[8.584060008330681,47.69641001024684]]}},{"type":"Feature","properties":{"g":"Beringen","r":300},"geometry":{"type":"LineString","coordinates":[[8.584060008330681,47.69641001024684],[8.5838700083305,47.69639001024692]]}},{"type":"Feature","properties":{"g":"Beringen","r":300},"geometry":{"type":"LineString","coordinates":[[8.5838700083305,47.69639001024692],[8.58372000833036,47.69637001024697]]}},{"type":"Feature","properties":{"g":"Beringen","r":300},"geometry":{"type":"LineString","coordinates":[[8.58372000833036,47.69637001024697],[8.583570008330229,47.696350010246974]]}},{"type":"Feature","properties":{"g":"Beringen","r":300},"geometry":{"type":"LineString","coordinates":[[8.583570008330229,47.696350010246974],[8.583430008330097,47.69633001024704]]}},{"type":"Feature","properties":{"g":"Beringen","r":300},"geometry":{"type":"LineString","coordinates":[[8.583430008330097,47.69633001024704],[8.583260008329944,47.69631001024707]]}},{"type":"Feature","properties":{"g":"Beringen","r":300},"geometry":{"type":"LineString","coordinates":[[8.583260008329944,47.69631001024707],[8.583140008329833,47.69630001024709]]}},{"type":"Feature","properties":{"g":"Beringen","r":300},"geometry":{"type":"LineString","coordinates":[[8.583140008329833,47.69630001024709],[8.583050008329755,47.69629001024717]]}},{"type":"Feature","properties":{"g":"Beringen","r":300},"geometry":{"type":"LineString","coordinates":[[8.583050008329755,47.69629001024717],[8.582980008329688,47.696280010247115]]}},{"type":"Feature","properties":{"g":"Beringen","r":300},"geometry":{"type":"LineString","coordinates":[[8.582980008329688,47.696280010247115],[8.582910008329629,47.69627001024716]]}},{"type":"Feature","properties":{"g":"Beringen","r":300},"geometry":{"type":"LineString","coordinates":[[8.582910008329629,47.69627001024716],[8.582830008329545,47.6962700102472]]}},{"type":"Feature","properties":{"g":"Beringen","r":300},"geometry":{"type":"LineString","coordinates":[[8.582830008329545,47.6962700102472],[8.582620008329355,47.69626001024724]]}},{"type":"Feature","properties":{"g":"Beringen","r":300},"geometry":{"type":"LineString","coordinates":[[8.582620008329355,47.69626001024724],[8.5824600083292,47.696260010247286]]}},{"type":"Feature","properties":{"g":"Beringen","r":300},"geometry":{"type":"LineString","coordinates":[[8.5824600083292,47.696260010247286],[8.582290008329032,47.69627001024736]]}},{"type":"Feature","properties":{"g":"Beringen","r":300},"geometry":{"type":"LineString","coordinates":[[8.582290008329032,47.69627001024736],[8.582100008328844,47.69629001024735]]}},{"type":"Feature","properties":{"g":"Beringen","r":300},"geometry":{"type":"LineString","coordinates":[[8.582100008328844,47.69629001024735],[8.581920008328668,47.696320010247476]]}},{"type":"Feature","properties":{"g":"Beringen","r":300},"geometry":{"type":"LineString","coordinates":[[8.581920008328668,47.696320010247476],[8.58175000832849,47.69636001024751]]}},{"type":"Feature","properties":{"g":"Beringen","r":300},"geometry":{"type":"LineString","coordinates":[[8.58175000832849,47.69636001024751],[8.581570008328304,47.69640001024761]]}},{"type":"Feature","properties":{"g":"Beringen","r":300},"geometry":{"type":"LineString","coordinates":[[8.581570008328304,47.69640001024761],[8.581330008328061,47.696440010247684]]}},{"type":"Feature","properties":{"g":"Beringen","r":300},"geometry":{"type":"LineString","coordinates":[[8.581330008328061,47.696440010247684],[8.58103000832776,47.69650001024779]]}},{"type":"Feature","properties":{"g":"Beringen","r":300},"geometry":{"type":"LineString","coordinates":[[8.58103000832776,47.69650001024779],[8.580840008327566,47.696530010247855]]}},{"type":"Feature","properties":{"g":"Beringen","r":300},"geometry":{"type":"LineString","coordinates":[[8.580840008327566,47.696530010247855],[8.580670008327393,47.69655001024788]]}},{"type":"Feature","properties":{"g":"Beringen","r":300},"geometry":{"type":"LineString","coordinates":[[8.580670008327393,47.69655001024788],[8.580590008327313,47.69657001024793]]}},{"type":"Feature","properties":{"g":"Beringen","r":300},"geometry":{"type":"LineString","coordinates":[[8.580590008327313,47.69657001024793],[8.580460008327188,47.69658001024798]]}},{"type":"Feature","properties":{"g":"Beringen","r":300},"geometry":{"type":"LineString","coordinates":[[8.580460008327188,47.69658001024798],[8.5801700083269,47.69661001024805]]}},{"type":"Feature","properties":{"g":"Beringen","r":300},"geometry":{"type":"LineString","coordinates":[[8.5801700083269,47.69661001024805],[8.579960008326696,47.69662001024812]]}},{"type":"Feature","properties":{"g":"Beringen","r":300},"geometry":{"type":"LineString","coordinates":[[8.579960008326696,47.69662001024812],[8.579690008326438,47.696630010248214]]}},{"type":"Feature","properties":{"g":"Beringen","r":300},"geometry":{"type":"LineString","coordinates":[[8.579690008326438,47.696630010248214],[8.579420008326178,47.6966300102483]]}},{"type":"Feature","properties":{"g":"Beringen","r":300},"geometry":{"type":"LineString","coordinates":[[8.579420008326178,47.6966300102483],[8.579230008325995,47.69663001024835]]}},{"type":"Feature","properties":{"g":"Beringen","r":300},"geometry":{"type":"LineString","coordinates":[[8.579230008325995,47.69663001024835],[8.579000008325783,47.696610010248406]]}},{"type":"Feature","properties":{"g":"Beringen","r":300},"geometry":{"type":"LineString","coordinates":[[8.578600008325413,47.696570010248514],[8.577980008324847,47.69650001024869]]}},{"type":"Feature","properties":{"g":"Beringen","r":300},"geometry":{"type":"LineString","coordinates":[[8.577980008324847,47.69650001024869],[8.577750008324635,47.696470010248724]]}},{"type":"Feature","properties":{"g":"Beringen","r":300},"geometry":{"type":"LineString","coordinates":[[8.577750008324635,47.696470010248724],[8.577500008324403,47.696450010248796]]}},{"type":"Feature","properties":{"g":"Beringen","r":300},"geometry":{"type":"LineString","coordinates":[[8.577500008324403,47.696450010248796],[8.577250008324171,47.696430010248875]]}},{"type":"Feature","properties":{"g":"Beringen","r":300},"geometry":{"type":"LineString","coordinates":[[8.577250008324171,47.696430010248875],[8.576800008323753,47.69640001024901]]}},{"type":"Feature","properties":{"g":"Beringen","r":300},"geometry":{"type":"LineString","coordinates":[[8.576800008323753,47.69640001024901],[8.576630008323592,47.69639001024908]]}},{"type":"Feature","properties":{"g":"Beringen","r":300},"geometry":{"type":"LineString","coordinates":[[8.576630008323592,47.69639001024908],[8.576300008323283,47.69637001024917]]}},{"type":"Feature","properties":{"g":"Beringen","r":300},"geometry":{"type":"LineString","coordinates":[[8.576300008323283,47.69637001024917],[8.576080008323077,47.6963600102492]]}},{"type":"Feature","properties":{"g":"Beringen","r":300},"geometry":{"type":"LineString","coordinates":[[8.576080008323077,47.6963600102492],[8.57592000832292,47.69637001024925]]}},{"type":"Feature","properties":{"g":"Beringen","r":300},"geometry":{"type":"LineString","coordinates":[[8.57592000832292,47.69637001024925],[8.575790008322791,47.696380010249285]]}},{"type":"Feature","properties":{"g":"Beringen","r":300},"geometry":{"type":"LineString","coordinates":[[8.575790008322791,47.696380010249285],[8.575670008322678,47.696400010249306]]}},{"type":"Feature","properties":{"g":"Beringen","r":300},"geometry":{"type":"LineString","coordinates":[[8.575670008322678,47.696400010249306],[8.57553000832253,47.69643001024939]]}},{"type":"Feature","properties":{"g":"Beringen","r":300},"geometry":{"type":"LineString","coordinates":[[8.57553000832253,47.69643001024939],[8.575440008322435,47.69646001024942]]}},{"type":"Feature","properties":{"g":"Beringen","r":300},"geometry":{"type":"LineString","coordinates":[[8.575440008322435,47.69646001024942],[8.57531000832229,47.69652001024946]]}},{"type":"Feature","properties":{"g":"Beringen","r":300},"geometry":{"type":"LineString","coordinates":[[8.57531000832229,47.69652001024946],[8.575200008322168,47.69658001024954]]}},{"type":"Feature","properties":{"g":"Beringen","r":300},"geometry":{"type":"LineString","coordinates":[[8.575200008322168,47.69658001024954],[8.575110008322067,47.69663001024957]]}},{"type":"Feature","properties":{"g":"Beringen","r":300},"geometry":{"type":"LineString","coordinates":[[8.575110008322067,47.69663001024957],[8.575060008322,47.6966800102496]]}},{"type":"Feature","properties":{"g":"Beringen","r":300},"geometry":{"type":"LineString","coordinates":[[8.575060008322,47.6966800102496],[8.574980008321909,47.69673001024964]]}},{"type":"Feature","properties":{"g":"Beringen","r":300},"geometry":{"type":"LineString","coordinates":[[8.574980008321909,47.69673001024964],[8.574800008321686,47.696890010249724]]}},{"type":"Feature","properties":{"g":"Beringen","r":300},"geometry":{"type":"LineString","coordinates":[[8.574800008321686,47.696890010249724],[8.574640008321483,47.6970300102498]]}},{"type":"Feature","properties":{"g":"Beringen","r":300},"geometry":{"type":"LineString","coordinates":[[8.574640008321483,47.6970300102498],[8.574560008321384,47.69710001024986]]}},{"type":"Feature","properties":{"g":"Beringen","r":300},"geometry":{"type":"LineString","coordinates":[[8.574560008321384,47.69710001024986],[8.574350008321117,47.69730001024998]]}},{"type":"Feature","properties":{"g":"Beringen","r":300},"geometry":{"type":"LineString","coordinates":[[8.574350008321117,47.69730001024998],[8.574200008320927,47.69744001025004]]}},{"type":"Feature","properties":{"g":"Beringen","r":300},"geometry":{"type":"LineString","coordinates":[[8.574200008320927,47.69744001025004],[8.574120008320826,47.6975300102501]]}},{"type":"Feature","properties":{"g":"Beringen","r":300},"geometry":{"type":"LineString","coordinates":[[8.574120008320826,47.6975300102501],[8.574020008320698,47.697620010250134]]}},{"type":"Feature","properties":{"g":"Beringen","r":300},"geometry":{"type":"LineString","coordinates":[[8.574020008320698,47.697620010250134],[8.57388000832052,47.69776001025022]]}},{"type":"Feature","properties":{"g":"Beringen","r":300},"geometry":{"type":"LineString","coordinates":[[8.57388000832052,47.69776001025022],[8.573830008320446,47.69782001025027]]}},{"type":"Feature","properties":{"g":"Beringen","r":300},"geometry":{"type":"LineString","coordinates":[[8.573830008320446,47.69782001025027],[8.573770008320377,47.69788001025027]]}},{"type":"Feature","properties":{"g":"Beringen","r":300},"geometry":{"type":"LineString","coordinates":[[8.573770008320377,47.69788001025027],[8.57372000832031,47.697940010250335]]}},{"type":"Feature","properties":{"g":"Beringen","r":300},"geometry":{"type":"LineString","coordinates":[[8.57372000832031,47.697940010250335],[8.573660008320243,47.697970010250344]]}},{"type":"Feature","properties":{"g":"Beringen","r":300},"geometry":{"type":"LineString","coordinates":[[8.573570008320145,47.69799001025038],[8.573460008320042,47.698000010250404]]}},{"type":"Feature","properties":{"g":"Beringen","r":300},"geometry":{"type":"LineString","coordinates":[[8.573460008320042,47.698000010250404],[8.573320008319905,47.698000010250446]]}},{"type":"Feature","properties":{"g":"Beringen","r":300},"geometry":{"type":"LineString","coordinates":[[8.573320008319905,47.698000010250446],[8.57319000831978,47.69800001025048]]}},{"type":"Feature","properties":{"g":"Beringen","r":300},"geometry":{"type":"LineString","coordinates":[[8.57319000831978,47.69800001025048],[8.572990008319593,47.698000010250546]]}},{"type":"Feature","properties":{"g":"Beringen","r":300},"geometry":{"type":"LineString","coordinates":[[8.572990008319593,47.698000010250546],[8.572760008319374,47.69800001025067]]}},{"type":"Feature","properties":{"g":"Beringen","r":300},"geometry":{"type":"LineString","coordinates":[[8.572760008319374,47.69800001025067],[8.572610008319236,47.69799001025066]]}},{"type":"Feature","properties":{"g":"Beringen","r":300},"geometry":{"type":"LineString","coordinates":[[8.572610008319236,47.69799001025066],[8.572510008319133,47.69799001025068]]}},{"type":"Feature","properties":{"g":"Beringen","r":300},"geometry":{"type":"LineString","coordinates":[[8.572490008319118,47.69798001025071],[8.572400008319034,47.69797001025071]]}},{"type":"Feature","properties":{"g":"Beringen","r":300},"geometry":{"type":"LineString","coordinates":[[8.572400008319034,47.69797001025071],[8.57231000831896,47.69794001025074]]}},{"type":"Feature","properties":{"g":"Beringen","r":300},"geometry":{"type":"LineString","coordinates":[[8.57231000831896,47.69794001025074],[8.572220008318881,47.697920010250755]]}},{"type":"Feature","properties":{"g":"Beringen","r":300},"geometry":{"type":"LineString","coordinates":[[8.5721200083188,47.69789001025077],[8.572020008318708,47.6978700102508]]}},{"type":"Feature","properties":{"g":"Beringen","r":300},"geometry":{"type":"LineString","coordinates":[[8.572020008318708,47.6978700102508],[8.571920008318617,47.69785001025084]]}},{"type":"Feature","properties":{"g":"Beringen","r":300},"geometry":{"type":"LineString","coordinates":[[8.571860008318563,47.697840010250836],[8.571770008318483,47.69783001025084]]}},{"type":"Feature","properties":{"g":"Buch (SH)","r":100},"geometry":{"type":"LineString","coordinates":[[8.77760762293594,47.71719248731448],[8.777620008506895,47.71719001019476],[8.777780008507058,47.71714001019468]]}},{"type":"Feature","properties":{"g":"Buch (SH)","r":100},"geometry":{"type":"LineString","coordinates":[[8.778760008508053,47.716930010194325],[8.778870008508157,47.7169300101943],[8.778980008508258,47.716940010194264],[8.779080008508346,47.71695001019425],[8.779180008508431,47.716960010194235],[8.779450008508679,47.717010010194166],[8.779780008508968,47.71706001019408],[8.780231372661994,47.71714517341854]]}},{"type":"Feature","properties":{"g":"Buch (SH)","r":100},"geometry":{"type":"LineString","coordinates":[[8.777780008507058,47.71714001019468],[8.777790008507074,47.71714001019469],[8.777930008507212,47.71710001019463],[8.778440008507738,47.71697001019447],[8.778490008507784,47.71696001019448],[8.778550008507843,47.71695001019439],[8.778630008507932,47.7169400101944],[8.778750008508043,47.71693001019436],[8.778760008508053,47.716930010194325]]}},{"type":"Feature","properties":{"g":"Buch (SH)","r":300},"geometry":{"type":"LineString","coordinates":[[8.776820008506093,47.717340010195024],[8.776830008506105,47.717330010195035],[8.776940008506216,47.717320010195],[8.777180008506454,47.71728001019493],[8.777520008506794,47.717210010194826],[8.777620008506895,47.71719001019476],[8.777780008507058,47.71714001019468]]}},{"type":"Feature","properties":{"g":"Buch (SH)","r":300},"geometry":{"type":"LineString","coordinates":[[8.781750008510684,47.7174500101936],[8.781820008510785,47.71734001019354],[8.781920008510921,47.71721001019347],[8.782010008511035,47.71712001019342],[8.782080008511123,47.7170600101934],[8.782140008511192,47.71702001019336],[8.782230008511288,47.7169800101933],[8.782360008511425,47.71694001019322],[8.782480008511552,47.71691001019325],[8.782780008511839,47.71687001019313],[8.782858916770001,47.71685685883242]]}},{"type":"Feature","properties":{"g":"Buch (SH)","r":300},"geometry":{"type":"LineString","coordinates":[[8.778760008508053,47.716930010194325],[8.778870008508157,47.7169300101943],[8.778980008508258,47.716940010194264],[8.779080008508346,47.71695001019425],[8.779180008508431,47.716960010194235],[8.779450008508679,47.717010010194166],[8.779780008508968,47.71706001019408],[8.78031000850943,47.71716001019397],[8.780540008509634,47.7172000101939],[8.780700008509772,47.71723001019389],[8.780800008509855,47.71726001019379],[8.78087000850991,47.71729001019381],[8.780920008509947,47.717310010193785],[8.780990008510004,47.7173500101938],[8.781050008510043,47.71739001019378],[8.7811300085101,47.71744001019376],[8.781210008510165,47.71748001019378],[8.781280008510217,47.71751001019375],[8.781350008510278,47.71754001019373],[8.78142000851033,47.717560010193694],[8.781480008510387,47.7175700101937],[8.781530008510435,47.717570010193725],[8.781590008510486,47.71757001019366],[8.78163000851053,47.71756001019365],[8.781660008510563,47.71754001019363],[8.781690008510601,47.71752001019363],[8.781740008510667,47.71746001019358],[8.781750008510684,47.7174500101936]]}},{"type":"Feature","properties":{"g":"Buch (SH)","r":300},"geometry":{"type":"LineString","coordinates":[[8.777780008507058,47.71714001019468],[8.777790008507074,47.71714001019469],[8.777930008507212,47.71710001019463],[8.778440008507738,47.71697001019447],[8.778490008507784,47.71696001019448],[8.778550008507843,47.71695001019439],[8.778630008507932,47.7169400101944],[8.778750008508043,47.71693001019436],[8.778760008508053,47.716930010194325]]}},{"type":"Feature","properties":{"g":"Buchberg","r":300},"geometry":{"type":"LineString","coordinates":[[8.566150008353,47.57460001021773],[8.566350008353158,47.574710010217665],[8.566540008353309,47.57482001021764],[8.566590008353344,47.57485001021759],[8.566610008353354,47.57487001021764]]}},{"type":"Feature","properties":{"g":"Buchberg","r":300},"geometry":{"type":"LineString","coordinates":[[8.564410008351716,47.57339001021788],[8.564500008351787,47.57345001021785],[8.564620008351877,47.573510010217845],[8.564730008351965,47.573580010217825],[8.564850008352058,47.573650010217825],[8.56504000835221,47.573750010217765],[8.565170008352311,47.573820010217744],[8.565350008352446,47.573940010217754],[8.565420008352495,47.57399001021773]]}},{"type":"Feature","properties":{"g":"Buchberg","r":300},"geometry":{"type":"LineString","coordinates":[[8.566610008353354,47.57487001021764],[8.56663000835337,47.57489001021764],[8.566650008353385,47.574910010217664],[8.56666000835339,47.57493001021764],[8.5666800083534,47.574950010217655],[8.566690008353397,47.57498001021772],[8.566700008353406,47.57500001021766],[8.566710008353398,47.57502001021768],[8.566710008353397,47.57505001021766],[8.56671000835339,47.57507001021767],[8.566720008353395,47.57509001021766],[8.566710008353372,47.575120010217695],[8.566710008353368,47.575140010217694],[8.566700008353346,47.57517001021772],[8.566690008353326,47.57519001021771],[8.566670008353293,47.57524001021771],[8.56657000835316,47.5753600102178]]}},{"type":"Feature","properties":{"g":"Buchberg","r":300},"geometry":{"type":"LineString","coordinates":[[8.565420008352495,47.57399001021773],[8.56552000835257,47.57407001021769],[8.565650008352652,47.57419001021775],[8.565700008352684,47.57424001021772],[8.56582000835276,47.57436001021772],[8.565890008352806,47.57443001021776],[8.56593000835283,47.57447001021776],[8.566000008352889,47.57452001021775],[8.566060008352926,47.574560010217674],[8.566150008353,47.57460001021773]]}},{"type":"Feature","properties":{"g":"Büttenhardt","r":100},"geometry":{"type":"LineString","coordinates":[[8.654324649168865,47.758047302931075],[8.654390008377067,47.75815001024259],[8.654450008377092,47.75826001024259],[8.654480008377096,47.75832001024262],[8.654490008377085,47.758360010242605],[8.654500008377077,47.75843001024262],[8.654500008377054,47.75850001024267],[8.654500008377038,47.75855001024262],[8.654480008376993,47.75862001024268],[8.654460008376951,47.75869001024272],[8.654420008376894,47.75877001024275],[8.654377357337577,47.758849981055285]]}},{"type":"Feature","properties":{"g":"Büttenhardt","r":300},"geometry":{"type":"LineString","coordinates":[[8.65317848244168,47.75623848431688],[8.653200008376569,47.75626001024243],[8.653210008376563,47.75630001024246],[8.653220008376557,47.75636001024245],[8.653220008376541,47.756410010242455],[8.653190008376473,47.756520010242525],[8.653170008376419,47.75663001024253],[8.653160008376398,47.75667001024254],[8.653160008376377,47.756730010242514],[8.65317000837636,47.75679001024259],[8.653180008376367,47.756820010242585],[8.653210008376373,47.75688001024263],[8.653240008376388,47.75693001024258],[8.65328000837641,47.75697001024263],[8.653440008376514,47.75711001024259],[8.653560008376594,47.757220010242555],[8.653620008376627,47.75728001024257],[8.653680008376663,47.757340010242594],[8.653790008376728,47.75748001024255],[8.654050008376878,47.757760010242606],[8.654230008376983,47.7579500102426],[8.654320008377038,47.758040010242595],[8.654390008377067,47.75815001024259],[8.654450008377092,47.75826001024259],[8.654480008377096,47.75832001024262],[8.654490008377085,47.758360010242605],[8.654500008377077,47.75843001024262],[8.654500008377054,47.75850001024267],[8.654500008377038,47.75855001024262],[8.654480008376993,47.75862001024268],[8.654460008376951,47.75869001024272],[8.654420008376894,47.75877001024275],[8.65434000837676,47.75892001024279],[8.654280008376675,47.759020010242864],[8.65425000837663,47.75906001024285],[8.654190008376547,47.75913001024289],[8.654120008376465,47.759200010242914],[8.65402000837634,47.75927001024295]]}},{"type":"Feature","properties":{"g":"Dörflingen","r":100},"geometry":{"type":"LineString","coordinates":[[8.722234862496228,47.70616401099544],[8.722400008458667,47.70613001020842],[8.722530008458806,47.70611001020837],[8.722590008458862,47.7060900102083]]}},{"type":"Feature","properties":{"g":"Dörflingen","r":100},"geometry":{"type":"LineString","coordinates":[[8.722590008458862,47.7060900102083],[8.722710008458993,47.7060600102083],[8.722800008459084,47.706030010208245],[8.72289000845918,47.70599001020819],[8.723040008459343,47.705920010208146],[8.723180008459503,47.7058500102081],[8.723350008459693,47.705760010208024],[8.723480008459838,47.70570001020795],[8.723620008459987,47.70564001020792],[8.723704324161607,47.705580989234875]]}},{"type":"Feature","properties":{"g":"Dörflingen","r":300},"geometry":{"type":"LineString","coordinates":[[8.72052407823127,47.70860556256457],[8.720570008456104,47.708640010209606],[8.72066000845618,47.708700010209604],[8.720760008456244,47.70877001020961],[8.72079000845627,47.708780010209594],[8.720880008456326,47.708860010209634],[8.720940008456369,47.70890001020959],[8.72104819143269,47.708990162826304]]}},{"type":"Feature","properties":{"g":"Dörflingen","r":300},"geometry":{"type":"LineString","coordinates":[[8.7194801882201,47.70705980048458],[8.719540008455686,47.70699001020948],[8.719640008455837,47.706840010209426],[8.719710008455921,47.7067700102094],[8.719770008456008,47.70670001020938],[8.719850008456095,47.70665001020931],[8.719920008456175,47.706600010209286],[8.720060008456336,47.70651001020922],[8.720120008456401,47.706500010209204],[8.72017000845645,47.706480010209155],[8.720220008456502,47.70647001020911],[8.720280008456559,47.70646001020912],[8.720330008456617,47.70644001020909],[8.720390008456679,47.70643001020907],[8.720450008456737,47.70642001020905],[8.720530008456816,47.706400010208995],[8.720690008456977,47.70637001020899]]}},{"type":"Feature","properties":{"g":"Dörflingen","r":300},"geometry":{"type":"LineString","coordinates":[[8.720690008456977,47.70637001020899],[8.72089000845718,47.706340010208905],[8.72104000845733,47.706320010208856],[8.72117000845745,47.70631001020883],[8.72141000845768,47.70630001020873],[8.721580008457847,47.70628001020871],[8.72179000845806,47.70624001020856],[8.722060008458328,47.70620001020854],[8.722400008458667,47.70613001020842],[8.722530008458806,47.70611001020837],[8.722590008458862,47.7060900102083]]}},{"type":"Feature","properties":{"g":"Dörflingen","r":300},"geometry":{"type":"LineString","coordinates":[[8.722590008458862,47.7060900102083],[8.722710008458993,47.7060600102083],[8.722800008459084,47.706030010208245],[8.72289000845918,47.70599001020819],[8.723040008459343,47.705920010208146],[8.723180008459503,47.7058500102081],[8.723350008459693,47.705760010208024],[8.723480008459838,47.70570001020795],[8.723620008459987,47.70564001020792],[8.723720008460099,47.70557001020787],[8.723820008460226,47.7055000102078],[8.723920008460349,47.70540001020768],[8.724020008460487,47.705280010207694],[8.724120008460618,47.705160010207635]]}},{"type":"Feature","properties":{"g":"Dörflingen","r":300},"geometry":{"type":"LineString","coordinates":[[8.724120008460618,47.705160010207635],[8.724170008460682,47.70511001020762],[8.724220008460758,47.70502001020755],[8.724160008460716,47.70498001020759],[8.724070008460648,47.70492001020761],[8.72398000846059,47.7048500102076],[8.723830008460482,47.704740010207615],[8.723740008460425,47.704670010207636],[8.723670008460374,47.70463001020762],[8.723600008460325,47.704580010207614],[8.723520008460264,47.70454001020766],[8.723380008460149,47.70448001020768],[8.723240008460031,47.70443001020769],[8.723090008459907,47.70437001020771],[8.722860008459726,47.70429001020777],[8.722850008459714,47.70429001020774]]}},{"type":"Feature","properties":{"g":"Gächlingen","r":100},"geometry":{"type":"LineString","coordinates":[[8.498170008246705,47.7018200102735],[8.498180008246708,47.70184001027349],[8.498220008246737,47.70188001027346],[8.498260008246767,47.7019100102735],[8.498310008246804,47.70193001027351],[8.49841000824689,47.70196001027351],[8.498540008247003,47.702000010273444],[8.498583769779616,47.7020133291114]]}},{"type":"Feature","properties":{"g":"Gächlingen","r":100},"geometry":{"type":"LineString","coordinates":[[8.498375489464834,47.701412595101004],[8.498300008246929,47.70153001027337],[8.498240008246835,47.70162001027345],[8.498190008246759,47.70171001027344],[8.498180008246733,47.701760010273496],[8.498170008246717,47.7017900102735],[8.498170008246705,47.7018200102735]]}},{"type":"Feature","properties":{"g":"Gächlingen","r":300},"geometry":{"type":"LineString","coordinates":[[8.498170008246705,47.7018200102735],[8.498180008246708,47.70184001027349],[8.498220008246737,47.70188001027346],[8.498260008246767,47.7019100102735],[8.498310008246804,47.70193001027351],[8.49841000824689,47.70196001027351],[8.498540008247003,47.702000010273444],[8.499000008247405,47.702140010273325],[8.499220008247583,47.70221001027329],[8.499380008247721,47.702270010273246],[8.499520008247835,47.70233001027322],[8.499690008247981,47.70240001027322],[8.499940008248183,47.702510010273144],[8.500040008248263,47.70256001027313],[8.500390008248557,47.70270001027306],[8.50047000824862,47.7027400102731],[8.500550008248679,47.702780010273045],[8.500620008248733,47.70282001027305],[8.500700008248797,47.70287001027305],[8.500830008248894,47.70296001027303],[8.500904302760953,47.703009540076664]]}},{"type":"Feature","properties":{"g":"Gächlingen","r":300},"geometry":{"type":"LineString","coordinates":[[8.499908351276014,47.69988778163208],[8.499860008248946,47.6999200102725],[8.499640008248685,47.700080010272586],[8.499600008248631,47.700110010272596],[8.499350008248332,47.70030001027275],[8.499140008248084,47.70046001027289],[8.499010008247916,47.70057001027292],[8.498930008247818,47.70064001027296],[8.498860008247734,47.70070001027299],[8.498820008247677,47.700750010273026],[8.498790008247639,47.70079001027305],[8.498680008247476,47.700960010273114],[8.49851000824723,47.701210010273265],[8.498390008247062,47.70139001027333],[8.498300008246929,47.70153001027337],[8.498240008246835,47.70162001027345],[8.498190008246759,47.70171001027344],[8.498180008246733,47.701760010273496],[8.498170008246717,47.7017900102735],[8.498170008246705,47.7018200102735]]}},{"type":"Feature","properties":{"g":"Hallau","r":300},"geometry":{"type":"LineString","coordinates":[[8.464400008215568,47.697690010282194],[8.464480008215645,47.69769001028217],[8.46457000821573,47.69769001028216],[8.464630008215792,47.69768001028208],[8.464770008215933,47.69767001028209],[8.464930008216085,47.69767001028201],[8.465010008216163,47.69766001028199],[8.465090008216247,47.69764001028192],[8.465190008216352,47.69762001028193],[8.465300008216465,47.69759001028192],[8.465370008216542,47.69756001028188],[8.465540008216731,47.69749001028186],[8.46574000821695,47.69740001028172],[8.465860008217083,47.697350010281646],[8.465910008217133,47.69734001028165],[8.465970008217193,47.697330010281625],[8.46603000821725,47.697340010281636],[8.466090008217304,47.69735001028158],[8.466180008217385,47.69738001028162],[8.466260008217448,47.697420010281576],[8.466340008217513,47.69746001028154],[8.466520008217659,47.697540010281536],[8.466710008217806,47.697640010281525],[8.466870008217938,47.697710010281455],[8.467100008218127,47.69782001028147],[8.467330008218305,47.6979400102814],[8.467520008218463,47.69805001028138],[8.46768000821858,47.698150010281346]]}},{"type":"Feature","properties":{"g":"Hallau","r":300},"geometry":{"type":"LineString","coordinates":[[8.46089000821204,47.698150010283314],[8.4609600082121,47.69817001028328]]}},{"type":"Feature","properties":{"g":"Hallau","r":300},"geometry":{"type":"LineString","coordinates":[[8.4609600082121,47.69817001028328],[8.461030008212164,47.69818001028331]]}},{"type":"Feature","properties":{"g":"Hallau","r":300},"geometry":{"type":"LineString","coordinates":[[8.461030008212164,47.69818001028331],[8.461120008212252,47.69818001028323]]}},{"type":"Feature","properties":{"g":"Hallau","r":300},"geometry":{"type":"LineString","coordinates":[[8.461120008212252,47.69818001028323],[8.461210008212339,47.69818001028322]]}},{"type":"Feature","properties":{"g":"Hallau","r":300},"geometry":{"type":"LineString","coordinates":[[8.461210008212339,47.69818001028322],[8.461310008212434,47.69817001028319]]}},{"type":"Feature","properties":{"g":"Hallau","r":300},"geometry":{"type":"LineString","coordinates":[[8.461310008212434,47.69817001028319],[8.461400008212527,47.69816001028317]]}},{"type":"Feature","properties":{"g":"Hallau","r":300},"geometry":{"type":"LineString","coordinates":[[8.46146000821259,47.69815001028318],[8.461530008212664,47.69813001028317]]}},{"type":"Feature","properties":{"g":"Hallau","r":300},"geometry":{"type":"LineString","coordinates":[[8.461530008212664,47.69813001028317],[8.461610008212752,47.69810001028313]]}},{"type":"Feature","properties":{"g":"Hallau","r":300},"geometry":{"type":"LineString","coordinates":[[8.461710008212863,47.69806001028309],[8.461770008212927,47.69802001028306]]}},{"type":"Feature","properties":{"g":"Hallau","r":300},"geometry":{"type":"LineString","coordinates":[[8.461770008212927,47.69802001028306],[8.461830008213003,47.69798001028298]]}},{"type":"Feature","properties":{"g":"Hallau","r":300},"geometry":{"type":"LineString","coordinates":[[8.461830008213003,47.69798001028298],[8.461880008213058,47.69794001028299]]}},{"type":"Feature","properties":{"g":"Hallau","r":300},"geometry":{"type":"LineString","coordinates":[[8.46196000821317,47.69785001028298],[8.46201000821323,47.69780001028291]]}},{"type":"Feature","properties":{"g":"Hallau","r":300},"geometry":{"type":"LineString","coordinates":[[8.46201000821323,47.69780001028291],[8.462060008213296,47.697750010282896]]}},{"type":"Feature","properties":{"g":"Hallau","r":300},"geometry":{"type":"LineString","coordinates":[[8.462220008213466,47.69768001028282],[8.46229000821354,47.69767001028278]]}},{"type":"Feature","properties":{"g":"Hallau","r":300},"geometry":{"type":"LineString","coordinates":[[8.46229000821354,47.69767001028278],[8.46236000821361,47.69767001028278]]}},{"type":"Feature","properties":{"g":"Hallau","r":300},"geometry":{"type":"LineString","coordinates":[[8.46236000821361,47.69767001028278],[8.462490008213736,47.69767001028271]]}},{"type":"Feature","properties":{"g":"Hallau","r":300},"geometry":{"type":"LineString","coordinates":[[8.462490008213736,47.69767001028271],[8.462580008213815,47.697690010282734]]}},{"type":"Feature","properties":{"g":"Hallau","r":300},"geometry":{"type":"LineString","coordinates":[[8.462580008213815,47.697690010282734],[8.46272000821394,47.69772001028267]]}},{"type":"Feature","properties":{"g":"Hallau","r":300},"geometry":{"type":"LineString","coordinates":[[8.46272000821394,47.69772001028267],[8.462890008214094,47.69776001028264]]}},{"type":"Feature","properties":{"g":"Hallau","r":300},"geometry":{"type":"LineString","coordinates":[[8.462890008214094,47.69776001028264],[8.463180008214344,47.69783001028258]]}},{"type":"Feature","properties":{"g":"Hallau","r":300},"geometry":{"type":"LineString","coordinates":[[8.463180008214344,47.69783001028258],[8.463390008214535,47.6978800102825]]}},{"type":"Feature","properties":{"g":"Hallau","r":300},"geometry":{"type":"LineString","coordinates":[[8.463390008214535,47.6978800102825],[8.463470008214603,47.6979000102825]]}},{"type":"Feature","properties":{"g":"Hallau","r":300},"geometry":{"type":"LineString","coordinates":[[8.463810008214926,47.69792001028241],[8.463890008215007,47.6979100102824]]}},{"type":"Feature","properties":{"g":"Hallau","r":300},"geometry":{"type":"LineString","coordinates":[[8.463890008215007,47.6979100102824],[8.463970008215085,47.69790001028237]]}},{"type":"Feature","properties":{"g":"Hallau","r":300},"geometry":{"type":"LineString","coordinates":[[8.463970008215085,47.69790001028237],[8.464040008215163,47.69787001028232]]}},{"type":"Feature","properties":{"g":"Hallau","r":300},"geometry":{"type":"LineString","coordinates":[[8.464040008215163,47.69787001028232],[8.46414000821527,47.6978400102823]]}},{"type":"Feature","properties":{"g":"Hallau","r":300},"geometry":{"type":"LineString","coordinates":[[8.46414000821527,47.6978400102823],[8.464200008215332,47.69781001028226]]}},{"type":"Feature","properties":{"g":"Hallau","r":300},"geometry":{"type":"LineString","coordinates":[[8.464200008215332,47.69781001028226],[8.464260008215403,47.697780010282266]]}},{"type":"Feature","properties":{"g":"Hallau","r":300},"geometry":{"type":"LineString","coordinates":[[8.464260008215403,47.697780010282266],[8.464320008215477,47.69774001028221]]}},{"type":"Feature","properties":{"g":"Hallau","r":300},"geometry":{"type":"LineString","coordinates":[[8.457280008209038,47.696680010283984],[8.457380008209112,47.69675001028398]]}},{"type":"Feature","properties":{"g":"Hallau","r":300},"geometry":{"type":"LineString","coordinates":[[8.457380008209112,47.69675001028398],[8.457470008209173,47.69682001028398]]}},{"type":"Feature","properties":{"g":"Hallau","r":300},"geometry":{"type":"LineString","coordinates":[[8.457540008209222,47.696870010283945],[8.45760000820927,47.696910010283936]]}},{"type":"Feature","properties":{"g":"Hallau","r":300},"geometry":{"type":"LineString","coordinates":[[8.45760000820927,47.696910010283936],[8.457660008209315,47.696950010283935]]}},{"type":"Feature","properties":{"g":"Hallau","r":300},"geometry":{"type":"LineString","coordinates":[[8.457660008209315,47.696950010283935],[8.45771000820935,47.69698001028394]]}},{"type":"Feature","properties":{"g":"Hallau","r":300},"geometry":{"type":"LineString","coordinates":[[8.45771000820935,47.69698001028394],[8.45776000820939,47.697010010283954]]}},{"type":"Feature","properties":{"g":"Hallau","r":300},"geometry":{"type":"LineString","coordinates":[[8.45779000820942,47.69702001028394],[8.457850008209464,47.69705001028393]]}},{"type":"Feature","properties":{"g":"Hallau","r":300},"geometry":{"type":"LineString","coordinates":[[8.457850008209464,47.69705001028393],[8.45791000820951,47.69708001028391]]}},{"type":"Feature","properties":{"g":"Hallau","r":300},"geometry":{"type":"LineString","coordinates":[[8.45791000820951,47.69708001028391],[8.457980008209567,47.69712001028391]]}},{"type":"Feature","properties":{"g":"Hallau","r":300},"geometry":{"type":"LineString","coordinates":[[8.457980008209567,47.69712001028391],[8.458040008209617,47.697150010283856]]}},{"type":"Feature","properties":{"g":"Hallau","r":300},"geometry":{"type":"LineString","coordinates":[[8.458040008209617,47.697150010283856],[8.458100008209664,47.69717001028384]]}},{"type":"Feature","properties":{"g":"Hallau","r":300},"geometry":{"type":"LineString","coordinates":[[8.458100008209664,47.69717001028384],[8.458170008209725,47.697200010283844]]}},{"type":"Feature","properties":{"g":"Hallau","r":300},"geometry":{"type":"LineString","coordinates":[[8.458170008209725,47.697200010283844],[8.458240008209783,47.69722001028384]]}},{"type":"Feature","properties":{"g":"Hallau","r":300},"geometry":{"type":"LineString","coordinates":[[8.458240008209783,47.69722001028384],[8.45832000820985,47.69726001028383]]}},{"type":"Feature","properties":{"g":"Hallau","r":300},"geometry":{"type":"LineString","coordinates":[[8.45832000820985,47.69726001028383],[8.458420008209938,47.69729001028381]]}},{"type":"Feature","properties":{"g":"Hallau","r":300},"geometry":{"type":"LineString","coordinates":[[8.458420008209938,47.69729001028381],[8.458520008210021,47.69732001028379]]}},{"type":"Feature","properties":{"g":"Hallau","r":300},"geometry":{"type":"LineString","coordinates":[[8.458520008210021,47.69732001028379],[8.458590008210086,47.697340010283774]]}},{"type":"Feature","properties":{"g":"Hallau","r":300},"geometry":{"type":"LineString","coordinates":[[8.458590008210086,47.697340010283774],[8.458670008210156,47.69736001028378]]}},{"type":"Feature","properties":{"g":"Hallau","r":300},"geometry":{"type":"LineString","coordinates":[[8.458670008210156,47.69736001028378],[8.458770008210243,47.69739001028376]]}},{"type":"Feature","properties":{"g":"Hallau","r":300},"geometry":{"type":"LineString","coordinates":[[8.458770008210243,47.69739001028376],[8.45888000821034,47.69742001028372]]}},{"type":"Feature","properties":{"g":"Hallau","r":300},"geometry":{"type":"LineString","coordinates":[[8.45888000821034,47.69742001028372],[8.459000008210442,47.6974500102837]]}},{"type":"Feature","properties":{"g":"Hallau","r":300},"geometry":{"type":"LineString","coordinates":[[8.459000008210442,47.6974500102837],[8.459170008210592,47.69750001028367]]}},{"type":"Feature","properties":{"g":"Hallau","r":300},"geometry":{"type":"LineString","coordinates":[[8.459170008210592,47.69750001028367],[8.459460008210842,47.697600010283594]]}},{"type":"Feature","properties":{"g":"Hallau","r":300},"geometry":{"type":"LineString","coordinates":[[8.459460008210842,47.697600010283594],[8.45952000821089,47.69762001028357]]}},{"type":"Feature","properties":{"g":"Hallau","r":300},"geometry":{"type":"LineString","coordinates":[[8.45952000821089,47.69762001028357],[8.4598700082112,47.69773001028351]]}},{"type":"Feature","properties":{"g":"Hallau","r":300},"geometry":{"type":"LineString","coordinates":[[8.4598700082112,47.69773001028351],[8.460100008211397,47.69780001028348]]}},{"type":"Feature","properties":{"g":"Hallau","r":300},"geometry":{"type":"LineString","coordinates":[[8.460100008211397,47.69780001028348],[8.460230008211495,47.69786001028345]]}},{"type":"Feature","properties":{"g":"Hallau","r":300},"geometry":{"type":"LineString","coordinates":[[8.460230008211495,47.69786001028345],[8.460300008211554,47.69788001028342]]}},{"type":"Feature","properties":{"g":"Hallau","r":300},"geometry":{"type":"LineString","coordinates":[[8.460300008211554,47.69788001028342],[8.460430008211665,47.69794001028342]]}},{"type":"Feature","properties":{"g":"Hallau","r":300},"geometry":{"type":"LineString","coordinates":[[8.460430008211665,47.69794001028342],[8.46052000821174,47.69798001028339]]}},{"type":"Feature","properties":{"g":"Hallau","r":300},"geometry":{"type":"LineString","coordinates":[[8.46052000821174,47.69798001028339],[8.460650008211845,47.69804001028337]]}},{"type":"Feature","properties":{"g":"Hallau","r":300},"geometry":{"type":"LineString","coordinates":[[8.460650008211845,47.69804001028337],[8.460770008211938,47.698100010283355]]}},{"type":"Feature","properties":{"g":"Hallau","r":300},"geometry":{"type":"LineString","coordinates":[[8.460770008211938,47.698100010283355],[8.460840008211996,47.698130010283315]]}},{"type":"Feature","properties":{"g":"Hallau","r":300},"geometry":{"type":"LineString","coordinates":[[8.464400008215568,47.697690010282194],[8.464440008215622,47.69764001028215]]}},{"type":"Feature","properties":{"g":"Hallau","r":300},"geometry":{"type":"LineString","coordinates":[[8.457297413239953,47.69476878690088],[8.457280008209622,47.694850010283496]]}},{"type":"Feature","properties":{"g":"Hallau","r":300},"geometry":{"type":"LineString","coordinates":[[8.457280008209622,47.694850010283496],[8.45726000820957,47.69497001028353]]}},{"type":"Feature","properties":{"g":"Hallau","r":300},"geometry":{"type":"LineString","coordinates":[[8.45726000820957,47.69497001028353],[8.457240008209515,47.69506001028351]]}},{"type":"Feature","properties":{"g":"Hallau","r":300},"geometry":{"type":"LineString","coordinates":[[8.457240008209515,47.69506001028351],[8.457220008209466,47.69515001028359]]}},{"type":"Feature","properties":{"g":"Hallau","r":300},"geometry":{"type":"LineString","coordinates":[[8.457220008209461,47.69519001028359],[8.457220008209436,47.695240010283605]]}},{"type":"Feature","properties":{"g":"Hallau","r":300},"geometry":{"type":"LineString","coordinates":[[8.457230008209432,47.695280010283604],[8.457230008209418,47.69534001028361]]}},{"type":"Feature","properties":{"g":"Hallau","r":300},"geometry":{"type":"LineString","coordinates":[[8.457230008209418,47.69534001028361],[8.45724000820941,47.695390010283624]]}},{"type":"Feature","properties":{"g":"Hallau","r":300},"geometry":{"type":"LineString","coordinates":[[8.45729000820942,47.69551001028367],[8.457330008209436,47.69558001028365]]}},{"type":"Feature","properties":{"g":"Hallau","r":300},"geometry":{"type":"LineString","coordinates":[[8.457330008209436,47.69558001028365],[8.457400008209465,47.695690010283684]]}},{"type":"Feature","properties":{"g":"Hallau","r":300},"geometry":{"type":"LineString","coordinates":[[8.457434573677668,47.695763706700696],[8.45745000820948,47.6958100102837]]}},{"type":"Feature","properties":{"g":"Hallau","r":300},"geometry":{"type":"LineString","coordinates":[[8.457470008209489,47.69585001028369],[8.457480008209478,47.695900010283665]]}},{"type":"Feature","properties":{"g":"Hallau","r":300},"geometry":{"type":"LineString","coordinates":[[8.457480008209478,47.695900010283665],[8.457490008209469,47.6959600102837]]}},{"type":"Feature","properties":{"g":"Hallau","r":300},"geometry":{"type":"LineString","coordinates":[[8.457470008209427,47.69603001028376],[8.457440008209375,47.69611001028375]]}},{"type":"Feature","properties":{"g":"Hallau","r":300},"geometry":{"type":"LineString","coordinates":[[8.457440008209375,47.69611001028375],[8.457410008209319,47.69619001028381]]}},{"type":"Feature","properties":{"g":"Hallau","r":300},"geometry":{"type":"LineString","coordinates":[[8.457410008209319,47.69619001028381],[8.457370008209256,47.69627001028383]]}},{"type":"Feature","properties":{"g":"Hallau","r":300},"geometry":{"type":"LineString","coordinates":[[8.457370008209256,47.69627001028383],[8.457310008209152,47.696390010283885]]}},{"type":"Feature","properties":{"g":"Hallau","r":300},"geometry":{"type":"LineString","coordinates":[[8.457310008209152,47.696390010283885],[8.45725000820907,47.69648001028395]]}},{"type":"Feature","properties":{"g":"Hallau","r":300},"geometry":{"type":"LineString","coordinates":[[8.45725000820907,47.69648001028395],[8.457230008209033,47.69653001028397]]}},{"type":"Feature","properties":{"g":"Hallau","r":300},"geometry":{"type":"LineString","coordinates":[[8.457220008209019,47.69656001028398],[8.457220008209005,47.69661001028398]]}},{"type":"Feature","properties":{"g":"Hallau","r":300},"geometry":{"type":"LineString","coordinates":[[8.457240008209007,47.696640010283964],[8.457280008209038,47.696680010283984]]}},{"type":"Feature","properties":{"g":"Hallau","r":300},"geometry":{"type":"LineString","coordinates":[[8.46450000821571,47.6975400102821],[8.464510008215745,47.697460010282086],[8.46451000821576,47.69742001028208],[8.464510008215782,47.697360010282075],[8.464510008215806,47.69729001028203],[8.46453000821585,47.697200010282025],[8.464540008215886,47.69712001028198],[8.464560008215937,47.69703001028195],[8.464630008216082,47.69677001028188],[8.464640008216112,47.696720010281844],[8.46467000821617,47.69664001028184],[8.464740008216319,47.69638001028172],[8.464770008216371,47.69629001028168],[8.46479657409962,47.696223595617774]]}},{"type":"Feature","properties":{"g":"Lohn (SH)","r":100},"geometry":{"type":"LineString","coordinates":[[8.667728765140092,47.75467734986387],[8.667710008390822,47.75467001023772],[8.66758000839072,47.75461001023773],[8.667530008390676,47.75459001023771],[8.667470008390627,47.75457001023774],[8.667410008390577,47.754550010237736],[8.667350008390528,47.754530010237765],[8.667290008390477,47.75451001023781],[8.66723000839043,47.754490010237795],[8.667170008390373,47.75448001023781],[8.667110008390326,47.754460010237786],[8.667050008390275,47.75445001023785]]}},{"type":"Feature","properties":{"g":"Lohn (SH)","r":300},"geometry":{"type":"LineString","coordinates":[[8.670680008393026,47.7564600102373],[8.670620008392978,47.75643001023728],[8.67054000839292,47.75639001023732],[8.670290008392735,47.756230010237324],[8.670220008392691,47.756180010237344],[8.670110008392603,47.756110010237336],[8.670020008392544,47.75605001023739],[8.66989000839245,47.755950010237356],[8.669750008392358,47.75584001023742]]}},{"type":"Feature","properties":{"g":"Lohn (SH)","r":300},"geometry":{"type":"LineString","coordinates":[[8.66867000839162,47.75500001023749],[8.668660008391608,47.75499001023747],[8.668660008391614,47.75498001023748],[8.668650008391607,47.75497001023749],[8.668650008391612,47.75496001023747],[8.668640008391607,47.75495001023748],[8.66864000839161,47.75494001023749],[8.668570008391631,47.75469001023745],[8.668560008391632,47.75465001023745],[8.668520008391619,47.75458001023744],[8.668430008391613,47.75434001023738],[8.668390008391604,47.75425001023738],[8.668350008391606,47.75415001023736],[8.66823000839159,47.75385001023736],[8.668210008391581,47.75380001023732],[8.668190008391578,47.753760010237286],[8.668170008391577,47.75370001023729],[8.66811000839157,47.75355001023726],[8.66802000839156,47.75333001023726],[8.667960008391564,47.75317001023724],[8.667830008391542,47.75286001023717],[8.667790008391535,47.752760010237175]]}},{"type":"Feature","properties":{"g":"Lohn (SH)","r":300},"geometry":{"type":"LineString","coordinates":[[8.66867000839162,47.75500001023749],[8.668660008391608,47.75500001023749],[8.668640008391597,47.7550000102375],[8.668630008391586,47.75500001023751],[8.66862000839157,47.755010010237534],[8.66860000839155,47.75501001023751],[8.66859000839154,47.75501001023755],[8.668580008391539,47.75500001023751],[8.668560008391514,47.75500001023755],[8.668550008391504,47.75500001023754],[8.668540008391496,47.75500001023751],[8.66852000839148,47.75499001023755],[8.668500008391465,47.75498001023755],[8.668470008391434,47.75497001023756],[8.668450008391419,47.75497001023755],[8.668420008391394,47.75496001023753],[8.668400008391377,47.75495001023758],[8.66837000839136,47.75494001023757],[8.668350008391345,47.75493001023758],[8.668270008391278,47.754890010237624],[8.668100008391136,47.754830010237605],[8.667940008391005,47.754760010237646],[8.667710008390822,47.75467001023772],[8.66758000839072,47.75461001023773],[8.667530008390676,47.75459001023771],[8.667470008390627,47.75457001023774],[8.667410008390577,47.754550010237736],[8.667350008390528,47.754530010237765],[8.667290008390477,47.75451001023781],[8.66723000839043,47.754490010237795],[8.667170008390373,47.75448001023781],[8.667110008390326,47.754460010237786],[8.667050008390275,47.75445001023785]]}},{"type":"Feature","properties":{"g":"Lohn (SH)","r":300},"geometry":{"type":"LineString","coordinates":[[8.66915964008689,47.7576938346516],[8.669170008391196,47.75768001023805],[8.669270008391328,47.75757001023796],[8.669400008391497,47.75742001023794],[8.669440008391556,47.75737001023788],[8.669490008391614,47.757320010237855],[8.669570008391714,47.75725001023775],[8.66959000839174,47.75723001023782],[8.66962000839178,47.757210010237806],[8.669760008391936,47.75713001023776],[8.670040008392256,47.756960010237634],[8.670230008392474,47.75685001023749],[8.670390008392658,47.756740010237415],[8.670460008392745,47.75670001023735],[8.670500008392793,47.75667001023738],[8.670540008392845,47.75662001023737],[8.670600008392922,47.756560010237315],[8.67064000839297,47.75652001023732],[8.670660008393002,47.756480010237254],[8.670680008393026,47.7564600102373]]}},{"type":"Feature","properties":{"g":"Lohn (SH)","r":300},"geometry":{"type":"LineString","coordinates":[[8.670680008393026,47.7564600102373],[8.670710008393053,47.7564800102373],[8.670750008393084,47.756490010237265],[8.67080000839313,47.75650001023726],[8.670940008393252,47.756540010237224],[8.671060008393356,47.75656001023719],[8.671140008393426,47.75657001023719],[8.671220008393497,47.75658001023715],[8.671280008393557,47.756570010237134],[8.671330008393603,47.756570010237134],[8.67135000839363,47.75657001023713],[8.671380008393657,47.75656001023709],[8.671410008393691,47.75655001023709],[8.67143000839371,47.7565500102371]]}},{"type":"Feature","properties":{"g":"Lohn (SH)","r":300},"geometry":{"type":"LineString","coordinates":[[8.669750008392358,47.75584001023742],[8.669580008392241,47.755710010237415],[8.669440008392145,47.75560001023742],[8.66924000839201,47.75545001023744],[8.66899000839184,47.75524001023747],[8.66887000839176,47.75514001023748],[8.668840008391742,47.7551100102375],[8.66882000839173,47.75508001023746],[8.668790008391712,47.755060010237486],[8.668780008391705,47.755050010237476],[8.66867000839162,47.75500001023749]]}},{"type":"Feature","properties":{"g":"Lohn (SH)","r":300},"geometry":{"type":"LineString","coordinates":[[8.67143000839371,47.7565500102371],[8.671460008393737,47.75654001023705],[8.671480008393766,47.75653001023702],[8.671510008393794,47.756520010237054],[8.671550008393842,47.75648001023701],[8.671590008393887,47.75646001023698],[8.671650008393954,47.756430010236976],[8.671710008394022,47.756390010236956],[8.671780008394105,47.756350010236915],[8.671830008394162,47.756320010236905],[8.671870008394217,47.756280010236864],[8.6719400083943,47.756210010236856],[8.672170008394598,47.75597001023668]]}},{"type":"Feature","properties":{"g":"Lohn (SH)","r":300},"geometry":{"type":"LineString","coordinates":[[8.672170008394598,47.75597001023668],[8.67222000839467,47.755910010236654],[8.672280008394738,47.75586001023667],[8.672350008394831,47.755790010236595],[8.672390008394881,47.755760010236585]]}},{"type":"Feature","properties":{"g":"Löhningen","r":300},"geometry":{"type":"LineString","coordinates":[[8.556948285807623,47.70126218028792],[8.556830008303077,47.70129001025619]]}},{"type":"Feature","properties":{"g":"Löhningen","r":300},"geometry":{"type":"LineString","coordinates":[[8.556830008303077,47.70129001025619],[8.556540008302779,47.7013500102563]]}},{"type":"Feature","properties":{"g":"Löhningen","r":300},"geometry":{"type":"LineString","coordinates":[[8.556540008302779,47.7013500102563],[8.556370008302599,47.70139001025635]]}},{"type":"Feature","properties":{"g":"Löhningen","r":300},"geometry":{"type":"LineString","coordinates":[[8.556350008302589,47.70139001025639],[8.556250008302483,47.70142001025644]]}},{"type":"Feature","properties":{"g":"Löhningen","r":300},"geometry":{"type":"LineString","coordinates":[[8.556250008302483,47.70142001025644],[8.556100008302334,47.70144001025645]]}},{"type":"Feature","properties":{"g":"Löhningen","r":300},"geometry":{"type":"LineString","coordinates":[[8.556100008302334,47.70144001025645],[8.55596000830219,47.701460010256504]]}},{"type":"Feature","properties":{"g":"Löhningen","r":300},"geometry":{"type":"LineString","coordinates":[[8.55596000830219,47.701460010256504],[8.555830008302065,47.70147001025652]]}},{"type":"Feature","properties":{"g":"Löhningen","r":300},"geometry":{"type":"LineString","coordinates":[[8.555830008302065,47.70147001025652],[8.555640008301882,47.70148001025661]]}},{"type":"Feature","properties":{"g":"Löhningen","r":300},"geometry":{"type":"LineString","coordinates":[[8.555640008301882,47.70148001025661],[8.555430008301677,47.701490010256656]]}},{"type":"Feature","properties":{"g":"Löhningen","r":300},"geometry":{"type":"LineString","coordinates":[[8.555430008301677,47.701490010256656],[8.555180008301434,47.701490010256705]]}},{"type":"Feature","properties":{"g":"Löhningen","r":300},"geometry":{"type":"LineString","coordinates":[[8.555180008301434,47.701490010256705],[8.554960008301224,47.7014900102568]]}},{"type":"Feature","properties":{"g":"Löhningen","r":300},"geometry":{"type":"LineString","coordinates":[[8.554960008301224,47.7014900102568],[8.55460000830089,47.701470010256905]]}},{"type":"Feature","properties":{"g":"Löhningen","r":300},"geometry":{"type":"LineString","coordinates":[[8.55460000830089,47.701470010256905],[8.55426000830057,47.70145001025699]]}},{"type":"Feature","properties":{"g":"Löhningen","r":300},"geometry":{"type":"LineString","coordinates":[[8.55426000830057,47.70145001025699],[8.553760008300106,47.701410010257156]]}},{"type":"Feature","properties":{"g":"Löhningen","r":300},"geometry":{"type":"LineString","coordinates":[[8.553760008300106,47.701410010257156],[8.553240008299628,47.70136001025724]]}},{"type":"Feature","properties":{"g":"Löhningen","r":300},"geometry":{"type":"LineString","coordinates":[[8.553240008299628,47.70136001025724],[8.553040008299444,47.70133001025731]]}},{"type":"Feature","properties":{"g":"Löhningen","r":300},"geometry":{"type":"LineString","coordinates":[[8.553040008299444,47.70133001025731],[8.552880008299296,47.701310010257316]]}},{"type":"Feature","properties":{"g":"Löhningen","r":300},"geometry":{"type":"LineString","coordinates":[[8.552880008299296,47.701310010257316],[8.552660008299092,47.70128001025742]]}},{"type":"Feature","properties":{"g":"Löhningen","r":300},"geometry":{"type":"LineString","coordinates":[[8.552660008299092,47.70128001025742],[8.552530008298978,47.70126001025745]]}},{"type":"Feature","properties":{"g":"Löhningen","r":300},"geometry":{"type":"LineString","coordinates":[[8.552530008298978,47.70126001025745],[8.552410008298873,47.70124001025747]]}},{"type":"Feature","properties":{"g":"Löhningen","r":300},"geometry":{"type":"LineString","coordinates":[[8.552410008298873,47.70124001025747],[8.552250008298728,47.70122001025752]]}},{"type":"Feature","properties":{"g":"Löhningen","r":300},"geometry":{"type":"LineString","coordinates":[[8.552250008298728,47.70122001025752],[8.552020008298514,47.70118001025758]]}},{"type":"Feature","properties":{"g":"Löhningen","r":300},"geometry":{"type":"LineString","coordinates":[[8.552020008298514,47.70118001025758],[8.551770008298288,47.70114001025765]]}},{"type":"Feature","properties":{"g":"Löhningen","r":300},"geometry":{"type":"LineString","coordinates":[[8.551770008298288,47.70114001025765],[8.55163000829816,47.701130010257685]]}},{"type":"Feature","properties":{"g":"Löhningen","r":300},"geometry":{"type":"LineString","coordinates":[[8.55163000829816,47.701130010257685],[8.551410008297957,47.70111001025773]]}},{"type":"Feature","properties":{"g":"Löhningen","r":300},"geometry":{"type":"LineString","coordinates":[[8.551410008297957,47.70111001025773],[8.551140008297702,47.7011000102578]]}},{"type":"Feature","properties":{"g":"Löhningen","r":300},"geometry":{"type":"LineString","coordinates":[[8.551140008297702,47.7011000102578],[8.550800008297381,47.70109001025792]]}},{"type":"Feature","properties":{"g":"Löhningen","r":300},"geometry":{"type":"LineString","coordinates":[[8.550800008297381,47.70109001025792],[8.550500008297085,47.70110001025802]]}},{"type":"Feature","properties":{"g":"Löhningen","r":300},"geometry":{"type":"LineString","coordinates":[[8.550500008297085,47.70110001025802],[8.550260008296858,47.701110010258056]]}},{"type":"Feature","properties":{"g":"Löhningen","r":300},"geometry":{"type":"LineString","coordinates":[[8.550260008296858,47.701110010258056],[8.550030008296634,47.701110010258155]]}},{"type":"Feature","properties":{"g":"Löhningen","r":300},"geometry":{"type":"LineString","coordinates":[[8.550030008296634,47.701110010258155],[8.549890008296503,47.70111001025819]]}},{"type":"Feature","properties":{"g":"Löhningen","r":300},"geometry":{"type":"LineString","coordinates":[[8.549890008296503,47.70111001025819],[8.549780008296397,47.70112001025822]]}},{"type":"Feature","properties":{"g":"Löhningen","r":300},"geometry":{"type":"LineString","coordinates":[[8.549780008296397,47.70112001025822],[8.54961000829623,47.701120010258315]]}},{"type":"Feature","properties":{"g":"Löhningen","r":300},"geometry":{"type":"LineString","coordinates":[[8.54961000829623,47.701120010258315],[8.549450008296075,47.701130010258304]]}},{"type":"Feature","properties":{"g":"Löhningen","r":300},"geometry":{"type":"LineString","coordinates":[[8.549450008296075,47.701130010258304],[8.549376216152563,47.70113703812655]]}},{"type":"Feature","properties":{"g":"Merishausen","r":100},"geometry":{"type":"LineString","coordinates":[[8.609914622619065,47.759647513869545],[8.609880008334356,47.759760010256194]]}},{"type":"Feature","properties":{"g":"Merishausen","r":100},"geometry":{"type":"LineString","coordinates":[[8.609880008334356,47.759760010256194],[8.609800008334213,47.75997001025629]]}},{"type":"Feature","properties":{"g":"Merishausen","r":100},"geometry":{"type":"LineString","coordinates":[[8.609800008334213,47.75997001025629],[8.609760008334133,47.760090010256356]]}},{"type":"Feature","properties":{"g":"Merishausen","r":100},"geometry":{"type":"LineString","coordinates":[[8.60969000833401,47.76027001025641],[8.609620008333897,47.76040001025645]]}},{"type":"Feature","properties":{"g":"Merishausen","r":100},"geometry":{"type":"LineString","coordinates":[[8.609620008333897,47.76040001025645],[8.609460008333667,47.760640010256616]]}},{"type":"Feature","properties":{"g":"Merishausen","r":100},"geometry":{"type":"LineString","coordinates":[[8.609460008333667,47.760640010256616],[8.609380008333552,47.760760010256625]]}},{"type":"Feature","properties":{"g":"Merishausen","r":100},"geometry":{"type":"LineString","coordinates":[[8.609380008333552,47.760760010256625],[8.609310008333448,47.76088001025672]]}},{"type":"Feature","properties":{"g":"Merishausen","r":100},"geometry":{"type":"LineString","coordinates":[[8.609310008333448,47.76088001025672],[8.609240008333344,47.76098001025671]]}},{"type":"Feature","properties":{"g":"Merishausen","r":100},"geometry":{"type":"LineString","coordinates":[[8.609240008333344,47.76098001025671],[8.609160008333225,47.76109001025675]]}},{"type":"Feature","properties":{"g":"Merishausen","r":100},"geometry":{"type":"LineString","coordinates":[[8.609160008333225,47.76109001025675],[8.609080008333127,47.761190010256826]]}},{"type":"Feature","properties":{"g":"Merishausen","r":100},"geometry":{"type":"LineString","coordinates":[[8.609080008333127,47.761190010256826],[8.609000008333012,47.76129001025688]]}},{"type":"Feature","properties":{"g":"Merishausen","r":300},"geometry":{"type":"LineString","coordinates":[[8.610719757638114,47.7566202611009],[8.610630008336075,47.75671001025513]]}},{"type":"Feature","properties":{"g":"Merishausen","r":300},"geometry":{"type":"LineString","coordinates":[[8.610630008336075,47.75671001025513],[8.610540008335963,47.75681001025525]]}},{"type":"Feature","properties":{"g":"Merishausen","r":300},"geometry":{"type":"LineString","coordinates":[[8.610540008335963,47.75681001025525],[8.610450008335842,47.756910010255275]]}},{"type":"Feature","properties":{"g":"Merishausen","r":300},"geometry":{"type":"LineString","coordinates":[[8.610450008335842,47.756910010255275],[8.610340008335688,47.75705001025535]]}},{"type":"Feature","properties":{"g":"Merishausen","r":300},"geometry":{"type":"LineString","coordinates":[[8.610340008335688,47.75705001025535],[8.610270008335588,47.757160010255426]]}},{"type":"Feature","properties":{"g":"Merishausen","r":300},"geometry":{"type":"LineString","coordinates":[[8.610270008335588,47.757160010255426],[8.610200008335473,47.75731001025547]]}},{"type":"Feature","properties":{"g":"Merishausen","r":300},"geometry":{"type":"LineString","coordinates":[[8.610200008335473,47.75731001025547],[8.610140008335376,47.75744001025553]]}},{"type":"Feature","properties":{"g":"Merishausen","r":300},"geometry":{"type":"LineString","coordinates":[[8.610140008335376,47.75744001025553],[8.610110008335313,47.75753001025556]]}},{"type":"Feature","properties":{"g":"Merishausen","r":300},"geometry":{"type":"LineString","coordinates":[[8.610110008335313,47.75753001025556],[8.610090008335264,47.75763001025562]]}},{"type":"Feature","properties":{"g":"Merishausen","r":300},"geometry":{"type":"LineString","coordinates":[[8.610090008335264,47.75763001025562],[8.610080008335215,47.757740010255645]]}},{"type":"Feature","properties":{"g":"Merishausen","r":300},"geometry":{"type":"LineString","coordinates":[[8.610080008335215,47.757740010255645],[8.610060008335147,47.757900010255696]]}},{"type":"Feature","properties":{"g":"Merishausen","r":300},"geometry":{"type":"LineString","coordinates":[[8.610060008335147,47.757900010255696],[8.610020008334955,47.75836001025584]]}},{"type":"Feature","properties":{"g":"Merishausen","r":300},"geometry":{"type":"LineString","coordinates":[[8.610020008334953,47.75838001025581],[8.610000008334856,47.75861001025587]]}},{"type":"Feature","properties":{"g":"Merishausen","r":300},"geometry":{"type":"LineString","coordinates":[[8.610000008334856,47.75861001025587],[8.609980008334782,47.758770010255915]]}},{"type":"Feature","properties":{"g":"Merishausen","r":300},"geometry":{"type":"LineString","coordinates":[[8.609980008334782,47.758770010255915],[8.60997000833472,47.75892001025598]]}},{"type":"Feature","properties":{"g":"Merishausen","r":300},"geometry":{"type":"LineString","coordinates":[[8.60997000833472,47.75892001025598],[8.609960008334635,47.75915001025599]]}},{"type":"Feature","properties":{"g":"Merishausen","r":300},"geometry":{"type":"LineString","coordinates":[[8.609960008334635,47.75915001025599],[8.609950008334545,47.7593900102561]]}},{"type":"Feature","properties":{"g":"Merishausen","r":300},"geometry":{"type":"LineString","coordinates":[[8.609950008334545,47.7593900102561],[8.609950008334527,47.75944001025612]]}},{"type":"Feature","properties":{"g":"Merishausen","r":300},"geometry":{"type":"LineString","coordinates":[[8.609950008334527,47.75944001025612],[8.609950008334504,47.75951001025616]]}},{"type":"Feature","properties":{"g":"Merishausen","r":300},"geometry":{"type":"LineString","coordinates":[[8.609940008334481,47.75955001025614],[8.609920008334438,47.75963001025618]]}},{"type":"Feature","properties":{"g":"Merishausen","r":300},"geometry":{"type":"LineString","coordinates":[[8.609920008334438,47.75963001025618],[8.609880008334356,47.759760010256194]]}},{"type":"Feature","properties":{"g":"Merishausen","r":300},"geometry":{"type":"LineString","coordinates":[[8.609880008334356,47.759760010256194],[8.609800008334213,47.75997001025629]]}},{"type":"Feature","properties":{"g":"Merishausen","r":300},"geometry":{"type":"LineString","coordinates":[[8.609800008334213,47.75997001025629],[8.609760008334133,47.760090010256356]]}},{"type":"Feature","properties":{"g":"Merishausen","r":300},"geometry":{"type":"LineString","coordinates":[[8.60969000833401,47.76027001025641],[8.609620008333897,47.76040001025645]]}},{"type":"Feature","properties":{"g":"Merishausen","r":300},"geometry":{"type":"LineString","coordinates":[[8.609620008333897,47.76040001025645],[8.609460008333667,47.760640010256616]]}},{"type":"Feature","properties":{"g":"Merishausen","r":300},"geometry":{"type":"LineString","coordinates":[[8.609460008333667,47.760640010256616],[8.609380008333552,47.760760010256625]]}},{"type":"Feature","properties":{"g":"Merishausen","r":300},"geometry":{"type":"LineString","coordinates":[[8.609380008333552,47.760760010256625],[8.609310008333448,47.76088001025672]]}},{"type":"Feature","properties":{"g":"Merishausen","r":300},"geometry":{"type":"LineString","coordinates":[[8.609310008333448,47.76088001025672],[8.609240008333344,47.76098001025671]]}},{"type":"Feature","properties":{"g":"Merishausen","r":300},"geometry":{"type":"LineString","coordinates":[[8.609240008333344,47.76098001025671],[8.609160008333225,47.76109001025675]]}},{"type":"Feature","properties":{"g":"Merishausen","r":300},"geometry":{"type":"LineString","coordinates":[[8.609160008333225,47.76109001025675],[8.609080008333127,47.761190010256826]]}},{"type":"Feature","properties":{"g":"Merishausen","r":300},"geometry":{"type":"LineString","coordinates":[[8.609080008333127,47.761190010256826],[8.609000008333012,47.76129001025688]]}},{"type":"Feature","properties":{"g":"Merishausen","r":300},"geometry":{"type":"LineString","coordinates":[[8.609000008333012,47.76129001025688],[8.608950008332952,47.76134001025693]]}},{"type":"Feature","properties":{"g":"Merishausen","r":300},"geometry":{"type":"LineString","coordinates":[[8.608950008332952,47.76134001025693],[8.608900008332883,47.76139001025693]]}},{"type":"Feature","properties":{"g":"Merishausen","r":300},"geometry":{"type":"LineString","coordinates":[[8.608900008332883,47.76139001025693],[8.608860008332828,47.761450010256944]]}},{"type":"Feature","properties":{"g":"Merishausen","r":300},"geometry":{"type":"LineString","coordinates":[[8.608860008332828,47.761450010256944],[8.608810008332751,47.76153001025702]]}},{"type":"Feature","properties":{"g":"Merishausen","r":300},"geometry":{"type":"LineString","coordinates":[[8.608810008332751,47.76153001025702],[8.608760008332675,47.76163001025702]]}},{"type":"Feature","properties":{"g":"Merishausen","r":300},"geometry":{"type":"LineString","coordinates":[[8.608760008332675,47.76163001025702],[8.608740008332632,47.76170001025706]]}},{"type":"Feature","properties":{"g":"Merishausen","r":300},"geometry":{"type":"LineString","coordinates":[[8.608740008332632,47.76170001025706],[8.608720008332584,47.76178001025709]]}},{"type":"Feature","properties":{"g":"Merishausen","r":300},"geometry":{"type":"LineString","coordinates":[[8.608720008332584,47.76178001025709],[8.608620008332373,47.762140010257184]]}},{"type":"Feature","properties":{"g":"Merishausen","r":300},"geometry":{"type":"LineString","coordinates":[[8.608620008332373,47.762140010257184],[8.608480008332062,47.76267001025742]]}},{"type":"Feature","properties":{"g":"Merishausen","r":300},"geometry":{"type":"LineString","coordinates":[[8.608480008332062,47.76267001025742],[8.608430008331958,47.762840010257456]]}},{"type":"Feature","properties":{"g":"Merishausen","r":300},"geometry":{"type":"LineString","coordinates":[[8.608430008331958,47.762840010257456],[8.608390008331877,47.76296001025753]]}},{"type":"Feature","properties":{"g":"Merishausen","r":300},"geometry":{"type":"LineString","coordinates":[[8.608390008331877,47.76296001025753],[8.608352654108174,47.763053396106365]]}},{"type":"Feature","properties":{"g":"Neuhausen am Rheinfall","r":100},"geometry":{"type":"LineString","coordinates":[[8.616812176780622,47.680834949955795],[8.616730008366922,47.68082001023295],[8.616720008366917,47.68082001023293]]}},{"type":"Feature","properties":{"g":"Neuhausen am Rheinfall","r":100},"geometry":{"type":"LineString","coordinates":[[8.623330656146688,47.692684442741324],[8.623450008369419,47.692700010234226]]}},{"type":"Feature","properties":{"g":"Neuhausen am Rheinfall","r":100},"geometry":{"type":"LineString","coordinates":[[8.623450008369419,47.692700010234226],[8.623650008369603,47.69271001023419]]}},{"type":"Feature","properties":{"g":"Neuhausen am Rheinfall","r":100},"geometry":{"type":"LineString","coordinates":[[8.622368538487938,47.68965470923522],[8.622360008369354,47.689740010233734]]}},{"type":"Feature","properties":{"g":"Neuhausen am Rheinfall","r":100},"geometry":{"type":"LineString","coordinates":[[8.622360008369354,47.689740010233734],[8.622310008369206,47.69005001023382]]}},{"type":"Feature","properties":{"g":"Neuhausen am Rheinfall","r":100},"geometry":{"type":"LineString","coordinates":[[8.622310008369206,47.69005001023382],[8.62228000836911,47.69024001023391]]}},{"type":"Feature","properties":{"g":"Neuhausen am Rheinfall","r":100},"geometry":{"type":"LineString","coordinates":[[8.622260008369087,47.69028001023393],[8.622200008368955,47.69049001023397]]}},{"type":"Feature","properties":{"g":"Neuhausen am Rheinfall","r":100},"geometry":{"type":"LineString","coordinates":[[8.622200008368955,47.69049001023397],[8.622137906182893,47.69065373458616]]}},{"type":"Feature","properties":{"g":"Neuhausen am Rheinfall","r":300},"geometry":{"type":"LineString","coordinates":[[8.61710000836725,47.68090001023284],[8.616930008367104,47.68086001023289],[8.616840008367022,47.68084001023292],[8.616730008366922,47.68082001023295],[8.616720008366917,47.68082001023293]]}},{"type":"Feature","properties":{"g":"Neuhausen am Rheinfall","r":300},"geometry":{"type":"LineString","coordinates":[[8.617420008367107,47.68227001023314],[8.617460008367155,47.682220010233095],[8.617490008367207,47.682180010233076],[8.617510008367232,47.682160010233105],[8.617570008367304,47.68212001023307],[8.617630008367364,47.682090010233054],[8.617670008367412,47.682060010233],[8.617760008367522,47.68200001023301],[8.617800008367567,47.68197001023297],[8.617830008367607,47.68193001023294],[8.617850008367641,47.681900010232916],[8.617870008367671,47.6818600102329],[8.617880008367697,47.68182001023289],[8.617890008367707,47.681790010232874],[8.617890008367715,47.68177001023286],[8.617890008367727,47.68174001023284],[8.617890008367743,47.681690010232835],[8.617880008367747,47.68165001023283],[8.617870008367756,47.68160001023283],[8.61785000836775,47.68156001023281],[8.617820008367735,47.68152001023284],[8.617770008367705,47.68146001023279],[8.617700008367658,47.68140001023283],[8.617600008367587,47.681330010232834],[8.617470008367487,47.68125001023283],[8.617360008367413,47.68118001023287],[8.617280008367345,47.681140010232866],[8.61723000836731,47.68111001023286],[8.617180008367269,47.68107001023288],[8.617140008367256,47.68100001023289],[8.61710000836725,47.68090001023284]]}},{"type":"Feature","properties":{"g":"Neuhausen am Rheinfall","r":300},"geometry":{"type":"LineString","coordinates":[[8.613225758345367,47.683463043949516],[8.613860008363389,47.68327001023447]]}},{"type":"Feature","properties":{"g":"Neuhausen am Rheinfall","r":300},"geometry":{"type":"LineString","coordinates":[[8.613860008363389,47.68327001023447],[8.614020008363559,47.68323001023439]]}},{"type":"Feature","properties":{"g":"Neuhausen am Rheinfall","r":300},"geometry":{"type":"LineString","coordinates":[[8.614020008363559,47.68323001023439],[8.614190008363735,47.68318001023435]]}},{"type":"Feature","properties":{"g":"Neuhausen am Rheinfall","r":300},"geometry":{"type":"LineString","coordinates":[[8.614190008363735,47.68318001023435],[8.614550008364109,47.6830700102342]]}},{"type":"Feature","properties":{"g":"Neuhausen am Rheinfall","r":300},"geometry":{"type":"LineString","coordinates":[[8.614550008364109,47.6830700102342],[8.615060008364647,47.68291001023399]]}},{"type":"Feature","properties":{"g":"Neuhausen am Rheinfall","r":300},"geometry":{"type":"LineString","coordinates":[[8.615060008364647,47.68291001023399],[8.615530008365143,47.68276001023387]]}},{"type":"Feature","properties":{"g":"Neuhausen am Rheinfall","r":300},"geometry":{"type":"LineString","coordinates":[[8.615530008365143,47.68276001023387],[8.615880008365512,47.68265001023372]]}},{"type":"Feature","properties":{"g":"Neuhausen am Rheinfall","r":300},"geometry":{"type":"LineString","coordinates":[[8.615880008365512,47.68265001023372],[8.616580008366256,47.68244001023345]]}},{"type":"Feature","properties":{"g":"Neuhausen am Rheinfall","r":300},"geometry":{"type":"LineString","coordinates":[[8.616580008366256,47.68244001023345],[8.616900008366585,47.68234001023333]]}},{"type":"Feature","properties":{"g":"Neuhausen am Rheinfall","r":300},"geometry":{"type":"LineString","coordinates":[[8.616900008366585,47.68234001023333],[8.617060008366755,47.68230001023327]]}},{"type":"Feature","properties":{"g":"Neuhausen am Rheinfall","r":300},"geometry":{"type":"LineString","coordinates":[[8.617060008366755,47.68230001023327],[8.617140008366839,47.68228001023326]]}},{"type":"Feature","properties":{"g":"Neuhausen am Rheinfall","r":300},"geometry":{"type":"LineString","coordinates":[[8.617140008366839,47.68228001023326],[8.617220008366917,47.68227001023324]]}},{"type":"Feature","properties":{"g":"Neuhausen am Rheinfall","r":300},"geometry":{"type":"LineString","coordinates":[[8.617220008366917,47.68227001023324],[8.617330008367022,47.68226001023317]]}},{"type":"Feature","properties":{"g":"Neuhausen am Rheinfall","r":300},"geometry":{"type":"LineString","coordinates":[[8.617330008367022,47.68226001023317],[8.617420008367107,47.68227001023314]]}},{"type":"Feature","properties":{"g":"Neuhausen am Rheinfall","r":300},"geometry":{"type":"LineString","coordinates":[[8.617420008367107,47.68227001023314],[8.617490008367172,47.68229001023314]]}},{"type":"Feature","properties":{"g":"Neuhausen am Rheinfall","r":300},"geometry":{"type":"LineString","coordinates":[[8.617490008367172,47.68229001023314],[8.617580008367243,47.682330010233116]]}},{"type":"Feature","properties":{"g":"Neuhausen am Rheinfall","r":300},"geometry":{"type":"LineString","coordinates":[[8.617580008367243,47.682330010233116],[8.617680008367323,47.68238001023308]]}},{"type":"Feature","properties":{"g":"Neuhausen am Rheinfall","r":300},"geometry":{"type":"LineString","coordinates":[[8.617680008367323,47.68238001023308],[8.617790008367397,47.6824600102331]]}},{"type":"Feature","properties":{"g":"Neuhausen am Rheinfall","r":300},"geometry":{"type":"LineString","coordinates":[[8.617790008367397,47.6824600102331],[8.617920008367493,47.68255001023306]]}},{"type":"Feature","properties":{"g":"Neuhausen am Rheinfall","r":300},"geometry":{"type":"LineString","coordinates":[[8.617920008367493,47.68255001023306],[8.61806000836759,47.682660010233064]]}},{"type":"Feature","properties":{"g":"Neuhausen am Rheinfall","r":300},"geometry":{"type":"LineString","coordinates":[[8.61806000836759,47.682660010233064],[8.61827000836773,47.68284001023302]]}},{"type":"Feature","properties":{"g":"Neuhausen am Rheinfall","r":300},"geometry":{"type":"LineString","coordinates":[[8.61827000836773,47.68284001023302],[8.618470008367858,47.68303001023303]]}},{"type":"Feature","properties":{"g":"Neuhausen am Rheinfall","r":300},"geometry":{"type":"LineString","coordinates":[[8.618470008367858,47.68303001023303],[8.618790008368068,47.68332001023302]]}},{"type":"Feature","properties":{"g":"Neuhausen am Rheinfall","r":300},"geometry":{"type":"LineString","coordinates":[[8.618790008368068,47.68332001023302],[8.619190008368326,47.68369001023302]]}},{"type":"Feature","properties":{"g":"Neuhausen am Rheinfall","r":300},"geometry":{"type":"LineString","coordinates":[[8.619190008368326,47.68369001023302],[8.619740008368684,47.68420001023301]]}},{"type":"Feature","properties":{"g":"Neuhausen am Rheinfall","r":300},"geometry":{"type":"LineString","coordinates":[[8.619740008368684,47.68420001023301],[8.619820008368734,47.68428001023299]]}},{"type":"Feature","properties":{"g":"Neuhausen am Rheinfall","r":300},"geometry":{"type":"LineString","coordinates":[[8.619820008368734,47.68428001023299],[8.620050008368867,47.68455001023299]]}},{"type":"Feature","properties":{"g":"Neuhausen am Rheinfall","r":300},"geometry":{"type":"LineString","coordinates":[[8.620050008368867,47.68455001023299],[8.620390008369059,47.68494001023298]]}},{"type":"Feature","properties":{"g":"Neuhausen am Rheinfall","r":300},"geometry":{"type":"LineString","coordinates":[[8.620390008369059,47.68494001023298],[8.620650008369205,47.68524001023302]]}},{"type":"Feature","properties":{"g":"Neuhausen am Rheinfall","r":300},"geometry":{"type":"LineString","coordinates":[[8.620650008369205,47.68524001023302],[8.620710008369239,47.68532001023301]]}},{"type":"Feature","properties":{"g":"Neuhausen am Rheinfall","r":300},"geometry":{"type":"LineString","coordinates":[[8.620710008369239,47.68532001023301],[8.620800008369288,47.685430010233]]}},{"type":"Feature","properties":{"g":"Neuhausen am Rheinfall","r":300},"geometry":{"type":"LineString","coordinates":[[8.620800008369288,47.685430010233],[8.620970008369364,47.68569001023301]]}},{"type":"Feature","properties":{"g":"Neuhausen am Rheinfall","r":300},"geometry":{"type":"LineString","coordinates":[[8.620970008369364,47.68569001023301],[8.621040008369398,47.685780010232996]]}},{"type":"Feature","properties":{"g":"Neuhausen am Rheinfall","r":300},"geometry":{"type":"LineString","coordinates":[[8.621040008369398,47.685780010232996],[8.62119000836947,47.685990010233034]]}},{"type":"Feature","properties":{"g":"Neuhausen am Rheinfall","r":300},"geometry":{"type":"LineString","coordinates":[[8.62119000836947,47.685990010233034],[8.621390008369568,47.68628001023311]]}},{"type":"Feature","properties":{"g":"Neuhausen am Rheinfall","r":300},"geometry":{"type":"LineString","coordinates":[[8.621390008369568,47.68628001023311],[8.621550008369645,47.686510010233114]]}},{"type":"Feature","properties":{"g":"Neuhausen am Rheinfall","r":300},"geometry":{"type":"LineString","coordinates":[[8.621550008369645,47.686510010233114],[8.621740008369743,47.68676001023308]]}},{"type":"Feature","properties":{"g":"Neuhausen am Rheinfall","r":300},"geometry":{"type":"LineString","coordinates":[[8.621740008369743,47.68676001023308],[8.622070008369912,47.68721001023312]]}},{"type":"Feature","properties":{"g":"Neuhausen am Rheinfall","r":300},"geometry":{"type":"LineString","coordinates":[[8.622070008369912,47.68721001023312],[8.62216000836996,47.68732001023316]]}},{"type":"Feature","properties":{"g":"Neuhausen am Rheinfall","r":300},"geometry":{"type":"LineString","coordinates":[[8.62216000836996,47.68732001023316],[8.622340008370058,47.68753001023315]]}},{"type":"Feature","properties":{"g":"Neuhausen am Rheinfall","r":300},"geometry":{"type":"LineString","coordinates":[[8.603815981220524,47.67838499902976],[8.603900008355492,47.67842001023607]]}},{"type":"Feature","properties":{"g":"Neuhausen am Rheinfall","r":300},"geometry":{"type":"LineString","coordinates":[[8.603900008355492,47.67842001023607],[8.604030008355595,47.67847001023607]]}},{"type":"Feature","properties":{"g":"Neuhausen am Rheinfall","r":300},"geometry":{"type":"LineString","coordinates":[[8.604030008355595,47.67847001023607],[8.604260008355794,47.67854001023604]]}},{"type":"Feature","properties":{"g":"Neuhausen am Rheinfall","r":300},"geometry":{"type":"LineString","coordinates":[[8.604260008355794,47.67854001023604],[8.60434000835586,47.67858001023599]]}},{"type":"Feature","properties":{"g":"Neuhausen am Rheinfall","r":300},"geometry":{"type":"LineString","coordinates":[[8.60434000835586,47.67858001023599],[8.604420008355925,47.67860001023597]]}},{"type":"Feature","properties":{"g":"Neuhausen am Rheinfall","r":300},"geometry":{"type":"LineString","coordinates":[[8.604420008355925,47.67860001023597],[8.604560008356044,47.678640010235966]]}},{"type":"Feature","properties":{"g":"Neuhausen am Rheinfall","r":300},"geometry":{"type":"LineString","coordinates":[[8.604560008356044,47.678640010235966],[8.604750008356204,47.678710010235896]]}},{"type":"Feature","properties":{"g":"Neuhausen am Rheinfall","r":300},"geometry":{"type":"LineString","coordinates":[[8.604750008356204,47.678710010235896],[8.604950008356372,47.67878001023585]]}},{"type":"Feature","properties":{"g":"Neuhausen am Rheinfall","r":300},"geometry":{"type":"LineString","coordinates":[[8.604950008356372,47.67878001023585],[8.605160008356544,47.67887001023585]]}},{"type":"Feature","properties":{"g":"Neuhausen am Rheinfall","r":300},"geometry":{"type":"LineString","coordinates":[[8.605160008356544,47.67887001023585],[8.605320008356674,47.67894001023581]]}},{"type":"Feature","properties":{"g":"Neuhausen am Rheinfall","r":300},"geometry":{"type":"LineString","coordinates":[[8.605320008356674,47.67894001023581],[8.605410008356747,47.67898001023579]]}},{"type":"Feature","properties":{"g":"Neuhausen am Rheinfall","r":300},"geometry":{"type":"LineString","coordinates":[[8.605410008356747,47.67898001023579],[8.605530008356837,47.67905001023577]]}},{"type":"Feature","properties":{"g":"Neuhausen am Rheinfall","r":300},"geometry":{"type":"LineString","coordinates":[[8.605540008356849,47.67905001023576],[8.605680008356954,47.679130010235724]]}},{"type":"Feature","properties":{"g":"Neuhausen am Rheinfall","r":300},"geometry":{"type":"LineString","coordinates":[[8.605680008356954,47.679130010235724],[8.60577000835702,47.67918001023572]]}},{"type":"Feature","properties":{"g":"Neuhausen am Rheinfall","r":300},"geometry":{"type":"LineString","coordinates":[[8.60577000835702,47.67918001023572],[8.605860008357089,47.67924001023573]]}},{"type":"Feature","properties":{"g":"Neuhausen am Rheinfall","r":300},"geometry":{"type":"LineString","coordinates":[[8.605900008357114,47.67927001023577],[8.605970008357163,47.67933001023571]]}},{"type":"Feature","properties":{"g":"Neuhausen am Rheinfall","r":300},"geometry":{"type":"LineString","coordinates":[[8.605970008357163,47.67933001023571],[8.606220008357344,47.679520010235684]]}},{"type":"Feature","properties":{"g":"Neuhausen am Rheinfall","r":300},"geometry":{"type":"LineString","coordinates":[[8.606220008357344,47.679520010235684],[8.606520008357538,47.67978001023571]]}},{"type":"Feature","properties":{"g":"Neuhausen am Rheinfall","r":300},"geometry":{"type":"LineString","coordinates":[[8.606520008357538,47.67978001023571],[8.606970008357854,47.68015001023567]]}},{"type":"Feature","properties":{"g":"Neuhausen am Rheinfall","r":300},"geometry":{"type":"LineString","coordinates":[[8.606970008357854,47.68015001023567],[8.60716000835798,47.68030001023565]]}},{"type":"Feature","properties":{"g":"Neuhausen am Rheinfall","r":300},"geometry":{"type":"LineString","coordinates":[[8.60716000835798,47.68030001023565],[8.607460008358183,47.680560010235574]]}},{"type":"Feature","properties":{"g":"Neuhausen am Rheinfall","r":300},"geometry":{"type":"LineString","coordinates":[[8.607460008358183,47.680560010235574],[8.607590008358274,47.68066001023563]]}},{"type":"Feature","properties":{"g":"Neuhausen am Rheinfall","r":300},"geometry":{"type":"LineString","coordinates":[[8.607590008358274,47.68066001023563],[8.607650008358311,47.68072001023558]]}},{"type":"Feature","properties":{"g":"Neuhausen am Rheinfall","r":300},"geometry":{"type":"LineString","coordinates":[[8.607650008358311,47.68072001023558],[8.607760008358383,47.680810010235604]]}},{"type":"Feature","properties":{"g":"Neuhausen am Rheinfall","r":300},"geometry":{"type":"LineString","coordinates":[[8.607760008358383,47.680810010235604],[8.607960008358525,47.68096001023556]]}},{"type":"Feature","properties":{"g":"Neuhausen am Rheinfall","r":300},"geometry":{"type":"LineString","coordinates":[[8.607960008358525,47.68096001023556],[8.60811000835863,47.681090010235565]]}},{"type":"Feature","properties":{"g":"Neuhausen am Rheinfall","r":300},"geometry":{"type":"LineString","coordinates":[[8.60811000835863,47.681090010235565],[8.60828000835875,47.68123001023557]]}},{"type":"Feature","properties":{"g":"Neuhausen am Rheinfall","r":300},"geometry":{"type":"LineString","coordinates":[[8.60828000835875,47.68123001023557],[8.608500008358897,47.681400010235514]]}},{"type":"Feature","properties":{"g":"Neuhausen am Rheinfall","r":300},"geometry":{"type":"LineString","coordinates":[[8.608500008358897,47.681400010235514],[8.608650008359,47.68152001023552]]}},{"type":"Feature","properties":{"g":"Neuhausen am Rheinfall","r":300},"geometry":{"type":"LineString","coordinates":[[8.608650008359,47.68152001023552],[8.608890008359168,47.681710010235484]]}},{"type":"Feature","properties":{"g":"Neuhausen am Rheinfall","r":300},"geometry":{"type":"LineString","coordinates":[[8.608890008359168,47.681710010235484],[8.609040008359278,47.68182001023551]]}},{"type":"Feature","properties":{"g":"Neuhausen am Rheinfall","r":300},"geometry":{"type":"LineString","coordinates":[[8.609040008359278,47.68182001023551],[8.609170008359357,47.681930010235476]]}},{"type":"Feature","properties":{"g":"Neuhausen am Rheinfall","r":300},"geometry":{"type":"LineString","coordinates":[[8.609170008359357,47.681930010235476],[8.60927000835943,47.68201001023549]]}},{"type":"Feature","properties":{"g":"Neuhausen am Rheinfall","r":300},"geometry":{"type":"LineString","coordinates":[[8.60927000835943,47.68201001023549],[8.609350008359483,47.682080010235474]]}},{"type":"Feature","properties":{"g":"Neuhausen am Rheinfall","r":300},"geometry":{"type":"LineString","coordinates":[[8.609350008359483,47.682080010235474],[8.609540008359604,47.68226001023544]]}},{"type":"Feature","properties":{"g":"Neuhausen am Rheinfall","r":300},"geometry":{"type":"LineString","coordinates":[[8.609540008359604,47.68226001023544],[8.60972000835973,47.68240001023546]]}},{"type":"Feature","properties":{"g":"Neuhausen am Rheinfall","r":300},"geometry":{"type":"LineString","coordinates":[[8.622350008368421,47.692540010234474],[8.62250000836856,47.69256001023446]]}},{"type":"Feature","properties":{"g":"Neuhausen am Rheinfall","r":300},"geometry":{"type":"LineString","coordinates":[[8.62250000836856,47.69256001023446],[8.622790008368819,47.692610010234354]]}},{"type":"Feature","properties":{"g":"Neuhausen am Rheinfall","r":300},"geometry":{"type":"LineString","coordinates":[[8.622790008368819,47.692610010234354],[8.622990008369001,47.69264001023435]]}},{"type":"Feature","properties":{"g":"Neuhausen am Rheinfall","r":300},"geometry":{"type":"LineString","coordinates":[[8.622990008369001,47.69264001023435],[8.623450008369419,47.692700010234226]]}},{"type":"Feature","properties":{"g":"Neuhausen am Rheinfall","r":300},"geometry":{"type":"LineString","coordinates":[[8.623450008369419,47.692700010234226],[8.623650008369603,47.69271001023419]]}},{"type":"Feature","properties":{"g":"Neuhausen am Rheinfall","r":300},"geometry":{"type":"LineString","coordinates":[[8.621610008368162,47.69118001023434],[8.621670008368188,47.6912900102344]]}},{"type":"Feature","properties":{"g":"Neuhausen am Rheinfall","r":300},"geometry":{"type":"LineString","coordinates":[[8.621670008368188,47.6912900102344],[8.621690008368173,47.691390010234365]]}},{"type":"Feature","properties":{"g":"Neuhausen am Rheinfall","r":300},"geometry":{"type":"LineString","coordinates":[[8.621690008368173,47.691390010234365],[8.621710008368112,47.691630010234455]]}},{"type":"Feature","properties":{"g":"Neuhausen am Rheinfall","r":300},"geometry":{"type":"LineString","coordinates":[[8.621710008368112,47.691630010234455],[8.6217400083681,47.691770010234485]]}},{"type":"Feature","properties":{"g":"Neuhausen am Rheinfall","r":300},"geometry":{"type":"LineString","coordinates":[[8.6217400083681,47.691770010234485],[8.6218300083681,47.69201001023449]]}},{"type":"Feature","properties":{"g":"Neuhausen am Rheinfall","r":300},"geometry":{"type":"LineString","coordinates":[[8.6218300083681,47.69201001023449],[8.621930008368135,47.692200010234544]]}},{"type":"Feature","properties":{"g":"Neuhausen am Rheinfall","r":300},"geometry":{"type":"LineString","coordinates":[[8.621930008368135,47.692200010234544],[8.62203000836818,47.69235001023453]]}},{"type":"Feature","properties":{"g":"Neuhausen am Rheinfall","r":300},"geometry":{"type":"LineString","coordinates":[[8.62203000836818,47.69235001023453],[8.62213000836825,47.692440010234534]]}},{"type":"Feature","properties":{"g":"Neuhausen am Rheinfall","r":300},"geometry":{"type":"LineString","coordinates":[[8.62213000836825,47.692440010234534],[8.622230008368327,47.69249001023452]]}},{"type":"Feature","properties":{"g":"Neuhausen am Rheinfall","r":300},"geometry":{"type":"LineString","coordinates":[[8.622230008368327,47.69249001023452],[8.622350008368421,47.692540010234474]]}},{"type":"Feature","properties":{"g":"Neuhausen am Rheinfall","r":300},"geometry":{"type":"LineString","coordinates":[[8.622340008370058,47.68753001023315],[8.62239000837002,47.68779001023321]]}},{"type":"Feature","properties":{"g":"Neuhausen am Rheinfall","r":300},"geometry":{"type":"LineString","coordinates":[[8.62239000837002,47.68779001023321],[8.622430008370001,47.68797001023324]]}},{"type":"Feature","properties":{"g":"Neuhausen am Rheinfall","r":300},"geometry":{"type":"LineString","coordinates":[[8.622430008370001,47.68797001023324],[8.622470008369977,47.68818001023323]]}},{"type":"Feature","properties":{"g":"Neuhausen am Rheinfall","r":300},"geometry":{"type":"LineString","coordinates":[[8.622470008369977,47.68818001023323],[8.622490008369937,47.68834001023332]]}},{"type":"Feature","properties":{"g":"Neuhausen am Rheinfall","r":300},"geometry":{"type":"LineString","coordinates":[[8.622490008369937,47.68834001023332],[8.622500008369919,47.68843001023336]]}},{"type":"Feature","properties":{"g":"Neuhausen am Rheinfall","r":300},"geometry":{"type":"LineString","coordinates":[[8.622500008369919,47.68843001023336],[8.622500008369872,47.68856001023338]]}},{"type":"Feature","properties":{"g":"Neuhausen am Rheinfall","r":300},"geometry":{"type":"LineString","coordinates":[[8.622500008369872,47.68856001023338],[8.622490008369843,47.688640010233414]]}},{"type":"Feature","properties":{"g":"Neuhausen am Rheinfall","r":300},"geometry":{"type":"LineString","coordinates":[[8.622490008369827,47.6886800102334],[8.622470008369755,47.68884001023346]]}},{"type":"Feature","properties":{"g":"Neuhausen am Rheinfall","r":300},"geometry":{"type":"LineString","coordinates":[[8.622470008369755,47.68884001023346],[8.622450008369682,47.68900001023349]]}},{"type":"Feature","properties":{"g":"Neuhausen am Rheinfall","r":300},"geometry":{"type":"LineString","coordinates":[[8.622450008369682,47.68900001023349],[8.622380008369436,47.689540010233685]]}},{"type":"Feature","properties":{"g":"Neuhausen am Rheinfall","r":300},"geometry":{"type":"LineString","coordinates":[[8.622380008369436,47.689540010233685],[8.622360008369354,47.689740010233734]]}},{"type":"Feature","properties":{"g":"Neuhausen am Rheinfall","r":300},"geometry":{"type":"LineString","coordinates":[[8.622360008369354,47.689740010233734],[8.622310008369206,47.69005001023382]]}},{"type":"Feature","properties":{"g":"Neuhausen am Rheinfall","r":300},"geometry":{"type":"LineString","coordinates":[[8.622310008369206,47.69005001023382],[8.62228000836911,47.69024001023391]]}},{"type":"Feature","properties":{"g":"Neuhausen am Rheinfall","r":300},"geometry":{"type":"LineString","coordinates":[[8.622260008369087,47.69028001023393],[8.622200008368955,47.69049001023397]]}},{"type":"Feature","properties":{"g":"Neuhausen am Rheinfall","r":300},"geometry":{"type":"LineString","coordinates":[[8.622200008368955,47.69049001023397],[8.622090008368753,47.690780010234086]]}},{"type":"Feature","properties":{"g":"Neuhausen am Rheinfall","r":300},"geometry":{"type":"LineString","coordinates":[[8.622090008368753,47.690780010234086],[8.621930008368516,47.69104001023422]]}},{"type":"Feature","properties":{"g":"Neuhausen am Rheinfall","r":300},"geometry":{"type":"LineString","coordinates":[[8.621930008368516,47.69104001023422],[8.621790008368311,47.691270010234334]]}},{"type":"Feature","properties":{"g":"Neuhausen am Rheinfall","r":300},"geometry":{"type":"LineString","coordinates":[[8.621790008368311,47.691270010234334],[8.621740008368224,47.69138001023433]]}},{"type":"Feature","properties":{"g":"Neuhausen am Rheinfall","r":300},"geometry":{"type":"LineString","coordinates":[[8.621740008368224,47.69138001023433],[8.621710008368149,47.691510010234396]]}},{"type":"Feature","properties":{"g":"Neuhausen am Rheinfall","r":300},"geometry":{"type":"LineString","coordinates":[[8.621710008368149,47.691510010234396],[8.621710008368112,47.691630010234455]]}},{"type":"Feature","properties":{"g":"Neunkirch","r":100},"geometry":{"type":"LineString","coordinates":[[8.49987006039091,47.68951462715438],[8.500080008252525,47.68952001026958]]}},{"type":"Feature","properties":{"g":"Neunkirch","r":100},"geometry":{"type":"LineString","coordinates":[[8.500080008252525,47.68952001026958],[8.50026000825269,47.689530010269515]]}},{"type":"Feature","properties":{"g":"Neunkirch","r":100},"geometry":{"type":"LineString","coordinates":[[8.50026000825269,47.689530010269515],[8.500360008252787,47.68953001026949]]}},{"type":"Feature","properties":{"g":"Neunkirch","r":100},"geometry":{"type":"LineString","coordinates":[[8.500420008252844,47.68953001026946],[8.500600008253015,47.68954001026945],[8.500710008253119,47.68955001026941],[8.500790008253196,47.6895700102694],[8.50089000825328,47.68959001026936],[8.50099000825337,47.68962001026933],[8.501050008253412,47.68965001026932],[8.50111000825346,47.689680010269335],[8.50117000825351,47.6897100102693],[8.501230008253556,47.68975001026931],[8.501280008253591,47.68979001026928],[8.501310008253606,47.68982001026926],[8.501320008253602,47.68986001026928],[8.501330008253605,47.689890010269295],[8.501350008253592,47.69000001026929],[8.501370008253584,47.690070010269324],[8.501380008253573,47.69013001026934],[8.501400008253576,47.690190010269376],[8.501410008253568,47.69023001026935],[8.501430008253573,47.69027001026934],[8.501460008253598,47.69029001026936]]}},{"type":"Feature","properties":{"g":"Neunkirch","r":100},"geometry":{"type":"LineString","coordinates":[[8.501460008253598,47.69029001026936],[8.501410008253536,47.6903300102694],[8.50136000825348,47.69037001026944],[8.50134000825345,47.69039001026943],[8.501320008253415,47.690440010269455],[8.501310008253402,47.69047001026948],[8.501290008253367,47.69051001026947],[8.501250008253265,47.69071001026956],[8.501202956397389,47.6909452702946]]}},{"type":"Feature","properties":{"g":"Neunkirch","r":100},"geometry":{"type":"LineString","coordinates":[[8.500420008252844,47.68953001026946],[8.500430008252872,47.689470010269474]]}},{"type":"Feature","properties":{"g":"Neunkirch","r":100},"geometry":{"type":"LineString","coordinates":[[8.500430008252872,47.689470010269474],[8.500430008252899,47.689400010269445]]}},{"type":"Feature","properties":{"g":"Neunkirch","r":100},"geometry":{"type":"LineString","coordinates":[[8.500430008252899,47.689400010269445],[8.50046000825295,47.68932001026943]]}},{"type":"Feature","properties":{"g":"Neunkirch","r":100},"geometry":{"type":"LineString","coordinates":[[8.500480008252982,47.68928001026938],[8.500530008253042,47.68924001026932]]}},{"type":"Feature","properties":{"g":"Neunkirch","r":100},"geometry":{"type":"LineString","coordinates":[[8.500530008253042,47.68924001026932],[8.50059000825312,47.68919001026931]]}},{"type":"Feature","properties":{"g":"Neunkirch","r":100},"geometry":{"type":"LineString","coordinates":[[8.50059000825312,47.68919001026931],[8.500660008253194,47.68915001026927]]}},{"type":"Feature","properties":{"g":"Neunkirch","r":100},"geometry":{"type":"LineString","coordinates":[[8.500660008253194,47.68915001026927],[8.500750008253302,47.689120010269235]]}},{"type":"Feature","properties":{"g":"Neunkirch","r":100},"geometry":{"type":"LineString","coordinates":[[8.500750008253302,47.689120010269235],[8.500850008253398,47.68909001026925]]}},{"type":"Feature","properties":{"g":"Neunkirch","r":100},"geometry":{"type":"LineString","coordinates":[[8.500850008253398,47.68909001026925],[8.500930008253489,47.68906001026923]]}},{"type":"Feature","properties":{"g":"Neunkirch","r":100},"geometry":{"type":"LineString","coordinates":[[8.500930008253489,47.68906001026923],[8.501010008253575,47.68903001026916]]}},{"type":"Feature","properties":{"g":"Neunkirch","r":100},"geometry":{"type":"LineString","coordinates":[[8.501010008253575,47.68903001026916],[8.501100008253673,47.68899001026916]]}},{"type":"Feature","properties":{"g":"Neunkirch","r":100},"geometry":{"type":"LineString","coordinates":[[8.501100008253673,47.68899001026916],[8.501160008253748,47.68895001026909]]}},{"type":"Feature","properties":{"g":"Neunkirch","r":100},"geometry":{"type":"LineString","coordinates":[[8.501160008253748,47.68895001026909],[8.50123000825383,47.68891001026906]]}},{"type":"Feature","properties":{"g":"Neunkirch","r":100},"geometry":{"type":"LineString","coordinates":[[8.501460008253598,47.69029001026936],[8.501490008253631,47.690300010269404],[8.501540008253667,47.6903200102694],[8.501600008253721,47.69033001026935],[8.501690008253806,47.69034001026931],[8.501720008253839,47.69034001026932]]}},{"type":"Feature","properties":{"g":"Neunkirch","r":100},"geometry":{"type":"LineString","coordinates":[[8.50123000825383,47.68891001026906],[8.501280008253895,47.68886001026902]]}},{"type":"Feature","properties":{"g":"Neunkirch","r":100},"geometry":{"type":"LineString","coordinates":[[8.501280008253895,47.68886001026902],[8.501350008253981,47.688790010268995]]}},{"type":"Feature","properties":{"g":"Neunkirch","r":100},"geometry":{"type":"LineString","coordinates":[[8.501350008253981,47.688790010268995],[8.501440008254109,47.68866001026894]]}},{"type":"Feature","properties":{"g":"Neunkirch","r":100},"geometry":{"type":"LineString","coordinates":[[8.501440008254109,47.68866001026894],[8.501550008254252,47.688550010268855]]}},{"type":"Feature","properties":{"g":"Neunkirch","r":300},"geometry":{"type":"LineString","coordinates":[[8.49699000824937,47.69009001027064],[8.496980008249379,47.690030010270625]]}},{"type":"Feature","properties":{"g":"Neunkirch","r":300},"geometry":{"type":"LineString","coordinates":[[8.496980008249379,47.690030010270625],[8.496930008249427,47.68974001027053]]}},{"type":"Feature","properties":{"g":"Neunkirch","r":300},"geometry":{"type":"LineString","coordinates":[[8.496930008249427,47.68974001027053],[8.496900008249439,47.68961001027052]]}},{"type":"Feature","properties":{"g":"Neunkirch","r":300},"geometry":{"type":"LineString","coordinates":[[8.496900008249439,47.68961001027052],[8.497020008249567,47.68957001027047]]}},{"type":"Feature","properties":{"g":"Neunkirch","r":300},"geometry":{"type":"LineString","coordinates":[[8.497020008249567,47.68957001027047],[8.49713000824969,47.689530010270424]]}},{"type":"Feature","properties":{"g":"Neunkirch","r":300},"geometry":{"type":"LineString","coordinates":[[8.49713000824969,47.689530010270424],[8.497240008249804,47.68950001027038]]}},{"type":"Feature","properties":{"g":"Neunkirch","r":300},"geometry":{"type":"LineString","coordinates":[[8.497240008249804,47.68950001027038],[8.497350008249915,47.68948001027034]]}},{"type":"Feature","properties":{"g":"Neunkirch","r":300},"geometry":{"type":"LineString","coordinates":[[8.497350008249915,47.68948001027034],[8.497640008250205,47.68944001027026]]}},{"type":"Feature","properties":{"g":"Neunkirch","r":300},"geometry":{"type":"LineString","coordinates":[[8.497640008250205,47.68944001027026],[8.497820008250383,47.68942001027023]]}},{"type":"Feature","properties":{"g":"Neunkirch","r":300},"geometry":{"type":"LineString","coordinates":[[8.497820008250383,47.68942001027023],[8.497950008250509,47.68941001027019]]}},{"type":"Feature","properties":{"g":"Neunkirch","r":300},"geometry":{"type":"LineString","coordinates":[[8.497950008250509,47.68941001027019],[8.49809000825064,47.68941001027014]]}},{"type":"Feature","properties":{"g":"Neunkirch","r":300},"geometry":{"type":"LineString","coordinates":[[8.498150008250704,47.68941001027013],[8.498340008250887,47.68941001027003]]}},{"type":"Feature","properties":{"g":"Neunkirch","r":300},"geometry":{"type":"LineString","coordinates":[[8.498340008250887,47.68941001027003],[8.498540008251075,47.689430010270016]]}},{"type":"Feature","properties":{"g":"Neunkirch","r":300},"geometry":{"type":"LineString","coordinates":[[8.498540008251075,47.689430010270016],[8.498760008251281,47.689440010269934]]}},{"type":"Feature","properties":{"g":"Neunkirch","r":300},"geometry":{"type":"LineString","coordinates":[[8.498760008251281,47.689440010269934],[8.499150008251643,47.689470010269844]]}},{"type":"Feature","properties":{"g":"Neunkirch","r":300},"geometry":{"type":"LineString","coordinates":[[8.499150008251643,47.689470010269844],[8.499400008251884,47.68949001026974]]}},{"type":"Feature","properties":{"g":"Neunkirch","r":300},"geometry":{"type":"LineString","coordinates":[[8.499400008251884,47.68949001026974],[8.499690008252152,47.689510010269714]]}},{"type":"Feature","properties":{"g":"Neunkirch","r":300},"geometry":{"type":"LineString","coordinates":[[8.499690008252152,47.689510010269714],[8.500080008252525,47.68952001026958]]}},{"type":"Feature","properties":{"g":"Neunkirch","r":300},"geometry":{"type":"LineString","coordinates":[[8.500080008252525,47.68952001026958],[8.50026000825269,47.689530010269515]]}},{"type":"Feature","properties":{"g":"Neunkirch","r":300},"geometry":{"type":"LineString","coordinates":[[8.50026000825269,47.689530010269515],[8.500360008252787,47.68953001026949]]}},{"type":"Feature","properties":{"g":"Neunkirch","r":300},"geometry":{"type":"LineString","coordinates":[[8.504230008257094,47.68770001026785],[8.504050008256899,47.68777001026793]]}},{"type":"Feature","properties":{"g":"Neunkirch","r":300},"geometry":{"type":"LineString","coordinates":[[8.504050008256899,47.68777001026793],[8.503610008256418,47.687960010268135]]}},{"type":"Feature","properties":{"g":"Neunkirch","r":300},"geometry":{"type":"LineString","coordinates":[[8.503610008256418,47.687960010268135],[8.50345000825625,47.68801001026817]]}},{"type":"Feature","properties":{"g":"Neunkirch","r":300},"geometry":{"type":"LineString","coordinates":[[8.50345000825625,47.68801001026817],[8.503310008256106,47.68804001026823]]}},{"type":"Feature","properties":{"g":"Neunkirch","r":300},"geometry":{"type":"LineString","coordinates":[[8.503310008256106,47.68804001026823],[8.503140008255935,47.68806001026829]]}},{"type":"Feature","properties":{"g":"Neunkirch","r":300},"geometry":{"type":"LineString","coordinates":[[8.503140008255935,47.68806001026829],[8.502880008255678,47.68808001026837]]}},{"type":"Feature","properties":{"g":"Neunkirch","r":300},"geometry":{"type":"LineString","coordinates":[[8.497520008249378,47.69164001027087],[8.49754000824943,47.69153001027085],[8.497570008249514,47.6913600102708],[8.497580008249555,47.69127001027081],[8.497580008249571,47.69122001027076],[8.497570008249564,47.69120001027079],[8.497540008249553,47.6911500102708],[8.497490008249525,47.69111001027077],[8.497370008249437,47.69102001027077],[8.497250008249349,47.69092001027077],[8.497190008249317,47.69085001027077],[8.497160008249304,47.6908000102708],[8.497150008249307,47.690760010270786],[8.497120008249317,47.690650010270744],[8.497100008249319,47.69057001027075],[8.49708000824933,47.69047001027069],[8.49705000824936,47.69029001027066],[8.497030008249366,47.69022001027062],[8.497010008249358,47.69019001027067],[8.496950008249312,47.69016001027064]]}},{"type":"Feature","properties":{"g":"Neunkirch","r":300},"geometry":{"type":"LineString","coordinates":[[8.500420008252844,47.68953001026946],[8.500600008253015,47.68954001026945],[8.500710008253119,47.68955001026941],[8.500790008253196,47.6895700102694],[8.50089000825328,47.68959001026936],[8.50099000825337,47.68962001026933],[8.501050008253412,47.68965001026932],[8.50111000825346,47.689680010269335],[8.50117000825351,47.6897100102693],[8.501230008253556,47.68975001026931],[8.501280008253591,47.68979001026928],[8.501310008253606,47.68982001026926],[8.501320008253602,47.68986001026928],[8.501330008253605,47.689890010269295],[8.501350008253592,47.69000001026929],[8.501370008253584,47.690070010269324],[8.501380008253573,47.69013001026934],[8.501400008253576,47.690190010269376],[8.501410008253568,47.69023001026935],[8.501430008253573,47.69027001026934],[8.501460008253598,47.69029001026936]]}},{"type":"Feature","properties":{"g":"Neunkirch","r":300},"geometry":{"type":"LineString","coordinates":[[8.501460008253598,47.69029001026936],[8.501410008253536,47.6903300102694],[8.50136000825348,47.69037001026944],[8.50134000825345,47.69039001026943],[8.501320008253415,47.690440010269455],[8.501310008253402,47.69047001026948],[8.501290008253367,47.69051001026947],[8.501250008253265,47.69071001026956],[8.501170008253053,47.691110010269725],[8.501140008252978,47.691260010269694],[8.501110008252907,47.69139001026979],[8.501070008252825,47.69155001026984],[8.50104000825273,47.6917300102699],[8.501010008252658,47.691860010269956]]}},{"type":"Feature","properties":{"g":"Neunkirch","r":300},"geometry":{"type":"LineString","coordinates":[[8.500420008252844,47.68953001026946],[8.500430008252872,47.689470010269474]]}},{"type":"Feature","properties":{"g":"Neunkirch","r":300},"geometry":{"type":"LineString","coordinates":[[8.500430008252872,47.689470010269474],[8.500430008252899,47.689400010269445]]}},{"type":"Feature","properties":{"g":"Neunkirch","r":300},"geometry":{"type":"LineString","coordinates":[[8.500430008252899,47.689400010269445],[8.50046000825295,47.68932001026943]]}},{"type":"Feature","properties":{"g":"Neunkirch","r":300},"geometry":{"type":"LineString","coordinates":[[8.500480008252982,47.68928001026938],[8.500530008253042,47.68924001026932]]}},{"type":"Feature","properties":{"g":"Neunkirch","r":300},"geometry":{"type":"LineString","coordinates":[[8.500530008253042,47.68924001026932],[8.50059000825312,47.68919001026931]]}},{"type":"Feature","properties":{"g":"Neunkirch","r":300},"geometry":{"type":"LineString","coordinates":[[8.50059000825312,47.68919001026931],[8.500660008253194,47.68915001026927]]}},{"type":"Feature","properties":{"g":"Neunkirch","r":300},"geometry":{"type":"LineString","coordinates":[[8.500660008253194,47.68915001026927],[8.500750008253302,47.689120010269235]]}},{"type":"Feature","properties":{"g":"Neunkirch","r":300},"geometry":{"type":"LineString","coordinates":[[8.500750008253302,47.689120010269235],[8.500850008253398,47.68909001026925]]}},{"type":"Feature","properties":{"g":"Neunkirch","r":300},"geometry":{"type":"LineString","coordinates":[[8.500850008253398,47.68909001026925],[8.500930008253489,47.68906001026923]]}},{"type":"Feature","properties":{"g":"Neunkirch","r":300},"geometry":{"type":"LineString","coordinates":[[8.500930008253489,47.68906001026923],[8.501010008253575,47.68903001026916]]}},{"type":"Feature","properties":{"g":"Neunkirch","r":300},"geometry":{"type":"LineString","coordinates":[[8.501010008253575,47.68903001026916],[8.501100008253673,47.68899001026916]]}},{"type":"Feature","properties":{"g":"Neunkirch","r":300},"geometry":{"type":"LineString","coordinates":[[8.501100008253673,47.68899001026916],[8.501160008253748,47.68895001026909]]}},{"type":"Feature","properties":{"g":"Neunkirch","r":300},"geometry":{"type":"LineString","coordinates":[[8.501160008253748,47.68895001026909],[8.50123000825383,47.68891001026906]]}},{"type":"Feature","properties":{"g":"Neunkirch","r":300},"geometry":{"type":"LineString","coordinates":[[8.502880008255678,47.68808001026837],[8.502760008255583,47.68802001026835]]}},{"type":"Feature","properties":{"g":"Neunkirch","r":300},"geometry":{"type":"LineString","coordinates":[[8.502760008255583,47.68802001026835],[8.502640008255474,47.688000010268425]]}},{"type":"Feature","properties":{"g":"Neunkirch","r":300},"geometry":{"type":"LineString","coordinates":[[8.502640008255474,47.688000010268425],[8.502550008255392,47.687990010268436]]}},{"type":"Feature","properties":{"g":"Neunkirch","r":300},"geometry":{"type":"LineString","coordinates":[[8.502550008255392,47.687990010268436],[8.502440008255286,47.687980010268454]]}},{"type":"Feature","properties":{"g":"Neunkirch","r":300},"geometry":{"type":"LineString","coordinates":[[8.501460008253598,47.69029001026936],[8.501490008253631,47.690300010269404],[8.501540008253667,47.6903200102694],[8.501600008253721,47.69033001026935],[8.501690008253806,47.69034001026931],[8.501720008253839,47.69034001026932]]}},{"type":"Feature","properties":{"g":"Neunkirch","r":300},"geometry":{"type":"LineString","coordinates":[[8.501550008254252,47.688550010268855],[8.501680008254407,47.688460010268834]]}},{"type":"Feature","properties":{"g":"Neunkirch","r":300},"geometry":{"type":"LineString","coordinates":[[8.501680008254407,47.688460010268834],[8.501800008254536,47.688410010268775]]}},{"type":"Feature","properties":{"g":"Neunkirch","r":300},"geometry":{"type":"LineString","coordinates":[[8.501800008254536,47.688410010268775],[8.501890008254636,47.688370010268706]]}},{"type":"Feature","properties":{"g":"Neunkirch","r":300},"geometry":{"type":"LineString","coordinates":[[8.501890008254636,47.688370010268706],[8.502040008254788,47.688330010268714]]}},{"type":"Feature","properties":{"g":"Neunkirch","r":300},"geometry":{"type":"LineString","coordinates":[[8.502040008254788,47.688330010268714],[8.502150008254903,47.68832001026863]]}},{"type":"Feature","properties":{"g":"Neunkirch","r":300},"geometry":{"type":"LineString","coordinates":[[8.502150008254903,47.68832001026863],[8.502240008254994,47.68831001026862]]}},{"type":"Feature","properties":{"g":"Neunkirch","r":300},"geometry":{"type":"LineString","coordinates":[[8.502240008254994,47.68831001026862],[8.502320008255069,47.68830001026861]]}},{"type":"Feature","properties":{"g":"Neunkirch","r":300},"geometry":{"type":"LineString","coordinates":[[8.502320008255069,47.68830001026861],[8.50240000825515,47.688280010268514]]}},{"type":"Feature","properties":{"g":"Neunkirch","r":300},"geometry":{"type":"LineString","coordinates":[[8.50123000825383,47.68891001026906],[8.501280008253895,47.68886001026902]]}},{"type":"Feature","properties":{"g":"Neunkirch","r":300},"geometry":{"type":"LineString","coordinates":[[8.501280008253895,47.68886001026902],[8.501350008253981,47.688790010268995]]}},{"type":"Feature","properties":{"g":"Neunkirch","r":300},"geometry":{"type":"LineString","coordinates":[[8.501350008253981,47.688790010268995],[8.501440008254109,47.68866001026894]]}},{"type":"Feature","properties":{"g":"Neunkirch","r":300},"geometry":{"type":"LineString","coordinates":[[8.501440008254109,47.68866001026894],[8.501550008254252,47.688550010268855]]}},{"type":"Feature","properties":{"g":"Neunkirch","r":300},"geometry":{"type":"LineString","coordinates":[[8.502480008255233,47.6882700102685],[8.502550008255312,47.68824001026849]]}},{"type":"Feature","properties":{"g":"Neunkirch","r":300},"geometry":{"type":"LineString","coordinates":[[8.502550008255312,47.68824001026849],[8.502690008255463,47.688180010268475]]}},{"type":"Feature","properties":{"g":"Neunkirch","r":300},"geometry":{"type":"LineString","coordinates":[[8.502690008255463,47.688180010268475],[8.502880008255678,47.68808001026837]]}},{"type":"Feature","properties":{"g":"Neunkirch","r":300},"geometry":{"type":"LineString","coordinates":[[8.501730008254519,47.68823001026874],[8.501680008254471,47.68826001026874]]}},{"type":"Feature","properties":{"g":"Neunkirch","r":300},"geometry":{"type":"LineString","coordinates":[[8.501680008254471,47.68826001026874],[8.501570008254342,47.68832001026881]]}},{"type":"Feature","properties":{"g":"Neunkirch","r":300},"geometry":{"type":"LineString","coordinates":[[8.501570008254342,47.68832001026881],[8.5014400082542,47.68839001026885]]}},{"type":"Feature","properties":{"g":"Neunkirch","r":300},"geometry":{"type":"LineString","coordinates":[[8.5014400082542,47.68839001026885],[8.50137000825412,47.68842001026887]]}},{"type":"Feature","properties":{"g":"Neunkirch","r":300},"geometry":{"type":"LineString","coordinates":[[8.501010008252658,47.691860010269956],[8.500970008252548,47.69207001027002],[8.500960008252523,47.692130010270056],[8.500920008252411,47.69236001027011],[8.500890008252306,47.69259001027015],[8.50086000825222,47.69278001027025],[8.500860008252207,47.69281001027025],[8.500840008252135,47.692970010270265]]}},{"type":"Feature","properties":{"g":"Neunkirch","r":300},"geometry":{"type":"LineString","coordinates":[[8.500840008252135,47.692970010270265],[8.500800008252025,47.69319001027038],[8.500790008251997,47.693280010270406],[8.500780008251954,47.69337001027042],[8.500780008251937,47.693430010270454],[8.500780008251908,47.693490010270466],[8.500790008251894,47.693580010270466],[8.500810008251865,47.69372001027051],[8.500860008251816,47.69402001027058]]}},{"type":"Feature","properties":{"g":"Neunkirch","r":300},"geometry":{"type":"LineString","coordinates":[[8.495731446119988,47.69030548987145],[8.4962400082486,47.69025001027087],[8.496670008249023,47.69021001027077],[8.496850008249204,47.69019001027072],[8.496910008249264,47.690180010270666],[8.496940008249295,47.690170010270634],[8.496950008249312,47.69016001027064]]}},{"type":"Feature","properties":{"g":"Neunkirch","r":300},"geometry":{"type":"LineString","coordinates":[[8.502550008255392,47.687990010268436],[8.502400008255252,47.687980010268475],[8.502270008255124,47.68798001026847]]}},{"type":"Feature","properties":{"g":"Neunkirch","r":300},"geometry":{"type":"LineString","coordinates":[[8.499320008252118,47.688510010269496],[8.499160008251968,47.68850001026951],[8.499020008251842,47.6884900102696],[8.498880008251712,47.68847001026961],[8.498710008251553,47.6884500102697],[8.498560008251415,47.68843001026972],[8.498460008251326,47.68841001026975],[8.498390008251267,47.68839001026974],[8.498360008251236,47.68838001026974],[8.498250008251146,47.688340010269805],[8.498160008251077,47.68829001026979],[8.498090008251024,47.688240010269794],[8.498039829169368,47.688198194377094]]}},{"type":"Feature","properties":{"g":"Neunkirch","r":300},"geometry":{"type":"LineString","coordinates":[[8.502270008255124,47.68798001026847],[8.502210008255068,47.6879900102685],[8.502140008254994,47.688000010268524],[8.502030008254877,47.68804001026859],[8.501950008254793,47.688070010268596],[8.501870008254693,47.68812001026866],[8.501780008254594,47.6881800102687],[8.501680008254471,47.68826001026874]]}},{"type":"Feature","properties":{"g":"Neunkirch","r":300},"geometry":{"type":"LineString","coordinates":[[8.5014400082542,47.68839001026885],[8.501290008254033,47.68845001026894],[8.501200008253932,47.68848001026892],[8.501110008253843,47.688500010268974],[8.50099000825372,47.688530010269055],[8.500850008253577,47.68855001026909],[8.500760008253486,47.68856001026914],[8.500600008253333,47.68857001026912],[8.500460008253196,47.688570010269196],[8.500330008253076,47.68856001026925],[8.500050008252812,47.68854001026932],[8.499800008252569,47.68853001026938],[8.499560008252347,47.68852001026943],[8.499320008252118,47.688510010269496]]}},{"type":"Feature","properties":{"g":"Oberhallau","r":100},"geometry":{"type":"LineString","coordinates":[[8.477000008225568,47.70427601861149],[8.477000008225566,47.70428001028036],[8.477000008225549,47.70433001028033],[8.477000008225533,47.70439001028032],[8.47701000822552,47.70444001028036],[8.477020008225509,47.7045100102804],[8.477020008225493,47.70457001028039],[8.477040008225496,47.70462001028043],[8.477060008225488,47.70470001028044],[8.4770900082255,47.704760010280445],[8.477130008225508,47.70484001028042],[8.477180008225526,47.70495001028042]]}},{"type":"Feature","properties":{"g":"Oberhallau","r":100},"geometry":{"type":"LineString","coordinates":[[8.478670008227198,47.70421001027984],[8.478700008227232,47.70418001027983],[8.47873000822728,47.7041300102798],[8.478740008227293,47.70412001027979],[8.478750008227308,47.70409001027979],[8.478760008227328,47.704060010279775],[8.478800008227381,47.704020010279756],[8.478860008227459,47.7039600102797],[8.478950008227573,47.70387001027965],[8.4790500082277,47.70378001027957],[8.479110008227783,47.703720010279575],[8.479150008227839,47.70365001027956],[8.479181886745627,47.70359422288975]]}},{"type":"Feature","properties":{"g":"Oberhallau","r":300},"geometry":{"type":"LineString","coordinates":[[8.474952380907808,47.702886589627575],[8.474990008224081,47.702890010280534],[8.47508000822417,47.70290001028054],[8.475250008224327,47.702910010280505],[8.47540000822447,47.70291001028041],[8.475490008224554,47.70293001028039],[8.47557000822462,47.70294001028038],[8.475650008224695,47.70296001028038],[8.475710008224748,47.70297001028033],[8.475800008224825,47.703000010280334],[8.475880008224893,47.703030010280294],[8.475950008224949,47.70306001028031],[8.476000008224988,47.703090010280285],[8.476060008225033,47.703120010280294],[8.476130008225088,47.703170010280274],[8.476170008225118,47.70320001028027],[8.476230008225166,47.70324001028026],[8.476290008225206,47.7032900102803],[8.476370008225262,47.703360010280285],[8.476450008225301,47.703450010280264],[8.476560008225379,47.70355001028028],[8.476640008225429,47.70364001028026],[8.476740008225493,47.70374001028027],[8.476840008225548,47.703860010280266],[8.476920008225594,47.70396001028029],[8.476940008225597,47.70400001028024],[8.476970008225617,47.70404001028027],[8.476990008225616,47.70409001028027],[8.477010008225625,47.70414001028031],[8.477010008225605,47.7041800102803],[8.477010008225594,47.70422001028034],[8.477000008225579,47.70425001028032],[8.477000008225566,47.70428001028036],[8.477000008225549,47.70433001028033],[8.477000008225533,47.70439001028032],[8.47701000822552,47.70444001028036],[8.477020008225509,47.7045100102804],[8.477020008225493,47.70457001028039],[8.477040008225496,47.70462001028043],[8.477060008225488,47.70470001028044],[8.4770900082255,47.704760010280445],[8.477130008225508,47.70484001028042],[8.477180008225526,47.70495001028042]]}},{"type":"Feature","properties":{"g":"Oberhallau","r":300},"geometry":{"type":"LineString","coordinates":[[8.478670008227198,47.70421001027984],[8.478700008227232,47.70418001027983],[8.47873000822728,47.7041300102798],[8.478740008227293,47.70412001027979],[8.478750008227308,47.70409001027979],[8.478760008227328,47.704060010279775],[8.478800008227381,47.704020010279756],[8.478860008227459,47.7039600102797],[8.478950008227573,47.70387001027965],[8.4790500082277,47.70378001027957],[8.479110008227783,47.703720010279575],[8.479150008227839,47.70365001027956],[8.479190008227897,47.7035800102795],[8.479220008227948,47.703520010279476],[8.479250008228002,47.70344001027945],[8.479270008228044,47.703380010279446],[8.479340008228174,47.703190010279314],[8.479400008228286,47.70301001027929],[8.479410008228308,47.70297001027928],[8.479450008228369,47.70290001027922],[8.479480008228418,47.70284001027925],[8.479490008228424,47.70283001027918],[8.479530008228485,47.70277001027919],[8.479590008228566,47.70270001027914],[8.479590008228572,47.70269001027915]]}},{"type":"Feature","properties":{"g":"Ramsen","r":100},"geometry":{"type":"LineString","coordinates":[[8.819388322745032,47.708823916860396],[8.81914000854862,47.70881001017998]]}},{"type":"Feature","properties":{"g":"Ramsen","r":100},"geometry":{"type":"LineString","coordinates":[[8.81914000854862,47.70881001017998],[8.818830008548336,47.70879001018005]]}},{"type":"Feature","properties":{"g":"Ramsen","r":100},"geometry":{"type":"LineString","coordinates":[[8.818830008548336,47.70879001018005],[8.817940008547525,47.70873001018028]]}},{"type":"Feature","properties":{"g":"Ramsen","r":100},"geometry":{"type":"LineString","coordinates":[[8.817940008547525,47.70873001018028],[8.817866006227302,47.70872589914888]]}},{"type":"Feature","properties":{"g":"Ramsen","r":100},"geometry":{"type":"LineString","coordinates":[[8.815721024743741,47.70857857278303],[8.81548000854529,47.708540010181025]]}},{"type":"Feature","properties":{"g":"Ramsen","r":100},"geometry":{"type":"LineString","coordinates":[[8.81548000854529,47.708540010181025],[8.815220008545063,47.70849001018107]]}},{"type":"Feature","properties":{"g":"Ramsen","r":100},"geometry":{"type":"LineString","coordinates":[[8.815220008545063,47.70849001018107],[8.814950008544834,47.7084100101811]]}},{"type":"Feature","properties":{"g":"Ramsen","r":100},"geometry":{"type":"LineString","coordinates":[[8.814950008544834,47.7084100101811],[8.814580008544532,47.70829001018121]]}},{"type":"Feature","properties":{"g":"Ramsen","r":100},"geometry":{"type":"LineString","coordinates":[[8.814580008544532,47.70829001018121],[8.814080008544119,47.70812001018129]]}},{"type":"Feature","properties":{"g":"Ramsen","r":100},"geometry":{"type":"LineString","coordinates":[[8.814080008544119,47.70812001018129],[8.813950008544014,47.70808001018131]]}},{"type":"Feature","properties":{"g":"Ramsen","r":100},"geometry":{"type":"LineString","coordinates":[[8.821018732318782,47.70851597206123],[8.821010008550495,47.708420010179296]]}},{"type":"Feature","properties":{"g":"Ramsen","r":100},"geometry":{"type":"LineString","coordinates":[[8.821010008550495,47.708420010179296],[8.820980008550565,47.70814001017919]]}},{"type":"Feature","properties":{"g":"Ramsen","r":100},"geometry":{"type":"LineString","coordinates":[[8.820980008550565,47.70814001017919],[8.820950008550595,47.7079700101792]]}},{"type":"Feature","properties":{"g":"Ramsen","r":100},"geometry":{"type":"LineString","coordinates":[[8.820950008550595,47.7079700101792],[8.820920008550614,47.707830010179165]]}},{"type":"Feature","properties":{"g":"Ramsen","r":100},"geometry":{"type":"LineString","coordinates":[[8.820920008550614,47.707830010179165],[8.820880008550628,47.70769001017912]]}},{"type":"Feature","properties":{"g":"Ramsen","r":100},"geometry":{"type":"LineString","coordinates":[[8.820880008550628,47.70769001017912],[8.820820008550626,47.70752001017912]]}},{"type":"Feature","properties":{"g":"Ramsen","r":100},"geometry":{"type":"LineString","coordinates":[[8.820820008550626,47.70752001017912],[8.82076000855062,47.70737001017908]]}},{"type":"Feature","properties":{"g":"Ramsen","r":100},"geometry":{"type":"LineString","coordinates":[[8.82076000855062,47.70737001017908],[8.820740008550626,47.707310010179086]]}},{"type":"Feature","properties":{"g":"Ramsen","r":100},"geometry":{"type":"LineString","coordinates":[[8.821950008550436,47.71120001017974],[8.821840008550376,47.71108001017974]]}},{"type":"Feature","properties":{"g":"Ramsen","r":100},"geometry":{"type":"LineString","coordinates":[[8.821840008550376,47.71108001017974],[8.821720008550308,47.71094001017973]]}},{"type":"Feature","properties":{"g":"Ramsen","r":100},"geometry":{"type":"LineString","coordinates":[[8.821720008550308,47.71094001017973],[8.821640008550279,47.71081001017973]]}},{"type":"Feature","properties":{"g":"Ramsen","r":100},"geometry":{"type":"LineString","coordinates":[[8.821640008550279,47.71081001017973],[8.821550008550243,47.710650010179684]]}},{"type":"Feature","properties":{"g":"Ramsen","r":100},"geometry":{"type":"LineString","coordinates":[[8.821550008550243,47.710650010179684],[8.821500008550242,47.71054001017969]]}},{"type":"Feature","properties":{"g":"Ramsen","r":100},"geometry":{"type":"LineString","coordinates":[[8.821500008550242,47.71054001017969],[8.821476241052363,47.71047464961796]]}},{"type":"Feature","properties":{"g":"Ramsen","r":100},"geometry":{"type":"LineString","coordinates":[[8.813950008544014,47.70808001018131],[8.813450008543601,47.70790001018142]]}},{"type":"Feature","properties":{"g":"Ramsen","r":100},"geometry":{"type":"LineString","coordinates":[[8.813450008543601,47.70790001018142],[8.81337940077711,47.707878284740474]]}},{"type":"Feature","properties":{"g":"Ramsen","r":100},"geometry":{"type":"LineString","coordinates":[[8.82076000855062,47.70737001017908],[8.820680008550612,47.70717001017905],[8.82062000855061,47.70701001017901],[8.820548548434878,47.70683850613448]]}},{"type":"Feature","properties":{"g":"Ramsen","r":300},"geometry":{"type":"LineString","coordinates":[[8.820970008550303,47.70891001017943],[8.820900008550229,47.70891001017945]]}},{"type":"Feature","properties":{"g":"Ramsen","r":300},"geometry":{"type":"LineString","coordinates":[[8.820900008550229,47.70891001017945],[8.820820008550163,47.70890001017947]]}},{"type":"Feature","properties":{"g":"Ramsen","r":300},"geometry":{"type":"LineString","coordinates":[[8.820820008550163,47.70890001017947],[8.820390008549763,47.70888001017962]]}},{"type":"Feature","properties":{"g":"Ramsen","r":300},"geometry":{"type":"LineString","coordinates":[[8.820390008549763,47.70888001017962],[8.81914000854862,47.70881001017998]]}},{"type":"Feature","properties":{"g":"Ramsen","r":300},"geometry":{"type":"LineString","coordinates":[[8.81914000854862,47.70881001017998],[8.818830008548336,47.70879001018005]]}},{"type":"Feature","properties":{"g":"Ramsen","r":300},"geometry":{"type":"LineString","coordinates":[[8.818830008548336,47.70879001018005],[8.817940008547525,47.70873001018028]]}},{"type":"Feature","properties":{"g":"Ramsen","r":300},"geometry":{"type":"LineString","coordinates":[[8.817940008547525,47.70873001018028],[8.817220008546867,47.70869001018048]]}},{"type":"Feature","properties":{"g":"Ramsen","r":300},"geometry":{"type":"LineString","coordinates":[[8.817220008546867,47.70869001018048],[8.817000008546659,47.708680010180565]]}},{"type":"Feature","properties":{"g":"Ramsen","r":300},"geometry":{"type":"LineString","coordinates":[[8.817000008546659,47.708680010180565],[8.816580008546275,47.708650010180676]]}},{"type":"Feature","properties":{"g":"Ramsen","r":300},"geometry":{"type":"LineString","coordinates":[[8.816580008546275,47.708650010180676],[8.81621000854594,47.70863001018079]]}},{"type":"Feature","properties":{"g":"Ramsen","r":300},"geometry":{"type":"LineString","coordinates":[[8.81621000854594,47.70863001018079],[8.816040008545782,47.70862001018085]]}},{"type":"Feature","properties":{"g":"Ramsen","r":300},"geometry":{"type":"LineString","coordinates":[[8.816040008545782,47.70862001018085],[8.815900008545661,47.70860001018086]]}},{"type":"Feature","properties":{"g":"Ramsen","r":300},"geometry":{"type":"LineString","coordinates":[[8.815900008545661,47.70860001018086],[8.815730008545508,47.708580010180945]]}},{"type":"Feature","properties":{"g":"Ramsen","r":300},"geometry":{"type":"LineString","coordinates":[[8.815730008545508,47.708580010180945],[8.81548000854529,47.708540010181025]]}},{"type":"Feature","properties":{"g":"Ramsen","r":300},"geometry":{"type":"LineString","coordinates":[[8.81548000854529,47.708540010181025],[8.815220008545063,47.70849001018107]]}},{"type":"Feature","properties":{"g":"Ramsen","r":300},"geometry":{"type":"LineString","coordinates":[[8.815220008545063,47.70849001018107],[8.814950008544834,47.7084100101811]]}},{"type":"Feature","properties":{"g":"Ramsen","r":300},"geometry":{"type":"LineString","coordinates":[[8.814950008544834,47.7084100101811],[8.814580008544532,47.70829001018121]]}},{"type":"Feature","properties":{"g":"Ramsen","r":300},"geometry":{"type":"LineString","coordinates":[[8.814580008544532,47.70829001018121],[8.814080008544119,47.70812001018129]]}},{"type":"Feature","properties":{"g":"Ramsen","r":300},"geometry":{"type":"LineString","coordinates":[[8.814080008544119,47.70812001018129],[8.813950008544014,47.70808001018131]]}},{"type":"Feature","properties":{"g":"Ramsen","r":300},"geometry":{"type":"LineString","coordinates":[[8.821060008550372,47.70892001017942],[8.821040008550414,47.70875001017935]]}},{"type":"Feature","properties":{"g":"Ramsen","r":300},"geometry":{"type":"LineString","coordinates":[[8.821040008550414,47.70875001017935],[8.821010008550495,47.708420010179296]]}},{"type":"Feature","properties":{"g":"Ramsen","r":300},"geometry":{"type":"LineString","coordinates":[[8.821010008550495,47.708420010179296],[8.820980008550565,47.70814001017919]]}},{"type":"Feature","properties":{"g":"Ramsen","r":300},"geometry":{"type":"LineString","coordinates":[[8.820980008550565,47.70814001017919],[8.820950008550595,47.7079700101792]]}},{"type":"Feature","properties":{"g":"Ramsen","r":300},"geometry":{"type":"LineString","coordinates":[[8.820950008550595,47.7079700101792],[8.820920008550614,47.707830010179165]]}},{"type":"Feature","properties":{"g":"Ramsen","r":300},"geometry":{"type":"LineString","coordinates":[[8.820920008550614,47.707830010179165],[8.820880008550628,47.70769001017912]]}},{"type":"Feature","properties":{"g":"Ramsen","r":300},"geometry":{"type":"LineString","coordinates":[[8.820880008550628,47.70769001017912],[8.820820008550626,47.70752001017912]]}},{"type":"Feature","properties":{"g":"Ramsen","r":300},"geometry":{"type":"LineString","coordinates":[[8.820820008550626,47.70752001017912],[8.82076000855062,47.70737001017908]]}},{"type":"Feature","properties":{"g":"Ramsen","r":300},"geometry":{"type":"LineString","coordinates":[[8.82076000855062,47.70737001017908],[8.820740008550626,47.707310010179086]]}},{"type":"Feature","properties":{"g":"Ramsen","r":300},"geometry":{"type":"LineString","coordinates":[[8.808050008538736,47.707360010182946],[8.807970008538666,47.70734001018297]]}},{"type":"Feature","properties":{"g":"Ramsen","r":300},"geometry":{"type":"LineString","coordinates":[[8.807970008538666,47.70734001018297],[8.807820008538537,47.70730001018296]]}},{"type":"Feature","properties":{"g":"Ramsen","r":300},"geometry":{"type":"LineString","coordinates":[[8.822780008550838,47.71231001017979],[8.822640008550804,47.71203001017974]]}},{"type":"Feature","properties":{"g":"Ramsen","r":300},"geometry":{"type":"LineString","coordinates":[[8.822640008550804,47.71203001017974],[8.82249000855078,47.711680010179705]]}},{"type":"Feature","properties":{"g":"Ramsen","r":300},"geometry":{"type":"LineString","coordinates":[[8.82249000855078,47.711680010179705],[8.822410008550733,47.71160001017967]]}},{"type":"Feature","properties":{"g":"Ramsen","r":300},"geometry":{"type":"LineString","coordinates":[[8.822410008550733,47.71160001017967],[8.822330008550678,47.71154001017971]]}},{"type":"Feature","properties":{"g":"Ramsen","r":300},"geometry":{"type":"LineString","coordinates":[[8.807540008538096,47.70783001018321],[8.807620008538187,47.70778001018317]]}},{"type":"Feature","properties":{"g":"Ramsen","r":300},"geometry":{"type":"LineString","coordinates":[[8.807620008538187,47.70778001018317],[8.807680008538261,47.70773001018313]]}},{"type":"Feature","properties":{"g":"Ramsen","r":300},"geometry":{"type":"LineString","coordinates":[[8.807680008538261,47.70773001018313],[8.807730008538314,47.70770001018314]]}},{"type":"Feature","properties":{"g":"Ramsen","r":300},"geometry":{"type":"LineString","coordinates":[[8.807730008538314,47.70770001018314],[8.807780008538375,47.70766001018312]]}},{"type":"Feature","properties":{"g":"Ramsen","r":300},"geometry":{"type":"LineString","coordinates":[[8.807780008538375,47.70766001018312],[8.807860008538475,47.70759001018307]]}},{"type":"Feature","properties":{"g":"Ramsen","r":300},"geometry":{"type":"LineString","coordinates":[[8.807860008538475,47.70759001018307],[8.807920008538558,47.70752001018303]]}},{"type":"Feature","properties":{"g":"Ramsen","r":300},"geometry":{"type":"LineString","coordinates":[[8.807920008538558,47.70752001018303],[8.807980008538637,47.707450010182974]]}},{"type":"Feature","properties":{"g":"Ramsen","r":300},"geometry":{"type":"LineString","coordinates":[[8.807980008538637,47.707450010182974],[8.808020008538687,47.70740001018295]]}},{"type":"Feature","properties":{"g":"Ramsen","r":300},"geometry":{"type":"LineString","coordinates":[[8.822330008550678,47.71154001017971],[8.822210008550595,47.71144001017974]]}},{"type":"Feature","properties":{"g":"Ramsen","r":300},"geometry":{"type":"LineString","coordinates":[[8.822210008550595,47.71144001017974],[8.822080008550511,47.71133001017974]]}},{"type":"Feature","properties":{"g":"Ramsen","r":300},"geometry":{"type":"LineString","coordinates":[[8.822080008550511,47.71133001017974],[8.821950008550436,47.71120001017974]]}},{"type":"Feature","properties":{"g":"Ramsen","r":300},"geometry":{"type":"LineString","coordinates":[[8.821950008550436,47.71120001017974],[8.821840008550376,47.71108001017974]]}},{"type":"Feature","properties":{"g":"Ramsen","r":300},"geometry":{"type":"LineString","coordinates":[[8.821840008550376,47.71108001017974],[8.821720008550308,47.71094001017973]]}},{"type":"Feature","properties":{"g":"Ramsen","r":300},"geometry":{"type":"LineString","coordinates":[[8.821720008550308,47.71094001017973],[8.821640008550279,47.71081001017973]]}},{"type":"Feature","properties":{"g":"Ramsen","r":300},"geometry":{"type":"LineString","coordinates":[[8.821640008550279,47.71081001017973],[8.821550008550243,47.710650010179684]]}},{"type":"Feature","properties":{"g":"Ramsen","r":300},"geometry":{"type":"LineString","coordinates":[[8.821550008550243,47.710650010179684],[8.821500008550242,47.71054001017969]]}},{"type":"Feature","properties":{"g":"Ramsen","r":300},"geometry":{"type":"LineString","coordinates":[[8.821500008550242,47.71054001017969],[8.82146000855024,47.710430010179685]]}},{"type":"Feature","properties":{"g":"Ramsen","r":300},"geometry":{"type":"LineString","coordinates":[[8.82146000855024,47.710430010179685],[8.821380008550248,47.71017001017966]]}},{"type":"Feature","properties":{"g":"Ramsen","r":300},"geometry":{"type":"LineString","coordinates":[[8.821380008550248,47.71017001017966],[8.821280008550271,47.70982001017956]]}},{"type":"Feature","properties":{"g":"Ramsen","r":300},"geometry":{"type":"LineString","coordinates":[[8.821280008550271,47.70982001017956],[8.821210008550295,47.70958001017953]]}},{"type":"Feature","properties":{"g":"Ramsen","r":300},"geometry":{"type":"LineString","coordinates":[[8.821210008550295,47.70958001017953],[8.821140008550321,47.70931001017949]]}},{"type":"Feature","properties":{"g":"Ramsen","r":300},"geometry":{"type":"LineString","coordinates":[[8.821140008550321,47.70931001017949],[8.821090008550359,47.70906001017946]]}},{"type":"Feature","properties":{"g":"Ramsen","r":300},"geometry":{"type":"LineString","coordinates":[[8.821090008550359,47.70906001017946],[8.821060008550372,47.70892001017942]]}},{"type":"Feature","properties":{"g":"Ramsen","r":300},"geometry":{"type":"LineString","coordinates":[[8.812130008542667,47.70702001018161],[8.812070008542605,47.70704001018164]]}},{"type":"Feature","properties":{"g":"Ramsen","r":300},"geometry":{"type":"LineString","coordinates":[[8.812070008542605,47.70704001018164],[8.811960008542492,47.707060010181685]]}},{"type":"Feature","properties":{"g":"Ramsen","r":300},"geometry":{"type":"LineString","coordinates":[[8.811960008542492,47.707060010181685],[8.811690008542225,47.707110010181765]]}},{"type":"Feature","properties":{"g":"Ramsen","r":300},"geometry":{"type":"LineString","coordinates":[[8.811690008542225,47.707110010181765],[8.811390008541922,47.707160010181866]]}},{"type":"Feature","properties":{"g":"Ramsen","r":300},"geometry":{"type":"LineString","coordinates":[[8.81133000854187,47.70717001018188],[8.811200008541745,47.70718001018193]]}},{"type":"Feature","properties":{"g":"Ramsen","r":300},"geometry":{"type":"LineString","coordinates":[[8.811200008541745,47.70718001018193],[8.811060008541611,47.707190010182]]}},{"type":"Feature","properties":{"g":"Ramsen","r":300},"geometry":{"type":"LineString","coordinates":[[8.811060008541611,47.707190010182],[8.81094000854149,47.707200010182]]}},{"type":"Feature","properties":{"g":"Ramsen","r":300},"geometry":{"type":"LineString","coordinates":[[8.81094000854149,47.707200010182],[8.810830008541386,47.70720001018206]]}},{"type":"Feature","properties":{"g":"Ramsen","r":300},"geometry":{"type":"LineString","coordinates":[[8.810830008541386,47.70720001018206],[8.810580008541159,47.70718001018207]]}},{"type":"Feature","properties":{"g":"Ramsen","r":300},"geometry":{"type":"LineString","coordinates":[[8.810580008541159,47.70718001018207],[8.810310008540913,47.70717001018219]]}},{"type":"Feature","properties":{"g":"Ramsen","r":300},"geometry":{"type":"LineString","coordinates":[[8.810310008540913,47.70717001018219],[8.810200008540809,47.707170010182246]]}},{"type":"Feature","properties":{"g":"Ramsen","r":300},"geometry":{"type":"LineString","coordinates":[[8.812630008542945,47.70757001018157],[8.812560008542901,47.70751001018156]]}},{"type":"Feature","properties":{"g":"Ramsen","r":300},"geometry":{"type":"LineString","coordinates":[[8.812560008542901,47.70751001018156],[8.812510008542882,47.707450010181624]]}},{"type":"Feature","properties":{"g":"Ramsen","r":300},"geometry":{"type":"LineString","coordinates":[[8.812480008542863,47.7074100101816],[8.812330008542798,47.70718001018156]]}},{"type":"Feature","properties":{"g":"Ramsen","r":300},"geometry":{"type":"LineString","coordinates":[[8.812330008542798,47.70718001018156],[8.812280008542778,47.707100010181556]]}},{"type":"Feature","properties":{"g":"Ramsen","r":300},"geometry":{"type":"LineString","coordinates":[[8.812280008542778,47.707100010181556],[8.812250008542772,47.70705001018157]]}},{"type":"Feature","properties":{"g":"Ramsen","r":300},"geometry":{"type":"LineString","coordinates":[[8.813950008544014,47.70808001018131],[8.813450008543601,47.70790001018142]]}},{"type":"Feature","properties":{"g":"Ramsen","r":300},"geometry":{"type":"LineString","coordinates":[[8.813450008543601,47.70790001018142],[8.813320008543492,47.70786001018145]]}},{"type":"Feature","properties":{"g":"Ramsen","r":300},"geometry":{"type":"LineString","coordinates":[[8.813320008543492,47.70786001018145],[8.812850008543117,47.70769001018158]]}},{"type":"Feature","properties":{"g":"Ramsen","r":300},"geometry":{"type":"LineString","coordinates":[[8.812850008543117,47.70769001018158],[8.812750008543036,47.70764001018156]]}},{"type":"Feature","properties":{"g":"Ramsen","r":300},"geometry":{"type":"LineString","coordinates":[[8.812750008543036,47.70764001018156],[8.812630008542945,47.70757001018157]]}},{"type":"Feature","properties":{"g":"Ramsen","r":300},"geometry":{"type":"LineString","coordinates":[[8.809480008539985,47.70761001018258],[8.809220008539764,47.70755001018261]]}},{"type":"Feature","properties":{"g":"Ramsen","r":300},"geometry":{"type":"LineString","coordinates":[[8.809220008539764,47.70755001018261],[8.809050008539614,47.70752001018266]]}},{"type":"Feature","properties":{"g":"Ramsen","r":300},"geometry":{"type":"LineString","coordinates":[[8.809050008539614,47.70752001018266],[8.808870008539454,47.7075000101827]]}},{"type":"Feature","properties":{"g":"Ramsen","r":300},"geometry":{"type":"LineString","coordinates":[[8.808870008539454,47.7075000101827],[8.808420008539054,47.70744001018284]]}},{"type":"Feature","properties":{"g":"Ramsen","r":300},"geometry":{"type":"LineString","coordinates":[[8.808420008539054,47.70744001018284],[8.808250008538906,47.70740001018286]]}},{"type":"Feature","properties":{"g":"Ramsen","r":300},"geometry":{"type":"LineString","coordinates":[[8.808250008538906,47.70740001018286],[8.808050008538736,47.707360010182946]]}},{"type":"Feature","properties":{"g":"Ramsen","r":300},"geometry":{"type":"LineString","coordinates":[[8.810010008540607,47.70725001018236],[8.809970008540544,47.70732001018238]]}},{"type":"Feature","properties":{"g":"Ramsen","r":300},"geometry":{"type":"LineString","coordinates":[[8.809970008540544,47.70732001018238],[8.809880008540423,47.70743001018239]]}},{"type":"Feature","properties":{"g":"Ramsen","r":300},"geometry":{"type":"LineString","coordinates":[[8.809880008540423,47.70743001018239],[8.80982000854034,47.70751001018243]]}},{"type":"Feature","properties":{"g":"Ramsen","r":300},"geometry":{"type":"LineString","coordinates":[[8.80982000854034,47.70751001018243],[8.809760008540252,47.707600010182475]]}},{"type":"Feature","properties":{"g":"Ramsen","r":300},"geometry":{"type":"LineString","coordinates":[[8.809580008540072,47.70763001018253],[8.809480008539985,47.70761001018258]]}},{"type":"Feature","properties":{"g":"Ramsen","r":300},"geometry":{"type":"LineString","coordinates":[[8.82076000855062,47.70737001017908],[8.820680008550612,47.70717001017905],[8.82062000855061,47.70701001017901],[8.820520008550599,47.706770010178985],[8.820460008550592,47.706630010178955],[8.820390008550575,47.706490010178975],[8.820330008550563,47.70636001017893],[8.820290008550563,47.70624001017889],[8.82026000855057,47.70614001017888],[8.82023000855058,47.7060400101789],[8.820210008550593,47.70594001017887],[8.820180008550613,47.705790010178816],[8.820170008550654,47.70564001017882],[8.82018000855072,47.705480010178746],[8.820190008550782,47.70532001017868],[8.820210008550855,47.705150010178656],[8.820230008550963,47.70489001017858],[8.820250008551024,47.704780010178524],[8.820290008551106,47.70463001017852],[8.820330008551203,47.70447001017844],[8.8203800085513,47.70431001017836]]}},{"type":"Feature","properties":{"g":"Ramsen","r":300},"geometry":{"type":"LineString","coordinates":[[8.807820008538537,47.70730001018296],[8.807620008538375,47.70723001018299],[8.807450008538229,47.70716001018307],[8.807220008538055,47.70707001018309],[8.807150008537993,47.70705001018309],[8.80709000853795,47.70702001018313],[8.807020008537897,47.70698001018312],[8.806980008537868,47.70695001018313],[8.806920008537826,47.70692001018315],[8.806860008537784,47.70687001018317],[8.806790008537735,47.706820010183165],[8.8067300085377,47.70677001018317],[8.806550008537576,47.706610010183155]]}},{"type":"Feature","properties":{"g":"Ramsen","r":300},"geometry":{"type":"LineString","coordinates":[[8.806550008537576,47.706610010183155],[8.806520008537564,47.70658001018318],[8.806310008537434,47.7063800101832],[8.80622723478209,47.706313003034666]]}},{"type":"Feature","properties":{"g":"Rüdlingen","r":300},"geometry":{"type":"LineString","coordinates":[[8.571532316835393,47.58028634383015],[8.57170000835659,47.580020010217645],[8.571730008356631,47.57998001021762],[8.571810008356751,47.579860010217594],[8.571910008356896,47.5796900102175]]}},{"type":"Feature","properties":{"g":"Rüdlingen","r":300},"geometry":{"type":"LineString","coordinates":[[8.571910008356896,47.5796900102175],[8.571960008356973,47.57960001021747],[8.572010008357061,47.57950001021741],[8.572010008357063,47.579480010217395],[8.572050008357119,47.57942001021742],[8.572080008357162,47.57938001021736],[8.572130008357222,47.57933001021733],[8.572160008357269,47.57929001021733],[8.572180008357313,47.579220010217284],[8.572180008357316,47.57920001021728],[8.572220008357402,47.579050010217244]]}},{"type":"Feature","properties":{"g":"Rüdlingen","r":300},"geometry":{"type":"LineString","coordinates":[[8.56657000835316,47.5753600102178],[8.56649000835305,47.57547001021781],[8.566470008353026,47.57550001021789],[8.566420008352942,47.57558001021793],[8.566390008352899,47.575630010217914]]}},{"type":"Feature","properties":{"g":"Schaffhausen","r":100},"geometry":{"type":"LineString","coordinates":[[8.635950008378842,47.70014001023253],[8.636020008378887,47.700220010232556]]}},{"type":"Feature","properties":{"g":"Schaffhausen","r":100},"geometry":{"type":"LineString","coordinates":[[8.636020008378887,47.700220010232556],[8.636110008378946,47.70030001023256]]}},{"type":"Feature","properties":{"g":"Schaffhausen","r":100},"geometry":{"type":"LineString","coordinates":[[8.636110008378946,47.70030001023256],[8.636160008378981,47.70035001023255]]}},{"type":"Feature","properties":{"g":"Schaffhausen","r":100},"geometry":{"type":"LineString","coordinates":[[8.636160008378981,47.70035001023255],[8.636210008379004,47.700400010232535]]}},{"type":"Feature","properties":{"g":"Schaffhausen","r":100},"geometry":{"type":"LineString","coordinates":[[8.636210008379004,47.700400010232535],[8.636260008379034,47.70046001023258]]}},{"type":"Feature","properties":{"g":"Schaffhausen","r":100},"geometry":{"type":"LineString","coordinates":[[8.636260008379034,47.70046001023258],[8.636330008379067,47.700550010232554]]}},{"type":"Feature","properties":{"g":"Schaffhausen","r":100},"geometry":{"type":"LineString","coordinates":[[8.636330008379067,47.700550010232554],[8.636380008379085,47.70066001023257]]}},{"type":"Feature","properties":{"g":"Schaffhausen","r":100},"geometry":{"type":"LineString","coordinates":[[8.636380008379085,47.70066001023257],[8.636435616292854,47.70081889011447]]}},{"type":"Feature","properties":{"g":"Schaffhausen","r":100},"geometry":{"type":"LineString","coordinates":[[8.663944917697522,47.72617219901573],[8.663940008396809,47.72602001023122]]}},{"type":"Feature","properties":{"g":"Schaffhausen","r":100},"geometry":{"type":"LineString","coordinates":[[8.663940008396809,47.72602001023122],[8.66392000839692,47.72563001023112]]}},{"type":"Feature","properties":{"g":"Schaffhausen","r":100},"geometry":{"type":"LineString","coordinates":[[8.66392000839692,47.72563001023112],[8.663920008396948,47.725560010231106]]}},{"type":"Feature","properties":{"g":"Schaffhausen","r":100},"geometry":{"type":"LineString","coordinates":[[8.663920008396948,47.725560010231106],[8.663910008396991,47.72538001023104]]}},{"type":"Feature","properties":{"g":"Schaffhausen","r":100},"geometry":{"type":"LineString","coordinates":[[8.663910008396991,47.72538001023104],[8.663910008397037,47.72525001023102]]}},{"type":"Feature","properties":{"g":"Schaffhausen","r":100},"geometry":{"type":"LineString","coordinates":[[8.663910008397037,47.72525001023102],[8.663930008397092,47.72515001023098]]}},{"type":"Feature","properties":{"g":"Schaffhausen","r":100},"geometry":{"type":"LineString","coordinates":[[8.663930008397092,47.72515001023098],[8.663950008397142,47.72505001023095]]}},{"type":"Feature","properties":{"g":"Schaffhausen","r":100},"geometry":{"type":"LineString","coordinates":[[8.663950008397142,47.72505001023095],[8.663970008397188,47.724960010230895]]}},{"type":"Feature","properties":{"g":"Schaffhausen","r":100},"geometry":{"type":"LineString","coordinates":[[8.663970008397188,47.724960010230895],[8.66400390949178,47.7248713462695]]}},{"type":"Feature","properties":{"g":"Schaffhausen","r":100},"geometry":{"type":"LineString","coordinates":[[8.664168995519917,47.72442254247419],[8.6641900083976,47.72437001023071]]}},{"type":"Feature","properties":{"g":"Schaffhausen","r":100},"geometry":{"type":"LineString","coordinates":[[8.6641900083976,47.72437001023071],[8.664210008397648,47.724270010230654]]}},{"type":"Feature","properties":{"g":"Schaffhausen","r":100},"geometry":{"type":"LineString","coordinates":[[8.664210008397648,47.724270010230654],[8.664240008397718,47.72416001023064]]}},{"type":"Feature","properties":{"g":"Schaffhausen","r":100},"geometry":{"type":"LineString","coordinates":[[8.664240008397718,47.72416001023064],[8.664250008397763,47.724030010230585]]}},{"type":"Feature","properties":{"g":"Schaffhausen","r":100},"geometry":{"type":"LineString","coordinates":[[8.664250008397763,47.724030010230585],[8.664250008397815,47.72387001023054]]}},{"type":"Feature","properties":{"g":"Schaffhausen","r":100},"geometry":{"type":"LineString","coordinates":[[8.664250008397815,47.72387001023054],[8.664230008397846,47.72374001023051]]}},{"type":"Feature","properties":{"g":"Schaffhausen","r":100},"geometry":{"type":"LineString","coordinates":[[8.664230008397846,47.72374001023051],[8.664200008397852,47.72363001023049]]}},{"type":"Feature","properties":{"g":"Schaffhausen","r":100},"geometry":{"type":"LineString","coordinates":[[8.664200008397852,47.72363001023049],[8.664170008397853,47.723540010230465]]}},{"type":"Feature","properties":{"g":"Schaffhausen","r":100},"geometry":{"type":"LineString","coordinates":[[8.662380008396388,47.722795543928065],[8.662380008396363,47.72292001023085],[8.662390008396354,47.7229900102309],[8.662420008396358,47.723050010230885],[8.66245000839637,47.723110010230876],[8.662570008396436,47.72325001023088],[8.662650008396483,47.72334001023087],[8.662650008396474,47.72335001023092]]}},{"type":"Feature","properties":{"g":"Schaffhausen","r":100},"geometry":{"type":"LineString","coordinates":[[8.62617000836674,47.708670010237775],[8.62628000836685,47.70866001023771],[8.626330008366892,47.70866001023769],[8.626400008366968,47.708640010237694],[8.626480008367052,47.708630010237634],[8.626489998735357,47.7086275126494]]}},{"type":"Feature","properties":{"g":"Schaffhausen","r":100},"geometry":{"type":"LineString","coordinates":[[8.638360008382978,47.6945500102303],[8.639031628995628,47.69478361748127]]}},{"type":"Feature","properties":{"g":"Schaffhausen","r":100},"geometry":{"type":"LineString","coordinates":[[8.627890008371892,47.697990010234335],[8.627910008371916,47.69798001023432],[8.627970008371985,47.697960010234354],[8.628010008372021,47.69795001023429],[8.628100008372114,47.6979300102343],[8.628230008372253,47.69789001023424],[8.628340008372367,47.69786001023414],[8.628430008372456,47.69784001023411],[8.628500008372539,47.69781001023415],[8.628541444112498,47.69779619832573]]}},{"type":"Feature","properties":{"g":"Schaffhausen","r":100},"geometry":{"type":"LineString","coordinates":[[8.628617488547754,47.69773878997589],[8.628630008372689,47.69772001023406],[8.628640008372713,47.69768001023405],[8.628650008372736,47.69764001023404],[8.628650008372743,47.697600010233984],[8.628670008372794,47.697510010233984],[8.628680008372825,47.69744001023396],[8.628680008372848,47.69738001023398],[8.628680008372855,47.69734001023393],[8.62868000837287,47.6973100102339],[8.628670008372872,47.69728001023392],[8.628650008372865,47.69724001023392],[8.628590008372838,47.69715001023393],[8.62853000837281,47.69706001023389],[8.628470008372787,47.69696001023391],[8.628410008372754,47.69689001023387],[8.628380008372744,47.69683001023387],[8.628360018041866,47.69679669302724]]}},{"type":"Feature","properties":{"g":"Schaffhausen","r":100},"geometry":{"type":"LineString","coordinates":[[8.628594325705418,47.69625820680016],[8.628680008373232,47.696210010233635],[8.628920008373509,47.6960600102335],[8.629066647831598,47.6959737517662]]}},{"type":"Feature","properties":{"g":"Schaffhausen","r":100},"geometry":{"type":"LineString","coordinates":[[8.638360008382978,47.6945500102303],[8.638270008382868,47.69464001023039]]}},{"type":"Feature","properties":{"g":"Schaffhausen","r":100},"geometry":{"type":"LineString","coordinates":[[8.638270008382868,47.69464001023039],[8.63822000838279,47.69471001023038]]}},{"type":"Feature","properties":{"g":"Schaffhausen","r":100},"geometry":{"type":"LineString","coordinates":[[8.63822000838279,47.69471001023038],[8.638190008382741,47.69479001023041]]}},{"type":"Feature","properties":{"g":"Schaffhausen","r":100},"geometry":{"type":"LineString","coordinates":[[8.638190008382741,47.69479001023041],[8.63820000838272,47.69488001023046]]}},{"type":"Feature","properties":{"g":"Schaffhausen","r":100},"geometry":{"type":"LineString","coordinates":[[8.63820000838272,47.69488001023046],[8.63822000838272,47.69494001023048]]}},{"type":"Feature","properties":{"g":"Schaffhausen","r":100},"geometry":{"type":"LineString","coordinates":[[8.63822000838272,47.69494001023048],[8.63823000838269,47.6950600102305]]}},{"type":"Feature","properties":{"g":"Schaffhausen","r":100},"geometry":{"type":"LineString","coordinates":[[8.63823000838269,47.6950600102305],[8.638240008382619,47.69529001023055]]}},{"type":"Feature","properties":{"g":"Schaffhausen","r":100},"geometry":{"type":"LineString","coordinates":[[8.638280008373014,47.724460010238474],[8.638440008373115,47.724610010238415]]}},{"type":"Feature","properties":{"g":"Schaffhausen","r":100},"geometry":{"type":"LineString","coordinates":[[8.627531034337938,47.70674514027548],[8.627510008368684,47.70664001023682],[8.627490008368728,47.706430010236765]]}},{"type":"Feature","properties":{"g":"Schaffhausen","r":100},"geometry":{"type":"LineString","coordinates":[[8.631760008377025,47.69358001023202],[8.631890008377157,47.69356001023197]]}},{"type":"Feature","properties":{"g":"Schaffhausen","r":100},"geometry":{"type":"LineString","coordinates":[[8.631890008377157,47.69356001023197],[8.631980008377253,47.693540010231935]]}},{"type":"Feature","properties":{"g":"Schaffhausen","r":100},"geometry":{"type":"LineString","coordinates":[[8.631980008377253,47.693540010231935],[8.632110008377376,47.6935300102319]]}},{"type":"Feature","properties":{"g":"Schaffhausen","r":100},"geometry":{"type":"LineString","coordinates":[[8.632110008377376,47.6935300102319],[8.632240286066745,47.69350702007676]]}},{"type":"Feature","properties":{"g":"Schaffhausen","r":100},"geometry":{"type":"LineString","coordinates":[[8.63253372302186,47.69348632454008],[8.632660008377915,47.693480010231724]]}},{"type":"Feature","properties":{"g":"Schaffhausen","r":100},"geometry":{"type":"LineString","coordinates":[[8.632660008377915,47.693480010231724],[8.6328500083781,47.69347001023163]]}},{"type":"Feature","properties":{"g":"Schaffhausen","r":100},"geometry":{"type":"LineString","coordinates":[[8.6328500083781,47.69347001023163],[8.63305000837829,47.693470010231565]]}},{"type":"Feature","properties":{"g":"Schaffhausen","r":100},"geometry":{"type":"LineString","coordinates":[[8.64375000838772,47.69571001022902],[8.643760008387744,47.69565001022903]]}},{"type":"Feature","properties":{"g":"Schaffhausen","r":100},"geometry":{"type":"LineString","coordinates":[[8.643780008387779,47.695600010228944],[8.643800008387815,47.69555001022897]]}},{"type":"Feature","properties":{"g":"Schaffhausen","r":100},"geometry":{"type":"LineString","coordinates":[[8.65186000838837,47.71698001023239],[8.651740008388256,47.71698001023244]]}},{"type":"Feature","properties":{"g":"Schaffhausen","r":100},"geometry":{"type":"LineString","coordinates":[[8.649910008386389,47.71738001023309],[8.649920008386369,47.71746001023306]]}},{"type":"Feature","properties":{"g":"Schaffhausen","r":100},"geometry":{"type":"LineString","coordinates":[[8.649920008386369,47.71746001023306],[8.649930008386365,47.71751001023308]]}},{"type":"Feature","properties":{"g":"Schaffhausen","r":100},"geometry":{"type":"LineString","coordinates":[[8.649930008386365,47.71751001023308],[8.649990008386393,47.7176000102331]]}},{"type":"Feature","properties":{"g":"Schaffhausen","r":100},"geometry":{"type":"LineString","coordinates":[[8.623650008369603,47.69271001023419],[8.62401000836994,47.69274001023405]]}},{"type":"Feature","properties":{"g":"Schaffhausen","r":100},"geometry":{"type":"LineString","coordinates":[[8.62401000836994,47.69274001023405],[8.624350008370238,47.692800010233995]]}},{"type":"Feature","properties":{"g":"Schaffhausen","r":100},"geometry":{"type":"LineString","coordinates":[[8.624380008370267,47.69280001023397],[8.624710008370572,47.692840010233894]]}},{"type":"Feature","properties":{"g":"Schaffhausen","r":100},"geometry":{"type":"LineString","coordinates":[[8.624710008370572,47.692840010233894],[8.625440008371227,47.69294001023368]]}},{"type":"Feature","properties":{"g":"Schaffhausen","r":100},"geometry":{"type":"LineString","coordinates":[[8.625440008371227,47.69294001023368],[8.625731909803227,47.69298027328796]]}},{"type":"Feature","properties":{"g":"Schaffhausen","r":100},"geometry":{"type":"LineString","coordinates":[[8.662650008396474,47.72335001023092],[8.662880008396606,47.723620010230874],[8.662920008396625,47.72366001023092],[8.662950008396646,47.7237000102309],[8.662970008396652,47.723740010230905],[8.66298000839665,47.723770010230936],[8.662980008396644,47.7237900102309],[8.662960008396572,47.723950010230936],[8.66295000839653,47.72404001023096],[8.662940008396511,47.724070010230996],[8.662950008396507,47.724120010231],[8.662960008396496,47.72418001023102],[8.662980008396488,47.72425001023098],[8.66300000839648,47.72433001023106],[8.663040008396477,47.724460010231084],[8.66305389986662,47.72449242368564]]}},{"type":"Feature","properties":{"g":"Schaffhausen","r":100},"geometry":{"type":"LineString","coordinates":[[8.663069118415569,47.72460446013947],[8.663060008396434,47.7246500102311],[8.663030008396385,47.72470001023113],[8.662990008396328,47.72476001023119],[8.662940008396255,47.72484001023117],[8.662890008396193,47.724900010231224],[8.662860008396148,47.72494001023124],[8.662850008396129,47.72496001023127],[8.662830008396092,47.725010010231266],[8.66281000839606,47.72506001023126],[8.662780008396,47.72515001023133],[8.662730008395927,47.72523001023138],[8.662680008395853,47.72530001023139],[8.66262000839577,47.725400010231446],[8.662570008395688,47.72551001023148],[8.662550008395645,47.725560010231504]]}},{"type":"Feature","properties":{"g":"Schaffhausen","r":100},"geometry":{"type":"LineString","coordinates":[[8.662550008395645,47.725560010231504],[8.662460008395502,47.72574001023159],[8.662330008395294,47.72599001023171],[8.662300008395238,47.72609001023168],[8.662270008395172,47.72618001023175],[8.662253111951536,47.72621943529085]]}},{"type":"Feature","properties":{"g":"Schaffhausen","r":100},"geometry":{"type":"LineString","coordinates":[[8.627570008371368,47.69867001023462],[8.627580008371385,47.698630010234616],[8.6275800083714,47.6986000102346],[8.627580008371421,47.698540010234595],[8.62758000837144,47.69847001023455],[8.627580008371467,47.69839001023457],[8.627590008371497,47.6983300102345],[8.627600008371523,47.69829001023451],[8.627620008371549,47.69825001023452],[8.627650008371601,47.698200010234444],[8.627690008371651,47.69816001023445],[8.627740008371712,47.698110010234466],[8.627780008371765,47.69807001023436],[8.627810008371798,47.698050010234354],[8.627840008371845,47.698020010234366],[8.627860008371867,47.69801001023435],[8.627890008371892,47.697990010234335]]}},{"type":"Feature","properties":{"g":"Schaffhausen","r":100},"geometry":{"type":"LineString","coordinates":[[8.627542884654764,47.6987152164334],[8.627570008371368,47.69867001023462]]}},{"type":"Feature","properties":{"g":"Schaffhausen","r":100},"geometry":{"type":"LineString","coordinates":[[8.630032360914326,47.69370001026131],[8.630190008375498,47.69370001023252]]}},{"type":"Feature","properties":{"g":"Schaffhausen","r":100},"geometry":{"type":"LineString","coordinates":[[8.630190008375498,47.69370001023252],[8.63032000837562,47.693710010232465]]}},{"type":"Feature","properties":{"g":"Schaffhausen","r":100},"geometry":{"type":"LineString","coordinates":[[8.63032000837562,47.693710010232465],[8.63045000837574,47.6937100102324]]}},{"type":"Feature","properties":{"g":"Schaffhausen","r":100},"geometry":{"type":"LineString","coordinates":[[8.63045000837574,47.6937100102324],[8.630600008375882,47.69371001023236]]}},{"type":"Feature","properties":{"g":"Schaffhausen","r":100},"geometry":{"type":"LineString","coordinates":[[8.630600008375882,47.69371001023236],[8.63075000837602,47.69371001023235]]}},{"type":"Feature","properties":{"g":"Schaffhausen","r":100},"geometry":{"type":"LineString","coordinates":[[8.63075000837602,47.69371001023235],[8.630910008376185,47.69369001023226]]}},{"type":"Feature","properties":{"g":"Schaffhausen","r":100},"geometry":{"type":"LineString","coordinates":[[8.630910008376185,47.69369001023226],[8.631060008376336,47.6936700102322]]}},{"type":"Feature","properties":{"g":"Schaffhausen","r":100},"geometry":{"type":"LineString","coordinates":[[8.631060008376336,47.6936700102322],[8.631260008376529,47.69365001023218]]}},{"type":"Feature","properties":{"g":"Schaffhausen","r":100},"geometry":{"type":"LineString","coordinates":[[8.631260008376529,47.69365001023218],[8.63149000837676,47.69362001023209]]}},{"type":"Feature","properties":{"g":"Schaffhausen","r":100},"geometry":{"type":"LineString","coordinates":[[8.63149000837676,47.69362001023209],[8.631590008376856,47.69361001023204]]}},{"type":"Feature","properties":{"g":"Schaffhausen","r":100},"geometry":{"type":"LineString","coordinates":[[8.631590008376856,47.69361001023204],[8.631710008376977,47.69359001023203]]}},{"type":"Feature","properties":{"g":"Schaffhausen","r":100},"geometry":{"type":"LineString","coordinates":[[8.627490008368728,47.706430010236765],[8.62748000836877,47.70627001023673],[8.627460008368843,47.706000010236664],[8.62743000836888,47.70582001023659],[8.627410008368937,47.70559001023656],[8.62740000836898,47.70543001023652],[8.62740000836901,47.70533001023649],[8.627390008369009,47.705300010236506],[8.627390008369032,47.70524001023647],[8.627390008369023,47.70512250878514]]}},{"type":"Feature","properties":{"g":"Schaffhausen","r":100},"geometry":{"type":"LineString","coordinates":[[8.62316656033939,47.713562811767694],[8.623170008362273,47.713560010239966],[8.623440008362598,47.71336001023985],[8.62380000836302,47.71312001023966],[8.624050008363309,47.71296001023955],[8.624070008363338,47.712940010239535],[8.624110008363386,47.712910010239504],[8.624140008363415,47.7128900102395],[8.624190008363477,47.71285001023949],[8.624240008363545,47.71280001023944],[8.624280008363591,47.712750010239425],[8.624330008363657,47.71270001023937],[8.62437000836372,47.71264001023935],[8.624400008363763,47.71259001023936],[8.624430008363806,47.712540010239316],[8.624460008363853,47.71248001023935],[8.624510008363952,47.71234001023925],[8.624550008364015,47.71225001023924],[8.624630952330973,47.71205632472097]]}},{"type":"Feature","properties":{"g":"Schaffhausen","r":100},"geometry":{"type":"LineString","coordinates":[[8.625773541364502,47.70942264476461],[8.625780008366133,47.709400010238085],[8.625800008366173,47.70932001023806],[8.625840008366245,47.70923001023801],[8.625870008366297,47.70915001023799],[8.625900008366347,47.709080010237955],[8.625940008366403,47.709020010237914],[8.625990008366472,47.708950010237864],[8.626020008366515,47.708920010237854],[8.626050008366555,47.70888001023787],[8.626100008366622,47.708830010237804],[8.626140008366676,47.70879001023779],[8.626170008366707,47.708760010237775],[8.626180008366727,47.708720010237755],[8.62617000836674,47.708670010237775]]}},{"type":"Feature","properties":{"g":"Schaffhausen","r":100},"geometry":{"type":"LineString","coordinates":[[8.589930274662564,47.73065441103531],[8.589950008325054,47.730610010254395],[8.589990008325117,47.730520010254295],[8.590040008325202,47.730430010254295],[8.59009000832528,47.73033001025422],[8.590160008325382,47.73022001025421],[8.59023000832549,47.730110010254165],[8.590290008325564,47.73004001025412],[8.590370008325682,47.72991001025406],[8.590510008325879,47.72972001025397],[8.590640008326066,47.72952001025389],[8.590710008326171,47.72942001025384]]}},{"type":"Feature","properties":{"g":"Schaffhausen","r":100},"geometry":{"type":"LineString","coordinates":[[8.650420008386906,47.71727001023289],[8.650310008386798,47.71729001023287]]}},{"type":"Feature","properties":{"g":"Schaffhausen","r":100},"geometry":{"type":"LineString","coordinates":[[8.650310008386798,47.71729001023287],[8.650190008386682,47.71730001023296]]}},{"type":"Feature","properties":{"g":"Schaffhausen","r":100},"geometry":{"type":"LineString","coordinates":[[8.650190008386682,47.71730001023296],[8.65008000838658,47.71730001023301]]}},{"type":"Feature","properties":{"g":"Schaffhausen","r":100},"geometry":{"type":"LineString","coordinates":[[8.65008000838658,47.71730001023301],[8.649910008386405,47.71734001023303]]}},{"type":"Feature","properties":{"g":"Schaffhausen","r":100},"geometry":{"type":"LineString","coordinates":[[8.635218222270653,47.702809384768756],[8.635270008377288,47.702900010233506]]}},{"type":"Feature","properties":{"g":"Schaffhausen","r":100},"geometry":{"type":"LineString","coordinates":[[8.635270008377288,47.702900010233506],[8.635460008377377,47.70319001023351]]}},{"type":"Feature","properties":{"g":"Schaffhausen","r":100},"geometry":{"type":"LineString","coordinates":[[8.635460008377377,47.70319001023351],[8.635570008377417,47.70336001023355]]}},{"type":"Feature","properties":{"g":"Schaffhausen","r":100},"geometry":{"type":"LineString","coordinates":[[8.635570008377417,47.70336001023355],[8.635630008377447,47.70345001023353]]}},{"type":"Feature","properties":{"g":"Schaffhausen","r":100},"geometry":{"type":"LineString","coordinates":[[8.635630008377447,47.70345001023353],[8.635660008377455,47.70352001023352]]}},{"type":"Feature","properties":{"g":"Schaffhausen","r":100},"geometry":{"type":"LineString","coordinates":[[8.635660008377455,47.70352001023352],[8.635710008377467,47.703630010233574]]}},{"type":"Feature","properties":{"g":"Schaffhausen","r":100},"geometry":{"type":"LineString","coordinates":[[8.63573000837747,47.70367001023358],[8.635760008377483,47.703720010233575]]}},{"type":"Feature","properties":{"g":"Schaffhausen","r":100},"geometry":{"type":"LineString","coordinates":[[8.635760008377483,47.703720010233575],[8.635820008377497,47.70385001023357]]}},{"type":"Feature","properties":{"g":"Schaffhausen","r":100},"geometry":{"type":"LineString","coordinates":[[8.635820008377497,47.70385001023357],[8.635880008377503,47.704000010233585]]}},{"type":"Feature","properties":{"g":"Schaffhausen","r":100},"geometry":{"type":"LineString","coordinates":[[8.635880008377503,47.704000010233585],[8.635910008377508,47.70408001023364]]}},{"type":"Feature","properties":{"g":"Schaffhausen","r":100},"geometry":{"type":"LineString","coordinates":[[8.635910008377508,47.70408001023364],[8.63604000837753,47.70439001023366]]}},{"type":"Feature","properties":{"g":"Schaffhausen","r":100},"geometry":{"type":"LineString","coordinates":[[8.63604000837753,47.70439001023366],[8.636075490208174,47.70446807031093]]}},{"type":"Feature","properties":{"g":"Schaffhausen","r":100},"geometry":{"type":"LineString","coordinates":[[8.636832788409862,47.70622557033674],[8.63687000837768,47.70630001023395]]}},{"type":"Feature","properties":{"g":"Schaffhausen","r":100},"geometry":{"type":"LineString","coordinates":[[8.63687000837768,47.70630001023395],[8.63695000837771,47.706450010233965]]}},{"type":"Feature","properties":{"g":"Schaffhausen","r":100},"geometry":{"type":"LineString","coordinates":[[8.63695000837771,47.706450010233965],[8.637080008377758,47.706680010233995]]}},{"type":"Feature","properties":{"g":"Schaffhausen","r":100},"geometry":{"type":"LineString","coordinates":[[8.637080008377758,47.706680010233995],[8.637260008377824,47.70699001023399]]}},{"type":"Feature","properties":{"g":"Schaffhausen","r":100},"geometry":{"type":"LineString","coordinates":[[8.637260008377824,47.70699001023399],[8.637430008377901,47.70725001023404]]}},{"type":"Feature","properties":{"g":"Schaffhausen","r":100},"geometry":{"type":"LineString","coordinates":[[8.637430008377901,47.70725001023404],[8.637570008377976,47.70743001023405]]}},{"type":"Feature","properties":{"g":"Schaffhausen","r":100},"geometry":{"type":"LineString","coordinates":[[8.637570008377976,47.70743001023405],[8.637750008378074,47.70765001023404]]}},{"type":"Feature","properties":{"g":"Schaffhausen","r":100},"geometry":{"type":"LineString","coordinates":[[8.637750008378074,47.70765001023404],[8.63790567441581,47.70783397949795]]}},{"type":"Feature","properties":{"g":"Schaffhausen","r":100},"geometry":{"type":"LineString","coordinates":[[8.637910008381912,47.69648001023098],[8.637820008381713,47.6968300102311]]}},{"type":"Feature","properties":{"g":"Schaffhausen","r":100},"geometry":{"type":"LineString","coordinates":[[8.637820008381713,47.6968300102311],[8.63778000838162,47.697000010231164]]}},{"type":"Feature","properties":{"g":"Schaffhausen","r":100},"geometry":{"type":"LineString","coordinates":[[8.63778000838162,47.697000010231164],[8.637720008381477,47.69726001023127]]}},{"type":"Feature","properties":{"g":"Schaffhausen","r":100},"geometry":{"type":"LineString","coordinates":[[8.637720008381477,47.69726001023127],[8.637650008381339,47.69748001023134]]}},{"type":"Feature","properties":{"g":"Schaffhausen","r":100},"geometry":{"type":"LineString","coordinates":[[8.63305000837829,47.693470010231565],[8.633280008378502,47.693480010231525]]}},{"type":"Feature","properties":{"g":"Schaffhausen","r":100},"geometry":{"type":"LineString","coordinates":[[8.633280008378502,47.693480010231525],[8.634120008379293,47.693500010231304]]}},{"type":"Feature","properties":{"g":"Schaffhausen","r":100},"geometry":{"type":"LineString","coordinates":[[8.634120008379293,47.693500010231304],[8.634620008379768,47.69352001023113]]}},{"type":"Feature","properties":{"g":"Schaffhausen","r":100},"geometry":{"type":"LineString","coordinates":[[8.634620008379768,47.69352001023113],[8.634840008379976,47.69352001023112]]}},{"type":"Feature","properties":{"g":"Schaffhausen","r":100},"geometry":{"type":"LineString","coordinates":[[8.634840008379976,47.69352001023112],[8.635000008380123,47.693530010231015]]}},{"type":"Feature","properties":{"g":"Schaffhausen","r":100},"geometry":{"type":"LineString","coordinates":[[8.635000008380123,47.693530010231015],[8.635130008380244,47.69354001023098]]}},{"type":"Feature","properties":{"g":"Schaffhausen","r":100},"geometry":{"type":"LineString","coordinates":[[8.635130008380244,47.69354001023098],[8.63521000838032,47.693550010230965]]}},{"type":"Feature","properties":{"g":"Schaffhausen","r":100},"geometry":{"type":"LineString","coordinates":[[8.63521000838032,47.693550010230965],[8.63540000838049,47.69358001023093]]}},{"type":"Feature","properties":{"g":"Schaffhausen","r":100},"geometry":{"type":"LineString","coordinates":[[8.63540000838049,47.69358001023093],[8.635544979207182,47.69359891952623]]}},{"type":"Feature","properties":{"g":"Schaffhausen","r":100},"geometry":{"type":"LineString","coordinates":[[8.636746953759015,47.6939159909694],[8.636900008381787,47.6939700102306]]}},{"type":"Feature","properties":{"g":"Schaffhausen","r":100},"geometry":{"type":"LineString","coordinates":[[8.636900008381787,47.6939700102306],[8.637090008381946,47.694040010230545]]}},{"type":"Feature","properties":{"g":"Schaffhausen","r":100},"geometry":{"type":"LineString","coordinates":[[8.637090008381946,47.694040010230545],[8.637290008382106,47.69412001023048]]}},{"type":"Feature","properties":{"g":"Schaffhausen","r":100},"geometry":{"type":"LineString","coordinates":[[8.637290008382106,47.69412001023048],[8.637510008382288,47.69420001023046]]}},{"type":"Feature","properties":{"g":"Schaffhausen","r":100},"geometry":{"type":"LineString","coordinates":[[8.637510008382288,47.69420001023046],[8.637830008382549,47.69433001023042]]}},{"type":"Feature","properties":{"g":"Schaffhausen","r":100},"geometry":{"type":"LineString","coordinates":[[8.637830008382549,47.69433001023042],[8.638360008382978,47.6945500102303]]}},{"type":"Feature","properties":{"g":"Schaffhausen","r":100},"geometry":{"type":"LineString","coordinates":[[8.631770008376886,47.69404001023213],[8.63178000837692,47.693970010232064],[8.631790008376953,47.69390001023209],[8.631790008376973,47.69384001023204],[8.631780008376975,47.693800010232074],[8.63178000837698,47.69377001023202],[8.631770008376991,47.693730010232066],[8.631750008376986,47.693680010231986],[8.631730008376982,47.69363001023203],[8.631710008376977,47.69359001023203]]}},{"type":"Feature","properties":{"g":"Schaffhausen","r":100},"geometry":{"type":"LineString","coordinates":[[8.640300008381079,47.70589001023282],[8.640330008381143,47.70579001023279]]}},{"type":"Feature","properties":{"g":"Schaffhausen","r":100},"geometry":{"type":"LineString","coordinates":[[8.640330008381143,47.70579001023279],[8.640380008381209,47.70573001023271]]}},{"type":"Feature","properties":{"g":"Schaffhausen","r":100},"geometry":{"type":"LineString","coordinates":[[8.640380008381209,47.70573001023271],[8.640420008381255,47.70569001023272]]}},{"type":"Feature","properties":{"g":"Schaffhausen","r":100},"geometry":{"type":"LineString","coordinates":[[8.640420008381255,47.70569001023272],[8.640500008381345,47.70565001023265]]}},{"type":"Feature","properties":{"g":"Schaffhausen","r":100},"geometry":{"type":"LineString","coordinates":[[8.640500008381345,47.70565001023265],[8.640570008381426,47.70562001023266]]}},{"type":"Feature","properties":{"g":"Schaffhausen","r":100},"geometry":{"type":"LineString","coordinates":[[8.640570008381426,47.70562001023266],[8.640640008381489,47.705610010232654]]}},{"type":"Feature","properties":{"g":"Schaffhausen","r":100},"geometry":{"type":"LineString","coordinates":[[8.64070000838155,47.705610010232625],[8.640850008381685,47.705640010232585]]}},{"type":"Feature","properties":{"g":"Schaffhausen","r":100},"geometry":{"type":"LineString","coordinates":[[8.640850008381685,47.705640010232585],[8.641100008381901,47.70570001023254]]}},{"type":"Feature","properties":{"g":"Schaffhausen","r":100},"geometry":{"type":"LineString","coordinates":[[8.641100008381901,47.70570001023254],[8.64138000838214,47.705780010232466]]}},{"type":"Feature","properties":{"g":"Schaffhausen","r":100},"geometry":{"type":"LineString","coordinates":[[8.643708977492901,47.707020274246645],[8.643920008384102,47.70713001023208]]}},{"type":"Feature","properties":{"g":"Schaffhausen","r":100},"geometry":{"type":"LineString","coordinates":[[8.643920008384102,47.70713001023208],[8.64410000838424,47.707220010232035]]}},{"type":"Feature","properties":{"g":"Schaffhausen","r":100},"geometry":{"type":"LineString","coordinates":[[8.64410000838424,47.707220010232035],[8.64425000838436,47.707300010232004]]}},{"type":"Feature","properties":{"g":"Schaffhausen","r":100},"geometry":{"type":"LineString","coordinates":[[8.64425000838436,47.707300010232004],[8.644550008384593,47.70745001023196]]}},{"type":"Feature","properties":{"g":"Schaffhausen","r":100},"geometry":{"type":"LineString","coordinates":[[8.644550008384593,47.70745001023196],[8.6446800083847,47.707500010231996]]}},{"type":"Feature","properties":{"g":"Schaffhausen","r":100},"geometry":{"type":"LineString","coordinates":[[8.6446800083847,47.707500010231996],[8.644740008384753,47.70753001023194]]}},{"type":"Feature","properties":{"g":"Schaffhausen","r":100},"geometry":{"type":"LineString","coordinates":[[8.644740008384753,47.70753001023194],[8.644930008384899,47.707620010231935]]}},{"type":"Feature","properties":{"g":"Schaffhausen","r":100},"geometry":{"type":"LineString","coordinates":[[8.644930008384899,47.707620010231935],[8.645110008385052,47.70768001023187]]}},{"type":"Feature","properties":{"g":"Schaffhausen","r":100},"geometry":{"type":"LineString","coordinates":[[8.645110008385052,47.70768001023187],[8.64567000838552,47.70787001023176]]}},{"type":"Feature","properties":{"g":"Schaffhausen","r":100},"geometry":{"type":"LineString","coordinates":[[8.64567000838552,47.70787001023176],[8.64614235438853,47.70802958740374]]}},{"type":"Feature","properties":{"g":"Schaffhausen","r":100},"geometry":{"type":"LineString","coordinates":[[8.651680008388198,47.71699001023242],[8.651590008388112,47.71699001023245]]}},{"type":"Feature","properties":{"g":"Schaffhausen","r":100},"geometry":{"type":"LineString","coordinates":[[8.651590008388112,47.71699001023245],[8.65146000838798,47.71701001023252]]}},{"type":"Feature","properties":{"g":"Schaffhausen","r":100},"geometry":{"type":"LineString","coordinates":[[8.65146000838798,47.71701001023252],[8.65132000838784,47.71704001023258]]}},{"type":"Feature","properties":{"g":"Schaffhausen","r":100},"geometry":{"type":"LineString","coordinates":[[8.65132000838784,47.71704001023258],[8.65115000838766,47.71709001023261]]}},{"type":"Feature","properties":{"g":"Schaffhausen","r":100},"geometry":{"type":"LineString","coordinates":[[8.65115000838766,47.71709001023261],[8.650810008387305,47.7171900102328]]}},{"type":"Feature","properties":{"g":"Schaffhausen","r":100},"geometry":{"type":"LineString","coordinates":[[8.650810008387305,47.7171900102328],[8.650630008387123,47.71723001023282]]}},{"type":"Feature","properties":{"g":"Schaffhausen","r":100},"geometry":{"type":"LineString","coordinates":[[8.650630008387123,47.71723001023282],[8.650450008386944,47.71727001023289]]}},{"type":"Feature","properties":{"g":"Schaffhausen","r":100},"geometry":{"type":"LineString","coordinates":[[8.64028271096563,47.72355232291144],[8.640130008375051,47.72361001023765]]}},{"type":"Feature","properties":{"g":"Schaffhausen","r":100},"geometry":{"type":"LineString","coordinates":[[8.640130008375051,47.72361001023765],[8.639620008374505,47.723810010237834]]}},{"type":"Feature","properties":{"g":"Schaffhausen","r":100},"geometry":{"type":"LineString","coordinates":[[8.664170008397853,47.723540010230465],[8.664130008397851,47.72343001023048]]}},{"type":"Feature","properties":{"g":"Schaffhausen","r":100},"geometry":{"type":"LineString","coordinates":[[8.664130008397851,47.72343001023048],[8.664110008397852,47.72338001023045]]}},{"type":"Feature","properties":{"g":"Schaffhausen","r":100},"geometry":{"type":"LineString","coordinates":[[8.664110008397852,47.72338001023045],[8.664060008397826,47.72330001023045]]}},{"type":"Feature","properties":{"g":"Schaffhausen","r":100},"geometry":{"type":"LineString","coordinates":[[8.664060008397826,47.72330001023045],[8.664010008397806,47.72323001023046]]}},{"type":"Feature","properties":{"g":"Schaffhausen","r":100},"geometry":{"type":"LineString","coordinates":[[8.664010008397806,47.72323001023046],[8.66395000839777,47.72316001023042]]}},{"type":"Feature","properties":{"g":"Schaffhausen","r":100},"geometry":{"type":"LineString","coordinates":[[8.66395000839777,47.72316001023042],[8.663880008397735,47.72307001023043]]}},{"type":"Feature","properties":{"g":"Schaffhausen","r":100},"geometry":{"type":"LineString","coordinates":[[8.663880008397735,47.72307001023043],[8.663790008397678,47.72297001023043]]}},{"type":"Feature","properties":{"g":"Schaffhausen","r":100},"geometry":{"type":"LineString","coordinates":[[8.663790008397678,47.72297001023043],[8.663700008397631,47.722880010230455]]}},{"type":"Feature","properties":{"g":"Schaffhausen","r":100},"geometry":{"type":"LineString","coordinates":[[8.663700008397631,47.722880010230455],[8.663530008397514,47.722740010230446]]}},{"type":"Feature","properties":{"g":"Schaffhausen","r":100},"geometry":{"type":"LineString","coordinates":[[8.663530008397514,47.722740010230446],[8.663468086071713,47.72269666463466]]}},{"type":"Feature","properties":{"g":"Schaffhausen","r":100},"geometry":{"type":"LineString","coordinates":[[8.643810008387831,47.695530010228964],[8.643850008387899,47.69545001022894]]}},{"type":"Feature","properties":{"g":"Schaffhausen","r":100},"geometry":{"type":"LineString","coordinates":[[8.643850008387899,47.69545001022894],[8.643880008387942,47.69540001022892]]}},{"type":"Feature","properties":{"g":"Schaffhausen","r":100},"geometry":{"type":"LineString","coordinates":[[8.643880008387942,47.69540001022892],[8.643920008387997,47.6953600102289]]}},{"type":"Feature","properties":{"g":"Schaffhausen","r":100},"geometry":{"type":"LineString","coordinates":[[8.643920008387997,47.6953600102289],[8.64397000838805,47.69532001022885]]}},{"type":"Feature","properties":{"g":"Schaffhausen","r":100},"geometry":{"type":"LineString","coordinates":[[8.644010008388102,47.69529001022887],[8.644070008388168,47.695260010228836]]}},{"type":"Feature","properties":{"g":"Schaffhausen","r":100},"geometry":{"type":"LineString","coordinates":[[8.644070008388168,47.695260010228836],[8.644160008388258,47.69523001022876]]}},{"type":"Feature","properties":{"g":"Schaffhausen","r":100},"geometry":{"type":"LineString","coordinates":[[8.644160008388258,47.69523001022876],[8.64427000838838,47.69520001022873]]}},{"type":"Feature","properties":{"g":"Schaffhausen","r":100},"geometry":{"type":"LineString","coordinates":[[8.64427000838838,47.69520001022873],[8.644530008388648,47.69513001022864]]}},{"type":"Feature","properties":{"g":"Schaffhausen","r":100},"geometry":{"type":"LineString","coordinates":[[8.644530008388648,47.69513001022864],[8.644830008388963,47.69504001022852]]}},{"type":"Feature","properties":{"g":"Schaffhausen","r":100},"geometry":{"type":"LineString","coordinates":[[8.644830008388963,47.69504001022852],[8.645190008389342,47.6949400102284]]}},{"type":"Feature","properties":{"g":"Schaffhausen","r":100},"geometry":{"type":"LineString","coordinates":[[8.645190008389342,47.6949400102284],[8.645330008389482,47.69490001022834]]}},{"type":"Feature","properties":{"g":"Schaffhausen","r":100},"geometry":{"type":"LineString","coordinates":[[8.645330008389482,47.69490001022834],[8.645550008389714,47.6948300102283]]}},{"type":"Feature","properties":{"g":"Schaffhausen","r":100},"geometry":{"type":"LineString","coordinates":[[8.645550008389714,47.6948300102283],[8.645723697871228,47.69478038484168]]}},{"type":"Feature","properties":{"g":"Schaffhausen","r":100},"geometry":{"type":"LineString","coordinates":[[8.643480008387465,47.69570001022911],[8.643590008387566,47.695700010229054]]}},{"type":"Feature","properties":{"g":"Schaffhausen","r":100},"geometry":{"type":"LineString","coordinates":[[8.643590008387566,47.695700010229054],[8.643680008387651,47.695700010229054]]}},{"type":"Feature","properties":{"g":"Schaffhausen","r":100},"geometry":{"type":"LineString","coordinates":[[8.643680008387651,47.695700010229054],[8.64375000838772,47.69571001022902]]}},{"type":"Feature","properties":{"g":"Schaffhausen","r":100},"geometry":{"type":"LineString","coordinates":[[8.63160000837631,47.69530001023253],[8.631610008376368,47.695160010232485],[8.631620008376434,47.69498001023244],[8.63163000837648,47.69488001023239],[8.631650008376544,47.694730010232334],[8.631720008376755,47.69431001023222],[8.631740008376815,47.694190010232184],[8.631770008376886,47.69404001023213]]}},{"type":"Feature","properties":{"g":"Schaffhausen","r":100},"geometry":{"type":"LineString","coordinates":[[8.639620008374505,47.723810010237834],[8.63942000837428,47.723900010237905]]}},{"type":"Feature","properties":{"g":"Schaffhausen","r":100},"geometry":{"type":"LineString","coordinates":[[8.63942000837428,47.723900010237905],[8.639240008374085,47.723980010238016]]}},{"type":"Feature","properties":{"g":"Schaffhausen","r":100},"geometry":{"type":"LineString","coordinates":[[8.639240008374085,47.723980010238016],[8.638940008373751,47.72412001023812]]}},{"type":"Feature","properties":{"g":"Schaffhausen","r":100},"geometry":{"type":"LineString","coordinates":[[8.638940008373751,47.72412001023812],[8.638620008373392,47.724290010238285]]}},{"type":"Feature","properties":{"g":"Schaffhausen","r":100},"geometry":{"type":"LineString","coordinates":[[8.638620008373392,47.724290010238285],[8.638280008373014,47.724460010238474]]}},{"type":"Feature","properties":{"g":"Schaffhausen","r":100},"geometry":{"type":"LineString","coordinates":[[8.635950008378842,47.70014001023253],[8.63580000837868,47.70021001023264]]}},{"type":"Feature","properties":{"g":"Schaffhausen","r":100},"geometry":{"type":"LineString","coordinates":[[8.63580000837868,47.70021001023264],[8.635670008378534,47.70028001023268]]}},{"type":"Feature","properties":{"g":"Schaffhausen","r":100},"geometry":{"type":"LineString","coordinates":[[8.636090008379359,47.6989800102322],[8.636020008379251,47.69911001023224]]}},{"type":"Feature","properties":{"g":"Schaffhausen","r":100},"geometry":{"type":"LineString","coordinates":[[8.636020008379251,47.69911001023224],[8.635970008379159,47.69924001023231]]}},{"type":"Feature","properties":{"g":"Schaffhausen","r":100},"geometry":{"type":"LineString","coordinates":[[8.635970008379159,47.69924001023231],[8.635920008379083,47.69934001023233]]}},{"type":"Feature","properties":{"g":"Schaffhausen","r":100},"geometry":{"type":"LineString","coordinates":[[8.635920008379083,47.69934001023233],[8.635890008379016,47.6994600102324]]}},{"type":"Feature","properties":{"g":"Schaffhausen","r":100},"geometry":{"type":"LineString","coordinates":[[8.635890008379016,47.6994600102324],[8.635850008378926,47.69960001023245]]}},{"type":"Feature","properties":{"g":"Schaffhausen","r":100},"geometry":{"type":"LineString","coordinates":[[8.635850008378926,47.69960001023245],[8.6358500083789,47.69969001023246]]}},{"type":"Feature","properties":{"g":"Schaffhausen","r":100},"geometry":{"type":"LineString","coordinates":[[8.6358500083789,47.69969001023246],[8.635850008378863,47.699790010232505]]}},{"type":"Feature","properties":{"g":"Schaffhausen","r":100},"geometry":{"type":"LineString","coordinates":[[8.635850008378863,47.699790010232505],[8.635880008378848,47.6999400102325]]}},{"type":"Feature","properties":{"g":"Schaffhausen","r":100},"geometry":{"type":"LineString","coordinates":[[8.635880008378848,47.6999400102325],[8.635910008378843,47.70003001023253]]}},{"type":"Feature","properties":{"g":"Schaffhausen","r":100},"geometry":{"type":"LineString","coordinates":[[8.635910008378843,47.70003001023253],[8.635950008378842,47.70014001023253]]}},{"type":"Feature","properties":{"g":"Schaffhausen","r":100},"geometry":{"type":"LineString","coordinates":[[8.649990008386393,47.7176000102331],[8.650091815825444,47.71777817413534]]}},{"type":"Feature","properties":{"g":"Schaffhausen","r":100},"geometry":{"type":"LineString","coordinates":[[8.63580000837868,47.70021001023264],[8.635440008378271,47.700400010232784],[8.635400008378241,47.7004100102328],[8.635365312486716,47.700418684206625]]}},{"type":"Feature","properties":{"g":"Schaffhausen","r":300},"geometry":{"type":"LineString","coordinates":[[8.650340008386328,47.718800010233345],[8.650270008386258,47.71881001023334]]}},{"type":"Feature","properties":{"g":"Schaffhausen","r":300},"geometry":{"type":"LineString","coordinates":[[8.650270008386258,47.71881001023334],[8.650030008386018,47.718840010233436]]}},{"type":"Feature","properties":{"g":"Schaffhausen","r":300},"geometry":{"type":"LineString","coordinates":[[8.650030008386018,47.718840010233436],[8.649770008385753,47.71889001023351]]}},{"type":"Feature","properties":{"g":"Schaffhausen","r":300},"geometry":{"type":"LineString","coordinates":[[8.649770008385753,47.71889001023351],[8.64947000838545,47.71897001023364]]}},{"type":"Feature","properties":{"g":"Schaffhausen","r":300},"geometry":{"type":"LineString","coordinates":[[8.64947000838545,47.71897001023364],[8.648880008384834,47.71913001023383]]}},{"type":"Feature","properties":{"g":"Schaffhausen","r":300},"geometry":{"type":"LineString","coordinates":[[8.648880008384834,47.71913001023383],[8.648640008384579,47.719200010233905]]}},{"type":"Feature","properties":{"g":"Schaffhausen","r":300},"geometry":{"type":"LineString","coordinates":[[8.648640008384579,47.719200010233905],[8.647910008383809,47.71944001023421]]}},{"type":"Feature","properties":{"g":"Schaffhausen","r":300},"geometry":{"type":"LineString","coordinates":[[8.647910008383809,47.71944001023421],[8.64736000838322,47.719650010234446]]}},{"type":"Feature","properties":{"g":"Schaffhausen","r":300},"geometry":{"type":"LineString","coordinates":[[8.64736000838322,47.719650010234446],[8.647150008382983,47.71975001023451]]}},{"type":"Feature","properties":{"g":"Schaffhausen","r":300},"geometry":{"type":"LineString","coordinates":[[8.647150008382983,47.71975001023451],[8.646770008382573,47.71992001023473]]}},{"type":"Feature","properties":{"g":"Schaffhausen","r":300},"geometry":{"type":"LineString","coordinates":[[8.646770008382573,47.71992001023473],[8.646530008382305,47.720030010234794]]}},{"type":"Feature","properties":{"g":"Schaffhausen","r":300},"geometry":{"type":"LineString","coordinates":[[8.646530008382305,47.720030010234794],[8.646220008381956,47.720210010234894]]}},{"type":"Feature","properties":{"g":"Schaffhausen","r":300},"geometry":{"type":"LineString","coordinates":[[8.646220008381956,47.720210010234894],[8.645920008381609,47.72039001023503]]}},{"type":"Feature","properties":{"g":"Schaffhausen","r":300},"geometry":{"type":"LineString","coordinates":[[8.645920008381609,47.72039001023503],[8.645680008381333,47.720540010235176]]}},{"type":"Feature","properties":{"g":"Schaffhausen","r":300},"geometry":{"type":"LineString","coordinates":[[8.645680008381333,47.720540010235176],[8.645460008381082,47.720670010235295]]}},{"type":"Feature","properties":{"g":"Schaffhausen","r":300},"geometry":{"type":"LineString","coordinates":[[8.645460008381082,47.720670010235295],[8.64524000838082,47.72083001023538]]}},{"type":"Feature","properties":{"g":"Schaffhausen","r":300},"geometry":{"type":"LineString","coordinates":[[8.64524000838082,47.72083001023538],[8.645090008380642,47.720940010235466]]}},{"type":"Feature","properties":{"g":"Schaffhausen","r":300},"geometry":{"type":"LineString","coordinates":[[8.645090008380642,47.720940010235466],[8.644980008380502,47.72103001023549]]}},{"type":"Feature","properties":{"g":"Schaffhausen","r":300},"geometry":{"type":"LineString","coordinates":[[8.644980008380502,47.72103001023549],[8.64474000838022,47.72121001023561]]}},{"type":"Feature","properties":{"g":"Schaffhausen","r":300},"geometry":{"type":"LineString","coordinates":[[8.64474000838022,47.72121001023561],[8.644585815199925,47.721342935778374]]}},{"type":"Feature","properties":{"g":"Schaffhausen","r":300},"geometry":{"type":"LineString","coordinates":[[8.633620008376688,47.69997001023319],[8.633680008376722,47.7000500102332]]}},{"type":"Feature","properties":{"g":"Schaffhausen","r":300},"geometry":{"type":"LineString","coordinates":[[8.633680008376722,47.7000500102332],[8.633780008376787,47.70014001023319]]}},{"type":"Feature","properties":{"g":"Schaffhausen","r":300},"geometry":{"type":"LineString","coordinates":[[8.633780008376787,47.70014001023319],[8.634030008376964,47.70031001023314]]}},{"type":"Feature","properties":{"g":"Schaffhausen","r":300},"geometry":{"type":"LineString","coordinates":[[8.634030008376964,47.70031001023314],[8.634380008377233,47.7005100102331]]}},{"type":"Feature","properties":{"g":"Schaffhausen","r":300},"geometry":{"type":"LineString","coordinates":[[8.634420008377264,47.70053001023312],[8.634470008377301,47.70057001023313]]}},{"type":"Feature","properties":{"g":"Schaffhausen","r":300},"geometry":{"type":"LineString","coordinates":[[8.634470008377301,47.70057001023313],[8.634530008377338,47.700630010233105]]}},{"type":"Feature","properties":{"g":"Schaffhausen","r":300},"geometry":{"type":"LineString","coordinates":[[8.634530008377338,47.700630010233105],[8.63458000837736,47.70070001023312]]}},{"type":"Feature","properties":{"g":"Schaffhausen","r":300},"geometry":{"type":"LineString","coordinates":[[8.63458000837736,47.70070001023312],[8.6346500083774,47.7007800102331]]}},{"type":"Feature","properties":{"g":"Schaffhausen","r":300},"geometry":{"type":"LineString","coordinates":[[8.6346500083774,47.7007800102331],[8.634710008377422,47.70089001023313]]}},{"type":"Feature","properties":{"g":"Schaffhausen","r":300},"geometry":{"type":"LineString","coordinates":[[8.634710008377422,47.70089001023313],[8.634750008377424,47.700990010233134]]}},{"type":"Feature","properties":{"g":"Schaffhausen","r":300},"geometry":{"type":"LineString","coordinates":[[8.634750008377424,47.700990010233134],[8.634780008377405,47.70114001023319]]}},{"type":"Feature","properties":{"g":"Schaffhausen","r":300},"geometry":{"type":"LineString","coordinates":[[8.634780008377405,47.70114001023319],[8.634810008377384,47.70129001023318]]}},{"type":"Feature","properties":{"g":"Schaffhausen","r":300},"geometry":{"type":"LineString","coordinates":[[8.634810008377384,47.70129001023318],[8.634880008377316,47.70171001023329]]}},{"type":"Feature","properties":{"g":"Schaffhausen","r":300},"geometry":{"type":"LineString","coordinates":[[8.634880008377316,47.70171001023329],[8.634920008377264,47.70196001023331]]}},{"type":"Feature","properties":{"g":"Schaffhausen","r":300},"geometry":{"type":"LineString","coordinates":[[8.638090008378256,47.70808001023406],[8.63816000837829,47.70818001023408]]}},{"type":"Feature","properties":{"g":"Schaffhausen","r":300},"geometry":{"type":"LineString","coordinates":[[8.63816000837829,47.70818001023408],[8.638260008378348,47.708290010234094]]}},{"type":"Feature","properties":{"g":"Schaffhausen","r":300},"geometry":{"type":"LineString","coordinates":[[8.638260008378348,47.708290010234094],[8.638380008378416,47.70843001023407]]}},{"type":"Feature","properties":{"g":"Schaffhausen","r":300},"geometry":{"type":"LineString","coordinates":[[8.638380008378416,47.70843001023407],[8.6385100083785,47.708560010234066]]}},{"type":"Feature","properties":{"g":"Schaffhausen","r":300},"geometry":{"type":"LineString","coordinates":[[8.6385100083785,47.708560010234066],[8.638610008378558,47.70866001023408]]}},{"type":"Feature","properties":{"g":"Schaffhausen","r":300},"geometry":{"type":"LineString","coordinates":[[8.638610008378558,47.70866001023408],[8.638800008378672,47.70885001023406]]}},{"type":"Feature","properties":{"g":"Schaffhausen","r":300},"geometry":{"type":"LineString","coordinates":[[8.638800008378672,47.70885001023406],[8.638940008378759,47.70899001023404]]}},{"type":"Feature","properties":{"g":"Schaffhausen","r":300},"geometry":{"type":"LineString","coordinates":[[8.638940008378759,47.70899001023404],[8.639050008378828,47.709110010234085]]}},{"type":"Feature","properties":{"g":"Schaffhausen","r":300},"geometry":{"type":"LineString","coordinates":[[8.639050008378828,47.709110010234085],[8.639130008378876,47.70920001023403]]}},{"type":"Feature","properties":{"g":"Schaffhausen","r":300},"geometry":{"type":"LineString","coordinates":[[8.639130008378876,47.70920001023403],[8.639190008378915,47.7092600102341]]}},{"type":"Feature","properties":{"g":"Schaffhausen","r":300},"geometry":{"type":"LineString","coordinates":[[8.662440008396679,47.722150010230614],[8.662370008396621,47.72211001023062]]}},{"type":"Feature","properties":{"g":"Schaffhausen","r":300},"geometry":{"type":"LineString","coordinates":[[8.662370008396621,47.72211001023062],[8.66226000839654,47.72205001023064]]}},{"type":"Feature","properties":{"g":"Schaffhausen","r":300},"geometry":{"type":"LineString","coordinates":[[8.66226000839654,47.72205001023064],[8.66218000839648,47.72201001023068]]}},{"type":"Feature","properties":{"g":"Schaffhausen","r":300},"geometry":{"type":"LineString","coordinates":[[8.635950008378842,47.70014001023253],[8.636020008378887,47.700220010232556]]}},{"type":"Feature","properties":{"g":"Schaffhausen","r":300},"geometry":{"type":"LineString","coordinates":[[8.636020008378887,47.700220010232556],[8.636110008378946,47.70030001023256]]}},{"type":"Feature","properties":{"g":"Schaffhausen","r":300},"geometry":{"type":"LineString","coordinates":[[8.636110008378946,47.70030001023256],[8.636160008378981,47.70035001023255]]}},{"type":"Feature","properties":{"g":"Schaffhausen","r":300},"geometry":{"type":"LineString","coordinates":[[8.636160008378981,47.70035001023255],[8.636210008379004,47.700400010232535]]}},{"type":"Feature","properties":{"g":"Schaffhausen","r":300},"geometry":{"type":"LineString","coordinates":[[8.636210008379004,47.700400010232535],[8.636260008379034,47.70046001023258]]}},{"type":"Feature","properties":{"g":"Schaffhausen","r":300},"geometry":{"type":"LineString","coordinates":[[8.636260008379034,47.70046001023258],[8.636330008379067,47.700550010232554]]}},{"type":"Feature","properties":{"g":"Schaffhausen","r":300},"geometry":{"type":"LineString","coordinates":[[8.636330008379067,47.700550010232554],[8.636380008379085,47.70066001023257]]}},{"type":"Feature","properties":{"g":"Schaffhausen","r":300},"geometry":{"type":"LineString","coordinates":[[8.636380008379085,47.70066001023257],[8.63645000837908,47.70086001023257]]}},{"type":"Feature","properties":{"g":"Schaffhausen","r":300},"geometry":{"type":"LineString","coordinates":[[8.63645000837908,47.70086001023257],[8.636510008379073,47.70105001023259]]}},{"type":"Feature","properties":{"g":"Schaffhausen","r":300},"geometry":{"type":"LineString","coordinates":[[8.639720008380248,47.70673001023322],[8.639810008380353,47.70669001023315]]}},{"type":"Feature","properties":{"g":"Schaffhausen","r":300},"geometry":{"type":"LineString","coordinates":[[8.639810008380353,47.70669001023315],[8.640040008380584,47.706630010233106]]}},{"type":"Feature","properties":{"g":"Schaffhausen","r":300},"geometry":{"type":"LineString","coordinates":[[8.640040008380584,47.706630010233106],[8.640120008380677,47.70659001023306]]}},{"type":"Feature","properties":{"g":"Schaffhausen","r":300},"geometry":{"type":"LineString","coordinates":[[8.640120008380677,47.70659001023306],[8.640190008380758,47.70654001023305]]}},{"type":"Feature","properties":{"g":"Schaffhausen","r":300},"geometry":{"type":"LineString","coordinates":[[8.640190008380758,47.70654001023305],[8.640230008380811,47.70649001023297]]}},{"type":"Feature","properties":{"g":"Schaffhausen","r":300},"geometry":{"type":"LineString","coordinates":[[8.663960008396634,47.72661001023138],[8.663960008396682,47.72647001023133]]}},{"type":"Feature","properties":{"g":"Schaffhausen","r":300},"geometry":{"type":"LineString","coordinates":[[8.663960008396682,47.72647001023133],[8.66395000839672,47.72633001023127]]}},{"type":"Feature","properties":{"g":"Schaffhausen","r":300},"geometry":{"type":"LineString","coordinates":[[8.66395000839672,47.72633001023127],[8.663940008396809,47.72602001023122]]}},{"type":"Feature","properties":{"g":"Schaffhausen","r":300},"geometry":{"type":"LineString","coordinates":[[8.663940008396809,47.72602001023122],[8.66392000839692,47.72563001023112]]}},{"type":"Feature","properties":{"g":"Schaffhausen","r":300},"geometry":{"type":"LineString","coordinates":[[8.66392000839692,47.72563001023112],[8.663920008396948,47.725560010231106]]}},{"type":"Feature","properties":{"g":"Schaffhausen","r":300},"geometry":{"type":"LineString","coordinates":[[8.663920008396948,47.725560010231106],[8.663910008396991,47.72538001023104]]}},{"type":"Feature","properties":{"g":"Schaffhausen","r":300},"geometry":{"type":"LineString","coordinates":[[8.663910008396991,47.72538001023104],[8.663910008397037,47.72525001023102]]}},{"type":"Feature","properties":{"g":"Schaffhausen","r":300},"geometry":{"type":"LineString","coordinates":[[8.663910008397037,47.72525001023102],[8.663930008397092,47.72515001023098]]}},{"type":"Feature","properties":{"g":"Schaffhausen","r":300},"geometry":{"type":"LineString","coordinates":[[8.663930008397092,47.72515001023098],[8.663950008397142,47.72505001023095]]}},{"type":"Feature","properties":{"g":"Schaffhausen","r":300},"geometry":{"type":"LineString","coordinates":[[8.663950008397142,47.72505001023095],[8.663970008397188,47.724960010230895]]}},{"type":"Feature","properties":{"g":"Schaffhausen","r":300},"geometry":{"type":"LineString","coordinates":[[8.663970008397188,47.724960010230895],[8.664100008397428,47.72462001023079]]}},{"type":"Feature","properties":{"g":"Schaffhausen","r":300},"geometry":{"type":"LineString","coordinates":[[8.664100008397428,47.72462001023079],[8.664150008397522,47.72447001023076]]}},{"type":"Feature","properties":{"g":"Schaffhausen","r":300},"geometry":{"type":"LineString","coordinates":[[8.664150008397522,47.72447001023076],[8.6641900083976,47.72437001023071]]}},{"type":"Feature","properties":{"g":"Schaffhausen","r":300},"geometry":{"type":"LineString","coordinates":[[8.6641900083976,47.72437001023071],[8.664210008397648,47.724270010230654]]}},{"type":"Feature","properties":{"g":"Schaffhausen","r":300},"geometry":{"type":"LineString","coordinates":[[8.664210008397648,47.724270010230654],[8.664240008397718,47.72416001023064]]}},{"type":"Feature","properties":{"g":"Schaffhausen","r":300},"geometry":{"type":"LineString","coordinates":[[8.664240008397718,47.72416001023064],[8.664250008397763,47.724030010230585]]}},{"type":"Feature","properties":{"g":"Schaffhausen","r":300},"geometry":{"type":"LineString","coordinates":[[8.664250008397763,47.724030010230585],[8.664250008397815,47.72387001023054]]}},{"type":"Feature","properties":{"g":"Schaffhausen","r":300},"geometry":{"type":"LineString","coordinates":[[8.664250008397815,47.72387001023054],[8.664230008397846,47.72374001023051]]}},{"type":"Feature","properties":{"g":"Schaffhausen","r":300},"geometry":{"type":"LineString","coordinates":[[8.664230008397846,47.72374001023051],[8.664200008397852,47.72363001023049]]}},{"type":"Feature","properties":{"g":"Schaffhausen","r":300},"geometry":{"type":"LineString","coordinates":[[8.664200008397852,47.72363001023049],[8.664170008397853,47.723540010230465]]}},{"type":"Feature","properties":{"g":"Schaffhausen","r":300},"geometry":{"type":"LineString","coordinates":[[8.636510008379073,47.70105001023259],[8.636450008379025,47.701030010232635]]}},{"type":"Feature","properties":{"g":"Schaffhausen","r":300},"geometry":{"type":"LineString","coordinates":[[8.636450008379025,47.701030010232635],[8.636350008378942,47.701000010232654]]}},{"type":"Feature","properties":{"g":"Schaffhausen","r":300},"geometry":{"type":"LineString","coordinates":[[8.636320008378915,47.70099001023266],[8.636180008378796,47.7009500102327]]}},{"type":"Feature","properties":{"g":"Schaffhausen","r":300},"geometry":{"type":"LineString","coordinates":[[8.626320008369664,47.700230010235444],[8.626460008369826,47.70015001023537],[8.626500008369872,47.70012001023534],[8.626560008369944,47.70008001023531],[8.626610008370003,47.700040010235305],[8.626660008370063,47.70000001023526],[8.626690008370105,47.69997001023526],[8.626710008370127,47.69995001023525],[8.626750008370182,47.69990001023523]]}},{"type":"Feature","properties":{"g":"Schaffhausen","r":300},"geometry":{"type":"LineString","coordinates":[[8.642540008379141,47.718160010235465],[8.642560008379135,47.718240010235455]]}},{"type":"Feature","properties":{"g":"Schaffhausen","r":300},"geometry":{"type":"LineString","coordinates":[[8.642560008379135,47.718240010235455],[8.642570008379101,47.71836001023551]]}},{"type":"Feature","properties":{"g":"Schaffhausen","r":300},"geometry":{"type":"LineString","coordinates":[[8.642570008379101,47.71836001023551],[8.642570008379074,47.718460010235525]]}},{"type":"Feature","properties":{"g":"Schaffhausen","r":300},"geometry":{"type":"LineString","coordinates":[[8.642570008379074,47.718460010235525],[8.642570008379039,47.71856001023558]]}},{"type":"Feature","properties":{"g":"Schaffhausen","r":300},"geometry":{"type":"LineString","coordinates":[[8.642570008379039,47.71856001023558],[8.642570008379009,47.71865001023557]]}},{"type":"Feature","properties":{"g":"Schaffhausen","r":300},"geometry":{"type":"LineString","coordinates":[[8.642570008379009,47.71865001023557],[8.642560008378972,47.718740010235614]]}},{"type":"Feature","properties":{"g":"Schaffhausen","r":300},"geometry":{"type":"LineString","coordinates":[[8.642550008378953,47.71878001023562],[8.64254000837891,47.718850010235606]]}},{"type":"Feature","properties":{"g":"Schaffhausen","r":300},"geometry":{"type":"LineString","coordinates":[[8.64254000837891,47.718850010235606],[8.64252000837885,47.718980010235676]]}},{"type":"Feature","properties":{"g":"Schaffhausen","r":300},"geometry":{"type":"LineString","coordinates":[[8.64252000837885,47.718980010235676],[8.642440008378648,47.7193600102358]]}},{"type":"Feature","properties":{"g":"Schaffhausen","r":300},"geometry":{"type":"LineString","coordinates":[[8.642440008378648,47.7193600102358],[8.642360008378441,47.719760010235895]]}},{"type":"Feature","properties":{"g":"Schaffhausen","r":300},"geometry":{"type":"LineString","coordinates":[[8.642360008378441,47.719760010235895],[8.642310008378331,47.719960010236015]]}},{"type":"Feature","properties":{"g":"Schaffhausen","r":300},"geometry":{"type":"LineString","coordinates":[[8.642310008378331,47.719960010236015],[8.64230000837829,47.72004001023604]]}},{"type":"Feature","properties":{"g":"Schaffhausen","r":300},"geometry":{"type":"LineString","coordinates":[[8.64230000837829,47.72004001023604],[8.642270008378224,47.72017001023612]]}},{"type":"Feature","properties":{"g":"Schaffhausen","r":300},"geometry":{"type":"LineString","coordinates":[[8.642270008378224,47.72017001023612],[8.642243446099428,47.720289540837676]]}},{"type":"Feature","properties":{"g":"Schaffhausen","r":300},"geometry":{"type":"LineString","coordinates":[[8.662440008396679,47.722150010230614],[8.662410008396632,47.72219001023064],[8.66236000839656,47.72228001023068],[8.662350008396531,47.72233001023069],[8.662350008396503,47.72242001023071],[8.662380008396427,47.72274001023084],[8.662380008396363,47.72292001023085],[8.662390008396354,47.7229900102309],[8.662420008396358,47.723050010230885],[8.66245000839637,47.723110010230876],[8.662570008396436,47.72325001023088],[8.662650008396483,47.72334001023087],[8.662650008396474,47.72335001023092]]}},{"type":"Feature","properties":{"g":"Schaffhausen","r":300},"geometry":{"type":"LineString","coordinates":[[8.63460000837766,47.69985001023287],[8.634530008377595,47.699840010232876]]}},{"type":"Feature","properties":{"g":"Schaffhausen","r":300},"geometry":{"type":"LineString","coordinates":[[8.634460008377529,47.69984001023293],[8.634280008377356,47.69985001023297]]}},{"type":"Feature","properties":{"g":"Schaffhausen","r":300},"geometry":{"type":"LineString","coordinates":[[8.634280008377356,47.69985001023297],[8.633890008376966,47.69990001023308]]}},{"type":"Feature","properties":{"g":"Schaffhausen","r":300},"geometry":{"type":"LineString","coordinates":[[8.633890008376966,47.69990001023308],[8.63381000837689,47.69991001023311]]}},{"type":"Feature","properties":{"g":"Schaffhausen","r":300},"geometry":{"type":"LineString","coordinates":[[8.62617000836674,47.708670010237775],[8.62628000836685,47.70866001023771],[8.626330008366892,47.70866001023769],[8.626400008366968,47.708640010237694],[8.626480008367052,47.708630010237634],[8.62656000836713,47.708610010237635],[8.626630008367204,47.708580010237604],[8.626700008367282,47.70855001023758],[8.626760008367347,47.7085200102375],[8.62683000836743,47.70848001023751],[8.626890008367496,47.70844001023748],[8.626940008367557,47.70840001023743],[8.62698000836761,47.708370010237445],[8.627030008367674,47.70832001023742],[8.62707000836772,47.7082800102374],[8.627110008367774,47.708240010237354],[8.62714000836782,47.70819001023734],[8.627170008367862,47.708160010237336],[8.627180008367876,47.70813001023731],[8.627200008367915,47.70807001023728],[8.627250008368005,47.70795001023723],[8.62739000836825,47.707600010237115],[8.627460008368379,47.70741001023703],[8.62751000836847,47.70728001023697],[8.62754000836852,47.70721001023698]]}},{"type":"Feature","properties":{"g":"Schaffhausen","r":300},"geometry":{"type":"LineString","coordinates":[[8.642667971887263,47.72260490008855],[8.642360008377453,47.72273001023675]]}},{"type":"Feature","properties":{"g":"Schaffhausen","r":300},"geometry":{"type":"LineString","coordinates":[[8.66218000839648,47.72201001023068],[8.66223000839654,47.72197001023061]]}},{"type":"Feature","properties":{"g":"Schaffhausen","r":300},"geometry":{"type":"LineString","coordinates":[[8.66223000839654,47.72197001023061],[8.662280008396607,47.72191001023061]]}},{"type":"Feature","properties":{"g":"Schaffhausen","r":300},"geometry":{"type":"LineString","coordinates":[[8.662290008396628,47.72187001023058],[8.66230000839668,47.72175001023055]]}},{"type":"Feature","properties":{"g":"Schaffhausen","r":300},"geometry":{"type":"LineString","coordinates":[[8.66230000839668,47.72175001023055],[8.662370008396971,47.72105001023029]]}},{"type":"Feature","properties":{"g":"Schaffhausen","r":300},"geometry":{"type":"LineString","coordinates":[[8.662370008396971,47.72105001023029],[8.662377215771944,47.72099544060291]]}},{"type":"Feature","properties":{"g":"Schaffhausen","r":300},"geometry":{"type":"LineString","coordinates":[[8.638360008382978,47.6945500102303],[8.63905000838355,47.69479001023015]]}},{"type":"Feature","properties":{"g":"Schaffhausen","r":300},"geometry":{"type":"LineString","coordinates":[[8.63905000838355,47.69479001023015],[8.639210008383692,47.69484001023014]]}},{"type":"Feature","properties":{"g":"Schaffhausen","r":300},"geometry":{"type":"LineString","coordinates":[[8.639210008383692,47.69484001023014],[8.63968000838408,47.6950200102301]]}},{"type":"Feature","properties":{"g":"Schaffhausen","r":300},"geometry":{"type":"LineString","coordinates":[[8.63968000838408,47.6950200102301],[8.639770008384152,47.69506001023008]]}},{"type":"Feature","properties":{"g":"Schaffhausen","r":300},"geometry":{"type":"LineString","coordinates":[[8.639770008384152,47.69506001023008],[8.639840008384205,47.69509001023004]]}},{"type":"Feature","properties":{"g":"Schaffhausen","r":300},"geometry":{"type":"LineString","coordinates":[[8.641850008380182,47.71304001023425],[8.641830008380143,47.713090010234296]]}},{"type":"Feature","properties":{"g":"Schaffhausen","r":300},"geometry":{"type":"LineString","coordinates":[[8.641830008380143,47.713090010234296],[8.641820008380119,47.71315001023429]]}},{"type":"Feature","properties":{"g":"Schaffhausen","r":300},"geometry":{"type":"LineString","coordinates":[[8.641820008380119,47.71315001023429],[8.641830008380113,47.71320001023437]]}},{"type":"Feature","properties":{"g":"Schaffhausen","r":300},"geometry":{"type":"LineString","coordinates":[[8.641830008380113,47.71320001023437],[8.641870008380117,47.713310010234366]]}},{"type":"Feature","properties":{"g":"Schaffhausen","r":300},"geometry":{"type":"LineString","coordinates":[[8.641870008380117,47.713310010234366],[8.641970008380127,47.71355001023436]]}},{"type":"Feature","properties":{"g":"Schaffhausen","r":300},"geometry":{"type":"LineString","coordinates":[[8.641970008380127,47.71355001023436],[8.64206000838013,47.71380001023442]]}},{"type":"Feature","properties":{"g":"Schaffhausen","r":300},"geometry":{"type":"LineString","coordinates":[[8.64206000838013,47.71380001023442],[8.642180008380132,47.71413001023449]]}},{"type":"Feature","properties":{"g":"Schaffhausen","r":300},"geometry":{"type":"LineString","coordinates":[[8.642180008380132,47.71413001023449],[8.642200008380138,47.71418001023449]]}},{"type":"Feature","properties":{"g":"Schaffhausen","r":300},"geometry":{"type":"LineString","coordinates":[[8.642200008380138,47.71418001023449],[8.642270008380127,47.71440001023453]]}},{"type":"Feature","properties":{"g":"Schaffhausen","r":300},"geometry":{"type":"LineString","coordinates":[[8.642270008380127,47.71440001023453],[8.64233000838012,47.714600010234534]]}},{"type":"Feature","properties":{"g":"Schaffhausen","r":300},"geometry":{"type":"LineString","coordinates":[[8.64233000838012,47.714600010234534],[8.642370008380105,47.714760010234585]]}},{"type":"Feature","properties":{"g":"Schaffhausen","r":300},"geometry":{"type":"LineString","coordinates":[[8.642370008380105,47.714760010234585],[8.642410008380086,47.71495001023463]]}},{"type":"Feature","properties":{"g":"Schaffhausen","r":300},"geometry":{"type":"LineString","coordinates":[[8.642410008380086,47.71495001023463],[8.642440008380055,47.715120010234685]]}},{"type":"Feature","properties":{"g":"Schaffhausen","r":300},"geometry":{"type":"LineString","coordinates":[[8.642440008380055,47.715120010234685],[8.642450008380013,47.71528001023471]]}},{"type":"Feature","properties":{"g":"Schaffhausen","r":300},"geometry":{"type":"LineString","coordinates":[[8.642450008380013,47.71528001023471],[8.642470008379995,47.71539001023473]]}},{"type":"Feature","properties":{"g":"Schaffhausen","r":300},"geometry":{"type":"LineString","coordinates":[[8.642470008379995,47.71539001023473],[8.642480008379945,47.71556001023478]]}},{"type":"Feature","properties":{"g":"Schaffhausen","r":300},"geometry":{"type":"LineString","coordinates":[[8.642480008379945,47.71556001023478],[8.6424800083799,47.7156900102348]]}},{"type":"Feature","properties":{"g":"Schaffhausen","r":300},"geometry":{"type":"LineString","coordinates":[[8.6424800083799,47.7156900102348],[8.642480008379883,47.71575001023486]]}},{"type":"Feature","properties":{"g":"Schaffhausen","r":300},"geometry":{"type":"LineString","coordinates":[[8.642480008379883,47.71575001023486],[8.642480008379831,47.7159100102349]]}},{"type":"Feature","properties":{"g":"Schaffhausen","r":300},"geometry":{"type":"LineString","coordinates":[[8.642480008379831,47.7159100102349],[8.642480008379799,47.71600001023489]]}},{"type":"Feature","properties":{"g":"Schaffhausen","r":300},"geometry":{"type":"LineString","coordinates":[[8.642480008379799,47.71600001023489],[8.642470008379737,47.716150010234955]]}},{"type":"Feature","properties":{"g":"Schaffhausen","r":300},"geometry":{"type":"LineString","coordinates":[[8.642470008379737,47.716150010234955],[8.642460008379695,47.71626001023498]]}},{"type":"Feature","properties":{"g":"Schaffhausen","r":300},"geometry":{"type":"LineString","coordinates":[[8.627890008371892,47.697990010234335],[8.627910008371916,47.69798001023432],[8.627970008371985,47.697960010234354],[8.628010008372021,47.69795001023429],[8.628100008372114,47.6979300102343],[8.628230008372253,47.69789001023424],[8.628340008372367,47.69786001023414],[8.628430008372456,47.69784001023411],[8.628500008372539,47.69781001023415],[8.628560008372599,47.69779001023409],[8.628580008372621,47.69778001023411],[8.628610008372663,47.69775001023408],[8.628630008372689,47.69772001023406],[8.628640008372713,47.69768001023405],[8.628650008372736,47.69764001023404],[8.628650008372743,47.697600010233984],[8.628670008372794,47.697510010233984],[8.628680008372825,47.69744001023396],[8.628680008372848,47.69738001023398],[8.628680008372855,47.69734001023393],[8.62868000837287,47.6973100102339],[8.628670008372872,47.69728001023392],[8.628650008372865,47.69724001023392],[8.628590008372838,47.69715001023393],[8.62853000837281,47.69706001023389],[8.628470008372787,47.69696001023391],[8.628410008372754,47.69689001023387],[8.628380008372744,47.69683001023387],[8.628350008372731,47.696780010233866],[8.628330008372727,47.696730010233864],[8.628320008372736,47.696690010233866],[8.628310008372736,47.69665001023385],[8.628300008372738,47.69662001023383],[8.628300008372753,47.69658001023383],[8.628310008372775,47.69654001023381],[8.62832000837279,47.69651001023384],[8.628330008372807,47.6964900102338],[8.628350008372838,47.696460010233764],[8.62835000837284,47.69645001023379],[8.628380008372877,47.69642001023376],[8.628410008372917,47.69639001023376],[8.628450008372967,47.69635001023375],[8.628520008373057,47.696300010233706],[8.628680008373232,47.696210010233635],[8.628920008373509,47.6960600102335],[8.629090008373705,47.69596001023348],[8.62936000837402,47.69579001023331],[8.629620008374316,47.69563001023316],[8.629730008374434,47.69559001023315],[8.629880008374602,47.695530010233114],[8.630020008374744,47.69549001023303],[8.63015000837488,47.695460010233006],[8.630270008374998,47.695450010232975],[8.630380008375106,47.6954400102329],[8.63046000837518,47.695440010232886],[8.630540008375254,47.69544001023287],[8.630640008375346,47.69546001023285],[8.630740008375426,47.69550001023281],[8.630840008375504,47.6955500102328]]}},{"type":"Feature","properties":{"g":"Schaffhausen","r":300},"geometry":{"type":"LineString","coordinates":[[8.638360008382978,47.6945500102303],[8.638270008382868,47.69464001023039]]}},{"type":"Feature","properties":{"g":"Schaffhausen","r":300},"geometry":{"type":"LineString","coordinates":[[8.638270008382868,47.69464001023039],[8.63822000838279,47.69471001023038]]}},{"type":"Feature","properties":{"g":"Schaffhausen","r":300},"geometry":{"type":"LineString","coordinates":[[8.63822000838279,47.69471001023038],[8.638190008382741,47.69479001023041]]}},{"type":"Feature","properties":{"g":"Schaffhausen","r":300},"geometry":{"type":"LineString","coordinates":[[8.638190008382741,47.69479001023041],[8.63820000838272,47.69488001023046]]}},{"type":"Feature","properties":{"g":"Schaffhausen","r":300},"geometry":{"type":"LineString","coordinates":[[8.63820000838272,47.69488001023046],[8.63822000838272,47.69494001023048]]}},{"type":"Feature","properties":{"g":"Schaffhausen","r":300},"geometry":{"type":"LineString","coordinates":[[8.63822000838272,47.69494001023048],[8.63823000838269,47.6950600102305]]}},{"type":"Feature","properties":{"g":"Schaffhausen","r":300},"geometry":{"type":"LineString","coordinates":[[8.63823000838269,47.6950600102305],[8.638240008382619,47.69529001023055]]}},{"type":"Feature","properties":{"g":"Schaffhausen","r":300},"geometry":{"type":"LineString","coordinates":[[8.638240008382608,47.69533001023056],[8.638220008382563,47.6954200102306]]}},{"type":"Feature","properties":{"g":"Schaffhausen","r":300},"geometry":{"type":"LineString","coordinates":[[8.638220008382563,47.6954200102306],[8.638200008382515,47.695490010230614]]}},{"type":"Feature","properties":{"g":"Schaffhausen","r":300},"geometry":{"type":"LineString","coordinates":[[8.638200008382515,47.695490010230614],[8.638170008382467,47.69555001023065]]}},{"type":"Feature","properties":{"g":"Schaffhausen","r":300},"geometry":{"type":"LineString","coordinates":[[8.638170008382467,47.69555001023065],[8.63812000838239,47.69564001023067]]}},{"type":"Feature","properties":{"g":"Schaffhausen","r":300},"geometry":{"type":"LineString","coordinates":[[8.63812000838239,47.69564001023067],[8.638080008382309,47.69577001023072]]}},{"type":"Feature","properties":{"g":"Schaffhausen","r":300},"geometry":{"type":"LineString","coordinates":[[8.638080008382309,47.69577001023072],[8.638070008382284,47.695820010230726]]}},{"type":"Feature","properties":{"g":"Schaffhausen","r":300},"geometry":{"type":"LineString","coordinates":[[8.638070008382284,47.695820010230726],[8.638060008382249,47.69590001023075]]}},{"type":"Feature","properties":{"g":"Schaffhausen","r":300},"geometry":{"type":"LineString","coordinates":[[8.637490008379785,47.70173001023252],[8.637530008379805,47.70178001023253]]}},{"type":"Feature","properties":{"g":"Schaffhausen","r":300},"geometry":{"type":"LineString","coordinates":[[8.637550008379813,47.701820010232524],[8.637570008379814,47.701880010232564]]}},{"type":"Feature","properties":{"g":"Schaffhausen","r":300},"geometry":{"type":"LineString","coordinates":[[8.637570008379814,47.701880010232564],[8.637590008379796,47.70199001023259]]}},{"type":"Feature","properties":{"g":"Schaffhausen","r":300},"geometry":{"type":"LineString","coordinates":[[8.637590008379796,47.70199001023259],[8.637600008379769,47.70210001023259]]}},{"type":"Feature","properties":{"g":"Schaffhausen","r":300},"geometry":{"type":"LineString","coordinates":[[8.637600008379769,47.70210001023259],[8.637620008379743,47.70223001023264]]}},{"type":"Feature","properties":{"g":"Schaffhausen","r":300},"geometry":{"type":"LineString","coordinates":[[8.637620008379743,47.70223001023264],[8.637630008379718,47.70234001023263]]}},{"type":"Feature","properties":{"g":"Schaffhausen","r":300},"geometry":{"type":"LineString","coordinates":[[8.637630008379718,47.70234001023263],[8.637650008379689,47.70249001023268]]}},{"type":"Feature","properties":{"g":"Schaffhausen","r":300},"geometry":{"type":"LineString","coordinates":[[8.637650008379689,47.70249001023268],[8.637710008379663,47.70273001023274]]}},{"type":"Feature","properties":{"g":"Schaffhausen","r":300},"geometry":{"type":"LineString","coordinates":[[8.637710008379663,47.70273001023274],[8.637790008379644,47.70302001023276]]}},{"type":"Feature","properties":{"g":"Schaffhausen","r":300},"geometry":{"type":"LineString","coordinates":[[8.637790008379644,47.70302001023276],[8.637870008379636,47.7032800102328]]}},{"type":"Feature","properties":{"g":"Schaffhausen","r":300},"geometry":{"type":"LineString","coordinates":[[8.637870008379636,47.7032800102328],[8.6379300083796,47.7035400102329]]}},{"type":"Feature","properties":{"g":"Schaffhausen","r":300},"geometry":{"type":"LineString","coordinates":[[8.6379300083796,47.7035400102329],[8.638000008379592,47.70377001023292]]}},{"type":"Feature","properties":{"g":"Schaffhausen","r":300},"geometry":{"type":"LineString","coordinates":[[8.638000008379592,47.70377001023292],[8.638070008379602,47.70396001023294]]}},{"type":"Feature","properties":{"g":"Schaffhausen","r":300},"geometry":{"type":"LineString","coordinates":[[8.638070008379602,47.70396001023294],[8.638110008379602,47.70407001023299]]}},{"type":"Feature","properties":{"g":"Schaffhausen","r":300},"geometry":{"type":"LineString","coordinates":[[8.638110008379602,47.70407001023299],[8.638170008379603,47.70422001023299]]}},{"type":"Feature","properties":{"g":"Schaffhausen","r":300},"geometry":{"type":"LineString","coordinates":[[8.638170008379603,47.70422001023299],[8.638250008379623,47.70439001023299]]}},{"type":"Feature","properties":{"g":"Schaffhausen","r":300},"geometry":{"type":"LineString","coordinates":[[8.638250008379623,47.70439001023299],[8.638340008379652,47.70456001023303]]}},{"type":"Feature","properties":{"g":"Schaffhausen","r":300},"geometry":{"type":"LineString","coordinates":[[8.638340008379652,47.70456001023303],[8.63844000837969,47.70473001023303]]}},{"type":"Feature","properties":{"g":"Schaffhausen","r":300},"geometry":{"type":"LineString","coordinates":[[8.63844000837969,47.70473001023303],[8.638540008379739,47.70488001023308]]}},{"type":"Feature","properties":{"g":"Schaffhausen","r":300},"geometry":{"type":"LineString","coordinates":[[8.638540008379739,47.70488001023308],[8.63873000837982,47.70518001023311]]}},{"type":"Feature","properties":{"g":"Schaffhausen","r":300},"geometry":{"type":"LineString","coordinates":[[8.63873000837982,47.70518001023311],[8.638870008379879,47.70541001023311]]}},{"type":"Feature","properties":{"g":"Schaffhausen","r":300},"geometry":{"type":"LineString","coordinates":[[8.638870008379879,47.70541001023311],[8.639010008379937,47.70564001023314]]}},{"type":"Feature","properties":{"g":"Schaffhausen","r":300},"geometry":{"type":"LineString","coordinates":[[8.639010008379937,47.70564001023314],[8.639150008379994,47.70586001023317]]}},{"type":"Feature","properties":{"g":"Schaffhausen","r":300},"geometry":{"type":"LineString","coordinates":[[8.639150008379994,47.70586001023317],[8.639240008380035,47.70599001023316]]}},{"type":"Feature","properties":{"g":"Schaffhausen","r":300},"geometry":{"type":"LineString","coordinates":[[8.639240008380035,47.70599001023316],[8.639330008380078,47.70612001023316]]}},{"type":"Feature","properties":{"g":"Schaffhausen","r":300},"geometry":{"type":"LineString","coordinates":[[8.639330008380078,47.70612001023316],[8.639400008380111,47.70622001023319]]}},{"type":"Feature","properties":{"g":"Schaffhausen","r":300},"geometry":{"type":"LineString","coordinates":[[8.639400008380111,47.70622001023319],[8.639530008380172,47.70642001023322]]}},{"type":"Feature","properties":{"g":"Schaffhausen","r":300},"geometry":{"type":"LineString","coordinates":[[8.639530008380172,47.70642001023322],[8.639650008380226,47.70660001023322]]}},{"type":"Feature","properties":{"g":"Schaffhausen","r":300},"geometry":{"type":"LineString","coordinates":[[8.639650008380226,47.70660001023322],[8.639720008380248,47.70673001023322]]}},{"type":"Feature","properties":{"g":"Schaffhausen","r":300},"geometry":{"type":"LineString","coordinates":[[8.638280008373014,47.724460010238474],[8.638440008373115,47.724610010238415]]}},{"type":"Feature","properties":{"g":"Schaffhausen","r":300},"geometry":{"type":"LineString","coordinates":[[8.589076996722147,47.732364527881096],[8.589160008323764,47.732240010255076],[8.58936000832406,47.731910010254865]]}},{"type":"Feature","properties":{"g":"Schaffhausen","r":300},"geometry":{"type":"LineString","coordinates":[[8.646790008386478,47.708190010231526],[8.646940008386583,47.7082900102315]]}},{"type":"Feature","properties":{"g":"Schaffhausen","r":300},"geometry":{"type":"LineString","coordinates":[[8.646940008386583,47.7082900102315],[8.647060008386681,47.70834001023147]]}},{"type":"Feature","properties":{"g":"Schaffhausen","r":300},"geometry":{"type":"LineString","coordinates":[[8.647060008386681,47.70834001023147],[8.647330008386913,47.70842001023145]]}},{"type":"Feature","properties":{"g":"Schaffhausen","r":300},"geometry":{"type":"LineString","coordinates":[[8.647330008386913,47.70842001023145],[8.647620008387149,47.70854001023135]]}},{"type":"Feature","properties":{"g":"Schaffhausen","r":300},"geometry":{"type":"LineString","coordinates":[[8.647620008387149,47.70854001023135],[8.64806000838749,47.708750010231284]]}},{"type":"Feature","properties":{"g":"Schaffhausen","r":300},"geometry":{"type":"LineString","coordinates":[[8.64806000838749,47.708750010231284],[8.648511152035773,47.708971159314416]]}},{"type":"Feature","properties":{"g":"Schaffhausen","r":300},"geometry":{"type":"LineString","coordinates":[[8.62754000836852,47.70721001023698],[8.627550008368548,47.70717001023696],[8.627570008368583,47.70712001023693],[8.627570008368599,47.70707001023692],[8.627570008368613,47.707030010236885],[8.627570008368629,47.70698001023686],[8.627550008368658,47.70684001023687],[8.627510008368684,47.70664001023682],[8.627490008368728,47.706430010236765]]}},{"type":"Feature","properties":{"g":"Schaffhausen","r":300},"geometry":{"type":"LineString","coordinates":[[8.631760008377025,47.69358001023202],[8.631890008377157,47.69356001023197]]}},{"type":"Feature","properties":{"g":"Schaffhausen","r":300},"geometry":{"type":"LineString","coordinates":[[8.631890008377157,47.69356001023197],[8.631980008377253,47.693540010231935]]}},{"type":"Feature","properties":{"g":"Schaffhausen","r":300},"geometry":{"type":"LineString","coordinates":[[8.631980008377253,47.693540010231935],[8.632110008377376,47.6935300102319]]}},{"type":"Feature","properties":{"g":"Schaffhausen","r":300},"geometry":{"type":"LineString","coordinates":[[8.632110008377376,47.6935300102319],[8.632280008377549,47.69350001023177]]}},{"type":"Feature","properties":{"g":"Schaffhausen","r":300},"geometry":{"type":"LineString","coordinates":[[8.632280008377549,47.69350001023177],[8.63246000837772,47.69349001023178]]}},{"type":"Feature","properties":{"g":"Schaffhausen","r":300},"geometry":{"type":"LineString","coordinates":[[8.63246000837772,47.69349001023178],[8.632660008377915,47.693480010231724]]}},{"type":"Feature","properties":{"g":"Schaffhausen","r":300},"geometry":{"type":"LineString","coordinates":[[8.632660008377915,47.693480010231724],[8.6328500083781,47.69347001023163]]}},{"type":"Feature","properties":{"g":"Schaffhausen","r":300},"geometry":{"type":"LineString","coordinates":[[8.6328500083781,47.69347001023163],[8.63305000837829,47.693470010231565]]}},{"type":"Feature","properties":{"g":"Schaffhausen","r":300},"geometry":{"type":"LineString","coordinates":[[8.627090008372758,47.69308001023325],[8.627160008372824,47.69307001023323]]}},{"type":"Feature","properties":{"g":"Schaffhausen","r":300},"geometry":{"type":"LineString","coordinates":[[8.627160008372824,47.69307001023323],[8.627230008372894,47.693060010233225]]}},{"type":"Feature","properties":{"g":"Schaffhausen","r":300},"geometry":{"type":"LineString","coordinates":[[8.627230008372894,47.693060010233225],[8.627310008372971,47.693050010233186]]}},{"type":"Feature","properties":{"g":"Schaffhausen","r":300},"geometry":{"type":"LineString","coordinates":[[8.627310008372971,47.693050010233186],[8.627390008373048,47.693040010233105]]}},{"type":"Feature","properties":{"g":"Schaffhausen","r":300},"geometry":{"type":"LineString","coordinates":[[8.627390008373048,47.693040010233105],[8.627520008373178,47.69303001023312]]}},{"type":"Feature","properties":{"g":"Schaffhausen","r":300},"geometry":{"type":"LineString","coordinates":[[8.627520008373178,47.69303001023312],[8.62767000837333,47.69301001023307]]}},{"type":"Feature","properties":{"g":"Schaffhausen","r":300},"geometry":{"type":"LineString","coordinates":[[8.62767000837333,47.69301001023307],[8.627740008373395,47.69301001023302]]}},{"type":"Feature","properties":{"g":"Schaffhausen","r":300},"geometry":{"type":"LineString","coordinates":[[8.627740008373395,47.69301001023302],[8.627840008373488,47.693020010233006]]}},{"type":"Feature","properties":{"g":"Schaffhausen","r":300},"geometry":{"type":"LineString","coordinates":[[8.627840008373488,47.693020010233006],[8.627980008373616,47.693030010232974]]}},{"type":"Feature","properties":{"g":"Schaffhausen","r":300},"geometry":{"type":"LineString","coordinates":[[8.627980008373616,47.693030010232974],[8.628090008373718,47.69304001023291]]}},{"type":"Feature","properties":{"g":"Schaffhausen","r":300},"geometry":{"type":"LineString","coordinates":[[8.628090008373718,47.69304001023291],[8.628220008373832,47.69307001023292]]}},{"type":"Feature","properties":{"g":"Schaffhausen","r":300},"geometry":{"type":"LineString","coordinates":[[8.628220008373832,47.69307001023292],[8.628320008373917,47.69309001023289]]}},{"type":"Feature","properties":{"g":"Schaffhausen","r":300},"geometry":{"type":"LineString","coordinates":[[8.628320008373917,47.69309001023289],[8.628470008374046,47.69314001023288]]}},{"type":"Feature","properties":{"g":"Schaffhausen","r":300},"geometry":{"type":"LineString","coordinates":[[8.628470008374046,47.69314001023288],[8.628670008374211,47.6932100102328]]}},{"type":"Feature","properties":{"g":"Schaffhausen","r":300},"geometry":{"type":"LineString","coordinates":[[8.628670008374211,47.6932100102328],[8.628800008374322,47.69326001023277]]}},{"type":"Feature","properties":{"g":"Schaffhausen","r":300},"geometry":{"type":"LineString","coordinates":[[8.628800008374322,47.69326001023277],[8.62888000837438,47.69330001023272]]}},{"type":"Feature","properties":{"g":"Schaffhausen","r":300},"geometry":{"type":"LineString","coordinates":[[8.63993000838428,47.69513001023003],[8.640180008384478,47.695260010229944]]}},{"type":"Feature","properties":{"g":"Schaffhausen","r":300},"geometry":{"type":"LineString","coordinates":[[8.640180008384478,47.695260010229944],[8.640360008384615,47.695350010229944]]}},{"type":"Feature","properties":{"g":"Schaffhausen","r":300},"geometry":{"type":"LineString","coordinates":[[8.640360008384615,47.695350010229944],[8.640550008384759,47.69547001022992]]}},{"type":"Feature","properties":{"g":"Schaffhausen","r":300},"geometry":{"type":"LineString","coordinates":[[8.640550008384759,47.69547001022992],[8.640670008384847,47.6955400102299]]}},{"type":"Feature","properties":{"g":"Schaffhausen","r":300},"geometry":{"type":"LineString","coordinates":[[8.640670008384847,47.6955400102299],[8.640760008384909,47.69561001022986]]}},{"type":"Feature","properties":{"g":"Schaffhausen","r":300},"geometry":{"type":"LineString","coordinates":[[8.640760008384909,47.69561001022986],[8.640880008385004,47.695680010229914]]}},{"type":"Feature","properties":{"g":"Schaffhausen","r":300},"geometry":{"type":"LineString","coordinates":[[8.640880008385004,47.695680010229914],[8.64096000838507,47.69571001022987]]}},{"type":"Feature","properties":{"g":"Schaffhausen","r":300},"geometry":{"type":"LineString","coordinates":[[8.64096000838507,47.69571001022987],[8.641060008385148,47.695750010229844]]}},{"type":"Feature","properties":{"g":"Schaffhausen","r":300},"geometry":{"type":"LineString","coordinates":[[8.641060008385148,47.695750010229844],[8.641180008385257,47.69578001022979]]}},{"type":"Feature","properties":{"g":"Schaffhausen","r":300},"geometry":{"type":"LineString","coordinates":[[8.64375000838772,47.69571001022902],[8.643760008387744,47.69565001022903]]}},{"type":"Feature","properties":{"g":"Schaffhausen","r":300},"geometry":{"type":"LineString","coordinates":[[8.643780008387779,47.695600010228944],[8.643800008387815,47.69555001022897]]}},{"type":"Feature","properties":{"g":"Schaffhausen","r":300},"geometry":{"type":"LineString","coordinates":[[8.639840008384205,47.69509001023004],[8.640110008384537,47.69488001022989]]}},{"type":"Feature","properties":{"g":"Schaffhausen","r":300},"geometry":{"type":"LineString","coordinates":[[8.640110008384537,47.69488001022989],[8.640440008384921,47.694650010229736]]}},{"type":"Feature","properties":{"g":"Schaffhausen","r":300},"geometry":{"type":"LineString","coordinates":[[8.640440008384921,47.694650010229736],[8.64103000838562,47.694240010229436]]}},{"type":"Feature","properties":{"g":"Schaffhausen","r":300},"geometry":{"type":"LineString","coordinates":[[8.65232000838878,47.71706001023227],[8.652210008388687,47.71703001023229]]}},{"type":"Feature","properties":{"g":"Schaffhausen","r":300},"geometry":{"type":"LineString","coordinates":[[8.652210008388687,47.71703001023229],[8.652130008388614,47.71701001023232]]}},{"type":"Feature","properties":{"g":"Schaffhausen","r":300},"geometry":{"type":"LineString","coordinates":[[8.652130008388614,47.71701001023232],[8.652020008388515,47.717000010232304]]}},{"type":"Feature","properties":{"g":"Schaffhausen","r":300},"geometry":{"type":"LineString","coordinates":[[8.651980008388483,47.71700001023236],[8.65186000838837,47.71698001023239]]}},{"type":"Feature","properties":{"g":"Schaffhausen","r":300},"geometry":{"type":"LineString","coordinates":[[8.65186000838837,47.71698001023239],[8.651740008388256,47.71698001023244]]}},{"type":"Feature","properties":{"g":"Schaffhausen","r":300},"geometry":{"type":"LineString","coordinates":[[8.649910008386389,47.71738001023309],[8.649920008386369,47.71746001023306]]}},{"type":"Feature","properties":{"g":"Schaffhausen","r":300},"geometry":{"type":"LineString","coordinates":[[8.649920008386369,47.71746001023306],[8.649930008386365,47.71751001023308]]}},{"type":"Feature","properties":{"g":"Schaffhausen","r":300},"geometry":{"type":"LineString","coordinates":[[8.649930008386365,47.71751001023308],[8.649990008386393,47.7176000102331]]}},{"type":"Feature","properties":{"g":"Schaffhausen","r":300},"geometry":{"type":"LineString","coordinates":[[8.652890008389255,47.717250010232156],[8.65276000838915,47.71721001023218]]}},{"type":"Feature","properties":{"g":"Schaffhausen","r":300},"geometry":{"type":"LineString","coordinates":[[8.65276000838915,47.71721001023218],[8.652470008388903,47.71711001023226]]}},{"type":"Feature","properties":{"g":"Schaffhausen","r":300},"geometry":{"type":"LineString","coordinates":[[8.652470008388903,47.71711001023226],[8.65232000838878,47.71706001023227]]}},{"type":"Feature","properties":{"g":"Schaffhausen","r":300},"geometry":{"type":"LineString","coordinates":[[8.623650008369603,47.69271001023419],[8.62401000836994,47.69274001023405]]}},{"type":"Feature","properties":{"g":"Schaffhausen","r":300},"geometry":{"type":"LineString","coordinates":[[8.62401000836994,47.69274001023405],[8.624350008370238,47.692800010233995]]}},{"type":"Feature","properties":{"g":"Schaffhausen","r":300},"geometry":{"type":"LineString","coordinates":[[8.624380008370267,47.69280001023397],[8.624710008370572,47.692840010233894]]}},{"type":"Feature","properties":{"g":"Schaffhausen","r":300},"geometry":{"type":"LineString","coordinates":[[8.624710008370572,47.692840010233894],[8.625440008371227,47.69294001023368]]}},{"type":"Feature","properties":{"g":"Schaffhausen","r":300},"geometry":{"type":"LineString","coordinates":[[8.625440008371227,47.69294001023368],[8.626310008372014,47.69306001023347]]}},{"type":"Feature","properties":{"g":"Schaffhausen","r":300},"geometry":{"type":"LineString","coordinates":[[8.626310008372014,47.69306001023347],[8.626410008372105,47.69308001023344]]}},{"type":"Feature","properties":{"g":"Schaffhausen","r":300},"geometry":{"type":"LineString","coordinates":[[8.626410008372105,47.69308001023344],[8.626480008372168,47.69309001023343]]}},{"type":"Feature","properties":{"g":"Schaffhausen","r":300},"geometry":{"type":"LineString","coordinates":[[8.626480008372168,47.69309001023343],[8.626550008372234,47.6931000102334]]}},{"type":"Feature","properties":{"g":"Schaffhausen","r":300},"geometry":{"type":"LineString","coordinates":[[8.626550008372234,47.6931000102334],[8.626630008372308,47.6931000102334]]}},{"type":"Feature","properties":{"g":"Schaffhausen","r":300},"geometry":{"type":"LineString","coordinates":[[8.626690008372364,47.69311001023338],[8.626760008372429,47.69311001023334]]}},{"type":"Feature","properties":{"g":"Schaffhausen","r":300},"geometry":{"type":"LineString","coordinates":[[8.662650008396474,47.72335001023092],[8.662880008396606,47.723620010230874],[8.662920008396625,47.72366001023092],[8.662950008396646,47.7237000102309],[8.662970008396652,47.723740010230905],[8.66298000839665,47.723770010230936],[8.662980008396644,47.7237900102309],[8.662960008396572,47.723950010230936],[8.66295000839653,47.72404001023096],[8.662940008396511,47.724070010230996],[8.662950008396507,47.724120010231],[8.662960008396496,47.72418001023102],[8.662980008396488,47.72425001023098],[8.66300000839648,47.72433001023106],[8.663040008396477,47.724460010231084],[8.663070008396481,47.72453001023106],[8.66307000839647,47.724560010231066],[8.663070008396456,47.7246000102311],[8.663060008396434,47.7246500102311],[8.663030008396385,47.72470001023113],[8.662990008396328,47.72476001023119],[8.662940008396255,47.72484001023117],[8.662890008396193,47.724900010231224],[8.662860008396148,47.72494001023124],[8.662850008396129,47.72496001023127],[8.662830008396092,47.725010010231266],[8.66281000839606,47.72506001023126],[8.662780008396,47.72515001023133],[8.662730008395927,47.72523001023138],[8.662680008395853,47.72530001023139],[8.66262000839577,47.725400010231446],[8.662570008395688,47.72551001023148],[8.662550008395645,47.725560010231504]]}},{"type":"Feature","properties":{"g":"Schaffhausen","r":300},"geometry":{"type":"LineString","coordinates":[[8.662550008395645,47.725560010231504],[8.662460008395502,47.72574001023159],[8.662330008395294,47.72599001023171],[8.662300008395238,47.72609001023168],[8.662270008395172,47.72618001023175],[8.662240008395127,47.72625001023177],[8.662160008395006,47.726390010231846],[8.662040008394808,47.72663001023193],[8.661840008394478,47.72704001023213],[8.661760008394351,47.727220010232216],[8.661700008394257,47.72732001023225],[8.66162000839413,47.727450010232324],[8.661480008393937,47.72767001023239],[8.66131000839369,47.72791001023248],[8.66129947643415,47.727924052853055]]}},{"type":"Feature","properties":{"g":"Schaffhausen","r":300},"geometry":{"type":"LineString","coordinates":[[8.65306000838941,47.717270010232134],[8.652980008389344,47.71726001023211]]}},{"type":"Feature","properties":{"g":"Schaffhausen","r":300},"geometry":{"type":"LineString","coordinates":[[8.652980008389344,47.71726001023211],[8.652890008389255,47.717250010232156]]}},{"type":"Feature","properties":{"g":"Schaffhausen","r":300},"geometry":{"type":"LineString","coordinates":[[8.650400008386521,47.71837001023314],[8.650440008386523,47.71849001023318]]}},{"type":"Feature","properties":{"g":"Schaffhausen","r":300},"geometry":{"type":"LineString","coordinates":[[8.650440008386523,47.71849001023318],[8.650480008386507,47.71865001023323]]}},{"type":"Feature","properties":{"g":"Schaffhausen","r":300},"geometry":{"type":"LineString","coordinates":[[8.630840008375504,47.6955500102328],[8.630860008375521,47.69556001023281],[8.630930008375572,47.69561001023281],[8.630970008375591,47.6956600102328],[8.631010008375595,47.69575001023282],[8.631020008375597,47.695790010232805],[8.631040008375592,47.69586001023285],[8.631120008375538,47.69625001023294],[8.63115000837553,47.69637001023291],[8.63119000837555,47.69643001023297],[8.631230008375562,47.69650001023295],[8.631290008375592,47.69658001023296]]}},{"type":"Feature","properties":{"g":"Schaffhausen","r":300},"geometry":{"type":"LineString","coordinates":[[8.627570008371368,47.69867001023462],[8.627580008371385,47.698630010234616],[8.6275800083714,47.6986000102346],[8.627580008371421,47.698540010234595],[8.62758000837144,47.69847001023455],[8.627580008371467,47.69839001023457],[8.627590008371497,47.6983300102345],[8.627600008371523,47.69829001023451],[8.627620008371549,47.69825001023452],[8.627650008371601,47.698200010234444],[8.627690008371651,47.69816001023445],[8.627740008371712,47.698110010234466],[8.627780008371765,47.69807001023436],[8.627810008371798,47.698050010234354],[8.627840008371845,47.698020010234366],[8.627860008371867,47.69801001023435],[8.627890008371892,47.697990010234335]]}},{"type":"Feature","properties":{"g":"Schaffhausen","r":300},"geometry":{"type":"LineString","coordinates":[[8.626750008370182,47.69990001023523],[8.62684000837031,47.69977001023517],[8.627100008370684,47.69938001023495],[8.627210008370843,47.699210010234886],[8.627310008370989,47.69907001023483],[8.627390008371112,47.69894001023477],[8.627480008371233,47.6988100102347],[8.627540008371323,47.698720010234695],[8.627570008371368,47.69867001023462]]}},{"type":"Feature","properties":{"g":"Schaffhausen","r":300},"geometry":{"type":"LineString","coordinates":[[8.62888000837438,47.69330001023272],[8.629040008374508,47.69337001023278]]}},{"type":"Feature","properties":{"g":"Schaffhausen","r":300},"geometry":{"type":"LineString","coordinates":[[8.629040008374508,47.69337001023278],[8.629230008374666,47.69346001023271]]}},{"type":"Feature","properties":{"g":"Schaffhausen","r":300},"geometry":{"type":"LineString","coordinates":[[8.629230008374666,47.69346001023271],[8.629380008374781,47.693530010232685]]}},{"type":"Feature","properties":{"g":"Schaffhausen","r":300},"geometry":{"type":"LineString","coordinates":[[8.629380008374781,47.693530010232685],[8.629510008374886,47.693590010232676]]}},{"type":"Feature","properties":{"g":"Schaffhausen","r":300},"geometry":{"type":"LineString","coordinates":[[8.629510008374886,47.693590010232676],[8.629610008374968,47.693630010232646]]}},{"type":"Feature","properties":{"g":"Schaffhausen","r":300},"geometry":{"type":"LineString","coordinates":[[8.629610008374968,47.693630010232646],[8.62970000837504,47.69366001023264]]}},{"type":"Feature","properties":{"g":"Schaffhausen","r":300},"geometry":{"type":"LineString","coordinates":[[8.62970000837504,47.69366001023264],[8.62978000837511,47.69368001023258]]}},{"type":"Feature","properties":{"g":"Schaffhausen","r":300},"geometry":{"type":"LineString","coordinates":[[8.62978000837511,47.69368001023258],[8.629880008375206,47.693690010232544]]}},{"type":"Feature","properties":{"g":"Schaffhausen","r":300},"geometry":{"type":"LineString","coordinates":[[8.629880008375206,47.693690010232544],[8.629990008375309,47.693700010232554]]}},{"type":"Feature","properties":{"g":"Schaffhausen","r":300},"geometry":{"type":"LineString","coordinates":[[8.629990008375309,47.693700010232554],[8.630190008375498,47.69370001023252]]}},{"type":"Feature","properties":{"g":"Schaffhausen","r":300},"geometry":{"type":"LineString","coordinates":[[8.630190008375498,47.69370001023252],[8.63032000837562,47.693710010232465]]}},{"type":"Feature","properties":{"g":"Schaffhausen","r":300},"geometry":{"type":"LineString","coordinates":[[8.63032000837562,47.693710010232465],[8.63045000837574,47.6937100102324]]}},{"type":"Feature","properties":{"g":"Schaffhausen","r":300},"geometry":{"type":"LineString","coordinates":[[8.63045000837574,47.6937100102324],[8.630600008375882,47.69371001023236]]}},{"type":"Feature","properties":{"g":"Schaffhausen","r":300},"geometry":{"type":"LineString","coordinates":[[8.630600008375882,47.69371001023236],[8.63075000837602,47.69371001023235]]}},{"type":"Feature","properties":{"g":"Schaffhausen","r":300},"geometry":{"type":"LineString","coordinates":[[8.63075000837602,47.69371001023235],[8.630910008376185,47.69369001023226]]}},{"type":"Feature","properties":{"g":"Schaffhausen","r":300},"geometry":{"type":"LineString","coordinates":[[8.630910008376185,47.69369001023226],[8.631060008376336,47.6936700102322]]}},{"type":"Feature","properties":{"g":"Schaffhausen","r":300},"geometry":{"type":"LineString","coordinates":[[8.631060008376336,47.6936700102322],[8.631260008376529,47.69365001023218]]}},{"type":"Feature","properties":{"g":"Schaffhausen","r":300},"geometry":{"type":"LineString","coordinates":[[8.631260008376529,47.69365001023218],[8.63149000837676,47.69362001023209]]}},{"type":"Feature","properties":{"g":"Schaffhausen","r":300},"geometry":{"type":"LineString","coordinates":[[8.63149000837676,47.69362001023209],[8.631590008376856,47.69361001023204]]}},{"type":"Feature","properties":{"g":"Schaffhausen","r":300},"geometry":{"type":"LineString","coordinates":[[8.631590008376856,47.69361001023204],[8.631710008376977,47.69359001023203]]}},{"type":"Feature","properties":{"g":"Schaffhausen","r":300},"geometry":{"type":"LineString","coordinates":[[8.627400008369248,47.7046100102363],[8.627400008369317,47.7043900102362],[8.627400008369358,47.70427001023619],[8.627410008369402,47.70416001023615],[8.627420008369546,47.703770010236056],[8.627430008369652,47.703470010235996],[8.627440008369728,47.70327001023593],[8.627440008369724,47.703245832588635]]}},{"type":"Feature","properties":{"g":"Schaffhausen","r":300},"geometry":{"type":"LineString","coordinates":[[8.627490008368728,47.706430010236765],[8.62748000836877,47.70627001023673],[8.627460008368843,47.706000010236664],[8.62743000836888,47.70582001023659],[8.627410008368937,47.70559001023656],[8.62740000836898,47.70543001023652],[8.62740000836901,47.70533001023649],[8.627390008369009,47.705300010236506],[8.627390008369032,47.70524001023647],[8.627390008369124,47.70496001023641],[8.627400008369248,47.7046100102363]]}},{"type":"Feature","properties":{"g":"Schaffhausen","r":300},"geometry":{"type":"LineString","coordinates":[[8.621614561811388,47.71502736894434],[8.621930008360714,47.714720010240654],[8.622270008361145,47.714400010240475],[8.622330008361219,47.71433001024044],[8.622800008361809,47.71388001024014],[8.623010008362076,47.71369001024002],[8.623170008362273,47.713560010239966],[8.623440008362598,47.71336001023985],[8.62380000836302,47.71312001023966],[8.624050008363309,47.71296001023955],[8.624070008363338,47.712940010239535],[8.624110008363386,47.712910010239504],[8.624140008363415,47.7128900102395],[8.624190008363477,47.71285001023949],[8.624240008363545,47.71280001023944],[8.624280008363591,47.712750010239425],[8.624330008363657,47.71270001023937],[8.62437000836372,47.71264001023935],[8.624400008363763,47.71259001023936],[8.624430008363806,47.712540010239316],[8.624460008363853,47.71248001023935],[8.624510008363952,47.71234001023925],[8.624550008364015,47.71225001023924],[8.624830008364505,47.71158001023897],[8.624980008364759,47.71125001023882],[8.625180008365092,47.710810010238646],[8.625390008365438,47.710360010238446],[8.62554000836569,47.71004001023832],[8.625590008365775,47.709920010238264],[8.625660008365893,47.70976001023821],[8.62570000836596,47.70967001023818],[8.625720008365999,47.70961001023814],[8.625750008366053,47.70954001023809],[8.625760008366086,47.70947001023813],[8.625780008366133,47.709400010238085],[8.625800008366173,47.70932001023806],[8.625840008366245,47.70923001023801],[8.625870008366297,47.70915001023799],[8.625900008366347,47.709080010237955],[8.625940008366403,47.709020010237914],[8.625990008366472,47.708950010237864],[8.626020008366515,47.708920010237854],[8.626050008366555,47.70888001023787],[8.626100008366622,47.708830010237804],[8.626140008366676,47.70879001023779],[8.626170008366707,47.708760010237775],[8.626180008366727,47.708720010237755],[8.62617000836674,47.708670010237775]]}},{"type":"Feature","properties":{"g":"Schaffhausen","r":300},"geometry":{"type":"LineString","coordinates":[[8.58936000832406,47.731910010254865],[8.589440008324184,47.73176001025485],[8.589490008324265,47.73166001025477],[8.589540008324342,47.73158001025476],[8.589570008324403,47.731490010254745],[8.589670008324571,47.73126001025463],[8.589800008324792,47.73097001025452],[8.589910008324988,47.73070001025441],[8.589950008325054,47.730610010254395],[8.589990008325117,47.730520010254295],[8.590040008325202,47.730430010254295],[8.59009000832528,47.73033001025422],[8.590160008325382,47.73022001025421],[8.59023000832549,47.730110010254165],[8.590290008325564,47.73004001025412],[8.590370008325682,47.72991001025406],[8.590510008325879,47.72972001025397],[8.590640008326066,47.72952001025389],[8.590710008326171,47.72942001025384]]}},{"type":"Feature","properties":{"g":"Schaffhausen","r":300},"geometry":{"type":"LineString","coordinates":[[8.650420008386906,47.71727001023289],[8.650310008386798,47.71729001023287]]}},{"type":"Feature","properties":{"g":"Schaffhausen","r":300},"geometry":{"type":"LineString","coordinates":[[8.650310008386798,47.71729001023287],[8.650190008386682,47.71730001023296]]}},{"type":"Feature","properties":{"g":"Schaffhausen","r":300},"geometry":{"type":"LineString","coordinates":[[8.650190008386682,47.71730001023296],[8.65008000838658,47.71730001023301]]}},{"type":"Feature","properties":{"g":"Schaffhausen","r":300},"geometry":{"type":"LineString","coordinates":[[8.65008000838658,47.71730001023301],[8.649910008386405,47.71734001023303]]}},{"type":"Feature","properties":{"g":"Schaffhausen","r":300},"geometry":{"type":"LineString","coordinates":[[8.634920008377264,47.70196001023331],[8.634940008377225,47.702140010233386]]}},{"type":"Feature","properties":{"g":"Schaffhausen","r":300},"geometry":{"type":"LineString","coordinates":[[8.634940008377225,47.702140010233386],[8.63496000837721,47.702250010233456]]}},{"type":"Feature","properties":{"g":"Schaffhausen","r":300},"geometry":{"type":"LineString","coordinates":[[8.63496000837721,47.702250010233456],[8.634980008377205,47.702320010233436]]}},{"type":"Feature","properties":{"g":"Schaffhausen","r":300},"geometry":{"type":"LineString","coordinates":[[8.634980008377205,47.702320010233436],[8.635020008377207,47.70243001023347]]}},{"type":"Feature","properties":{"g":"Schaffhausen","r":300},"geometry":{"type":"LineString","coordinates":[[8.635020008377207,47.70243001023347],[8.635050008377204,47.70251001023348]]}},{"type":"Feature","properties":{"g":"Schaffhausen","r":300},"geometry":{"type":"LineString","coordinates":[[8.635050008377204,47.70251001023348],[8.63510000837723,47.70260001023347]]}},{"type":"Feature","properties":{"g":"Schaffhausen","r":300},"geometry":{"type":"LineString","coordinates":[[8.63510000837723,47.70260001023347],[8.635150008377245,47.702690010233454]]}},{"type":"Feature","properties":{"g":"Schaffhausen","r":300},"geometry":{"type":"LineString","coordinates":[[8.635150008377245,47.702690010233454],[8.635270008377288,47.702900010233506]]}},{"type":"Feature","properties":{"g":"Schaffhausen","r":300},"geometry":{"type":"LineString","coordinates":[[8.635270008377288,47.702900010233506],[8.635460008377377,47.70319001023351]]}},{"type":"Feature","properties":{"g":"Schaffhausen","r":300},"geometry":{"type":"LineString","coordinates":[[8.635460008377377,47.70319001023351],[8.635570008377417,47.70336001023355]]}},{"type":"Feature","properties":{"g":"Schaffhausen","r":300},"geometry":{"type":"LineString","coordinates":[[8.635570008377417,47.70336001023355],[8.635630008377447,47.70345001023353]]}},{"type":"Feature","properties":{"g":"Schaffhausen","r":300},"geometry":{"type":"LineString","coordinates":[[8.635630008377447,47.70345001023353],[8.635660008377455,47.70352001023352]]}},{"type":"Feature","properties":{"g":"Schaffhausen","r":300},"geometry":{"type":"LineString","coordinates":[[8.635660008377455,47.70352001023352],[8.635710008377467,47.703630010233574]]}},{"type":"Feature","properties":{"g":"Schaffhausen","r":300},"geometry":{"type":"LineString","coordinates":[[8.63573000837747,47.70367001023358],[8.635760008377483,47.703720010233575]]}},{"type":"Feature","properties":{"g":"Schaffhausen","r":300},"geometry":{"type":"LineString","coordinates":[[8.635760008377483,47.703720010233575],[8.635820008377497,47.70385001023357]]}},{"type":"Feature","properties":{"g":"Schaffhausen","r":300},"geometry":{"type":"LineString","coordinates":[[8.635820008377497,47.70385001023357],[8.635880008377503,47.704000010233585]]}},{"type":"Feature","properties":{"g":"Schaffhausen","r":300},"geometry":{"type":"LineString","coordinates":[[8.635880008377503,47.704000010233585],[8.635910008377508,47.70408001023364]]}},{"type":"Feature","properties":{"g":"Schaffhausen","r":300},"geometry":{"type":"LineString","coordinates":[[8.635910008377508,47.70408001023364],[8.63604000837753,47.70439001023366]]}},{"type":"Feature","properties":{"g":"Schaffhausen","r":300},"geometry":{"type":"LineString","coordinates":[[8.63604000837753,47.70439001023366],[8.636090008377542,47.70450001023366]]}},{"type":"Feature","properties":{"g":"Schaffhausen","r":300},"geometry":{"type":"LineString","coordinates":[[8.636090008377542,47.70450001023366],[8.63615000837755,47.70464001023372]]}},{"type":"Feature","properties":{"g":"Schaffhausen","r":300},"geometry":{"type":"LineString","coordinates":[[8.63615000837755,47.70464001023372],[8.636230008377561,47.704840010233745]]}},{"type":"Feature","properties":{"g":"Schaffhausen","r":300},"geometry":{"type":"LineString","coordinates":[[8.636230008377561,47.704840010233745],[8.63632000837758,47.705040010233766]]}},{"type":"Feature","properties":{"g":"Schaffhausen","r":300},"geometry":{"type":"LineString","coordinates":[[8.63632000837758,47.705040010233766],[8.636360008377583,47.70515001023375]]}},{"type":"Feature","properties":{"g":"Schaffhausen","r":300},"geometry":{"type":"LineString","coordinates":[[8.636360008377583,47.70515001023375],[8.636460008377608,47.7053700102338]]}},{"type":"Feature","properties":{"g":"Schaffhausen","r":300},"geometry":{"type":"LineString","coordinates":[[8.636460008377608,47.7053700102338],[8.636630008377622,47.70580001023391]]}},{"type":"Feature","properties":{"g":"Schaffhausen","r":300},"geometry":{"type":"LineString","coordinates":[[8.636630008377622,47.70580001023391],[8.636740008377645,47.70604001023393]]}},{"type":"Feature","properties":{"g":"Schaffhausen","r":300},"geometry":{"type":"LineString","coordinates":[[8.636740008377645,47.70604001023393],[8.636820008377674,47.70620001023396]]}},{"type":"Feature","properties":{"g":"Schaffhausen","r":300},"geometry":{"type":"LineString","coordinates":[[8.636820008377674,47.70620001023396],[8.63687000837768,47.70630001023395]]}},{"type":"Feature","properties":{"g":"Schaffhausen","r":300},"geometry":{"type":"LineString","coordinates":[[8.63687000837768,47.70630001023395],[8.63695000837771,47.706450010233965]]}},{"type":"Feature","properties":{"g":"Schaffhausen","r":300},"geometry":{"type":"LineString","coordinates":[[8.63695000837771,47.706450010233965],[8.637080008377758,47.706680010233995]]}},{"type":"Feature","properties":{"g":"Schaffhausen","r":300},"geometry":{"type":"LineString","coordinates":[[8.637080008377758,47.706680010233995],[8.637260008377824,47.70699001023399]]}},{"type":"Feature","properties":{"g":"Schaffhausen","r":300},"geometry":{"type":"LineString","coordinates":[[8.637260008377824,47.70699001023399],[8.637430008377901,47.70725001023404]]}},{"type":"Feature","properties":{"g":"Schaffhausen","r":300},"geometry":{"type":"LineString","coordinates":[[8.637430008377901,47.70725001023404],[8.637570008377976,47.70743001023405]]}},{"type":"Feature","properties":{"g":"Schaffhausen","r":300},"geometry":{"type":"LineString","coordinates":[[8.637570008377976,47.70743001023405],[8.637750008378074,47.70765001023404]]}},{"type":"Feature","properties":{"g":"Schaffhausen","r":300},"geometry":{"type":"LineString","coordinates":[[8.637750008378074,47.70765001023404],[8.637970008378193,47.707910010234045]]}},{"type":"Feature","properties":{"g":"Schaffhausen","r":300},"geometry":{"type":"LineString","coordinates":[[8.637970008378193,47.707910010234045],[8.638090008378256,47.70808001023406]]}},{"type":"Feature","properties":{"g":"Schaffhausen","r":300},"geometry":{"type":"LineString","coordinates":[[8.636600008379068,47.70133001023269],[8.636670008379104,47.70143001023269]]}},{"type":"Feature","properties":{"g":"Schaffhausen","r":300},"geometry":{"type":"LineString","coordinates":[[8.636670008379104,47.70143001023269],[8.636800008379199,47.701520010232635]]}},{"type":"Feature","properties":{"g":"Schaffhausen","r":300},"geometry":{"type":"LineString","coordinates":[[8.636800008379199,47.701520010232635],[8.636940008379309,47.70159001023268]]}},{"type":"Feature","properties":{"g":"Schaffhausen","r":300},"geometry":{"type":"LineString","coordinates":[[8.636940008379309,47.70159001023268],[8.637030008379385,47.70162001023264]]}},{"type":"Feature","properties":{"g":"Schaffhausen","r":300},"geometry":{"type":"LineString","coordinates":[[8.637070008379418,47.70163001023264],[8.637170008379508,47.70165001023261]]}},{"type":"Feature","properties":{"g":"Schaffhausen","r":300},"geometry":{"type":"LineString","coordinates":[[8.637170008379508,47.70165001023261],[8.637260008379586,47.701670010232576]]}},{"type":"Feature","properties":{"g":"Schaffhausen","r":300},"geometry":{"type":"LineString","coordinates":[[8.637260008379586,47.701670010232576],[8.637340008379656,47.70168001023254]]}},{"type":"Feature","properties":{"g":"Schaffhausen","r":300},"geometry":{"type":"LineString","coordinates":[[8.637400008379707,47.70169001023254],[8.637460008379762,47.70171001023253]]}},{"type":"Feature","properties":{"g":"Schaffhausen","r":300},"geometry":{"type":"LineString","coordinates":[[8.637910008381912,47.69648001023098],[8.637820008381713,47.6968300102311]]}},{"type":"Feature","properties":{"g":"Schaffhausen","r":300},"geometry":{"type":"LineString","coordinates":[[8.637820008381713,47.6968300102311],[8.63778000838162,47.697000010231164]]}},{"type":"Feature","properties":{"g":"Schaffhausen","r":300},"geometry":{"type":"LineString","coordinates":[[8.63778000838162,47.697000010231164],[8.637720008381477,47.69726001023127]]}},{"type":"Feature","properties":{"g":"Schaffhausen","r":300},"geometry":{"type":"LineString","coordinates":[[8.637720008381477,47.69726001023127],[8.637650008381339,47.69748001023134]]}},{"type":"Feature","properties":{"g":"Schaffhausen","r":300},"geometry":{"type":"LineString","coordinates":[[8.63305000837829,47.693470010231565],[8.633280008378502,47.693480010231525]]}},{"type":"Feature","properties":{"g":"Schaffhausen","r":300},"geometry":{"type":"LineString","coordinates":[[8.633280008378502,47.693480010231525],[8.634120008379293,47.693500010231304]]}},{"type":"Feature","properties":{"g":"Schaffhausen","r":300},"geometry":{"type":"LineString","coordinates":[[8.634120008379293,47.693500010231304],[8.634620008379768,47.69352001023113]]}},{"type":"Feature","properties":{"g":"Schaffhausen","r":300},"geometry":{"type":"LineString","coordinates":[[8.634620008379768,47.69352001023113],[8.634840008379976,47.69352001023112]]}},{"type":"Feature","properties":{"g":"Schaffhausen","r":300},"geometry":{"type":"LineString","coordinates":[[8.634840008379976,47.69352001023112],[8.635000008380123,47.693530010231015]]}},{"type":"Feature","properties":{"g":"Schaffhausen","r":300},"geometry":{"type":"LineString","coordinates":[[8.635000008380123,47.693530010231015],[8.635130008380244,47.69354001023098]]}},{"type":"Feature","properties":{"g":"Schaffhausen","r":300},"geometry":{"type":"LineString","coordinates":[[8.635130008380244,47.69354001023098],[8.63521000838032,47.693550010230965]]}},{"type":"Feature","properties":{"g":"Schaffhausen","r":300},"geometry":{"type":"LineString","coordinates":[[8.63521000838032,47.693550010230965],[8.63540000838049,47.69358001023093]]}},{"type":"Feature","properties":{"g":"Schaffhausen","r":300},"geometry":{"type":"LineString","coordinates":[[8.63540000838049,47.69358001023093],[8.6356300083807,47.69361001023086]]}},{"type":"Feature","properties":{"g":"Schaffhausen","r":300},"geometry":{"type":"LineString","coordinates":[[8.6356300083807,47.69361001023086],[8.635800008380851,47.693640010230844]]}},{"type":"Feature","properties":{"g":"Schaffhausen","r":300},"geometry":{"type":"LineString","coordinates":[[8.635800008380851,47.693640010230844],[8.636000008381025,47.69368001023079]]}},{"type":"Feature","properties":{"g":"Schaffhausen","r":300},"geometry":{"type":"LineString","coordinates":[[8.636000008381025,47.69368001023079],[8.636230008381224,47.6937400102307]]}},{"type":"Feature","properties":{"g":"Schaffhausen","r":300},"geometry":{"type":"LineString","coordinates":[[8.636230008381224,47.6937400102307],[8.63641000838137,47.69380001023068]]}},{"type":"Feature","properties":{"g":"Schaffhausen","r":300},"geometry":{"type":"LineString","coordinates":[[8.63641000838137,47.69380001023068],[8.63657000838151,47.69385001023067]]}},{"type":"Feature","properties":{"g":"Schaffhausen","r":300},"geometry":{"type":"LineString","coordinates":[[8.63657000838151,47.69385001023067],[8.636730008381642,47.69391001023064]]}},{"type":"Feature","properties":{"g":"Schaffhausen","r":300},"geometry":{"type":"LineString","coordinates":[[8.636730008381642,47.69391001023064],[8.636900008381787,47.6939700102306]]}},{"type":"Feature","properties":{"g":"Schaffhausen","r":300},"geometry":{"type":"LineString","coordinates":[[8.636900008381787,47.6939700102306],[8.637090008381946,47.694040010230545]]}},{"type":"Feature","properties":{"g":"Schaffhausen","r":300},"geometry":{"type":"LineString","coordinates":[[8.637090008381946,47.694040010230545],[8.637290008382106,47.69412001023048]]}},{"type":"Feature","properties":{"g":"Schaffhausen","r":300},"geometry":{"type":"LineString","coordinates":[[8.637290008382106,47.69412001023048],[8.637510008382288,47.69420001023046]]}},{"type":"Feature","properties":{"g":"Schaffhausen","r":300},"geometry":{"type":"LineString","coordinates":[[8.637510008382288,47.69420001023046],[8.637830008382549,47.69433001023042]]}},{"type":"Feature","properties":{"g":"Schaffhausen","r":300},"geometry":{"type":"LineString","coordinates":[[8.637830008382549,47.69433001023042],[8.638360008382978,47.6945500102303]]}},{"type":"Feature","properties":{"g":"Schaffhausen","r":300},"geometry":{"type":"LineString","coordinates":[[8.631770008376886,47.69404001023213],[8.63178000837692,47.693970010232064],[8.631790008376953,47.69390001023209],[8.631790008376973,47.69384001023204],[8.631780008376975,47.693800010232074],[8.63178000837698,47.69377001023202],[8.631770008376991,47.693730010232066],[8.631750008376986,47.693680010231986],[8.631730008376982,47.69363001023203],[8.631710008376977,47.69359001023203]]}},{"type":"Feature","properties":{"g":"Schaffhausen","r":300},"geometry":{"type":"LineString","coordinates":[[8.640230008380811,47.70649001023297],[8.640250008380853,47.70643001023298]]}},{"type":"Feature","properties":{"g":"Schaffhausen","r":300},"geometry":{"type":"LineString","coordinates":[[8.640250008380853,47.70643001023298],[8.64026000838088,47.706360010232956]]}},{"type":"Feature","properties":{"g":"Schaffhausen","r":300},"geometry":{"type":"LineString","coordinates":[[8.64026000838088,47.706360010232956],[8.640270008380938,47.70622001023289]]}},{"type":"Feature","properties":{"g":"Schaffhausen","r":300},"geometry":{"type":"LineString","coordinates":[[8.640270008380938,47.70622001023289],[8.640270008380988,47.70606001023292]]}},{"type":"Feature","properties":{"g":"Schaffhausen","r":300},"geometry":{"type":"LineString","coordinates":[[8.640270008380988,47.70606001023292],[8.640290008381045,47.705960010232836]]}},{"type":"Feature","properties":{"g":"Schaffhausen","r":300},"geometry":{"type":"LineString","coordinates":[[8.640290008381045,47.705960010232836],[8.640300008381079,47.70589001023282]]}},{"type":"Feature","properties":{"g":"Schaffhausen","r":300},"geometry":{"type":"LineString","coordinates":[[8.640300008381079,47.70589001023282],[8.640330008381143,47.70579001023279]]}},{"type":"Feature","properties":{"g":"Schaffhausen","r":300},"geometry":{"type":"LineString","coordinates":[[8.640330008381143,47.70579001023279],[8.640380008381209,47.70573001023271]]}},{"type":"Feature","properties":{"g":"Schaffhausen","r":300},"geometry":{"type":"LineString","coordinates":[[8.640380008381209,47.70573001023271],[8.640420008381255,47.70569001023272]]}},{"type":"Feature","properties":{"g":"Schaffhausen","r":300},"geometry":{"type":"LineString","coordinates":[[8.640420008381255,47.70569001023272],[8.640500008381345,47.70565001023265]]}},{"type":"Feature","properties":{"g":"Schaffhausen","r":300},"geometry":{"type":"LineString","coordinates":[[8.640500008381345,47.70565001023265],[8.640570008381426,47.70562001023266]]}},{"type":"Feature","properties":{"g":"Schaffhausen","r":300},"geometry":{"type":"LineString","coordinates":[[8.640570008381426,47.70562001023266],[8.640640008381489,47.705610010232654]]}},{"type":"Feature","properties":{"g":"Schaffhausen","r":300},"geometry":{"type":"LineString","coordinates":[[8.64070000838155,47.705610010232625],[8.640850008381685,47.705640010232585]]}},{"type":"Feature","properties":{"g":"Schaffhausen","r":300},"geometry":{"type":"LineString","coordinates":[[8.640850008381685,47.705640010232585],[8.641100008381901,47.70570001023254]]}},{"type":"Feature","properties":{"g":"Schaffhausen","r":300},"geometry":{"type":"LineString","coordinates":[[8.641100008381901,47.70570001023254],[8.64138000838214,47.705780010232466]]}},{"type":"Feature","properties":{"g":"Schaffhausen","r":300},"geometry":{"type":"LineString","coordinates":[[8.64138000838214,47.705780010232466],[8.641560008382283,47.7058500102324]]}},{"type":"Feature","properties":{"g":"Schaffhausen","r":300},"geometry":{"type":"LineString","coordinates":[[8.641560008382283,47.7058500102324],[8.64169000838239,47.70592001023247]]}},{"type":"Feature","properties":{"g":"Schaffhausen","r":300},"geometry":{"type":"LineString","coordinates":[[8.64169000838239,47.70592001023247],[8.642110008382701,47.70617001023234]]}},{"type":"Feature","properties":{"g":"Schaffhausen","r":300},"geometry":{"type":"LineString","coordinates":[[8.642110008382701,47.70617001023234],[8.64244000838295,47.70637001023231]]}},{"type":"Feature","properties":{"g":"Schaffhausen","r":300},"geometry":{"type":"LineString","coordinates":[[8.64244000838295,47.70637001023231],[8.642650008383113,47.70648001023231]]}},{"type":"Feature","properties":{"g":"Schaffhausen","r":300},"geometry":{"type":"LineString","coordinates":[[8.642650008383113,47.70648001023231],[8.64294000838334,47.70663001023226]]}},{"type":"Feature","properties":{"g":"Schaffhausen","r":300},"geometry":{"type":"LineString","coordinates":[[8.64294000838334,47.70663001023226],[8.643470008383751,47.70690001023215]]}},{"type":"Feature","properties":{"g":"Schaffhausen","r":300},"geometry":{"type":"LineString","coordinates":[[8.643470008383751,47.70690001023215],[8.643670008383907,47.70700001023214]]}},{"type":"Feature","properties":{"g":"Schaffhausen","r":300},"geometry":{"type":"LineString","coordinates":[[8.643670008383907,47.70700001023214],[8.643920008384102,47.70713001023208]]}},{"type":"Feature","properties":{"g":"Schaffhausen","r":300},"geometry":{"type":"LineString","coordinates":[[8.643920008384102,47.70713001023208],[8.64410000838424,47.707220010232035]]}},{"type":"Feature","properties":{"g":"Schaffhausen","r":300},"geometry":{"type":"LineString","coordinates":[[8.64410000838424,47.707220010232035],[8.64425000838436,47.707300010232004]]}},{"type":"Feature","properties":{"g":"Schaffhausen","r":300},"geometry":{"type":"LineString","coordinates":[[8.64425000838436,47.707300010232004],[8.644550008384593,47.70745001023196]]}},{"type":"Feature","properties":{"g":"Schaffhausen","r":300},"geometry":{"type":"LineString","coordinates":[[8.644550008384593,47.70745001023196],[8.6446800083847,47.707500010231996]]}},{"type":"Feature","properties":{"g":"Schaffhausen","r":300},"geometry":{"type":"LineString","coordinates":[[8.6446800083847,47.707500010231996],[8.644740008384753,47.70753001023194]]}},{"type":"Feature","properties":{"g":"Schaffhausen","r":300},"geometry":{"type":"LineString","coordinates":[[8.644740008384753,47.70753001023194],[8.644930008384899,47.707620010231935]]}},{"type":"Feature","properties":{"g":"Schaffhausen","r":300},"geometry":{"type":"LineString","coordinates":[[8.644930008384899,47.707620010231935],[8.645110008385052,47.70768001023187]]}},{"type":"Feature","properties":{"g":"Schaffhausen","r":300},"geometry":{"type":"LineString","coordinates":[[8.645110008385052,47.70768001023187],[8.64567000838552,47.70787001023176]]}},{"type":"Feature","properties":{"g":"Schaffhausen","r":300},"geometry":{"type":"LineString","coordinates":[[8.64567000838552,47.70787001023176],[8.64641000838614,47.70812001023166]]}},{"type":"Feature","properties":{"g":"Schaffhausen","r":300},"geometry":{"type":"LineString","coordinates":[[8.64641000838614,47.70812001023166],[8.646510008386219,47.70815001023156]]}},{"type":"Feature","properties":{"g":"Schaffhausen","r":300},"geometry":{"type":"LineString","coordinates":[[8.646510008386219,47.70815001023156],[8.646590008386294,47.708170010231576]]}},{"type":"Feature","properties":{"g":"Schaffhausen","r":300},"geometry":{"type":"LineString","coordinates":[[8.646590008386294,47.708170010231576],[8.646790008386478,47.708190010231526]]}},{"type":"Feature","properties":{"g":"Schaffhausen","r":300},"geometry":{"type":"LineString","coordinates":[[8.653930008390269,47.717190010231874],[8.653790008390128,47.71720001023186]]}},{"type":"Feature","properties":{"g":"Schaffhausen","r":300},"geometry":{"type":"LineString","coordinates":[[8.653790008390128,47.71720001023186],[8.653620008389963,47.717220010231934]]}},{"type":"Feature","properties":{"g":"Schaffhausen","r":300},"geometry":{"type":"LineString","coordinates":[[8.653620008389963,47.717220010231934],[8.653510008389857,47.717230010231994]]}},{"type":"Feature","properties":{"g":"Schaffhausen","r":300},"geometry":{"type":"LineString","coordinates":[[8.651680008388198,47.71699001023242],[8.651590008388112,47.71699001023245]]}},{"type":"Feature","properties":{"g":"Schaffhausen","r":300},"geometry":{"type":"LineString","coordinates":[[8.651590008388112,47.71699001023245],[8.65146000838798,47.71701001023252]]}},{"type":"Feature","properties":{"g":"Schaffhausen","r":300},"geometry":{"type":"LineString","coordinates":[[8.65146000838798,47.71701001023252],[8.65132000838784,47.71704001023258]]}},{"type":"Feature","properties":{"g":"Schaffhausen","r":300},"geometry":{"type":"LineString","coordinates":[[8.65132000838784,47.71704001023258],[8.65115000838766,47.71709001023261]]}},{"type":"Feature","properties":{"g":"Schaffhausen","r":300},"geometry":{"type":"LineString","coordinates":[[8.65115000838766,47.71709001023261],[8.650810008387305,47.7171900102328]]}},{"type":"Feature","properties":{"g":"Schaffhausen","r":300},"geometry":{"type":"LineString","coordinates":[[8.650810008387305,47.7171900102328],[8.650630008387123,47.71723001023282]]}},{"type":"Feature","properties":{"g":"Schaffhausen","r":300},"geometry":{"type":"LineString","coordinates":[[8.650630008387123,47.71723001023282],[8.650450008386944,47.71727001023289]]}},{"type":"Feature","properties":{"g":"Schaffhausen","r":300},"geometry":{"type":"LineString","coordinates":[[8.642360008377453,47.72273001023675],[8.642040008377112,47.722860010236865]]}},{"type":"Feature","properties":{"g":"Schaffhausen","r":300},"geometry":{"type":"LineString","coordinates":[[8.642040008377112,47.722860010236865],[8.641740008376788,47.722980010236974]]}},{"type":"Feature","properties":{"g":"Schaffhausen","r":300},"geometry":{"type":"LineString","coordinates":[[8.641740008376788,47.722980010236974],[8.640930008375914,47.7233000102373]]}},{"type":"Feature","properties":{"g":"Schaffhausen","r":300},"geometry":{"type":"LineString","coordinates":[[8.640930008375914,47.7233000102373],[8.640580008375531,47.723440010237454]]}},{"type":"Feature","properties":{"g":"Schaffhausen","r":300},"geometry":{"type":"LineString","coordinates":[[8.640580008375531,47.723440010237454],[8.640130008375051,47.72361001023765]]}},{"type":"Feature","properties":{"g":"Schaffhausen","r":300},"geometry":{"type":"LineString","coordinates":[[8.640130008375051,47.72361001023765],[8.639620008374505,47.723810010237834]]}},{"type":"Feature","properties":{"g":"Schaffhausen","r":300},"geometry":{"type":"LineString","coordinates":[[8.638280008373014,47.724460010238474],[8.63804000837274,47.72458001023849]]}},{"type":"Feature","properties":{"g":"Schaffhausen","r":300},"geometry":{"type":"LineString","coordinates":[[8.63804000837274,47.72458001023849],[8.637940008372633,47.72463001023858]]}},{"type":"Feature","properties":{"g":"Schaffhausen","r":300},"geometry":{"type":"LineString","coordinates":[[8.637940008372633,47.72463001023858],[8.637800008372482,47.7246900102386]]}},{"type":"Feature","properties":{"g":"Schaffhausen","r":300},"geometry":{"type":"LineString","coordinates":[[8.637800008372482,47.7246900102386],[8.637630008372296,47.72475001023869]]}},{"type":"Feature","properties":{"g":"Schaffhausen","r":300},"geometry":{"type":"LineString","coordinates":[[8.637630008372296,47.72475001023869],[8.637420008372079,47.724810010238805]]}},{"type":"Feature","properties":{"g":"Schaffhausen","r":300},"geometry":{"type":"LineString","coordinates":[[8.637420008372079,47.724810010238805],[8.637290008371949,47.72485001023883]]}},{"type":"Feature","properties":{"g":"Schaffhausen","r":300},"geometry":{"type":"LineString","coordinates":[[8.637290008371949,47.72485001023883],[8.637190008371842,47.72487001023888]]}},{"type":"Feature","properties":{"g":"Schaffhausen","r":300},"geometry":{"type":"LineString","coordinates":[[8.637190008371842,47.72487001023888],[8.637050008371707,47.7248900102389]]}},{"type":"Feature","properties":{"g":"Schaffhausen","r":300},"geometry":{"type":"LineString","coordinates":[[8.637050008371707,47.7248900102389],[8.63692000837158,47.72491001023895]]}},{"type":"Feature","properties":{"g":"Schaffhausen","r":300},"geometry":{"type":"LineString","coordinates":[[8.63692000837158,47.72491001023895],[8.636760008371411,47.72494001023902]]}},{"type":"Feature","properties":{"g":"Schaffhausen","r":300},"geometry":{"type":"LineString","coordinates":[[8.636760008371411,47.72494001023902],[8.636560008371207,47.7249800102391]]}},{"type":"Feature","properties":{"g":"Schaffhausen","r":300},"geometry":{"type":"LineString","coordinates":[[8.636560008371207,47.7249800102391],[8.635970008370622,47.72506001023926]]}},{"type":"Feature","properties":{"g":"Schaffhausen","r":300},"geometry":{"type":"LineString","coordinates":[[8.635970008370622,47.72506001023926],[8.635751947193771,47.725089478120026]]}},{"type":"Feature","properties":{"g":"Schaffhausen","r":300},"geometry":{"type":"LineString","coordinates":[[8.655690008391739,47.717770010231504],[8.655520008391575,47.71778001023152]]}},{"type":"Feature","properties":{"g":"Schaffhausen","r":300},"geometry":{"type":"LineString","coordinates":[[8.65548000839154,47.717770010231526],[8.655360008391433,47.717760010231515]]}},{"type":"Feature","properties":{"g":"Schaffhausen","r":300},"geometry":{"type":"LineString","coordinates":[[8.655360008391433,47.717760010231515],[8.655210008391297,47.71773001023158]]}},{"type":"Feature","properties":{"g":"Schaffhausen","r":300},"geometry":{"type":"LineString","coordinates":[[8.655210008391297,47.71773001023158],[8.655060008391171,47.71768001023159]]}},{"type":"Feature","properties":{"g":"Schaffhausen","r":300},"geometry":{"type":"LineString","coordinates":[[8.655060008391171,47.71768001023159],[8.654930008391071,47.71760001023164]]}},{"type":"Feature","properties":{"g":"Schaffhausen","r":300},"geometry":{"type":"LineString","coordinates":[[8.654930008391071,47.71760001023164],[8.65470000839091,47.71745001023167]]}},{"type":"Feature","properties":{"g":"Schaffhausen","r":300},"geometry":{"type":"LineString","coordinates":[[8.65470000839091,47.71745001023167],[8.654560008390801,47.71737001023169]]}},{"type":"Feature","properties":{"g":"Schaffhausen","r":300},"geometry":{"type":"LineString","coordinates":[[8.654560008390801,47.71737001023169],[8.65444000839071,47.71730001023173]]}},{"type":"Feature","properties":{"g":"Schaffhausen","r":300},"geometry":{"type":"LineString","coordinates":[[8.65444000839071,47.71730001023173],[8.654320008390611,47.7172600102317]]}},{"type":"Feature","properties":{"g":"Schaffhausen","r":300},"geometry":{"type":"LineString","coordinates":[[8.654320008390611,47.7172600102317],[8.654190008390499,47.717220010231706]]}},{"type":"Feature","properties":{"g":"Schaffhausen","r":300},"geometry":{"type":"LineString","coordinates":[[8.664170008397853,47.723540010230465],[8.664130008397851,47.72343001023048]]}},{"type":"Feature","properties":{"g":"Schaffhausen","r":300},"geometry":{"type":"LineString","coordinates":[[8.664130008397851,47.72343001023048],[8.664110008397852,47.72338001023045]]}},{"type":"Feature","properties":{"g":"Schaffhausen","r":300},"geometry":{"type":"LineString","coordinates":[[8.664110008397852,47.72338001023045],[8.664060008397826,47.72330001023045]]}},{"type":"Feature","properties":{"g":"Schaffhausen","r":300},"geometry":{"type":"LineString","coordinates":[[8.664060008397826,47.72330001023045],[8.664010008397806,47.72323001023046]]}},{"type":"Feature","properties":{"g":"Schaffhausen","r":300},"geometry":{"type":"LineString","coordinates":[[8.664010008397806,47.72323001023046],[8.66395000839777,47.72316001023042]]}},{"type":"Feature","properties":{"g":"Schaffhausen","r":300},"geometry":{"type":"LineString","coordinates":[[8.66395000839777,47.72316001023042],[8.663880008397735,47.72307001023043]]}},{"type":"Feature","properties":{"g":"Schaffhausen","r":300},"geometry":{"type":"LineString","coordinates":[[8.663880008397735,47.72307001023043],[8.663790008397678,47.72297001023043]]}},{"type":"Feature","properties":{"g":"Schaffhausen","r":300},"geometry":{"type":"LineString","coordinates":[[8.663790008397678,47.72297001023043],[8.663700008397631,47.722880010230455]]}},{"type":"Feature","properties":{"g":"Schaffhausen","r":300},"geometry":{"type":"LineString","coordinates":[[8.663700008397631,47.722880010230455],[8.663530008397514,47.722740010230446]]}},{"type":"Feature","properties":{"g":"Schaffhausen","r":300},"geometry":{"type":"LineString","coordinates":[[8.663530008397514,47.722740010230446],[8.663430008397443,47.722670010230466]]}},{"type":"Feature","properties":{"g":"Schaffhausen","r":300},"geometry":{"type":"LineString","coordinates":[[8.663430008397443,47.722670010230466],[8.663320008397358,47.722600010230465]]}},{"type":"Feature","properties":{"g":"Schaffhausen","r":300},"geometry":{"type":"LineString","coordinates":[[8.663320008397358,47.722600010230465],[8.663210008397279,47.72253001023048]]}},{"type":"Feature","properties":{"g":"Schaffhausen","r":300},"geometry":{"type":"LineString","coordinates":[[8.663210008397279,47.72253001023048],[8.663090008397186,47.722470010230516]]}},{"type":"Feature","properties":{"g":"Schaffhausen","r":300},"geometry":{"type":"LineString","coordinates":[[8.663090008397186,47.722470010230516],[8.662600008396804,47.722210010230604]]}},{"type":"Feature","properties":{"g":"Schaffhausen","r":300},"geometry":{"type":"LineString","coordinates":[[8.662600008396804,47.722210010230604],[8.662440008396679,47.722150010230614]]}},{"type":"Feature","properties":{"g":"Schaffhausen","r":300},"geometry":{"type":"LineString","coordinates":[[8.66365000839582,47.72816794324343],[8.663650008395843,47.72811001023187]]}},{"type":"Feature","properties":{"g":"Schaffhausen","r":300},"geometry":{"type":"LineString","coordinates":[[8.663650008395843,47.72811001023187],[8.663650008395862,47.72806001023187]]}},{"type":"Feature","properties":{"g":"Schaffhausen","r":300},"geometry":{"type":"LineString","coordinates":[[8.663650008395862,47.72806001023187],[8.663650008395882,47.7280000102318]]}},{"type":"Feature","properties":{"g":"Schaffhausen","r":300},"geometry":{"type":"LineString","coordinates":[[8.663650008395882,47.7280000102318],[8.663660008395912,47.72792001023182]]}},{"type":"Feature","properties":{"g":"Schaffhausen","r":300},"geometry":{"type":"LineString","coordinates":[[8.663660008395912,47.72792001023182],[8.663660008395937,47.727860010231765]]}},{"type":"Feature","properties":{"g":"Schaffhausen","r":300},"geometry":{"type":"LineString","coordinates":[[8.663660008395937,47.727860010231765],[8.663670008395965,47.72780001023175]]}},{"type":"Feature","properties":{"g":"Schaffhausen","r":300},"geometry":{"type":"LineString","coordinates":[[8.663670008395965,47.72780001023175],[8.663680008395987,47.727750010231745]]}},{"type":"Feature","properties":{"g":"Schaffhausen","r":300},"geometry":{"type":"LineString","coordinates":[[8.663680008395987,47.727750010231745],[8.663700008396031,47.72769001023175]]}},{"type":"Feature","properties":{"g":"Schaffhausen","r":300},"geometry":{"type":"LineString","coordinates":[[8.663700008396031,47.72769001023175],[8.663720008396062,47.7276300102317]]}},{"type":"Feature","properties":{"g":"Schaffhausen","r":300},"geometry":{"type":"LineString","coordinates":[[8.663720008396062,47.7276300102317],[8.663730008396099,47.72757001023172]]}},{"type":"Feature","properties":{"g":"Schaffhausen","r":300},"geometry":{"type":"LineString","coordinates":[[8.663730008396099,47.72757001023172],[8.663750008396134,47.727520010231686]]}},{"type":"Feature","properties":{"g":"Schaffhausen","r":300},"geometry":{"type":"LineString","coordinates":[[8.663750008396134,47.727520010231686],[8.66383000839628,47.72730001023158]]}},{"type":"Feature","properties":{"g":"Schaffhausen","r":300},"geometry":{"type":"LineString","coordinates":[[8.66383000839628,47.72730001023158],[8.663850008396318,47.72724001023156]]}},{"type":"Feature","properties":{"g":"Schaffhausen","r":300},"geometry":{"type":"LineString","coordinates":[[8.663850008396318,47.72724001023156],[8.663870008396357,47.72718001023156]]}},{"type":"Feature","properties":{"g":"Schaffhausen","r":300},"geometry":{"type":"LineString","coordinates":[[8.663870008396357,47.72718001023156],[8.66388000839639,47.72712001023153]]}},{"type":"Feature","properties":{"g":"Schaffhausen","r":300},"geometry":{"type":"LineString","coordinates":[[8.66388000839639,47.72712001023153],[8.663900008396434,47.72705001023151]]}},{"type":"Feature","properties":{"g":"Schaffhausen","r":300},"geometry":{"type":"LineString","coordinates":[[8.663900008396434,47.72705001023151],[8.663910008396456,47.726990010231475]]}},{"type":"Feature","properties":{"g":"Schaffhausen","r":300},"geometry":{"type":"LineString","coordinates":[[8.663910008396456,47.726990010231475],[8.66392000839649,47.72693001023146]]}},{"type":"Feature","properties":{"g":"Schaffhausen","r":300},"geometry":{"type":"LineString","coordinates":[[8.66392000839649,47.72693001023146],[8.663930008396521,47.72687001023144]]}},{"type":"Feature","properties":{"g":"Schaffhausen","r":300},"geometry":{"type":"LineString","coordinates":[[8.663930008396521,47.72687001023144],[8.66395000839658,47.7267400102314]]}},{"type":"Feature","properties":{"g":"Schaffhausen","r":300},"geometry":{"type":"LineString","coordinates":[[8.645900008390079,47.694730010228106],[8.646020008390204,47.69469001022808]]}},{"type":"Feature","properties":{"g":"Schaffhausen","r":300},"geometry":{"type":"LineString","coordinates":[[8.646020008390204,47.69469001022808],[8.646120008390321,47.694650010228045]]}},{"type":"Feature","properties":{"g":"Schaffhausen","r":300},"geometry":{"type":"LineString","coordinates":[[8.646120008390321,47.694650010228045],[8.646250008390458,47.694590010227955]]}},{"type":"Feature","properties":{"g":"Schaffhausen","r":300},"geometry":{"type":"LineString","coordinates":[[8.646250008390458,47.694590010227955],[8.646370008390589,47.694530010227936]]}},{"type":"Feature","properties":{"g":"Schaffhausen","r":300},"geometry":{"type":"LineString","coordinates":[[8.646370008390589,47.694530010227936],[8.646460008390692,47.694490010227895]]}},{"type":"Feature","properties":{"g":"Schaffhausen","r":300},"geometry":{"type":"LineString","coordinates":[[8.646460008390692,47.694490010227895],[8.6465600083908,47.694440010227844]]}},{"type":"Feature","properties":{"g":"Schaffhausen","r":300},"geometry":{"type":"LineString","coordinates":[[8.6465600083908,47.694440010227844],[8.646660008390914,47.69440001022782]]}},{"type":"Feature","properties":{"g":"Schaffhausen","r":300},"geometry":{"type":"LineString","coordinates":[[8.646690008390946,47.69439001022778],[8.646830008391099,47.694330010227745]]}},{"type":"Feature","properties":{"g":"Schaffhausen","r":300},"geometry":{"type":"LineString","coordinates":[[8.646830008391099,47.694330010227745],[8.647000008391283,47.69426001022768]]}},{"type":"Feature","properties":{"g":"Schaffhausen","r":300},"geometry":{"type":"LineString","coordinates":[[8.647000008391283,47.69426001022768],[8.647300008391602,47.69414001022755]]}},{"type":"Feature","properties":{"g":"Schaffhausen","r":300},"geometry":{"type":"LineString","coordinates":[[8.643810008387831,47.695530010228964],[8.643850008387899,47.69545001022894]]}},{"type":"Feature","properties":{"g":"Schaffhausen","r":300},"geometry":{"type":"LineString","coordinates":[[8.643850008387899,47.69545001022894],[8.643880008387942,47.69540001022892]]}},{"type":"Feature","properties":{"g":"Schaffhausen","r":300},"geometry":{"type":"LineString","coordinates":[[8.643880008387942,47.69540001022892],[8.643920008387997,47.6953600102289]]}},{"type":"Feature","properties":{"g":"Schaffhausen","r":300},"geometry":{"type":"LineString","coordinates":[[8.643920008387997,47.6953600102289],[8.64397000838805,47.69532001022885]]}},{"type":"Feature","properties":{"g":"Schaffhausen","r":300},"geometry":{"type":"LineString","coordinates":[[8.644010008388102,47.69529001022887],[8.644070008388168,47.695260010228836]]}},{"type":"Feature","properties":{"g":"Schaffhausen","r":300},"geometry":{"type":"LineString","coordinates":[[8.644070008388168,47.695260010228836],[8.644160008388258,47.69523001022876]]}},{"type":"Feature","properties":{"g":"Schaffhausen","r":300},"geometry":{"type":"LineString","coordinates":[[8.644160008388258,47.69523001022876],[8.64427000838838,47.69520001022873]]}},{"type":"Feature","properties":{"g":"Schaffhausen","r":300},"geometry":{"type":"LineString","coordinates":[[8.64427000838838,47.69520001022873],[8.644530008388648,47.69513001022864]]}},{"type":"Feature","properties":{"g":"Schaffhausen","r":300},"geometry":{"type":"LineString","coordinates":[[8.644530008388648,47.69513001022864],[8.644830008388963,47.69504001022852]]}},{"type":"Feature","properties":{"g":"Schaffhausen","r":300},"geometry":{"type":"LineString","coordinates":[[8.644830008388963,47.69504001022852],[8.645190008389342,47.6949400102284]]}},{"type":"Feature","properties":{"g":"Schaffhausen","r":300},"geometry":{"type":"LineString","coordinates":[[8.645190008389342,47.6949400102284],[8.645330008389482,47.69490001022834]]}},{"type":"Feature","properties":{"g":"Schaffhausen","r":300},"geometry":{"type":"LineString","coordinates":[[8.645330008389482,47.69490001022834],[8.645550008389714,47.6948300102283]]}},{"type":"Feature","properties":{"g":"Schaffhausen","r":300},"geometry":{"type":"LineString","coordinates":[[8.645550008389714,47.6948300102283],[8.645900008390079,47.694730010228106]]}},{"type":"Feature","properties":{"g":"Schaffhausen","r":300},"geometry":{"type":"LineString","coordinates":[[8.641210008385283,47.6957800102298],[8.641290008385347,47.69579001022978]]}},{"type":"Feature","properties":{"g":"Schaffhausen","r":300},"geometry":{"type":"LineString","coordinates":[[8.641290008385347,47.69579001022978],[8.641380008385436,47.695800010229796]]}},{"type":"Feature","properties":{"g":"Schaffhausen","r":300},"geometry":{"type":"LineString","coordinates":[[8.641380008385436,47.695800010229796],[8.641500008385554,47.69579001022976]]}},{"type":"Feature","properties":{"g":"Schaffhausen","r":300},"geometry":{"type":"LineString","coordinates":[[8.641500008385554,47.69579001022976],[8.641590008385643,47.695780010229704]]}},{"type":"Feature","properties":{"g":"Schaffhausen","r":300},"geometry":{"type":"LineString","coordinates":[[8.641590008385643,47.695780010229704],[8.64170000838575,47.69577001022969]]}},{"type":"Feature","properties":{"g":"Schaffhausen","r":300},"geometry":{"type":"LineString","coordinates":[[8.641730008385775,47.695770010229644],[8.641840008385882,47.69576001022962]]}},{"type":"Feature","properties":{"g":"Schaffhausen","r":300},"geometry":{"type":"LineString","coordinates":[[8.641840008385882,47.69576001022962],[8.642090008386125,47.695750010229524]]}},{"type":"Feature","properties":{"g":"Schaffhausen","r":300},"geometry":{"type":"LineString","coordinates":[[8.642090008386125,47.695750010229524],[8.642230008386253,47.69575001022947]]}},{"type":"Feature","properties":{"g":"Schaffhausen","r":300},"geometry":{"type":"LineString","coordinates":[[8.642230008386253,47.69575001022947],[8.642830008386838,47.695730010229326]]}},{"type":"Feature","properties":{"g":"Schaffhausen","r":300},"geometry":{"type":"LineString","coordinates":[[8.642830008386838,47.695730010229326],[8.643080008387072,47.6957200102292]]}},{"type":"Feature","properties":{"g":"Schaffhausen","r":300},"geometry":{"type":"LineString","coordinates":[[8.643080008387072,47.6957200102292],[8.643340008387327,47.69571001022916]]}},{"type":"Feature","properties":{"g":"Schaffhausen","r":300},"geometry":{"type":"LineString","coordinates":[[8.643340008387327,47.69571001022916],[8.643480008387465,47.69570001022911]]}},{"type":"Feature","properties":{"g":"Schaffhausen","r":300},"geometry":{"type":"LineString","coordinates":[[8.643480008387465,47.69570001022911],[8.643590008387566,47.695700010229054]]}},{"type":"Feature","properties":{"g":"Schaffhausen","r":300},"geometry":{"type":"LineString","coordinates":[[8.643590008387566,47.695700010229054],[8.643680008387651,47.695700010229054]]}},{"type":"Feature","properties":{"g":"Schaffhausen","r":300},"geometry":{"type":"LineString","coordinates":[[8.643680008387651,47.695700010229054],[8.64375000838772,47.69571001022902]]}},{"type":"Feature","properties":{"g":"Schaffhausen","r":300},"geometry":{"type":"LineString","coordinates":[[8.638050008382228,47.69594001023078],[8.638040008382186,47.696020010230775]]}},{"type":"Feature","properties":{"g":"Schaffhausen","r":300},"geometry":{"type":"LineString","coordinates":[[8.638030008382172,47.69605001023082],[8.638010008382125,47.69614001023086]]}},{"type":"Feature","properties":{"g":"Schaffhausen","r":300},"geometry":{"type":"LineString","coordinates":[[8.638010008382125,47.69614001023086],[8.637960008382025,47.69628001023089]]}},{"type":"Feature","properties":{"g":"Schaffhausen","r":300},"geometry":{"type":"LineString","coordinates":[[8.637960008382025,47.69628001023089],[8.637910008381912,47.69648001023098]]}},{"type":"Feature","properties":{"g":"Schaffhausen","r":300},"geometry":{"type":"LineString","coordinates":[[8.63160000837631,47.69530001023253],[8.631610008376368,47.695160010232485],[8.631620008376434,47.69498001023244],[8.63163000837648,47.69488001023239],[8.631650008376544,47.694730010232334],[8.631720008376755,47.69431001023222],[8.631740008376815,47.694190010232184],[8.631770008376886,47.69404001023213]]}},{"type":"Feature","properties":{"g":"Schaffhausen","r":300},"geometry":{"type":"LineString","coordinates":[[8.626348299301998,47.700532919586756],[8.62634000836961,47.7004500102355],[8.626340008369624,47.700410010235466],[8.626340008369633,47.700380010235435],[8.626340008369645,47.7003600102355],[8.626320008369664,47.700230010235444]]}},{"type":"Feature","properties":{"g":"Schaffhausen","r":300},"geometry":{"type":"LineString","coordinates":[[8.63920000837892,47.70927001023407],[8.639280008378956,47.709380010234106]]}},{"type":"Feature","properties":{"g":"Schaffhausen","r":300},"geometry":{"type":"LineString","coordinates":[[8.639280008378956,47.709380010234106],[8.639360008378995,47.70949001023409]]}},{"type":"Feature","properties":{"g":"Schaffhausen","r":300},"geometry":{"type":"LineString","coordinates":[[8.639360008378995,47.70949001023409],[8.639480008379055,47.70966001023407]]}},{"type":"Feature","properties":{"g":"Schaffhausen","r":300},"geometry":{"type":"LineString","coordinates":[[8.639480008379055,47.70966001023407],[8.639560008379089,47.70979001023408]]}},{"type":"Feature","properties":{"g":"Schaffhausen","r":300},"geometry":{"type":"LineString","coordinates":[[8.639560008379089,47.70979001023408],[8.63964000837912,47.70992001023413]]}},{"type":"Feature","properties":{"g":"Schaffhausen","r":300},"geometry":{"type":"LineString","coordinates":[[8.63966000837912,47.709960010234106],[8.639780008379166,47.71016001023413]]}},{"type":"Feature","properties":{"g":"Schaffhausen","r":300},"geometry":{"type":"LineString","coordinates":[[8.639780008379166,47.71016001023413],[8.639840008379196,47.710250010234134]]}},{"type":"Feature","properties":{"g":"Schaffhausen","r":300},"geometry":{"type":"LineString","coordinates":[[8.639840008379196,47.710250010234134],[8.639950008379243,47.71043001023417]]}},{"type":"Feature","properties":{"g":"Schaffhausen","r":300},"geometry":{"type":"LineString","coordinates":[[8.639950008379243,47.71043001023417],[8.640040008379284,47.71057001023414]]}},{"type":"Feature","properties":{"g":"Schaffhausen","r":300},"geometry":{"type":"LineString","coordinates":[[8.640040008379284,47.71057001023414],[8.640130008379323,47.71070001023417]]}},{"type":"Feature","properties":{"g":"Schaffhausen","r":300},"geometry":{"type":"LineString","coordinates":[[8.640130008379323,47.71070001023417],[8.640250008379386,47.71086001023416]]}},{"type":"Feature","properties":{"g":"Schaffhausen","r":300},"geometry":{"type":"LineString","coordinates":[[8.640250008379386,47.71086001023416],[8.64045000837948,47.711150010234206]]}},{"type":"Feature","properties":{"g":"Schaffhausen","r":300},"geometry":{"type":"LineString","coordinates":[[8.64045000837948,47.711150010234206],[8.640510008379511,47.711230010234225]]}},{"type":"Feature","properties":{"g":"Schaffhausen","r":300},"geometry":{"type":"LineString","coordinates":[[8.640510008379511,47.711230010234225],[8.640610008379557,47.71137001023422]]}},{"type":"Feature","properties":{"g":"Schaffhausen","r":300},"geometry":{"type":"LineString","coordinates":[[8.640610008379557,47.71137001023422],[8.640860008379677,47.71172001023423]]}},{"type":"Feature","properties":{"g":"Schaffhausen","r":300},"geometry":{"type":"LineString","coordinates":[[8.640860008379677,47.71172001023423],[8.641140008379818,47.71211001023424]]}},{"type":"Feature","properties":{"g":"Schaffhausen","r":300},"geometry":{"type":"LineString","coordinates":[[8.641140008379818,47.71211001023424],[8.641430008379961,47.71251001023428]]}},{"type":"Feature","properties":{"g":"Schaffhausen","r":300},"geometry":{"type":"LineString","coordinates":[[8.641430008379961,47.71251001023428],[8.641570008380027,47.71271001023429]]}},{"type":"Feature","properties":{"g":"Schaffhausen","r":300},"geometry":{"type":"LineString","coordinates":[[8.641660008380077,47.71281001023427],[8.641700008380093,47.71288001023429]]}},{"type":"Feature","properties":{"g":"Schaffhausen","r":300},"geometry":{"type":"LineString","coordinates":[[8.641700008380093,47.71288001023429],[8.64178000838015,47.7129500102343]]}},{"type":"Feature","properties":{"g":"Schaffhausen","r":300},"geometry":{"type":"LineString","coordinates":[[8.64178000838015,47.7129500102343],[8.641870008380218,47.71300001023429]]}},{"type":"Feature","properties":{"g":"Schaffhausen","r":300},"geometry":{"type":"LineString","coordinates":[[8.642340008379293,47.71713001023526],[8.642340008379275,47.71718001023526]]}},{"type":"Feature","properties":{"g":"Schaffhausen","r":300},"geometry":{"type":"LineString","coordinates":[[8.642340008379275,47.71718001023526],[8.642340008379257,47.71724001023528]]}},{"type":"Feature","properties":{"g":"Schaffhausen","r":300},"geometry":{"type":"LineString","coordinates":[[8.642340008379257,47.71724001023528],[8.642340008379229,47.7173200102353]]}},{"type":"Feature","properties":{"g":"Schaffhausen","r":300},"geometry":{"type":"LineString","coordinates":[[8.642340008379229,47.7173200102353],[8.642360008379203,47.717450010235325]]}},{"type":"Feature","properties":{"g":"Schaffhausen","r":300},"geometry":{"type":"LineString","coordinates":[[8.642360008379203,47.717450010235325],[8.642380008379183,47.717570010235384]]}},{"type":"Feature","properties":{"g":"Schaffhausen","r":300},"geometry":{"type":"LineString","coordinates":[[8.642380008379183,47.717570010235384],[8.642390008379179,47.71763001023536]]}},{"type":"Feature","properties":{"g":"Schaffhausen","r":300},"geometry":{"type":"LineString","coordinates":[[8.642390008379179,47.71763001023536],[8.64244000837917,47.71779001023538]]}},{"type":"Feature","properties":{"g":"Schaffhausen","r":300},"geometry":{"type":"LineString","coordinates":[[8.64244000837917,47.71779001023538],[8.642460008379166,47.71786001023541]]}},{"type":"Feature","properties":{"g":"Schaffhausen","r":300},"geometry":{"type":"LineString","coordinates":[[8.642460008379166,47.71786001023541],[8.642500008379153,47.71800001023539]]}},{"type":"Feature","properties":{"g":"Schaffhausen","r":300},"geometry":{"type":"LineString","coordinates":[[8.642500008379153,47.71800001023539],[8.642530008379149,47.718110010235456]]}},{"type":"Feature","properties":{"g":"Schaffhausen","r":300},"geometry":{"type":"LineString","coordinates":[[8.642530008379149,47.718110010235456],[8.642540008379141,47.718160010235465]]}},{"type":"Feature","properties":{"g":"Schaffhausen","r":300},"geometry":{"type":"LineString","coordinates":[[8.647400008391708,47.694110010227504],[8.647630008391952,47.694030010227436]]}},{"type":"Feature","properties":{"g":"Schaffhausen","r":300},"geometry":{"type":"LineString","coordinates":[[8.647630008391952,47.694030010227436],[8.648053216622293,47.69390775013883]]}},{"type":"Feature","properties":{"g":"Schaffhausen","r":300},"geometry":{"type":"LineString","coordinates":[[8.639620008374505,47.723810010237834],[8.63942000837428,47.723900010237905]]}},{"type":"Feature","properties":{"g":"Schaffhausen","r":300},"geometry":{"type":"LineString","coordinates":[[8.63942000837428,47.723900010237905],[8.639240008374085,47.723980010238016]]}},{"type":"Feature","properties":{"g":"Schaffhausen","r":300},"geometry":{"type":"LineString","coordinates":[[8.639240008374085,47.723980010238016],[8.638940008373751,47.72412001023812]]}},{"type":"Feature","properties":{"g":"Schaffhausen","r":300},"geometry":{"type":"LineString","coordinates":[[8.638940008373751,47.72412001023812],[8.638620008373392,47.724290010238285]]}},{"type":"Feature","properties":{"g":"Schaffhausen","r":300},"geometry":{"type":"LineString","coordinates":[[8.638620008373392,47.724290010238285],[8.638280008373014,47.724460010238474]]}},{"type":"Feature","properties":{"g":"Schaffhausen","r":300},"geometry":{"type":"LineString","coordinates":[[8.635950008378842,47.70014001023253],[8.63580000837868,47.70021001023264]]}},{"type":"Feature","properties":{"g":"Schaffhausen","r":300},"geometry":{"type":"LineString","coordinates":[[8.63580000837868,47.70021001023264],[8.635670008378534,47.70028001023268]]}},{"type":"Feature","properties":{"g":"Schaffhausen","r":300},"geometry":{"type":"LineString","coordinates":[[8.63481000837779,47.70005001023286],[8.634730008377748,47.69996001023291]]}},{"type":"Feature","properties":{"g":"Schaffhausen","r":300},"geometry":{"type":"LineString","coordinates":[[8.634730008377748,47.69996001023291],[8.634660008377704,47.69989001023288]]}},{"type":"Feature","properties":{"g":"Schaffhausen","r":300},"geometry":{"type":"LineString","coordinates":[[8.634660008377704,47.69989001023288],[8.63460000837766,47.69985001023287]]}},{"type":"Feature","properties":{"g":"Schaffhausen","r":300},"geometry":{"type":"LineString","coordinates":[[8.63381000837689,47.69991001023311],[8.633740008376815,47.69994001023317]]}},{"type":"Feature","properties":{"g":"Schaffhausen","r":300},"geometry":{"type":"LineString","coordinates":[[8.633740008376815,47.69994001023317],[8.633680008376746,47.69996001023312]]}},{"type":"Feature","properties":{"g":"Schaffhausen","r":300},"geometry":{"type":"LineString","coordinates":[[8.636090008379359,47.6989800102322],[8.636020008379251,47.69911001023224]]}},{"type":"Feature","properties":{"g":"Schaffhausen","r":300},"geometry":{"type":"LineString","coordinates":[[8.636020008379251,47.69911001023224],[8.635970008379159,47.69924001023231]]}},{"type":"Feature","properties":{"g":"Schaffhausen","r":300},"geometry":{"type":"LineString","coordinates":[[8.635970008379159,47.69924001023231],[8.635920008379083,47.69934001023233]]}},{"type":"Feature","properties":{"g":"Schaffhausen","r":300},"geometry":{"type":"LineString","coordinates":[[8.635920008379083,47.69934001023233],[8.635890008379016,47.6994600102324]]}},{"type":"Feature","properties":{"g":"Schaffhausen","r":300},"geometry":{"type":"LineString","coordinates":[[8.635890008379016,47.6994600102324],[8.635850008378926,47.69960001023245]]}},{"type":"Feature","properties":{"g":"Schaffhausen","r":300},"geometry":{"type":"LineString","coordinates":[[8.635850008378926,47.69960001023245],[8.6358500083789,47.69969001023246]]}},{"type":"Feature","properties":{"g":"Schaffhausen","r":300},"geometry":{"type":"LineString","coordinates":[[8.6358500083789,47.69969001023246],[8.635850008378863,47.699790010232505]]}},{"type":"Feature","properties":{"g":"Schaffhausen","r":300},"geometry":{"type":"LineString","coordinates":[[8.635850008378863,47.699790010232505],[8.635880008378848,47.6999400102325]]}},{"type":"Feature","properties":{"g":"Schaffhausen","r":300},"geometry":{"type":"LineString","coordinates":[[8.635880008378848,47.6999400102325],[8.635910008378843,47.70003001023253]]}},{"type":"Feature","properties":{"g":"Schaffhausen","r":300},"geometry":{"type":"LineString","coordinates":[[8.635910008378843,47.70003001023253],[8.635950008378842,47.70014001023253]]}},{"type":"Feature","properties":{"g":"Schaffhausen","r":300},"geometry":{"type":"LineString","coordinates":[[8.636510008379073,47.70105001023259],[8.63654000837907,47.70115001023262]]}},{"type":"Feature","properties":{"g":"Schaffhausen","r":300},"geometry":{"type":"LineString","coordinates":[[8.63654000837907,47.70115001023262],[8.636550008379063,47.70122001023269]]}},{"type":"Feature","properties":{"g":"Schaffhausen","r":300},"geometry":{"type":"LineString","coordinates":[[8.636550008379063,47.70122001023269],[8.636600008379068,47.70133001023269]]}},{"type":"Feature","properties":{"g":"Schaffhausen","r":300},"geometry":{"type":"LineString","coordinates":[[8.653410008389814,47.717050010231915],[8.653510008389857,47.717230010231994]]}},{"type":"Feature","properties":{"g":"Schaffhausen","r":300},"geometry":{"type":"LineString","coordinates":[[8.649990008386393,47.7176000102331],[8.650230008386476,47.71802001023314]]}},{"type":"Feature","properties":{"g":"Schaffhausen","r":300},"geometry":{"type":"LineString","coordinates":[[8.650230008386476,47.71802001023314],[8.650300008386504,47.71814001023312]]}},{"type":"Feature","properties":{"g":"Schaffhausen","r":300},"geometry":{"type":"LineString","coordinates":[[8.650300008386504,47.71814001023312],[8.650370008386515,47.71831001023319]]}},{"type":"Feature","properties":{"g":"Schaffhausen","r":300},"geometry":{"type":"LineString","coordinates":[[8.650370008386515,47.71831001023319],[8.650400008386521,47.71837001023314]]}},{"type":"Feature","properties":{"g":"Schaffhausen","r":300},"geometry":{"type":"LineString","coordinates":[[8.631290008375592,47.69658001023296],[8.631360008375669,47.69655001023293],[8.631410008375726,47.69652001023294],[8.631470008375794,47.696490010232864],[8.631500008375824,47.69648001023286],[8.631540008375868,47.69646001023287],[8.631570008375908,47.69643001023283],[8.63159000837593,47.69642001023281]]}},{"type":"Feature","properties":{"g":"Schaffhausen","r":300},"geometry":{"type":"LineString","coordinates":[[8.636180008378796,47.7009500102327],[8.636110008378736,47.700930010232724],[8.636050008378684,47.70092001023276],[8.635890008378553,47.70086001023275],[8.635760008378446,47.700800010232776],[8.63551000837825,47.700680010232816],[8.635390008378154,47.700620010232846],[8.635280008378071,47.70055001023285],[8.635230008378038,47.700520010232886],[8.635190008378006,47.70049001023284],[8.635150008377988,47.70044001023288],[8.635120008377974,47.70039001023286],[8.635100008377963,47.700370010232845]]}},{"type":"Feature","properties":{"g":"Schaffhausen","r":300},"geometry":{"type":"LineString","coordinates":[[8.654140008390458,47.71721001023177],[8.654010008390339,47.71719001023179],[8.653790008390128,47.71720001023186]]}},{"type":"Feature","properties":{"g":"Schaffhausen","r":300},"geometry":{"type":"LineString","coordinates":[[8.63580000837868,47.70021001023264],[8.635440008378271,47.700400010232784],[8.635400008378241,47.7004100102328],[8.635360008378196,47.70042001023279],[8.635320008378157,47.700420010232826],[8.635280008378125,47.70041001023281],[8.635230008378075,47.70041001023284],[8.635170008378022,47.700390010232844],[8.635100008377963,47.700370010232845]]}},{"type":"Feature","properties":{"g":"Schaffhausen","r":300},"geometry":{"type":"LineString","coordinates":[[8.635100008377963,47.700370010232845],[8.634940008377871,47.700200010232884],[8.634730008377748,47.69996001023291]]}},{"type":"Feature","properties":{"g":"Schleitheim","r":300},"geometry":{"type":"LineString","coordinates":[[8.48744000822078,47.749920010289614],[8.487500008220835,47.7499400102896],[8.487600008220907,47.750000010289575],[8.487680008220964,47.75005001028956],[8.487770008221032,47.75012001028957],[8.48782000822107,47.75015001028955],[8.487920008221147,47.75021001028953],[8.48799000822119,47.750270010289526],[8.488090008221262,47.75035001028955],[8.488171086807101,47.750416347354346]]}},{"type":"Feature","properties":{"g":"Schleitheim","r":300},"geometry":{"type":"LineString","coordinates":[[8.480330008215207,47.746080010290626],[8.480370008215237,47.746120010290625]]}},{"type":"Feature","properties":{"g":"Schleitheim","r":300},"geometry":{"type":"LineString","coordinates":[[8.480370008215237,47.746120010290625],[8.480420008215273,47.74615001029065]]}},{"type":"Feature","properties":{"g":"Schleitheim","r":300},"geometry":{"type":"LineString","coordinates":[[8.480420008215273,47.74615001029065],[8.480460008215296,47.74621001029061]]}},{"type":"Feature","properties":{"g":"Schleitheim","r":300},"geometry":{"type":"LineString","coordinates":[[8.480510008215285,47.74639001029069],[8.480500008215257,47.74645001029063]]}},{"type":"Feature","properties":{"g":"Schleitheim","r":300},"geometry":{"type":"LineString","coordinates":[[8.48048000821522,47.74649001029072],[8.480440008215151,47.746570010290746]]}},{"type":"Feature","properties":{"g":"Schleitheim","r":300},"geometry":{"type":"LineString","coordinates":[[8.480440008215151,47.746570010290746],[8.480370008215049,47.746700010290795]]}},{"type":"Feature","properties":{"g":"Schleitheim","r":300},"geometry":{"type":"LineString","coordinates":[[8.480370008215049,47.746700010290795],[8.480310008214959,47.74680001029086]]}},{"type":"Feature","properties":{"g":"Schleitheim","r":300},"geometry":{"type":"LineString","coordinates":[[8.480310008214959,47.74680001029086],[8.480240008214855,47.746910010290925]]}},{"type":"Feature","properties":{"g":"Schleitheim","r":300},"geometry":{"type":"LineString","coordinates":[[8.480190008214784,47.74697001029091],[8.480140008214713,47.74703001029094]]}},{"type":"Feature","properties":{"g":"Schleitheim","r":300},"geometry":{"type":"LineString","coordinates":[[8.480140008214713,47.74703001029094],[8.480050008214603,47.74712001029103]]}},{"type":"Feature","properties":{"g":"Schleitheim","r":300},"geometry":{"type":"LineString","coordinates":[[8.480020008214563,47.74715001029101],[8.47995000821447,47.747230010291055]]}},{"type":"Feature","properties":{"g":"Schleitheim","r":300},"geometry":{"type":"LineString","coordinates":[[8.47995000821447,47.747230010291055],[8.479890008214392,47.74729001029109]]}},{"type":"Feature","properties":{"g":"Schleitheim","r":300},"geometry":{"type":"LineString","coordinates":[[8.479890008214392,47.74729001029109],[8.479810008214296,47.747350010291186]]}},{"type":"Feature","properties":{"g":"Schleitheim","r":300},"geometry":{"type":"LineString","coordinates":[[8.479810008214296,47.747350010291186],[8.479745816687364,47.74738951281795]]}},{"type":"Feature","properties":{"g":"Schleitheim","r":300},"geometry":{"type":"LineString","coordinates":[[8.479915237971529,47.746659851029584],[8.480000008214684,47.74672001029089],[8.480100008214752,47.746800010290826],[8.480140008214784,47.746820010290875],[8.480160008214794,47.7468400102909],[8.480190008214823,47.74686001029092],[8.480210008214835,47.74687001029093],[8.480220008214841,47.74688001029088],[8.48023000821485,47.746890010290855],[8.480240008214855,47.746910010290925]]}},{"type":"Feature","properties":{"g":"Schleitheim","r":300},"geometry":{"type":"LineString","coordinates":[[8.480240008214855,47.746910010290925],[8.480260008214868,47.7469300102909],[8.480270008214868,47.74696001029091],[8.480360008214934,47.747020010290875],[8.480420008214981,47.74705001029088],[8.480470008215015,47.747090010290876],[8.480550008215078,47.74714001029088],[8.480660008215157,47.74723001029087],[8.480740008215209,47.74729001029084],[8.480870008215307,47.747380010290875],[8.480980008215386,47.7474500102908],[8.4811400082155,47.747570010290794],[8.481290008215616,47.74766001029081],[8.481390008215694,47.74771001029078],[8.481480008215767,47.74776001029076],[8.481590008215859,47.747810010290735],[8.481760008215993,47.747880010290736],[8.481930008216136,47.74795001029069],[8.48205000821623,47.74800001029066],[8.482080008216256,47.74803001029065],[8.482110008216274,47.74805001029067],[8.4821600082163,47.748120010290634],[8.482190008216298,47.748210010290656],[8.482200008216308,47.748220010290666],[8.48223000821633,47.748250010290676],[8.482270008216355,47.74826001029065],[8.482380008216447,47.74831001029063],[8.482480008216529,47.748370010290614],[8.482590008216617,47.74842001029063],[8.482690008216688,47.74850001029061],[8.482770008216743,47.748560010290596],[8.48284000821679,47.74862001029059],[8.482980008216874,47.74877001029061],[8.48308000821694,47.74887001029059],[8.483140008216978,47.74892001029059],[8.483200008217025,47.748960010290574],[8.483290008217104,47.74900001029061],[8.483390008217182,47.74905001029057],[8.483490008217256,47.74910001029051],[8.483700008217433,47.74919001029051],[8.483960008217643,47.749300010290455],[8.484160008217804,47.749390010290405],[8.48429000821791,47.74946001029042],[8.484390008217984,47.74952001029037],[8.484480008218052,47.74958001029035],[8.484590008218136,47.74966001029035],[8.484710008218219,47.749750010290384],[8.484820008218296,47.74984001029034],[8.484910008218357,47.749900010290325],[8.485010008218438,47.74995001029034],[8.485070008218493,47.74997001029029],[8.485100008218515,47.74998001029032],[8.485190008218593,47.7500000102903],[8.485300008218697,47.750010010290254],[8.485390008218777,47.75002001029022],[8.485500008218883,47.750030010290196],[8.48559000821897,47.75003001029019],[8.485700008219073,47.75004001029015],[8.485820008219182,47.75005001029012],[8.485970008219319,47.750070010290095],[8.48611000821945,47.750090010290045],[8.486350008219665,47.75013001028994],[8.486460008219767,47.75014001028993],[8.486550008219849,47.75016001028992],[8.486650008219943,47.750160010289875],[8.486710008220015,47.75013001028985],[8.486740008220048,47.750110010289845],[8.486780008220098,47.75007001028984],[8.486810008220134,47.750050010289804],[8.486890008220218,47.75002001028976],[8.486990008220321,47.75000001028975],[8.487100008220438,47.749970010289694],[8.48719000822053,47.74994001028968],[8.487290008220636,47.74992001028963],[8.487350008220696,47.749920010289664],[8.487400008220739,47.74992001028962],[8.48744000822078,47.749920010289614]]}},{"type":"Feature","properties":{"g":"Siblingen","r":100},"geometry":{"type":"LineString","coordinates":[[8.520340008263952,47.714180010270375],[8.520070008263676,47.71424001027051]]}},{"type":"Feature","properties":{"g":"Siblingen","r":100},"geometry":{"type":"LineString","coordinates":[[8.520070008263676,47.71424001027051],[8.519910008263505,47.714290010270574]]}},{"type":"Feature","properties":{"g":"Siblingen","r":100},"geometry":{"type":"LineString","coordinates":[[8.519910008263505,47.714290010270574],[8.51970000826329,47.71434001027065]]}},{"type":"Feature","properties":{"g":"Siblingen","r":100},"geometry":{"type":"LineString","coordinates":[[8.51970000826329,47.71434001027065],[8.519500008263092,47.714380010270695]]}},{"type":"Feature","properties":{"g":"Siblingen","r":100},"geometry":{"type":"LineString","coordinates":[[8.519500008263092,47.714380010270695],[8.519290008262871,47.71443001027077]]}},{"type":"Feature","properties":{"g":"Siblingen","r":100},"geometry":{"type":"LineString","coordinates":[[8.519290008262871,47.71443001027077],[8.519120008262691,47.714470010270816]]}},{"type":"Feature","properties":{"g":"Siblingen","r":100},"geometry":{"type":"LineString","coordinates":[[8.519120008262691,47.714470010270816],[8.518980008262549,47.714500010270875]]}},{"type":"Feature","properties":{"g":"Siblingen","r":100},"geometry":{"type":"LineString","coordinates":[[8.518980008262549,47.714500010270875],[8.518810008262381,47.714520010270945]]}},{"type":"Feature","properties":{"g":"Siblingen","r":100},"geometry":{"type":"LineString","coordinates":[[8.518810008262381,47.714520010270945],[8.518700008262266,47.71454001027095]]}},{"type":"Feature","properties":{"g":"Siblingen","r":100},"geometry":{"type":"LineString","coordinates":[[8.518700008262266,47.71454001027095],[8.518620008262186,47.714550010271]]}},{"type":"Feature","properties":{"g":"Siblingen","r":100},"geometry":{"type":"LineString","coordinates":[[8.518620008262186,47.714550010271],[8.518540008262116,47.71454001027101]]}},{"type":"Feature","properties":{"g":"Siblingen","r":100},"geometry":{"type":"LineString","coordinates":[[8.518540008262116,47.71454001027101],[8.51846000826204,47.71453001027103]]}},{"type":"Feature","properties":{"g":"Siblingen","r":100},"geometry":{"type":"LineString","coordinates":[[8.51846000826204,47.71453001027103],[8.518360008261949,47.71452001027105]]}},{"type":"Feature","properties":{"g":"Siblingen","r":100},"geometry":{"type":"LineString","coordinates":[[8.518360008261949,47.71452001027105],[8.518230008261833,47.71450001027116]]}},{"type":"Feature","properties":{"g":"Siblingen","r":100},"geometry":{"type":"LineString","coordinates":[[8.518230008261833,47.71450001027116],[8.517990008261611,47.71445001027114]]}},{"type":"Feature","properties":{"g":"Siblingen","r":100},"geometry":{"type":"LineString","coordinates":[[8.517990008261611,47.71445001027114],[8.517923063416852,47.714436621330385]]}},{"type":"Feature","properties":{"g":"Siblingen","r":300},"geometry":{"type":"LineString","coordinates":[[8.51560000825931,47.71450001027186],[8.515540008259277,47.71442001027183],[8.515480008259242,47.71436001027186],[8.515400008259183,47.714300010271856],[8.51533000825913,47.714250010271904],[8.515250008259086,47.71417001027188],[8.515213377448687,47.71413948461159]]}},{"type":"Feature","properties":{"g":"Siblingen","r":300},"geometry":{"type":"LineString","coordinates":[[8.520590008264211,47.71413001027027],[8.520340008263952,47.714180010270375]]}},{"type":"Feature","properties":{"g":"Siblingen","r":300},"geometry":{"type":"LineString","coordinates":[[8.520340008263952,47.714180010270375],[8.520070008263676,47.71424001027051]]}},{"type":"Feature","properties":{"g":"Siblingen","r":300},"geometry":{"type":"LineString","coordinates":[[8.520070008263676,47.71424001027051],[8.519910008263505,47.714290010270574]]}},{"type":"Feature","properties":{"g":"Siblingen","r":300},"geometry":{"type":"LineString","coordinates":[[8.519910008263505,47.714290010270574],[8.51970000826329,47.71434001027065]]}},{"type":"Feature","properties":{"g":"Siblingen","r":300},"geometry":{"type":"LineString","coordinates":[[8.51970000826329,47.71434001027065],[8.519500008263092,47.714380010270695]]}},{"type":"Feature","properties":{"g":"Siblingen","r":300},"geometry":{"type":"LineString","coordinates":[[8.519500008263092,47.714380010270695],[8.519290008262871,47.71443001027077]]}},{"type":"Feature","properties":{"g":"Siblingen","r":300},"geometry":{"type":"LineString","coordinates":[[8.519290008262871,47.71443001027077],[8.519120008262691,47.714470010270816]]}},{"type":"Feature","properties":{"g":"Siblingen","r":300},"geometry":{"type":"LineString","coordinates":[[8.519120008262691,47.714470010270816],[8.518980008262549,47.714500010270875]]}},{"type":"Feature","properties":{"g":"Siblingen","r":300},"geometry":{"type":"LineString","coordinates":[[8.518980008262549,47.714500010270875],[8.518810008262381,47.714520010270945]]}},{"type":"Feature","properties":{"g":"Siblingen","r":300},"geometry":{"type":"LineString","coordinates":[[8.518810008262381,47.714520010270945],[8.518700008262266,47.71454001027095]]}},{"type":"Feature","properties":{"g":"Siblingen","r":300},"geometry":{"type":"LineString","coordinates":[[8.518700008262266,47.71454001027095],[8.518620008262186,47.714550010271]]}},{"type":"Feature","properties":{"g":"Siblingen","r":300},"geometry":{"type":"LineString","coordinates":[[8.518620008262186,47.714550010271],[8.518540008262116,47.71454001027101]]}},{"type":"Feature","properties":{"g":"Siblingen","r":300},"geometry":{"type":"LineString","coordinates":[[8.518540008262116,47.71454001027101],[8.51846000826204,47.71453001027103]]}},{"type":"Feature","properties":{"g":"Siblingen","r":300},"geometry":{"type":"LineString","coordinates":[[8.51846000826204,47.71453001027103],[8.518360008261949,47.71452001027105]]}},{"type":"Feature","properties":{"g":"Siblingen","r":300},"geometry":{"type":"LineString","coordinates":[[8.518360008261949,47.71452001027105],[8.518230008261833,47.71450001027116]]}},{"type":"Feature","properties":{"g":"Siblingen","r":300},"geometry":{"type":"LineString","coordinates":[[8.518230008261833,47.71450001027116],[8.517990008261611,47.71445001027114]]}},{"type":"Feature","properties":{"g":"Siblingen","r":300},"geometry":{"type":"LineString","coordinates":[[8.517990008261611,47.71445001027114],[8.517840008261485,47.71442001027117]]}},{"type":"Feature","properties":{"g":"Siblingen","r":300},"geometry":{"type":"LineString","coordinates":[[8.517840008261485,47.71442001027117],[8.517710008261366,47.71439001027121]]}},{"type":"Feature","properties":{"g":"Siblingen","r":300},"geometry":{"type":"LineString","coordinates":[[8.517710008261366,47.71439001027121],[8.517580008261247,47.714380010271256]]}},{"type":"Feature","properties":{"g":"Siblingen","r":300},"geometry":{"type":"LineString","coordinates":[[8.517580008261247,47.714380010271256],[8.517410008261086,47.714370010271274]]}},{"type":"Feature","properties":{"g":"Siblingen","r":300},"geometry":{"type":"LineString","coordinates":[[8.517410008261086,47.714370010271274],[8.517260008260948,47.714360010271356]]}},{"type":"Feature","properties":{"g":"Siblingen","r":300},"geometry":{"type":"LineString","coordinates":[[8.517260008260948,47.714360010271356],[8.517100008260789,47.7143600102714]]}},{"type":"Feature","properties":{"g":"Siblingen","r":300},"geometry":{"type":"LineString","coordinates":[[8.517100008260789,47.7143600102714],[8.516950008260645,47.71436001027142]]}},{"type":"Feature","properties":{"g":"Siblingen","r":300},"geometry":{"type":"LineString","coordinates":[[8.516950008260645,47.71436001027142],[8.516830008260534,47.714360010271456]]}},{"type":"Feature","properties":{"g":"Siblingen","r":300},"geometry":{"type":"LineString","coordinates":[[8.516830008260534,47.714360010271456],[8.51671000826042,47.71437001027148]]}},{"type":"Feature","properties":{"g":"Siblingen","r":300},"geometry":{"type":"LineString","coordinates":[[8.51671000826042,47.71437001027148],[8.516580008260286,47.71438001027153]]}},{"type":"Feature","properties":{"g":"Siblingen","r":300},"geometry":{"type":"LineString","coordinates":[[8.516580008260286,47.71438001027153],[8.516500008260211,47.71439001027158]]}},{"type":"Feature","properties":{"g":"Siblingen","r":300},"geometry":{"type":"LineString","coordinates":[[8.516500008260211,47.71439001027158],[8.516360008260069,47.71441001027163]]}},{"type":"Feature","properties":{"g":"Siblingen","r":300},"geometry":{"type":"LineString","coordinates":[[8.516360008260069,47.71441001027163],[8.516140008259853,47.714430010271684]]}},{"type":"Feature","properties":{"g":"Siblingen","r":300},"geometry":{"type":"LineString","coordinates":[[8.516140008259853,47.714430010271684],[8.515900008259614,47.714460010271765]]}},{"type":"Feature","properties":{"g":"Siblingen","r":300},"geometry":{"type":"LineString","coordinates":[[8.515900008259614,47.714460010271765],[8.51560000825931,47.71450001027186]]}},{"type":"Feature","properties":{"g":"Siblingen","r":300},"geometry":{"type":"LineString","coordinates":[[8.52292851131802,47.71365557927159],[8.522700008266375,47.71370001026957]]}},{"type":"Feature","properties":{"g":"Siblingen","r":300},"geometry":{"type":"LineString","coordinates":[[8.522700008266375,47.71370001026957],[8.522270008265933,47.713790010269705]]}},{"type":"Feature","properties":{"g":"Siblingen","r":300},"geometry":{"type":"LineString","coordinates":[[8.522270008265933,47.713790010269705],[8.521960008265614,47.713850010269844]]}},{"type":"Feature","properties":{"g":"Siblingen","r":300},"geometry":{"type":"LineString","coordinates":[[8.521960008265614,47.713850010269844],[8.52120000826484,47.7140000102701]]}},{"type":"Feature","properties":{"g":"Siblingen","r":300},"geometry":{"type":"LineString","coordinates":[[8.52120000826484,47.7140000102701],[8.521060008264696,47.71403001027013]]}},{"type":"Feature","properties":{"g":"Siblingen","r":300},"geometry":{"type":"LineString","coordinates":[[8.521060008264696,47.71403001027013],[8.520720008264348,47.71410001027029]]}},{"type":"Feature","properties":{"g":"Siblingen","r":300},"geometry":{"type":"LineString","coordinates":[[8.520720008264348,47.71410001027029],[8.520590008264211,47.71413001027027]]}},{"type":"Feature","properties":{"g":"Stein am Rhein","r":100},"geometry":{"type":"LineString","coordinates":[[8.85949023003872,47.65492195858312],[8.859690008604803,47.654780010152905]]}},{"type":"Feature","properties":{"g":"Stein am Rhein","r":100},"geometry":{"type":"LineString","coordinates":[[8.859690008604803,47.654780010152905],[8.859960008605118,47.65459001015279]]}},{"type":"Feature","properties":{"g":"Stein am Rhein","r":100},"geometry":{"type":"LineString","coordinates":[[8.859960008605118,47.65459001015279],[8.860240008605446,47.654390010152675]]}},{"type":"Feature","properties":{"g":"Stein am Rhein","r":100},"geometry":{"type":"LineString","coordinates":[[8.860240008605446,47.654390010152675],[8.860311684085296,47.65433804576703]]}},{"type":"Feature","properties":{"g":"Stein am Rhein","r":100},"geometry":{"type":"LineString","coordinates":[[8.86010000860309,47.66098001015452],[8.860250008603181,47.661120010154484]]}},{"type":"Feature","properties":{"g":"Stein am Rhein","r":100},"geometry":{"type":"LineString","coordinates":[[8.860250008603181,47.661120010154484],[8.860380008603263,47.66123001015452]]}},{"type":"Feature","properties":{"g":"Stein am Rhein","r":100},"geometry":{"type":"LineString","coordinates":[[8.857331092821703,47.661319323037205],[8.857220008600235,47.66145001015553]]}},{"type":"Feature","properties":{"g":"Stein am Rhein","r":100},"geometry":{"type":"LineString","coordinates":[[8.857220008600235,47.66145001015553],[8.857070008600044,47.66161001015561]]}},{"type":"Feature","properties":{"g":"Stein am Rhein","r":100},"geometry":{"type":"LineString","coordinates":[[8.857070008600044,47.66161001015561],[8.857000008599957,47.6616700101556]]}},{"type":"Feature","properties":{"g":"Stein am Rhein","r":100},"geometry":{"type":"LineString","coordinates":[[8.857000008599957,47.6616700101556],[8.856950008599897,47.661710010155666]]}},{"type":"Feature","properties":{"g":"Stein am Rhein","r":100},"geometry":{"type":"LineString","coordinates":[[8.856910008599849,47.66174001015574],[8.856820008599753,47.661790010155684]]}},{"type":"Feature","properties":{"g":"Stein am Rhein","r":100},"geometry":{"type":"LineString","coordinates":[[8.861310008604764,47.65935001015371],[8.861440008604875,47.65938001015366]]}},{"type":"Feature","properties":{"g":"Stein am Rhein","r":100},"geometry":{"type":"LineString","coordinates":[[8.861440008604875,47.65938001015366],[8.861860008605253,47.65944001015357]]}},{"type":"Feature","properties":{"g":"Stein am Rhein","r":100},"geometry":{"type":"LineString","coordinates":[[8.861860008605253,47.65944001015357],[8.86195000860533,47.65946001015356]]}},{"type":"Feature","properties":{"g":"Stein am Rhein","r":100},"geometry":{"type":"LineString","coordinates":[[8.86195000860533,47.65946001015356],[8.862050008605419,47.65948001015351]]}},{"type":"Feature","properties":{"g":"Stein am Rhein","r":100},"geometry":{"type":"LineString","coordinates":[[8.862050008605419,47.65948001015351],[8.862130008605483,47.659510010153504]]}},{"type":"Feature","properties":{"g":"Stein am Rhein","r":100},"geometry":{"type":"LineString","coordinates":[[8.862130008605483,47.659510010153504],[8.862200008605535,47.65954001015346]]}},{"type":"Feature","properties":{"g":"Stein am Rhein","r":100},"geometry":{"type":"LineString","coordinates":[[8.862230008605554,47.6595600101535],[8.862290008605601,47.65960001015344]]}},{"type":"Feature","properties":{"g":"Stein am Rhein","r":100},"geometry":{"type":"LineString","coordinates":[[8.861110008604655,47.659120010153686],[8.861130008604658,47.659170010153694]]}},{"type":"Feature","properties":{"g":"Stein am Rhein","r":100},"geometry":{"type":"LineString","coordinates":[[8.861520008604693,47.660170010153884],[8.861770008604985,47.65998001015372]]}},{"type":"Feature","properties":{"g":"Stein am Rhein","r":100},"geometry":{"type":"LineString","coordinates":[[8.861770008604985,47.65998001015372],[8.862030008605299,47.65979001015357]]}},{"type":"Feature","properties":{"g":"Stein am Rhein","r":100},"geometry":{"type":"LineString","coordinates":[[8.862030008605299,47.65979001015357],[8.862110008605383,47.65973001015359]]}},{"type":"Feature","properties":{"g":"Stein am Rhein","r":100},"geometry":{"type":"LineString","coordinates":[[8.862110008605383,47.65973001015359],[8.862160008605452,47.65967001015353]]}},{"type":"Feature","properties":{"g":"Stein am Rhein","r":100},"geometry":{"type":"LineString","coordinates":[[8.862160008605452,47.65967001015353],[8.862220008605524,47.659630010153506]]}},{"type":"Feature","properties":{"g":"Stein am Rhein","r":100},"geometry":{"type":"LineString","coordinates":[[8.862220008605524,47.659630010153506],[8.862290008605601,47.65960001015344]]}},{"type":"Feature","properties":{"g":"Stein am Rhein","r":100},"geometry":{"type":"LineString","coordinates":[[8.86077000860365,47.66117001015435],[8.860970008603942,47.660850010154185]]}},{"type":"Feature","properties":{"g":"Stein am Rhein","r":100},"geometry":{"type":"LineString","coordinates":[[8.860970008603942,47.660850010154185],[8.861150008604207,47.66058001015409]]}},{"type":"Feature","properties":{"g":"Stein am Rhein","r":100},"geometry":{"type":"LineString","coordinates":[[8.861150008604207,47.66058001015409],[8.861200008604271,47.66051001015409]]}},{"type":"Feature","properties":{"g":"Stein am Rhein","r":100},"geometry":{"type":"LineString","coordinates":[[8.861200008604271,47.66051001015409],[8.861240008604334,47.66044001015403]]}},{"type":"Feature","properties":{"g":"Stein am Rhein","r":100},"geometry":{"type":"LineString","coordinates":[[8.861240008604334,47.66044001015403],[8.86130000860441,47.660380010153986]]}},{"type":"Feature","properties":{"g":"Stein am Rhein","r":100},"geometry":{"type":"LineString","coordinates":[[8.86130000860441,47.660380010153986],[8.861380008604513,47.660300010153904]]}},{"type":"Feature","properties":{"g":"Stein am Rhein","r":100},"geometry":{"type":"LineString","coordinates":[[8.861380008604513,47.660300010153904],[8.861450008604603,47.660230010153924]]}},{"type":"Feature","properties":{"g":"Stein am Rhein","r":100},"geometry":{"type":"LineString","coordinates":[[8.861450008604603,47.660230010153924],[8.861520008604693,47.660170010153884]]}},{"type":"Feature","properties":{"g":"Stein am Rhein","r":100},"geometry":{"type":"LineString","coordinates":[[8.856820008599753,47.661790010155684],[8.856720008599641,47.661820010155765]]}},{"type":"Feature","properties":{"g":"Stein am Rhein","r":100},"geometry":{"type":"LineString","coordinates":[[8.856720008599641,47.661820010155765],[8.856480008599394,47.66190001015587]]}},{"type":"Feature","properties":{"g":"Stein am Rhein","r":100},"geometry":{"type":"LineString","coordinates":[[8.856480008599394,47.66190001015587],[8.855870008598751,47.66213001015612]]}},{"type":"Feature","properties":{"g":"Stein am Rhein","r":100},"geometry":{"type":"LineString","coordinates":[[8.855870008598751,47.66213001015612],[8.855650008598518,47.66222001015618]]}},{"type":"Feature","properties":{"g":"Stein am Rhein","r":100},"geometry":{"type":"LineString","coordinates":[[8.855650008598518,47.66222001015618],[8.85558071011887,47.66224520967468]]}},{"type":"Feature","properties":{"g":"Stein am Rhein","r":100},"geometry":{"type":"LineString","coordinates":[[8.862290008605601,47.65960001015344],[8.862350008605661,47.65958001015345],[8.862400008605709,47.65957001015344],[8.862450008605764,47.65957001015342],[8.862550008605858,47.65956001015334],[8.862680008605983,47.65956001015336],[8.862810008606099,47.6595600101533],[8.862830008606117,47.659560010153285],[8.862930008606218,47.65955001015327],[8.863040008606323,47.65954001015322],[8.863087832183433,47.65953566256854]]}},{"type":"Feature","properties":{"g":"Stein am Rhein","r":100},"geometry":{"type":"LineString","coordinates":[[8.865328448767354,47.659253863484],[8.865760008609007,47.659110010152276],[8.866100008609363,47.65900001015215],[8.866380008609651,47.65890001015202],[8.86660000860989,47.658820010151935],[8.866850008610147,47.65874001015188],[8.86714000861045,47.658640010151736],[8.867276819903442,47.65859114910767]]}},{"type":"Feature","properties":{"g":"Stein am Rhein","r":300},"geometry":{"type":"LineString","coordinates":[[8.858070008602919,47.65586001015372],[8.85824000860309,47.655830010153636]]}},{"type":"Feature","properties":{"g":"Stein am Rhein","r":300},"geometry":{"type":"LineString","coordinates":[[8.85824000860309,47.655830010153636],[8.858290008603143,47.655800010153676]]}},{"type":"Feature","properties":{"g":"Stein am Rhein","r":300},"geometry":{"type":"LineString","coordinates":[[8.858290008603143,47.655800010153676],[8.858370008603234,47.65576001015362]]}},{"type":"Feature","properties":{"g":"Stein am Rhein","r":300},"geometry":{"type":"LineString","coordinates":[[8.858370008603234,47.65576001015362],[8.858530008603434,47.65561001015349]]}},{"type":"Feature","properties":{"g":"Stein am Rhein","r":300},"geometry":{"type":"LineString","coordinates":[[8.858530008603434,47.65561001015349],[8.858620008603536,47.65555001015347]]}},{"type":"Feature","properties":{"g":"Stein am Rhein","r":300},"geometry":{"type":"LineString","coordinates":[[8.858620008603536,47.65555001015347],[8.858730008603665,47.65547001015343]]}},{"type":"Feature","properties":{"g":"Stein am Rhein","r":300},"geometry":{"type":"LineString","coordinates":[[8.858730008603665,47.65547001015343],[8.858960008603939,47.65530001015328]]}},{"type":"Feature","properties":{"g":"Stein am Rhein","r":300},"geometry":{"type":"LineString","coordinates":[[8.858960008603939,47.65530001015328],[8.859310008604355,47.65505001015315]]}},{"type":"Feature","properties":{"g":"Stein am Rhein","r":300},"geometry":{"type":"LineString","coordinates":[[8.859310008604355,47.65505001015315],[8.859690008604803,47.654780010152905]]}},{"type":"Feature","properties":{"g":"Stein am Rhein","r":300},"geometry":{"type":"LineString","coordinates":[[8.859690008604803,47.654780010152905],[8.859960008605118,47.65459001015279]]}},{"type":"Feature","properties":{"g":"Stein am Rhein","r":300},"geometry":{"type":"LineString","coordinates":[[8.859960008605118,47.65459001015279],[8.860240008605446,47.654390010152675]]}},{"type":"Feature","properties":{"g":"Stein am Rhein","r":300},"geometry":{"type":"LineString","coordinates":[[8.860240008605446,47.654390010152675],[8.860640008605916,47.65410001015243]]}},{"type":"Feature","properties":{"g":"Stein am Rhein","r":300},"geometry":{"type":"LineString","coordinates":[[8.860640008605916,47.65410001015243],[8.860710008606002,47.654040010152386]]}},{"type":"Feature","properties":{"g":"Stein am Rhein","r":300},"geometry":{"type":"LineString","coordinates":[[8.860710008606002,47.654040010152386],[8.860770008606071,47.6540000101524]]}},{"type":"Feature","properties":{"g":"Stein am Rhein","r":300},"geometry":{"type":"LineString","coordinates":[[8.85777000860087,47.66109001015525],[8.857860008600948,47.66113001015525]]}},{"type":"Feature","properties":{"g":"Stein am Rhein","r":300},"geometry":{"type":"LineString","coordinates":[[8.857860008600948,47.66113001015525],[8.857980008601041,47.66118001015524]]}},{"type":"Feature","properties":{"g":"Stein am Rhein","r":300},"geometry":{"type":"LineString","coordinates":[[8.857980008601041,47.66118001015524],[8.858080008601119,47.66121001015519]]}},{"type":"Feature","properties":{"g":"Stein am Rhein","r":300},"geometry":{"type":"LineString","coordinates":[[8.858080008601119,47.66121001015519],[8.858180008601217,47.66122001015519]]}},{"type":"Feature","properties":{"g":"Stein am Rhein","r":300},"geometry":{"type":"LineString","coordinates":[[8.858180008601217,47.66122001015519],[8.858280008601305,47.66123001015516]]}},{"type":"Feature","properties":{"g":"Stein am Rhein","r":300},"geometry":{"type":"LineString","coordinates":[[8.858280008601305,47.66123001015516],[8.858380008601397,47.661220010155084]]}},{"type":"Feature","properties":{"g":"Stein am Rhein","r":300},"geometry":{"type":"LineString","coordinates":[[8.858400008601421,47.66122001015512],[8.858710008601717,47.66120001015497]]}},{"type":"Feature","properties":{"g":"Stein am Rhein","r":300},"geometry":{"type":"LineString","coordinates":[[8.858710008601717,47.66120001015497],[8.858880008601881,47.66117001015491]]}},{"type":"Feature","properties":{"g":"Stein am Rhein","r":300},"geometry":{"type":"LineString","coordinates":[[8.858880008601881,47.66117001015491],[8.859110008602114,47.66113001015485]]}},{"type":"Feature","properties":{"g":"Stein am Rhein","r":300},"geometry":{"type":"LineString","coordinates":[[8.859110008602114,47.66113001015485],[8.859280008602294,47.6610700101548]]}},{"type":"Feature","properties":{"g":"Stein am Rhein","r":300},"geometry":{"type":"LineString","coordinates":[[8.859280008602294,47.6610700101548],[8.859590008602611,47.66098001015469]]}},{"type":"Feature","properties":{"g":"Stein am Rhein","r":300},"geometry":{"type":"LineString","coordinates":[[8.859590008602611,47.66098001015469],[8.859670008602686,47.66097001015464]]}},{"type":"Feature","properties":{"g":"Stein am Rhein","r":300},"geometry":{"type":"LineString","coordinates":[[8.859810008602828,47.660940010154604],[8.859870008602893,47.66092001015456]]}},{"type":"Feature","properties":{"g":"Stein am Rhein","r":300},"geometry":{"type":"LineString","coordinates":[[8.86010000860309,47.66098001015452],[8.860250008603181,47.661120010154484]]}},{"type":"Feature","properties":{"g":"Stein am Rhein","r":300},"geometry":{"type":"LineString","coordinates":[[8.860250008603181,47.661120010154484],[8.860380008603263,47.66123001015452]]}},{"type":"Feature","properties":{"g":"Stein am Rhein","r":300},"geometry":{"type":"LineString","coordinates":[[8.857373273915895,47.65637337753435],[8.857582168654062,47.65658880077027]]}},{"type":"Feature","properties":{"g":"Stein am Rhein","r":300},"geometry":{"type":"LineString","coordinates":[[8.857530008600644,47.661110010155326],[8.857470008600565,47.661160010155385]]}},{"type":"Feature","properties":{"g":"Stein am Rhein","r":300},"geometry":{"type":"LineString","coordinates":[[8.857470008600565,47.661160010155385],[8.857390008600465,47.661250010155385]]}},{"type":"Feature","properties":{"g":"Stein am Rhein","r":300},"geometry":{"type":"LineString","coordinates":[[8.857390008600465,47.661250010155385],[8.857220008600235,47.66145001015553]]}},{"type":"Feature","properties":{"g":"Stein am Rhein","r":300},"geometry":{"type":"LineString","coordinates":[[8.857220008600235,47.66145001015553],[8.857070008600044,47.66161001015561]]}},{"type":"Feature","properties":{"g":"Stein am Rhein","r":300},"geometry":{"type":"LineString","coordinates":[[8.857070008600044,47.66161001015561],[8.857000008599957,47.6616700101556]]}},{"type":"Feature","properties":{"g":"Stein am Rhein","r":300},"geometry":{"type":"LineString","coordinates":[[8.857000008599957,47.6616700101556],[8.856950008599897,47.661710010155666]]}},{"type":"Feature","properties":{"g":"Stein am Rhein","r":300},"geometry":{"type":"LineString","coordinates":[[8.856910008599849,47.66174001015574],[8.856820008599753,47.661790010155684]]}},{"type":"Feature","properties":{"g":"Stein am Rhein","r":300},"geometry":{"type":"LineString","coordinates":[[8.859230008603058,47.65867001015416],[8.85929000860308,47.65876001015414]]}},{"type":"Feature","properties":{"g":"Stein am Rhein","r":300},"geometry":{"type":"LineString","coordinates":[[8.85929000860308,47.65876001015414],[8.859360008603115,47.65886001015413]]}},{"type":"Feature","properties":{"g":"Stein am Rhein","r":300},"geometry":{"type":"LineString","coordinates":[[8.85947000860317,47.65900001015415],[8.859500008603174,47.65905001015413]]}},{"type":"Feature","properties":{"g":"Stein am Rhein","r":300},"geometry":{"type":"LineString","coordinates":[[8.859640008603286,47.659120010154176],[8.859700008603347,47.65910001015415]]}},{"type":"Feature","properties":{"g":"Stein am Rhein","r":300},"geometry":{"type":"LineString","coordinates":[[8.85980000860345,47.65908001015407],[8.859870008603519,47.65908001015405]]}},{"type":"Feature","properties":{"g":"Stein am Rhein","r":300},"geometry":{"type":"LineString","coordinates":[[8.859870008603519,47.65908001015405],[8.859960008603597,47.65908001015405]]}},{"type":"Feature","properties":{"g":"Stein am Rhein","r":300},"geometry":{"type":"LineString","coordinates":[[8.859960008603597,47.65908001015405],[8.860030008603664,47.65908001015402]]}},{"type":"Feature","properties":{"g":"Stein am Rhein","r":300},"geometry":{"type":"LineString","coordinates":[[8.860030008603664,47.65908001015402],[8.860110008603744,47.659070010154004]]}},{"type":"Feature","properties":{"g":"Stein am Rhein","r":300},"geometry":{"type":"LineString","coordinates":[[8.861310008604764,47.65935001015371],[8.861440008604875,47.65938001015366]]}},{"type":"Feature","properties":{"g":"Stein am Rhein","r":300},"geometry":{"type":"LineString","coordinates":[[8.861440008604875,47.65938001015366],[8.861860008605253,47.65944001015357]]}},{"type":"Feature","properties":{"g":"Stein am Rhein","r":300},"geometry":{"type":"LineString","coordinates":[[8.861860008605253,47.65944001015357],[8.86195000860533,47.65946001015356]]}},{"type":"Feature","properties":{"g":"Stein am Rhein","r":300},"geometry":{"type":"LineString","coordinates":[[8.86195000860533,47.65946001015356],[8.862050008605419,47.65948001015351]]}},{"type":"Feature","properties":{"g":"Stein am Rhein","r":300},"geometry":{"type":"LineString","coordinates":[[8.862050008605419,47.65948001015351],[8.862130008605483,47.659510010153504]]}},{"type":"Feature","properties":{"g":"Stein am Rhein","r":300},"geometry":{"type":"LineString","coordinates":[[8.862130008605483,47.659510010153504],[8.862200008605535,47.65954001015346]]}},{"type":"Feature","properties":{"g":"Stein am Rhein","r":300},"geometry":{"type":"LineString","coordinates":[[8.862230008605554,47.6595600101535],[8.862290008605601,47.65960001015344]]}},{"type":"Feature","properties":{"g":"Stein am Rhein","r":300},"geometry":{"type":"LineString","coordinates":[[8.860110008603744,47.659070010154004],[8.860200008603828,47.65905001015393]]}},{"type":"Feature","properties":{"g":"Stein am Rhein","r":300},"geometry":{"type":"LineString","coordinates":[[8.860200008603828,47.65905001015393],[8.860300008603938,47.65902001015393]]}},{"type":"Feature","properties":{"g":"Stein am Rhein","r":300},"geometry":{"type":"LineString","coordinates":[[8.860300008603938,47.65902001015393],[8.860490008604138,47.658940010153835]]}},{"type":"Feature","properties":{"g":"Stein am Rhein","r":300},"geometry":{"type":"LineString","coordinates":[[8.860490008604138,47.658940010153835],[8.860660008604322,47.65887001015376]]}},{"type":"Feature","properties":{"g":"Stein am Rhein","r":300},"geometry":{"type":"LineString","coordinates":[[8.860660008604322,47.65887001015376],[8.860740008604404,47.65885001015372]]}},{"type":"Feature","properties":{"g":"Stein am Rhein","r":300},"geometry":{"type":"LineString","coordinates":[[8.861110008604655,47.659120010153686],[8.861130008604658,47.659170010153694]]}},{"type":"Feature","properties":{"g":"Stein am Rhein","r":300},"geometry":{"type":"LineString","coordinates":[[8.857450008602605,47.65508001015366],[8.857420008602599,47.65501001015367]]}},{"type":"Feature","properties":{"g":"Stein am Rhein","r":300},"geometry":{"type":"LineString","coordinates":[[8.857420008602599,47.65501001015367],[8.857410008602606,47.654960010153694]]}},{"type":"Feature","properties":{"g":"Stein am Rhein","r":300},"geometry":{"type":"LineString","coordinates":[[8.857340008602577,47.65485001015362],[8.857290008602558,47.65476001015365]]}},{"type":"Feature","properties":{"g":"Stein am Rhein","r":300},"geometry":{"type":"LineString","coordinates":[[8.857290008602558,47.65476001015365],[8.857250008602541,47.654710010153636]]}},{"type":"Feature","properties":{"g":"Stein am Rhein","r":300},"geometry":{"type":"LineString","coordinates":[[8.857250008602541,47.654710010153636],[8.857210008602518,47.65466001015363]]}},{"type":"Feature","properties":{"g":"Stein am Rhein","r":300},"geometry":{"type":"LineString","coordinates":[[8.857210008602518,47.65466001015363],[8.857160008602483,47.65463001015367]]}},{"type":"Feature","properties":{"g":"Stein am Rhein","r":300},"geometry":{"type":"LineString","coordinates":[[8.857160008602483,47.65463001015367],[8.85709000860243,47.65459001015368]]}},{"type":"Feature","properties":{"g":"Stein am Rhein","r":300},"geometry":{"type":"LineString","coordinates":[[8.85709000860243,47.65459001015368],[8.856990008602352,47.654560010153666]]}},{"type":"Feature","properties":{"g":"Stein am Rhein","r":300},"geometry":{"type":"LineString","coordinates":[[8.856990008602352,47.654560010153666],[8.856500008601945,47.65441001015381]]}},{"type":"Feature","properties":{"g":"Stein am Rhein","r":300},"geometry":{"type":"LineString","coordinates":[[8.856500008601945,47.65441001015381],[8.855880008601423,47.654230010153945]]}},{"type":"Feature","properties":{"g":"Stein am Rhein","r":300},"geometry":{"type":"LineString","coordinates":[[8.855880008601423,47.654230010153945],[8.855580008601178,47.65413001015396]]}},{"type":"Feature","properties":{"g":"Stein am Rhein","r":300},"geometry":{"type":"LineString","coordinates":[[8.855580008601178,47.65413001015396],[8.855490008601105,47.65410001015401]]}},{"type":"Feature","properties":{"g":"Stein am Rhein","r":300},"geometry":{"type":"LineString","coordinates":[[8.855490008601105,47.65410001015401],[8.855360008601002,47.65404001015404]]}},{"type":"Feature","properties":{"g":"Stein am Rhein","r":300},"geometry":{"type":"LineString","coordinates":[[8.855360008601002,47.65404001015404],[8.855250008600915,47.65400001015405]]}},{"type":"Feature","properties":{"g":"Stein am Rhein","r":300},"geometry":{"type":"LineString","coordinates":[[8.855250008600915,47.65400001015405],[8.855100008600797,47.65393001015406]]}},{"type":"Feature","properties":{"g":"Stein am Rhein","r":300},"geometry":{"type":"LineString","coordinates":[[8.857220008601928,47.65645001015414],[8.857373273915895,47.65637337753435]]}},{"type":"Feature","properties":{"g":"Stein am Rhein","r":300},"geometry":{"type":"LineString","coordinates":[[8.857400008602127,47.65636001015406],[8.85752000860226,47.656290010154]]}},{"type":"Feature","properties":{"g":"Stein am Rhein","r":300},"geometry":{"type":"LineString","coordinates":[[8.85752000860226,47.656290010154],[8.857640008602392,47.656230010153934]]}},{"type":"Feature","properties":{"g":"Stein am Rhein","r":300},"geometry":{"type":"LineString","coordinates":[[8.857640008602392,47.656230010153934],[8.857850008602638,47.656080010153865]]}},{"type":"Feature","properties":{"g":"Stein am Rhein","r":300},"geometry":{"type":"LineString","coordinates":[[8.857850008602638,47.656080010153865],[8.857950008602762,47.656000010153775]]}},{"type":"Feature","properties":{"g":"Stein am Rhein","r":300},"geometry":{"type":"LineString","coordinates":[[8.857950008602762,47.656000010153775],[8.858070008602919,47.65586001015372]]}},{"type":"Feature","properties":{"g":"Stein am Rhein","r":300},"geometry":{"type":"LineString","coordinates":[[8.861520008604693,47.660170010153884],[8.861770008604985,47.65998001015372]]}},{"type":"Feature","properties":{"g":"Stein am Rhein","r":300},"geometry":{"type":"LineString","coordinates":[[8.861770008604985,47.65998001015372],[8.862030008605299,47.65979001015357]]}},{"type":"Feature","properties":{"g":"Stein am Rhein","r":300},"geometry":{"type":"LineString","coordinates":[[8.862030008605299,47.65979001015357],[8.862110008605383,47.65973001015359]]}},{"type":"Feature","properties":{"g":"Stein am Rhein","r":300},"geometry":{"type":"LineString","coordinates":[[8.862110008605383,47.65973001015359],[8.862160008605452,47.65967001015353]]}},{"type":"Feature","properties":{"g":"Stein am Rhein","r":300},"geometry":{"type":"LineString","coordinates":[[8.862160008605452,47.65967001015353],[8.862220008605524,47.659630010153506]]}},{"type":"Feature","properties":{"g":"Stein am Rhein","r":300},"geometry":{"type":"LineString","coordinates":[[8.862220008605524,47.659630010153506],[8.862290008605601,47.65960001015344]]}},{"type":"Feature","properties":{"g":"Stein am Rhein","r":300},"geometry":{"type":"LineString","coordinates":[[8.86077000860365,47.66117001015435],[8.860970008603942,47.660850010154185]]}},{"type":"Feature","properties":{"g":"Stein am Rhein","r":300},"geometry":{"type":"LineString","coordinates":[[8.860970008603942,47.660850010154185],[8.861150008604207,47.66058001015409]]}},{"type":"Feature","properties":{"g":"Stein am Rhein","r":300},"geometry":{"type":"LineString","coordinates":[[8.861150008604207,47.66058001015409],[8.861200008604271,47.66051001015409]]}},{"type":"Feature","properties":{"g":"Stein am Rhein","r":300},"geometry":{"type":"LineString","coordinates":[[8.861200008604271,47.66051001015409],[8.861240008604334,47.66044001015403]]}},{"type":"Feature","properties":{"g":"Stein am Rhein","r":300},"geometry":{"type":"LineString","coordinates":[[8.861240008604334,47.66044001015403],[8.86130000860441,47.660380010153986]]}},{"type":"Feature","properties":{"g":"Stein am Rhein","r":300},"geometry":{"type":"LineString","coordinates":[[8.86130000860441,47.660380010153986],[8.861380008604513,47.660300010153904]]}},{"type":"Feature","properties":{"g":"Stein am Rhein","r":300},"geometry":{"type":"LineString","coordinates":[[8.861380008604513,47.660300010153904],[8.861450008604603,47.660230010153924]]}},{"type":"Feature","properties":{"g":"Stein am Rhein","r":300},"geometry":{"type":"LineString","coordinates":[[8.861450008604603,47.660230010153924],[8.861520008604693,47.660170010153884]]}},{"type":"Feature","properties":{"g":"Stein am Rhein","r":300},"geometry":{"type":"LineString","coordinates":[[8.856820008599753,47.661790010155684],[8.856720008599641,47.661820010155765]]}},{"type":"Feature","properties":{"g":"Stein am Rhein","r":300},"geometry":{"type":"LineString","coordinates":[[8.856720008599641,47.661820010155765],[8.856480008599394,47.66190001015587]]}},{"type":"Feature","properties":{"g":"Stein am Rhein","r":300},"geometry":{"type":"LineString","coordinates":[[8.856480008599394,47.66190001015587],[8.855870008598751,47.66213001015612]]}},{"type":"Feature","properties":{"g":"Stein am Rhein","r":300},"geometry":{"type":"LineString","coordinates":[[8.855870008598751,47.66213001015612],[8.855650008598518,47.66222001015618]]}},{"type":"Feature","properties":{"g":"Stein am Rhein","r":300},"geometry":{"type":"LineString","coordinates":[[8.855650008598518,47.66222001015618],[8.855430008598276,47.66230001015628]]}},{"type":"Feature","properties":{"g":"Stein am Rhein","r":300},"geometry":{"type":"LineString","coordinates":[[8.858739929937688,47.657910690988814],[8.85895000860294,47.65823001015411]]}},{"type":"Feature","properties":{"g":"Stein am Rhein","r":300},"geometry":{"type":"LineString","coordinates":[[8.85895000860294,47.65823001015411],[8.859100008603004,47.65846001015414]]}},{"type":"Feature","properties":{"g":"Stein am Rhein","r":300},"geometry":{"type":"LineString","coordinates":[[8.859100008603004,47.65846001015414],[8.859230008603058,47.65867001015416]]}},{"type":"Feature","properties":{"g":"Stein am Rhein","r":300},"geometry":{"type":"LineString","coordinates":[[8.862290008605601,47.65960001015344],[8.862350008605661,47.65958001015345],[8.862400008605709,47.65957001015344],[8.862450008605764,47.65957001015342],[8.862550008605858,47.65956001015334],[8.862680008605983,47.65956001015336],[8.862810008606099,47.6595600101533],[8.862830008606117,47.659560010153285],[8.862930008606218,47.65955001015327],[8.863040008606323,47.65954001015322],[8.863150008606423,47.65953001015319],[8.863290008606564,47.65950001015315],[8.863360008606636,47.65949001015311],[8.863380008606653,47.65949001015308],[8.863470008606749,47.659470010153086],[8.86362000860689,47.65946001015304],[8.863690008606955,47.65946001015302]]}},{"type":"Feature","properties":{"g":"Stein am Rhein","r":300},"geometry":{"type":"LineString","coordinates":[[8.865060008608268,47.65935001015256],[8.865310008608533,47.659260010152444],[8.865760008609007,47.659110010152276],[8.866100008609363,47.65900001015215],[8.866380008609651,47.65890001015202],[8.86660000860989,47.658820010151935],[8.866850008610147,47.65874001015188],[8.86714000861045,47.658640010151736],[8.867420008610749,47.65854001015159],[8.867820008611167,47.658410010151435],[8.86801000861137,47.65834001015133],[8.868130008611486,47.658310010151325],[8.868280008611649,47.65826001015126],[8.868420008611789,47.65823001015123],[8.868540008611909,47.65820001015118],[8.86861000861198,47.658190010151145],[8.86875000861211,47.65818001015112],[8.868850008612212,47.65817001015107],[8.868960008612314,47.65816001015105],[8.869180008612519,47.65817001015099],[8.869700008613004,47.65817001015084],[8.86972000861302,47.65817001015081],[8.86999000861327,47.65819001015073],[8.87020000861346,47.65820001015069],[8.87022992979881,47.658200739984814]]}},{"type":"Feature","properties":{"g":"Stetten (SH)","r":100},"geometry":{"type":"LineString","coordinates":[[8.663140008391284,47.74035001023528],[8.663030008391189,47.74032001023532],[8.66291000839109,47.74028001023531],[8.662810008391002,47.740240010235354],[8.662750008390958,47.74022001023539],[8.662670008390887,47.74020001023538],[8.66260000839082,47.74019001023538],[8.662530008390759,47.74018001023539],[8.662450008390685,47.74017001023541],[8.662410008390655,47.740160010235456],[8.662370008390617,47.74015001023544],[8.662300008390567,47.740120010235465],[8.662240008390514,47.740100010235494],[8.662190008390475,47.74009001023549],[8.662090008390386,47.740050010235514],[8.661930008390256,47.73998001023554],[8.661780008390139,47.73992001023556],[8.661540008389938,47.739830010235586],[8.661380008389811,47.739770010235624],[8.661280008389731,47.73972001023567],[8.661190008389665,47.739670010235685],[8.661090008389593,47.73961001023569],[8.661050008389564,47.739570010235695],[8.661025914947757,47.73955394794298]]}},{"type":"Feature","properties":{"g":"Stetten (SH)","r":100},"geometry":{"type":"LineString","coordinates":[[8.659705169630346,47.73902506413529],[8.659630008388406,47.739000010235934],[8.659280008388123,47.73888001023603],[8.65915000838801,47.73884001023612],[8.659070008387948,47.73881001023607],[8.659010008387893,47.73879001023606],[8.658970008387868,47.73877001023608],[8.658910008387817,47.73873001023609],[8.658850008387775,47.738690010236105],[8.658790008387736,47.73865001023611],[8.658750008387706,47.73861001023615],[8.658690008387667,47.73855001023613],[8.658560008387603,47.73839001023611],[8.658360008387493,47.73815001023611],[8.658160008387386,47.73791001023609],[8.658058601372787,47.737802638725796]]}},{"type":"Feature","properties":{"g":"Stetten (SH)","r":100},"geometry":{"type":"LineString","coordinates":[[8.663224239829983,47.74022039366266],[8.663180008391338,47.74030001023522],[8.663170008391319,47.740320010235294],[8.663160008391309,47.74034001023526],[8.663140008391284,47.74035001023528]]}},{"type":"Feature","properties":{"g":"Stetten (SH)","r":100},"geometry":{"type":"LineString","coordinates":[[8.66313755538147,47.74055595483358],[8.663140008391219,47.74054001023533],[8.66316000839126,47.74047001023528],[8.663160008391275,47.74043001023528],[8.663160008391284,47.7404000102353],[8.663150008391282,47.74038001023528],[8.663140008391284,47.74035001023528]]}},{"type":"Feature","properties":{"g":"Stetten (SH)","r":300},"geometry":{"type":"LineString","coordinates":[[8.662308838268109,47.73755679240243],[8.662310008391422,47.737560010234795],[8.66245000839145,47.73788001023483],[8.662540008391472,47.73809001023484],[8.662620008391476,47.73830001023491],[8.66272000839149,47.73853001023492],[8.662750008391493,47.738600010234926]]}},{"type":"Feature","properties":{"g":"Stetten (SH)","r":300},"geometry":{"type":"LineString","coordinates":[[8.663140008391284,47.74035001023528],[8.663030008391189,47.74032001023532],[8.66291000839109,47.74028001023531],[8.662810008391002,47.740240010235354],[8.662750008390958,47.74022001023539],[8.662670008390887,47.74020001023538],[8.66260000839082,47.74019001023538],[8.662530008390759,47.74018001023539],[8.662450008390685,47.74017001023541],[8.662410008390655,47.740160010235456],[8.662370008390617,47.74015001023544],[8.662300008390567,47.740120010235465],[8.662240008390514,47.740100010235494],[8.662190008390475,47.74009001023549],[8.662090008390386,47.740050010235514],[8.661930008390256,47.73998001023554],[8.661780008390139,47.73992001023556],[8.661540008389938,47.739830010235586],[8.661380008389811,47.739770010235624],[8.661280008389731,47.73972001023567],[8.661190008389665,47.739670010235685],[8.661090008389593,47.73961001023569],[8.661050008389564,47.739570010235695],[8.661020008389539,47.73955001023571],[8.660990008389513,47.73954001023565],[8.660950008389486,47.7395100102357],[8.660900008389447,47.73949001023573],[8.660830008389397,47.739450010235736],[8.660770008389347,47.7394200102357],[8.660700008389293,47.73939001023574],[8.66062000838923,47.73935001023576],[8.660480008389111,47.73930001023576],[8.660020008388734,47.739130010235904],[8.659630008388406,47.739000010235934],[8.659280008388123,47.73888001023603],[8.65915000838801,47.73884001023612],[8.659070008387948,47.73881001023607],[8.659010008387893,47.73879001023606],[8.658970008387868,47.73877001023608],[8.658910008387817,47.73873001023609],[8.658850008387775,47.738690010236105],[8.658790008387736,47.73865001023611],[8.658750008387706,47.73861001023615],[8.658690008387667,47.73855001023613],[8.658560008387603,47.73839001023611],[8.658360008387493,47.73815001023611],[8.658160008387386,47.73791001023609],[8.65782000838718,47.73755001023614],[8.657610008387042,47.73735001023612],[8.65759000838704,47.73734001023614]]}},{"type":"Feature","properties":{"g":"Stetten (SH)","r":300},"geometry":{"type":"LineString","coordinates":[[8.66323880014379,47.742774843253535],[8.663250008390591,47.74273001023588],[8.663260008390617,47.74267001023585],[8.66327000839066,47.74258001023583],[8.663260008390722,47.74236001023578],[8.663220008390873,47.74180001023562],[8.663210008390882,47.741750010235656]]}},{"type":"Feature","properties":{"g":"Stetten (SH)","r":300},"geometry":{"type":"LineString","coordinates":[[8.663110008391575,47.73939001023503],[8.663270008391642,47.73963001023501],[8.663340008391673,47.739740010235074],[8.663380008391684,47.73982001023506],[8.663390008391678,47.739860010235056],[8.663380008391659,47.73990001023508],[8.663370008391638,47.73994001023508],[8.663330008391572,47.74001001023514],[8.663300008391529,47.74007001023515],[8.663270008391478,47.740140010235194],[8.663230008391414,47.74021001023521],[8.663180008391338,47.74030001023522],[8.663170008391319,47.740320010235294],[8.663160008391309,47.74034001023526],[8.663140008391284,47.74035001023528]]}},{"type":"Feature","properties":{"g":"Stetten (SH)","r":300},"geometry":{"type":"LineString","coordinates":[[8.663210008390882,47.741750010235656],[8.663200008390952,47.741510010235544],[8.663190008390988,47.74136001023552],[8.663170008391008,47.74126001023546],[8.66317000839101,47.741250010235525],[8.663170008391035,47.74118001023549],[8.66315000839105,47.74108001023547],[8.66313000839108,47.74093001023543],[8.663120008391088,47.74087001023541],[8.663110008391094,47.74082001023541],[8.663110008391113,47.74077001023539],[8.663110008391117,47.74075001023541],[8.663110008391133,47.740720010235364],[8.663120008391155,47.74067001023537],[8.663140008391219,47.74054001023533],[8.66316000839126,47.74047001023528],[8.663160008391275,47.74043001023528],[8.663160008391284,47.7404000102353],[8.663150008391282,47.74038001023528],[8.663140008391284,47.74035001023528]]}},{"type":"Feature","properties":{"g":"Stetten (SH)","r":300},"geometry":{"type":"LineString","coordinates":[[8.65759000838704,47.73734001023614],[8.657220008386794,47.73700001023611],[8.656760008386494,47.73659001023617],[8.65661000838641,47.736440010236194],[8.65650000838633,47.7363500102362],[8.656475442686142,47.73632544454486]]}},{"type":"Feature","properties":{"g":"Stetten (SH)","r":300},"geometry":{"type":"LineString","coordinates":[[8.662750008391493,47.738600010234926],[8.662830008391504,47.738790010234965],[8.662880008391513,47.738920010234985],[8.662920008391524,47.73901001023496],[8.66299000839153,47.739170010235],[8.663010008391538,47.73922001023503],[8.663050008391549,47.739290010235],[8.663080008391564,47.73933001023502],[8.663090008391562,47.739360010235],[8.663110008391575,47.73939001023503]]}},{"type":"Feature","properties":{"g":"Thayngen","r":100},"geometry":{"type":"LineString","coordinates":[[8.704970008428974,47.74574001022419],[8.704880008428887,47.74575001022424]]}},{"type":"Feature","properties":{"g":"Thayngen","r":100},"geometry":{"type":"LineString","coordinates":[[8.704880008428887,47.74575001022424],[8.704750008428759,47.74577001022427]]}},{"type":"Feature","properties":{"g":"Thayngen","r":100},"geometry":{"type":"LineString","coordinates":[[8.704750008428759,47.74577001022427],[8.704600008428612,47.74579001022433]]}},{"type":"Feature","properties":{"g":"Thayngen","r":100},"geometry":{"type":"LineString","coordinates":[[8.704600008428612,47.74579001022433],[8.704520008428533,47.74580001022437]]}},{"type":"Feature","properties":{"g":"Thayngen","r":100},"geometry":{"type":"LineString","coordinates":[[8.704520008428533,47.74580001022437],[8.70441000842843,47.7458000102244]]}},{"type":"Feature","properties":{"g":"Thayngen","r":100},"geometry":{"type":"LineString","coordinates":[[8.70441000842843,47.7458000102244],[8.704150008428183,47.74580001022446]]}},{"type":"Feature","properties":{"g":"Thayngen","r":100},"geometry":{"type":"LineString","coordinates":[[8.704150008428183,47.74580001022446],[8.703950008427997,47.74579001022452]]}},{"type":"Feature","properties":{"g":"Thayngen","r":100},"geometry":{"type":"LineString","coordinates":[[8.703950008427997,47.74579001022452],[8.703830008427884,47.74580001022456]]}},{"type":"Feature","properties":{"g":"Thayngen","r":100},"geometry":{"type":"LineString","coordinates":[[8.703830008427884,47.74580001022456],[8.703690008427753,47.745800010224585]]}},{"type":"Feature","properties":{"g":"Thayngen","r":100},"geometry":{"type":"LineString","coordinates":[[8.703690008427753,47.745800010224585],[8.703570008427633,47.74581001022464]]}},{"type":"Feature","properties":{"g":"Thayngen","r":100},"geometry":{"type":"LineString","coordinates":[[8.703570008427633,47.74581001022464],[8.703470008427535,47.74582001022469]]}},{"type":"Feature","properties":{"g":"Thayngen","r":100},"geometry":{"type":"LineString","coordinates":[[8.703470008427535,47.74582001022469],[8.703400008427465,47.74583001022469]]}},{"type":"Feature","properties":{"g":"Thayngen","r":100},"geometry":{"type":"LineString","coordinates":[[8.703400008427465,47.74583001022469],[8.703280008427349,47.74584001022473]]}},{"type":"Feature","properties":{"g":"Thayngen","r":100},"geometry":{"type":"LineString","coordinates":[[8.703280008427349,47.74584001022473],[8.70303000842711,47.74584001022481]]}},{"type":"Feature","properties":{"g":"Thayngen","r":100},"geometry":{"type":"LineString","coordinates":[[8.70303000842711,47.74584001022481],[8.7029305100487,47.74584001034058]]}},{"type":"Feature","properties":{"g":"Thayngen","r":100},"geometry":{"type":"LineString","coordinates":[[8.678801748364489,47.772836290268465],[8.678650008395055,47.77287001023922],[8.678330008394726,47.7729400102393]]}},{"type":"Feature","properties":{"g":"Thayngen","r":100},"geometry":{"type":"LineString","coordinates":[[8.678330008394726,47.7729400102393],[8.678130008394522,47.772980010239344],[8.678050008394438,47.77301001023941],[8.677850008394232,47.773070010239465],[8.67771000839408,47.77312001023953],[8.67755000839391,47.77318001023961],[8.677420008393769,47.77323001023962],[8.677375434692358,47.773252297128984]]}},{"type":"Feature","properties":{"g":"Thayngen","r":300},"geometry":{"type":"LineString","coordinates":[[8.705490008428063,47.74992001022514],[8.705550008428107,47.74996001022514],[8.705600008428148,47.74999001022512],[8.705620008428154,47.75001001022518],[8.705620008428136,47.75006001022516],[8.705650008428139,47.75014001022518],[8.705680008428107,47.75032001022518],[8.705720008428091,47.75049001022523],[8.70573000842805,47.75063001022526],[8.705760008428038,47.750760010225314],[8.705790008428009,47.75093001022533],[8.705792677279016,47.75094442209184]]}},{"type":"Feature","properties":{"g":"Thayngen","r":300},"geometry":{"type":"LineString","coordinates":[[8.705490008428063,47.74992001022514],[8.705390008427933,47.7500300102252],[8.705280008427785,47.75015001022527],[8.705170008427643,47.75028001022536],[8.705050008427488,47.75039001022542],[8.70494000842735,47.750500010225466],[8.704740008427121,47.750620010225546],[8.704520008426872,47.750750010225644],[8.704330008426657,47.75086001022574],[8.704010008426298,47.75103001022588],[8.703910008426183,47.75109001022592],[8.703500008425722,47.75132001022611],[8.702960008425102,47.751620010226375],[8.70285293204118,47.75166868131253]]}},{"type":"Feature","properties":{"g":"Thayngen","r":300},"geometry":{"type":"LineString","coordinates":[[8.70584000842976,47.74584001022399],[8.705770008429699,47.74585001022402]]}},{"type":"Feature","properties":{"g":"Thayngen","r":300},"geometry":{"type":"LineString","coordinates":[[8.705710008429635,47.745860010224035],[8.705640008429572,47.745850010224025]]}},{"type":"Feature","properties":{"g":"Thayngen","r":300},"geometry":{"type":"LineString","coordinates":[[8.705640008429572,47.745850010224025],[8.705550008429487,47.74584001022407]]}},{"type":"Feature","properties":{"g":"Thayngen","r":300},"geometry":{"type":"LineString","coordinates":[[8.705550008429487,47.74584001022407],[8.705170008429159,47.7457700102242]]}},{"type":"Feature","properties":{"g":"Thayngen","r":300},"geometry":{"type":"LineString","coordinates":[[8.705170008429159,47.7457700102242],[8.705060008429061,47.745750010224164]]}},{"type":"Feature","properties":{"g":"Thayngen","r":300},"geometry":{"type":"LineString","coordinates":[[8.705060008429061,47.745750010224164],[8.704970008428974,47.74574001022419]]}},{"type":"Feature","properties":{"g":"Thayngen","r":300},"geometry":{"type":"LineString","coordinates":[[8.68089714702795,47.77079328038064],[8.68083000839778,47.77087001023803]]}},{"type":"Feature","properties":{"g":"Thayngen","r":300},"geometry":{"type":"LineString","coordinates":[[8.680800008397737,47.77090001023808],[8.680670008397568,47.77105001023812]]}},{"type":"Feature","properties":{"g":"Thayngen","r":300},"geometry":{"type":"LineString","coordinates":[[8.680670008397568,47.77105001023812],[8.680620008397495,47.771130010238146]]}},{"type":"Feature","properties":{"g":"Thayngen","r":300},"geometry":{"type":"LineString","coordinates":[[8.680620008397495,47.771130010238146],[8.680580008397435,47.771200010238175]]}},{"type":"Feature","properties":{"g":"Thayngen","r":300},"geometry":{"type":"LineString","coordinates":[[8.680580008397435,47.771200010238175],[8.680560008397393,47.77126001023821]]}},{"type":"Feature","properties":{"g":"Thayngen","r":300},"geometry":{"type":"LineString","coordinates":[[8.680560008397393,47.77126001023821],[8.68054000839736,47.77132001023824]]}},{"type":"Feature","properties":{"g":"Thayngen","r":300},"geometry":{"type":"LineString","coordinates":[[8.68054000839736,47.77132001023824],[8.680530008397323,47.77139001023825]]}},{"type":"Feature","properties":{"g":"Thayngen","r":300},"geometry":{"type":"LineString","coordinates":[[8.680530008397323,47.77139001023825],[8.680520008397266,47.771530010238266]]}},{"type":"Feature","properties":{"g":"Thayngen","r":300},"geometry":{"type":"LineString","coordinates":[[8.680520008397266,47.771530010238266],[8.68049000839716,47.77177001023835]]}},{"type":"Feature","properties":{"g":"Thayngen","r":300},"geometry":{"type":"LineString","coordinates":[[8.68049000839716,47.77177001023835],[8.680480008397131,47.771820010238386]]}},{"type":"Feature","properties":{"g":"Thayngen","r":300},"geometry":{"type":"LineString","coordinates":[[8.680480008397131,47.771820010238386],[8.680440008397062,47.77192001023841]]}},{"type":"Feature","properties":{"g":"Thayngen","r":300},"geometry":{"type":"LineString","coordinates":[[8.697610008421298,47.747950010227],[8.69740000842109,47.74797001022708]]}},{"type":"Feature","properties":{"g":"Thayngen","r":300},"geometry":{"type":"LineString","coordinates":[[8.69740000842109,47.74797001022708],[8.697210008420901,47.74799001022712]]}},{"type":"Feature","properties":{"g":"Thayngen","r":300},"geometry":{"type":"LineString","coordinates":[[8.697210008420901,47.74799001022712],[8.69698000842068,47.74801001022716]]}},{"type":"Feature","properties":{"g":"Thayngen","r":300},"geometry":{"type":"LineString","coordinates":[[8.69698000842068,47.74801001022716],[8.696830008420541,47.748010010227226]]}},{"type":"Feature","properties":{"g":"Thayngen","r":300},"geometry":{"type":"LineString","coordinates":[[8.696830008420541,47.748010010227226],[8.696690008420404,47.74802001022724]]}},{"type":"Feature","properties":{"g":"Thayngen","r":300},"geometry":{"type":"LineString","coordinates":[[8.696690008420404,47.74802001022724],[8.696620008420345,47.74802001022733]]}},{"type":"Feature","properties":{"g":"Thayngen","r":300},"geometry":{"type":"LineString","coordinates":[[8.696620008420345,47.74802001022733],[8.696490008420216,47.74802001022737]]}},{"type":"Feature","properties":{"g":"Thayngen","r":300},"geometry":{"type":"LineString","coordinates":[[8.696490008420216,47.74802001022737],[8.696350008420092,47.74801001022741]]}},{"type":"Feature","properties":{"g":"Thayngen","r":300},"geometry":{"type":"LineString","coordinates":[[8.696350008420092,47.74801001022741],[8.696200008419947,47.7480000102274]]}},{"type":"Feature","properties":{"g":"Thayngen","r":300},"geometry":{"type":"LineString","coordinates":[[8.696200008419947,47.7480000102274],[8.69608000841984,47.747990010227454]]}},{"type":"Feature","properties":{"g":"Thayngen","r":300},"geometry":{"type":"LineString","coordinates":[[8.69608000841984,47.747990010227454],[8.695980008419752,47.74797001022749]]}},{"type":"Feature","properties":{"g":"Thayngen","r":300},"geometry":{"type":"LineString","coordinates":[[8.698840008422538,47.74771001022652],[8.698620008422308,47.74776001022664]]}},{"type":"Feature","properties":{"g":"Thayngen","r":300},"geometry":{"type":"LineString","coordinates":[[8.698620008422308,47.74776001022664],[8.698430008422118,47.7478000102267]]}},{"type":"Feature","properties":{"g":"Thayngen","r":300},"geometry":{"type":"LineString","coordinates":[[8.698430008422118,47.7478000102267],[8.69825000842194,47.74784001022678]]}},{"type":"Feature","properties":{"g":"Thayngen","r":300},"geometry":{"type":"LineString","coordinates":[[8.69825000842194,47.74784001022678],[8.69809000842178,47.747870010226855]]}},{"type":"Feature","properties":{"g":"Thayngen","r":300},"geometry":{"type":"LineString","coordinates":[[8.69809000842178,47.747870010226855],[8.697920008421605,47.7479000102269]]}},{"type":"Feature","properties":{"g":"Thayngen","r":300},"geometry":{"type":"LineString","coordinates":[[8.697920008421605,47.7479000102269],[8.697850008421534,47.7479100102269]]}},{"type":"Feature","properties":{"g":"Thayngen","r":300},"geometry":{"type":"LineString","coordinates":[[8.697850008421534,47.7479100102269],[8.697760008421449,47.74792001022696]]}},{"type":"Feature","properties":{"g":"Thayngen","r":300},"geometry":{"type":"LineString","coordinates":[[8.697760008421449,47.74792001022696],[8.697640008421331,47.747940010227]]}},{"type":"Feature","properties":{"g":"Thayngen","r":300},"geometry":{"type":"LineString","coordinates":[[8.700150008423844,47.74749001022608],[8.700010008423705,47.747510010226165]]}},{"type":"Feature","properties":{"g":"Thayngen","r":300},"geometry":{"type":"LineString","coordinates":[[8.700010008423705,47.747510010226165],[8.69985000842355,47.747520010226225]]}},{"type":"Feature","properties":{"g":"Thayngen","r":300},"geometry":{"type":"LineString","coordinates":[[8.69985000842355,47.747520010226225],[8.699640008423346,47.747550010226306]]}},{"type":"Feature","properties":{"g":"Thayngen","r":300},"geometry":{"type":"LineString","coordinates":[[8.699640008423346,47.747550010226306],[8.69947000842318,47.74757001022633]]}},{"type":"Feature","properties":{"g":"Thayngen","r":300},"geometry":{"type":"LineString","coordinates":[[8.69947000842318,47.74757001022633],[8.699280008422988,47.74761001022642]]}},{"type":"Feature","properties":{"g":"Thayngen","r":300},"geometry":{"type":"LineString","coordinates":[[8.699280008422988,47.74761001022642],[8.699180008422887,47.74763001022644]]}},{"type":"Feature","properties":{"g":"Thayngen","r":300},"geometry":{"type":"LineString","coordinates":[[8.699180008422887,47.74763001022644],[8.698840008422538,47.74771001022652]]}},{"type":"Feature","properties":{"g":"Thayngen","r":300},"geometry":{"type":"LineString","coordinates":[[8.700900008424929,47.74637001022556],[8.700860008424828,47.74657001022569]]}},{"type":"Feature","properties":{"g":"Thayngen","r":300},"geometry":{"type":"LineString","coordinates":[[8.700860008424828,47.74657001022569],[8.70074000842453,47.747110010225846]]}},{"type":"Feature","properties":{"g":"Thayngen","r":300},"geometry":{"type":"LineString","coordinates":[[8.70074000842453,47.747110010225846],[8.700710008424448,47.747270010225876]]}},{"type":"Feature","properties":{"g":"Thayngen","r":300},"geometry":{"type":"LineString","coordinates":[[8.700710008424448,47.747270010225876],[8.700680008424406,47.747320010225884]]}},{"type":"Feature","properties":{"g":"Thayngen","r":300},"geometry":{"type":"LineString","coordinates":[[8.700680008424406,47.747320010225884],[8.70065000842436,47.74737001022592]]}},{"type":"Feature","properties":{"g":"Thayngen","r":300},"geometry":{"type":"LineString","coordinates":[[8.70065000842436,47.74737001022592],[8.700600008424294,47.74741001022596]]}},{"type":"Feature","properties":{"g":"Thayngen","r":300},"geometry":{"type":"LineString","coordinates":[[8.700550008424242,47.747430010226],[8.700500008424184,47.747460010225986]]}},{"type":"Feature","properties":{"g":"Thayngen","r":300},"geometry":{"type":"LineString","coordinates":[[8.700440008424124,47.747470010226024],[8.700350008424037,47.747480010226056]]}},{"type":"Feature","properties":{"g":"Thayngen","r":300},"geometry":{"type":"LineString","coordinates":[[8.700350008424037,47.747480010226056],[8.700150008423844,47.74749001022608]]}},{"type":"Feature","properties":{"g":"Thayngen","r":300},"geometry":{"type":"LineString","coordinates":[[8.700990008425135,47.74600001022545],[8.700960008425087,47.746080010225505]]}},{"type":"Feature","properties":{"g":"Thayngen","r":300},"geometry":{"type":"LineString","coordinates":[[8.700960008425087,47.746080010225505],[8.700930008425006,47.746220010225535]]}},{"type":"Feature","properties":{"g":"Thayngen","r":300},"geometry":{"type":"LineString","coordinates":[[8.700930008425006,47.746220010225535],[8.700900008424929,47.74637001022556]]}},{"type":"Feature","properties":{"g":"Thayngen","r":300},"geometry":{"type":"LineString","coordinates":[[8.704970008428974,47.74574001022419],[8.704880008428887,47.74575001022424]]}},{"type":"Feature","properties":{"g":"Thayngen","r":300},"geometry":{"type":"LineString","coordinates":[[8.704880008428887,47.74575001022424],[8.704750008428759,47.74577001022427]]}},{"type":"Feature","properties":{"g":"Thayngen","r":300},"geometry":{"type":"LineString","coordinates":[[8.704750008428759,47.74577001022427],[8.704600008428612,47.74579001022433]]}},{"type":"Feature","properties":{"g":"Thayngen","r":300},"geometry":{"type":"LineString","coordinates":[[8.704600008428612,47.74579001022433],[8.704520008428533,47.74580001022437]]}},{"type":"Feature","properties":{"g":"Thayngen","r":300},"geometry":{"type":"LineString","coordinates":[[8.704520008428533,47.74580001022437],[8.70441000842843,47.7458000102244]]}},{"type":"Feature","properties":{"g":"Thayngen","r":300},"geometry":{"type":"LineString","coordinates":[[8.70441000842843,47.7458000102244],[8.704150008428183,47.74580001022446]]}},{"type":"Feature","properties":{"g":"Thayngen","r":300},"geometry":{"type":"LineString","coordinates":[[8.704150008428183,47.74580001022446],[8.703950008427997,47.74579001022452]]}},{"type":"Feature","properties":{"g":"Thayngen","r":300},"geometry":{"type":"LineString","coordinates":[[8.703950008427997,47.74579001022452],[8.703830008427884,47.74580001022456]]}},{"type":"Feature","properties":{"g":"Thayngen","r":300},"geometry":{"type":"LineString","coordinates":[[8.703830008427884,47.74580001022456],[8.703690008427753,47.745800010224585]]}},{"type":"Feature","properties":{"g":"Thayngen","r":300},"geometry":{"type":"LineString","coordinates":[[8.703690008427753,47.745800010224585],[8.703570008427633,47.74581001022464]]}},{"type":"Feature","properties":{"g":"Thayngen","r":300},"geometry":{"type":"LineString","coordinates":[[8.703570008427633,47.74581001022464],[8.703470008427535,47.74582001022469]]}},{"type":"Feature","properties":{"g":"Thayngen","r":300},"geometry":{"type":"LineString","coordinates":[[8.703470008427535,47.74582001022469],[8.703400008427465,47.74583001022469]]}},{"type":"Feature","properties":{"g":"Thayngen","r":300},"geometry":{"type":"LineString","coordinates":[[8.703400008427465,47.74583001022469],[8.703280008427349,47.74584001022473]]}},{"type":"Feature","properties":{"g":"Thayngen","r":300},"geometry":{"type":"LineString","coordinates":[[8.703280008427349,47.74584001022473],[8.70303000842711,47.74584001022481]]}},{"type":"Feature","properties":{"g":"Thayngen","r":300},"geometry":{"type":"LineString","coordinates":[[8.70303000842711,47.74584001022481],[8.702660008426767,47.745840010224946]]}},{"type":"Feature","properties":{"g":"Thayngen","r":300},"geometry":{"type":"LineString","coordinates":[[8.702660008426767,47.745840010224946],[8.701740008425904,47.74584001022522]]}},{"type":"Feature","properties":{"g":"Thayngen","r":300},"geometry":{"type":"LineString","coordinates":[[8.701740008425904,47.74584001022522],[8.701370008425553,47.7458400102253]]}},{"type":"Feature","properties":{"g":"Thayngen","r":300},"geometry":{"type":"LineString","coordinates":[[8.701370008425553,47.7458400102253],[8.701300008425482,47.74584001022533]]}},{"type":"Feature","properties":{"g":"Thayngen","r":300},"geometry":{"type":"LineString","coordinates":[[8.706460008430307,47.745960010223826],[8.706550008430362,47.74605001022378],[8.706670008430434,47.74617001022381],[8.706800008430497,47.74634001022383],[8.706810008430496,47.74637001022379],[8.70684000843051,47.74642001022383],[8.706940008430555,47.7465600102238],[8.707020008430579,47.746720010223854]]}},{"type":"Feature","properties":{"g":"Thayngen","r":300},"geometry":{"type":"LineString","coordinates":[[8.707020008430579,47.746720010223854],[8.70707000843059,47.746830010223924],[8.707110008430591,47.74693001022386],[8.707120008430593,47.7469800102239],[8.707130008430582,47.74701001022389],[8.707130008430571,47.747050010223894],[8.707120008430543,47.747120010223945],[8.707090008430482,47.747220010223984]]}},{"type":"Feature","properties":{"g":"Thayngen","r":300},"geometry":{"type":"LineString","coordinates":[[8.707090008430482,47.747220010223984],[8.707070008430419,47.74734001022399],[8.70706000843039,47.74739001022401],[8.70704000843036,47.74743001022404],[8.707010008430306,47.747510010224026],[8.706890008430111,47.747750010224166],[8.70675000842987,47.74807001022432],[8.706600008429627,47.748380010224444],[8.706520008429486,47.7485700102245],[8.70648000842942,47.74865001022453],[8.706430008429336,47.74876001022457],[8.70639000842928,47.74884001022461],[8.706320008429177,47.748940010224686],[8.706310008429158,47.74896001022466],[8.70624000842906,47.74906001022468],[8.706160008428954,47.749150010224774],[8.706080008428847,47.74925001022481],[8.705940008428655,47.74942001022488],[8.705750008428407,47.74963001022499],[8.70567000842831,47.74970001022502],[8.705590008428198,47.74980001022507],[8.705490008428063,47.74992001022514]]}},{"type":"Feature","properties":{"g":"Thayngen","r":300},"geometry":{"type":"LineString","coordinates":[[8.677060008393372,47.77341001023979],[8.676950008393257,47.773450010239856]]}},{"type":"Feature","properties":{"g":"Thayngen","r":300},"geometry":{"type":"LineString","coordinates":[[8.676950008393257,47.773450010239856],[8.676860008393154,47.7735000102399]]}},{"type":"Feature","properties":{"g":"Thayngen","r":300},"geometry":{"type":"LineString","coordinates":[[8.676860008393154,47.7735000102399],[8.676630008392904,47.773590010239985]]}},{"type":"Feature","properties":{"g":"Thayngen","r":300},"geometry":{"type":"LineString","coordinates":[[8.676630008392904,47.773590010239985],[8.676460008392725,47.77366001024008]]}},{"type":"Feature","properties":{"g":"Thayngen","r":300},"geometry":{"type":"LineString","coordinates":[[8.676460008392725,47.77366001024008],[8.676300008392552,47.77371001024011]]}},{"type":"Feature","properties":{"g":"Thayngen","r":300},"geometry":{"type":"LineString","coordinates":[[8.676300008392552,47.77371001024011],[8.676140008392386,47.7737500102402]]}},{"type":"Feature","properties":{"g":"Thayngen","r":300},"geometry":{"type":"LineString","coordinates":[[8.676140008392386,47.7737500102402],[8.676000008392244,47.77379001024025]]}},{"type":"Feature","properties":{"g":"Thayngen","r":300},"geometry":{"type":"LineString","coordinates":[[8.676000008392244,47.77379001024025],[8.675600008391829,47.77390001024039]]}},{"type":"Feature","properties":{"g":"Thayngen","r":300},"geometry":{"type":"LineString","coordinates":[[8.675600008391829,47.77390001024039],[8.67536000839158,47.77396001024049]]}},{"type":"Feature","properties":{"g":"Thayngen","r":300},"geometry":{"type":"LineString","coordinates":[[8.67536000839158,47.77396001024049],[8.67464467473867,47.77414697310557]]}},{"type":"Feature","properties":{"g":"Thayngen","r":300},"geometry":{"type":"LineString","coordinates":[[8.705590008430159,47.74395001022354],[8.705460008429998,47.74407001022358],[8.705370008429878,47.74417001022366],[8.705340008429836,47.74422001022367],[8.705300008429779,47.74427001022374],[8.705280008429735,47.74434001022376],[8.705260008429695,47.74442001022379],[8.705250008429664,47.74448001022375],[8.705240008429621,47.74458001022383],[8.705240008429604,47.74464001022384],[8.705260008429589,47.74474001022385],[8.705280008429591,47.74478001022388],[8.70530000842959,47.74484001022386],[8.70536000842962,47.74492001022383],[8.70542000842965,47.74500001022387],[8.705500008429697,47.74508001022385],[8.705570008429744,47.74514001022385],[8.705670008429804,47.745240010223824],[8.705740008429851,47.745300010223886],[8.705870008429933,47.74542001022386],[8.706080008430064,47.745610010223814]]}},{"type":"Feature","properties":{"g":"Thayngen","r":300},"geometry":{"type":"LineString","coordinates":[[8.706080008430064,47.745610010223814],[8.70604000843,47.745690010223896],[8.705990008429934,47.745750010223915],[8.70594000842987,47.745800010223924],[8.705890008429815,47.74582001022397]]}},{"type":"Feature","properties":{"g":"Thayngen","r":300},"geometry":{"type":"LineString","coordinates":[[8.705486444626741,47.74383525848931],[8.705490008430104,47.74384001022355],[8.705590008430159,47.74395001022354]]}},{"type":"Feature","properties":{"g":"Thayngen","r":300},"geometry":{"type":"LineString","coordinates":[[8.680440008397062,47.77192001023841],[8.68039000839698,47.77201001023844],[8.680290008396845,47.77213001023852],[8.680190008396723,47.772220010238556],[8.680100008396616,47.77229001023862],[8.679990008396487,47.77236001023864],[8.679860008396343,47.7724300102387],[8.679690008396157,47.77252001023881],[8.679540008395989,47.772580010238876],[8.679380008395814,47.77265001023892],[8.679190008395613,47.772720010238984],[8.679020008395437,47.77277001023904],[8.678830008395234,47.772830010239126],[8.678650008395055,47.77287001023922],[8.678330008394726,47.7729400102393]]}},{"type":"Feature","properties":{"g":"Thayngen","r":300},"geometry":{"type":"LineString","coordinates":[[8.678330008394726,47.7729400102393],[8.678130008394522,47.772980010239344],[8.678050008394438,47.77301001023941],[8.677850008394232,47.773070010239465],[8.67771000839408,47.77312001023953],[8.67755000839391,47.77318001023961],[8.677420008393769,47.77323001023962],[8.677280008393614,47.77330001023972],[8.67716000839348,47.773350010239724],[8.677060008393372,47.77341001023979]]}},{"type":"Feature","properties":{"g":"Wilchingen","r":100},"geometry":{"type":"LineString","coordinates":[[8.487633032045126,47.66285734889703],[8.487690008249201,47.66287001026577],[8.487800008249303,47.66289001026575],[8.487950008249442,47.66292001026574],[8.488070008249544,47.66295001026572],[8.488240008249699,47.66298001026565],[8.488440008249874,47.663020010265626],[8.488580008250004,47.6630400102656],[8.48867000825009,47.66306001026557],[8.488760008250166,47.66308001026552],[8.488880008250279,47.66309001026551],[8.48896000825035,47.663100010265495],[8.489050008250436,47.663120010265445],[8.489120008250497,47.66313001026545],[8.48922000825059,47.66313001026542],[8.489320008250687,47.66314001026539],[8.489430008250789,47.66315001026535]]}},{"type":"Feature","properties":{"g":"Wilchingen","r":300},"geometry":{"type":"LineString","coordinates":[[8.464480008223884,47.67208001027511],[8.464510008223925,47.67203001027505]]}},{"type":"Feature","properties":{"g":"Wilchingen","r":300},"geometry":{"type":"LineString","coordinates":[[8.464530008223951,47.67201001027508],[8.464570008224019,47.671930010275055]]}},{"type":"Feature","properties":{"g":"Wilchingen","r":300},"geometry":{"type":"LineString","coordinates":[[8.464570008224019,47.671930010275055],[8.464610008224083,47.67183001027496]]}},{"type":"Feature","properties":{"g":"Wilchingen","r":300},"geometry":{"type":"LineString","coordinates":[[8.464610008224083,47.67183001027496],[8.46464000822414,47.671760010274944]]}},{"type":"Feature","properties":{"g":"Wilchingen","r":300},"geometry":{"type":"LineString","coordinates":[[8.46464000822414,47.671760010274944],[8.464660008224184,47.6716900102749]]}},{"type":"Feature","properties":{"g":"Wilchingen","r":300},"geometry":{"type":"LineString","coordinates":[[8.464660008224184,47.6716900102749],[8.464680008224235,47.671590010274905]]}},{"type":"Feature","properties":{"g":"Wilchingen","r":300},"geometry":{"type":"LineString","coordinates":[[8.464680008224235,47.671590010274905],[8.464680008224253,47.67153001027489]]}},{"type":"Feature","properties":{"g":"Wilchingen","r":300},"geometry":{"type":"LineString","coordinates":[[8.464680008224253,47.67153001027489],[8.464690008224292,47.67143001027485]]}},{"type":"Feature","properties":{"g":"Wilchingen","r":300},"geometry":{"type":"LineString","coordinates":[[8.464690008224292,47.67143001027485],[8.464690008224315,47.671370010274806]]}},{"type":"Feature","properties":{"g":"Wilchingen","r":300},"geometry":{"type":"LineString","coordinates":[[8.464690008224315,47.671370010274806],[8.464680008224335,47.67127001027481]]}},{"type":"Feature","properties":{"g":"Wilchingen","r":300},"geometry":{"type":"LineString","coordinates":[[8.464680008224335,47.67127001027481],[8.464670008224353,47.671190010274785]]}},{"type":"Feature","properties":{"g":"Wilchingen","r":300},"geometry":{"type":"LineString","coordinates":[[8.464660008224353,47.671150010274815],[8.464640008224356,47.671080010274785]]}},{"type":"Feature","properties":{"g":"Wilchingen","r":300},"geometry":{"type":"LineString","coordinates":[[8.464640008224356,47.671080010274785],[8.464600008224362,47.67094001027473]]}},{"type":"Feature","properties":{"g":"Wilchingen","r":300},"geometry":{"type":"LineString","coordinates":[[8.464600008224362,47.67094001027473],[8.464580008224381,47.67084001027474]]}},{"type":"Feature","properties":{"g":"Wilchingen","r":300},"geometry":{"type":"LineString","coordinates":[[8.464580008224381,47.67084001027474],[8.46453000822438,47.67069001027469]]}},{"type":"Feature","properties":{"g":"Wilchingen","r":300},"geometry":{"type":"LineString","coordinates":[[8.46453000822438,47.67069001027469],[8.464500008224382,47.67059001027468]]}},{"type":"Feature","properties":{"g":"Wilchingen","r":300},"geometry":{"type":"LineString","coordinates":[[8.464500008224382,47.67059001027468],[8.464470008224389,47.67047001027467]]}},{"type":"Feature","properties":{"g":"Wilchingen","r":300},"geometry":{"type":"LineString","coordinates":[[8.464470008224389,47.67047001027467],[8.464440008224395,47.67037001027462]]}},{"type":"Feature","properties":{"g":"Wilchingen","r":300},"geometry":{"type":"LineString","coordinates":[[8.464440008224395,47.67037001027462],[8.464410008224393,47.67028001027462]]}},{"type":"Feature","properties":{"g":"Wilchingen","r":300},"geometry":{"type":"LineString","coordinates":[[8.464410008224393,47.67028001027462],[8.4643900082244,47.670210010274594]]}},{"type":"Feature","properties":{"g":"Wilchingen","r":300},"geometry":{"type":"LineString","coordinates":[[8.4643900082244,47.670210010274594],[8.464360008224398,47.670110010274584]]}},{"type":"Feature","properties":{"g":"Wilchingen","r":300},"geometry":{"type":"LineString","coordinates":[[8.464360008224398,47.670110010274584],[8.464310008224404,47.669950010274555]]}},{"type":"Feature","properties":{"g":"Wilchingen","r":300},"geometry":{"type":"LineString","coordinates":[[8.464310008224404,47.669950010274555],[8.464280008224419,47.669810010274524]]}},{"type":"Feature","properties":{"g":"Wilchingen","r":300},"geometry":{"type":"LineString","coordinates":[[8.464280008224419,47.669810010274524],[8.46422000822442,47.6696200102745]]}},{"type":"Feature","properties":{"g":"Wilchingen","r":300},"geometry":{"type":"LineString","coordinates":[[8.46422000822442,47.6696200102745],[8.464180008224423,47.66950001027446]]}},{"type":"Feature","properties":{"g":"Wilchingen","r":300},"geometry":{"type":"LineString","coordinates":[[8.464180008224423,47.66950001027446],[8.464130008224426,47.6693400102744]]}},{"type":"Feature","properties":{"g":"Wilchingen","r":300},"geometry":{"type":"LineString","coordinates":[[8.464130008224426,47.6693400102744],[8.464090008224428,47.669200010274395]]}},{"type":"Feature","properties":{"g":"Wilchingen","r":300},"geometry":{"type":"LineString","coordinates":[[8.464090008224428,47.669200010274395],[8.464060008224433,47.669100010274384]]}},{"type":"Feature","properties":{"g":"Wilchingen","r":300},"geometry":{"type":"LineString","coordinates":[[8.464060008224433,47.669100010274384],[8.464030008224437,47.6689900102743]]}},{"type":"Feature","properties":{"g":"Wilchingen","r":300},"geometry":{"type":"LineString","coordinates":[[8.464030008224437,47.6689900102743],[8.463990008224435,47.66888001027436]]}},{"type":"Feature","properties":{"g":"Wilchingen","r":300},"geometry":{"type":"LineString","coordinates":[[8.463990008224435,47.66888001027436],[8.463970008224448,47.66879001027431]]}},{"type":"Feature","properties":{"g":"Wilchingen","r":300},"geometry":{"type":"LineString","coordinates":[[8.463970008224448,47.66879001027431],[8.463880008224457,47.66849001027427]]}},{"type":"Feature","properties":{"g":"Wilchingen","r":300},"geometry":{"type":"LineString","coordinates":[[8.463880008224457,47.66849001027427],[8.463800008224478,47.668180010274206]]}},{"type":"Feature","properties":{"g":"Wilchingen","r":300},"geometry":{"type":"LineString","coordinates":[[8.463800008224478,47.668180010274206],[8.463750008224494,47.66799001027416]]}},{"type":"Feature","properties":{"g":"Wilchingen","r":300},"geometry":{"type":"LineString","coordinates":[[8.463750008224494,47.66799001027416],[8.463720008224488,47.66791001027413]]}},{"type":"Feature","properties":{"g":"Wilchingen","r":300},"geometry":{"type":"LineString","coordinates":[[8.463720008224488,47.66791001027413],[8.463710008224496,47.66786001027415]]}},{"type":"Feature","properties":{"g":"Wilchingen","r":300},"geometry":{"type":"LineString","coordinates":[[8.463710008224496,47.66786001027415],[8.463710008224508,47.667810010274096]]}},{"type":"Feature","properties":{"g":"Wilchingen","r":300},"geometry":{"type":"LineString","coordinates":[[8.463790008224617,47.667720010274095],[8.463860008224689,47.66770001027406]]}},{"type":"Feature","properties":{"g":"Wilchingen","r":300},"geometry":{"type":"LineString","coordinates":[[8.463860008224689,47.66770001027406],[8.463940008224764,47.667690010274036]]}},{"type":"Feature","properties":{"g":"Wilchingen","r":300},"geometry":{"type":"LineString","coordinates":[[8.463940008224764,47.667690010274036],[8.464060008224887,47.66768001027397]]}},{"type":"Feature","properties":{"g":"Wilchingen","r":300},"geometry":{"type":"LineString","coordinates":[[8.464060008224887,47.66768001027397],[8.46505000822587,47.66761001027369]]}},{"type":"Feature","properties":{"g":"Wilchingen","r":300},"geometry":{"type":"LineString","coordinates":[[8.46505000822587,47.66761001027369],[8.465970008226767,47.66757001027341]]}},{"type":"Feature","properties":{"g":"Wilchingen","r":300},"geometry":{"type":"LineString","coordinates":[[8.465970008226767,47.66757001027341],[8.46673000822751,47.667540010273186]]}},{"type":"Feature","properties":{"g":"Wilchingen","r":300},"geometry":{"type":"LineString","coordinates":[[8.46673000822751,47.667540010273186],[8.467010008227781,47.66754001027311]]}},{"type":"Feature","properties":{"g":"Wilchingen","r":300},"geometry":{"type":"LineString","coordinates":[[8.467010008227781,47.66754001027311],[8.467220008227981,47.667540010273015]]}},{"type":"Feature","properties":{"g":"Wilchingen","r":300},"geometry":{"type":"LineString","coordinates":[[8.467220008227981,47.667540010273015],[8.467880008228603,47.66757001027285]]}},{"type":"Feature","properties":{"g":"Wilchingen","r":300},"geometry":{"type":"LineString","coordinates":[[8.467880008228603,47.66757001027285],[8.467970008228692,47.66757001027283]]}},{"type":"Feature","properties":{"g":"Wilchingen","r":300},"geometry":{"type":"LineString","coordinates":[[8.467970008228692,47.66757001027283],[8.468060008228775,47.667570010272804]]}},{"type":"Feature","properties":{"g":"Wilchingen","r":300},"geometry":{"type":"LineString","coordinates":[[8.468060008228775,47.667570010272804],[8.468180008228895,47.66757001027276]]}},{"type":"Feature","properties":{"g":"Wilchingen","r":300},"geometry":{"type":"LineString","coordinates":[[8.468180008228895,47.66757001027276],[8.468390008229102,47.667550010272656]]}},{"type":"Feature","properties":{"g":"Wilchingen","r":300},"geometry":{"type":"LineString","coordinates":[[8.468390008229102,47.667550010272656],[8.46866000822938,47.66752001027267]]}},{"type":"Feature","properties":{"g":"Wilchingen","r":300},"geometry":{"type":"LineString","coordinates":[[8.46866000822938,47.66752001027267],[8.469110008229828,47.6674700102725]]}},{"type":"Feature","properties":{"g":"Wilchingen","r":300},"geometry":{"type":"LineString","coordinates":[[8.469110008229828,47.6674700102725],[8.469390008230103,47.66743001027235]]}},{"type":"Feature","properties":{"g":"Wilchingen","r":300},"geometry":{"type":"LineString","coordinates":[[8.469390008230103,47.66743001027235],[8.469520008230235,47.66742001027235]]}},{"type":"Feature","properties":{"g":"Wilchingen","r":300},"geometry":{"type":"LineString","coordinates":[[8.469520008230235,47.66742001027235],[8.469610008230331,47.66741001027232]]}},{"type":"Feature","properties":{"g":"Wilchingen","r":300},"geometry":{"type":"LineString","coordinates":[[8.469760008230521,47.6672600102722],[8.469750008230525,47.6672100102722]]}},{"type":"Feature","properties":{"g":"Wilchingen","r":300},"geometry":{"type":"LineString","coordinates":[[8.469750008230525,47.6672100102722],[8.469720008230517,47.66716001027222]]}},{"type":"Feature","properties":{"g":"Wilchingen","r":300},"geometry":{"type":"LineString","coordinates":[[8.469720008230517,47.66716001027222],[8.469670008230496,47.6670700102722]]}},{"type":"Feature","properties":{"g":"Wilchingen","r":300},"geometry":{"type":"LineString","coordinates":[[8.469670008230496,47.6670700102722],[8.469620008230464,47.66701001027218]]}},{"type":"Feature","properties":{"g":"Wilchingen","r":300},"geometry":{"type":"LineString","coordinates":[[8.469620008230464,47.66701001027218],[8.469540008230421,47.66690001027218]]}},{"type":"Feature","properties":{"g":"Wilchingen","r":300},"geometry":{"type":"LineString","coordinates":[[8.469540008230421,47.66690001027218],[8.469450008230375,47.66679001027216]]}},{"type":"Feature","properties":{"g":"Wilchingen","r":300},"geometry":{"type":"LineString","coordinates":[[8.469450008230375,47.66679001027216],[8.469380008230333,47.66670001027215]]}},{"type":"Feature","properties":{"g":"Wilchingen","r":300},"geometry":{"type":"LineString","coordinates":[[8.469380008230333,47.66670001027215],[8.469270008230268,47.6665800102722]]}},{"type":"Feature","properties":{"g":"Wilchingen","r":300},"geometry":{"type":"LineString","coordinates":[[8.469270008230268,47.6665800102722],[8.469190008230212,47.66649001027218]]}},{"type":"Feature","properties":{"g":"Wilchingen","r":300},"geometry":{"type":"LineString","coordinates":[[8.469190008230212,47.66649001027218],[8.469130008230175,47.666420010272155]]}},{"type":"Feature","properties":{"g":"Wilchingen","r":300},"geometry":{"type":"LineString","coordinates":[[8.469130008230175,47.666420010272155],[8.469050008230138,47.66633001027217]]}},{"type":"Feature","properties":{"g":"Wilchingen","r":300},"geometry":{"type":"LineString","coordinates":[[8.469020008230114,47.66630001027218],[8.468960008230075,47.66623001027214]]}},{"type":"Feature","properties":{"g":"Wilchingen","r":300},"geometry":{"type":"LineString","coordinates":[[8.468960008230075,47.66623001027214],[8.468880008230027,47.666140010272144]]}},{"type":"Feature","properties":{"g":"Wilchingen","r":300},"geometry":{"type":"LineString","coordinates":[[8.468880008230027,47.666140010272144],[8.468840008230003,47.666100010272125]]}},{"type":"Feature","properties":{"g":"Wilchingen","r":300},"geometry":{"type":"LineString","coordinates":[[8.468820008229992,47.666070010272136],[8.46878000822997,47.66603001027217]]}},{"type":"Feature","properties":{"g":"Wilchingen","r":300},"geometry":{"type":"LineString","coordinates":[[8.46878000822997,47.66603001027217],[8.46875000822996,47.66598001027215]]}},{"type":"Feature","properties":{"g":"Wilchingen","r":300},"geometry":{"type":"LineString","coordinates":[[8.468720008229946,47.665920010272124],[8.468710008229953,47.66587001027212]]}},{"type":"Feature","properties":{"g":"Wilchingen","r":300},"geometry":{"type":"LineString","coordinates":[[8.48511925946864,47.6622630940162],[8.485140008246942,47.66227001026636],[8.485270008247063,47.66229001026632],[8.485350008247128,47.66232001026634],[8.485430008247192,47.6623400102663],[8.485470008247233,47.66234001026631],[8.485540008247295,47.66236001026629],[8.485630008247377,47.66238001026623],[8.485720008247455,47.66240001026621],[8.485860008247585,47.662430010266185],[8.485990008247697,47.66247001026617],[8.486120008247811,47.66250001026612],[8.486240008247915,47.66253001026613],[8.486390008248051,47.66256001026609],[8.48653000824817,47.66260001026604],[8.486680008248305,47.66264001026603],[8.486810008248415,47.662670010265956],[8.486960008248554,47.662700010265944],[8.48708000824866,47.66273001026592],[8.487210008248772,47.66277001026588],[8.487270008248828,47.66278001026587],[8.48738000824893,47.66280001026588],[8.487500008249038,47.66283001026578],[8.487600008249123,47.662850010265835],[8.487690008249201,47.66287001026577],[8.487800008249303,47.66289001026575],[8.487950008249442,47.66292001026574],[8.488070008249544,47.66295001026572],[8.488240008249699,47.66298001026565],[8.488440008249874,47.663020010265626],[8.488580008250004,47.6630400102656],[8.48867000825009,47.66306001026557],[8.488760008250166,47.66308001026552],[8.488880008250279,47.66309001026551],[8.48896000825035,47.663100010265495],[8.489050008250436,47.663120010265445],[8.489120008250497,47.66313001026545],[8.48922000825059,47.66313001026542],[8.489320008250687,47.66314001026539],[8.489430008250789,47.66315001026535]]}}]}