{"type": "FeatureCollection", "name": "kandidaten_kurze_abschnitte", "crs": {"type": "name", "properties": {"name": "urn:ogc:def:crs:EPSG::2056"}}, "features": [{"type": "Feature", "properties": {"gemeinde": "Schaffhausen", "radius_m": 100, "typ": "kandidat_<= 100m"}, "geometry": {"type": "LineString", "coordinates": [[2689994.67, 1284803.33], [2690005.53, 1284824.58]]}}, {"type": "Feature", "properties": {"gemeinde": "Schaffhausen", "radius_m": 100, "typ": "kandidat_<= 100m"}, "geometry": {"type": "LineString", "coordinates": [[2689946.38, 1284694.57], [2689959.53, 1284728.9], [2689971.79, 1284758.2], [2689981.93, 1284779.14], [2689994.67, 1284803.33]]}}, {"type": "Feature", "properties": {"gemeinde": "Schaffhausen", "radius_m": 100, "typ": "kandidat_<= 100m"}, "geometry": {"type": "LineString", "coordinates": [[2689813.52, 1284262.17], [2689817.27, 1284271.82], [2689830.5, 1284304.46], [2689838.46, 1284323.46], [2689842.76, 1284333.85], [2689845.36, 1284341.49], [2689848.93, 1284353.67]]}}, {"type": "Feature", "properties": {"gemeinde": "Schaffhausen", "radius_m": 100, "typ": "kandidat_<= 100m"}, "geometry": {"type": "LineString", "coordinates": [[2689850.47, 1284358.62], [2689852.5, 1284364.39], [2689856.47, 1284378.85], [2689860.85, 1284395.49], [2689863.29, 1284404.33]]}}, {"type": "Feature", "properties": {"gemeinde": "Schaffhausen", "radius_m": 100, "typ": "kandidat_<= 100m"}, "geometry": {"type": "LineString", "coordinates": [[2689863.29, 1284404.33], [2689872.38, 1284438.57], [2689874.78, 1284447.6]]}}, {"type": "Feature", "properties": {"gemeinde": "Schaffhausen", "radius_m": 100, "typ": "kandidat_<= 100m"}, "geometry": {"type": "LineString", "coordinates": [[2690006.41, 1286672.61], [2690005.21, 1286673.47]]}}, {"type": "Feature", "properties": {"gemeinde": "Schaffhausen", "radius_m": 100, "typ": "kandidat_<= 100m"}, "geometry": {"type": "LineString", "coordinates": [[2690062.98, 1283347.05], [2690055.84, 1283357.37], [2690052.13, 1283365.07]]}}, {"type": "Feature", "properties": {"gemeinde": "Schaffhausen", "radius_m": 100, "typ": "kandidat_<= 100m"}, "geometry": {"type": "LineString", "coordinates": [[2690052.13, 1283365.07], [2690050.2, 1283373.46], [2690050.2, 1283383.64], [2690052.26, 1283391.07], [2690052.54, 1283404.54], [2690052.68, 1283429.3], [2690052.47, 1283433.96]]}}, {"type": "Feature", "properties": {"gemeinde": "Schaffhausen", "radius_m": 100, "typ": "kandidat_<= 100m"}, "geometry": {"type": "LineString", "coordinates": [[2690157.71, 1286574.1], [2690146.64, 1286580.19], [2690107.85, 1286602.6], [2690092.64, 1286612.23], [2690079.41, 1286620.96], [2690056.37, 1286635.99], [2690031.89, 1286654.0], [2690006.41, 1286672.61]]}}, {"type": "Feature", "properties": {"gemeinde": "Schaffhausen", "radius_m": 100, "typ": "kandidat_<= 100m"}, "geometry": {"type": "LineString", "coordinates": [[2690204.89, 1284582.8], [2690213.31, 1284580.52], [2690221.46, 1284581.22], [2690231.45, 1284583.23], [2690250.38, 1284591.29], [2690270.54, 1284599.96], [2690273.06, 1284601.4]]}}, {"type": "Feature", "properties": {"gemeinde": "Schaffhausen", "radius_m": 100, "typ": "kandidat_<= 100m"}, "geometry": {"type": "LineString", "coordinates": [[2690896.38, 1285923.52], [2690896.39, 1285923.55], [2690898.42, 1285929.05], [2690903.81, 1285943.61]]}}, {"type": "Feature", "properties": {"gemeinde": "Schaffhausen", "radius_m": 100, "typ": "kandidat_<= 100m"}, "geometry": {"type": "LineString", "coordinates": [[2690892.49, 1285893.92], [2690890.32, 1285898.34], [2690890.49, 1285904.2], [2690892.19, 1285912.5], [2690896.38, 1285923.52]]}}, {"type": "Feature", "properties": {"gemeinde": "Schaffhausen", "radius_m": 100, "typ": "kandidat_<= 100m"}, "geometry": {"type": "LineString", "coordinates": [[2689865.6, 1283960.2], [2689864.14, 1283964.15], [2689861.81, 1283969.05], [2689859.23, 1283973.19], [2689857.54, 1283975.91], [2689855.6, 1283978.11], [2689852.5, 1283980.83], [2689846.42, 1283985.36], [2689839.96, 1283990.02], [2689834.27, 1283994.29], [2689831.42, 1283996.1], [2689828.77, 1283997.31]]}}, {"type": "Feature", "properties": {"gemeinde": "Schaffhausen", "radius_m": 100, "typ": "kandidat_<= 100m"}, "geometry": {"type": "LineString", "coordinates": [[2690892.49, 1285893.92], [2690894.43, 1285892.45], [2690897.03, 1285891.32], [2690901.71, 1285890.62], [2690912.15, 1285890.32], [2690920.88, 1285889.18], [2690929.57, 1285887.97], [2690945.27, 1285883.63], [2690958.35, 1285878.88], [2690984.08, 1285868.42], [2690996.9, 1285863.27], [2691007.85, 1285859.99], [2691017.67, 1285857.84], [2691029.22, 1285856.98], [2691038.1, 1285857.46], [2691040.77, 1285857.9]]}}, {"type": "Feature", "properties": {"gemeinde": "Schaffhausen", "radius_m": 100, "typ": "kandidat_<= 100m"}, "geometry": {"type": "LineString", "coordinates": [[2690443.24, 1284740.27], [2690459.19, 1284752.71], [2690472.1, 1284763.66]]}}, {"type": "Feature", "properties": {"gemeinde": "Schaffhausen", "radius_m": 100, "typ": "kandidat_<= 100m"}, "geometry": {"type": "LineString", "coordinates": [[2690505.87, 1284788.48], [2690515.03, 1284794.66], [2690526.73, 1284802.83], [2690533.68, 1284807.8]]}}, {"type": "Feature", "properties": {"gemeinde": "Schaffhausen", "radius_m": 100, "typ": "kandidat_<= 100m"}, "geometry": {"type": "LineString", "coordinates": [[2690533.68, 1284807.8], [2690547.04, 1284814.87], [2690589.1, 1284836.85], [2690623.33, 1284855.68]]}}, {"type": "Feature", "properties": {"gemeinde": "Schaffhausen", "radius_m": 100, "typ": "kandidat_<= 100m"}, "geometry": {"type": "LineString", "coordinates": [[2690472.1, 1284763.66], [2690483.69, 1284771.59], [2690496.93, 1284781.2], [2690505.87, 1284788.48]]}}, {"type": "Feature", "properties": {"gemeinde": "Schaffhausen", "radius_m": 100, "typ": "kandidat_<= 100m"}, "geometry": {"type": "LineString", "coordinates": [[2691927.48, 1286824.9], [2691927.63, 1286833.03], [2691928.17, 1286875.86], [2691928.57, 1286893.08]]}}, {"type": "Feature", "properties": {"gemeinde": "Schaffhausen", "radius_m": 100, "typ": "kandidat_<= 100m"}, "geometry": {"type": "LineString", "coordinates": [[2689489.09, 1286629.16], [2689479.55, 1286624.28], [2689465.88, 1286617.55], [2689442.57, 1286609.22], [2689429.2, 1286604.19]]}}, {"type": "Feature", "properties": {"gemeinde": "Schaffhausen", "radius_m": 100, "typ": "kandidat_<= 100m"}, "geometry": {"type": "LineString", "coordinates": [[2689859.67, 1283930.79], [2689850.95, 1283929.78], [2689834.79, 1283930.19], [2689814.28, 1283934.26], [2689812.77, 1283934.41]]}}, {"type": "Feature", "properties": {"gemeinde": "Schaffhausen", "radius_m": 100, "typ": "kandidat_<= 100m"}, "geometry": {"type": "LineString", "coordinates": [[2689875.51, 1283866.47], [2689872.12, 1283877.77], [2689865.58, 1283898.97], [2689862.39, 1283911.19], [2689860.5, 1283921.43], [2689859.67, 1283930.79]]}}, {"type": "Feature", "properties": {"gemeinde": "Schaffhausen", "radius_m": 100, "typ": "kandidat_<= 100m"}, "geometry": {"type": "LineString", "coordinates": [[2689865.6, 1283960.2], [2689868.65, 1283966.47], [2689873.31, 1283973.21], [2689879.91, 1283980.45], [2689883.44, 1283985.26], [2689887.77, 1283991.04], [2689890.83, 1283994.73]]}}, {"type": "Feature", "properties": {"gemeinde": "Schaffhausen", "radius_m": 100, "typ": "kandidat_<= 100m"}, "geometry": {"type": "LineString", "coordinates": [[2689859.67, 1283930.79], [2689860.05, 1283937.07], [2689861.1, 1283945.26], [2689864.15, 1283955.38], [2689865.6, 1283960.2]]}}, {"type": "Feature", "properties": {"gemeinde": "Schaffhausen", "radius_m": 100, "typ": "kandidat_<= 100m"}, "geometry": {"type": "LineString", "coordinates": [[2690015.41, 1283619.58], [2690010.18, 1283647.64]]}}, {"type": "Feature", "properties": {"gemeinde": "Schaffhausen", "radius_m": 100, "typ": "kandidat_<= 100m"}, "geometry": {"type": "LineString", "coordinates": [[2690465.34, 1283477.32], [2690466.1, 1283476.21], [2690466.72, 1283474.25], [2690467.91, 1283470.4], [2690469.66, 1283465.41], [2690473.57, 1283454.09], [2690476.05, 1283448.22], [2690479.12, 1283443.54], [2690482.87, 1283439.37], [2690486.19, 1283436.31], [2690490.71, 1283433.08], [2690496.93, 1283429.93], [2690505.86, 1283426.44], [2690525.34, 1283418.68], [2690548.08, 1283409.5], [2690575.15, 1283399.05], [2690585.54, 1283394.45], [2690602.47, 1283387.11]]}}, {"type": "Feature", "properties": {"gemeinde": "Schaffhausen", "radius_m": 100, "typ": "kandidat_<= 100m"}, "geometry": {"type": "LineString", "coordinates": [[2690602.47, 1283387.11], [2690615.45, 1283381.67]]}}, {"type": "Feature", "properties": {"gemeinde": "Schaffhausen", "radius_m": 100, "typ": "kandidat_<= 100m"}, "geometry": {"type": "LineString", "coordinates": [[2690442.79, 1283481.81], [2690445.68, 1283481.58], [2690454.37, 1283480.97], [2690458.79, 1283480.46], [2690462.11, 1283479.19], [2690464.15, 1283478.34], [2690465.34, 1283477.32]]}}, {"type": "Feature", "properties": {"gemeinde": "Schaffhausen", "radius_m": 100, "typ": "kandidat_<= 100m"}, "geometry": {"type": "LineString", "coordinates": [[2691899.25, 1286505.91], [2691903.84, 1286510.97], [2691916.0, 1286526.46], [2691922.9, 1286537.14], [2691929.48, 1286547.91], [2691934.59, 1286557.66], [2691938.7, 1286566.18], [2691941.95, 1286573.69], [2691945.67, 1286582.59]]}}, {"type": "Feature", "properties": {"gemeinde": "Schaffhausen", "radius_m": 100, "typ": "kandidat_<= 100m"}, "geometry": {"type": "LineString", "coordinates": [[2689928.62, 1284643.88], [2689931.51, 1284652.36]]}}, {"type": "Feature", "properties": {"gemeinde": "Schaffhausen", "radius_m": 100, "typ": "kandidat_<= 100m"}, "geometry": {"type": "LineString", "coordinates": [[2689931.51, 1284652.36], [2689937.2, 1284669.33], [2689946.38, 1284694.57]]}}, {"type": "Feature", "properties": {"gemeinde": "Schaffhausen", "radius_m": 100, "typ": "kandidat_<= 100m"}, "geometry": {"type": "LineString", "coordinates": [[2689489.09, 1286629.16], [2689490.07, 1286629.66], [2689499.07, 1286634.35], [2689506.36, 1286638.22], [2689514.27, 1286642.35], [2689525.7, 1286649.0], [2689533.8, 1286654.05], [2689542.44, 1286660.08], [2689547.61, 1286663.85], [2689547.62, 1286663.85]]}}, {"type": "Feature", "properties": {"gemeinde": "Schaffhausen", "radius_m": 100, "typ": "kandidat_<= 100m"}, "geometry": {"type": "LineString", "coordinates": [[2690189.7, 1284611.76], [2690189.73, 1284610.84], [2690191.84, 1284599.27], [2690195.69, 1284592.35], [2690198.93, 1284588.23], [2690204.89, 1284582.8]]}}, {"type": "Feature", "properties": {"gemeinde": "Schaffhausen", "radius_m": 100, "typ": "kandidat_<= 100m"}, "geometry": {"type": "LineString", "coordinates": [[2689560.09, 1286674.36], [2689556.48, 1286670.8], [2689548.38, 1286664.41], [2689547.62, 1286663.85]]}}, {"type": "Feature", "properties": {"gemeinde": "Schaffhausen", "radius_m": 100, "typ": "kandidat_<= 100m"}, "geometry": {"type": "LineString", "coordinates": [[2690113.16, 1283374.08], [2690062.98, 1283347.05]]}}, {"type": "Feature", "properties": {"gemeinde": "Schaffhausen", "radius_m": 100, "typ": "kandidat_<= 100m"}, "geometry": {"type": "LineString", "coordinates": [[2689531.34, 1283239.26], [2689515.92, 1283242.09], [2689504.99, 1283243.24], [2689482.23, 1283245.16], [2689471.04, 1283245.05], [2689460.81, 1283244.62], [2689451.18, 1283244.14], [2689439.39, 1283243.54]]}}, {"type": "Feature", "properties": {"gemeinde": "Schaffhausen", "radius_m": 100, "typ": "kandidat_<= 100m"}, "geometry": {"type": "LineString", "coordinates": [[2689117.83, 1283158.55], [2689096.34, 1283153.62]]}}, {"type": "Feature", "properties": {"gemeinde": "Schaffhausen", "radius_m": 100, "typ": "kandidat_<= 100m"}, "geometry": {"type": "LineString", "coordinates": [[2689579.02, 1283229.75], [2689569.63, 1283232.32], [2689565.78, 1283233.22]]}}, {"type": "Feature", "properties": {"gemeinde": "Schaffhausen", "radius_m": 100, "typ": "kandidat_<= 100m"}, "geometry": {"type": "LineString", "coordinates": [[2689565.78, 1283233.22], [2689556.78, 1283234.76], [2689549.33, 1283236.18], [2689531.34, 1283239.26]]}}, {"type": "Feature", "properties": {"gemeinde": "Schaffhausen", "radius_m": 100, "typ": "kandidat_<= 100m"}, "geometry": {"type": "LineString", "coordinates": [[2689828.2, 1283232.83], [2689822.55, 1283231.8], [2689812.78, 1283230.39], [2689800.44, 1283229.1], [2689783.87, 1283228.2], [2689746.47, 1283226.41], [2689683.75, 1283222.81], [2689666.02, 1283221.65], [2689651.5, 1283221.14], [2689636.72, 1283221.52], [2689627.67, 1283222.22]]}}, {"type": "Feature", "properties": {"gemeinde": "Schaffhausen", "radius_m": 100, "typ": "kandidat_<= 100m"}, "geometry": {"type": "LineString", "coordinates": [[2689605.71, 1283224.82], [2689595.59, 1283226.41], [2689586.08, 1283227.95], [2689579.02, 1283229.75]]}}, {"type": "Feature", "properties": {"gemeinde": "Schaffhausen", "radius_m": 100, "typ": "kandidat_<= 100m"}, "geometry": {"type": "LineString", "coordinates": [[2689096.34, 1283153.62], [2689041.3, 1283141.83]]}}, {"type": "Feature", "properties": {"gemeinde": "Schaffhausen", "radius_m": 100, "typ": "kandidat_<= 100m"}, "geometry": {"type": "LineString", "coordinates": [[2691945.67, 1286582.59], [2691947.38, 1286588.01], [2691950.47, 1286600.62], [2691952.4, 1286611.23], [2691954.03, 1286623.23], [2691955.19, 1286637.08], [2691954.96, 1286654.66], [2691954.27, 1286669.14], [2691952.11, 1286682.31]]}}, {"type": "Feature", "properties": {"gemeinde": "Schaffhausen", "radius_m": 100, "typ": "kandidat_<= 100m"}, "geometry": {"type": "LineString", "coordinates": [[2691952.11, 1286682.31], [2691950.09, 1286692.6], [2691948.62, 1286698.73]]}}, {"type": "Feature", "properties": {"gemeinde": "Schaffhausen", "radius_m": 100, "typ": "kandidat_<= 100m"}, "geometry": {"type": "LineString", "coordinates": [[2691935.43, 1286748.57], [2691932.91, 1286757.94]]}}, {"type": "Feature", "properties": {"gemeinde": "Schaffhausen", "radius_m": 100, "typ": "kandidat_<= 100m"}, "geometry": {"type": "LineString", "coordinates": [[2691932.91, 1286757.94], [2691930.82, 1286767.77], [2691928.96, 1286779.38], [2691927.77, 1286790.28], [2691927.07, 1286804.62], [2691927.48, 1286824.9]]}}, {"type": "Feature", "properties": {"gemeinde": "Schaffhausen", "radius_m": 100, "typ": "kandidat_<= 100m"}, "geometry": {"type": "LineString", "coordinates": [[2689848.93, 1284353.67], [2689850.47, 1284358.62]]}}, {"type": "Feature", "properties": {"gemeinde": "Schaffhausen", "radius_m": 100, "typ": "kandidat_<= 100m"}, "geometry": {"type": "LineString", "coordinates": [[2690062.98, 1283347.05], [2690023.42, 1283321.94], [2690000.11, 1283307.78]]}}, {"type": "Feature", "properties": {"gemeinde": "Schaffhausen", "radius_m": 100, "typ": "kandidat_<= 100m"}, "geometry": {"type": "LineString", "coordinates": [[2690000.11, 1283307.78], [2689983.3, 1283298.05], [2689968.09, 1283290.54], [2689941.83, 1283276.61]]}}, {"type": "Feature", "properties": {"gemeinde": "Schaffhausen", "radius_m": 100, "typ": "kandidat_<= 100m"}, "geometry": {"type": "LineString", "coordinates": [[2689853.62, 1283239.22], [2689842.59, 1283235.86], [2689828.2, 1283232.83]]}}, {"type": "Feature", "properties": {"gemeinde": "Schaffhausen", "radius_m": 100, "typ": "kandidat_<= 100m"}, "geometry": {"type": "LineString", "coordinates": [[2689016.8, 1283136.87], [2689016.8, 1283136.87]]}}, {"type": "Feature", "properties": {"gemeinde": "Schaffhausen", "radius_m": 100, "typ": "kandidat_<= 100m"}, "geometry": {"type": "LineString", "coordinates": [[2689041.3, 1283141.83], [2689016.8, 1283136.87]]}}, {"type": "Feature", "properties": {"gemeinde": "Schaffhausen", "radius_m": 100, "typ": "kandidat_<= 100m"}, "geometry": {"type": "LineString", "coordinates": [[2689890.83, 1283994.73], [2689895.49, 1284002.61], [2689900.48, 1284012.74], [2689904.34, 1284024.48], [2689908.17, 1284042.31]]}}, {"type": "Feature", "properties": {"gemeinde": "Schaffhausen", "radius_m": 100, "typ": "kandidat_<= 100m"}, "geometry": {"type": "LineString", "coordinates": [[2690026.11, 1283561.0], [2690026.0, 1283561.54]]}}, {"type": "Feature", "properties": {"gemeinde": "Schaffhausen", "radius_m": 100, "typ": "kandidat_<= 100m"}, "geometry": {"type": "LineString", "coordinates": [[2690026.0, 1283561.54], [2690018.91, 1283600.6]]}}, {"type": "Feature", "properties": {"gemeinde": "Schaffhausen", "radius_m": 100, "typ": "kandidat_<= 100m"}, "geometry": {"type": "LineString", "coordinates": [[2690018.91, 1283600.6], [2690015.41, 1283619.58]]}}, {"type": "Feature", "properties": {"gemeinde": "Schaffhausen", "radius_m": 100, "typ": "kandidat_<= 100m"}, "geometry": {"type": "LineString", "coordinates": [[2690010.18, 1283647.64], [2690005.16, 1283672.67], [2690004.47, 1283676.52]]}}, {"type": "Feature", "properties": {"gemeinde": "Schaffhausen", "radius_m": 100, "typ": "kandidat_<= 100m"}, "geometry": {"type": "LineString", "coordinates": [[2690004.47, 1283676.52], [2690000.0, 1283695.15], [2689995.81, 1283707.95], [2689991.06, 1283718.47], [2689989.55, 1283721.89]]}}, {"type": "Feature", "properties": {"gemeinde": "Schaffhausen", "radius_m": 100, "typ": "kandidat_<= 100m"}, "geometry": {"type": "LineString", "coordinates": [[2689907.94, 1283807.3], [2689905.35, 1283808.61], [2689901.11, 1283811.55], [2689897.75, 1283814.6]]}}, {"type": "Feature", "properties": {"gemeinde": "Schaffhausen", "radius_m": 100, "typ": "kandidat_<= 100m"}, "geometry": {"type": "LineString", "coordinates": [[2689897.75, 1283814.6], [2689891.91, 1283823.77], [2689885.17, 1283837.76], [2689879.92, 1283851.99], [2689875.51, 1283866.47]]}}, {"type": "Feature", "properties": {"gemeinde": "Schaffhausen", "radius_m": 300, "typ": "kandidat_<= 300m"}, "geometry": {"type": "LineString", "coordinates": [[2689711.72, 1283965.06], [2689727.97, 1283982.55], [2689754.41, 1284005.24], [2689757.34, 1284007.83], [2689760.91, 1284012.3], [2689765.38, 1284018.96], [2689769.19, 1284026.42], [2689773.82, 1284036.16], [2689778.13, 1284048.24], [2689781.05, 1284059.84], [2689783.33, 1284075.83], [2689785.52, 1284092.87], [2689789.67, 1284140.02], [2689792.04, 1284167.53]]}}, {"type": "Feature", "properties": {"gemeinde": "Schaffhausen", "radius_m": 300, "typ": "kandidat_<= 300m"}, "geometry": {"type": "LineString", "coordinates": [[2690336.37, 1285709.8], [2690336.04, 1285726.76], [2690335.63, 1285737.64], [2690334.58, 1285753.55], [2690333.77, 1285766.22], [2690333.32, 1285770.15]]}}, {"type": "Feature", "properties": {"gemeinde": "Schaffhausen", "radius_m": 300, "typ": "kandidat_<= 300m"}, "geometry": {"type": "LineString", "coordinates": [[2690323.83, 1285854.1], [2690323.55, 1285858.64], [2690323.39, 1285862.45], [2690323.27, 1285867.68]]}}, {"type": "Feature", "properties": {"gemeinde": "Schaffhausen", "radius_m": 300, "typ": "kandidat_<= 300m"}, "geometry": {"type": "LineString", "coordinates": [[2690323.27, 1285867.68], [2690323.28, 1285874.58], [2690323.32, 1285884.23], [2690324.22, 1285898.27], [2690325.52, 1285911.01], [2690326.32, 1285918.58], [2690329.41, 1285936.48], [2690330.8, 1285943.35], [2690333.7, 1285959.8], [2690335.78, 1285971.59], [2690336.79, 1285977.89]]}}, {"type": "Feature", "properties": {"gemeinde": "Schaffhausen", "radius_m": 300, "typ": "kandidat_<= 300m"}, "geometry": {"type": "LineString", "coordinates": [[2689994.67, 1284803.33], [2690011.14, 1284835.56], [2690018.61, 1284851.63]]}}, {"type": "Feature", "properties": {"gemeinde": "Schaffhausen", "radius_m": 300, "typ": "kandidat_<= 300m"}, "geometry": {"type": "LineString", "coordinates": [[2690018.61, 1284851.63], [2690024.94, 1284862.75], [2690032.09, 1284875.42], [2690041.26, 1284890.59], [2690050.43, 1284905.21], [2690057.9, 1284916.98]]}}, {"type": "Feature", "properties": {"gemeinde": "Schaffhausen", "radius_m": 300, "typ": "kandidat_<= 300m"}, "geometry": {"type": "LineString", "coordinates": [[2689946.38, 1284694.57], [2689959.53, 1284728.9], [2689971.79, 1284758.2], [2689981.93, 1284779.14], [2689994.67, 1284803.33]]}}, {"type": "Feature", "properties": {"gemeinde": "Schaffhausen", "radius_m": 300, "typ": "kandidat_<= 300m"}, "geometry": {"type": "LineString", "coordinates": [[2690057.9, 1284916.98], [2690071.86, 1284937.6]]}}, {"type": "Feature", "properties": {"gemeinde": "Schaffhausen", "radius_m": 300, "typ": "kandidat_<= 300m"}, "geometry": {"type": "LineString", "coordinates": [[2690071.86, 1284937.6], [2690081.92, 1284953.34], [2690090.44, 1284967.39], [2690096.12, 1284976.97], [2690100.75, 1284985.33]]}}, {"type": "Feature", "properties": {"gemeinde": "Schaffhausen", "radius_m": 300, "typ": "kandidat_<= 300m"}, "geometry": {"type": "LineString", "coordinates": [[2690100.75, 1284985.33], [2690106.59, 1284996.94], [2690112.7, 1285009.58], [2690121.54, 1285028.57], [2690127.29, 1285042.87], [2690133.11, 1285057.57], [2690134.73, 1285061.96]]}}, {"type": "Feature", "properties": {"gemeinde": "Schaffhausen", "radius_m": 300, "typ": "kandidat_<= 300m"}, "geometry": {"type": "LineString", "coordinates": [[2690134.73, 1285061.96], [2690143.42, 1285084.61], [2690147.48, 1285095.32], [2690155.53, 1285115.37], [2690162.02, 1285131.12], [2690168.75, 1285145.41], [2690176.85, 1285163.51]]}}, {"type": "Feature", "properties": {"gemeinde": "Schaffhausen", "radius_m": 300, "typ": "kandidat_<= 300m"}, "geometry": {"type": "LineString", "coordinates": [[2689799.01, 1284219.64], [2689801.45, 1284228.4], [2689804.86, 1284238.46], [2689808.34, 1284248.85], [2689817.27, 1284271.82], [2689830.5, 1284304.46], [2689838.46, 1284323.46], [2689842.76, 1284333.85], [2689845.36, 1284341.49], [2689848.93, 1284353.67]]}}, {"type": "Feature", "properties": {"gemeinde": "Schaffhausen", "radius_m": 300, "typ": "kandidat_<= 300m"}, "geometry": {"type": "LineString", "coordinates": [[2689850.47, 1284358.62], [2689852.5, 1284364.39], [2689856.47, 1284378.85], [2689860.85, 1284395.49], [2689863.29, 1284404.33]]}}, {"type": "Feature", "properties": {"gemeinde": "Schaffhausen", "radius_m": 300, "typ": "kandidat_<= 300m"}, "geometry": {"type": "LineString", "coordinates": [[2689863.29, 1284404.33], [2689872.38, 1284438.57], [2689875.79, 1284451.39], [2689879.85, 1284466.56]]}}, {"type": "Feature", "properties": {"gemeinde": "Schaffhausen", "radius_m": 300, "typ": "kandidat_<= 300m"}, "geometry": {"type": "LineString", "coordinates": [[2689879.85, 1284466.56], [2689885.78, 1284489.28], [2689891.95, 1284511.04], [2689895.27, 1284523.78]]}}, {"type": "Feature", "properties": {"gemeinde": "Schaffhausen", "radius_m": 300, "typ": "kandidat_<= 300m"}, "geometry": {"type": "LineString", "coordinates": [[2691327.74, 1285948.16], [2691324.21, 1285949.06], [2691319.41, 1285949.4], [2691318.56, 1285949.46], [2691317.46, 1285949.54], [2691311.39, 1285949.98]]}}, {"type": "Feature", "properties": {"gemeinde": "Schaffhausen", "radius_m": 300, "typ": "kandidat_<= 300m"}, "geometry": {"type": "LineString", "coordinates": [[2691160.96, 1285886.55], [2691167.55, 1285885.6], [2691169.46, 1285885.33], [2691171.96, 1285884.93], [2691171.96, 1285884.93], [2691176.37, 1285884.22], [2691182.6, 1285883.22], [2691199.17, 1285882.55], [2691200.09, 1285882.8], [2691212.08, 1285885.97], [2691222.33, 1285890.62], [2691230.6, 1285895.04], [2691239.85, 1285902.88], [2691249.78, 1285912.71], [2691266.79, 1285929.26], [2691276.93, 1285938.31], [2691287.76, 1285944.28], [2691299.02, 1285948.14], [2691306.36, 1285949.26]]}}, {"type": "Feature", "properties": {"gemeinde": "Schaffhausen", "radius_m": 300, "typ": "kandidat_<= 300m"}, "geometry": {"type": "LineString", "coordinates": [[2691306.36, 1285949.26], [2691306.36, 1285949.26]]}}, {"type": "Feature", "properties": {"gemeinde": "Schaffhausen", "radius_m": 300, "typ": "kandidat_<= 300m"}, "geometry": {"type": "LineString", "coordinates": [[2689895.27, 1284523.78], [2689901.85, 1284548.47]]}}, {"type": "Feature", "properties": {"gemeinde": "Schaffhausen", "radius_m": 300, "typ": "kandidat_<= 300m"}, "geometry": {"type": "LineString", "coordinates": [[2689901.85, 1284548.47], [2689914.21, 1284596.68], [2689922.09, 1284622.65], [2689927.78, 1284641.4]]}}, {"type": "Feature", "properties": {"gemeinde": "Schaffhausen", "radius_m": 300, "typ": "kandidat_<= 300m"}, "geometry": {"type": "LineString", "coordinates": [[2689773.41, 1283935.67], [2689769.57, 1283934.06], [2689765.91, 1283931.85], [2689762.21, 1283930.8], [2689758.15, 1283929.73], [2689753.28, 1283929.98], [2689742.71, 1283932.59], [2689717.02, 1283937.13], [2689712.21, 1283938.28], [2689707.01, 1283941.2], [2689702.14, 1283944.61], [2689700.03, 1283946.56]]}}, {"type": "Feature", "properties": {"gemeinde": "Schaffhausen", "radius_m": 300, "typ": "kandidat_<= 300m"}, "geometry": {"type": "LineString", "coordinates": [[2691072.58, 1285866.54], [2691077.06, 1285868.87], [2691083.16, 1285872.05], [2691085.13, 1285873.07], [2691085.16, 1285873.08], [2691085.96, 1285873.5], [2691091.49, 1285876.35], [2691093.8, 1285877.55], [2691094.64, 1285877.98], [2691094.87, 1285878.1], [2691098.14, 1285879.79], [2691102.94, 1285882.27], [2691104.99, 1285883.33], [2691109.63, 1285885.51], [2691112.84, 1285887.02]]}}, {"type": "Feature", "properties": {"gemeinde": "Schaffhausen", "radius_m": 300, "typ": "kandidat_<= 300m"}, "geometry": {"type": "LineString", "coordinates": [[2689617.91, 1286733.84], [2689609.71, 1286725.47], [2689601.53, 1286717.37], [2689590.74, 1286704.76], [2689585.62, 1286699.72], [2689581.12, 1286695.31]]}}, {"type": "Feature", "properties": {"gemeinde": "Schaffhausen", "radius_m": 300, "typ": "kandidat_<= 300m"}, "geometry": {"type": "LineString", "coordinates": [[2690006.41, 1286672.61], [2689988.17, 1286685.64], [2689980.53, 1286691.29], [2689969.83, 1286697.86], [2689956.96, 1286704.52], [2689943.95, 1286710.1]]}}, {"type": "Feature", "properties": {"gemeinde": "Schaffhausen", "radius_m": 300, "typ": "kandidat_<= 300m"}, "geometry": {"type": "LineString", "coordinates": [[2689581.12, 1286695.31], [2689577.89, 1286691.89], [2689575.73, 1286689.54]]}}, {"type": "Feature", "properties": {"gemeinde": "Schaffhausen", "radius_m": 300, "typ": "kandidat_<= 300m"}, "geometry": {"type": "LineString", "coordinates": [[2689931.33, 1286714.77], [2689923.77, 1286716.84], [2689913.24, 1286719.54], [2689903.25, 1286721.89], [2689891.56, 1286724.86], [2689876.26, 1286728.21], [2689832.16, 1286736.89], [2689815.54, 1286740.18]]}}, {"type": "Feature", "properties": {"gemeinde": "Schaffhausen", "radius_m": 300, "typ": "kandidat_<= 300m"}, "geometry": {"type": "LineString", "coordinates": [[2689742.25, 1286760.02], [2689740.19, 1286760.66], [2689727.5, 1286764.35], [2689712.83, 1286766.33], [2689705.1, 1286767.14], [2689696.55, 1286767.59], [2689687.73, 1286767.41], [2689682.51, 1286766.87]]}}, {"type": "Feature", "properties": {"gemeinde": "Schaffhausen", "radius_m": 300, "typ": "kandidat_<= 300m"}, "geometry": {"type": "LineString", "coordinates": [[2689954.06, 1284133.5], [2689961.62, 1284135.75], [2689968.53, 1284137.52], [2689974.15, 1284138.64], [2689978.65, 1284139.93], [2689983.32, 1284142.82], [2689985.89, 1284145.07]]}}, {"type": "Feature", "properties": {"gemeinde": "Schaffhausen", "radius_m": 300, "typ": "kandidat_<= 300m"}, "geometry": {"type": "LineString", "coordinates": [[2690062.98, 1283347.05], [2690055.84, 1283357.37], [2690052.13, 1283365.07]]}}, {"type": "Feature", "properties": {"gemeinde": "Schaffhausen", "radius_m": 300, "typ": "kandidat_<= 300m"}, "geometry": {"type": "LineString", "coordinates": [[2690052.13, 1283365.07], [2690050.2, 1283373.46], [2690050.2, 1283383.64], [2690052.26, 1283391.07], [2690052.54, 1283404.54], [2690052.68, 1283429.3], [2690052.45, 1283434.48]]}}, {"type": "Feature", "properties": {"gemeinde": "Schaffhausen", "radius_m": 300, "typ": "kandidat_<= 300m"}, "geometry": {"type": "LineString", "coordinates": [[2690052.45, 1283434.48], [2690051.3, 1283444.29], [2690049.51, 1283451.44], [2690046.9, 1283458.6], [2690043.19, 1283468.77], [2690039.89, 1283482.66], [2690039.06, 1283488.58], [2690038.37, 1283496.97]]}}, {"type": "Feature", "properties": {"gemeinde": "Schaffhausen", "radius_m": 300, "typ": "kandidat_<= 300m"}, "geometry": {"type": "LineString", "coordinates": [[2690038.37, 1283496.97], [2690036.45, 1283511.13], [2690036.04, 1283513.75]]}}, {"type": "Feature", "properties": {"gemeinde": "Schaffhausen", "radius_m": 300, "typ": "kandidat_<= 300m"}, "geometry": {"type": "LineString", "coordinates": [[2690929.95, 1286053.7], [2690927.95, 1286055.34], [2690925.17, 1286056.4], [2690920.89, 1286057.23], [2690915.79, 1286058.33], [2690897.19, 1286061.52], [2690877.62, 1286066.61]]}}, {"type": "Feature", "properties": {"gemeinde": "Schaffhausen", "radius_m": 300, "typ": "kandidat_<= 300m"}, "geometry": {"type": "LineString", "coordinates": [[2690180.19, 1286561.73], [2690146.64, 1286580.19], [2690107.85, 1286602.6], [2690092.64, 1286612.23], [2690079.41, 1286620.96], [2690056.37, 1286635.99], [2690031.89, 1286654.0], [2690006.41, 1286672.61]]}}, {"type": "Feature", "properties": {"gemeinde": "Schaffhausen", "radius_m": 300, "typ": "kandidat_<= 300m"}, "geometry": {"type": "LineString", "coordinates": [[2690204.89, 1284582.8], [2690213.31, 1284580.52], [2690221.46, 1284581.22], [2690231.45, 1284583.23], [2690250.38, 1284591.29], [2690270.54, 1284599.96], [2690284.05, 1284607.67], [2690293.35, 1284615.92], [2690306.59, 1284627.85], [2690313.35, 1284633.46], [2690315.46, 1284637.27]]}}, {"type": "Feature", "properties": {"gemeinde": "Schaffhausen", "radius_m": 300, "typ": "kandidat_<= 300m"}, "geometry": {"type": "LineString", "coordinates": [[2689985.89, 1284145.07], [2689988.78, 1284150.38], [2689990.16, 1284154.5], [2689991.58, 1284161.37], [2689992.45, 1284173.58], [2689993.12, 1284186.39], [2689994.25, 1284201.01], [2689995.05, 1284212.43], [2689996.66, 1284229.15], [2690000.52, 1284256.32], [2690005.83, 1284288.31], [2690011.31, 1284317.89], [2690015.65, 1284346.51], [2690020.31, 1284371.75], [2690025.13, 1284393.45], [2690028.02, 1284405.67], [2690032.37, 1284422.56], [2690038.31, 1284441.52], [2690044.59, 1284460.33], [2690051.98, 1284479.14], [2690058.9, 1284496.66], [2690072.4, 1284529.95], [2690082.68, 1284555.36], [2690093.29, 1284581.73]]}}, {"type": "Feature", "properties": {"gemeinde": "Schaffhausen", "radius_m": 300, "typ": "kandidat_<= 300m"}, "geometry": {"type": "LineString", "coordinates": [[2690896.38, 1285923.52], [2690896.39, 1285923.55], [2690898.42, 1285929.05], [2690904.52, 1285945.52], [2690904.71, 1285946.05], [2690904.99, 1285946.8], [2690907.49, 1285953.56], [2690907.51, 1285953.6], [2690907.76, 1285954.28], [2690910.73, 1285962.32], [2690913.8, 1285970.62], [2690918.52, 1285984.23], [2690922.5, 1285998.67], [2690923.72, 1286003.07], [2690924.92, 1286007.23]]}}, {"type": "Feature", "properties": {"gemeinde": "Schaffhausen", "radius_m": 300, "typ": "kandidat_<= 300m"}, "geometry": {"type": "LineString", "coordinates": [[2690892.49, 1285893.92], [2690890.32, 1285898.34], [2690890.49, 1285904.2], [2690892.19, 1285912.5], [2690896.38, 1285923.52]]}}, {"type": "Feature", "properties": {"gemeinde": "Schaffhausen", "radius_m": 300, "typ": "kandidat_<= 300m"}, "geometry": {"type": "LineString", "coordinates": [[2690792.61, 1286099.47], [2690737.08, 1286126.02], [2690695.78, 1286148.92], [2690679.52, 1286159.73]]}}, {"type": "Feature", "properties": {"gemeinde": "Schaffhausen", "radius_m": 300, "typ": "kandidat_<= 300m"}, "geometry": {"type": "LineString", "coordinates": [[2689865.6, 1283960.2], [2689864.14, 1283964.15], [2689861.81, 1283969.05], [2689859.23, 1283973.19], [2689857.54, 1283975.91], [2689855.6, 1283978.11], [2689852.5, 1283980.83], [2689846.42, 1283985.36], [2689839.96, 1283990.02], [2689834.27, 1283994.29], [2689831.42, 1283996.1], [2689828.58, 1283997.4], [2689825.87, 1283998.44], [2689821.73, 1283999.21], [2689816.17, 1283999.74]]}}, {"type": "Feature", "properties": {"gemeinde": "Schaffhausen", "radius_m": 300, "typ": "kandidat_<= 300m"}, "geometry": {"type": "LineString", "coordinates": [[2690892.49, 1285893.92], [2690894.43, 1285892.45], [2690897.03, 1285891.32], [2690901.71, 1285890.62], [2690912.15, 1285890.32], [2690920.88, 1285889.18], [2690929.57, 1285887.97], [2690945.27, 1285883.63], [2690958.35, 1285878.88], [2690984.08, 1285868.42], [2690996.9, 1285863.27], [2691007.85, 1285859.99], [2691017.67, 1285857.84], [2691029.22, 1285856.98], [2691038.1, 1285857.46], [2691046.58, 1285858.86]]}}, {"type": "Feature", "properties": {"gemeinde": "Schaffhausen", "radius_m": 300, "typ": "kandidat_<= 300m"}, "geometry": {"type": "LineString", "coordinates": [[2690425.85, 1284726.59], [2690440.09, 1284737.81], [2690459.19, 1284752.71], [2690472.1, 1284763.66]]}}, {"type": "Feature", "properties": {"gemeinde": "Schaffhausen", "radius_m": 300, "typ": "kandidat_<= 300m"}, "geometry": {"type": "LineString", "coordinates": [[2690505.87, 1284788.48], [2690515.03, 1284794.66], [2690526.73, 1284802.83], [2690533.68, 1284807.8]]}}, {"type": "Feature", "properties": {"gemeinde": "Schaffhausen", "radius_m": 300, "typ": "kandidat_<= 300m"}, "geometry": {"type": "LineString", "coordinates": [[2690533.68, 1284807.8], [2690547.04, 1284814.87], [2690589.1, 1284836.85], [2690628.83, 1284858.71]]}}, {"type": "Feature", "properties": {"gemeinde": "Schaffhausen", "radius_m": 300, "typ": "kandidat_<= 300m"}, "geometry": {"type": "LineString", "coordinates": [[2690472.1, 1284763.66], [2690483.69, 1284771.59], [2690496.93, 1284781.2], [2690505.87, 1284788.48]]}}, {"type": "Feature", "properties": {"gemeinde": "Schaffhausen", "radius_m": 300, "typ": "kandidat_<= 300m"}, "geometry": {"type": "LineString", "coordinates": [[2690673.01, 1284873.05], [2690682.73, 1284882.96], [2690712.29, 1284900.31], [2690734.14, 1284913.89], [2690766.71, 1284937.5], [2690800.34, 1284962.58]]}}, {"type": "Feature", "properties": {"gemeinde": "Schaffhausen", "radius_m": 300, "typ": "kandidat_<= 300m"}, "geometry": {"type": "LineString", "coordinates": [[2691927.48, 1286824.9], [2691927.63, 1286833.03], [2691928.17, 1286875.86], [2691928.95, 1286910.1], [2691929.03, 1286926.51], [2691928.87, 1286941.93], [2691928.75, 1286944.98]]}}, {"type": "Feature", "properties": {"gemeinde": "Schaffhausen", "radius_m": 300, "typ": "kandidat_<= 300m"}, "geometry": {"type": "LineString", "coordinates": [[2691928.75, 1286944.98], [2691928.58, 1286950.42], [2691928.33, 1286955.87]]}}, {"type": "Feature", "properties": {"gemeinde": "Schaffhausen", "radius_m": 300, "typ": "kandidat_<= 300m"}, "geometry": {"type": "LineString", "coordinates": [[2691928.33, 1286955.87], [2691926.33, 1286970.12], [2691925.6, 1286976.23], [2691924.79, 1286982.32], [2691923.88, 1286988.4], [2691922.88, 1286994.47], [2691921.79, 1287000.51], [2691920.6, 1287006.55], [2691919.32, 1287012.56], [2691917.94, 1287018.55], [2691912.04, 1287042.25], [2691911.04, 1287045.91], [2691910.1, 1287049.59], [2691909.23, 1287053.28], [2691908.41, 1287056.99], [2691907.65, 1287060.7], [2691906.95, 1287064.43], [2691906.31, 1287068.18], [2691905.73, 1287071.93], [2691905.22, 1287075.69], [2691904.77, 1287079.45], [2691904.37, 1287083.23], [2691904.04, 1287087.01], [2691903.42, 1287096.3], [2691903.19, 1287099.6], [2691903.01, 1287102.9], [2691902.89, 1287106.2], [2691902.83, 1287109.51], [2691902.82, 1287112.82], [2691902.85, 1287114.59]]}}, {"type": "Feature", "properties": {"gemeinde": "Schaffhausen", "radius_m": 300, "typ": "kandidat_<= 300m"}, "geometry": {"type": "LineString", "coordinates": [[2690176.85, 1285163.51], [2690191.7, 1285195.7], [2690195.68, 1285204.46], [2690203.07, 1285219.8]]}}, {"type": "Feature", "properties": {"gemeinde": "Schaffhausen", "radius_m": 300, "typ": "kandidat_<= 300m"}, "geometry": {"type": "LineString", "coordinates": [[2690203.07, 1285219.8], [2690221.27, 1285259.0], [2690241.8, 1285302.98], [2690262.91, 1285348.04], [2690272.81, 1285370.04], [2690275.4, 1285375.07], [2690277.43, 1285378.72], [2690279.3, 1285381.73]]}}, {"type": "Feature", "properties": {"gemeinde": "Schaffhausen", "radius_m": 300, "typ": "kandidat_<= 300m"}, "geometry": {"type": "LineString", "coordinates": [[2690173.38, 1283408.93], [2690168.19, 1283405.7], [2690161.55, 1283401.52], [2690126.41, 1283381.03]]}}, {"type": "Feature", "properties": {"gemeinde": "Schaffhausen", "radius_m": 300, "typ": "kandidat_<= 300m"}, "geometry": {"type": "LineString", "coordinates": [[2689489.09, 1286629.16], [2689479.55, 1286624.28], [2689465.88, 1286617.55], [2689442.57, 1286609.22], [2689429.2, 1286604.19]]}}, {"type": "Feature", "properties": {"gemeinde": "Schaffhausen", "radius_m": 300, "typ": "kandidat_<= 300m"}, "geometry": {"type": "LineString", "coordinates": [[2691803.16, 1286427.69], [2691807.4, 1286424.03], [2691810.98, 1286417.57], [2691812.23, 1286412.43], [2691813.15, 1286399.1], [2691819.67, 1286321.8], [2691820.27, 1286315.6]]}}, {"type": "Feature", "properties": {"gemeinde": "Schaffhausen", "radius_m": 300, "typ": "kandidat_<= 300m"}, "geometry": {"type": "LineString", "coordinates": [[2689859.67, 1283930.79], [2689850.95, 1283929.78], [2689834.79, 1283930.19], [2689814.28, 1283934.26], [2689793.91, 1283936.3], [2689782.78, 1283936.16], [2689773.41, 1283935.67]]}}, {"type": "Feature", "properties": {"gemeinde": "Schaffhausen", "radius_m": 300, "typ": "kandidat_<= 300m"}, "geometry": {"type": "LineString", "coordinates": [[2690287.74, 1285397.23], [2690288.95, 1285401.21], [2690289.68, 1285407.06], [2690290.49, 1285416.55], [2690291.95, 1285425.49], [2690294.87, 1285437.1], [2690301.36, 1285464.47], [2690304.69, 1285480.05], [2690307.44, 1285492.56]]}}, {"type": "Feature", "properties": {"gemeinde": "Schaffhausen", "radius_m": 300, "typ": "kandidat_<= 300m"}, "geometry": {"type": "LineString", "coordinates": [[2690307.44, 1285492.56], [2690316.36, 1285528.6], [2690317.5, 1285533.96]]}}, {"type": "Feature", "properties": {"gemeinde": "Schaffhausen", "radius_m": 300, "typ": "kandidat_<= 300m"}, "geometry": {"type": "LineString", "coordinates": [[2690317.5, 1285533.96], [2690322.93, 1285558.48], [2690326.82, 1285580.89], [2690329.66, 1285598.99], [2690331.92, 1285620.18]]}}, {"type": "Feature", "properties": {"gemeinde": "Schaffhausen", "radius_m": 300, "typ": "kandidat_<= 300m"}, "geometry": {"type": "LineString", "coordinates": [[2690628.83, 1284858.71], [2690645.95, 1284864.06], [2690658.6, 1284870.21], [2690673.01, 1284873.05]]}}, {"type": "Feature", "properties": {"gemeinde": "Schaffhausen", "radius_m": 300, "typ": "kandidat_<= 300m"}, "geometry": {"type": "LineString", "coordinates": [[2691311.39, 1285949.98], [2691307.75, 1285949.47], [2691306.36, 1285949.26]]}}, {"type": "Feature", "properties": {"gemeinde": "Schaffhausen", "radius_m": 300, "typ": "kandidat_<= 300m"}, "geometry": {"type": "LineString", "coordinates": [[2689943.95, 1286710.1], [2689941.22, 1286711.27], [2689931.33, 1286714.77]]}}, {"type": "Feature", "properties": {"gemeinde": "Schaffhausen", "radius_m": 300, "typ": "kandidat_<= 300m"}, "geometry": {"type": "LineString", "coordinates": [[2690290.88, 1286499.63], [2690268.29, 1286512.32], [2690207.37, 1286546.61]]}}, {"type": "Feature", "properties": {"gemeinde": "Schaffhausen", "radius_m": 300, "typ": "kandidat_<= 300m"}, "geometry": {"type": "LineString", "coordinates": [[2690338.62, 1286471.75], [2690315.27, 1286485.59], [2690290.88, 1286499.63]]}}, {"type": "Feature", "properties": {"gemeinde": "Schaffhausen", "radius_m": 300, "typ": "kandidat_<= 300m"}, "geometry": {"type": "LineString", "coordinates": [[2689816.17, 1283999.74], [2689820.18, 1284005.68], [2689824.06, 1284009.95], [2689828.2, 1284014.09], [2689835.05, 1284020.16], [2689840.75, 1284024.82], [2689847.34, 1284029.47], [2689854.97, 1284035.29], [2689864.41, 1284041.75], [2689873.85, 1284047.69], [2689881.86, 1284052.34], [2689889.62, 1284056.74], [2689899.81, 1284061.73], [2689904.03, 1284062.78], [2689911.59, 1284062.59]]}}, {"type": "Feature", "properties": {"gemeinde": "Schaffhausen", "radius_m": 300, "typ": "kandidat_<= 300m"}, "geometry": {"type": "LineString", "coordinates": [[2689875.51, 1283866.47], [2689872.12, 1283877.77], [2689865.58, 1283898.97], [2689862.39, 1283911.19], [2689860.5, 1283921.43], [2689859.67, 1283930.79]]}}, {"type": "Feature", "properties": {"gemeinde": "Schaffhausen", "radius_m": 300, "typ": "kandidat_<= 300m"}, "geometry": {"type": "LineString", "coordinates": [[2690877.62, 1286066.61], [2690855.03, 1286075.82], [2690810.72, 1286091.95], [2690792.61, 1286099.47]]}}, {"type": "Feature", "properties": {"gemeinde": "Schaffhausen", "radius_m": 300, "typ": "kandidat_<= 300m"}, "geometry": {"type": "LineString", "coordinates": [[2690315.46, 1284637.27], [2690321.85, 1284643.96]]}}, {"type": "Feature", "properties": {"gemeinde": "Schaffhausen", "radius_m": 300, "typ": "kandidat_<= 300m"}, "geometry": {"type": "LineString", "coordinates": [[2690321.85, 1284643.96], [2690332.56, 1284651.25], [2690347.8, 1284665.94], [2690364.36, 1284679.07], [2690386.0, 1284695.75], [2690405.98, 1284711.98], [2690425.85, 1284726.59]]}}, {"type": "Feature", "properties": {"gemeinde": "Schaffhausen", "radius_m": 300, "typ": "kandidat_<= 300m"}, "geometry": {"type": "LineString", "coordinates": [[2689865.6, 1283960.2], [2689868.65, 1283966.47], [2689873.31, 1283973.21], [2689879.91, 1283980.45], [2689883.44, 1283985.26], [2689887.77, 1283991.04], [2689890.83, 1283994.73]]}}, {"type": "Feature", "properties": {"gemeinde": "Schaffhausen", "radius_m": 300, "typ": "kandidat_<= 300m"}, "geometry": {"type": "LineString", "coordinates": [[2690679.52, 1286159.73], [2690651.05, 1286178.28], [2690632.81, 1286190.17]]}}, {"type": "Feature", "properties": {"gemeinde": "Schaffhausen", "radius_m": 300, "typ": "kandidat_<= 300m"}, "geometry": {"type": "LineString", "coordinates": [[2690632.81, 1286190.17], [2690609.02, 1286209.99], [2690586.01, 1286229.5], [2690567.92, 1286245.35]]}}, {"type": "Feature", "properties": {"gemeinde": "Schaffhausen", "radius_m": 300, "typ": "kandidat_<= 300m"}, "geometry": {"type": "LineString", "coordinates": [[2690567.92, 1286245.35], [2690550.97, 1286260.24], [2690534.35, 1286277.16], [2690522.81, 1286289.5], [2690514.57, 1286298.85]]}}, {"type": "Feature", "properties": {"gemeinde": "Schaffhausen", "radius_m": 300, "typ": "kandidat_<= 300m"}, "geometry": {"type": "LineString", "coordinates": [[2690207.37, 1286546.61], [2690180.19, 1286561.73]]}}, {"type": "Feature", "properties": {"gemeinde": "Schaffhausen", "radius_m": 300, "typ": "kandidat_<= 300m"}, "geometry": {"type": "LineString", "coordinates": [[2690514.57, 1286298.85], [2690496.6, 1286319.07], [2690484.83, 1286333.64]]}}, {"type": "Feature", "properties": {"gemeinde": "Schaffhausen", "radius_m": 300, "typ": "kandidat_<= 300m"}, "geometry": {"type": "LineString", "coordinates": [[2690925.75, 1286010.14], [2690929.01, 1286023.05], [2690931.56, 1286041.05], [2690931.88, 1286045.73], [2690931.76, 1286048.24], [2690931.21, 1286051.62], [2690929.95, 1286053.7]]}}, {"type": "Feature", "properties": {"gemeinde": "Schaffhausen", "radius_m": 300, "typ": "kandidat_<= 300m"}, "geometry": {"type": "LineString", "coordinates": [[2689773.41, 1283935.67], [2689780.24, 1283944.8], [2689781.77, 1283947.48], [2689785.39, 1283953.81], [2689790.69, 1283962.22], [2689796.13, 1283970.89], [2689800.39, 1283977.62], [2689803.37, 1283982.27], [2689808.41, 1283990.17], [2689812.42, 1283995.73], [2689816.17, 1283999.74]]}}, {"type": "Feature", "properties": {"gemeinde": "Schaffhausen", "radius_m": 300, "typ": "kandidat_<= 300m"}, "geometry": {"type": "LineString", "coordinates": [[2689859.67, 1283930.79], [2689860.05, 1283937.07], [2689861.1, 1283945.26], [2689864.15, 1283955.38], [2689865.6, 1283960.2]]}}, {"type": "Feature", "properties": {"gemeinde": "Schaffhausen", "radius_m": 300, "typ": "kandidat_<= 300m"}, "geometry": {"type": "LineString", "coordinates": [[2690015.41, 1283619.58], [2690010.18, 1283647.64]]}}, {"type": "Feature", "properties": {"gemeinde": "Schaffhausen", "radius_m": 300, "typ": "kandidat_<= 300m"}, "geometry": {"type": "LineString", "coordinates": [[2691112.84, 1285887.02], [2691114.37, 1285887.74], [2691121.05, 1285889.54], [2691123.17, 1285889.69], [2691127.74, 1285890.01], [2691128.73, 1285890.14], [2691129.72, 1285890.25], [2691130.72, 1285890.35], [2691131.71, 1285890.43], [2691132.71, 1285890.49], [2691133.71, 1285890.54], [2691134.71, 1285890.57], [2691135.71, 1285890.59], [2691136.71, 1285890.58], [2691137.71, 1285890.56], [2691138.7, 1285890.53], [2691139.7, 1285890.48], [2691145.06, 1285890.02], [2691145.73, 1285889.98], [2691150.43, 1285889.63], [2691154.45, 1285888.44], [2691155.69, 1285888.07], [2691160.96, 1285886.55]]}}, {"type": "Feature", "properties": {"gemeinde": "Schaffhausen", "radius_m": 300, "typ": "kandidat_<= 300m"}, "geometry": {"type": "LineString", "coordinates": [[2690465.34, 1283477.32], [2690466.1, 1283476.21], [2690466.72, 1283474.25], [2690467.91, 1283470.4], [2690469.66, 1283465.41], [2690473.57, 1283454.09], [2690476.05, 1283448.22], [2690479.12, 1283443.54], [2690482.87, 1283439.37], [2690486.19, 1283436.31], [2690490.71, 1283433.08], [2690496.93, 1283429.93], [2690505.86, 1283426.44], [2690525.34, 1283418.68], [2690548.08, 1283409.5], [2690575.15, 1283399.05], [2690585.54, 1283394.45], [2690602.47, 1283387.11]]}}, {"type": "Feature", "properties": {"gemeinde": "Schaffhausen", "radius_m": 300, "typ": "kandidat_<= 300m"}, "geometry": {"type": "LineString", "coordinates": [[2690602.47, 1283387.11], [2690628.69, 1283376.13]]}}, {"type": "Feature", "properties": {"gemeinde": "Schaffhausen", "radius_m": 300, "typ": "kandidat_<= 300m"}, "geometry": {"type": "LineString", "coordinates": [[2690273.21, 1283487.4], [2690280.81, 1283489.02], [2690287.36, 1283489.69], [2690296.38, 1283489.25]]}}, {"type": "Feature", "properties": {"gemeinde": "Schaffhausen", "radius_m": 300, "typ": "kandidat_<= 300m"}, "geometry": {"type": "LineString", "coordinates": [[2690225.69, 1283454.43], [2690213.07, 1283441.88]]}}, {"type": "Feature", "properties": {"gemeinde": "Schaffhausen", "radius_m": 300, "typ": "kandidat_<= 300m"}, "geometry": {"type": "LineString", "coordinates": [[2690213.07, 1283441.88], [2690210.58, 1283439.4]]}}, {"type": "Feature", "properties": {"gemeinde": "Schaffhausen", "radius_m": 300, "typ": "kandidat_<= 300m"}, "geometry": {"type": "LineString", "coordinates": [[2690313.92, 1283487.13], [2690322.1, 1283486.2], [2690340.66, 1283485.7], [2690351.73, 1283485.36]]}}, {"type": "Feature", "properties": {"gemeinde": "Schaffhausen", "radius_m": 300, "typ": "kandidat_<= 300m"}, "geometry": {"type": "LineString", "coordinates": [[2690628.69, 1283376.13], [2690637.88, 1283371.62], [2690645.29, 1283367.2], [2690655.08, 1283361.49], [2690664.01, 1283354.94], [2690671.25, 1283349.75], [2690678.48, 1283344.89], [2690686.06, 1283340.38], [2690688.53, 1283338.94]]}}, {"type": "Feature", "properties": {"gemeinde": "Schaffhausen", "radius_m": 300, "typ": "kandidat_<= 300m"}, "geometry": {"type": "LineString", "coordinates": [[2690688.53, 1283338.94], [2690698.91, 1283332.8], [2690712.36, 1283325.23], [2690734.49, 1283312.63], [2690742.66, 1283308.63]]}}, {"type": "Feature", "properties": {"gemeinde": "Schaffhausen", "radius_m": 300, "typ": "kandidat_<= 300m"}, "geometry": {"type": "LineString", "coordinates": [[2690742.66, 1283308.63], [2690759.94, 1283300.71], [2690791.49, 1283286.82]]}}, {"type": "Feature", "properties": {"gemeinde": "Schaffhausen", "radius_m": 300, "typ": "kandidat_<= 300m"}, "geometry": {"type": "LineString", "coordinates": [[2690263.62, 1283484.01], [2690273.21, 1283487.4]]}}, {"type": "Feature", "properties": {"gemeinde": "Schaffhausen", "radius_m": 300, "typ": "kandidat_<= 300m"}, "geometry": {"type": "LineString", "coordinates": [[2690296.38, 1283489.25], [2690303.36, 1283488.49], [2690311.45, 1283487.38], [2690313.92, 1283487.13]]}}, {"type": "Feature", "properties": {"gemeinde": "Schaffhausen", "radius_m": 300, "typ": "kandidat_<= 300m"}, "geometry": {"type": "LineString", "coordinates": [[2690210.58, 1283439.4], [2690207.94, 1283436.85], [2690198.41, 1283428.34], [2690180.19, 1283413.95], [2690176.87, 1283411.4], [2690173.38, 1283408.93]]}}, {"type": "Feature", "properties": {"gemeinde": "Schaffhausen", "radius_m": 300, "typ": "kandidat_<= 300m"}, "geometry": {"type": "LineString", "coordinates": [[2690213.07, 1283441.88], [2690213.07, 1283441.88], [2690234.5, 1283463.24], [2690240.38, 1283468.85], [2690246.85, 1283474.3], [2690255.44, 1283479.83], [2690262.58, 1283483.48], [2690263.62, 1283484.01]]}}, {"type": "Feature", "properties": {"gemeinde": "Schaffhausen", "radius_m": 300, "typ": "kandidat_<= 300m"}, "geometry": {"type": "LineString", "coordinates": [[2690351.73, 1283485.36], [2690396.47, 1283484.0], [2690415.71, 1283483.41], [2690434.96, 1283482.45], [2690445.68, 1283481.58], [2690454.37, 1283480.97], [2690458.79, 1283480.46], [2690462.11, 1283479.19], [2690464.15, 1283478.34], [2690465.34, 1283477.32]]}}, {"type": "Feature", "properties": {"gemeinde": "Schaffhausen", "radius_m": 300, "typ": "kandidat_<= 300m"}, "geometry": {"type": "LineString", "coordinates": [[2691046.58, 1285858.86], [2691050.05, 1285859.27], [2691058.4, 1285861.01], [2691064.28, 1285862.48], [2691071.97, 1285866.22], [2691072.58, 1285866.54]]}}, {"type": "Feature", "properties": {"gemeinde": "Schaffhausen", "radius_m": 300, "typ": "kandidat_<= 300m"}, "geometry": {"type": "LineString", "coordinates": [[2690924.92, 1286007.23], [2690925.75, 1286010.14]]}}, {"type": "Feature", "properties": {"gemeinde": "Schaffhausen", "radius_m": 300, "typ": "kandidat_<= 300m"}, "geometry": {"type": "LineString", "coordinates": [[2691822.9, 1286443.62], [2691827.08, 1286446.56], [2691832.52, 1286449.96], [2691834.3, 1286451.35]]}}, {"type": "Feature", "properties": {"gemeinde": "Schaffhausen", "radius_m": 300, "typ": "kandidat_<= 300m"}, "geometry": {"type": "LineString", "coordinates": [[2691834.3, 1286451.35], [2691871.01, 1286480.08], [2691879.91, 1286487.12], [2691888.27, 1286494.63], [2691896.25, 1286502.61], [2691903.84, 1286510.97], [2691916.0, 1286526.46], [2691922.9, 1286537.14], [2691929.48, 1286547.91], [2691934.59, 1286557.66], [2691938.7, 1286566.18], [2691941.95, 1286573.69], [2691945.67, 1286582.59]]}}, {"type": "Feature", "properties": {"gemeinde": "Schaffhausen", "radius_m": 300, "typ": "kandidat_<= 300m"}, "geometry": {"type": "LineString", "coordinates": [[2690336.79, 1285977.89], [2690337.7, 1285986.42], [2690338.15, 1285999.55], [2690338.25, 1286010.53], [2690338.25, 1286021.97], [2690337.81, 1286031.88], [2690337.0, 1286041.51], [2690336.46, 1286046.47]]}}, {"type": "Feature", "properties": {"gemeinde": "Schaffhausen", "radius_m": 300, "typ": "kandidat_<= 300m"}, "geometry": {"type": "LineString", "coordinates": [[2689927.78, 1284641.4], [2689931.51, 1284652.36]]}}, {"type": "Feature", "properties": {"gemeinde": "Schaffhausen", "radius_m": 300, "typ": "kandidat_<= 300m"}, "geometry": {"type": "LineString", "coordinates": [[2689931.51, 1284652.36], [2689937.2, 1284669.33], [2689946.38, 1284694.57]]}}, {"type": "Feature", "properties": {"gemeinde": "Schaffhausen", "radius_m": 300, "typ": "kandidat_<= 300m"}, "geometry": {"type": "LineString", "coordinates": [[2690279.3, 1285381.73], [2690281.9, 1285386.68], [2690284.23, 1285390.74], [2690285.95, 1285393.42], [2690287.74, 1285397.23]]}}, {"type": "Feature", "properties": {"gemeinde": "Schaffhausen", "radius_m": 300, "typ": "kandidat_<= 300m"}, "geometry": {"type": "LineString", "coordinates": [[2689489.09, 1286629.16], [2689490.07, 1286629.66], [2689499.07, 1286634.35], [2689506.36, 1286638.22], [2689514.27, 1286642.35], [2689525.7, 1286649.0], [2689533.8, 1286654.05], [2689542.44, 1286660.08], [2689547.61, 1286663.85], [2689547.62, 1286663.85]]}}, {"type": "Feature", "properties": {"gemeinde": "Schaffhausen", "radius_m": 300, "typ": "kandidat_<= 300m"}, "geometry": {"type": "LineString", "coordinates": [[2689617.91, 1286733.84], [2689621.06, 1286736.72], [2689625.02, 1286739.42], [2689631.22, 1286744.01], [2689636.53, 1286747.43], [2689644.45, 1286752.56], [2689647.34, 1286754.27]]}}, {"type": "Feature", "properties": {"gemeinde": "Schaffhausen", "radius_m": 300, "typ": "kandidat_<= 300m"}, "geometry": {"type": "LineString", "coordinates": [[2690189.25, 1284623.28], [2690189.48, 1284618.73], [2690189.73, 1284610.84], [2690191.84, 1284599.27], [2690195.69, 1284592.35], [2690198.93, 1284588.23], [2690204.89, 1284582.8]]}}, {"type": "Feature", "properties": {"gemeinde": "Schaffhausen", "radius_m": 300, "typ": "kandidat_<= 300m"}, "geometry": {"type": "LineString", "coordinates": [[2690313.18, 1286200.49], [2690310.93, 1286214.11]]}}, {"type": "Feature", "properties": {"gemeinde": "Schaffhausen", "radius_m": 300, "typ": "kandidat_<= 300m"}, "geometry": {"type": "LineString", "coordinates": [[2690336.46, 1286046.47], [2690335.48, 1286053.76], [2690333.41, 1286068.97], [2690326.64, 1286111.11], [2690320.23, 1286154.5], [2690316.35, 1286177.09], [2690315.17, 1286186.54], [2690313.18, 1286200.49]]}}, {"type": "Feature", "properties": {"gemeinde": "Schaffhausen", "radius_m": 300, "typ": "kandidat_<= 300m"}, "geometry": {"type": "LineString", "coordinates": [[2689575.73, 1286689.54], [2689569.8, 1286683.69], [2689562.33, 1286676.57], [2689556.48, 1286670.8], [2689548.38, 1286664.41], [2689547.62, 1286663.85]]}}, {"type": "Feature", "properties": {"gemeinde": "Schaffhausen", "radius_m": 300, "typ": "kandidat_<= 300m"}, "geometry": {"type": "LineString", "coordinates": [[2690145.06, 1284703.74], [2690160.98, 1284697.01], [2690175.63, 1284689.56], [2690182.91, 1284681.15], [2690186.15, 1284671.77], [2690187.64, 1284663.88], [2690188.25, 1284651.69], [2690188.69, 1284635.56], [2690189.13, 1284625.66], [2690189.25, 1284623.28]]}}, {"type": "Feature", "properties": {"gemeinde": "Schaffhausen", "radius_m": 300, "typ": "kandidat_<= 300m"}, "geometry": {"type": "LineString", "coordinates": [[2689700.03, 1283946.56], [2689699.71, 1283949.16], [2689701.17, 1283953.38], [2689705.26, 1283958.58], [2689711.72, 1283965.06]]}}, {"type": "Feature", "properties": {"gemeinde": "Schaffhausen", "radius_m": 300, "typ": "kandidat_<= 300m"}, "geometry": {"type": "LineString", "coordinates": [[2690103.14, 1284606.02], [2690103.16, 1284606.07], [2690103.26, 1284606.32], [2690109.94, 1284620.7], [2690112.67, 1284626.85], [2690116.12, 1284634.61], [2690119.71, 1284642.41], [2690121.59, 1284646.51], [2690125.24, 1284654.87], [2690131.78, 1284669.86], [2690133.24, 1284673.5], [2690139.23, 1284688.8], [2690139.23, 1284688.81], [2690145.06, 1284703.74]]}}, {"type": "Feature", "properties": {"gemeinde": "Schaffhausen", "radius_m": 300, "typ": "kandidat_<= 300m"}, "geometry": {"type": "LineString", "coordinates": [[2689682.51, 1286766.87], [2689676.67, 1286765.52], [2689669.92, 1286763.99], [2689662.27, 1286761.38], [2689655.25, 1286758.59], [2689648.86, 1286755.17], [2689647.34, 1286754.27]]}}, {"type": "Feature", "properties": {"gemeinde": "Schaffhausen", "radius_m": 300, "typ": "kandidat_<= 300m"}, "geometry": {"type": "LineString", "coordinates": [[2690093.29, 1284581.73], [2690103.14, 1284606.02]]}}, {"type": "Feature", "properties": {"gemeinde": "Schaffhausen", "radius_m": 300, "typ": "kandidat_<= 300m"}, "geometry": {"type": "LineString", "coordinates": [[2690126.41, 1283381.03], [2690114.65, 1283374.88], [2690062.98, 1283347.05]]}}, {"type": "Feature", "properties": {"gemeinde": "Schaffhausen", "radius_m": 300, "typ": "kandidat_<= 300m"}, "geometry": {"type": "LineString", "coordinates": [[2690173.38, 1283408.93], [2690185.57, 1283395.63]]}}, {"type": "Feature", "properties": {"gemeinde": "Schaffhausen", "radius_m": 300, "typ": "kandidat_<= 300m"}, "geometry": {"type": "LineString", "coordinates": [[2689531.34, 1283239.26], [2689515.92, 1283242.09], [2689504.99, 1283243.24], [2689482.23, 1283245.16], [2689471.04, 1283245.05], [2689460.81, 1283244.62], [2689451.18, 1283244.14], [2689436.32, 1283243.38], [2689428.03, 1283242.52], [2689420.5, 1283240.91], [2689414.36, 1283238.54], [2689408.01, 1283235.74], [2689400.8, 1283230.79], [2689389.39, 1283222.29], [2689377.76, 1283213.89], [2689363.98, 1283204.31], [2689346.22, 1283192.9], [2689334.49, 1283185.15]]}}, {"type": "Feature", "properties": {"gemeinde": "Schaffhausen", "radius_m": 300, "typ": "kandidat_<= 300m"}, "geometry": {"type": "LineString", "coordinates": [[2689334.49, 1283185.15], [2689330.99, 1283182.99], [2689326.03, 1283180.42], [2689325.69, 1283180.27]]}}, {"type": "Feature", "properties": {"gemeinde": "Schaffhausen", "radius_m": 300, "typ": "kandidat_<= 300m"}, "geometry": {"type": "LineString", "coordinates": [[2689179.24, 1283172.5], [2689173.75, 1283171.43], [2689168.79, 1283170.23], [2689161.16, 1283168.48], [2689096.34, 1283153.62]]}}, {"type": "Feature", "properties": {"gemeinde": "Schaffhausen", "radius_m": 300, "typ": "kandidat_<= 300m"}, "geometry": {"type": "LineString", "coordinates": [[2689579.02, 1283229.75], [2689569.63, 1283232.32], [2689565.78, 1283233.22]]}}, {"type": "Feature", "properties": {"gemeinde": "Schaffhausen", "radius_m": 300, "typ": "kandidat_<= 300m"}, "geometry": {"type": "LineString", "coordinates": [[2689565.78, 1283233.22], [2689556.78, 1283234.76], [2689549.33, 1283236.18], [2689531.34, 1283239.26]]}}, {"type": "Feature", "properties": {"gemeinde": "Schaffhausen", "radius_m": 300, "typ": "kandidat_<= 300m"}, "geometry": {"type": "LineString", "coordinates": [[2689828.2, 1283232.83], [2689822.55, 1283231.8], [2689812.78, 1283230.39], [2689800.44, 1283229.1], [2689783.87, 1283228.2], [2689746.47, 1283226.41], [2689683.75, 1283222.81], [2689666.02, 1283221.65], [2689651.5, 1283221.14], [2689636.72, 1283221.52], [2689621.68, 1283222.68], [2689608.7, 1283224.35], [2689595.59, 1283226.41], [2689586.08, 1283227.95], [2689579.02, 1283229.75]]}}, {"type": "Feature", "properties": {"gemeinde": "Schaffhausen", "radius_m": 300, "typ": "kandidat_<= 300m"}, "geometry": {"type": "LineString", "coordinates": [[2689096.34, 1283153.62], [2689041.3, 1283141.83]]}}, {"type": "Feature", "properties": {"gemeinde": "Schaffhausen", "radius_m": 300, "typ": "kandidat_<= 300m"}, "geometry": {"type": "LineString", "coordinates": [[2689322.36, 1283178.77], [2689315.21, 1283176.02], [2689308.05, 1283172.9], [2689300.71, 1283170.33], [2689293.92, 1283168.49], [2689286.22, 1283167.03], [2689276.31, 1283165.37], [2689268.78, 1283164.64], [2689262.94, 1283164.6], [2689252.21, 1283165.66], [2689242.54, 1283166.75], [2689235.94, 1283168.03], [2689230.07, 1283169.14], [2689224.56, 1283170.33], [2689219.44, 1283171.65], [2689214.84, 1283172.44], [2689211.88, 1283172.82]]}}, {"type": "Feature", "properties": {"gemeinde": "Schaffhausen", "radius_m": 300, "typ": "kandidat_<= 300m"}, "geometry": {"type": "LineString", "coordinates": [[2690246.82, 1283332.72], [2690256.97, 1283322.36]]}}, {"type": "Feature", "properties": {"gemeinde": "Schaffhausen", "radius_m": 300, "typ": "kandidat_<= 300m"}, "geometry": {"type": "LineString", "coordinates": [[2690185.57, 1283395.63], [2690193.74, 1283386.73], [2690218.84, 1283361.27], [2690246.82, 1283332.72]]}}, {"type": "Feature", "properties": {"gemeinde": "Schaffhausen", "radius_m": 300, "typ": "kandidat_<= 300m"}, "geometry": {"type": "LineString", "coordinates": [[2691945.67, 1286582.59], [2691947.38, 1286588.01], [2691950.47, 1286600.62], [2691952.4, 1286611.23], [2691954.03, 1286623.23], [2691955.19, 1286637.08], [2691954.96, 1286654.66], [2691954.27, 1286669.14], [2691952.11, 1286682.31]]}}, {"type": "Feature", "properties": {"gemeinde": "Schaffhausen", "radius_m": 300, "typ": "kandidat_<= 300m"}, "geometry": {"type": "LineString", "coordinates": [[2691952.11, 1286682.31], [2691950.09, 1286692.6], [2691947.31, 1286704.21], [2691942.97, 1286720.53], [2691932.91, 1286757.94]]}}, {"type": "Feature", "properties": {"gemeinde": "Schaffhausen", "radius_m": 300, "typ": "kandidat_<= 300m"}, "geometry": {"type": "LineString", "coordinates": [[2691932.91, 1286757.94], [2691930.82, 1286767.77], [2691928.96, 1286779.38], [2691927.77, 1286790.28], [2691927.07, 1286804.62], [2691927.48, 1286824.9]]}}, {"type": "Feature", "properties": {"gemeinde": "Schaffhausen", "radius_m": 300, "typ": "kandidat_<= 300m"}, "geometry": {"type": "LineString", "coordinates": [[2689325.69, 1283180.27], [2689322.36, 1283178.77]]}}, {"type": "Feature", "properties": {"gemeinde": "Schaffhausen", "radius_m": 300, "typ": "kandidat_<= 300m"}, "geometry": {"type": "LineString", "coordinates": [[2691803.16, 1286427.69], [2691817.37, 1286437.83], [2691822.9, 1286443.62]]}}, {"type": "Feature", "properties": {"gemeinde": "Schaffhausen", "radius_m": 300, "typ": "kandidat_<= 300m"}, "geometry": {"type": "LineString", "coordinates": [[2690335.73, 1285669.62], [2690336.21, 1285688.21], [2690336.45, 1285702.5], [2690336.37, 1285709.8]]}}, {"type": "Feature", "properties": {"gemeinde": "Schaffhausen", "radius_m": 300, "typ": "kandidat_<= 300m"}, "geometry": {"type": "LineString", "coordinates": [[2690331.92, 1285620.18], [2690333.95, 1285639.5], [2690335.08, 1285657.36], [2690335.73, 1285669.62]]}}, {"type": "Feature", "properties": {"gemeinde": "Schaffhausen", "radius_m": 300, "typ": "kandidat_<= 300m"}, "geometry": {"type": "LineString", "coordinates": [[2689792.04, 1284167.53], [2689793.82, 1284187.09], [2689795.12, 1284200.16], [2689796.34, 1284207.3], [2689799.01, 1284219.64]]}}, {"type": "Feature", "properties": {"gemeinde": "Schaffhausen", "radius_m": 300, "typ": "kandidat_<= 300m"}, "geometry": {"type": "LineString", "coordinates": [[2689848.93, 1284353.67], [2689850.47, 1284358.62]]}}, {"type": "Feature", "properties": {"gemeinde": "Schaffhausen", "radius_m": 300, "typ": "kandidat_<= 300m"}, "geometry": {"type": "LineString", "coordinates": [[2689211.88, 1283172.82], [2689207.86, 1283173.38], [2689203.23, 1283173.87], [2689199.02, 1283174.08], [2689194.7, 1283174.14], [2689189.47, 1283173.82], [2689184.67, 1283173.34], [2689179.24, 1283172.5]]}}, {"type": "Feature", "properties": {"gemeinde": "Schaffhausen", "radius_m": 300, "typ": "kandidat_<= 300m"}, "geometry": {"type": "LineString", "coordinates": [[2690062.98, 1283347.05], [2690023.42, 1283321.94], [2690000.11, 1283307.78]]}}, {"type": "Feature", "properties": {"gemeinde": "Schaffhausen", "radius_m": 300, "typ": "kandidat_<= 300m"}, "geometry": {"type": "LineString", "coordinates": [[2690000.11, 1283307.78], [2689983.3, 1283298.05], [2689968.09, 1283290.54], [2689911.14, 1283260.34], [2689896.55, 1283253.17], [2689874.41, 1283245.75], [2689860.33, 1283241.27], [2689842.59, 1283235.86], [2689828.2, 1283232.83]]}}, {"type": "Feature", "properties": {"gemeinde": "Schaffhausen", "radius_m": 300, "typ": "kandidat_<= 300m"}, "geometry": {"type": "LineString", "coordinates": [[2689016.8, 1283136.87], [2689016.8, 1283136.87]]}}, {"type": "Feature", "properties": {"gemeinde": "Schaffhausen", "radius_m": 300, "typ": "kandidat_<= 300m"}, "geometry": {"type": "LineString", "coordinates": [[2689041.3, 1283141.83], [2689016.8, 1283136.87]]}}, {"type": "Feature", "properties": {"gemeinde": "Schaffhausen", "radius_m": 300, "typ": "kandidat_<= 300m"}, "geometry": {"type": "LineString", "coordinates": [[2689911.59, 1284062.59], [2689913.12, 1284071.26], [2689914.91, 1284079.75], [2689916.1, 1284087.35], [2689919.26, 1284099.45], [2689924.57, 1284110.65], [2689934.24, 1284121.17], [2689944.79, 1284129.14], [2689951.01, 1284132.37], [2689954.06, 1284133.5]]}}, {"type": "Feature", "properties": {"gemeinde": "Schaffhausen", "radius_m": 300, "typ": "kandidat_<= 300m"}, "geometry": {"type": "LineString", "coordinates": [[2689890.83, 1283994.73], [2689895.49, 1284002.61], [2689900.48, 1284012.74], [2689904.34, 1284024.48], [2689909.17, 1284047.0], [2689911.59, 1284062.59]]}}, {"type": "Feature", "properties": {"gemeinde": "Schaffhausen", "radius_m": 300, "typ": "kandidat_<= 300m"}, "geometry": {"type": "LineString", "coordinates": [[2690036.04, 1283513.75], [2690033.9, 1283523.92]]}}, {"type": "Feature", "properties": {"gemeinde": "Schaffhausen", "radius_m": 300, "typ": "kandidat_<= 300m"}, "geometry": {"type": "LineString", "coordinates": [[2690033.9, 1283523.92], [2690030.47, 1283539.6], [2690026.0, 1283561.54]]}}, {"type": "Feature", "properties": {"gemeinde": "Schaffhausen", "radius_m": 300, "typ": "kandidat_<= 300m"}, "geometry": {"type": "LineString", "coordinates": [[2690026.0, 1283561.54], [2690018.91, 1283600.6]]}}, {"type": "Feature", "properties": {"gemeinde": "Schaffhausen", "radius_m": 300, "typ": "kandidat_<= 300m"}, "geometry": {"type": "LineString", "coordinates": [[2690018.91, 1283600.6], [2690015.41, 1283619.58]]}}, {"type": "Feature", "properties": {"gemeinde": "Schaffhausen", "radius_m": 300, "typ": "kandidat_<= 300m"}, "geometry": {"type": "LineString", "coordinates": [[2690010.18, 1283647.64], [2690005.16, 1283672.67], [2690004.47, 1283676.52]]}}, {"type": "Feature", "properties": {"gemeinde": "Schaffhausen", "radius_m": 300, "typ": "kandidat_<= 300m"}, "geometry": {"type": "LineString", "coordinates": [[2690004.47, 1283676.52], [2690000.0, 1283695.15], [2689995.81, 1283707.95], [2689991.06, 1283718.47], [2689989.48, 1283722.04]]}}, {"type": "Feature", "properties": {"gemeinde": "Schaffhausen", "radius_m": 300, "typ": "kandidat_<= 300m"}, "geometry": {"type": "LineString", "coordinates": [[2689989.48, 1283722.04], [2689983.15, 1283736.35], [2689975.87, 1283750.79]]}}, {"type": "Feature", "properties": {"gemeinde": "Schaffhausen", "radius_m": 300, "typ": "kandidat_<= 300m"}, "geometry": {"type": "LineString", "coordinates": [[2689975.87, 1283750.79], [2689969.81, 1283762.27], [2689965.89, 1283768.94], [2689962.04, 1283774.3], [2689958.74, 1283777.47]]}}, {"type": "Feature", "properties": {"gemeinde": "Schaffhausen", "radius_m": 300, "typ": "kandidat_<= 300m"}, "geometry": {"type": "LineString", "coordinates": [[2689958.74, 1283777.47], [2689952.76, 1283782.21], [2689944.51, 1283787.44], [2689940.31, 1283789.99], [2689931.85, 1283794.94]]}}, {"type": "Feature", "properties": {"gemeinde": "Schaffhausen", "radius_m": 300, "typ": "kandidat_<= 300m"}, "geometry": {"type": "LineString", "coordinates": [[2689931.85, 1283794.94], [2689922.52, 1283799.81], [2689913.72, 1283804.37], [2689905.35, 1283808.61], [2689901.11, 1283811.55], [2689897.75, 1283814.6]]}}, {"type": "Feature", "properties": {"gemeinde": "Schaffhausen", "radius_m": 300, "typ": "kandidat_<= 300m"}, "geometry": {"type": "LineString", "coordinates": [[2689897.75, 1283814.6], [2689891.91, 1283823.77], [2689885.17, 1283837.76], [2689879.92, 1283851.99], [2689875.51, 1283866.47]]}}, {"type": "Feature", "properties": {"gemeinde": "Stein am Rhein", "radius_m": 100, "typ": "kandidat_<= 100m"}, "geometry": {"type": "LineString", "coordinates": [[2706982.81, 1279739.24], [2706990.1, 1279738.74], [2706998.54, 1279737.44], [2707001.84, 1279736.78]]}}, {"type": "Feature", "properties": {"gemeinde": "Stein am Rhein", "radius_m": 100, "typ": "kandidat_<= 100m"}, "geometry": {"type": "LineString", "coordinates": [[2706953.98, 1279739.87], [2706961.71, 1279739.3], [2706965.74, 1279739.27]]}}, {"type": "Feature", "properties": {"gemeinde": "Stein am Rhein", "radius_m": 100, "typ": "kandidat_<= 100m"}, "geometry": {"type": "LineString", "coordinates": [[2706941.85, 1279742.94], [2706946.47, 1279741.31], [2706953.98, 1279739.87]]}}, {"type": "Feature", "properties": {"gemeinde": "Stein am Rhein", "radius_m": 100, "typ": "kandidat_<= 100m"}, "geometry": {"type": "LineString", "coordinates": [[2706772.87, 1279891.44], [2706771.15, 1279890.13], [2706769.16, 1279888.83], [2706767.17, 1279887.66]]}}, {"type": "Feature", "properties": {"gemeinde": "Stein am Rhein", "radius_m": 100, "typ": "kandidat_<= 100m"}, "geometry": {"type": "LineString", "coordinates": [[2706795.86, 1279163.6], [2706798.33, 1279161.07], [2706804.18, 1279154.98]]}}, {"type": "Feature", "properties": {"gemeinde": "Stein am Rhein", "radius_m": 100, "typ": "kandidat_<= 100m"}, "geometry": {"type": "LineString", "coordinates": [[2707267.13, 1279662.39], [2707286.57, 1279653.14], [2707307.92, 1279642.79], [2707318.7, 1279637.65]]}}, {"type": "Feature", "properties": {"gemeinde": "Stein am Rhein", "radius_m": 100, "typ": "kandidat_<= 100m"}, "geometry": {"type": "LineString", "coordinates": [[2707170.97, 1279708.62], [2707204.03, 1279692.93], [2707229.66, 1279680.93], [2707251.02, 1279670.23]]}}, {"type": "Feature", "properties": {"gemeinde": "Stein am Rhein", "radius_m": 100, "typ": "kandidat_<= 100m"}, "geometry": {"type": "LineString", "coordinates": [[2707251.02, 1279670.23], [2707267.13, 1279662.39]]}}, {"type": "Feature", "properties": {"gemeinde": "Stein am Rhein", "radius_m": 100, "typ": "kandidat_<= 100m"}, "geometry": {"type": "LineString", "coordinates": [[2706965.74, 1279739.27], [2706971.18, 1279739.23], [2706981.07, 1279739.24], [2706982.81, 1279739.24]]}}, {"type": "Feature", "properties": {"gemeinde": "Stein am Rhein", "radius_m": 100, "typ": "kandidat_<= 100m"}, "geometry": {"type": "LineString", "coordinates": [[2706855.05, 1279687.69], [2706855.94, 1279693.67], [2706857.18, 1279699.03], [2706858.82, 1279704.33], [2706860.82, 1279708.46], [2706862.05, 1279710.18]]}}, {"type": "Feature", "properties": {"gemeinde": "Stein am Rhein", "radius_m": 100, "typ": "kandidat_<= 100m"}, "geometry": {"type": "LineString", "coordinates": [[2706862.05, 1279710.18], [2706864.6, 1279712.45], [2706869.13, 1279714.3], [2706878.88, 1279716.92], [2706910.08, 1279724.71]]}}, {"type": "Feature", "properties": {"gemeinde": "Stein am Rhein", "radius_m": 100, "typ": "kandidat_<= 100m"}, "geometry": {"type": "LineString", "coordinates": [[2706852.77, 1279682.59], [2706853.53, 1279683.43], [2706855.05, 1279687.69]]}}, {"type": "Feature", "properties": {"gemeinde": "Stein am Rhein", "radius_m": 100, "typ": "kandidat_<= 100m"}, "geometry": {"type": "LineString", "coordinates": [[2706566.0, 1279927.32], [2706557.18, 1279942.19], [2706546.24, 1279960.26], [2706541.29, 1279966.93], [2706537.71, 1279971.19], [2706533.1, 1279974.7]]}}, {"type": "Feature", "properties": {"gemeinde": "Stein am Rhein", "radius_m": 100, "typ": "kandidat_<= 100m"}, "geometry": {"type": "LineString", "coordinates": [[2706813.37, 1279929.81], [2706811.17, 1279929.95], [2706808.01, 1279929.74], [2706805.46, 1279929.33], [2706802.51, 1279928.09], [2706800.1, 1279926.44], [2706797.9, 1279924.65], [2706795.56, 1279921.83], [2706786.01, 1279908.97], [2706774.87, 1279893.43], [2706772.87, 1279891.44]]}}, {"type": "Feature", "properties": {"gemeinde": "Stein am Rhein", "radius_m": 100, "typ": "kandidat_<= 100m"}, "geometry": {"type": "LineString", "coordinates": [[2706533.1, 1279974.7], [2706519.35, 1279982.05], [2706500.86, 1279991.27], [2706455.15, 1280015.14], [2706438.24, 1280025.18], [2706432.82, 1280027.96]]}}, {"type": "Feature", "properties": {"gemeinde": "Stein am Rhein", "radius_m": 100, "typ": "kandidat_<= 100m"}, "geometry": {"type": "LineString", "coordinates": [[2706767.17, 1279887.66], [2706764.97, 1279886.97], [2706762.28, 1279886.49], [2706760.5, 1279886.42]]}}, {"type": "Feature", "properties": {"gemeinde": "Stein am Rhein", "radius_m": 100, "typ": "kandidat_<= 100m"}, "geometry": {"type": "LineString", "coordinates": [[2706760.5, 1279886.42], [2706758.37, 1279886.65]]}}, {"type": "Feature", "properties": {"gemeinde": "Stein am Rhein", "radius_m": 100, "typ": "kandidat_<= 100m"}, "geometry": {"type": "LineString", "coordinates": [[2706741.12, 1279219.1], [2706756.51, 1279203.58], [2706776.99, 1279182.93]]}}, {"type": "Feature", "properties": {"gemeinde": "Stein am Rhein", "radius_m": 100, "typ": "kandidat_<= 100m"}, "geometry": {"type": "LineString", "coordinates": [[2706776.99, 1279182.93], [2706795.86, 1279163.6]]}}, {"type": "Feature", "properties": {"gemeinde": "Stein am Rhein", "radius_m": 100, "typ": "kandidat_<= 100m"}, "geometry": {"type": "LineString", "coordinates": [[2706941.85, 1279742.94], [2706936.84, 1279745.1], [2706932.29, 1279750.54], [2706927.97, 1279756.75], [2706921.78, 1279763.7], [2706902.4, 1279784.04], [2706882.88, 1279805.22], [2706877.58, 1279811.89], [2706872.29, 1279819.58], [2706866.38, 1279827.83], [2706861.7, 1279835.4]]}}, {"type": "Feature", "properties": {"gemeinde": "Stein am Rhein", "radius_m": 100, "typ": "kandidat_<= 100m"}, "geometry": {"type": "LineString", "coordinates": [[2706910.08, 1279724.71], [2706916.75, 1279726.91], [2706924.46, 1279730.0], [2706930.16, 1279733.1], [2706938.38, 1279737.58], [2706941.85, 1279742.94]]}}, {"type": "Feature", "properties": {"gemeinde": "Stein am Rhein", "radius_m": 100, "typ": "kandidat_<= 100m"}, "geometry": {"type": "LineString", "coordinates": [[2706861.7, 1279835.4], [2706858.06, 1279842.13], [2706854.35, 1279850.11], [2706840.53, 1279880.3], [2706824.58, 1279915.44], [2706822.58, 1279919.7], [2706820.73, 1279923.62], [2706818.94, 1279926.23], [2706816.53, 1279928.64], [2706814.26, 1279929.67], [2706813.37, 1279929.81]]}}, {"type": "Feature", "properties": {"gemeinde": "Stein am Rhein", "radius_m": 300, "typ": "kandidat_<= 300m"}, "geometry": {"type": "LineString", "coordinates": [[2707462.35, 1279592.96], [2707501.21, 1279594.22], [2707503.12, 1279594.48]]}}, {"type": "Feature", "properties": {"gemeinde": "Stein am Rhein", "radius_m": 300, "typ": "kandidat_<= 300m"}, "geometry": {"type": "LineString", "coordinates": [[2706982.81, 1279739.24], [2706990.1, 1279738.74], [2706998.54, 1279737.44], [2707006.54, 1279735.85], [2707017.71, 1279733.38], [2707018.15, 1279733.28]]}}, {"type": "Feature", "properties": {"gemeinde": "Stein am Rhein", "radius_m": 300, "typ": "kandidat_<= 300m"}, "geometry": {"type": "LineString", "coordinates": [[2706953.98, 1279739.87], [2706961.71, 1279739.3], [2706965.74, 1279739.27]]}}, {"type": "Feature", "properties": {"gemeinde": "Stein am Rhein", "radius_m": 300, "typ": "kandidat_<= 300m"}, "geometry": {"type": "LineString", "coordinates": [[2706941.85, 1279742.94], [2706946.47, 1279741.31], [2706953.98, 1279739.87]]}}, {"type": "Feature", "properties": {"gemeinde": "Stein am Rhein", "radius_m": 300, "typ": "kandidat_<= 300m"}, "geometry": {"type": "LineString", "coordinates": [[2707023.84, 1279731.94], [2707030.92, 1279730.64], [2707042.11, 1279729.42], [2707048.25, 1279728.92], [2707058.36, 1279728.64], [2707070.43, 1279728.72], [2707079.09, 1279729.3], [2707089.13, 1279729.59]]}}, {"type": "Feature", "properties": {"gemeinde": "Stein am Rhein", "radius_m": 300, "typ": "kandidat_<= 300m"}, "geometry": {"type": "LineString", "coordinates": [[2706772.87, 1279891.44], [2706771.15, 1279890.13], [2706769.16, 1279888.83], [2706767.17, 1279887.66]]}}, {"type": "Feature", "properties": {"gemeinde": "Stein am Rhein", "radius_m": 300, "typ": "kandidat_<= 300m"}, "geometry": {"type": "LineString", "coordinates": [[2706461.62, 1279132.03], [2706449.24, 1279125.97]]}}, {"type": "Feature", "properties": {"gemeinde": "Stein am Rhein", "radius_m": 300, "typ": "kandidat_<= 300m"}, "geometry": {"type": "LineString", "coordinates": [[2706449.24, 1279125.97], [2706442.27, 1279121.78], [2706442.13, 1279121.69]]}}, {"type": "Feature", "properties": {"gemeinde": "Stein am Rhein", "radius_m": 300, "typ": "kandidat_<= 300m"}, "geometry": {"type": "LineString", "coordinates": [[2706554.47, 1279175.72], [2706517.89, 1279158.55], [2706471.37, 1279136.81], [2706461.62, 1279132.03]]}}, {"type": "Feature", "properties": {"gemeinde": "Stein am Rhein", "radius_m": 300, "typ": "kandidat_<= 300m"}, "geometry": {"type": "LineString", "coordinates": [[2706581.89, 1279213.01], [2706580.02, 1279207.91], [2706576.47, 1279198.61], [2706573.88, 1279193.7], [2706570.47, 1279188.48], [2706565.92, 1279183.63], [2706560.47, 1279179.31], [2706554.47, 1279175.72]]}}, {"type": "Feature", "properties": {"gemeinde": "Stein am Rhein", "radius_m": 300, "typ": "kandidat_<= 300m"}, "geometry": {"type": "LineString", "coordinates": [[2706599.6, 1279403.62], [2706599.3, 1279402.05], [2706598.3, 1279396.57], [2706598.21, 1279391.66], [2706598.86, 1279385.99], [2706600.44, 1279380.51], [2706603.97, 1279374.38], [2706611.21, 1279364.54], [2706617.53, 1279355.81], [2706618.97, 1279353.73], [2706621.78, 1279349.84], [2706623.69, 1279347.0], [2706625.92, 1279342.42], [2706628.52, 1279335.72], [2706630.76, 1279329.89], [2706632.62, 1279321.95]]}}, {"type": "Feature", "properties": {"gemeinde": "Stein am Rhein", "radius_m": 300, "typ": "kandidat_<= 300m"}, "geometry": {"type": "LineString", "coordinates": [[2707503.12, 1279594.48], [2707523.02, 1279596.99], [2707538.89, 1279598.11], [2707541.24, 1279598.23]]}}, {"type": "Feature", "properties": {"gemeinde": "Stein am Rhein", "radius_m": 300, "typ": "kandidat_<= 300m"}, "geometry": {"type": "LineString", "coordinates": [[2706795.86, 1279163.6], [2706798.33, 1279161.07], [2706828.96, 1279129.15], [2706834.73, 1279122.78]]}}, {"type": "Feature", "properties": {"gemeinde": "Stein am Rhein", "radius_m": 300, "typ": "kandidat_<= 300m"}, "geometry": {"type": "LineString", "coordinates": [[2707414.56, 1279596.1], [2707419.83, 1279595.04], [2707430.12, 1279593.31], [2707437.5, 1279592.72], [2707445.74, 1279592.45], [2707462.35, 1279592.96]]}}, {"type": "Feature", "properties": {"gemeinde": "Stein am Rhein", "radius_m": 300, "typ": "kandidat_<= 300m"}, "geometry": {"type": "LineString", "coordinates": [[2707411.11, 1279597.16], [2707414.56, 1279596.1]]}}, {"type": "Feature", "properties": {"gemeinde": "Stein am Rhein", "radius_m": 300, "typ": "kandidat_<= 300m"}, "geometry": {"type": "LineString", "coordinates": [[2707267.13, 1279662.39], [2707286.57, 1279653.14], [2707307.92, 1279642.79], [2707329.2, 1279632.64], [2707359.69, 1279617.96], [2707374.38, 1279610.98], [2707383.41, 1279607.09], [2707395.0, 1279602.55], [2707405.14, 1279599.0], [2707411.11, 1279597.16]]}}, {"type": "Feature", "properties": {"gemeinde": "Stein am Rhein", "radius_m": 300, "typ": "kandidat_<= 300m"}, "geometry": {"type": "LineString", "coordinates": [[2707089.13, 1279729.59], [2707097.51, 1279729.74], [2707108.2, 1279729.3], [2707117.81, 1279728.07], [2707129.8, 1279725.54], [2707141.21, 1279722.35], [2707150.6, 1279718.74], [2707169.6, 1279709.27], [2707204.03, 1279692.93], [2707229.66, 1279680.93], [2707251.02, 1279670.23]]}}, {"type": "Feature", "properties": {"gemeinde": "Stein am Rhein", "radius_m": 300, "typ": "kandidat_<= 300m"}, "geometry": {"type": "LineString", "coordinates": [[2707251.02, 1279670.23], [2707267.13, 1279662.39]]}}, {"type": "Feature", "properties": {"gemeinde": "Stein am Rhein", "radius_m": 300, "typ": "kandidat_<= 300m"}, "geometry": {"type": "LineString", "coordinates": [[2706965.74, 1279739.27], [2706971.18, 1279739.23], [2706981.07, 1279739.24], [2706982.81, 1279739.24]]}}, {"type": "Feature", "properties": {"gemeinde": "Stein am Rhein", "radius_m": 300, "typ": "kandidat_<= 300m"}, "geometry": {"type": "LineString", "coordinates": [[2706855.05, 1279687.69], [2706855.94, 1279693.67], [2706857.18, 1279699.03], [2706858.82, 1279704.33], [2706860.82, 1279708.46], [2706862.05, 1279710.18]]}}, {"type": "Feature", "properties": {"gemeinde": "Stein am Rhein", "radius_m": 300, "typ": "kandidat_<= 300m"}, "geometry": {"type": "LineString", "coordinates": [[2706862.05, 1279710.18], [2706864.6, 1279712.45], [2706869.13, 1279714.3], [2706878.88, 1279716.92], [2706910.08, 1279724.71]]}}, {"type": "Feature", "properties": {"gemeinde": "Stein am Rhein", "radius_m": 300, "typ": "kandidat_<= 300m"}, "geometry": {"type": "LineString", "coordinates": [[2706740.72, 1279686.13], [2706744.52, 1279685.78], [2706750.64, 1279683.51], [2706754.22, 1279682.48], [2706768.11, 1279681.66], [2706779.19, 1279680.77], [2706786.42, 1279678.57], [2706793.36, 1279675.96], [2706808.15, 1279666.87], [2706821.36, 1279659.37], [2706827.2, 1279656.28], [2706829.54, 1279655.73], [2706831.32, 1279655.93], [2706832.97, 1279656.62], [2706834.69, 1279658.13], [2706836.0, 1279660.88], [2706837.31, 1279665.01], [2706840.4, 1279672.23], [2706841.59, 1279674.54], [2706843.98, 1279676.76], [2706847.42, 1279679.17], [2706851.33, 1279681.02], [2706853.53, 1279683.43], [2706855.05, 1279687.69]]}}, {"type": "Feature", "properties": {"gemeinde": "Stein am Rhein", "radius_m": 300, "typ": "kandidat_<= 300m"}, "geometry": {"type": "LineString", "coordinates": [[2706588.86, 1279900.86], [2706583.65, 1279901.61], [2706580.69, 1279903.36], [2706576.85, 1279907.75], [2706570.72, 1279919.36]]}}, {"type": "Feature", "properties": {"gemeinde": "Stein am Rhein", "radius_m": 300, "typ": "kandidat_<= 300m"}, "geometry": {"type": "LineString", "coordinates": [[2706570.72, 1279919.36], [2706557.18, 1279942.19], [2706546.24, 1279960.26], [2706541.29, 1279966.93], [2706537.71, 1279971.19], [2706533.1, 1279974.7]]}}, {"type": "Feature", "properties": {"gemeinde": "Stein am Rhein", "radius_m": 300, "typ": "kandidat_<= 300m"}, "geometry": {"type": "LineString", "coordinates": [[2706723.83, 1279656.27], [2706717.02, 1279643.0]]}}, {"type": "Feature", "properties": {"gemeinde": "Stein am Rhein", "radius_m": 300, "typ": "kandidat_<= 300m"}, "geometry": {"type": "LineString", "coordinates": [[2706584.54, 1279220.81], [2706583.05, 1279216.1], [2706581.89, 1279213.01]]}}, {"type": "Feature", "properties": {"gemeinde": "Stein am Rhein", "radius_m": 300, "typ": "kandidat_<= 300m"}, "geometry": {"type": "LineString", "coordinates": [[2706813.37, 1279929.81], [2706811.17, 1279929.95], [2706808.01, 1279929.74], [2706805.46, 1279929.33], [2706802.51, 1279928.09], [2706800.1, 1279926.44], [2706797.9, 1279924.65], [2706795.56, 1279921.83], [2706786.01, 1279908.97], [2706774.87, 1279893.43], [2706772.87, 1279891.44]]}}, {"type": "Feature", "properties": {"gemeinde": "Stein am Rhein", "radius_m": 300, "typ": "kandidat_<= 300m"}, "geometry": {"type": "LineString", "coordinates": [[2706533.1, 1279974.7], [2706519.35, 1279982.05], [2706500.86, 1279991.27], [2706455.15, 1280015.14], [2706438.24, 1280025.18], [2706421.19, 1280033.91], [2706400.92, 1280042.92], [2706384.35, 1280050.07], [2706361.25, 1280058.8], [2706348.18, 1280064.79], [2706325.09, 1280076.27], [2706295.45, 1280091.32], [2706256.27, 1280109.88], [2706247.27, 1280113.69]]}}, {"type": "Feature", "properties": {"gemeinde": "Stein am Rhein", "radius_m": 300, "typ": "kandidat_<= 300m"}, "geometry": {"type": "LineString", "coordinates": [[2706767.17, 1279887.66], [2706764.97, 1279886.97], [2706762.28, 1279886.49], [2706760.5, 1279886.42]]}}, {"type": "Feature", "properties": {"gemeinde": "Stein am Rhein", "radius_m": 300, "typ": "kandidat_<= 300m"}, "geometry": {"type": "LineString", "coordinates": [[2706760.5, 1279886.42], [2706757.4, 1279886.76], [2706753.13, 1279888.07], [2706748.87, 1279889.79], [2706745.23, 1279890.96], [2706742.54, 1279891.17], [2706737.04, 1279892.27]]}}, {"type": "Feature", "properties": {"gemeinde": "Stein am Rhein", "radius_m": 300, "typ": "kandidat_<= 300m"}, "geometry": {"type": "LineString", "coordinates": [[2706737.04, 1279892.27], [2706713.25, 1279902.79], [2706700.05, 1279908.77], [2706683.0, 1279913.31], [2706670.27, 1279915.92], [2706646.26, 1279918.25], [2706645.23, 1279918.25]]}}, {"type": "Feature", "properties": {"gemeinde": "Stein am Rhein", "radius_m": 300, "typ": "kandidat_<= 300m"}, "geometry": {"type": "LineString", "coordinates": [[2706674.61, 1279287.35], [2706683.1, 1279278.72], [2706700.6, 1279260.83]]}}, {"type": "Feature", "properties": {"gemeinde": "Stein am Rhein", "radius_m": 300, "typ": "kandidat_<= 300m"}, "geometry": {"type": "LineString", "coordinates": [[2706700.6, 1279260.83], [2706727.6, 1279232.75], [2706756.51, 1279203.58], [2706776.99, 1279182.93]]}}, {"type": "Feature", "properties": {"gemeinde": "Stein am Rhein", "radius_m": 300, "typ": "kandidat_<= 300m"}, "geometry": {"type": "LineString", "coordinates": [[2706442.13, 1279121.69], [2706432.47, 1279115.78], [2706424.79, 1279110.62], [2706413.76, 1279103.0], [2706410.19, 1279100.17]]}}, {"type": "Feature", "properties": {"gemeinde": "Stein am Rhein", "radius_m": 300, "typ": "kandidat_<= 300m"}, "geometry": {"type": "LineString", "coordinates": [[2706632.62, 1279321.95], [2706629.09, 1279309.16], [2706621.96, 1279298.62], [2706614.73, 1279286.43], [2706607.96, 1279275.01], [2706602.54, 1279266.69], [2706600.54, 1279263.65]]}}, {"type": "Feature", "properties": {"gemeinde": "Stein am Rhein", "radius_m": 300, "typ": "kandidat_<= 300m"}, "geometry": {"type": "LineString", "coordinates": [[2706600.54, 1279263.65], [2706595.12, 1279252.94], [2706590.99, 1279243.33], [2706587.89, 1279233.91], [2706585.83, 1279226.43], [2706584.54, 1279220.81]]}}, {"type": "Feature", "properties": {"gemeinde": "Stein am Rhein", "radius_m": 300, "typ": "kandidat_<= 300m"}, "geometry": {"type": "LineString", "coordinates": [[2706776.99, 1279182.93], [2706795.86, 1279163.6]]}}, {"type": "Feature", "properties": {"gemeinde": "Stein am Rhein", "radius_m": 300, "typ": "kandidat_<= 300m"}, "geometry": {"type": "LineString", "coordinates": [[2706834.73, 1279122.78], [2706839.28, 1279118.23]]}}, {"type": "Feature", "properties": {"gemeinde": "Stein am Rhein", "radius_m": 300, "typ": "kandidat_<= 300m"}, "geometry": {"type": "LineString", "coordinates": [[2706564.78, 1279387.42], [2706567.38, 1279385.78], [2706581.05, 1279375.78], [2706590.28, 1279368.82], [2706599.63, 1279361.85], [2706615.92, 1279345.42], [2706623.48, 1279336.72], [2706632.62, 1279321.95]]}}, {"type": "Feature", "properties": {"gemeinde": "Stein am Rhein", "radius_m": 300, "typ": "kandidat_<= 300m"}, "geometry": {"type": "LineString", "coordinates": [[2706632.62, 1279321.95], [2706645.27, 1279318.19], [2706649.58, 1279315.58], [2706655.27, 1279310.38], [2706667.89, 1279294.45], [2706674.61, 1279287.35]]}}, {"type": "Feature", "properties": {"gemeinde": "Stein am Rhein", "radius_m": 300, "typ": "kandidat_<= 300m"}, "geometry": {"type": "LineString", "coordinates": [[2707018.15, 1279733.28], [2707022.98, 1279732.08], [2707023.84, 1279731.94]]}}, {"type": "Feature", "properties": {"gemeinde": "Stein am Rhein", "radius_m": 300, "typ": "kandidat_<= 300m"}, "geometry": {"type": "LineString", "coordinates": [[2706717.02, 1279643.0], [2706713.95, 1279635.32], [2706712.18, 1279630.91]]}}, {"type": "Feature", "properties": {"gemeinde": "Stein am Rhein", "radius_m": 300, "typ": "kandidat_<= 300m"}, "geometry": {"type": "LineString", "coordinates": [[2706712.18, 1279630.91], [2706712.18, 1279630.91]]}}, {"type": "Feature", "properties": {"gemeinde": "Stein am Rhein", "radius_m": 300, "typ": "kandidat_<= 300m"}, "geometry": {"type": "LineString", "coordinates": [[2706941.85, 1279742.94], [2706936.84, 1279745.1], [2706932.29, 1279750.54], [2706927.97, 1279756.75], [2706921.78, 1279763.7], [2706902.4, 1279784.04], [2706882.88, 1279805.22], [2706877.58, 1279811.89], [2706872.29, 1279819.58], [2706866.38, 1279827.83], [2706861.7, 1279835.4]]}}, {"type": "Feature", "properties": {"gemeinde": "Stein am Rhein", "radius_m": 300, "typ": "kandidat_<= 300m"}, "geometry": {"type": "LineString", "coordinates": [[2706910.08, 1279724.71], [2706916.75, 1279726.91], [2706924.46, 1279730.0], [2706930.16, 1279733.1], [2706938.38, 1279737.58], [2706941.85, 1279742.94]]}}, {"type": "Feature", "properties": {"gemeinde": "Stein am Rhein", "radius_m": 300, "typ": "kandidat_<= 300m"}, "geometry": {"type": "LineString", "coordinates": [[2706645.23, 1279918.25], [2706637.52, 1279918.59], [2706630.23, 1279917.76], [2706622.6, 1279915.77], [2706615.46, 1279912.61], [2706606.18, 1279906.84], [2706599.45, 1279902.78], [2706596.21, 1279901.55], [2706592.57, 1279900.86], [2706590.03, 1279900.86], [2706588.86, 1279900.86]]}}, {"type": "Feature", "properties": {"gemeinde": "Stein am Rhein", "radius_m": 300, "typ": "kandidat_<= 300m"}, "geometry": {"type": "LineString", "coordinates": [[2706861.7, 1279835.4], [2706858.06, 1279842.13], [2706854.35, 1279850.11], [2706840.53, 1279880.3], [2706824.58, 1279915.44], [2706822.58, 1279919.7], [2706820.73, 1279923.62], [2706818.94, 1279926.23], [2706816.53, 1279928.64], [2706814.26, 1279929.67], [2706813.37, 1279929.81]]}}, {"type": "Feature", "properties": {"gemeinde": "Stein am Rhein", "radius_m": 300, "typ": "kandidat_<= 300m"}, "geometry": {"type": "LineString", "coordinates": [[2706740.72, 1279686.13], [2706738.1, 1279685.51], [2706736.1, 1279683.82], [2706734.64, 1279681.36], [2706733.41, 1279678.2], [2706731.41, 1279672.66], [2706729.33, 1279667.74], [2706727.56, 1279663.43], [2706725.4, 1279659.19], [2706723.83, 1279656.27]]}}, {"type": "Feature", "properties": {"gemeinde": "Neuhausen am Rheinfall", "radius_m": 100, "typ": "kandidat_<= 100m"}, "geometry": {"type": "LineString", "coordinates": [[2688870.82, 1282784.81], [2688869.82, 1282794.98], [2688865.62, 1282828.82], [2688862.96, 1282849.83], [2688859.6, 1282868.72]]}}, {"type": "Feature", "properties": {"gemeinde": "Neuhausen am Rheinfall", "radius_m": 100, "typ": "kandidat_<= 100m"}, "geometry": {"type": "LineString", "coordinates": [[2688937.99, 1283122.71], [2688946.83, 1283124.52], [2688962.2, 1283126.55]]}}, {"type": "Feature", "properties": {"gemeinde": "Neuhausen am Rheinfall", "radius_m": 100, "typ": "kandidat_<= 100m"}, "geometry": {"type": "LineString", "coordinates": [[2688857.88, 1282878.36], [2688855.0, 1282892.45]]}}, {"type": "Feature", "properties": {"gemeinde": "Neuhausen am Rheinfall", "radius_m": 100, "typ": "kandidat_<= 100m"}, "geometry": {"type": "LineString", "coordinates": [[2689014.51, 1283136.48], [2689016.8, 1283136.87]]}}, {"type": "Feature", "properties": {"gemeinde": "Neuhausen am Rheinfall", "radius_m": 100, "typ": "kandidat_<= 100m"}, "geometry": {"type": "LineString", "coordinates": [[2688962.2, 1283126.55], [2688989.28, 1283130.24], [2689014.51, 1283136.48]]}}, {"type": "Feature", "properties": {"gemeinde": "Neuhausen am Rheinfall", "radius_m": 100, "typ": "kandidat_<= 100m"}, "geometry": {"type": "LineString", "coordinates": [[2688859.6, 1282868.72], [2688857.88, 1282878.36]]}}, {"type": "Feature", "properties": {"gemeinde": "Neuhausen am Rheinfall", "radius_m": 100, "typ": "kandidat_<= 100m"}, "geometry": {"type": "LineString", "coordinates": [[2689016.8, 1283136.87], [2689016.8, 1283136.87]]}}, {"type": "Feature", "properties": {"gemeinde": "Neuhausen am Rheinfall", "radius_m": 300, "typ": "kandidat_<= 300m"}, "geometry": {"type": "LineString", "coordinates": [[2688871.3, 1282779.89], [2688869.82, 1282794.98], [2688865.62, 1282828.82], [2688862.96, 1282849.83], [2688859.6, 1282868.72]]}}, {"type": "Feature", "properties": {"gemeinde": "Neuhausen am Rheinfall", "radius_m": 300, "typ": "kandidat_<= 300m"}, "geometry": {"type": "LineString", "coordinates": [[2688730.06, 1282259.03], [2688749.0, 1282292.77], [2688753.52, 1282300.83], [2688760.0, 1282313.3]]}}, {"type": "Feature", "properties": {"gemeinde": "Neuhausen am Rheinfall", "radius_m": 300, "typ": "kandidat_<= 300m"}, "geometry": {"type": "LineString", "coordinates": [[2688760.0, 1282313.3], [2688772.61, 1282342.29], [2688777.97, 1282353.02]]}}, {"type": "Feature", "properties": {"gemeinde": "Neuhausen am Rheinfall", "radius_m": 300, "typ": "kandidat_<= 300m"}, "geometry": {"type": "LineString", "coordinates": [[2688777.97, 1282353.02], [2688788.48, 1282376.49], [2688803.39, 1282409.0]]}}, {"type": "Feature", "properties": {"gemeinde": "Neuhausen am Rheinfall", "radius_m": 300, "typ": "kandidat_<= 300m"}, "geometry": {"type": "LineString", "coordinates": [[2688803.39, 1282409.0], [2688814.76, 1282433.94], [2688828.57, 1282462.41], [2688853.19, 1282514.48], [2688855.1, 1282518.21]]}}, {"type": "Feature", "properties": {"gemeinde": "Neuhausen am Rheinfall", "radius_m": 300, "typ": "kandidat_<= 300m"}, "geometry": {"type": "LineString", "coordinates": [[2688872.65, 1282548.24], [2688873.42, 1282560.72], [2688874.74, 1282571.65], [2688875.52, 1282583.28]]}}, {"type": "Feature", "properties": {"gemeinde": "Neuhausen am Rheinfall", "radius_m": 300, "typ": "kandidat_<= 300m"}, "geometry": {"type": "LineString", "coordinates": [[2688861.73, 1283115.08], [2688868.66, 1283107.78], [2688878.56, 1283109.1]]}}, {"type": "Feature", "properties": {"gemeinde": "Neuhausen am Rheinfall", "radius_m": 300, "typ": "kandidat_<= 300m"}, "geometry": {"type": "LineString", "coordinates": [[2688878.56, 1283109.1], [2688883.07, 1283110.95], [2688889.07, 1283112.36], [2688897.8, 1283114.44], [2688912.65, 1283117.5], [2688946.83, 1283124.52], [2688962.2, 1283126.55]]}}, {"type": "Feature", "properties": {"gemeinde": "Neuhausen am Rheinfall", "radius_m": 300, "typ": "kandidat_<= 300m"}, "geometry": {"type": "LineString", "coordinates": [[2688857.88, 1282878.36], [2688854.36, 1282895.56], [2688841.57, 1282925.69], [2688835.46, 1282939.17]]}}, {"type": "Feature", "properties": {"gemeinde": "Neuhausen am Rheinfall", "radius_m": 300, "typ": "kandidat_<= 300m"}, "geometry": {"type": "LineString", "coordinates": [[2688513.3, 1281955.39], [2688507.82, 1281955.47], [2688498.4, 1281955.62], [2688492.08, 1281956.86]]}}, {"type": "Feature", "properties": {"gemeinde": "Neuhausen am Rheinfall", "radius_m": 300, "typ": "kandidat_<= 300m"}, "geometry": {"type": "LineString", "coordinates": [[2688492.08, 1281956.86], [2688485.6, 1281959.63], [2688474.02, 1281965.03]]}}, {"type": "Feature", "properties": {"gemeinde": "Neuhausen am Rheinfall", "radius_m": 300, "typ": "kandidat_<= 300m"}, "geometry": {"type": "LineString", "coordinates": [[2688474.02, 1281965.03], [2688448.1, 1281976.07], [2688395.71, 1281998.14], [2688389.46, 1282000.53]]}}, {"type": "Feature", "properties": {"gemeinde": "Neuhausen am Rheinfall", "radius_m": 300, "typ": "kandidat_<= 300m"}, "geometry": {"type": "LineString", "coordinates": [[2688389.46, 1282000.53], [2688319.09, 1282032.01], [2688291.93, 1282043.81]]}}, {"type": "Feature", "properties": {"gemeinde": "Neuhausen am Rheinfall", "radius_m": 300, "typ": "kandidat_<= 300m"}, "geometry": {"type": "LineString", "coordinates": [[2688291.93, 1282043.81], [2688246.25, 1282063.88]]}}, {"type": "Feature", "properties": {"gemeinde": "Neuhausen am Rheinfall", "radius_m": 300, "typ": "kandidat_<= 300m"}, "geometry": {"type": "LineString", "coordinates": [[2688246.25, 1282063.88], [2688194.97, 1282086.39]]}}, {"type": "Feature", "properties": {"gemeinde": "Neuhausen am Rheinfall", "radius_m": 300, "typ": "kandidat_<= 300m"}, "geometry": {"type": "LineString", "coordinates": [[2688513.3, 1281955.39], [2688517.88, 1281958.97], [2688523.74, 1281964.23], [2688528.39, 1281968.75], [2688533.03, 1281972.54], [2688539.14, 1281979.02], [2688548.55, 1281990.63], [2688558.94, 1282002.61], [2688574.46, 1282023.14], [2688589.5, 1282044.16], [2688612.97, 1282076.68], [2688642.42, 1282117.99], [2688682.88, 1282175.8], [2688688.75, 1282184.6], [2688705.25, 1282214.3], [2688730.06, 1282259.03]]}}, {"type": "Feature", "properties": {"gemeinde": "Neuhausen am Rheinfall", "radius_m": 300, "typ": "kandidat_<= 300m"}, "geometry": {"type": "LineString", "coordinates": [[2689014.51, 1283136.48], [2689016.8, 1283136.87]]}}, {"type": "Feature", "properties": {"gemeinde": "Neuhausen am Rheinfall", "radius_m": 300, "typ": "kandidat_<= 300m"}, "geometry": {"type": "LineString", "coordinates": [[2688962.2, 1283126.55], [2688989.28, 1283130.24], [2689014.51, 1283136.48]]}}, {"type": "Feature", "properties": {"gemeinde": "Neuhausen am Rheinfall", "radius_m": 300, "typ": "kandidat_<= 300m"}, "geometry": {"type": "LineString", "coordinates": [[2688855.1, 1282518.21], [2688860.11, 1282524.2], [2688866.17, 1282535.34], [2688872.65, 1282548.24]]}}, {"type": "Feature", "properties": {"gemeinde": "Neuhausen am Rheinfall", "radius_m": 300, "typ": "kandidat_<= 300m"}, "geometry": {"type": "LineString", "coordinates": [[2687905.91, 1281928.22], [2687900.27, 1281920.75], [2687892.71, 1281911.05], [2687883.33, 1281899.36], [2687872.2, 1281886.17], [2687854.48, 1281864.78], [2687843.19, 1281851.9], [2687827.21, 1281832.59]]}}, {"type": "Feature", "properties": {"gemeinde": "Neuhausen am Rheinfall", "radius_m": 300, "typ": "kandidat_<= 300m"}, "geometry": {"type": "LineString", "coordinates": [[2687827.21, 1281832.59], [2687814.65, 1281816.77], [2687803.42, 1281801.98], [2687788.81, 1281785.05]]}}, {"type": "Feature", "properties": {"gemeinde": "Neuhausen am Rheinfall", "radius_m": 300, "typ": "kandidat_<= 300m"}, "geometry": {"type": "LineString", "coordinates": [[2687788.81, 1281785.05], [2687780.94, 1281775.59]]}}, {"type": "Feature", "properties": {"gemeinde": "Neuhausen am Rheinfall", "radius_m": 300, "typ": "kandidat_<= 300m"}, "geometry": {"type": "LineString", "coordinates": [[2687780.94, 1281775.59], [2687776.49, 1281768.83], [2687766.87, 1281756.75], [2687744.45, 1281728.13], [2687731.02, 1281711.12]]}}, {"type": "Feature", "properties": {"gemeinde": "Neuhausen am Rheinfall", "radius_m": 300, "typ": "kandidat_<= 300m"}, "geometry": {"type": "LineString", "coordinates": [[2688859.6, 1282868.72], [2688857.88, 1282878.36]]}}, {"type": "Feature", "properties": {"gemeinde": "Neuhausen am Rheinfall", "radius_m": 300, "typ": "kandidat_<= 300m"}, "geometry": {"type": "LineString", "coordinates": [[2688825.65, 1283040.81], [2688826.06, 1283042.23], [2688832.54, 1283064.61], [2688836.68, 1283079.85], [2688842.23, 1283091.72], [2688846.02, 1283096.97], [2688852.81, 1283106.36], [2688855.5, 1283108.99], [2688861.73, 1283115.08]]}}, {"type": "Feature", "properties": {"gemeinde": "Neuhausen am Rheinfall", "radius_m": 300, "typ": "kandidat_<= 300m"}, "geometry": {"type": "LineString", "coordinates": [[2688820.35, 1282987.23], [2688819.82, 1282991.21], [2688819.82, 1283009.26], [2688825.65, 1283040.81]]}}, {"type": "Feature", "properties": {"gemeinde": "Neuhausen am Rheinfall", "radius_m": 300, "typ": "kandidat_<= 300m"}, "geometry": {"type": "LineString", "coordinates": [[2688880.22, 1282693.18], [2688880.04, 1282695.06], [2688878.22, 1282712.45], [2688872.07, 1282772.02], [2688871.3, 1282779.89]]}}, {"type": "Feature", "properties": {"gemeinde": "Neuhausen am Rheinfall", "radius_m": 300, "typ": "kandidat_<= 300m"}, "geometry": {"type": "LineString", "coordinates": [[2688875.52, 1282583.28], [2688876.87, 1282595.27], [2688878.77, 1282608.3], [2688880.76, 1282621.25], [2688882.35, 1282638.89], [2688882.51, 1282649.46], [2688882.43, 1282663.44], [2688881.79, 1282676.78], [2688880.22, 1282693.18]]}}, {"type": "Feature", "properties": {"gemeinde": "Neuhausen am Rheinfall", "radius_m": 300, "typ": "kandidat_<= 300m"}, "geometry": {"type": "LineString", "coordinates": [[2687731.02, 1281711.12], [2687697.79, 1281669.23], [2687675.29, 1281640.37], [2687657.09, 1281618.19], [2687651.68, 1281611.75], [2687648.5, 1281608.57]]}}, {"type": "Feature", "properties": {"gemeinde": "Neuhausen am Rheinfall", "radius_m": 300, "typ": "kandidat_<= 300m"}, "geometry": {"type": "LineString", "coordinates": [[2687648.5, 1281608.57], [2687641.83, 1281601.89], [2687635.23, 1281595.93], [2687625.45, 1281587.27], [2687624.65, 1281586.55]]}}, {"type": "Feature", "properties": {"gemeinde": "Neuhausen am Rheinfall", "radius_m": 300, "typ": "kandidat_<= 300m"}, "geometry": {"type": "LineString", "coordinates": [[2687624.65, 1281586.55], [2687615.12, 1281579.0], [2687608.6, 1281574.07], [2687597.23, 1281566.76]]}}, {"type": "Feature", "properties": {"gemeinde": "Neuhausen am Rheinfall", "radius_m": 300, "typ": "kandidat_<= 300m"}, "geometry": {"type": "LineString", "coordinates": [[2687597.23, 1281566.76], [2687581.36, 1281556.85], [2687566.6, 1281547.86], [2687552.28, 1281540.66], [2687541.88, 1281536.23], [2687536.1, 1281533.28], [2687529.61, 1281529.19], [2687513.06, 1281520.48], [2687502.84, 1281515.05], [2687496.71, 1281511.2]]}}, {"type": "Feature", "properties": {"gemeinde": "Neuhausen am Rheinfall", "radius_m": 300, "typ": "kandidat_<= 300m"}, "geometry": {"type": "LineString", "coordinates": [[2687933.9, 1281964.61], [2687933.62, 1281964.25], [2687920.41, 1281948.4], [2687905.91, 1281928.22]]}}, {"type": "Feature", "properties": {"gemeinde": "Neuhausen am Rheinfall", "radius_m": 300, "typ": "kandidat_<= 300m"}, "geometry": {"type": "LineString", "coordinates": [[2689016.8, 1283136.87], [2689016.8, 1283136.87]]}}, {"type": "Feature", "properties": {"gemeinde": "Thayngen", "radius_m": 100, "typ": "kandidat_<= 100m"}, "geometry": {"type": "LineString", "coordinates": [[2694975.02, 1289118.44], [2694971.61, 1289118.52], [2694967.54, 1289119.41], [2694963.75, 1289121.04], [2694960.19, 1289122.75], [2694958.33, 1289123.45], [2694955.96, 1289123.72]]}}, {"type": "Feature", "properties": {"gemeinde": "Thayngen", "radius_m": 100, "typ": "kandidat_<= 100m"}, "geometry": {"type": "LineString", "coordinates": [[2694955.96, 1289123.72], [2694953.02, 1289123.87], [2694951.35, 1289123.95], [2694945.26, 1289123.9], [2694929.26, 1289123.29], [2694909.76, 1289122.62], [2694894.58, 1289122.35], [2694885.69, 1289122.31], [2694874.77, 1289122.71]]}}, {"type": "Feature", "properties": {"gemeinde": "Thayngen", "radius_m": 100, "typ": "kandidat_<= 100m"}, "geometry": {"type": "LineString", "coordinates": [[2694874.77, 1289122.71], [2694865.89, 1289123.26], [2694859.45, 1289124.69], [2694853.15, 1289125.7], [2694851.29, 1289125.84]]}}, {"type": "Feature", "properties": {"gemeinde": "Thayngen", "radius_m": 100, "typ": "kandidat_<= 100m"}, "geometry": {"type": "LineString", "coordinates": [[2694851.29, 1289125.84], [2694825.65, 1289126.0], [2694818.15, 1289125.92]]}}, {"type": "Feature", "properties": {"gemeinde": "Thayngen", "radius_m": 100, "typ": "kandidat_<= 100m"}, "geometry": {"type": "LineString", "coordinates": [[2692853.76, 1292143.29], [2692856.66, 1292141.41], [2692866.41, 1292135.16], [2692878.7, 1292128.7], [2692889.19, 1292123.93], [2692904.13, 1292117.47]]}}, {"type": "Feature", "properties": {"gemeinde": "Thayngen", "radius_m": 100, "typ": "kandidat_<= 100m"}, "geometry": {"type": "LineString", "coordinates": [[2692853.61, 1292143.39], [2692853.76, 1292143.29]]}}, {"type": "Feature", "properties": {"gemeinde": "Thayngen", "radius_m": 100, "typ": "kandidat_<= 100m"}, "geometry": {"type": "LineString", "coordinates": [[2692910.91, 1292114.5], [2692925.74, 1292109.63], [2692949.58, 1292102.53], [2692961.45, 1292098.3]]}}, {"type": "Feature", "properties": {"gemeinde": "Thayngen", "radius_m": 100, "typ": "kandidat_<= 100m"}, "geometry": {"type": "LineString", "coordinates": [[2692904.13, 1292117.47], [2692910.91, 1292114.5]]}}, {"type": "Feature", "properties": {"gemeinde": "Thayngen", "radius_m": 300, "typ": "kandidat_<= 300m"}, "geometry": {"type": "LineString", "coordinates": [[2695021.09, 1288919.64], [2695013.97, 1288906.58]]}}, {"type": "Feature", "properties": {"gemeinde": "Thayngen", "radius_m": 300, "typ": "kandidat_<= 300m"}, "geometry": {"type": "LineString", "coordinates": [[2694341.25, 1289360.86], [2694330.93, 1289360.54], [2694320.5, 1289359.4], [2694309.24, 1289358.04], [2694300.79, 1289356.47], [2694293.08, 1289355.01]]}}, {"type": "Feature", "properties": {"gemeinde": "Thayngen", "radius_m": 300, "typ": "kandidat_<= 300m"}, "geometry": {"type": "LineString", "coordinates": [[2695055.79, 1289106.77], [2695051.41, 1289113.67], [2695047.55, 1289120.15], [2695043.46, 1289124.91], [2695039.61, 1289128.03], [2695035.97, 1289129.89], [2695031.74, 1289131.45], [2695026.68, 1289131.68], [2695021.56, 1289130.93], [2695014.79, 1289129.07], [2694982.02, 1289120.15], [2694975.19, 1289118.44], [2694971.61, 1289118.52], [2694967.54, 1289119.41], [2694963.75, 1289121.04], [2694960.19, 1289122.75], [2694958.33, 1289123.45], [2694955.96, 1289123.72]]}}, {"type": "Feature", "properties": {"gemeinde": "Thayngen", "radius_m": 300, "typ": "kandidat_<= 300m"}, "geometry": {"type": "LineString", "coordinates": [[2694533.92, 1289320.84], [2694507.76, 1289329.48]]}}, {"type": "Feature", "properties": {"gemeinde": "Thayngen", "radius_m": 300, "typ": "kandidat_<= 300m"}, "geometry": {"type": "LineString", "coordinates": [[2694955.96, 1289123.72], [2694953.02, 1289123.87], [2694951.35, 1289123.95], [2694945.26, 1289123.9], [2694929.26, 1289123.29], [2694909.76, 1289122.62], [2694894.58, 1289122.35], [2694885.69, 1289122.31], [2694874.77, 1289122.71]]}}, {"type": "Feature", "properties": {"gemeinde": "Thayngen", "radius_m": 300, "typ": "kandidat_<= 300m"}, "geometry": {"type": "LineString", "coordinates": [[2694874.77, 1289122.71], [2694865.89, 1289123.26], [2694859.45, 1289124.69], [2694853.15, 1289125.7], [2694851.29, 1289125.84]]}}, {"type": "Feature", "properties": {"gemeinde": "Thayngen", "radius_m": 300, "typ": "kandidat_<= 300m"}, "geometry": {"type": "LineString", "coordinates": [[2694851.29, 1289125.84], [2694825.65, 1289126.0], [2694797.15, 1289125.72], [2694728.81, 1289124.58], [2694700.16, 1289124.3], [2694691.42, 1289124.87], [2694685.4, 1289126.74], [2694679.25, 1289130.17], [2694676.12, 1289132.77]]}}, {"type": "Feature", "properties": {"gemeinde": "Thayngen", "radius_m": 300, "typ": "kandidat_<= 300m"}, "geometry": {"type": "LineString", "coordinates": [[2692853.76, 1292143.29], [2692856.66, 1292141.41], [2692866.41, 1292135.16], [2692878.7, 1292128.7], [2692889.19, 1292123.93], [2692904.13, 1292117.47]]}}, {"type": "Feature", "properties": {"gemeinde": "Thayngen", "radius_m": 300, "typ": "kandidat_<= 300m"}, "geometry": {"type": "LineString", "coordinates": [[2694293.08, 1289355.01], [2694288.51, 1289354.23]]}}, {"type": "Feature", "properties": {"gemeinde": "Thayngen", "radius_m": 300, "typ": "kandidat_<= 300m"}, "geometry": {"type": "LineString", "coordinates": [[2694507.76, 1289329.48], [2694491.61, 1289334.79], [2694477.23, 1289339.17], [2694463.57, 1289342.92], [2694451.37, 1289345.83], [2694438.33, 1289348.86], [2694433.12, 1289350.11]]}}, {"type": "Feature", "properties": {"gemeinde": "Thayngen", "radius_m": 300, "typ": "kandidat_<= 300m"}, "geometry": {"type": "LineString", "coordinates": [[2694426.55, 1289351.67], [2694415.19, 1289354.27], [2694399.23, 1289356.78], [2694385.47, 1289358.45], [2694367.74, 1289359.81], [2694356.69, 1289360.54], [2694346.36, 1289360.85], [2694341.25, 1289360.86]]}}, {"type": "Feature", "properties": {"gemeinde": "Thayngen", "radius_m": 300, "typ": "kandidat_<= 300m"}, "geometry": {"type": "LineString", "coordinates": [[2694676.12, 1289132.77], [2694673.42, 1289137.25], [2694671.65, 1289142.25], [2694670.09, 1289150.27], [2694667.38, 1289165.69], [2694661.27, 1289204.75]]}}, {"type": "Feature", "properties": {"gemeinde": "Thayngen", "radius_m": 300, "typ": "kandidat_<= 300m"}, "geometry": {"type": "LineString", "coordinates": [[2694651.61, 1289264.51], [2694648.27, 1289284.85], [2694646.5, 1289290.27], [2694644.0, 1289294.03], [2694640.04, 1289298.2], [2694638.5, 1289299.69]]}}, {"type": "Feature", "properties": {"gemeinde": "Thayngen", "radius_m": 300, "typ": "kandidat_<= 300m"}, "geometry": {"type": "LineString", "coordinates": [[2694638.5, 1289299.69], [2694636.78, 1289301.28], [2694633.45, 1289303.31], [2694630.97, 1289303.73], [2694622.21, 1289305.4], [2694606.89, 1289306.86], [2694596.26, 1289307.8], [2694584.17, 1289309.48], [2694568.54, 1289312.19], [2694556.02, 1289315.0], [2694541.22, 1289318.76], [2694533.92, 1289320.84]]}}, {"type": "Feature", "properties": {"gemeinde": "Thayngen", "radius_m": 300, "typ": "kandidat_<= 300m"}, "geometry": {"type": "LineString", "coordinates": [[2695024.52, 1289062.34], [2695017.37, 1289051.84], [2695011.83, 1289044.52], [2695006.52, 1289036.22], [2695001.5, 1289026.24], [2694997.75, 1289017.71], [2694995.91, 1289011.48], [2694994.7, 1289006.98], [2694993.31, 1288995.73]]}}, {"type": "Feature", "properties": {"gemeinde": "Thayngen", "radius_m": 300, "typ": "kandidat_<= 300m"}, "geometry": {"type": "LineString", "coordinates": [[2694993.31, 1288995.73], [2694993.54, 1288988.75], [2694994.35, 1288977.97], [2694995.16, 1288971.27], [2694996.78, 1288962.63], [2694998.74, 1288954.73], [2695001.33, 1288948.56], [2695004.1, 1288943.08], [2695010.64, 1288933.57], [2695021.09, 1288919.64]]}}, {"type": "Feature", "properties": {"gemeinde": "Thayngen", "radius_m": 300, "typ": "kandidat_<= 300m"}, "geometry": {"type": "LineString", "coordinates": [[2694661.27, 1289204.75], [2694651.61, 1289264.51]]}}, {"type": "Feature", "properties": {"gemeinde": "Thayngen", "radius_m": 300, "typ": "kandidat_<= 300m"}, "geometry": {"type": "LineString", "coordinates": [[2695055.79, 1289106.77], [2695038.82, 1289082.78], [2695029.6, 1289069.95], [2695024.52, 1289062.34]]}}, {"type": "Feature", "properties": {"gemeinde": "Thayngen", "radius_m": 300, "typ": "kandidat_<= 300m"}, "geometry": {"type": "LineString", "coordinates": [[2692701.58, 1292219.55], [2692719.53, 1292212.97], [2692749.13, 1292201.78]]}}, {"type": "Feature", "properties": {"gemeinde": "Thayngen", "radius_m": 300, "typ": "kandidat_<= 300m"}, "geometry": {"type": "LineString", "coordinates": [[2694433.12, 1289350.11], [2694426.55, 1289351.67]]}}, {"type": "Feature", "properties": {"gemeinde": "Thayngen", "radius_m": 300, "typ": "kandidat_<= 300m"}, "geometry": {"type": "LineString", "coordinates": [[2692647.49, 1292239.85], [2692692.05, 1292223.12]]}}, {"type": "Feature", "properties": {"gemeinde": "Thayngen", "radius_m": 300, "typ": "kandidat_<= 300m"}, "geometry": {"type": "LineString", "coordinates": [[2692749.13, 1292201.78], [2692760.13, 1292197.74], [2692772.15, 1292192.67], [2692784.0, 1292187.22], [2692796.4, 1292180.54], [2692814.16, 1292169.74]]}}, {"type": "Feature", "properties": {"gemeinde": "Thayngen", "radius_m": 300, "typ": "kandidat_<= 300m"}, "geometry": {"type": "LineString", "coordinates": [[2692692.05, 1292223.12], [2692701.58, 1292219.55]]}}, {"type": "Feature", "properties": {"gemeinde": "Thayngen", "radius_m": 300, "typ": "kandidat_<= 300m"}, "geometry": {"type": "LineString", "coordinates": [[2692814.16, 1292169.74], [2692821.49, 1292165.14], [2692829.33, 1292160.06], [2692837.49, 1292154.34], [2692846.17, 1292148.19], [2692853.76, 1292143.29]]}}, {"type": "Feature", "properties": {"gemeinde": "Thayngen", "radius_m": 300, "typ": "kandidat_<= 300m"}, "geometry": {"type": "LineString", "coordinates": [[2692910.91, 1292114.5], [2692925.74, 1292109.63], [2692949.58, 1292102.53], [2692963.25, 1292097.65], [2692977.44, 1292092.04], [2692990.26, 1292086.21], [2693004.78, 1292078.69], [2693017.28, 1292071.17], [2693023.65, 1292067.2]]}}, {"type": "Feature", "properties": {"gemeinde": "Thayngen", "radius_m": 300, "typ": "kandidat_<= 300m"}, "geometry": {"type": "LineString", "coordinates": [[2692904.13, 1292117.47], [2692910.91, 1292114.5]]}}, {"type": "Feature", "properties": {"gemeinde": "Thayngen", "radius_m": 300, "typ": "kandidat_<= 300m"}, "geometry": {"type": "LineString", "coordinates": [[2693089.33, 1291981.96], [2693092.19, 1291955.47], [2693093.35, 1291940.0], [2693094.09, 1291932.58], [2693095.37, 1291925.91], [2693097.48, 1291918.71], [2693100.45, 1291911.18], [2693104.48, 1291902.92], [2693114.54, 1291886.18], [2693115.75, 1291884.19]]}}, {"type": "Feature", "properties": {"gemeinde": "Thayngen", "radius_m": 300, "typ": "kandidat_<= 300m"}, "geometry": {"type": "LineString", "coordinates": [[2693023.65, 1292067.2], [2693028.51, 1292064.17], [2693041.54, 1292055.27], [2693050.97, 1292047.65], [2693059.24, 1292039.8], [2693066.12, 1292032.07], [2693074.49, 1292021.16], [2693081.59, 1292009.19], [2693082.98, 1292005.64]]}}, {"type": "Feature", "properties": {"gemeinde": "Thayngen", "radius_m": 300, "typ": "kandidat_<= 300m"}, "geometry": {"type": "LineString", "coordinates": [[2693082.98, 1292005.64], [2693085.83, 1291998.38], [2693088.58, 1291987.25], [2693089.33, 1291981.96]]}}, {"type": "Feature", "properties": {"gemeinde": "Wilchingen", "radius_m": 300, "typ": "kandidat_<= 300m"}, "geometry": {"type": "LineString", "coordinates": [[2677118.07, 1280164.96], [2677106.77, 1280165.79], [2677092.59, 1280167.39], [2677077.71, 1280168.46], [2677069.17, 1280169.38], [2677050.18, 1280170.92], [2677033.19, 1280172.75], [2677018.18, 1280174.51], [2677009.73, 1280175.59], [2677003.02, 1280176.89], [2676997.77, 1280178.94], [2676995.17, 1280181.15]]}}, {"type": "Feature", "properties": {"gemeinde": "Wilchingen", "radius_m": 300, "typ": "kandidat_<= 300m"}, "geometry": {"type": "LineString", "coordinates": [[2677378.07, 1280000.23], [2677375.64, 1279995.51], [2677373.51, 1279990.54], [2677371.91, 1279986.88], [2677370.79, 1279983.22], [2677370.07, 1279978.14], [2677369.59, 1279973.53], [2677369.53, 1279969.69], [2677369.53, 1279967.49]]}}, {"type": "Feature", "properties": {"gemeinde": "Wilchingen", "radius_m": 300, "typ": "kandidat_<= 300m"}, "geometry": {"type": "LineString", "coordinates": [[2677435.29, 1280149.22], [2677431.35, 1280150.04], [2677428.85, 1280150.54]]}}, {"type": "Feature", "properties": {"gemeinde": "Wilchingen", "radius_m": 300, "typ": "kandidat_<= 300m"}, "geometry": {"type": "LineString", "coordinates": [[2677428.85, 1280150.54], [2677418.93, 1280152.18], [2677398.27, 1280155.62], [2677373.35, 1280159.81], [2677359.16, 1280162.17], [2677341.85, 1280164.77], [2677330.95, 1280166.52], [2677325.69, 1280167.12]]}}, {"type": "Feature", "properties": {"gemeinde": "Wilchingen", "radius_m": 300, "typ": "kandidat_<= 300m"}, "geometry": {"type": "LineString", "coordinates": [[2677054.32, 1280536.31], [2677054.55, 1280537.62], [2677057.37, 1280553.25], [2677058.59, 1280560.5], [2677059.27, 1280567.05], [2677060.11, 1280575.9], [2677060.34, 1280584.89], [2677060.19, 1280594.12], [2677059.73, 1280603.34], [2677059.42, 1280609.75], [2677058.89, 1280616.92]]}}, {"type": "Feature", "properties": {"gemeinde": "Wilchingen", "radius_m": 300, "typ": "kandidat_<= 300m"}, "geometry": {"type": "LineString", "coordinates": [[2677325.69, 1280167.12], [2677321.72, 1280167.2], [2677318.75, 1280167.2]]}}, {"type": "Feature", "properties": {"gemeinde": "Wilchingen", "radius_m": 300, "typ": "kandidat_<= 300m"}, "geometry": {"type": "LineString", "coordinates": [[2677318.75, 1280167.2], [2677308.61, 1280166.66], [2677296.42, 1280165.89], [2677284.31, 1280164.81], [2677271.12, 1280163.66], [2677253.05, 1280162.21], [2677239.94, 1280161.67], [2677230.1, 1280161.59], [2677219.5, 1280161.82], [2677207.15, 1280162.05], [2677196.85, 1280162.43], [2677186.18, 1280163.12], [2677180.99, 1280163.27]]}}, {"type": "Feature", "properties": {"gemeinde": "Wilchingen", "radius_m": 300, "typ": "kandidat_<= 300m"}, "geometry": {"type": "LineString", "coordinates": [[2677180.99, 1280163.27], [2677162.08, 1280163.65], [2677138.28, 1280164.19], [2677122.65, 1280164.81], [2677118.07, 1280164.96]]}}, {"type": "Feature", "properties": {"gemeinde": "Wilchingen", "radius_m": 300, "typ": "kandidat_<= 300m"}, "geometry": {"type": "LineString", "coordinates": [[2677446.88, 1280144.76], [2677447.86, 1280140.95], [2677447.67, 1280135.19], [2677446.14, 1280129.36], [2677444.42, 1280122.7], [2677441.35, 1280113.74], [2677437.25, 1280105.1], [2677431.49, 1280093.64], [2677424.84, 1280080.71], [2677419.4, 1280070.59], [2677411.41, 1280056.9], [2677405.72, 1280047.43], [2677401.24, 1280039.75], [2677395.23, 1280029.63], [2677393.31, 1280026.31]]}}, {"type": "Feature", "properties": {"gemeinde": "Wilchingen", "radius_m": 300, "typ": "kandidat_<= 300m"}, "geometry": {"type": "LineString", "coordinates": [[2677393.31, 1280026.31], [2677388.44, 1280018.39], [2677382.31, 1280008.31], [2677379.48, 1280003.0], [2677378.07, 1280000.23]]}}, {"type": "Feature", "properties": {"gemeinde": "Wilchingen", "radius_m": 300, "typ": "kandidat_<= 300m"}, "geometry": {"type": "LineString", "coordinates": [[2676994.41, 1280208.64], [2676995.55, 1280216.79], [2676997.45, 1280228.38], [2676999.89, 1280242.56], [2677003.24, 1280262.23], [2677009.79, 1280297.39]]}}, {"type": "Feature", "properties": {"gemeinde": "Wilchingen", "radius_m": 300, "typ": "kandidat_<= 300m"}, "geometry": {"type": "LineString", "coordinates": [[2677009.79, 1280297.39], [2677011.81, 1280307.36], [2677014.43, 1280320.13], [2677016.72, 1280331.87]]}}, {"type": "Feature", "properties": {"gemeinde": "Wilchingen", "radius_m": 300, "typ": "kandidat_<= 300m"}, "geometry": {"type": "LineString", "coordinates": [[2677016.72, 1280331.87], [2677018.63, 1280343.15], [2677021.45, 1280359.15], [2677024.73, 1280376.45], [2677027.31, 1280390.02], [2677031.5, 1280411.6], [2677034.17, 1280426.7], [2677037.45, 1280444.84], [2677039.44, 1280455.66]]}}, {"type": "Feature", "properties": {"gemeinde": "Wilchingen", "radius_m": 300, "typ": "kandidat_<= 300m"}, "geometry": {"type": "LineString", "coordinates": [[2677047.07, 1280655.8], [2677045.7, 1280659.01], [2677043.79, 1280663.73], [2677043.21, 1280664.87]]}}, {"type": "Feature", "properties": {"gemeinde": "Wilchingen", "radius_m": 300, "typ": "kandidat_<= 300m"}, "geometry": {"type": "LineString", "coordinates": [[2677446.88, 1280144.76], [2677444.37, 1280146.77], [2677439.36, 1280148.4], [2677435.29, 1280149.22]]}}, {"type": "Feature", "properties": {"gemeinde": "Wilchingen", "radius_m": 300, "typ": "kandidat_<= 300m"}, "geometry": {"type": "LineString", "coordinates": [[2677039.44, 1280455.66], [2677041.04, 1280463.67], [2677043.17, 1280473.5]]}}, {"type": "Feature", "properties": {"gemeinde": "Wilchingen", "radius_m": 300, "typ": "kandidat_<= 300m"}, "geometry": {"type": "LineString", "coordinates": [[2677043.17, 1280473.5], [2677045.16, 1280485.24], [2677047.6, 1280498.05], [2677049.66, 1280509.79], [2677052.56, 1280526.11], [2677054.32, 1280536.31]]}}, {"type": "Feature", "properties": {"gemeinde": "Wilchingen", "radius_m": 300, "typ": "kandidat_<= 300m"}, "geometry": {"type": "LineString", "coordinates": [[2676995.17, 1280181.15], [2676993.19, 1280184.5], [2676992.05, 1280189.07], [2676992.05, 1280193.95], [2676992.73, 1280199.27], [2676994.41, 1280208.64]]}}, {"type": "Feature", "properties": {"gemeinde": "Wilchingen", "radius_m": 300, "typ": "kandidat_<= 300m"}, "geometry": {"type": "LineString", "coordinates": [[2677058.89, 1280616.92], [2677058.05, 1280622.18], [2677056.45, 1280629.5], [2677054.08, 1280637.35], [2677050.35, 1280647.57], [2677047.07, 1280655.8]]}}, {"type": "Feature", "properties": {"gemeinde": "Ramsen", "radius_m": 100, "typ": "kandidat_<= 100m"}, "geometry": {"type": "LineString", "coordinates": [[2703811.17, 1285425.4], [2703810.52, 1285424.48], [2703803.67, 1285413.13], [2703794.65, 1285395.01], [2703788.39, 1285380.07], [2703782.13, 1285361.8], [2703777.92, 1285345.19]]}}, {"type": "Feature", "properties": {"gemeinde": "Ramsen", "radius_m": 100, "typ": "kandidat_<= 100m"}, "geometry": {"type": "LineString", "coordinates": [[2703746.52, 1285125.79], [2703745.66, 1285115.72], [2703743.45, 1285087.76], [2703741.3, 1285063.57], [2703739.09, 1285049.41], [2703735.28, 1285027.84], [2703731.28, 1285010.16]]}}, {"type": "Feature", "properties": {"gemeinde": "Ramsen", "radius_m": 100, "typ": "kandidat_<= 100m"}, "geometry": {"type": "LineString", "coordinates": [[2703731.28, 1285010.16], [2703727.46, 1284994.45], [2703722.15, 1284972.95], [2703718.33, 1284957.71], [2703713.89, 1284938.67]]}}, {"type": "Feature", "properties": {"gemeinde": "Ramsen", "radius_m": 100, "typ": "kandidat_<= 100m"}, "geometry": {"type": "LineString", "coordinates": [[2703508.69, 1285145.45], [2703515.04, 1285146.11], [2703581.58, 1285153.11]]}}, {"type": "Feature", "properties": {"gemeinde": "Ramsen", "radius_m": 100, "typ": "kandidat_<= 100m"}, "geometry": {"type": "LineString", "coordinates": [[2703581.58, 1285153.11], [2703604.88, 1285155.53], [2703622.79, 1285157.37]]}}, {"type": "Feature", "properties": {"gemeinde": "Ramsen", "radius_m": 100, "typ": "kandidat_<= 100m"}, "geometry": {"type": "LineString", "coordinates": [[2703174.54, 1285044.68], [2703179.46, 1285047.2]]}}, {"type": "Feature", "properties": {"gemeinde": "Ramsen", "radius_m": 100, "typ": "kandidat_<= 100m"}, "geometry": {"type": "LineString", "coordinates": [[2703179.46, 1285047.2], [2703226.3, 1285072.82], [2703263.29, 1285092.67], [2703291.19, 1285106.53], [2703311.56, 1285115.13], [2703330.52, 1285121.65], [2703348.65, 1285126.16]]}}, {"type": "Feature", "properties": {"gemeinde": "Ramsen", "radius_m": 300, "typ": "kandidat_<= 300m"}, "geometry": {"type": "LineString", "coordinates": [[2702662.14, 1284891.83], [2702646.73, 1284868.83], [2702640.82, 1284861.43]]}}, {"type": "Feature", "properties": {"gemeinde": "Ramsen", "radius_m": 300, "typ": "kandidat_<= 300m"}, "geometry": {"type": "LineString", "coordinates": [[2702907.81, 1284999.8], [2702905.09, 1285004.56], [2702902.94, 1285008.86], [2702900.79, 1285012.49], [2702898.3, 1285014.41]]}}, {"type": "Feature", "properties": {"gemeinde": "Ramsen", "radius_m": 300, "typ": "kandidat_<= 300m"}, "geometry": {"type": "LineString", "coordinates": [[2702898.3, 1285014.41], [2702896.37, 1285014.52], [2702892.52, 1285013.74], [2702881.86, 1285009.55], [2702862.71, 1285002.52], [2702837.0, 1284996.74]]}}, {"type": "Feature", "properties": {"gemeinde": "Ramsen", "radius_m": 300, "typ": "kandidat_<= 300m"}, "geometry": {"type": "LineString", "coordinates": [[2702713.54, 1284947.02], [2702708.64, 1284944.09], [2702703.83, 1284940.83], [2702699.17, 1284936.92], [2702696.07, 1284933.73]]}}, {"type": "Feature", "properties": {"gemeinde": "Ramsen", "radius_m": 300, "typ": "kandidat_<= 300m"}, "geometry": {"type": "LineString", "coordinates": [[2703714.72, 1284632.69], [2703717.58, 1284624.94]]}}, {"type": "Feature", "properties": {"gemeinde": "Ramsen", "radius_m": 300, "typ": "kandidat_<= 300m"}, "geometry": {"type": "LineString", "coordinates": [[2703413.19, 1285135.12], [2703444.19, 1285138.6], [2703461.23, 1285140.49]]}}, {"type": "Feature", "properties": {"gemeinde": "Ramsen", "radius_m": 300, "typ": "kandidat_<= 300m"}, "geometry": {"type": "LineString", "coordinates": [[2703694.71, 1284740.6], [2703696.78, 1284719.57], [2703699.22, 1284700.99], [2703702.69, 1284681.87], [2703707.76, 1284660.23], [2703711.88, 1284643.2], [2703714.72, 1284632.69]]}}, {"type": "Feature", "properties": {"gemeinde": "Ramsen", "radius_m": 300, "typ": "kandidat_<= 300m"}, "geometry": {"type": "LineString", "coordinates": [[2703696.67, 1284868.53], [2703694.27, 1284858.92], [2703692.54, 1284845.83], [2703691.22, 1284833.16], [2703690.32, 1284817.98], [2703689.79, 1284802.5], [2703690.74, 1284786.91], [2703692.17, 1284767.43], [2703693.67, 1284751.18], [2703694.71, 1284740.6]]}}, {"type": "Feature", "properties": {"gemeinde": "Ramsen", "radius_m": 300, "typ": "kandidat_<= 300m"}, "geometry": {"type": "LineString", "coordinates": [[2703843.01, 1285471.25], [2703837.74, 1285461.4], [2703830.06, 1285450.62], [2703818.12, 1285435.17], [2703810.52, 1285424.48], [2703803.67, 1285413.13], [2703794.65, 1285395.01], [2703788.39, 1285380.07], [2703782.13, 1285361.8], [2703777.45, 1285343.35], [2703771.27, 1285309.89], [2703763.35, 1285265.97], [2703759.34, 1285243.34], [2703755.17, 1285213.87], [2703751.74, 1285186.73], [2703750.24, 1285170.36]]}}, {"type": "Feature", "properties": {"gemeinde": "Ramsen", "radius_m": 300, "typ": "kandidat_<= 300m"}, "geometry": {"type": "LineString", "coordinates": [[2703870.84, 1285550.35], [2703858.54, 1285514.44], [2703851.86, 1285495.31], [2703843.01, 1285471.25]]}}, {"type": "Feature", "properties": {"gemeinde": "Ramsen", "radius_m": 300, "typ": "kandidat_<= 300m"}, "geometry": {"type": "LineString", "coordinates": [[2703750.24, 1285170.36], [2703748.78, 1285152.46], [2703745.66, 1285115.72], [2703743.45, 1285087.76], [2703741.3, 1285063.57], [2703739.09, 1285049.41], [2703735.28, 1285027.84], [2703731.28, 1285010.16]]}}, {"type": "Feature", "properties": {"gemeinde": "Ramsen", "radius_m": 300, "typ": "kandidat_<= 300m"}, "geometry": {"type": "LineString", "coordinates": [[2703731.28, 1285010.16], [2703727.46, 1284994.45], [2703722.15, 1284972.95], [2703718.33, 1284957.71], [2703712.0, 1284930.53], [2703704.0, 1284897.86], [2703696.67, 1284868.53]]}}, {"type": "Feature", "properties": {"gemeinde": "Ramsen", "radius_m": 300, "typ": "kandidat_<= 300m"}, "geometry": {"type": "LineString", "coordinates": [[2703362.0, 1285128.92], [2703372.19, 1285130.68], [2703385.63, 1285132.27], [2703413.19, 1285135.12]]}}, {"type": "Feature", "properties": {"gemeinde": "Ramsen", "radius_m": 300, "typ": "kandidat_<= 300m"}, "geometry": {"type": "LineString", "coordinates": [[2703461.23, 1285140.49], [2703515.04, 1285146.11], [2703581.58, 1285153.11]]}}, {"type": "Feature", "properties": {"gemeinde": "Ramsen", "radius_m": 300, "typ": "kandidat_<= 300m"}, "geometry": {"type": "LineString", "coordinates": [[2703581.58, 1285153.11], [2703604.88, 1285155.53], [2703698.56, 1285165.2], [2703731.04, 1285168.62], [2703736.55, 1285169.2], [2703742.22, 1285169.78], [2703746.65, 1285170.2], [2703750.24, 1285170.36]]}}, {"type": "Feature", "properties": {"gemeinde": "Ramsen", "radius_m": 300, "typ": "kandidat_<= 300m"}, "geometry": {"type": "LineString", "coordinates": [[2702837.0, 1284996.74], [2702802.91, 1284989.72], [2702792.36, 1284986.22]]}}, {"type": "Feature", "properties": {"gemeinde": "Ramsen", "radius_m": 300, "typ": "kandidat_<= 300m"}, "geometry": {"type": "LineString", "coordinates": [[2702928.77, 1284963.6], [2702925.14, 1284966.5], [2702922.42, 1284970.92], [2702919.36, 1284978.17], [2702912.57, 1284990.74], [2702907.81, 1284999.8]]}}, {"type": "Feature", "properties": {"gemeinde": "Ramsen", "radius_m": 300, "typ": "kandidat_<= 300m"}, "geometry": {"type": "LineString", "coordinates": [[2703048.81, 1284957.76], [2703026.77, 1284962.09]]}}, {"type": "Feature", "properties": {"gemeinde": "Ramsen", "radius_m": 300, "typ": "kandidat_<= 300m"}, "geometry": {"type": "LineString", "coordinates": [[2703086.54, 1284948.64], [2703082.62, 1284948.48], [2703069.52, 1284952.41], [2703048.81, 1284957.76]]}}, {"type": "Feature", "properties": {"gemeinde": "Ramsen", "radius_m": 300, "typ": "kandidat_<= 300m"}, "geometry": {"type": "LineString", "coordinates": [[2703086.54, 1284948.64], [2703088.16, 1284949.27], [2703090.72, 1284951.9], [2703092.8, 1284955.74], [2703096.89, 1284965.77], [2703107.64, 1284992.17], [2703109.81, 1284996.18]]}}, {"type": "Feature", "properties": {"gemeinde": "Ramsen", "radius_m": 300, "typ": "kandidat_<= 300m"}, "geometry": {"type": "LineString", "coordinates": [[2703109.81, 1284996.18], [2703113.48, 1285003.11], [2703119.0, 1285010.13], [2703126.59, 1285017.65], [2703135.28, 1285023.24]]}}, {"type": "Feature", "properties": {"gemeinde": "Ramsen", "radius_m": 300, "typ": "kandidat_<= 300m"}, "geometry": {"type": "LineString", "coordinates": [[2703135.28, 1285023.24], [2703170.19, 1285042.44], [2703179.46, 1285047.2]]}}, {"type": "Feature", "properties": {"gemeinde": "Ramsen", "radius_m": 300, "typ": "kandidat_<= 300m"}, "geometry": {"type": "LineString", "coordinates": [[2703179.46, 1285047.2], [2703226.3, 1285072.82], [2703263.29, 1285092.67], [2703291.19, 1285106.53], [2703311.56, 1285115.13], [2703330.52, 1285121.65], [2703349.64, 1285126.41], [2703362.0, 1285128.92]]}}, {"type": "Feature", "properties": {"gemeinde": "Ramsen", "radius_m": 300, "typ": "kandidat_<= 300m"}, "geometry": {"type": "LineString", "coordinates": [[2702776.3, 1284980.89], [2702769.2, 1284978.28], [2702758.51, 1284973.71], [2702745.49, 1284966.7]]}}, {"type": "Feature", "properties": {"gemeinde": "Ramsen", "radius_m": 300, "typ": "kandidat_<= 300m"}, "geometry": {"type": "LineString", "coordinates": [[2702792.36, 1284986.22], [2702776.3, 1284980.89]]}}, {"type": "Feature", "properties": {"gemeinde": "Ramsen", "radius_m": 300, "typ": "kandidat_<= 300m"}, "geometry": {"type": "LineString", "coordinates": [[2702745.49, 1284966.7], [2702743.17, 1284965.45], [2702730.6, 1284957.78], [2702730.02, 1284957.41]]}}, {"type": "Feature", "properties": {"gemeinde": "Ramsen", "radius_m": 300, "typ": "kandidat_<= 300m"}, "geometry": {"type": "LineString", "coordinates": [[2702696.07, 1284933.73], [2702691.83, 1284929.74], [2702686.85, 1284924.35], [2702682.12, 1284918.97], [2702677.48, 1284912.86], [2702662.14, 1284891.83]]}}, {"type": "Feature", "properties": {"gemeinde": "Ramsen", "radius_m": 300, "typ": "kandidat_<= 300m"}, "geometry": {"type": "LineString", "coordinates": [[2702965.1, 1284963.78], [2702942.46, 1284961.26], [2702937.11, 1284960.93], [2702932.27, 1284962.1], [2702928.77, 1284963.6]]}}, {"type": "Feature", "properties": {"gemeinde": "Ramsen", "radius_m": 300, "typ": "kandidat_<= 300m"}, "geometry": {"type": "LineString", "coordinates": [[2703026.77, 1284962.09], [2703021.76, 1284962.93], [2703012.25, 1284964.6], [2703001.4, 1284965.77], [2702992.63, 1284966.11], [2702984.2, 1284965.78], [2702965.1, 1284963.78]]}}, {"type": "Feature", "properties": {"gemeinde": "Ramsen", "radius_m": 300, "typ": "kandidat_<= 300m"}, "geometry": {"type": "LineString", "coordinates": [[2702776.3, 1284980.89], [2702774.04, 1284985.12]]}}, {"type": "Feature", "properties": {"gemeinde": "Ramsen", "radius_m": 300, "typ": "kandidat_<= 300m"}, "geometry": {"type": "LineString", "coordinates": [[2702730.02, 1284957.41], [2702713.54, 1284947.02]]}}, {"type": "Feature", "properties": {"gemeinde": "Neunkirch", "radius_m": 100, "typ": "kandidat_<= 100m"}, "geometry": {"type": "LineString", "coordinates": [[2679721.05, 1282634.67], [2679712.98, 1282639.78], [2679706.79, 1282640.61], [2679695.1, 1282640.11]]}}, {"type": "Feature", "properties": {"gemeinde": "Neunkirch", "radius_m": 100, "typ": "kandidat_<= 100m"}, "geometry": {"type": "LineString", "coordinates": [[2679721.05, 1282634.67], [2679719.71, 1282632.7], [2679718.23, 1282625.4], [2679718.1, 1282621.48], [2679721.53, 1282612.0], [2679729.34, 1282602.78], [2679740.8, 1282594.29], [2679749.5, 1282591.17], [2679761.53, 1282585.65], [2679773.76, 1282576.69], [2679781.68, 1282567.79], [2679787.3, 1282558.69], [2679794.31, 1282544.94], [2679802.92, 1282532.12], [2679804.88, 1282530.19]]}}, {"type": "Feature", "properties": {"gemeinde": "Neunkirch", "radius_m": 100, "typ": "kandidat_<= 100m"}, "geometry": {"type": "LineString", "coordinates": [[2679695.1, 1282640.11], [2679674.8, 1282638.22]]}}, {"type": "Feature", "properties": {"gemeinde": "Neunkirch", "radius_m": 300, "typ": "kandidat_<= 300m"}, "geometry": {"type": "LineString", "coordinates": [[2679750.1, 1282531.9], [2679769.53, 1282526.55], [2679783.17, 1282520.87], [2679794.79, 1282514.43], [2679804.01, 1282507.35], [2679812.6, 1282500.15], [2679820.44, 1282491.56], [2679827.0, 1282484.49], [2679833.07, 1282479.44]]}}, {"type": "Feature", "properties": {"gemeinde": "Neunkirch", "radius_m": 300, "typ": "kandidat_<= 300m"}, "geometry": {"type": "LineString", "coordinates": [[2679703.58, 1282531.96], [2679712.55, 1282532.21], [2679735.11, 1282534.2], [2679750.1, 1282531.9]]}}, {"type": "Feature", "properties": {"gemeinde": "Neunkirch", "radius_m": 300, "typ": "kandidat_<= 300m"}, "geometry": {"type": "LineString", "coordinates": [[2679833.07, 1282479.44], [2679839.38, 1282475.77], [2679847.97, 1282472.11], [2679857.19, 1282470.09], [2679867.17, 1282469.46], [2679876.9, 1282470.98], [2679886.12, 1282473.5], [2679903.42, 1282480.95]]}}, {"type": "Feature", "properties": {"gemeinde": "Neunkirch", "radius_m": 300, "typ": "kandidat_<= 300m"}, "geometry": {"type": "LineString", "coordinates": [[2679703.58, 1282531.96], [2679683.83, 1282529.72], [2679671.21, 1282528.25], [2679653.04, 1282526.72], [2679635.12, 1282525.44], [2679623.51, 1282524.29], [2679612.54, 1282522.76], [2679602.66, 1282520.98], [2679589.27, 1282518.24]]}}, {"type": "Feature", "properties": {"gemeinde": "Neunkirch", "radius_m": 300, "typ": "kandidat_<= 300m"}, "geometry": {"type": "LineString", "coordinates": [[2679589.27, 1282518.24], [2679578.31, 1282515.82], [2679570.98, 1282513.52], [2679565.88, 1282511.61]]}}, {"type": "Feature", "properties": {"gemeinde": "Neunkirch", "radius_m": 300, "typ": "kandidat_<= 300m"}, "geometry": {"type": "LineString", "coordinates": [[2679565.88, 1282511.61], [2679563.01, 1282510.4], [2679554.85, 1282505.31], [2679548.61, 1282500.11], [2679543.26, 1282494.14], [2679539.93, 1282489.32]]}}, {"type": "Feature", "properties": {"gemeinde": "Neunkirch", "radius_m": 300, "typ": "kandidat_<= 300m"}, "geometry": {"type": "LineString", "coordinates": [[2679991.79, 1282448.35], [2680002.86, 1282441.53]]}}, {"type": "Feature", "properties": {"gemeinde": "Neunkirch", "radius_m": 300, "typ": "kandidat_<= 300m"}, "geometry": {"type": "LineString", "coordinates": [[2679545.9, 1282624.2], [2679539.68, 1282624.0], [2679523.66, 1282624.8], [2679508.09, 1282627.16], [2679497.47, 1282630.25]]}}, {"type": "Feature", "properties": {"gemeinde": "Neunkirch", "radius_m": 300, "typ": "kandidat_<= 300m"}, "geometry": {"type": "LineString", "coordinates": [[2679721.05, 1282634.67], [2679712.98, 1282639.78], [2679706.79, 1282640.61], [2679695.1, 1282640.11]]}}, {"type": "Feature", "properties": {"gemeinde": "Neunkirch", "radius_m": 300, "typ": "kandidat_<= 300m"}, "geometry": {"type": "LineString", "coordinates": [[2679721.05, 1282634.67], [2679719.71, 1282632.7], [2679718.23, 1282625.4], [2679718.1, 1282621.48], [2679721.53, 1282612.0], [2679729.34, 1282602.78], [2679740.8, 1282594.29], [2679749.5, 1282591.17], [2679761.53, 1282585.65], [2679773.76, 1282576.69], [2679781.68, 1282567.79], [2679787.3, 1282558.69], [2679794.31, 1282544.94], [2679802.92, 1282532.12], [2679812.4, 1282522.75], [2679825.21, 1282514.1], [2679839.64, 1282508.63], [2679854.63, 1282506.13], [2679867.13, 1282503.74], [2679879.0, 1282497.88], [2679887.25, 1282491.7], [2679903.42, 1282480.95]]}}, {"type": "Feature", "properties": {"gemeinde": "Neunkirch", "radius_m": 300, "typ": "kandidat_<= 300m"}, "geometry": {"type": "LineString", "coordinates": [[2679452.54, 1282645.98], [2679454.64, 1282658.84], [2679455.4, 1282663.79], [2679457.97, 1282694.64], [2679459.56, 1282708.83]]}}, {"type": "Feature", "properties": {"gemeinde": "Neunkirch", "radius_m": 300, "typ": "kandidat_<= 300m"}, "geometry": {"type": "LineString", "coordinates": [[2679695.1, 1282640.11], [2679661.67, 1282636.99], [2679639.76, 1282634.52], [2679621.18, 1282632.26]]}}, {"type": "Feature", "properties": {"gemeinde": "Neunkirch", "radius_m": 300, "typ": "kandidat_<= 300m"}, "geometry": {"type": "LineString", "coordinates": [[2679621.18, 1282632.26], [2679592.11, 1282628.73]]}}, {"type": "Feature", "properties": {"gemeinde": "Neunkirch", "radius_m": 300, "typ": "kandidat_<= 300m"}, "geometry": {"type": "LineString", "coordinates": [[2679592.11, 1282628.73], [2679575.08, 1282626.64], [2679555.84, 1282624.52], [2679545.9, 1282624.2]]}}, {"type": "Feature", "properties": {"gemeinde": "Neunkirch", "radius_m": 300, "typ": "kandidat_<= 300m"}, "geometry": {"type": "LineString", "coordinates": [[2679497.47, 1282630.25], [2679485.8, 1282631.83], [2679469.39, 1282637.19], [2679460.1, 1282640.85], [2679452.54, 1282645.98]]}}, {"type": "Feature", "properties": {"gemeinde": "Neunkirch", "radius_m": 300, "typ": "kandidat_<= 300m"}, "geometry": {"type": "LineString", "coordinates": [[2679903.42, 1282480.95], [2679919.77, 1282477.5], [2679933.63, 1282477.01], [2679946.01, 1282474.36], [2679958.04, 1282469.09], [2679991.79, 1282448.35]]}}, {"type": "Feature", "properties": {"gemeinde": "Neunkirch", "radius_m": 300, "typ": "kandidat_<= 300m"}, "geometry": {"type": "LineString", "coordinates": [[2679459.56, 1282708.83], [2679449.71, 1282710.03], [2679434.03, 1282712.2], [2679401.33, 1282716.27], [2679363.5, 1282721.07]]}}, {"type": "Feature", "properties": {"gemeinde": "Hallau", "radius_m": 300, "typ": "kandidat_<= 300m"}, "geometry": {"type": "LineString", "coordinates": [[2676830.3, 1283509.34], [2676832.14, 1283508.59], [2676835.06, 1283507.88], [2676841.68, 1283507.0], [2676847.62, 1283506.67], [2676853.35, 1283506.83], [2676855.01, 1283507.05]]}}, {"type": "Feature", "properties": {"gemeinde": "Hallau", "radius_m": 300, "typ": "kandidat_<= 300m"}, "geometry": {"type": "LineString", "coordinates": [[2676449.61, 1283394.95], [2676454.05, 1283393.28], [2676455.25, 1283392.4], [2676458.08, 1283389.49], [2676460.6, 1283384.46], [2676463.73, 1283376.14]]}}, {"type": "Feature", "properties": {"gemeinde": "Hallau", "radius_m": 300, "typ": "kandidat_<= 300m"}, "geometry": {"type": "LineString", "coordinates": [[2676676.91, 1283519.58], [2676687.38, 1283525.87], [2676692.61, 1283528.98]]}}, {"type": "Feature", "properties": {"gemeinde": "Hallau", "radius_m": 300, "typ": "kandidat_<= 300m"}, "geometry": {"type": "LineString", "coordinates": [[2676692.61, 1283528.98], [2676697.12, 1283531.43]]}}, {"type": "Feature", "properties": {"gemeinde": "Hallau", "radius_m": 300, "typ": "kandidat_<= 300m"}, "geometry": {"type": "LineString", "coordinates": [[2676697.12, 1283531.43], [2676701.42, 1283534.48], [2676708.71, 1283539.9], [2676718.31, 1283547.04], [2676727.51, 1283554.0], [2676731.35, 1283556.51]]}}, {"type": "Feature", "properties": {"gemeinde": "Hallau", "radius_m": 300, "typ": "kandidat_<= 300m"}, "geometry": {"type": "LineString", "coordinates": [[2677000.11, 1283514.11], [2677005.81, 1283509.4]]}}, {"type": "Feature", "properties": {"gemeinde": "Hallau", "radius_m": 300, "typ": "kandidat_<= 300m"}, "geometry": {"type": "LineString", "coordinates": [[2676466.1, 1283369.84], [2676468.9, 1283362.15], [2676472.65, 1283352.72], [2676475.6, 1283344.88], [2676477.54, 1283339.34], [2676479.34, 1283333.94]]}}, {"type": "Feature", "properties": {"gemeinde": "Hallau", "radius_m": 300, "typ": "kandidat_<= 300m"}, "geometry": {"type": "LineString", "coordinates": [[2676479.34, 1283333.94], [2676480.63, 1283329.69], [2676482.07, 1283324.36], [2676483.22, 1283318.82], [2676484.01, 1283313.43], [2676484.3, 1283308.6], [2676484.15, 1283305.51]]}}, {"type": "Feature", "properties": {"gemeinde": "Hallau", "radius_m": 300, "typ": "kandidat_<= 300m"}, "geometry": {"type": "LineString", "coordinates": [[2676481.6, 1283407.89], [2676483.68, 1283410.56], [2676486.67, 1283413.95], [2676490.87, 1283418.2], [2676495.57, 1283422.77], [2676499.56, 1283426.22], [2676503.12, 1283429.11], [2676505.45, 1283431.0]]}}, {"type": "Feature", "properties": {"gemeinde": "Hallau", "radius_m": 300, "typ": "kandidat_<= 300m"}, "geometry": {"type": "LineString", "coordinates": [[2676514.42, 1283437.8], [2676519.42, 1283441.75], [2676523.67, 1283444.88], [2676527.72, 1283447.86], [2676533.49, 1283451.0], [2676538.41, 1283453.72]]}}, {"type": "Feature", "properties": {"gemeinde": "Hallau", "radius_m": 300, "typ": "kandidat_<= 300m"}, "geometry": {"type": "LineString", "coordinates": [[2676538.41, 1283453.72], [2676544.83, 1283457.14], [2676551.98, 1283460.71], [2676559.87, 1283464.69]]}}, {"type": "Feature", "properties": {"gemeinde": "Hallau", "radius_m": 300, "typ": "kandidat_<= 300m"}, "geometry": {"type": "LineString", "coordinates": [[2676505.45, 1283431.0], [2676509.66, 1283434.42], [2676514.42, 1283437.8]]}}, {"type": "Feature", "properties": {"gemeinde": "Hallau", "radius_m": 300, "typ": "kandidat_<= 300m"}, "geometry": {"type": "LineString", "coordinates": [[2676559.87, 1283464.69], [2676564.83, 1283466.87], [2676570.4, 1283469.26], [2676578.35, 1283472.5], [2676586.96, 1283476.21], [2676595.77, 1283479.78]]}}, {"type": "Feature", "properties": {"gemeinde": "Hallau", "radius_m": 300, "typ": "kandidat_<= 300m"}, "geometry": {"type": "LineString", "coordinates": [[2676595.77, 1283479.78], [2676607.7, 1283485.68], [2676629.5, 1283496.29], [2676634.27, 1283498.61]]}}, {"type": "Feature", "properties": {"gemeinde": "Hallau", "radius_m": 300, "typ": "kandidat_<= 300m"}, "geometry": {"type": "LineString", "coordinates": [[2676634.27, 1283498.61], [2676659.69, 1283510.37]]}}, {"type": "Feature", "properties": {"gemeinde": "Hallau", "radius_m": 300, "typ": "kandidat_<= 300m"}, "geometry": {"type": "LineString", "coordinates": [[2676935.05, 1283535.87], [2676938.03, 1283536.59], [2676941.86, 1283537.32], [2676946.76, 1283537.71], [2676951.26, 1283537.58], [2676956.09, 1283536.98], [2676961.65, 1283535.92], [2676967.47, 1283534.0], [2676973.37, 1283531.42], [2676980.65, 1283527.58], [2676987.99, 1283522.74], [2676993.49, 1283518.96], [2676998.26, 1283515.5], [2677000.11, 1283514.11]]}}, {"type": "Feature", "properties": {"gemeinde": "Hallau", "radius_m": 300, "typ": "kandidat_<= 300m"}, "geometry": {"type": "LineString", "coordinates": [[2676659.69, 1283510.37], [2676666.46, 1283513.83], [2676672.38, 1283517.11], [2676676.91, 1283519.58]]}}, {"type": "Feature", "properties": {"gemeinde": "Hallau", "radius_m": 300, "typ": "kandidat_<= 300m"}, "geometry": {"type": "LineString", "coordinates": [[2677005.81, 1283509.4], [2677006.61, 1283505.49], [2677007.2, 1283501.26], [2677008.26, 1283494.78], [2677008.93, 1283486.31], [2677008.93, 1283481.63]]}}, {"type": "Feature", "properties": {"gemeinde": "Hallau", "radius_m": 300, "typ": "kandidat_<= 300m"}, "geometry": {"type": "LineString", "coordinates": [[2677008.93, 1283481.63], [2677009.27, 1283474.69], [2677009.43, 1283466.99], [2677010.68, 1283456.78], [2677011.93, 1283447.91], [2677013.18, 1283438.71], [2677015.43, 1283428.0], [2677017.6, 1283417.62], [2677018.73, 1283409.08]]}}, {"type": "Feature", "properties": {"gemeinde": "Hallau", "radius_m": 300, "typ": "kandidat_<= 300m"}, "geometry": {"type": "LineString", "coordinates": [[2677018.73, 1283409.08], [2677020.02, 1283403.73], [2677021.95, 1283394.69], [2677025.79, 1283377.45], [2677027.8, 1283366.9], [2677030.4, 1283355.86], [2677032.32, 1283348.8]]}}, {"type": "Feature", "properties": {"gemeinde": "Hallau", "radius_m": 300, "typ": "kandidat_<= 300m"}, "geometry": {"type": "LineString", "coordinates": [[2676466.1, 1283369.84], [2676465.7, 1283372.19], [2676465.65, 1283374.96], [2676466.22, 1283378.45], [2676467.1, 1283381.15], [2676468.93, 1283384.28], [2676472.2, 1283390.09], [2676474.0, 1283393.73], [2676477.21, 1283400.21], [2676479.0, 1283403.61], [2676480.63, 1283406.3], [2676481.6, 1283407.89]]}}, {"type": "Feature", "properties": {"gemeinde": "Hallau", "radius_m": 300, "typ": "kandidat_<= 300m"}, "geometry": {"type": "LineString", "coordinates": [[2676449.61, 1283394.95], [2676455.77, 1283395.89], [2676463.39, 1283397.3], [2676468.77, 1283398.6], [2676472.94, 1283400.64], [2676477.01, 1283403.19], [2676480.04, 1283405.9], [2676481.6, 1283407.89]]}}, {"type": "Feature", "properties": {"gemeinde": "Hallau", "radius_m": 300, "typ": "kandidat_<= 300m"}, "geometry": {"type": "LineString", "coordinates": [[2676731.35, 1283556.51], [2676735.73, 1283558.9], [2676741.29, 1283560.82], [2676746.92, 1283562.21], [2676753.67, 1283562.94], [2676760.16, 1283562.8], [2676767.58, 1283562.07], [2676774.33, 1283560.81], [2676779.16, 1283559.29]]}}, {"type": "Feature", "properties": {"gemeinde": "Hallau", "radius_m": 300, "typ": "kandidat_<= 300m"}, "geometry": {"type": "LineString", "coordinates": [[2676779.16, 1283559.29], [2676784.06, 1283557.5], [2676790.02, 1283554.78], [2676793.86, 1283552.46], [2676794.72, 1283552.0]]}}, {"type": "Feature", "properties": {"gemeinde": "Hallau", "radius_m": 300, "typ": "kandidat_<= 300m"}, "geometry": {"type": "LineString", "coordinates": [[2676794.72, 1283552.0], [2676797.96, 1283549.55], [2676802.47, 1283545.64], [2676807.23, 1283541.0], [2676810.81, 1283536.63], [2676813.26, 1283533.19], [2676814.72, 1283531.0]]}}, {"type": "Feature", "properties": {"gemeinde": "Hallau", "radius_m": 300, "typ": "kandidat_<= 300m"}, "geometry": {"type": "LineString", "coordinates": [[2676814.72, 1283531.0], [2676817.29, 1283526.43], [2676820.93, 1283520.93], [2676824.37, 1283516.09], [2676828.07, 1283511.73], [2676830.3, 1283509.34]]}}, {"type": "Feature", "properties": {"gemeinde": "Hallau", "radius_m": 300, "typ": "kandidat_<= 300m"}, "geometry": {"type": "LineString", "coordinates": [[2676855.01, 1283507.05], [2676856.88, 1283507.49], [2676863.79, 1283509.34], [2676874.32, 1283513.18], [2676886.77, 1283518.08], [2676908.89, 1283526.21], [2676924.32, 1283532.03], [2676930.21, 1283534.34], [2676932.53, 1283535.14], [2676935.05, 1283535.87]]}}, {"type": "Feature", "properties": {"gemeinde": "Hallau", "radius_m": 300, "typ": "kandidat_<= 300m"}, "geometry": {"type": "LineString", "coordinates": [[2676463.73, 1283376.14], [2676466.1, 1283369.84]]}}, {"type": "Feature", "properties": {"gemeinde": "Hallau", "radius_m": 300, "typ": "kandidat_<= 300m"}, "geometry": {"type": "LineString", "coordinates": [[2676484.15, 1283305.51], [2676483.43, 1283300.76], [2676481.7, 1283295.14], [2676480.15, 1283290.47]]}}, {"type": "Feature", "properties": {"gemeinde": "Hallau", "radius_m": 300, "typ": "kandidat_<= 300m"}, "geometry": {"type": "LineString", "coordinates": [[2676478.22, 1283284.69], [2676477.52, 1283282.61], [2676474.29, 1283273.9], [2676470.97, 1283264.62], [2676469.1, 1283259.79], [2676467.73, 1283254.82], [2676467.08, 1283252.01]]}}, {"type": "Feature", "properties": {"gemeinde": "Hallau", "radius_m": 300, "typ": "kandidat_<= 300m"}, "geometry": {"type": "LineString", "coordinates": [[2676467.08, 1283252.01], [2676466.58, 1283247.62], [2676466.0, 1283241.72], [2676465.42, 1283236.61], [2676465.06, 1283231.71], [2676465.06, 1283226.24], [2676465.5, 1283221.84], [2676466.0, 1283218.46]]}}, {"type": "Feature", "properties": {"gemeinde": "Hallau", "radius_m": 300, "typ": "kandidat_<= 300m"}, "geometry": {"type": "LineString", "coordinates": [[2676466.0, 1283218.46], [2676467.22, 1283210.9], [2676468.81, 1283199.08], [2676470.68, 1283187.05], [2676471.65, 1283180.57]]}}, {"type": "Feature", "properties": {"gemeinde": "Schleitheim", "radius_m": 300, "typ": "kandidat_<= 300m"}, "geometry": {"type": "LineString", "coordinates": [[2678099.85, 1289026.09], [2678094.08, 1289035.1], [2678089.66, 1289041.24], [2678083.62, 1289047.82], [2678078.91, 1289052.17]]}}, {"type": "Feature", "properties": {"gemeinde": "Schleitheim", "radius_m": 300, "typ": "kandidat_<= 300m"}, "geometry": {"type": "LineString", "coordinates": [[2678116.72, 1288999.6], [2678122.12, 1288987.26], [2678126.7, 1288976.03], [2678132.1, 1288962.55], [2678135.42, 1288953.65], [2678136.68, 1288949.16], [2678137.76, 1288942.33], [2678137.94, 1288937.84]]}}, {"type": "Feature", "properties": {"gemeinde": "Schleitheim", "radius_m": 300, "typ": "kandidat_<= 300m"}, "geometry": {"type": "LineString", "coordinates": [[2678116.72, 1288999.6], [2678115.41, 1289002.8], [2678113.88, 1289005.35], [2678112.93, 1289006.77], [2678108.87, 1289012.91], [2678102.11, 1289022.56], [2678099.85, 1289026.09]]}}, {"type": "Feature", "properties": {"gemeinde": "Schleitheim", "radius_m": 300, "typ": "kandidat_<= 300m"}, "geometry": {"type": "LineString", "coordinates": [[2678136.15, 1288927.05], [2678134.0, 1288921.59], [2678130.95, 1288915.77], [2678127.9, 1288911.58], [2678124.63, 1288907.97], [2678122.73, 1288906.14]]}}, {"type": "Feature", "properties": {"gemeinde": "Schleitheim", "radius_m": 300, "typ": "kandidat_<= 300m"}, "geometry": {"type": "LineString", "coordinates": [[2678137.94, 1288937.84], [2678137.86, 1288934.33], [2678137.5, 1288931.37], [2678136.15, 1288927.05]]}}, {"type": "Feature", "properties": {"gemeinde": "Siblingen", "radius_m": 100, "typ": "kandidat_<= 100m"}, "geometry": {"type": "LineString", "coordinates": [[2680997.5, 1285428.95], [2680992.22, 1285427.24]]}}, {"type": "Feature", "properties": {"gemeinde": "Siblingen", "radius_m": 100, "typ": "kandidat_<= 100m"}, "geometry": {"type": "LineString", "coordinates": [[2681174.58, 1285400.95], [2681173.73, 1285401.19], [2681153.62, 1285408.19]]}}, {"type": "Feature", "properties": {"gemeinde": "Siblingen", "radius_m": 100, "typ": "kandidat_<= 100m"}, "geometry": {"type": "LineString", "coordinates": [[2681153.62, 1285408.19], [2681141.3, 1285412.71]]}}, {"type": "Feature", "properties": {"gemeinde": "Siblingen", "radius_m": 100, "typ": "kandidat_<= 100m"}, "geometry": {"type": "LineString", "coordinates": [[2681141.3, 1285412.71], [2681125.85, 1285418.1]]}}, {"type": "Feature", "properties": {"gemeinde": "Siblingen", "radius_m": 100, "typ": "kandidat_<= 100m"}, "geometry": {"type": "LineString", "coordinates": [[2681125.85, 1285418.1], [2681110.68, 1285423.1], [2681095.09, 1285428.3], [2681082.17, 1285432.23], [2681071.17, 1285435.09], [2681058.31, 1285437.96], [2681050.45, 1285439.69], [2681044.39, 1285440.09]]}}, {"type": "Feature", "properties": {"gemeinde": "Siblingen", "radius_m": 100, "typ": "kandidat_<= 100m"}, "geometry": {"type": "LineString", "coordinates": [[2681044.39, 1285440.09], [2681038.53, 1285439.55], [2681032.2, 1285438.62], [2681024.94, 1285436.75], [2681015.48, 1285434.42], [2680997.5, 1285428.95]]}}, {"type": "Feature", "properties": {"gemeinde": "Siblingen", "radius_m": 300, "typ": "kandidat_<= 300m"}, "geometry": {"type": "LineString", "coordinates": [[2680803.99, 1285434.57], [2680782.02, 1285438.43], [2680776.12, 1285439.43]]}}, {"type": "Feature", "properties": {"gemeinde": "Siblingen", "radius_m": 300, "typ": "kandidat_<= 300m"}, "geometry": {"type": "LineString", "coordinates": [[2680997.5, 1285428.95], [2680985.78, 1285425.15], [2680975.99, 1285422.35], [2680966.2, 1285420.35], [2680953.88, 1285419.14], [2680942.43, 1285418.27], [2680930.71, 1285417.74], [2680919.25, 1285417.53], [2680910.26, 1285418.06], [2680901.21, 1285419.06], [2680891.82, 1285419.99], [2680885.43, 1285420.93], [2680874.85, 1285422.47]]}}, {"type": "Feature", "properties": {"gemeinde": "Siblingen", "radius_m": 300, "typ": "kandidat_<= 300m"}, "geometry": {"type": "LineString", "coordinates": [[2680874.85, 1285422.47], [2680858.12, 1285425.18], [2680840.48, 1285428.31]]}}, {"type": "Feature", "properties": {"gemeinde": "Siblingen", "radius_m": 300, "typ": "kandidat_<= 300m"}, "geometry": {"type": "LineString", "coordinates": [[2681202.94, 1285392.78], [2681193.1, 1285395.64], [2681173.73, 1285401.19], [2681153.62, 1285408.19]]}}, {"type": "Feature", "properties": {"gemeinde": "Siblingen", "radius_m": 300, "typ": "kandidat_<= 300m"}, "geometry": {"type": "LineString", "coordinates": [[2681153.62, 1285408.19], [2681141.3, 1285412.71]]}}, {"type": "Feature", "properties": {"gemeinde": "Siblingen", "radius_m": 300, "typ": "kandidat_<= 300m"}, "geometry": {"type": "LineString", "coordinates": [[2681141.3, 1285412.71], [2681125.85, 1285418.1]]}}, {"type": "Feature", "properties": {"gemeinde": "Siblingen", "radius_m": 300, "typ": "kandidat_<= 300m"}, "geometry": {"type": "LineString", "coordinates": [[2681125.85, 1285418.1], [2681110.68, 1285423.1], [2681095.09, 1285428.3], [2681082.17, 1285432.23], [2681071.17, 1285435.09], [2681058.31, 1285437.96], [2681050.45, 1285439.69], [2681044.39, 1285440.09]]}}, {"type": "Feature", "properties": {"gemeinde": "Siblingen", "radius_m": 300, "typ": "kandidat_<= 300m"}, "geometry": {"type": "LineString", "coordinates": [[2681044.39, 1285440.09], [2681038.53, 1285439.55], [2681032.2, 1285438.62], [2681024.94, 1285436.75], [2681015.48, 1285434.42], [2680997.5, 1285428.95]]}}, {"type": "Feature", "properties": {"gemeinde": "Siblingen", "radius_m": 300, "typ": "kandidat_<= 300m"}, "geometry": {"type": "LineString", "coordinates": [[2680821.85, 1285431.51], [2680803.99, 1285434.57]]}}, {"type": "Feature", "properties": {"gemeinde": "Siblingen", "radius_m": 300, "typ": "kandidat_<= 300m"}, "geometry": {"type": "LineString", "coordinates": [[2680840.48, 1285428.31], [2680821.85, 1285431.51]]}}, {"type": "Feature", "properties": {"gemeinde": "Siblingen", "radius_m": 300, "typ": "kandidat_<= 300m"}, "geometry": {"type": "LineString", "coordinates": [[2681369.11, 1285345.98], [2681352.02, 1285350.91], [2681319.65, 1285359.96], [2681296.28, 1285366.53], [2681238.99, 1285382.51], [2681228.16, 1285385.58], [2681202.94, 1285392.78]]}}, {"type": "Feature", "properties": {"gemeinde": "Löhningen", "radius_m": 300, "typ": "kandidat_<= 300m"}, "geometry": {"type": "LineString", "coordinates": [[2683764.59, 1284024.51], [2683739.03, 1284021.47], [2683701.88, 1284016.8], [2683663.11, 1284010.35]]}}, {"type": "Feature", "properties": {"gemeinde": "Löhningen", "radius_m": 300, "typ": "kandidat_<= 300m"}, "geometry": {"type": "LineString", "coordinates": [[2683857.3, 1284025.55], [2683843.18, 1284026.59], [2683827.37, 1284026.98], [2683808.5, 1284026.98], [2683792.04, 1284026.4], [2683764.59, 1284024.51]]}}, {"type": "Feature", "properties": {"gemeinde": "Löhningen", "radius_m": 300, "typ": "kandidat_<= 300m"}, "geometry": {"type": "LineString", "coordinates": [[2683898.02, 1284016.97], [2683896.46, 1284017.49], [2683888.4, 1284019.83], [2683876.89, 1284022.75], [2683866.22, 1284024.57], [2683857.3, 1284025.55]]}}, {"type": "Feature", "properties": {"gemeinde": "Löhningen", "radius_m": 300, "typ": "kandidat_<= 300m"}, "geometry": {"type": "LineString", "coordinates": [[2683542.12, 1283982.91], [2683525.78, 1283980.92], [2683505.72, 1283978.91], [2683480.14, 1283977.92], [2683457.57, 1283978.42], [2683438.76, 1283979.17], [2683421.85, 1283979.52]]}}, {"type": "Feature", "properties": {"gemeinde": "Löhningen", "radius_m": 300, "typ": "kandidat_<= 300m"}, "geometry": {"type": "LineString", "coordinates": [[2683663.11, 1284010.35], [2683648.73, 1284007.46], [2683636.84, 1284004.92], [2683619.8, 1284001.26], [2683609.79, 1283998.77], [2683600.54, 1283996.64], [2683588.79, 1283993.34]]}}, {"type": "Feature", "properties": {"gemeinde": "Löhningen", "radius_m": 300, "typ": "kandidat_<= 300m"}, "geometry": {"type": "LineString", "coordinates": [[2683582.33, 1283992.17], [2683553.2, 1283984.54], [2683542.12, 1283982.91]]}}, {"type": "Feature", "properties": {"gemeinde": "Löhningen", "radius_m": 300, "typ": "kandidat_<= 300m"}, "geometry": {"type": "LineString", "coordinates": [[2683421.85, 1283979.52], [2683412.09, 1283979.52], [2683403.32, 1283979.83]]}}, {"type": "Feature", "properties": {"gemeinde": "Löhningen", "radius_m": 300, "typ": "kandidat_<= 300m"}, "geometry": {"type": "LineString", "coordinates": [[2683403.32, 1283979.83], [2683390.76, 1283980.3], [2683379.02, 1283981.13], [2683373.31, 1283981.75]]}}, {"type": "Feature", "properties": {"gemeinde": "Löhningen", "radius_m": 300, "typ": "kandidat_<= 300m"}, "geometry": {"type": "LineString", "coordinates": [[2683588.79, 1283993.34], [2683582.33, 1283992.17]]}}, {"type": "Feature", "properties": {"gemeinde": "Löhningen", "radius_m": 300, "typ": "kandidat_<= 300m"}, "geometry": {"type": "LineString", "coordinates": [[2683904.43, 1284014.81], [2683898.02, 1284016.97]]}}, {"type": "Feature", "properties": {"gemeinde": "Bargen (SH)", "radius_m": 100, "typ": "kandidat_<= 100m"}, "geometry": {"type": "LineString", "coordinates": [[2687769.3, 1294234.65], [2687763.61, 1294235.79]]}}, {"type": "Feature", "properties": {"gemeinde": "Bargen (SH)", "radius_m": 100, "typ": "kandidat_<= 100m"}, "geometry": {"type": "LineString", "coordinates": [[2687862.83, 1294220.99], [2687851.31, 1294219.22], [2687843.89, 1294219.95], [2687813.56, 1294225.81], [2687769.3, 1294234.65]]}}, {"type": "Feature", "properties": {"gemeinde": "Bargen (SH)", "radius_m": 100, "typ": "kandidat_<= 100m"}, "geometry": {"type": "LineString", "coordinates": [[2687864.65, 1294193.74], [2687860.15, 1294195.15], [2687853.85, 1294196.88]]}}, {"type": "Feature", "properties": {"gemeinde": "Bargen (SH)", "radius_m": 100, "typ": "kandidat_<= 100m"}, "geometry": {"type": "LineString", "coordinates": [[2687862.83, 1294220.99], [2687868.91, 1294214.98], [2687879.09, 1294211.54], [2687886.17, 1294208.57], [2687895.66, 1294204.91], [2687904.58, 1294201.37], [2687914.07, 1294197.14], [2687921.39, 1294193.82], [2687928.13, 1294190.27], [2687935.45, 1294186.27], [2687939.34, 1294184.07]]}}, {"type": "Feature", "properties": {"gemeinde": "Bargen (SH)", "radius_m": 100, "typ": "kandidat_<= 100m"}, "geometry": {"type": "LineString", "coordinates": [[2687852.51, 1294191.26], [2687858.8, 1294188.96], [2687863.07, 1294186.99]]}}, {"type": "Feature", "properties": {"gemeinde": "Bargen (SH)", "radius_m": 300, "typ": "kandidat_<= 300m"}, "geometry": {"type": "LineString", "coordinates": [[2687769.3, 1294234.65], [2687760.23, 1294236.46], [2687753.85, 1294238.24], [2687748.42, 1294240.12], [2687735.77, 1294244.52]]}}, {"type": "Feature", "properties": {"gemeinde": "Bargen (SH)", "radius_m": 300, "typ": "kandidat_<= 300m"}, "geometry": {"type": "LineString", "coordinates": [[2687862.83, 1294220.99], [2687851.31, 1294219.22], [2687843.89, 1294219.95], [2687813.56, 1294225.81], [2687769.3, 1294234.65]]}}, {"type": "Feature", "properties": {"gemeinde": "Bargen (SH)", "radius_m": 300, "typ": "kandidat_<= 300m"}, "geometry": {"type": "LineString", "coordinates": [[2687735.77, 1294244.52], [2687732.24, 1294244.16]]}}, {"type": "Feature", "properties": {"gemeinde": "Bargen (SH)", "radius_m": 300, "typ": "kandidat_<= 300m"}, "geometry": {"type": "LineString", "coordinates": [[2687926.8, 1294130.87], [2687931.6, 1294128.01], [2687936.18, 1294124.35], [2687940.41, 1294119.55], [2687945.1, 1294113.15], [2687953.09, 1294100.88]]}}, {"type": "Feature", "properties": {"gemeinde": "Bargen (SH)", "radius_m": 300, "typ": "kandidat_<= 300m"}, "geometry": {"type": "LineString", "coordinates": [[2687864.65, 1294193.74], [2687860.15, 1294195.15], [2687853.85, 1294196.88]]}}, {"type": "Feature", "properties": {"gemeinde": "Bargen (SH)", "radius_m": 300, "typ": "kandidat_<= 300m"}, "geometry": {"type": "LineString", "coordinates": [[2687862.83, 1294220.99], [2687868.91, 1294214.98], [2687879.09, 1294211.54], [2687886.17, 1294208.57], [2687895.66, 1294204.91], [2687904.58, 1294201.37], [2687914.07, 1294197.14], [2687921.39, 1294193.82], [2687928.13, 1294190.27], [2687935.45, 1294186.27], [2687942.53, 1294182.26], [2687948.82, 1294178.6], [2687956.48, 1294173.57], [2687964.25, 1294167.97], [2687972.14, 1294162.15], [2687980.83, 1294154.94], [2687986.32, 1294149.68], [2687992.37, 1294143.51], [2687996.83, 1294139.05], [2688004.15, 1294131.16], [2688008.06, 1294126.56]]}}, {"type": "Feature", "properties": {"gemeinde": "Bargen (SH)", "radius_m": 300, "typ": "kandidat_<= 300m"}, "geometry": {"type": "LineString", "coordinates": [[2687953.09, 1294100.88], [2687954.7, 1294098.4], [2687967.62, 1294079.88], [2687979.4, 1294062.4], [2687991.29, 1294045.02], [2688002.83, 1294027.76], [2688010.27, 1294017.25], [2688014.84, 1294011.08], [2688018.73, 1294006.5], [2688022.62, 1294002.62], [2688026.62, 1293999.08], [2688028.07, 1293998.03]]}}, {"type": "Feature", "properties": {"gemeinde": "Bargen (SH)", "radius_m": 300, "typ": "kandidat_<= 300m"}, "geometry": {"type": "LineString", "coordinates": [[2687852.51, 1294191.26], [2687858.8, 1294188.96], [2687863.07, 1294186.99]]}}, {"type": "Feature", "properties": {"gemeinde": "Bargen (SH)", "radius_m": 300, "typ": "kandidat_<= 300m"}, "geometry": {"type": "LineString", "coordinates": [[2687910.16, 1294135.13], [2687915.61, 1294134.39], [2687921.44, 1294133.03], [2687926.8, 1294130.87]]}}, {"type": "Feature", "properties": {"gemeinde": "Bargen (SH)", "radius_m": 300, "typ": "kandidat_<= 300m"}, "geometry": {"type": "LineString", "coordinates": [[2688008.06, 1294126.56], [2688010.66, 1294123.5], [2688015.81, 1294116.87], [2688021.98, 1294108.64], [2688030.1, 1294097.32], [2688035.01, 1294090.12], [2688039.23, 1294083.6]]}}, {"type": "Feature", "properties": {"gemeinde": "Bargen (SH)", "radius_m": 300, "typ": "kandidat_<= 300m"}, "geometry": {"type": "LineString", "coordinates": [[2687923.64, 1294138.55], [2687924.23, 1294137.56], [2687925.71, 1294133.89], [2687926.8, 1294130.87]]}}, {"type": "Feature", "properties": {"gemeinde": "Bargen (SH)", "radius_m": 300, "typ": "kandidat_<= 300m"}, "geometry": {"type": "LineString", "coordinates": [[2687910.65, 1294145.7], [2687910.71, 1294141.5], [2687910.16, 1294135.13]]}}]}