departement;departement_name;dienststelle;dienststelle_name;spezialfinanzierung;spezialfinanzierung_name;konto;bezeichnung;budget_2026;budget_2025;rechnung_2024;abweichung;prozent;kommentar;seite
10;Kantonsrat;1000;Kantonsrat;;;3000.00;Löhne Behörden, Richter und Richterinnen;785700.0;795700.0;293567.8;-10000.0;-1.26;;111
10;Kantonsrat;1000;Kantonsrat;;;3000.10;Sitzungsgelder Kommissionen;209000.0;208800.0;186040.0;200.0;0.1;;111
10;Kantonsrat;1000;Kantonsrat;;;3010.00;Löhne des Verwaltungs- und Betriebspersonals;389300.0;381700.0;254856.9;7600.0;1.99;;111
10;Kantonsrat;1000;Kantonsrat;;;3050.00;AG-Beiträge AHV, IV, EO, ALV, Verwaltungskosten;90000.0;90100.0;29678.5;-100.0;-0.11;;111
10;Kantonsrat;1000;Kantonsrat;;;3052.00;AG-Beiträge an Pensionskassen;52000.0;52400.0;30521.25;-400.0;-0.76;;111
10;Kantonsrat;1000;Kantonsrat;;;3053.00;AG-Beiträge an Unfallversicherungen;7500.0;7500.0;1299.1;;;;111
10;Kantonsrat;1000;Kantonsrat;;;3054.00;AG-Beiträge an Familienzulagekassen;18000.0;18000.0;5942.2;;;;111
10;Kantonsrat;1000;Kantonsrat;;;3059.10;AG-Beiträge Sozialfonds;1100.0;1100.0;362.25;;;;111
10;Kantonsrat;1000;Kantonsrat;;;3090.00;Aus- und Weiterbildung des eigenen Personals;6000.0;6000.0;280.0;;;;111
10;Kantonsrat;1000;Kantonsrat;;;3099.00;Übriger Personalaufwand;13000.0;11000.0;18663.55;2000.0;18.18;;111
10;Kantonsrat;1000;Kantonsrat;;;3100.00;Büromaterial;2000.0;2000.0;2486.51;;;;111
10;Kantonsrat;1000;Kantonsrat;;;3101.00;Betriebs- und Verbrauchsmaterial;1000.0;1000.0;;;;;111
10;Kantonsrat;1000;Kantonsrat;;;3102.00;Drucksachen, Publikationen;84600.0;52600.0;83948.35;32000.0;60.84;Durchschnittliche Zunahme der jährlichen Abstimmungen/Abstimmungsfragen.;111
10;Kantonsrat;1000;Kantonsrat;;;3103.00;Fachliteratur, Zeitschriften;400.0;400.0;344.0;;;;111
10;Kantonsrat;1000;Kantonsrat;;;3118.00;Immaterielle Anlagen;20000.0;15600.0;27781.8;4400.0;28.21;;111
10;Kantonsrat;1000;Kantonsrat;;;3130.00;Dienstleistungen Dritter;143800.0;138600.0;34266.35;5200.0;3.75;;111
10;Kantonsrat;1000;Kantonsrat;;;3133.00;Informatik-Nutzungsaufwand;81600.0;91000.0;44479.5;-9400.0;-10.33;;111
10;Kantonsrat;1000;Kantonsrat;;;3160.00;Mieten und Pachten Liegenschaften;;;161.05;;;;111
10;Kantonsrat;1000;Kantonsrat;;;3161.00;Mieten, Benützungskosten Anlagen;3500.0;1600.0;2966.5;1900.0;118.75;;111
10;Kantonsrat;1000;Kantonsrat;;;3170.00;Reisekosten und Spesen;61000.0;51500.0;19630.9;9500.0;18.45;;111
10;Kantonsrat;1000;Kantonsrat;;;3199.00;Übriger Betriebsaufwand;11500.0;11300.0;2988.8;200.0;1.77;;111
10;Kantonsrat;1000;Kantonsrat;;;3636.00;Beiträge an private Organisationen ohne Erwerbszweck;48000.0;48000.0;48000.0;;;;111
10;Kantonsrat;1000;Kantonsrat;;;3910.00;IV Dienstleistungen;11900.0;11900.0;12105.45;;;;111
10;Kantonsrat;1050;Ombudsstelle;;;;;;;;;;Die Finanzstelle wird in Folge der Volksabstimmung zum «Ombudsgesetz» vom 18. Mai 2025 neu geschaffen. Auf der Finanzstelle werden die Aufwendungen im Zusammenhang mit der neuen Ombudsstelle des Kantons budgetiert.;112
10;Kantonsrat;1050;Ombudsstelle;;;3010.00;Löhne des Verwaltungs- und Betriebspersonals;125400.0;;;125400.0;;;112
10;Kantonsrat;1050;Ombudsstelle;;;3050.00;AG-Beiträge AHV, IV, EO, ALV, Verwaltungskosten;8100.0;;;8100.0;;;112
10;Kantonsrat;1050;Ombudsstelle;;;3052.00;AG-Beiträge an Pensionskassen;16800.0;;;16800.0;;;112
10;Kantonsrat;1050;Ombudsstelle;;;3053.00;AG-Beiträge an Unfallversicherungen;700.0;;;700.0;;;112
10;Kantonsrat;1050;Ombudsstelle;;;3054.00;AG-Beiträge an Familienzulagekassen;1600.0;;;1600.0;;;112
10;Kantonsrat;1050;Ombudsstelle;;;3059.10;AG-Beiträge Sozialfonds;100.0;;;100.0;;;112
10;Kantonsrat;1050;Ombudsstelle;;;3090.00;Aus- und Weiterbildung des eigenen Personals;3000.0;;;3000.0;;;112
10;Kantonsrat;1050;Ombudsstelle;;;3099.00;Übriger Personalaufwand;3000.0;;;3000.0;;;112
10;Kantonsrat;1050;Ombudsstelle;;;3100.00;Büromaterial;2000.0;;;2000.0;;;112
10;Kantonsrat;1050;Ombudsstelle;;;3101.00;Betriebs- und Verbrauchsmaterial;2000.0;;;2000.0;;;112
10;Kantonsrat;1050;Ombudsstelle;;;3102.00;Drucksachen, Publikationen;10000.0;;;10000.0;;;112
10;Kantonsrat;1050;Ombudsstelle;;;3103.00;Fachliteratur, Zeitschriften;3000.0;;;3000.0;;;112
10;Kantonsrat;1050;Ombudsstelle;;;3130.00;Dienstleistungen Dritter;10000.0;;;10000.0;;;112
10;Kantonsrat;1050;Ombudsstelle;;;3133.00;Informatik-Nutzungsaufwand;10000.0;;;10000.0;;;112
10;Kantonsrat;1050;Ombudsstelle;;;3160.00;Mieten und Pachten Liegenschaften;24000.0;;;24000.0;;;112
10;Kantonsrat;1050;Ombudsstelle;;;3170.00;Reisekosten und Spesen;4000.0;;;4000.0;;;112
10;Kantonsrat;1050;Ombudsstelle;;;3199.00;Übriger Betriebsaufwand;10000.0;;;10000.0;;;112
20;Regierungsrat / Staatskanzlei;2000;Regierungsrat;;;3000.00;Löhne Behörden, Richter und Richterinnen;1374500.0;1371700.0;1352706.0;2800.0;0.2;;113
20;Regierungsrat / Staatskanzlei;2000;Regierungsrat;;;3050.00;AG-Beiträge AHV, IV, EO, ALV, Verwaltungskosten;89400.0;89100.0;81220.55;300.0;0.34;;113
20;Regierungsrat / Staatskanzlei;2000;Regierungsrat;;;3052.00;AG-Beiträge an Pensionskassen;183700.0;183100.0;249335.45;600.0;0.33;;113
20;Regierungsrat / Staatskanzlei;2000;Regierungsrat;;;3053.00;AG-Beiträge an Unfallversicherungen;7700.0;7400.0;4017.0;300.0;4.05;;113
20;Regierungsrat / Staatskanzlei;2000;Regierungsrat;;;3054.00;AG-Beiträge an Familienzulagekassen;17900.0;17800.0;17586.1;100.0;0.56;;113
20;Regierungsrat / Staatskanzlei;2000;Regierungsrat;;;3059.10;AG-Beiträge Sozialfonds;1100.0;1100.0;594.0;;;;113
20;Regierungsrat / Staatskanzlei;2000;Regierungsrat;;;3064.00;Überbrückungsrenten;23500.0;;50022.0;23500.0;;;113
20;Regierungsrat / Staatskanzlei;2000;Regierungsrat;;;3090.00;Aus- und Weiterbildung des eigenen Personals;12000.0;12000.0;13407.55;;;;113
20;Regierungsrat / Staatskanzlei;2000;Regierungsrat;;;3099.00;Übriger Personalaufwand;;;4330.0;;;;113
20;Regierungsrat / Staatskanzlei;2000;Regierungsrat;;;3170.00;Reisekosten und Spesen;75000.0;50000.0;50001.0;25000.0;50.0;Erhöhung der Spesenpauschale für die Mitglieder des Regierungsrates auf jeweils Fr. 15'000.;113
20;Regierungsrat / Staatskanzlei;2000;Regierungsrat;;;3199.00;Übriger Betriebsaufwand;16000.0;16000.0;9348.3;;;;113
20;Regierungsrat / Staatskanzlei;2000;Regierungsrat;;;4309.00;Übrige betriebliche Erträge;-174600.0;-178700.0;-185278.05;4100.0;-2.29;;113
20;Regierungsrat / Staatskanzlei;2010;Staatskanzlei;;;3010.00;Löhne des Verwaltungs- und Betriebspersonals;1566700.0;1420100.0;1425608.9;146600.0;10.32;;113
20;Regierungsrat / Staatskanzlei;2010;Staatskanzlei;;;3010.95;Rückerstattungen Taggelder UV, EO, MSE, MV, IV für Verwaltungs- und Betriebspersonal;;;-749.5;;;;113
20;Regierungsrat / Staatskanzlei;2010;Staatskanzlei;;;3050.00;AG-Beiträge AHV, IV, EO, ALV, Verwaltungskosten;101800.0;92300.0;91255.85;9500.0;10.29;;113
20;Regierungsrat / Staatskanzlei;2010;Staatskanzlei;;;3052.00;AG-Beiträge an Pensionskassen;209300.0;189600.0;215921.6;19700.0;10.39;;113
20;Regierungsrat / Staatskanzlei;2010;Staatskanzlei;;;3053.00;AG-Beiträge an Unfallversicherungen;9100.0;7600.0;7046.15;1500.0;19.74;;113
20;Regierungsrat / Staatskanzlei;2010;Staatskanzlei;;;3054.00;AG-Beiträge an Familienzulagekassen;20300.0;18400.0;18518.3;1900.0;10.33;;113
20;Regierungsrat / Staatskanzlei;2010;Staatskanzlei;;;3059.10;AG-Beiträge Sozialfonds;1200.0;1100.0;1040.0;100.0;9.09;;113
20;Regierungsrat / Staatskanzlei;2010;Staatskanzlei;;;3090.00;Aus- und Weiterbildung des eigenen Personals;12000.0;9000.0;6969.6;3000.0;33.33;;113
20;Regierungsrat / Staatskanzlei;2010;Staatskanzlei;;;3099.00;Übriger Personalaufwand;8000.0;7000.0;2664.7;1000.0;14.29;;113
20;Regierungsrat / Staatskanzlei;2010;Staatskanzlei;;;3100.00;Büromaterial;10000.0;10000.0;10157.33;;;;113
20;Regierungsrat / Staatskanzlei;2010;Staatskanzlei;;;3101.00;Betriebs- und Verbrauchsmaterial;180000.0;180000.0;180359.9;;;;113
20;Regierungsrat / Staatskanzlei;2010;Staatskanzlei;;;3102.00;Drucksachen, Publikationen;77000.0;75500.0;91046.7;1500.0;1.99;;113
20;Regierungsrat / Staatskanzlei;2010;Staatskanzlei;;;3103.00;Fachliteratur, Zeitschriften;6400.0;6100.0;6201.16;300.0;4.92;;113
20;Regierungsrat / Staatskanzlei;2010;Staatskanzlei;;;3110.00;Büromöbel und -geräte;6000.0;6000.0;5945.5;;;;114
20;Regierungsrat / Staatskanzlei;2010;Staatskanzlei;;;3113.00;Hardware;4000.0;4000.0;1878.8;;;;114
20;Regierungsrat / Staatskanzlei;2010;Staatskanzlei;;;3130.00;Dienstleistungen Dritter;71600.0;33000.0;42827.47;38600.0;116.97;Mehrkosten Abstimmungen (Übersetzung «Leichte Sprache», «Gebärdensprache»).;114
20;Regierungsrat / Staatskanzlei;2010;Staatskanzlei;;;3133.00;Informatik-Nutzungsaufwand;184400.0;75900.0;133196.75;108500.0;142.95;Vorprojekt «e-Collecting» (Fr. 106'000).;114
20;Regierungsrat / Staatskanzlei;2010;Staatskanzlei;;;3137.00;Steuern und Abgaben;10000.0;10000.0;6871.08;;;;114
20;Regierungsrat / Staatskanzlei;2010;Staatskanzlei;;;3150.00;Unterhalt Büromöbel und -geräte;3000.0;3000.0;;;;;114
20;Regierungsrat / Staatskanzlei;2010;Staatskanzlei;;;3158.00;Unterhalt immaterielle Anlagen;9000.0;9000.0;8114.4;;;;114
20;Regierungsrat / Staatskanzlei;2010;Staatskanzlei;;;3161.00;Mieten, Benützungskosten Anlagen;30000.0;30000.0;30860.14;;;;114
20;Regierungsrat / Staatskanzlei;2010;Staatskanzlei;;;3170.00;Reisekosten und Spesen;12000.0;12000.0;9816.2;;;;114
20;Regierungsrat / Staatskanzlei;2010;Staatskanzlei;;;3181.00;Tatsächliche Forderungsverluste;4000.0;1500.0;7250.0;2500.0;166.67;;114
20;Regierungsrat / Staatskanzlei;2010;Staatskanzlei;;;3199.00;Übriger Betriebsaufwand;10000.0;12000.0;9867.5;-2000.0;-16.67;;114
20;Regierungsrat / Staatskanzlei;2010;Staatskanzlei;;;3499.00;Übriger Finanzaufwand;1200.0;;;1200.0;;Gebühren Zahlungsportal Infoschalter.;114
20;Regierungsrat / Staatskanzlei;2010;Staatskanzlei;;;3610.00;Entschädigungen an Bund;-13000.0;-10600.0;-12729.46;-2400.0;22.64;;114
20;Regierungsrat / Staatskanzlei;2010;Staatskanzlei;;;4210.00;Gebühren für Amtshandlungen;-179000.0;-179000.0;-172895.8;;;;114
20;Regierungsrat / Staatskanzlei;2010;Staatskanzlei;;;4250.00;Verkäufe;-230000.0;-230600.0;-222711.06;600.0;-0.26;;114
20;Regierungsrat / Staatskanzlei;2010;Staatskanzlei;;;4632.10;Laufende Betriebsbeiträge von innerkantonalen Gemeinden und Gemeindezweckverbände;-69000.0;-69000.0;-68928.0;;;;114
20;Regierungsrat / Staatskanzlei;2010;Staatskanzlei;;;4900.00;IV Material- und Warenbezüge;-17000.0;-10000.0;-18832.5;-7000.0;70.0;;114
20;Regierungsrat / Staatskanzlei;2010;Staatskanzlei;;;4910.00;IV Dienstleistungen;-32900.0;-32900.0;-28849.05;;;;114
20;Regierungsrat / Staatskanzlei;2030;Staatsarchiv;;;3010.00;Löhne des Verwaltungs- und Betriebspersonals;565200.0;562900.0;505131.0;2300.0;0.41;;114
20;Regierungsrat / Staatskanzlei;2030;Staatsarchiv;;;3050.00;AG-Beiträge AHV, IV, EO, ALV, Verwaltungskosten;36700.0;36500.0;32727.65;200.0;0.55;;114
20;Regierungsrat / Staatskanzlei;2030;Staatsarchiv;;;3052.00;AG-Beiträge an Pensionskassen;75500.0;75100.0;63404.2;400.0;0.53;;114
20;Regierungsrat / Staatskanzlei;2030;Staatsarchiv;;;3053.00;AG-Beiträge an Unfallversicherungen;3300.0;3100.0;2685.45;200.0;6.45;;114
20;Regierungsrat / Staatskanzlei;2030;Staatsarchiv;;;3054.00;AG-Beiträge an Familienzulagekassen;7300.0;7300.0;6566.15;;;;114
20;Regierungsrat / Staatskanzlei;2030;Staatsarchiv;;;3059.10;AG-Beiträge Sozialfonds;400.0;400.0;395.1;;;;114
20;Regierungsrat / Staatskanzlei;2030;Staatsarchiv;;;3064.00;Überbrückungsrenten;;;66.0;;;;114
20;Regierungsrat / Staatskanzlei;2030;Staatsarchiv;;;3090.00;Aus- und Weiterbildung des eigenen Personals;7000.0;5000.0;1062.7;2000.0;40.0;;114
20;Regierungsrat / Staatskanzlei;2030;Staatsarchiv;;;3091.00;Personalwerbung;500.0;300.0;270.25;200.0;66.67;;114
20;Regierungsrat / Staatskanzlei;2030;Staatsarchiv;;;3100.00;Büromaterial;3000.0;3000.0;1134.99;;;;115
20;Regierungsrat / Staatskanzlei;2030;Staatsarchiv;;;3101.00;Betriebs- und Verbrauchsmaterial;20000.0;22000.0;25033.85;-2000.0;-9.09;;115
20;Regierungsrat / Staatskanzlei;2030;Staatsarchiv;;;3103.00;Fachliteratur, Zeitschriften;7000.0;7000.0;5545.68;;;;115
20;Regierungsrat / Staatskanzlei;2030;Staatsarchiv;;;3111.00;Maschinen, Geräte und Fahrzeuge;3000.0;5500.0;4423.25;-2500.0;-45.45;;115
20;Regierungsrat / Staatskanzlei;2030;Staatsarchiv;;;3113.00;Hardware;11000.0;500.0;927.75;10500.0;2100.0;Einmalige Ausgaben für Datensicherungshardware.;115
20;Regierungsrat / Staatskanzlei;2030;Staatsarchiv;;;3118.00;Immaterielle Anlagen;15500.0;20500.0;7489.8;-5000.0;-24.39;;115
20;Regierungsrat / Staatskanzlei;2030;Staatsarchiv;;;3119.00;Übrige nicht aktivierbare Anlagen;2000.0;2000.0;;;;;115
20;Regierungsrat / Staatskanzlei;2030;Staatsarchiv;;;3130.00;Dienstleistungen Dritter;101000.0;95000.0;62933.82;6000.0;6.32;;115
20;Regierungsrat / Staatskanzlei;2030;Staatsarchiv;;;3133.00;Informatik-Nutzungsaufwand;125700.0;118900.0;57505.0;6800.0;5.72;;115
20;Regierungsrat / Staatskanzlei;2030;Staatsarchiv;;;3151.00;Unterhalt Maschinen, Geräte, Fahrzeuge;500.0;;;500.0;;;115
20;Regierungsrat / Staatskanzlei;2030;Staatsarchiv;;;3158.00;Unterhalt immaterielle Anlagen;43900.0;12300.0;11919.1;31600.0;256.91;Inkl. Betriebskosten «Digitaler Lesesaal».;115
20;Regierungsrat / Staatskanzlei;2030;Staatsarchiv;;;3161.00;Mieten, Benützungskosten Anlagen;;;4198.05;;;;115
20;Regierungsrat / Staatskanzlei;2030;Staatsarchiv;;;3170.00;Reisekosten und Spesen;4400.0;4300.0;2547.55;100.0;2.33;;115
20;Regierungsrat / Staatskanzlei;2030;Staatsarchiv;;;3320.00;Planmässige Abschreibungen immaterielle Anlagen;56000.0;;;56000.0;;;115
20;Regierungsrat / Staatskanzlei;2030;Staatsarchiv;;;3631.00;Beiträge an Kantone und Konkordate;7600.0;8600.0;7714.0;-1000.0;-11.63;;115
20;Regierungsrat / Staatskanzlei;2030;Staatsarchiv;;;3636.00;Beiträge an private Organisationen ohne Erwerbszweck;1000.0;1000.0;500.0;;;;115
20;Regierungsrat / Staatskanzlei;2030;Staatsarchiv;;;4240.00;Benützungsgebühren und Dienstleistungen;-100.0;-100.0;-22.1;;;;115
20;Regierungsrat / Staatskanzlei;2030;Staatsarchiv;;;4250.00;Verkäufe;-700.0;-700.0;-1332.05;;;;115
20;Regierungsrat / Staatskanzlei;2050;Repräsentationskosten;;;3199.00;Übriger Betriebsaufwand;70000.0;70000.0;60437.0;;;;115
20;Regierungsrat / Staatskanzlei;2060;Staatskeller;;;3010.00;Löhne des Verwaltungs- und Betriebspersonals;6000.0;6100.0;4087.45;-100.0;-1.64;;115
20;Regierungsrat / Staatskanzlei;2060;Staatskeller;;;3050.00;AG-Beiträge AHV, IV, EO, ALV, Verwaltungskosten;400.0;400.0;34.0;;;;115
20;Regierungsrat / Staatskanzlei;2060;Staatskeller;;;3052.00;AG-Beiträge an Pensionskassen;800.0;800.0;;;;;115
20;Regierungsrat / Staatskanzlei;2060;Staatskeller;;;3053.00;AG-Beiträge an Unfallversicherungen;;;5.95;;;;115
20;Regierungsrat / Staatskanzlei;2060;Staatskeller;;;3054.00;AG-Beiträge an Familienzulagekassen;100.0;100.0;6.75;;;;115
20;Regierungsrat / Staatskanzlei;2060;Staatskeller;;;3059.10;AG-Beiträge Sozialfonds;;;0.4;;;;115
20;Regierungsrat / Staatskanzlei;2060;Staatskeller;;;3100.00;Büromaterial;;;414.9;;;;115
20;Regierungsrat / Staatskanzlei;2060;Staatskeller;;;3105.00;Lebensmittel;;;4835.4;;;;115
20;Regierungsrat / Staatskanzlei;2060;Staatskeller;;;3109.00;Übriger Material- und Warenaufwand;48000.0;46000.0;48439.15;2000.0;4.35;;115
20;Regierungsrat / Staatskanzlei;2060;Staatskeller;;;3199.00;Übriger Betriebsaufwand;30000.0;30000.0;27900.0;;;;116
20;Regierungsrat / Staatskanzlei;2090;Verschiedene Ausgaben;;;3069.00;Übrige Arbeitgeberleistungen;18500.0;17500.0;194.45;1000.0;5.71;;116
20;Regierungsrat / Staatskanzlei;2090;Verschiedene Ausgaben;;;3099.00;Übriger Personalaufwand;500.0;;;500.0;;;116
20;Regierungsrat / Staatskanzlei;2090;Verschiedene Ausgaben;;;3118.00;Immaterielle Anlagen;;;171068.25;;;;116
20;Regierungsrat / Staatskanzlei;2090;Verschiedene Ausgaben;;;3130.00;Dienstleistungen Dritter;1288500.0;1243000.0;1273914.38;45500.0;3.66;Bisher nicht budgetierte Erhöhung der Posttaxen.;116
20;Regierungsrat / Staatskanzlei;2090;Verschiedene Ausgaben;;;3132.00;Honorare externe Berater, Gutachter, Fachexperten etc.;50000.0;40000.0;39457.52;10000.0;25.0;;116
20;Regierungsrat / Staatskanzlei;2090;Verschiedene Ausgaben;;;3133.00;Informatik-Nutzungsaufwand;259000.0;206200.0;244434.5;52800.0;25.61;Inklusive Lizenz «Lex Work» (Fr. 49'000).;116
20;Regierungsrat / Staatskanzlei;2090;Verschiedene Ausgaben;;;3158.00;Unterhalt immaterielle Anlagen;14000.0;14000.0;4112.0;;;;116
20;Regierungsrat / Staatskanzlei;2090;Verschiedene Ausgaben;;;3199.00;Übriger Betriebsaufwand;19000.0;18500.0;22650.0;500.0;2.7;;116
20;Regierungsrat / Staatskanzlei;2090;Verschiedene Ausgaben;;;3631.00;Beiträge an Kantone und Konkordate;196000.0;205000.0;217390.6;-9000.0;-4.39;;116
20;Regierungsrat / Staatskanzlei;2090;Verschiedene Ausgaben;;;3638.00;Beiträge an das Ausland;39500.0;39500.0;36364.59;;;;116
20;Regierungsrat / Staatskanzlei;2090;Verschiedene Ausgaben;;;4631.00;Beiträge von Kantonen und Konkordaten;-30000.0;-30000.0;-30000.0;;;;116
20;Regierungsrat / Staatskanzlei;2090;Verschiedene Ausgaben;;;4910.00;IV Dienstleistungen;-272800.0;-272800.0;-266000.0;;;;116
21;Departement des Innern;2100;Sekretariat/Rechtsdienst Koordinationsstelle für Umweltschutz;;;3010.00;Löhne des Verwaltungs- und Betriebspersonals;1052400.0;929700.0;949370.6;122700.0;13.2;Neue Stelle Digitalisierungsverantwortlicher für das Departement des Inneren (100%).;117
21;Departement des Innern;2100;Sekretariat/Rechtsdienst Koordinationsstelle für Umweltschutz;;;3010.95;Rückerstattungen Taggelder UV, EO, MSE, MV, IV für Verwaltungs- und Betriebspersonal;;;-12032.0;;;;117
21;Departement des Innern;2100;Sekretariat/Rechtsdienst Koordinationsstelle für Umweltschutz;;;3050.00;AG-Beiträge AHV, IV, EO, ALV, Verwaltungskosten;68500.0;60400.0;60992.4;8100.0;13.41;;117
21;Departement des Innern;2100;Sekretariat/Rechtsdienst Koordinationsstelle für Umweltschutz;;;3052.00;AG-Beiträge an Pensionskassen;140600.0;124100.0;130057.95;16500.0;13.3;;117
21;Departement des Innern;2100;Sekretariat/Rechtsdienst Koordinationsstelle für Umweltschutz;;;3053.00;AG-Beiträge an Unfallversicherungen;6500.0;5000.0;4704.05;1500.0;30.0;;117
21;Departement des Innern;2100;Sekretariat/Rechtsdienst Koordinationsstelle für Umweltschutz;;;3054.00;AG-Beiträge an Familienzulagekassen;13700.0;12100.0;12319.25;1600.0;13.22;;117
21;Departement des Innern;2100;Sekretariat/Rechtsdienst Koordinationsstelle für Umweltschutz;;;3059.10;AG-Beiträge Sozialfonds;800.0;700.0;713.6;100.0;14.29;;117
21;Departement des Innern;2100;Sekretariat/Rechtsdienst Koordinationsstelle für Umweltschutz;;;3090.00;Aus- und Weiterbildung des eigenen Personals;15000.0;30200.0;46180.81;-15200.0;-50.33;Reduktion der geplanten Weiterbildungen.;117
21;Departement des Innern;2100;Sekretariat/Rechtsdienst Koordinationsstelle für Umweltschutz;;;3091.00;Personalwerbung;800.0;800.0;;;;;117
21;Departement des Innern;2100;Sekretariat/Rechtsdienst Koordinationsstelle für Umweltschutz;;;3099.00;Übriger Personalaufwand;6300.0;6300.0;11787.5;;;;117
21;Departement des Innern;2100;Sekretariat/Rechtsdienst Koordinationsstelle für Umweltschutz;;;3100.00;Büromaterial;3500.0;3500.0;3980.92;;;;117
21;Departement des Innern;2100;Sekretariat/Rechtsdienst Koordinationsstelle für Umweltschutz;;;3102.00;Drucksachen, Publikationen;1000.0;500.0;1832.55;500.0;100.0;;117
21;Departement des Innern;2100;Sekretariat/Rechtsdienst Koordinationsstelle für Umweltschutz;;;3103.00;Fachliteratur, Zeitschriften;4400.0;5400.0;4203.25;-1000.0;-18.52;;117
21;Departement des Innern;2100;Sekretariat/Rechtsdienst Koordinationsstelle für Umweltschutz;;;3109.00;Übriger Material- und Warenaufwand;;;14.7;;;;117
21;Departement des Innern;2100;Sekretariat/Rechtsdienst Koordinationsstelle für Umweltschutz;;;3110.00;Büromöbel und -geräte;1500.0;6000.0;;-4500.0;-75.0;;117
21;Departement des Innern;2100;Sekretariat/Rechtsdienst Koordinationsstelle für Umweltschutz;;;3113.00;Hardware;3000.0;4500.0;2126.5;-1500.0;-33.33;;117
21;Departement des Innern;2100;Sekretariat/Rechtsdienst Koordinationsstelle für Umweltschutz;;;3130.00;Dienstleistungen Dritter;40000.0;64000.0;110228.53;-24000.0;-37.5;Reduktion der Aufträge an Dritte durch das Zurückstellen einzelner Projekte.;117
21;Departement des Innern;2100;Sekretariat/Rechtsdienst Koordinationsstelle für Umweltschutz;;;3133.00;Informatik-Nutzungsaufwand;53400.0;47200.0;34615.5;6200.0;13.14;;117
21;Departement des Innern;2100;Sekretariat/Rechtsdienst Koordinationsstelle für Umweltschutz;;;3161.00;Mieten, Benützungskosten Anlagen;9300.0;9300.0;6948.5;;;;117
21;Departement des Innern;2100;Sekretariat/Rechtsdienst Koordinationsstelle für Umweltschutz;;;3170.00;Reisekosten und Spesen;4500.0;4500.0;5070.1;;;;117
21;Departement des Innern;2100;Sekretariat/Rechtsdienst Koordinationsstelle für Umweltschutz;;;3181.00;Tatsächliche Forderungsverluste;4500.0;2500.0;4500.0;2000.0;80.0;;117
21;Departement des Innern;2100;Sekretariat/Rechtsdienst Koordinationsstelle für Umweltschutz;;;3199.00;Übriger Betriebsaufwand;2000.0;2000.0;255.6;;;;117
21;Departement des Innern;2100;Sekretariat/Rechtsdienst Koordinationsstelle für Umweltschutz;;;3614.00;Entschädigungen an öffentliche Unternehmungen;10000.0;10000.0;10000.0;;;;117
21;Departement des Innern;2100;Sekretariat/Rechtsdienst Koordinationsstelle für Umweltschutz;;;3631.00;Beiträge an Kantone und Konkordate;83800.0;83800.0;71760.0;;;;117
21;Departement des Innern;2100;Sekretariat/Rechtsdienst Koordinationsstelle für Umweltschutz;;;3636.00;Beiträge an private Organisationen ohne Erwerbszweck;2000.0;2000.0;2000.0;;;;118
21;Departement des Innern;2100;Sekretariat/Rechtsdienst Koordinationsstelle für Umweltschutz;;;4210.00;Gebühren für Amtshandlungen;-28000.0;-18500.0;-32931.0;-9500.0;51.35;;118
21;Departement des Innern;2100;Sekretariat/Rechtsdienst Koordinationsstelle für Umweltschutz;;;4270.00;Bussen;-9000.0;-6000.0;-9150.0;-3000.0;50.0;;118
21;Departement des Innern;2102;Lotterie und Spielbanken;;;3610.00;Entschädigungen an Bund;2000.0;2600.0;2050.0;-600.0;-23.08;;118
21;Departement des Innern;2102;Lotterie und Spielbanken;;;3980.00;Übertragungen;35000.0;395000.0;440821.4;-360000.0;-91.14;Weniger Einnahmen aus der Spielbankenabgabe (vgl. Kommentar zu Konto 4025.00) führen zu weniger Einlagen in den Fonds für Gesundheitsförderung und Suchtprophylaxe.;118
21;Departement des Innern;2102;Lotterie und Spielbanken;;;4025.00;Spielbanken- und Spielautomatenabgabe;;-1800000.0;-2002569.5;1800000.0;-100.0;Das Casino Schaffhausen ist geschlossen. Die entsprechende Spielbankenabgabe entfällt.;118
21;Departement des Innern;2102;Lotterie und Spielbanken;;;4130.00;Ertragsanteile an Lotterien, Sport-Toto, Wetten;-35000.0;-35000.0;-40307.4;;;;118
21;Departement des Innern;2102;Lotterie und Spielbanken;;;4210.00;Gebühren für Amtshandlungen;-2000.0;-2000.0;-2000.0;;;;118
21;Departement des Innern;2104;Jagd und Fischerei;;;3000.10;Sitzungsgelder Kommissionen;9000.0;3500.0;9257.5;5500.0;157.14;;118
21;Departement des Innern;2104;Jagd und Fischerei;;;3010.00;Löhne des Verwaltungs- und Betriebspersonals;221900.0;317200.0;224553.55;-95300.0;-30.04;Für das Jahr 2025 wurde zu hoch budgetiert. Die Lohnfortzahlung für einen teilweise arbeitsunfähigen Mitarbeiter endete im Jahr 2024.;118
21;Departement des Innern;2104;Jagd und Fischerei;;;3010.95;Rückerstattungen Taggelder UV, EO, MSE, MV, IV für Verwaltungs- und Betriebspersonal;;;-17993.35;;;;118
21;Departement des Innern;2104;Jagd und Fischerei;;;3050.00;AG-Beiträge AHV, IV, EO, ALV, Verwaltungskosten;15100.0;20800.0;13146.75;-5700.0;-27.4;;118
21;Departement des Innern;2104;Jagd und Fischerei;;;3052.00;AG-Beiträge an Pensionskassen;29600.0;42400.0;25477.45;-12800.0;-30.19;;118
21;Departement des Innern;2104;Jagd und Fischerei;;;3053.00;AG-Beiträge an Unfallversicherungen;1500.0;1700.0;1110.2;-200.0;-11.76;;118
21;Departement des Innern;2104;Jagd und Fischerei;;;3054.00;AG-Beiträge an Familienzulagekassen;3100.0;4200.0;2628.6;-1100.0;-26.19;;118
21;Departement des Innern;2104;Jagd und Fischerei;;;3059.10;AG-Beiträge Sozialfonds;200.0;300.0;162.25;-100.0;-33.33;;118
21;Departement des Innern;2104;Jagd und Fischerei;;;3090.00;Aus- und Weiterbildung des eigenen Personals;3000.0;3100.0;;-100.0;-3.23;;118
21;Departement des Innern;2104;Jagd und Fischerei;;;3100.00;Büromaterial;1500.0;1500.0;;;;;118
21;Departement des Innern;2104;Jagd und Fischerei;;;3101.00;Betriebs- und Verbrauchsmaterial;8000.0;8000.0;10476.77;;;;118
21;Departement des Innern;2104;Jagd und Fischerei;;;3102.00;Drucksachen, Publikationen;300.0;300.0;564.8;;;;118
21;Departement des Innern;2104;Jagd und Fischerei;;;3103.00;Fachliteratur, Zeitschriften;1000.0;1000.0;224.0;;;;118
21;Departement des Innern;2104;Jagd und Fischerei;;;3111.00;Maschinen, Geräte und Fahrzeuge;8000.0;2000.0;1543.55;6000.0;300.0;;118
21;Departement des Innern;2104;Jagd und Fischerei;;;3113.00;Hardware;1000.0;1000.0;538.9;;;;119
21;Departement des Innern;2104;Jagd und Fischerei;;;3118.00;Immaterielle Anlagen;;14500.0;;-14500.0;-100.0;Für das Jahr 2026 sind keine weiteren Beschaffungen für das Betriebssystem der Jagdverwaltung «GeoData» geplant.;119
21;Departement des Innern;2104;Jagd und Fischerei;;;3120.00;Ver- und Entsorgung Liegenschaften VV;200.0;200.0;;;;;119
21;Departement des Innern;2104;Jagd und Fischerei;;;3130.00;Dienstleistungen Dritter;5000.0;5000.0;21818.2;;;;119
21;Departement des Innern;2104;Jagd und Fischerei;;;3133.00;Informatik-Nutzungsaufwand;19000.0;20000.0;16640.35;-1000.0;-5.0;;119
21;Departement des Innern;2104;Jagd und Fischerei;;;3134.00;Sachversicherungsprämien;3300.0;3300.0;2992.2;;;;119
21;Departement des Innern;2104;Jagd und Fischerei;;;3138.00;Kurse, Prüfungen und Beratungen;6000.0;2000.0;5092.65;4000.0;200.0;;119
21;Departement des Innern;2104;Jagd und Fischerei;;;3151.00;Unterhalt Maschinen, Geräte, Fahrzeuge;3000.0;2000.0;1495.85;1000.0;50.0;;119
21;Departement des Innern;2104;Jagd und Fischerei;;;3158.00;Unterhalt immaterielle Anlagen;15000.0;15500.0;9539.85;-500.0;-3.23;;119
21;Departement des Innern;2104;Jagd und Fischerei;;;3161.00;Mieten, Benützungskosten Anlagen;1300.0;1300.0;1182.0;;;;119
21;Departement des Innern;2104;Jagd und Fischerei;;;3170.00;Reisekosten und Spesen;8000.0;8000.0;8721.75;;;;119
21;Departement des Innern;2104;Jagd und Fischerei;;;3181.00;Tatsächliche Forderungsverluste;;;130.0;;;;119
21;Departement des Innern;2104;Jagd und Fischerei;;;3190.00;Schadenersatzleistungen;45900.0;45900.0;33076.85;;;;119
21;Departement des Innern;2104;Jagd und Fischerei;;;3900.00;IV Material- und Warenbezüge;3500.0;3500.0;2323.6;;;;119
21;Departement des Innern;2104;Jagd und Fischerei;;;4100.10;Fischereiregal;-55000.0;-55000.0;-58535.0;;;;119
21;Departement des Innern;2104;Jagd und Fischerei;;;4100.11;Jagdregal;-30000.0;-32000.0;-31807.0;2000.0;-6.25;;119
21;Departement des Innern;2104;Jagd und Fischerei;;;4120.00;Konzessionen;-90000.0;-93000.0;-91548.0;3000.0;-3.23;;119
21;Departement des Innern;2104;Jagd und Fischerei;;;4210.00;Gebühren für Amtshandlungen;-1000.0;-1000.0;-880.0;;;;119
21;Departement des Innern;2104;Jagd und Fischerei;;;4250.00;Verkäufe;-12000.0;-12000.0;-11901.6;;;;119
21;Departement des Innern;2104;Jagd und Fischerei;;;4260.00;Rückerstattungen und Kostenbeteiligungen Dritter;-3000.0;-3000.0;;;;;119
21;Departement des Innern;2104;Jagd und Fischerei;;;4290.00;Übrige Entgelte;;;-0.65;;;;119
21;Departement des Innern;2104;Jagd und Fischerei;;;4630.00;Beiträge vom Bund;-8000.0;-8000.0;-4808.4;;;;119
21;Departement des Innern;2122;Migrationsamt und Passbüro;;;3010.00;Löhne des Verwaltungs- und Betriebspersonals;1323200.0;1309900.0;1184291.2;13300.0;1.02;;119
21;Departement des Innern;2122;Migrationsamt und Passbüro;;;3010.95;Rückerstattungen Taggelder UV, EO, MSE, MV, IV für Verwaltungs- und Betriebspersonal;;;-18409.35;;;;119
21;Departement des Innern;2122;Migrationsamt und Passbüro;;;3050.00;AG-Beiträge AHV, IV, EO, ALV, Verwaltungskosten;86100.0;85200.0;75899.45;900.0;1.06;;119
21;Departement des Innern;2122;Migrationsamt und Passbüro;;;3052.00;AG-Beiträge an Pensionskassen;176800.0;174900.0;156777.05;1900.0;1.09;;119
21;Departement des Innern;2122;Migrationsamt und Passbüro;;;3053.00;AG-Beiträge an Unfallversicherungen;8000.0;7000.0;6325.3;1000.0;14.29;;119
21;Departement des Innern;2122;Migrationsamt und Passbüro;;;3054.00;AG-Beiträge an Familienzulagekassen;17300.0;17100.0;15176.85;200.0;1.17;;119
21;Departement des Innern;2122;Migrationsamt und Passbüro;;;3059.10;AG-Beiträge Sozialfonds;1100.0;1000.0;934.1;100.0;10.0;;120
21;Departement des Innern;2122;Migrationsamt und Passbüro;;;3064.00;Überbrückungsrenten;;;909.0;;;;120
21;Departement des Innern;2122;Migrationsamt und Passbüro;;;3090.00;Aus- und Weiterbildung des eigenen Personals;12200.0;12200.0;;;;;120
21;Departement des Innern;2122;Migrationsamt und Passbüro;;;3091.00;Personalwerbung;800.0;800.0;;;;;120
21;Departement des Innern;2122;Migrationsamt und Passbüro;;;3099.00;Übriger Personalaufwand;1600.0;1600.0;3610.0;;;;120
21;Departement des Innern;2122;Migrationsamt und Passbüro;;;3100.00;Büromaterial;8000.0;8000.0;6513.0;;;;120
21;Departement des Innern;2122;Migrationsamt und Passbüro;;;3102.00;Drucksachen, Publikationen;3000.0;1000.0;3000.0;2000.0;200.0;;120
21;Departement des Innern;2122;Migrationsamt und Passbüro;;;3103.00;Fachliteratur, Zeitschriften;2400.0;2400.0;2327.0;;;;120
21;Departement des Innern;2122;Migrationsamt und Passbüro;;;3113.00;Hardware;45700.0;17700.0;12715.36;28000.0;158.19;Aufgrund der Einführung der biometrischen Identitätskarte muss eine zusätzliche Biometrieerfassungsstation installiert werden.;120
21;Departement des Innern;2122;Migrationsamt und Passbüro;;;3118.00;Immaterielle Anlagen;;83600.0;;-83600.0;-100.0;Die für das Jahr 2025 budgetierten Ausgaben waren auf ein Projekt (Vorlagensystem und Ersatz Dossierverwaltungssystem) zurückzuführen, welches 2025 umgesetzt wird. Für das Jahr 2026 sind folglich keine Ausgaben zu budgetieren.;120
21;Departement des Innern;2122;Migrationsamt und Passbüro;;;3130.00;Dienstleistungen Dritter;437900.0;412900.0;495938.32;25000.0;6.05;Die Erhöhung ist auf höhere Kosten für das zentrale Migrationsinformationssystem «ZEMIS» des Bundes zurückzuführen.;120
21;Departement des Innern;2122;Migrationsamt und Passbüro;;;3133.00;Informatik-Nutzungsaufwand;168300.0;186200.0;110996.7;-17900.0;-9.61;;120
21;Departement des Innern;2122;Migrationsamt und Passbüro;;;3153.00;Informatik-Unterhalt (Hardware);31400.0;14000.0;14965.8;17400.0;124.29;Höhere Kosten wegen der Wartung des Kommunikationsserversystems des Bundes, welches Grundlage für die Biometriedatenerfassung ist.;120
21;Departement des Innern;2122;Migrationsamt und Passbüro;;;3158.00;Unterhalt immaterielle Anlagen;4800.0;1900.0;518.9;2900.0;152.63;;120
21;Departement des Innern;2122;Migrationsamt und Passbüro;;;3161.00;Mieten, Benützungskosten Anlagen;3600.0;3600.0;7738.1;;;;120
21;Departement des Innern;2122;Migrationsamt und Passbüro;;;3170.00;Reisekosten und Spesen;6000.0;6000.0;7221.35;;;;120
21;Departement des Innern;2122;Migrationsamt und Passbüro;;;3181.00;Tatsächliche Forderungsverluste;;;9956.2;;;;120
21;Departement des Innern;2122;Migrationsamt und Passbüro;;;3199.00;Übriger Betriebsaufwand;10000.0;12000.0;3281.65;-2000.0;-16.67;;120
21;Departement des Innern;2122;Migrationsamt und Passbüro;;;3600.10;Anteil des Bundes an den ID- und Passgebühren;550000.0;475000.0;574248.1;75000.0;15.79;Vgl. Kommentar zu Konto 4210.12.;120
21;Departement des Innern;2122;Migrationsamt und Passbüro;;;4210.11;Gebühren für fremdenpolizeiliche Bewilligungen;-1180000.0;-950000.0;-959857.75;-230000.0;24.21;Deutlich höhere Gebühreneinnahmen wegen einer Prozessoptimierung in ausländerrechtlichen Bewilligungsverfahren.;121
21;Departement des Innern;2122;Migrationsamt und Passbüro;;;4210.12;Gebühren für Passausfertigungen;-1070000.0;-923400.0;-1069065.6;-146600.0;15.88;Ausgehend vom Rechnungsergebnis 2024 wird damit gerechnet, dass die Anzahl ausgestellter Pässe und Identitätskarten konstant hoch bleiben wird.;121
21;Departement des Innern;2122;Migrationsamt und Passbüro;;;4610.00;Entschädigungen vom Bund;-216000.0;-239000.0;-223355.6;23000.0;-9.62;Der Bundesbeitrag an die Administration für Asylsuchende wird im Jahr 2026 voraussichtlich weniger hoch ausfallen.;121
21;Departement des Innern;2122;Migrationsamt und Passbüro;;;4910.00;IV Dienstleistungen;-7600.0;-5000.0;-8040.0;-2600.0;52.0;;121
21;Departement des Innern;2131;Gesundheitsamt/Kantonsärztlicher Dienst;;;3000.10;Sitzungsgelder Kommissionen;10000.0;10000.0;4375.0;;;;121
21;Departement des Innern;2131;Gesundheitsamt/Kantonsärztlicher Dienst;;;3010.00;Löhne des Verwaltungs- und Betriebspersonals;1924900.0;2027500.0;1798219.3;-102600.0;-5.06;Tiefere Aufwände, da diverse auslaufende befristete Arbeitsverträge nach Obligationenrecht nicht verlängert werden.;121
21;Departement des Innern;2131;Gesundheitsamt/Kantonsärztlicher Dienst;;;3050.00;AG-Beiträge AHV, IV, EO, ALV, Verwaltungskosten;125800.0;132400.0;114757.35;-6600.0;-4.98;;121
21;Departement des Innern;2131;Gesundheitsamt/Kantonsärztlicher Dienst;;;3052.00;AG-Beiträge an Pensionskassen;257200.0;270700.0;278923.5;-13500.0;-4.99;;121
21;Departement des Innern;2131;Gesundheitsamt/Kantonsärztlicher Dienst;;;3053.00;AG-Beiträge an Unfallversicherungen;11600.0;11000.0;9467.35;600.0;5.45;;121
21;Departement des Innern;2131;Gesundheitsamt/Kantonsärztlicher Dienst;;;3054.00;AG-Beiträge an Familienzulagekassen;25200.0;26400.0;23090.7;-1200.0;-4.55;;121
21;Departement des Innern;2131;Gesundheitsamt/Kantonsärztlicher Dienst;;;3059.10;AG-Beiträge Sozialfonds;1500.0;1600.0;1367.45;-100.0;-6.25;;121
21;Departement des Innern;2131;Gesundheitsamt/Kantonsärztlicher Dienst;;;3090.00;Aus- und Weiterbildung des eigenen Personals;15100.0;12200.0;75.0;2900.0;23.77;;121
21;Departement des Innern;2131;Gesundheitsamt/Kantonsärztlicher Dienst;;;3099.00;Übriger Personalaufwand;8000.0;8000.0;4818.0;;;;121
21;Departement des Innern;2131;Gesundheitsamt/Kantonsärztlicher Dienst;;;3100.00;Büromaterial;5000.0;5000.0;3093.45;;;;121
21;Departement des Innern;2131;Gesundheitsamt/Kantonsärztlicher Dienst;;;3102.00;Drucksachen, Publikationen;7000.0;11000.0;317.55;-4000.0;-36.36;;121
21;Departement des Innern;2131;Gesundheitsamt/Kantonsärztlicher Dienst;;;3103.00;Fachliteratur, Zeitschriften;2000.0;2500.0;1470.55;-500.0;-20.0;;121
21;Departement des Innern;2131;Gesundheitsamt/Kantonsärztlicher Dienst;;;3106.00;Medizinisches Material;150000.0;139000.0;89562.61;11000.0;7.91;Es wird eine leicht höhere Anzahl Impfungen (HPV-Programm und Schulimpfungen) budgetiert. Die Kosten werden von den Krankenversicherungen vollumfänglich zurückerstattet (vgl. Konto 4260.00).;121
21;Departement des Innern;2131;Gesundheitsamt/Kantonsärztlicher Dienst;;;3113.00;Hardware;3000.0;2000.0;2342.4;1000.0;50.0;;122
21;Departement des Innern;2131;Gesundheitsamt/Kantonsärztlicher Dienst;;;3130.00;Dienstleistungen Dritter;918000.0;957000.0;317535.66;-39000.0;-4.08;In der Konzeption und Durchführung von Projekten und Massnahmen in der Psychiatrie wird 2026 voraussichtlich weniger externe Expertise benötigt als im Vorjahr. Zudem wird ein geringerer externer Aufwand für Impfungen durch Schulärztinnen und Schulärzte erwartet, da die Schulimpfungen vermehrt vom Kantonsärztlichen Dienst durchgeführt werden.;122
21;Departement des Innern;2131;Gesundheitsamt/Kantonsärztlicher Dienst;;;3132.00;Honorare externe Berater, Gutachter, Fachexperten etc.;264000.0;290000.0;62714.23;-26000.0;-8.97;Als Grundlage für die anstehende Heimplanung wurde für das Jahr 2025 ein Bericht beim Schweizerischen Gesundheitsobservatorium (Obsan) budgetiert. Der Bericht wird aktuell erstellt, weshalb der Aufwand im Budget 2026 entfällt.;122
21;Departement des Innern;2131;Gesundheitsamt/Kantonsärztlicher Dienst;;;3133.00;Informatik-Nutzungsaufwand;222800.0;145900.0;145189.3;76900.0;52.71;Höhere IT-Betriebskosten sowie zusätzliche Aufwände für eine neue Software im Bereich Bewilligungen führen zu einem Ausgabenanstieg.;122
21;Departement des Innern;2131;Gesundheitsamt/Kantonsärztlicher Dienst;;;3158.00;Unterhalt immaterielle Anlagen;;6000.0;;-6000.0;-100.0;;122
21;Departement des Innern;2131;Gesundheitsamt/Kantonsärztlicher Dienst;;;3161.00;Mieten, Benützungskosten Anlagen;15000.0;;11670.75;15000.0;;Die Aufwände für die Miete von Druckern und Geräten von der ITSH wurden 2025 nicht budgetiert. Der Budgetwert für das Jahr 2026 liegt leicht über dem in der Rechnung 2024 ausgewiesenen Wert.;122
21;Departement des Innern;2131;Gesundheitsamt/Kantonsärztlicher Dienst;;;3170.00;Reisekosten und Spesen;12000.0;11000.0;9831.7;1000.0;9.09;;122
21;Departement des Innern;2131;Gesundheitsamt/Kantonsärztlicher Dienst;;;3320.00;Planmässige Abschreibungen immaterielle Anlagen;74000.0;;;74000.0;;;122
21;Departement des Innern;2131;Gesundheitsamt/Kantonsärztlicher Dienst;;;3611.00;Entschädigungen an Kantone und Konkordate;107000.0;107000.0;107200.0;;;;122
21;Departement des Innern;2131;Gesundheitsamt/Kantonsärztlicher Dienst;;;3614.00;Entschädigungen an öffentliche Unternehmungen;176000.0;171000.0;155791.29;5000.0;2.92;;122
21;Departement des Innern;2131;Gesundheitsamt/Kantonsärztlicher Dienst;;;3630.00;Beiträge an den Bund;54000.0;47000.0;26397.05;7000.0;14.89;;122
21;Departement des Innern;2131;Gesundheitsamt/Kantonsärztlicher Dienst;;;3631.00;Beiträge an Kantone und Konkordate;9000.0;7400.0;6997.0;1600.0;21.62;;122
21;Departement des Innern;2131;Gesundheitsamt/Kantonsärztlicher Dienst;;;3632.10;Beiträge an innerkantonale Gemeinden und Gemeindezweckverbände;4000.0;4000.0;3917.6;;;;122
21;Departement des Innern;2131;Gesundheitsamt/Kantonsärztlicher Dienst;;;3636.00;Beiträge an private Organisationen ohne Erwerbszweck;137700.0;137000.0;107683.4;700.0;0.51;;122
21;Departement des Innern;2131;Gesundheitsamt/Kantonsärztlicher Dienst;;;3980.00;Übertragungen;306000.0;181000.0;216000.0;125000.0;69.06;Aufgrund der Schliessung des Casinos Schaffhausen entfällt die aus der kantonalen Spielbankenabgabe stammende Einlage in den Fonds für Suchtprophylaxe und Gesundheitsförderung (Finanzstelle 2198.7213). Diese Einnahmenausfälle werden durch die Erhöhung der Beiträge an den Fonds teilweise kompensiert.;123
21;Departement des Innern;2131;Gesundheitsamt/Kantonsärztlicher Dienst;;;4210.00;Gebühren für Amtshandlungen;-97000.0;-92000.0;-94650.0;-5000.0;5.43;;123
21;Departement des Innern;2131;Gesundheitsamt/Kantonsärztlicher Dienst;;;4260.00;Rückerstattungen und Kostenbeteiligungen Dritter;-163000.0;-147000.0;-196073.4;-16000.0;10.88;Aufgrund des budgetierten Anstiegs der Anzahl Impfungen (HPV- Programm und Schulimpfungen) erhöhen sich auch die Rückerstattungen der Krankenversicherungen, welche diese Kosten übernehmen.;123
21;Departement des Innern;2131;Gesundheitsamt/Kantonsärztlicher Dienst;;;4980.00;Übertragungen;-226000.0;-224000.0;-162480.0;-2000.0;0.89;;123
21;Departement des Innern;2132;Spitalversorgung;;;3634.01;Stationäre Spitalleistungen Akutsomatik;80662000.0;80299000.0;78029814.83;363000.0;0.45;;123
21;Departement des Innern;2132;Spitalversorgung;;;3634.02;Stationäre Spitalleistungen Psychiatrie;15799000.0;13995000.0;14960140.45;1804000.0;12.89;Höhere Basisfallpreise der Spitäler sowie generell höhere prognostizierte Fallzahlen.;123
21;Departement des Innern;2132;Spitalversorgung;;;3634.03;Stationäre Spitalleistungen Rehabilitation;12121000.0;13533000.0;11454619.48;-1412000.0;-10.43;Nach der Einführung der Tarifstruktur «ST-Reha» per 1. Januar 2022 kam es vermehrt zu Nachverrechnungen von Leistungen aus früheren Perioden. Dies erschwerte die Budgetierung für das Jahr 2025. Der Budgetwert 2025 wurde mutmasslich zu hoch eingegeben, weshalb das erwartete Leistungsniveau im Budget 2026 nach unten korrigiert werden kann. Langfristig ist auch in der Rehabilitation mit steigenden Basisfallpreisen und höheren Fallzahlen zu rechnen.;123
21;Departement des Innern;2132;Spitalversorgung;;;3634.30;Ambulante Leistungen Psychiatrie;3860000.0;3400000.0;3152821.15;460000.0;13.53;Neue Beiträge im Bereich der ambulanten Kinder- und Jugendpsychiatrie im Umfang von Fr. 300'000 zur Sicherungstellung der ambulanten psychiatrischen Versorgung. Höhere Beiträge an die Spitäler Schaffhausen für ein Gruppentherapieangebot für Kinder und Jugendliche mit Fluchterfahrung und psychischen Belastungen im Umfang von Fr. 85'000.;124
21;Departement des Innern;2132;Spitalversorgung;;;3634.40;Beiträge Sanitätsnotruf und Rettungswesen;1730000.0;1590000.0;1288071.0;140000.0;8.81;Fr. 140'000 für den Aufbau eines First-Responder-Systems. Beitrag an den Rettungsdienst der Spitäler Schaffhausen.;124
21;Departement des Innern;2132;Spitalversorgung;;;3634.90;Weitere Beiträge Spitäler Schaffhausen gemäss Jahreskontrakt;4956000.0;6140800.0;5670999.0;-1184800.0;-19.29;Der Beitrag des Kantons zum Ausgleich der kantonal gesteuerten Lohnentwicklung fällt tiefer aus als im Vorjahr.;124
21;Departement des Innern;2132;Spitalversorgung;;;3634.91;Weitere Beiträge Spitäler;150000.0;;;150000.0;;Neue Beiträge im Bereich der stationären Kinder- und Jugendpsychiatrie im Umfang von Fr. 150'000 zur Sicherstellung der stationären psychiatrischen Versorgung von Kindern und Jugendlichen.;124
21;Departement des Innern;2132;Spitalversorgung;;;4260.00;Rückerstattungen und Kostenbeteiligungen Dritter;-200000.0;-200000.0;-290262.2;;;;124
21;Departement des Innern;2134;Heime und Pflege;;;3612.10;Entschädigungen an innerkantonale Gemeinden und Gemeindezweckverbände;605000.0;548500.0;458322.32;56500.0;10.3;Mit der Überarbeitung der Leistungsvereinbarung mit der Stadt Schaffhausen wurden die Aufgaben der Mütter-/Väterberatung neu definiert und eine höhere Entschädigung budgetiert.;124
21;Departement des Innern;2134;Heime und Pflege;;;3632.11;Beiträge an Gemeinden für Heime gem. Art. 12 AbPG;19556000.0;17448000.0;16329480.48;2108000.0;12.08;Höhere Beiträge an die Gemeinden im Bereich Heime (kantonaler Anteil an den Restkosten der Pflege und an den ungedeckten Betriebskosten gem. Art. 12 AbPG) gemäss Erhebung bei den Gemeinden.;124
21;Departement des Innern;2134;Heime und Pflege;;;3632.12;Beiträge an Gemeinden für Pflege gem. Art. 12 AbPG;6727000.0;5221000.0;5236042.87;1506000.0;28.85;Höhere Beiträge an die Gemeinden im Bereich Spitex (kantonaler Anteil an den Restkosten der Pflege und an den ungedeckten Betriebskosten gem. Art. 12 AbPG) gemäss Erhebung bei den Gemeinden. Die ambulante Pflege (Spitex) gewinnt an Bedeutung und zeigt ein höheres Wachstum als erwartet. Gemäss aktuellen Hochrechnungen wird der für das Jahr 2026 budgetierte Wert bereits im Rechnungsjahr 2025 überschritten. Da bei diesen gebundenen Ausgaben aufgrund der zunehmenden Alterung der Gesellschaft sowie der stetig steigenden Abgeltung von Angehörigenleistungen mit einem fortlaufenden Wachstum zu rechnen ist, ist der Budgetwert 2026 im Bereich Spitex gemäss aktuellen Schätzungen um Fr. 860'000 zu erhöhen.;125
21;Departement des Innern;2134;Heime und Pflege;;;3634.20;Beiträge Übergangs- und Langzeitpflege gem. Art. 2 Abs. 3 AbPG;3881000.0;3548000.0;3583432.23;333000.0;9.39;Höhere Beiträge im Bereich Langzeitpflege Psychiatrie bei den Spitälern Schaffhausen (geschätzte Erhöhung um rund Fr. 275'000) und Aufbau eines Konsiliardienstes im Bereich Psychiatrie (Fr. 200'000).;125
21;Departement des Innern;2134;Heime und Pflege;;;3635.00;Beiträge an private Unternehmungen;100000.0;96000.0;57011.5;4000.0;4.17;;125
21;Departement des Innern;2134;Heime und Pflege;;;3636.01;Beiträge an Organisationen gemäss Art. 2 Abs. 4 und 5 AbPG;616000.0;611000.0;361263.6;5000.0;0.82;;125
21;Departement des Innern;2134;Heime und Pflege;;;3636.04;Beiträge an Organisationen gemäss Art. 2 Abs. 3 und 4 AbPG;960000.0;960000.0;940000.0;;;;125
21;Departement des Innern;2134;Heime und Pflege;;;3660.20;Planmässige Abschreibungen Invest.beiträge an Gemeinden;499300.0;499300.0;499295.0;;;;125
21;Departement des Innern;2137;Aus- und Weiterbildung Gesundheitsberufe/Hausärzteversorgung;;;3634.50;Beiträge Ausbildung Gesundheitsberufe;2992000.0;2882000.0;1110000.0;110000.0;3.82;Implementierung eines neuen Angebots zur Sicherstellung der psychiatrischen Versorgung (Weiterbildung psychologische Psychotherapeutinnen und Psychotherapeuten Fr. 90'000).;126
21;Departement des Innern;2137;Aus- und Weiterbildung Gesundheitsberufe/Hausärzteversorgung;;;3634.51;Beiträge ärztliche Weiterbildung;2710000.0;2900000.0;2584540.27;-190000.0;-6.55;Beim interkantonalen Lastenausgleich betreffend universitäre Lehre und Forschung wird mit tieferen Ausgleichszahlungen gerechnet (geschätzter Rückgang um Fr. 280'000). Zusätzlich wird ein neues Angebot zur Sicherstellung der psychiatrischen Versorgung implemeniert (Weiterbildung Psychiater/-innen Fr. 80'000) und es wird mit steigenden Beiträgen in der Chiropraktik gerechnet (Erhöhung um Fr. 10'000).;126
21;Departement des Innern;2137;Aus- und Weiterbildung Gesundheitsberufe/Hausärzteversorgung;;;3634.55;Beiträge Hausärzteversorgung;413000.0;413000.0;156977.0;;;;126
21;Departement des Innern;2137;Aus- und Weiterbildung Gesundheitsberufe/Hausärzteversorgung;;;4630.00;Beiträge vom Bund;-265000.0;-265000.0;;;;;126
21;Departement des Innern;2143;Beiträge Krankenversicherung;;;;;;;;;;Es bestehen grosse Unsicherheiten bzgl. Budgetierung der individuellen Prämienverbilligung (IPV). Einerseits fehlen verlässliche Vergleichsdaten aus der Vergangenheit. Die Höhe der Prämien und der IPV unterliegt Schwankungen und ist höchst volatil. Andererseits hängt die Geltendmachung von Ansprüchen auch von der individuellen wirtschaftlichen Situation und weiteren externen Faktoren (z. B. gesetzliche Anpassungen) ab.;126
21;Departement des Innern;2143;Beiträge Krankenversicherung;;;3130.00;Dienstleistungen Dritter;1200000.0;1200000.0;994266.55;;;;127
21;Departement des Innern;2143;Beiträge Krankenversicherung;;;3637.01;Kantonsbeiträge an Prämienverbilligung Krankenkasse;14763000.0;14218000.0;12969094.58;545000.0;3.83;Vgl. Kommentar zur Finanzstelle 2143.;127
21;Departement des Innern;2143;Beiträge Krankenversicherung;;;3637.02;Kantonsbeiträge für Zahlungsausstände gemäss Art. 64a KVG;1050000.0;1050000.0;843295.89;;;;127
21;Departement des Innern;2143;Beiträge Krankenversicherung;;;3707.01;Bundesbeiträge an Prämienverbilligung Krankenkasse;37301000.0;35781000.0;33340443.0;1520000.0;4.25;Vgl. Kommentar zur Finanzstelle 2143.;127
21;Departement des Innern;2143;Beiträge Krankenversicherung;;;3707.02;Gemeindebeiträge an Prämienverbilligung Krankenkasse;27418000.0;26404000.0;24085461.62;1014000.0;3.84;Vgl. Kommentar zur Finanzstelle 2143.;127
21;Departement des Innern;2143;Beiträge Krankenversicherung;;;3707.03;Gemeindebeiträge für Zahlungsausstände gemäss Art. 64a KVG;1950000.0;1950000.0;1566121.41;;;;127
21;Departement des Innern;2143;Beiträge Krankenversicherung;;;4700.01;Durchlaufende Beiträge vom Bund an Prämienverbilligung Krankenkasse;-37301000.0;-35781000.0;-33340443.0;-1520000.0;4.25;Vgl. Kommentar zur Finanzstelle 2143.;127
21;Departement des Innern;2143;Beiträge Krankenversicherung;;;4702.11;Durchlaufende Beiträge von Gemeinden an Prämienverbilligung Krankenkasse;-27418000.0;-26404000.0;-24085461.62;-1014000.0;3.84;Vgl. Kommentar zur Finanzstelle 2143.;127
21;Departement des Innern;2143;Beiträge Krankenversicherung;;;4702.12;Durchlaufende Beiträge von Gemeinden für Zahlungsausstände gemäss Art. 64a KVG;-1950000.0;-1950000.0;-1566121.41;;;;127
21;Departement des Innern;2148;Veterinärwesen;;;3010.00;Löhne des Verwaltungs- und Betriebspersonals;525900.0;495200.0;512167.65;30700.0;6.2;Angesichts der aktuellen Seuchenlage wird ein Mehraufwand für unterstützende Arbeitskräfte in der Seuchenbekämpfung (Vorbereitung und Durchführung) budgetiert.;128
21;Departement des Innern;2148;Veterinärwesen;;;3050.00;AG-Beiträge AHV, IV, EO, ALV, Verwaltungskosten;34200.0;32200.0;32125.85;2000.0;6.21;;128
21;Departement des Innern;2148;Veterinärwesen;;;3052.00;AG-Beiträge an Pensionskassen;70300.0;66100.0;81766.2;4200.0;6.35;;128
21;Departement des Innern;2148;Veterinärwesen;;;3053.00;AG-Beiträge an Unfallversicherungen;3000.0;2600.0;2413.75;400.0;15.38;;128
21;Departement des Innern;2148;Veterinärwesen;;;3054.00;AG-Beiträge an Familienzulagekassen;6800.0;6400.0;6558.65;400.0;6.25;;128
21;Departement des Innern;2148;Veterinärwesen;;;3059.10;AG-Beiträge Sozialfonds;400.0;400.0;354.25;;;;128
21;Departement des Innern;2148;Veterinärwesen;;;3090.00;Aus- und Weiterbildung des eigenen Personals;5900.0;5900.0;;;;;128
21;Departement des Innern;2148;Veterinärwesen;;;3099.00;Übriger Personalaufwand;400.0;300.0;400.0;100.0;33.33;;128
21;Departement des Innern;2148;Veterinärwesen;;;3100.00;Büromaterial;800.0;700.0;497.8;100.0;14.29;;128
21;Departement des Innern;2148;Veterinärwesen;;;3101.00;Betriebs- und Verbrauchsmaterial;7400.0;7400.0;6914.19;;;;128
21;Departement des Innern;2148;Veterinärwesen;;;3102.00;Drucksachen, Publikationen;4000.0;4000.0;1849.98;;;;128
21;Departement des Innern;2148;Veterinärwesen;;;3103.00;Fachliteratur, Zeitschriften;500.0;500.0;161.9;;;;128
21;Departement des Innern;2148;Veterinärwesen;;;3111.00;Maschinen, Geräte und Fahrzeuge;12000.0;11000.0;95946.23;1000.0;9.09;;128
21;Departement des Innern;2148;Veterinärwesen;;;3112.00;Kleider, Wäsche, Vorhänge;400.0;400.0;320.05;;;;128
21;Departement des Innern;2148;Veterinärwesen;;;3113.00;Hardware;1000.0;1000.0;875.4;;;;128
21;Departement des Innern;2148;Veterinärwesen;;;3118.00;Immaterielle Anlagen;800.0;800.0;259.45;;;;128
21;Departement des Innern;2148;Veterinärwesen;;;3130.00;Dienstleistungen Dritter;250000.0;220000.0;204363.95;30000.0;13.64;Höhere Kosten für Laboruntersuchungen aufgrund der aktuellen Seuchenlage. Höhere Kosten für das bundesweite Tierseuchen- Überwachungsprogramm.;128
21;Departement des Innern;2148;Veterinärwesen;;;3132.00;Honorare externe Berater, Gutachter, Fachexperten etc.;68000.0;68000.0;41590.45;;;;128
21;Departement des Innern;2148;Veterinärwesen;;;3133.00;Informatik-Nutzungsaufwand;55500.0;50900.0;40518.55;4600.0;9.04;Höhere IT-Kosten aufgrund Anschaffung neuer Desktop- Computer (Fat Clients).;128
21;Departement des Innern;2148;Veterinärwesen;;;3137.00;Steuern und Abgaben;800.0;800.0;786.66;;;;128
21;Departement des Innern;2148;Veterinärwesen;;;3153.00;Informatik-Unterhalt (Hardware);3000.0;3000.0;1221.65;;;;128
21;Departement des Innern;2148;Veterinärwesen;;;3158.00;Unterhalt immaterielle Anlagen;1000.0;1000.0;225.0;;;;128
21;Departement des Innern;2148;Veterinärwesen;;;3161.00;Mieten, Benützungskosten Anlagen;6900.0;6900.0;4190.45;;;;128
21;Departement des Innern;2148;Veterinärwesen;;;3170.00;Reisekosten und Spesen;23000.0;23000.0;16191.65;;;;129
21;Departement des Innern;2148;Veterinärwesen;;;3181.00;Tatsächliche Forderungsverluste;18000.0;3000.0;17040.45;15000.0;500.0;Viele Tierhaltende mit mangelhaften Tierhaltungen sind nicht in der Lage, die verfügten Massnahmen zu bezahlen. Das Inkasso und die Entscheidung über Abschreibungen liegt bei der Finanzverwaltung.;129
21;Departement des Innern;2148;Veterinärwesen;;;3190.00;Schadenersatzleistungen;45000.0;10000.0;48413.75;35000.0;350.0;Höhere Entschädigungszahlungen für seuchenbedingte Verluste, dies insbesondere aufgrund der Blauzungenkrankheit.;129
21;Departement des Innern;2148;Veterinärwesen;;;3199.00;Übriger Betriebsaufwand;1000.0;1000.0;760.0;;;;129
21;Departement des Innern;2148;Veterinärwesen;;;3611.00;Entschädigungen an Kantone und Konkordate;68000.0;66000.0;63176.0;2000.0;3.03;;129
21;Departement des Innern;2148;Veterinärwesen;;;3631.00;Beiträge an Kantone und Konkordate;2000.0;;;2000.0;;;129
21;Departement des Innern;2148;Veterinärwesen;;;3635.00;Beiträge an private Unternehmungen;15000.0;15000.0;13659.8;;;;129
21;Departement des Innern;2148;Veterinärwesen;;;3636.00;Beiträge an private Organisationen ohne Erwerbszweck;39900.0;39000.0;35237.0;900.0;2.31;;129
21;Departement des Innern;2148;Veterinärwesen;;;3900.00;IV Material- und Warenbezüge;200.0;;135.0;200.0;;;129
21;Departement des Innern;2148;Veterinärwesen;;;4120.00;Konzessionen;-3400.0;-3400.0;-3400.0;;;;129
21;Departement des Innern;2148;Veterinärwesen;;;4210.00;Gebühren für Amtshandlungen;-62000.0;-62000.0;-77553.0;;;;129
21;Departement des Innern;2148;Veterinärwesen;;;4240.00;Benützungsgebühren und Dienstleistungen;;-2000.0;-2600.0;2000.0;-100.0;;129
21;Departement des Innern;2148;Veterinärwesen;;;4260.00;Rückerstattungen und Kostenbeteiligungen Dritter;-90000.0;-90000.0;-110295.55;;;;129
21;Departement des Innern;2148;Veterinärwesen;;;4309.00;Übrige betriebliche Erträge;-300.0;-300.0;-739.75;;;;129
21;Departement des Innern;2148;Veterinärwesen;;;4610.00;Entschädigungen vom Bund;-600.0;-600.0;-1293.95;;;;129
21;Departement des Innern;2148;Veterinärwesen;;;4612.10;Entschädigungen von innerkantonalen Gemeinden und Gemeindezweckverbänden;-170000.0;-160000.0;-184247.2;-10000.0;6.25;;129
21;Departement des Innern;2150;Interkantonales Labor;;;3611.05;Entschädigung an Interkantonales Labor;1461800.0;1243400.0;1221400.0;218400.0;17.56;Der Globalbeitrag erhöht sich aufgrund steigender Sachaufwände (Umrüstung auf Windows 11, Materialien, Chemikalien, Teuerung bei Mietzinsen etc.), höherer Rücklagen und der Annahme einer Teuerung bei den Löhnen.;129
21;Departement des Innern;2150;Interkantonales Labor;;;3611.06;Entschädigung an den Vollzug der Umweltschutzgesetzgebung im Kanton Schaffhausen;3071000.0;3070500.0;2921500.0;500.0;0.02;;129
21;Departement des Innern;2150;Interkantonales Labor;;;3632.10;Beiträge an innerkantonale Gemeinden und Gemeindezweckverbände;;;105000.0;;;;129
21;Departement des Innern;2170;Sozialamt;;;3010.00;Löhne des Verwaltungs- und Betriebspersonals;1996600.0;1686300.0;1322204.1;310300.0;18.4;Die budgetierten Lohnkosten beinhalten eine zusätzliche Stelle (100%) für die geplante Übernahme des Pflegekinderwesens (Aufgabenübertragung von der KESB). Zudem sind zwei zusätzliche, auf 4 Jahre befristete Stellen (insgesamt 120%) für die Erweiterung der Fachstelle für Gleichstellung, Gewaltprävention und Gewaltschutz vorgesehen.;130
21;Departement des Innern;2170;Sozialamt;;;3050.00;AG-Beiträge AHV, IV, EO, ALV, Verwaltungskosten;129800.0;109600.0;86819.05;20200.0;18.43;;130
21;Departement des Innern;2170;Sozialamt;;;3052.00;AG-Beiträge an Pensionskassen;266800.0;225000.0;198531.5;41800.0;18.58;;130
21;Departement des Innern;2170;Sozialamt;;;3053.00;AG-Beiträge an Unfallversicherungen;12000.0;9100.0;7886.8;2900.0;31.87;;130
21;Departement des Innern;2170;Sozialamt;;;3054.00;AG-Beiträge an Familienzulagekassen;25900.0;21900.0;17425.95;4000.0;18.26;;130
21;Departement des Innern;2170;Sozialamt;;;3059.10;AG-Beiträge Sozialfonds;1600.0;1300.0;1040.7;300.0;23.08;;130
21;Departement des Innern;2170;Sozialamt;;;3090.00;Aus- und Weiterbildung des eigenen Personals;57000.0;16000.0;;41000.0;256.25;"Zusätzlich bewilligte CAS- Weiterbildungen; mit den Mitarbeitenden wurden Weiterbildungsvereinbarungen abgeschlossen.";130
21;Departement des Innern;2170;Sozialamt;;;3091.00;Personalwerbung;2000.0;2000.0;2464.7;;;;130
21;Departement des Innern;2170;Sozialamt;;;3099.00;Übriger Personalaufwand;7000.0;7000.0;3447.5;;;;130
21;Departement des Innern;2170;Sozialamt;;;3100.00;Büromaterial;9000.0;9000.0;4708.99;;;;130
21;Departement des Innern;2170;Sozialamt;;;3102.00;Drucksachen, Publikationen;24000.0;7000.0;;17000.0;242.86;Drucksachen für Sensibilisierungskampagnen (z. B. «16 Tage gegen Gewalt an Frauen», «Toxic Love», «Aktionswoche gegen Rassismus») sowie für Publikationen der Hauptabteilungen (u. a. Tätigkeitsberichte).;130
21;Departement des Innern;2170;Sozialamt;;;3103.00;Fachliteratur, Zeitschriften;4500.0;4500.0;2897.4;;;;130
21;Departement des Innern;2170;Sozialamt;;;3113.00;Hardware;15000.0;70000.0;3533.0;-55000.0;-78.57;Aufgrund des Umzugs in die Stahlgiesserei war der Anschaffungsbedarf im Jahr 2025 ausserordentlich hoch. Der Aufwand reduziert sich nach erfolgtem Umzug entsprechend.;130
21;Departement des Innern;2170;Sozialamt;;;3118.00;Immaterielle Anlagen;190300.0;470300.0;365.0;-280000.0;-59.54;Mehrere IT-Projekte gemäss separaten Projekteingaben. Für 2026 sind weniger Software-Anschaffungen geplant als im Vorjahr. Dies wird jedoch durch die höheren Kosten für IT-Supportdienstleistungen kompensiert.;131
21;Departement des Innern;2170;Sozialamt;;;3130.00;Dienstleistungen Dritter;930000.0;645000.0;170797.62;285000.0;44.19;Externe Fachunterstützung und Projektbegleitung bei diversen Projekten/Geschäften (u. a. Strategieentwicklung Gleichstellung und UN-BRK, Aufbau kantonales Armutsmonitoring, Angebotsplanung IFEG/PAVO, Implementierung von Massnahmen des Aktionsplans zur Umsetzung der Istanbul-Konvention, Aufarbeitung der Geschehnisse in Zusammenhang mit fürsorgerischen Zwangsmassnahmen und Fremdplatzierungen vor 1981). Externe Begleitung durch die Fachhochschule Nordwestschweiz (FHNW) bei der Erarbeitung von Entscheidungsgrundlagen (Fr. 45'000). Für die Kampagne «PartyHeart» (Gewaltprävention im Nachtleben) sind zusätzliche Mittel (Fr. 5'000) notwendig. Erstellung Sicherheitshandbuch KSA inkl. ergänzende Sicherheitsschulungen, Willimann S +S GmbH (Fr. 30'000). Eine entsprechende Offerte liegt vor. Die Erarbeitung der kantonalen Gleichstellungsstrategie konnte aufgrund der Ressourcensituation in der Fachstelle GGG und wegen anderweitiger Priorititäten dieses Jahr nicht umgesetzt werden. Die hierfür mit dem Budget 2025 freigegebenen Mittel (Fr. 40'000für externe Begleitung) sollen ins Budget 2026 verschoben werden.;131
21;Departement des Innern;2170;Sozialamt;;;3132.00;Honorare externe Berater, Gutachter, Fachexperten etc.;80000.0;80000.0;50730.0;;;;131
21;Departement des Innern;2170;Sozialamt;;;3133.00;Informatik-Nutzungsaufwand;983900.0;697100.0;286405.6;286800.0;41.14;Aufgrund der Anpassung der strategischen Ausrichtung der Hardware durch die ITSH erhöhen sich die Betriebskosten. Diverse IT- und Digitalisierungsprojekte gemäss separaten Projekteingaben sowie Einführung einer Applikation für den digitalen Austausch mit den Klientinnen und Klienten via App und das bestehende Fallführungssystem «Tutoris».;132
21;Departement des Innern;2170;Sozialamt;;;3158.00;Unterhalt immaterielle Anlagen;119600.0;116000.0;49066.75;3600.0;3.1;Die budgetierten Kosten betreffen Wartung- und Lizenzkosten für die Fachapplikation «Tutoris» (Fr. 99'500), die Fachapplikation im IVSE- Bereich (Fr. 10'000) sowie Wartungskosten für das Kommunikations- und Terminbuchungstool in der Asyl- und Flüchtlingsbetreuung (Fr. 6'500) und für CMI betreffend Finanzierung und Aufsicht von Bauten und Leistungsvereinbarungen (Fr. 3'600).;132
21;Departement des Innern;2170;Sozialamt;;;3160.00;Mieten und Pachten Liegenschaften;5000.0;5000.0;4468.9;;;;132
21;Departement des Innern;2170;Sozialamt;;;3161.00;Mieten, Benützungskosten Anlagen;;;32279.75;;;;132
21;Departement des Innern;2170;Sozialamt;;;3170.00;Reisekosten und Spesen;15000.0;12000.0;13496.25;3000.0;25.0;;132
21;Departement des Innern;2170;Sozialamt;;;3199.00;Übriger Betriebsaufwand;40000.0;20000.0;5281.0;20000.0;100.0;Kleinere Anschaffungen für die Standorte des Sozialamtes (z. B. Schallschutzvorhänge und Türschliesser).;132
21;Departement des Innern;2170;Sozialamt;;;3320.00;Planmässige Abschreibungen immaterielle Anlagen;100000.0;;;100000.0;;;132
21;Departement des Innern;2170;Sozialamt;;;3631.00;Beiträge an Kantone und Konkordate;5000.0;5000.0;1444.4;;;;132
21;Departement des Innern;2170;Sozialamt;;;3636.00;Beiträge an private Organisationen ohne Erwerbszweck;19000.0;5000.0;5871.0;14000.0;280.0;Jahresbeiträge u. a. an: Stiftung meinplatz.ch, Schweizerische Konferenz für Gleichstellungsfragen, Schweizersicher Verband für Alimentenfachleute, Internationaler Sozialdienst, SKOS.;132
21;Departement des Innern;2170;Sozialamt;;;3980.00;Übertragungen;950000.0;950000.0;900000.0;;;;132
21;Departement des Innern;2170;Sozialamt;;;4210.00;Gebühren für Amtshandlungen;-200.0;-200.0;;;;;132
21;Departement des Innern;2170;Sozialamt;;;4610.00;Entschädigungen vom Bund;;;-15000.0;;;;133
21;Departement des Innern;2181;Aufwendungen gem. SHEG Art. 35, 36 + 38;;;3632.10;Beiträge an innerkantonale Gemeinden und Gemeindezweckverbände;7067000.0;6960000.0;6886051.09;107000.0;1.54;Der Kostenanstieg ist primär auf die per 1. Januar 2025 in Kraft getretene Anpassung des Grundbedarfs für den Lebensunterhalt in der Sozialhilfe und die erwartete Entwicklung hinsichtlich der Personen aus dem Asyl- und Flüchtlingsbereich, für die der Bund aufgrund des Status bzw. der Anwesenheitsdauer keine Globalpauschalen mehr bezahlt, zurückzuführen.;133
21;Departement des Innern;2181;Aufwendungen gem. SHEG Art. 35, 36 + 38;;;3636.00;Beiträge an private Organisationen ohne Erwerbszweck;2640000.0;2590000.0;1815445.96;50000.0;1.93;Anpassung der Leistungsvereinbarung betreffend «Mobil Plus» (Fahrdienst für mobilitätsbehinderte Personen) geplant (+Fr. 50'000).;133
21;Departement des Innern;2181;Aufwendungen gem. SHEG Art. 35, 36 + 38;;;3637.00;Beiträge an private Haushalte;9580000.0;10100000.0;10315480.53;-520000.0;-5.15;;133
21;Departement des Innern;2181;Aufwendungen gem. SHEG Art. 35, 36 + 38;;;3980.00;Übertragungen;2034100.0;1645800.0;1458180.92;388300.0;23.59;Es wird mit einem höheren Defizitbeitrag an die Kosten der Asyl- und Flüchtlingsbertreuung gerechnet. Die massgeblichen Kostentreiber sind insbesondere die Personalkosten (in Abhängigkeit der vom Bund zugewiesenen Personen aus dem Asylbereich) sowie die steigenden Miet- und Gesundheitskosten.;133
21;Departement des Innern;2181;Aufwendungen gem. SHEG Art. 35, 36 + 38;;;4610.00;Entschädigungen vom Bund;-200000.0;-100000.0;-319401.0;-100000.0;100.0;Für Personen mit einem negativen Asylentscheid oder einem Nichteintretensentscheid (Dublin) erhalten die Kantone vom Bund eine Entschädigung (Nothilfepauschale). Mit Blick auf die Zahlen in der Rechnung 2024 und unter Berücksichtigung des laufenden Pendenzenabbaus im Asylbereich (Asylverfahren) wird - im Vergleich zum Budget 2025 - mit höheren Entschädigungen gerechnet.;133
21;Departement des Innern;2181;Aufwendungen gem. SHEG Art. 35, 36 + 38;;;4612.10;Entschädigungen von innerkantonalen Gemeinden und Gemeindezweckverbänden;-8864000.0;-9187500.0;-8946295.0;323500.0;-3.52;;134
21;Departement des Innern;2182;Übrige Staatsbeiträge an Gemeinden und Institutionen;;;3632.10;Beiträge an innerkantonale Gemeinden und Gemeindezweckverbände;275000.0;300000.0;258884.45;-25000.0;-8.33;"Die Beiträge für Alimentenbevorschussungen haben in den letzten Jahren abgenommen; der Budgetwert wird dementsprechend reduziert.";134
21;Departement des Innern;2184;Soziale Einrichtungen;;;3634.00;Beiträge an öffentliche Unternehmungen;2000000.0;2000000.0;1844936.7;;;;134
21;Departement des Innern;2184;Soziale Einrichtungen;;;3635.00;Beiträge an private Unternehmungen;1200000.0;1000000.0;1230943.65;200000.0;20.0;Mit der Umsetzung der UN-BRK dürften mehr Sonderfinanzierungen nach Art. 41 Abs. 4 SHEG beansprucht werden. Die finanzierten Leistungen werden in der Regel durch private Anbieter erbracht.;134
21;Departement des Innern;2184;Soziale Einrichtungen;;;3636.00;Beiträge an private Organisationen ohne Erwerbszweck;34620000.0;32000000.0;34132333.57;2620000.0;8.19;Seit dem Jahr 2024 wurden die Tarife der Institutionen nicht angepasst. Den Institutionen sollen daher im Jahr 2026 der Teuerungsausgleich und Lohnmassnahmen im Rahmen der kantonalen Lohnentwicklung gewährt werden. Der Stiftung Altra wurden aufgrund der hohen Nachfrage mehr Beschäftigungsplätze bewilligt. Dies entspricht dem Entwurf der kantonalen Angebotsplanung für den Planungszyklus 2026–2028. Die Tarife für die Arbeitsplätze in den Werkstätten der Stiftung Altra müssen erhöht werden, um das Angebot kostenneutral aufrechterhalten zu können. Zusätzliche Auslagen für eine Dekarbonisierungsstrategie werden einmalig über den Tarif abgegolten.;134
21;Departement des Innern;2184;Soziale Einrichtungen;;;3660.60;Planmässige Abschreibungen Invest.beiträge ab private Unternehmungen ohne Erwerbszweck;150800.0;160700.0;54296.0;-9900.0;-6.16;;135
21;Departement des Innern;2186;Massnahmenvollzug nach Strafgesetz;;;3010.00;Löhne des Verwaltungs- und Betriebspersonals;5200.0;5200.0;;;;;135
21;Departement des Innern;2186;Massnahmenvollzug nach Strafgesetz;;;3050.00;AG-Beiträge AHV, IV, EO, ALV, Verwaltungskosten;300.0;300.0;;;;;135
21;Departement des Innern;2186;Massnahmenvollzug nach Strafgesetz;;;3052.00;AG-Beiträge an Pensionskassen;700.0;700.0;;;;;135
21;Departement des Innern;2186;Massnahmenvollzug nach Strafgesetz;;;3054.00;AG-Beiträge an Familienzulagekassen;100.0;100.0;;;;;135
21;Departement des Innern;2186;Massnahmenvollzug nach Strafgesetz;;;3130.00;Dienstleistungen Dritter;1500000.0;1500000.0;1618364.53;;;;135
21;Departement des Innern;2186;Massnahmenvollzug nach Strafgesetz;;;3181.00;Tatsächliche Forderungsverluste;5000.0;5000.0;;;;;135
21;Departement des Innern;2186;Massnahmenvollzug nach Strafgesetz;;;3614.00;Entschädigungen an öffentliche Unternehmungen;1750000.0;2500000.0;1820465.9;-750000.0;-30.0;;135
21;Departement des Innern;2186;Massnahmenvollzug nach Strafgesetz;;;3631.00;Beiträge an Kantone und Konkordate;115000.0;;;115000.0;;Budgetierung des Beitrages auf dem sachrichtigen Konto gem. HRM2 (ehemals Konto 3634.00).;135
21;Departement des Innern;2186;Massnahmenvollzug nach Strafgesetz;;;3634.00;Beiträge an öffentliche Unternehmungen;;115000.0;104626.15;-115000.0;-100.0;Budgetierung des Beitrages auf dem sachrichtigen Konto gem. HRM2 (ehemals Konto 3631.00).;135
21;Departement des Innern;2186;Massnahmenvollzug nach Strafgesetz;;;3705.00;Durchlaufende Beiträge an private Unternehmungen;;275000.0;283551.0;-275000.0;-100.0;Die Beiträge des Bundes an den Verein Friedeck entfallen aufgrund der Schliessung des Betriebs.;135
21;Departement des Innern;2186;Massnahmenvollzug nach Strafgesetz;;;4260.00;Rückerstattungen und Kostenbeteiligungen Dritter;-50000.0;-50000.0;-2152.3;;;;135
21;Departement des Innern;2186;Massnahmenvollzug nach Strafgesetz;;;4700.00;Durchlaufende Beiträge vom Bund;;-275000.0;-283551.0;275000.0;-100.0;Vgl. Konto 3705.00.;135
21;Departement des Innern;2187;Opferhilfe;;;3130.00;Dienstleistungen Dritter;12000.0;80000.0;180.0;-68000.0;-85.0;Die Leistungsvereinbarung mit der Dargebotenen Hand für die Nacht- und Wochenendabdeckung der zentralen Opferhilfe-Nummer wird neu unter Konto 3636.00 verbucht. Übrig bleibt der Vertrag mit der Swisscom zur technischen Umsetzung der zentralen Opferhilfe-Nummer.;135
21;Departement des Innern;2187;Opferhilfe;;;3611.00;Entschädigungen an Kantone und Konkordate;30000.0;38000.0;21380.0;-8000.0;-21.05;;135
21;Departement des Innern;2187;Opferhilfe;;;3636.00;Beiträge an private Organisationen ohne Erwerbszweck;1039000.0;731000.0;556776.55;308000.0;42.13;"Erhöhung des Beitrags an die FIZ Fachstelle Frauenhandel und Frauenmigration aufgrund Anpassung des Tarifmodells (Fr. 5'000); Anpassung Leistungsvereinbarung mit der Fachstelle für Gewaltbetroffene SH aufgrund der Tagesabdeckung für die zentrale Opferhilfe-Telefonnummer (Fr. 123'000); Anpassung Leistungsvereinbarung mit ausserkantonalem Frauenhaus inkl. Teuerungsausgleich (Fr. 10'000); neue Leistungsvereinbarung mit der Dargebotenen Hand für die Nacht- und Wochenendabdeckung der zentralen Opferhilfe- Telefonnummer (Fr. 60'000); neue Leistungsvereinbarung mit der Beratungsstelle gegen Mädchenbeschneidung (Fr. 20'000); neue Leistungsvereinbarung mit der Beratungsstelle für Personen mit sexuellen Interessen an Kindern (Fr. 30'000). Anpassung der Leistungsvereinbarung mit Konflikt.Gewalt betreffend Täterberatung infolge erhöhter Nachfrage. Das bisherige Kostendach (Fr. 96'000) soll um Fr. 60'000 auf neu Fr. 156'000 angehoben werden. Es werden lediglich die effektiven anrechenbaren Kosten vergütet.";136
21;Departement des Innern;2187;Opferhilfe;;;3637.00;Beiträge an private Haushalte;2470000.0;220000.0;175271.82;2250000.0;1022.73;Mit dem vom Kantonsrat verabschiedeten Gesetz über den Solidaritätsbeitrag an Opfer von fürsorgerischen Zwangsmassnahmen und Fremdplatzierungen vor 1981 und an Betroffene von Medikamentenversuchen in der psychiatrischen Klinik Breitenau zwischen;136
21;Departement des Innern;2187;Opferhilfe;;;4260.00;Rückerstattungen und Kostenbeteiligungen Dritter;-8000.0;-9000.0;-5000.0;1000.0;-11.11;;137
21;Departement des Innern;2187;Opferhilfe;;;4611.00;Entschädigungen von Kantonen und Konkordaten;-7000.0;-5000.0;-8552.0;-2000.0;40.0;;137
21;Departement des Innern;2191;Staatsbeitrag Arbeitslosenhilfe und Familienausgleichskasse;;;3613.20;Erlassene AHV-Beiträge;380000.0;400000.0;334165.65;-20000.0;-5.0;Budgetposten schwer budgetierbar. Aufgrund der Vorjahreszahlen wurde der Betrag für das Budget 2026 leicht reduziert.;137
21;Departement des Innern;2191;Staatsbeitrag Arbeitslosenhilfe und Familienausgleichskasse;;;3614.00;Entschädigungen an öffentliche Unternehmungen;82700.0;82700.0;80625.8;;;;137
21;Departement des Innern;2191;Staatsbeitrag Arbeitslosenhilfe und Familienausgleichskasse;;;3633.05;Kantonsbeitrag an den Sozialfonds;600000.0;600000.0;526784.3;;;;137
21;Departement des Innern;2191;Staatsbeitrag Arbeitslosenhilfe und Familienausgleichskasse;;;3633.10;Kantonsbeitrag an die Familienzulagen für Nichterwerbstätige;750000.0;700000.0;692674.7;50000.0;7.14;Die Budgetierung erfolgt unter Berücksichtigung der Vorjahreswerte und der Hochrechnung der Zahlen der ersten vier Monate des Jahres 2025.;137
21;Departement des Innern;2191;Staatsbeitrag Arbeitslosenhilfe und Familienausgleichskasse;;;4630.00;Beiträge vom Bund;-57000.0;-50000.0;-48383.05;-7000.0;14.0;Seit 2019 werden die durch Beiträge generierten Einnahmen zwischen Bund und Gemeinden aufgeteilt. Die Aufteilung basiert auf der Rechnung 2024.;137
21;Departement des Innern;2191;Staatsbeitrag Arbeitslosenhilfe und Familienausgleichskasse;;;4632.11;Gemeindebeitrag an die erlassenen AHV-Beiträge;-133000.0;-150000.0;-118699.8;17000.0;-11.33;Seit 2019 werden die durch Beiträge generierten Einnahmen zwischen Bund und Gemeinden aufgeteilt. Die Aufteilung basiert auf der Rechnung 2024.;137
21;Departement des Innern;2192;Ergänzungsleistungen;;;;;;;;;;Die Zuteilung auf die einzelnen Konten erfolgt unter Berücksichtigung der Abrechnung des Bundes für das Vorjahr und basiert auf der Hochrechnung der Zahlen der ersten vier Monate des Jahres 2025. Die Budgetzahlen sind generell und insbesondere auf Kontoebene mit Unsicherheiten behaftet.;138
21;Departement des Innern;2192;Ergänzungsleistungen;;;3613.00;Entschädigungen an öffentliche Sozialversicherungen;1900000.0;1900000.0;1943943.2;;;;138
21;Departement des Innern;2192;Ergänzungsleistungen;;;3637.10;Allgemeiner Lebensbedarf AHV;15100000.0;14500000.0;14986321.6;600000.0;4.14;Vgl. Kommentar zur Finanzstelle 2192.;138
21;Departement des Innern;2192;Ergänzungsleistungen;;;3637.11;Heim- und Krankheitskosten AHV;16700000.0;16600000.0;14622837.67;100000.0;0.6;Vgl. Kommentar zur Finanzstelle 2192.;138
21;Departement des Innern;2192;Ergänzungsleistungen;;;3637.15;Allgemeiner Lebensbedarf IV;15300000.0;14900000.0;14679992.0;400000.0;2.68;Vgl. Kommentar zur Finanzstelle 2192.;138
21;Departement des Innern;2192;Ergänzungsleistungen;;;3637.16;Heim- und Krankheitskosten IV;8200000.0;8700000.0;7728663.77;-500000.0;-5.75;Vgl. Kommentar zur Finanzstelle 2192.;138
21;Departement des Innern;2192;Ergänzungsleistungen;;;4610.00;Entschädigungen vom Bund;-600000.0;-580000.0;-598845.0;-20000.0;3.45;Vgl. Kommentar zur Finanzstelle 2192.;138
21;Departement des Innern;2192;Ergänzungsleistungen;;;4630.10;Bundesbeitrag an Ergänzungsleistungen AHV;-9600000.0;-9600000.0;-9366451.0;;;;138
21;Departement des Innern;2192;Ergänzungsleistungen;;;4630.15;Bundesbeitrag an Ergänzungsleistungen IV;-9500000.0;-9500000.0;-9174995.0;;;;138
21;Departement des Innern;2196;Digitale Verwaltung Schaffhausen;;;3010.00;Löhne des Verwaltungs- und Betriebspersonals;696200.0;1225000.0;;-528800.0;-43.17;Die Budgetierung externer Digitalisierungsspezialistinnen und - spezialisten erfolgt neu direkt durch die jeweiligen Dienststellen.;138
21;Departement des Innern;2196;Digitale Verwaltung Schaffhausen;;;3050.00;AG-Beiträge AHV, IV, EO, ALV, Verwaltungskosten;45300.0;79600.0;;-34300.0;-43.09;;138
21;Departement des Innern;2196;Digitale Verwaltung Schaffhausen;;;3052.00;AG-Beiträge an Pensionskassen;93000.0;163500.0;;-70500.0;-43.12;;138
21;Departement des Innern;2196;Digitale Verwaltung Schaffhausen;;;3053.00;AG-Beiträge an Unfallversicherungen;4400.0;6600.0;;-2200.0;-33.33;;138
21;Departement des Innern;2196;Digitale Verwaltung Schaffhausen;;;3054.00;AG-Beiträge an Familienzulagekassen;9100.0;15800.0;;-6700.0;-42.41;;138
21;Departement des Innern;2196;Digitale Verwaltung Schaffhausen;;;3059.10;AG-Beiträge Sozialfonds;500.0;1000.0;;-500.0;-50.0;;138
21;Departement des Innern;2196;Digitale Verwaltung Schaffhausen;;;3118.00;Immaterielle Anlagen;200000.0;130000.0;;70000.0;53.85;Aufgrund einer Projektverzögerung fällt eine Projektrestanz in der Höhe von Fr. 70'000 an. Diese wird in das Budget 2026 übertragen.;139
21;Departement des Innern;2196;Digitale Verwaltung Schaffhausen;;;3130.00;Dienstleistungen Dritter;30000.0;1272000.0;384676.97;-1242000.0;-97.64;Dienstleistungen Dritter werden neu auf dem Konto 3133.00 verbucht.;139
21;Departement des Innern;2196;Digitale Verwaltung Schaffhausen;;;3133.00;Informatik-Nutzungsaufwand;1845000.0;2670000.0;;-825000.0;-30.9;Der Globalkredit zur Umsetzung der Strategie «Digitale Verwaltung Schaffhausen» wird nicht mehr budgetiert. Verschiebung der Ausschreibung der Zeugnissoftware Scolaris auf das Jahr 2026 (Budgetkredit ITP0107).;139
21;Departement des Innern;2196;Digitale Verwaltung Schaffhausen;;;3320.00;Planmässige Abschreibungen immaterielle Anlagen;9000.0;91600.0;;-82600.0;-90.17;;139
21;Departement des Innern;2196;Digitale Verwaltung Schaffhausen;;;3631.00;Beiträge an Kantone und Konkordate;137600.0;106000.0;73589.0;31600.0;29.81;Die Steigerung erfolgt gemäss Vereinbarung mit der Zusammenarbeitsorganisation Digitale Verwaltung Schweiz (DVS).;139
21;Departement des Innern;2197;IT-Konzernprodukte;;;3130.00;Dienstleistungen Dritter;;;533375.7;;;;139
21;Departement des Innern;2197;IT-Konzernprodukte;;;3133.00;Informatik-Nutzungsaufwand;6227300.0;5985200.0;2314886.5;242100.0;4.04;Einmaliger Mehraufwand für die Ablösung von «GEVER PEAK» sowie die Umsetzung der Fat Client- Strategie. Höhere Betriebskosten für IT-Konzernprodukte wie «GERES» und CMI sowie für die neu eingeführten eGovernment- und Digitalisierungsinfrastrukturen.;139
21;Departement des Innern;2197;IT-Konzernprodukte;;;3158.00;Unterhalt immaterielle Anlagen;274500.0;254500.0;221778.66;20000.0;7.86;Mehraufwände für Lizenzen für die «Digitale Signatur» und für das Identity Access Management (IAM).;139
21;Departement des Innern;2197;IT-Konzernprodukte;;;3161.00;Mieten, Benützungskosten Anlagen;;;45080.0;;;;139
21;Departement des Innern;2197;IT-Konzernprodukte;;;3320.00;Planmässige Abschreibungen immaterielle Anlagen;40300.0;70000.0;40340.0;-29700.0;-42.43;Abschreibungen für das Investitionsprojekt zum Ausbau von CMI Axioma.;139
21;Departement des Innern;2197;IT-Konzernprodukte;;;4450.00;Erträge aus Darlehen VV;-154000.0;-154000.0;-143893.15;;;;139
21;Departement des Innern;2197;IT-Konzernprodukte;;;4910.00;IV Dienstleistungen;-3500.0;-3000.0;-3168.0;-500.0;16.67;;139
21;Departement des Innern;2198;;2198.7213;Fonds für Suchtprophylaxe und Gesundheitsförderung;3010.00;Löhne des Verwaltungs- und Betriebspersonals;12000.0;;9635.55;12000.0;;Löhne für freie Mitarbeitende im Bereich offene Turnhallen und verschiedene Workshops (früher unter dem Konto 3130.00 Dienstleistungen Dritter verbucht).;140
21;Departement des Innern;2198;;2198.7213;Fonds für Suchtprophylaxe und Gesundheitsförderung;3050.00;AG-Beiträge AHV, IV, EO, ALV, Verwaltungskosten;800.0;;366.4;800.0;;;140
21;Departement des Innern;2198;;2198.7213;Fonds für Suchtprophylaxe und Gesundheitsförderung;3052.00;AG-Beiträge an Pensionskassen;1600.0;;;1600.0;;;140
21;Departement des Innern;2198;;2198.7213;Fonds für Suchtprophylaxe und Gesundheitsförderung;3053.00;AG-Beiträge an Unfallversicherungen;100.0;;1.6;100.0;;;140
21;Departement des Innern;2198;;2198.7213;Fonds für Suchtprophylaxe und Gesundheitsförderung;3054.00;AG-Beiträge an Familienzulagekassen;200.0;;73.3;200.0;;;140
21;Departement des Innern;2198;;2198.7213;Fonds für Suchtprophylaxe und Gesundheitsförderung;3059.10;AG-Beiträge Sozialfonds;;;4.5;;;;140
21;Departement des Innern;2198;;2198.7213;Fonds für Suchtprophylaxe und Gesundheitsförderung;3101.00;Betriebs- und Verbrauchsmaterial;17000.0;8000.0;16338.26;9000.0;112.5;Steigende projektbezogene Ausgaben.;140
21;Departement des Innern;2198;;2198.7213;Fonds für Suchtprophylaxe und Gesundheitsförderung;3102.00;Drucksachen, Publikationen;3000.0;5000.0;1410.0;-2000.0;-40.0;;140
21;Departement des Innern;2198;;2198.7213;Fonds für Suchtprophylaxe und Gesundheitsförderung;3130.00;Dienstleistungen Dritter;303000.0;219000.0;364435.5;84000.0;38.36;Ausbau der Präventionsprojekte innerhalb der kantonalen Programme (Kantonale Aktionsprogramme (KAP) Kind/Jugend und Alter sowie Suchtpräventionsprogramm).;140
21;Departement des Innern;2198;;2198.7213;Fonds für Suchtprophylaxe und Gesundheitsförderung;3138.00;Kurse, Prüfungen und Beratungen;;;550.0;;;;140
21;Departement des Innern;2198;;2198.7213;Fonds für Suchtprophylaxe und Gesundheitsförderung;3170.00;Reisekosten und Spesen;;;166.75;;;;140
21;Departement des Innern;2198;;2198.7213;Fonds für Suchtprophylaxe und Gesundheitsförderung;3500.00;Einlagen in Spezialfinanzierungen des Fremdkapitals;;137600.0;281265.18;-137600.0;-100.0;Die Konten 3500.00 und 4500.00 bilden das Fondsergebnis ab. Dank der Spielbankenabgabe kommt es 2025 zu einem Überschuss. Ab 2026 wird mit einem Defizit gerechnet (vgl. Konto 4500.00).;140
21;Departement des Innern;2198;;2198.7213;Fonds für Suchtprophylaxe und Gesundheitsförderung;3636.00;Beiträge an private Organisationen ohne Erwerbszweck;646600.0;640600.0;422510.96;6000.0;0.94;;140
21;Departement des Innern;2198;;2198.7213;Fonds für Suchtprophylaxe und Gesundheitsförderung;3980.00;Übertragungen;226000.0;224000.0;197480.0;2000.0;0.89;;140
21;Departement des Innern;2198;;2198.7213;Fonds für Suchtprophylaxe und Gesundheitsförderung;4120.00;Konzessionen;-125000.0;-130000.0;-123542.5;5000.0;-3.85;;140
21;Departement des Innern;2198;;2198.7213;Fonds für Suchtprophylaxe und Gesundheitsförderung;4500.00;Entnahmen aus Spezialfinanzierungen des Fremdkapitals;-226300.0;;;-226300.0;;Die Konten 3500.00 und 4500.00 bilden das Fondsergebnis ab. Aufgrund des Wegfalls des Anteils an der kantonalen der Spielbankenabgabe kommt es 2026 zu einer Entnahme aus der Spezialfinanzierung des Fremdkapitals.;141
21;Departement des Innern;2198;;2198.7213;Fonds für Suchtprophylaxe und Gesundheitsförderung;4600.30;Anteil am Ertrag der Eidg. Alkoholverwaltung;-265000.0;-265000.0;-280555.0;;;;141
21;Departement des Innern;2198;;2198.7213;Fonds für Suchtprophylaxe und Gesundheitsförderung;4630.00;Beiträge vom Bund;-52000.0;-52000.0;;;;;141
21;Departement des Innern;2198;;2198.7213;Fonds für Suchtprophylaxe und Gesundheitsförderung;4636.00;Beiträge von privaten Organisationen ohne Erwerbszweck;-201000.0;-209000.0;-232564.0;8000.0;-3.83;;141
21;Departement des Innern;2198;;2198.7213;Fonds für Suchtprophylaxe und Gesundheitsförderung;4940.00;IV Kalk. Zinsen und Finanzaufwand;;-2200.0;-755.1;2200.0;-100.0;;141
21;Departement des Innern;2198;;2198.7213;Fonds für Suchtprophylaxe und Gesundheitsförderung;4980.00;Übertragungen;-341000.0;-576000.0;-656821.4;235000.0;-40.8;Reduzierte Beiträge aufgrund Wegfalls des Anteils an der kantonalen Spielbankenabgabe aufgrund Schliessung des Casinos Schaffhausen. Diese können nur teilweise kompensiert werden (vgl. Konto 2131.3980.00).;141
21;Departement des Innern;2198;;2198.7215;Fonds für Integrationsmassnahmen für Ausländerinnen und Ausländer;3010.00;Löhne des Verwaltungs- und Betriebspersonals;2000.0;2000.0;3250.0;;;;141
21;Departement des Innern;2198;;2198.7215;Fonds für Integrationsmassnahmen für Ausländerinnen und Ausländer;3050.00;AG-Beiträge AHV, IV, EO, ALV, Verwaltungskosten;100.0;100.0;;;;;141
21;Departement des Innern;2198;;2198.7215;Fonds für Integrationsmassnahmen für Ausländerinnen und Ausländer;3052.00;AG-Beiträge an Pensionskassen;300.0;300.0;;;;;141
21;Departement des Innern;2198;;2198.7215;Fonds für Integrationsmassnahmen für Ausländerinnen und Ausländer;3053.00;AG-Beiträge an Unfallversicherungen;;;4.7;;;;141
21;Departement des Innern;2198;;2198.7215;Fonds für Integrationsmassnahmen für Ausländerinnen und Ausländer;3102.00;Drucksachen, Publikationen;10000.0;10000.0;18182.4;;;;141
21;Departement des Innern;2198;;2198.7215;Fonds für Integrationsmassnahmen für Ausländerinnen und Ausländer;3130.00;Dienstleistungen Dritter;15000.0;15000.0;61936.65;;;;141
21;Departement des Innern;2198;;2198.7215;Fonds für Integrationsmassnahmen für Ausländerinnen und Ausländer;3137.00;Steuern und Abgaben;;;2191.98;;;;141
21;Departement des Innern;2198;;2198.7215;Fonds für Integrationsmassnahmen für Ausländerinnen und Ausländer;3500.00;Einlagen in Spezialfinanzierungen des Fremdkapitals;;13900.0;543476.07;-13900.0;-100.0;Die Einlagen und Entnahmen der zweckgebundenen Mittel in bzw. aus dem Fonds schwanken je nach Entwicklung der Zahlen im Asylbereich stark (vgl. Konto 4500.00).;141
21;Departement des Innern;2198;;2198.7215;Fonds für Integrationsmassnahmen für Ausländerinnen und Ausländer;3634.00;Beiträge an öffentliche Unternehmungen;5000.0;5000.0;9600.0;;;Die Beiträge sind insbesondere von den finanziellen Zuschüssen abhängig, welche zur Arbeitsmarktintegration von Flüchtlingen und vorläufig Aufgenommenen an Arbeitgeber entrichtet werden.;142
21;Departement des Innern;2198;;2198.7215;Fonds für Integrationsmassnahmen für Ausländerinnen und Ausländer;3635.00;Beiträge an private Unternehmungen;80000.0;100000.0;60160.25;-20000.0;-20.0;Aufgrund der hohen Fallzahlen im Asylbereich im Zeitraum 2022–2024 ist in den Folgejahren im Vergleich zur Rechnung 2024 mit hohen Ausgaben für die Integrationsförderung zu rechnen.;142
21;Departement des Innern;2198;;2198.7215;Fonds für Integrationsmassnahmen für Ausländerinnen und Ausländer;3636.00;Beiträge an private Organisationen ohne Erwerbszweck;4300000.0;4300000.0;4212713.9;;;Aufgrund der hohen Fallzahlen im Asylbereich im Zeitraum 2022–2024 ist in den Folgejahren im Vergleich zur Rechnung 2024 mit hohen Ausgaben für subjektorientierte Integrationsmassnahmen zu rechnen.;142
21;Departement des Innern;2198;;2198.7215;Fonds für Integrationsmassnahmen für Ausländerinnen und Ausländer;3637.00;Beiträge an private Haushalte;950000.0;950000.0;857246.9;;;;142
21;Departement des Innern;2198;;2198.7215;Fonds für Integrationsmassnahmen für Ausländerinnen und Ausländer;4500.00;Entnahmen aus Spezialfinanzierungen des Fremdkapitals;-312400.0;-331400.0;;19000.0;-5.73;Einlagen und Entnahmen der zweckgebundenen Mittel in bzw. aus dem Fonds schwanken je nach Entwicklung der Zahlen im Asylbereich stark (vgl. Konto 3500.00).;142
21;Departement des Innern;2198;;2198.7215;Fonds für Integrationsmassnahmen für Ausländerinnen und Ausländer;4610.00;Entschädigungen vom Bund;-4100000.0;-4100000.0;-4864106.0;;;Die für das Jahr 2026 budgetierten Entscheidzahlen entsprechen jenen des Vorjahres. Annahmen zur Entwicklung im Asylbereich sind stets mit grosser Unsicherheit behaftet.;142
21;Departement des Innern;2198;;2198.7215;Fonds für Integrationsmassnahmen für Ausländerinnen und Ausländer;4940.00;IV Kalk. Zinsen und Finanzaufwand;;-14900.0;-4656.85;14900.0;-100.0;Voraussichtlich wird es im Jahr 2026 eine Verzinsung von 0% auf das Fondsvermögen geben.;142
21;Departement des Innern;2198;;2198.7215;Fonds für Integrationsmassnahmen für Ausländerinnen und Ausländer;4980.00;Übertragungen;-950000.0;-950000.0;-900000.0;;;;142
21;Departement des Innern;2198;;2198.7216;Fonds Asyl- und Flüchtlingswesen;3010.00;Löhne des Verwaltungs- und Betriebspersonals;7750000.0;6000000.0;6095432.4;1750000.0;29.17;Erweiterung des Teams in Abhängigkeit der Anzahl Personen aus dem Asyl- und Flüchtlingsbereich, die dem Kanton Schaffhausen zugewiesen werden. Die Aufwände sind z. T. auf Rekrutierungen zurückzuführen, die im Jahr 2025 stattgefunden haben. Aufwände für den geplanten Ausbau der sozialpädagogischen Betreuung für unbegleitete Minderjährige und für die Sozialberatung bzw. das begleitete Wohnen.;143
21;Departement des Innern;2198;;2198.7216;Fonds Asyl- und Flüchtlingswesen;3050.00;AG-Beiträge AHV, IV, EO, ALV, Verwaltungskosten;503800.0;390000.0;402182.89;113800.0;29.18;;143
21;Departement des Innern;2198;;2198.7216;Fonds Asyl- und Flüchtlingswesen;3052.00;AG-Beiträge an Pensionskassen;1035400.0;801000.0;673963.3;234400.0;29.26;;143
21;Departement des Innern;2198;;2198.7216;Fonds Asyl- und Flüchtlingswesen;3053.00;AG-Beiträge an Unfallversicherungen;105100.0;81700.0;82629.14;23400.0;28.64;;143
21;Departement des Innern;2198;;2198.7216;Fonds Asyl- und Flüchtlingswesen;3054.00;AG-Beiträge an Familienzulagekassen;100800.0;78000.0;79565.49;22800.0;29.23;;143
21;Departement des Innern;2198;;2198.7216;Fonds Asyl- und Flüchtlingswesen;3059.10;AG-Beiträge Sozialfonds;6200.0;4800.0;;1400.0;29.17;;143
21;Departement des Innern;2198;;2198.7216;Fonds Asyl- und Flüchtlingswesen;3064.00;Überbrückungsrenten;;;7.6;;;;143
21;Departement des Innern;2198;;2198.7216;Fonds Asyl- und Flüchtlingswesen;3090.00;Aus- und Weiterbildung des eigenen Personals;86000.0;85000.0;28077.8;1000.0;1.18;;143
21;Departement des Innern;2198;;2198.7216;Fonds Asyl- und Flüchtlingswesen;3091.00;Personalwerbung;8000.0;7500.0;12885.2;500.0;6.67;;143
21;Departement des Innern;2198;;2198.7216;Fonds Asyl- und Flüchtlingswesen;3099.00;Übriger Personalaufwand;32000.0;30000.0;27534.98;2000.0;6.67;;143
21;Departement des Innern;2198;;2198.7216;Fonds Asyl- und Flüchtlingswesen;3135.10;Dienstleistungsaufwand für Personen in Obhut Asylsuchende und Asylwesen;2000000.0;2500000.0;1829055.14;-500000.0;-20.0;Geschätzte Kostenentwicklung für den Betrieb der Asyl- und Flüchtlingsbetreuung aufgrund des Bestandes und der Prognosen des Bundes (SEM). Der Kostenanstieg ist u. a. darauf zurückzuführen, dass infolge der Totalsanierung des UMA-Hauses eine Ersatzunterkunft angemietet werden muss.;143
21;Departement des Innern;2198;;2198.7216;Fonds Asyl- und Flüchtlingswesen;3601.10;Ertragsanteile an Kantone und Konkordate Asylsuchende und Asylwesen;;30000.0;;-30000.0;-100.0;Aufwände werden seit 2024 auf dem Konto 3920.00 verbucht.;143
21;Departement des Innern;2198;;2198.7216;Fonds Asyl- und Flüchtlingswesen;3631.00;Beiträge an Kantone und Konkordate;50000.0;46000.0;48383.05;4000.0;8.7;;143
21;Departement des Innern;2198;;2198.7216;Fonds Asyl- und Flüchtlingswesen;3632.13;Beiträge an Gemeinden und Gemeindezweckverbände Asylsuchende und Asylwesen;14000.0;14000.0;14000.0;;;;143
21;Departement des Innern;2198;;2198.7216;Fonds Asyl- und Flüchtlingswesen;3636.00;Beiträge an private Organisationen ohne Erwerbszweck;100000.0;105000.0;;-5000.0;-4.76;Weiterführung der sozialpädagogischen Begleitung von Geflüchteten durch das SRK Schaffhausen. Die Mitfinanzierung durch den Bund (SEM) ist ausgelaufen.;144
21;Departement des Innern;2198;;2198.7216;Fonds Asyl- und Flüchtlingswesen;3637.30;Beiträge an private Haushalte Asylsuchende und Asylwesen;18800000.0;14000000.0;17034323.7;4800000.0;34.29;Geschätzte Kostenentwicklung für die Unterstützung von Personen des Asylbereichs aufgrund des Bestandes und der Prognosen des Bundes (SEM).;144
21;Departement des Innern;2198;;2198.7216;Fonds Asyl- und Flüchtlingswesen;3637.31;Beiträge an private Haushalte anerkannte Flüchtlinge;7555000.0;5450000.0;5860477.46;2105000.0;38.62;Geschätzte Kostenentwicklung für die Unterstützung von Personen des Flüchtlingsbereichs aufgrund des Bestandes und der Prognosen des Bundes (SEM).;144
21;Departement des Innern;2198;;2198.7216;Fonds Asyl- und Flüchtlingswesen;3920.00;IV Pacht, Mieten Benützungskosten;30000.0;;89518.65;30000.0;;Vgl. Konto 4430.00.;144
21;Departement des Innern;2198;;2198.7216;Fonds Asyl- und Flüchtlingswesen;4260.10;Rückerstattungen und Kostenbeteiligungen Dritter Asylsuchende und Asylwesen;-725000.0;-600000.0;-994481.63;-125000.0;20.83;Es zeichnen sich keine ausserordentlichen Erträge ab. Es erfolgt daher eine Anhebung auf das Ertragsniveau von 2024.;144
21;Departement des Innern;2198;;2198.7216;Fonds Asyl- und Flüchtlingswesen;4260.11;Rückerstattungen und Kostenbeteiligungen Dritter Anerkannte Flüchtlingen;;-50000.0;;50000.0;-100.0;Vgl. Konto 4260.10.;144
21;Departement des Innern;2198;;2198.7216;Fonds Asyl- und Flüchtlingswesen;4430.00;Pacht- und Mietzinse Liegenschaften FV;;-30000.0;;30000.0;-100.0;Aufwände werden seit 2024 auf dem Konto 3920.00 verbucht.;144
21;Departement des Innern;2198;;2198.7216;Fonds Asyl- und Flüchtlingswesen;4610.40;Entschädigungen vom Bund Asylsuchende und Asylwesen;-21100000.0;-16500000.0;-18833063.0;-4600000.0;27.88;Geschätzte Einnahmen (Globalpauschalen des Bundes) aufgrund des Bestandes der Personen des Asylbereichs und der Prognosen des Bundes (vgl. Konto 3637.30).;144
21;Departement des Innern;2198;;2198.7216;Fonds Asyl- und Flüchtlingswesen;4610.41;Entschädigungen vom Bund Anerkannte Flüchtlinge;-8050000.0;-5600000.0;-6465288.0;-2450000.0;43.75;Geschätzte Einnahmen (Globalpauschalen des Bundes) aufgrund des Bestandes der Personen des Flüchtlingsbereichs und der Prognosen des Bundes (vgl. Konto 3637.31).;144
21;Departement des Innern;2198;;2198.7216;Fonds Asyl- und Flüchtlingswesen;4612.00;Entschädigungen von Gemeinden und Gemeindezweckverbänden;-6142200.0;-5087300.0;-4365659.13;-1054900.0;20.74;Anstieg des Defizits in der Asyl- und Flüchtlingsbetreuung aufgrund der Entwicklung der Personenzahl im Asyl- und Flüchtlingsbereich, des Kostenanstiegs in der Unterbringung und des Personalaufbaus (bei nicht kostendeckenden Globalpauschalen).;145
21;Departement des Innern;2198;;2198.7216;Fonds Asyl- und Flüchtlingswesen;4630.00;Beiträge vom Bund;-125000.0;-100000.0;-128189.0;-25000.0;25.0;Angleichung an den Wert gemäss Rechnung 2024.;145
21;Departement des Innern;2198;;2198.7216;Fonds Asyl- und Flüchtlingswesen;4940.00;IV Kalk. Zinsen und Finanzaufwand;;-200.0;;200.0;-100.0;;145
21;Departement des Innern;2198;;2198.7216;Fonds Asyl- und Flüchtlingswesen;4980.00;Übertragungen;-2034100.0;-1645800.0;-1458180.92;-388300.0;23.59;Vgl. Konto 2181.3980.00.;145
21;Departement des Innern;2198;;2198.7216;Fonds Asyl- und Flüchtlingswesen;9011.00;Abschluss Spezialfinanzierungen und Fonds des Eigenkapitals, Aufwandüberschuss;;-9700.0;-33175.12;9700.0;-100.0;;145
21;Departement des Innern;2198;;2198.7560;Anna-Katharina-Federli Fonds;3502.00;Einlagen in Legate und Stiftungen des Fremdkapitals;;200.0;160.75;-200.0;-100.0;;145
21;Departement des Innern;2198;;2198.7560;Anna-Katharina-Federli Fonds;4940.00;IV Kalk. Zinsen und Finanzaufwand;;-200.0;-160.75;200.0;-100.0;;145
22;Erziehungsdepartement;2201;Departementssekretariat;;;3000.10;Sitzungsgelder Kommissionen;30000.0;30000.0;23493.75;;;;146
22;Erziehungsdepartement;2201;Departementssekretariat;;;3010.00;Löhne des Verwaltungs- und Betriebspersonals;986200.0;1037300.0;843474.35;-51100.0;-4.93;Veränderung der Altersstruktur des Teams.;146
22;Erziehungsdepartement;2201;Departementssekretariat;;;3050.00;AG-Beiträge AHV, IV, EO, ALV, Verwaltungskosten;66100.0;69400.0;52918.2;-3300.0;-4.76;;146
22;Erziehungsdepartement;2201;Departementssekretariat;;;3052.00;AG-Beiträge an Pensionskassen;131800.0;138500.0;131382.1;-6700.0;-4.84;;146
22;Erziehungsdepartement;2201;Departementssekretariat;;;3053.00;AG-Beiträge an Unfallversicherungen;6300.0;5800.0;3927.5;500.0;8.62;;146
22;Erziehungsdepartement;2201;Departementssekretariat;;;3054.00;AG-Beiträge an Familienzulagekassen;13200.0;13900.0;11060.55;-700.0;-5.04;;146
22;Erziehungsdepartement;2201;Departementssekretariat;;;3059.10;AG-Beiträge Sozialfonds;800.0;800.0;508.25;;;;146
22;Erziehungsdepartement;2201;Departementssekretariat;;;3090.00;Aus- und Weiterbildung des eigenen Personals;16400.0;26000.0;748.45;-9600.0;-36.92;;146
22;Erziehungsdepartement;2201;Departementssekretariat;;;3091.00;Personalwerbung;;5000.0;;-5000.0;-100.0;;146
22;Erziehungsdepartement;2201;Departementssekretariat;;;3099.00;Übriger Personalaufwand;8500.0;8000.0;3749.05;500.0;6.25;;146
22;Erziehungsdepartement;2201;Departementssekretariat;;;3100.00;Büromaterial;2500.0;2000.0;2832.02;500.0;25.0;;146
22;Erziehungsdepartement;2201;Departementssekretariat;;;3102.00;Drucksachen, Publikationen;2500.0;3000.0;;-500.0;-16.67;;146
22;Erziehungsdepartement;2201;Departementssekretariat;;;3103.00;Fachliteratur, Zeitschriften;2000.0;2000.0;1947.7;;;;146
22;Erziehungsdepartement;2201;Departementssekretariat;;;3113.00;Hardware;21700.0;4000.0;1030.0;17700.0;442.5;Audio-Video-Systeme für zwei Sitzungszimmer.;146
22;Erziehungsdepartement;2201;Departementssekretariat;;;3118.00;Immaterielle Anlagen;1000.0;67000.0;42.0;-66000.0;-98.51;;146
22;Erziehungsdepartement;2201;Departementssekretariat;;;3130.00;Dienstleistungen Dritter;171000.0;125500.0;9662.25;45500.0;36.25;Höhere Ausgaben für Projekte «Neues Lohnsystem Lehrpersonen» (EPR0119) und Begleitung Digitalisierung ED.;146
22;Erziehungsdepartement;2201;Departementssekretariat;;;3133.00;Informatik-Nutzungsaufwand;73200.0;99000.0;39395.05;-25800.0;-26.06;;146
22;Erziehungsdepartement;2201;Departementssekretariat;;;3161.00;Mieten, Benützungskosten Anlagen;;9500.0;10113.4;-9500.0;-100.0;Miete von Multifunktionsgeräten werden auf Konto 2201.3133.00 verbucht.;146
22;Erziehungsdepartement;2201;Departementssekretariat;;;3170.00;Reisekosten und Spesen;7000.0;7000.0;3367.2;;;;146
22;Erziehungsdepartement;2201;Departementssekretariat;;;3181.00;Tatsächliche Forderungsverluste;;;800.0;;;;146
22;Erziehungsdepartement;2201;Departementssekretariat;;;3199.00;Übriger Betriebsaufwand;500.0;500.0;;;;;146
22;Erziehungsdepartement;2201;Departementssekretariat;;;3612.10;Entschädigungen an innerkantonale Gemeinden und Gemeindezweckverbände;18000.0;18000.0;18000.0;;;;146
22;Erziehungsdepartement;2201;Departementssekretariat;;;3631.00;Beiträge an Kantone und Konkordate;235400.0;259500.0;267627.98;-24100.0;-9.29;In 2025 zu hoch budgetiert.;146
22;Erziehungsdepartement;2201;Departementssekretariat;;;3631.31;Beiträge an Randenkommission;16000.0;16000.0;6164.6;;;;146
22;Erziehungsdepartement;2201;Departementssekretariat;;;3632.10;Beiträge an innerkantonale Gemeinden und Gemeindezweckverbände;200000.0;200000.0;;;;;147
22;Erziehungsdepartement;2201;Departementssekretariat;;;3636.00;Beiträge an private Organisationen ohne Erwerbszweck;3915000.0;3964000.0;3905413.0;-49000.0;-1.24;Die Staatsbeiträge an die Landeskirchen unterstehen dem Landesindex der Konsumentenpreise, dieser ist zum Zeitpunkt der Budgetierung nicht bekannt. Anpassung aufgrund der Ergebnisse 2024.;147
22;Erziehungsdepartement;2201;Departementssekretariat;;;3638.00;Beiträge an das Ausland;7200.0;7700.0;4879.73;-500.0;-6.49;;147
22;Erziehungsdepartement;2201;Departementssekretariat;;;3660.20;Planmässige Abschreibungen Invest.beiträge an Gemeinden;1543700.0;1375800.0;1343692.0;167900.0;12.2;;147
22;Erziehungsdepartement;2201;Departementssekretariat;;;4210.00;Gebühren für Amtshandlungen;-8000.0;-5000.0;-13500.0;-3000.0;60.0;;147
22;Erziehungsdepartement;2215;Geschäftsleitung/Stabsdienste Bildung/Kindergarten, Primar- und Sekundarstufe I;;;3010.00;Löhne des Verwaltungs- und Betriebspersonals;1019600.0;964500.0;834252.95;55100.0;5.71;;147
22;Erziehungsdepartement;2215;Geschäftsleitung/Stabsdienste Bildung/Kindergarten, Primar- und Sekundarstufe I;;;3010.95;Rückerstattungen Taggelder UV, EO, MSE, MV, IV für Verwaltungs- und Betriebspersonal;;;-1638.6;;;;147
22;Erziehungsdepartement;2215;Geschäftsleitung/Stabsdienste Bildung/Kindergarten, Primar- und Sekundarstufe I;;;3050.00;AG-Beiträge AHV, IV, EO, ALV, Verwaltungskosten;66300.0;62700.0;53740.8;3600.0;5.74;;147
22;Erziehungsdepartement;2215;Geschäftsleitung/Stabsdienste Bildung/Kindergarten, Primar- und Sekundarstufe I;;;3052.00;AG-Beiträge an Pensionskassen;136200.0;128800.0;131362.25;7400.0;5.75;;147
22;Erziehungsdepartement;2215;Geschäftsleitung/Stabsdienste Bildung/Kindergarten, Primar- und Sekundarstufe I;;;3053.00;AG-Beiträge an Unfallversicherungen;6300.0;5200.0;4268.45;1100.0;21.15;;147
22;Erziehungsdepartement;2215;Geschäftsleitung/Stabsdienste Bildung/Kindergarten, Primar- und Sekundarstufe I;;;3054.00;AG-Beiträge an Familienzulagekassen;13200.0;12500.0;10845.3;700.0;5.6;;147
22;Erziehungsdepartement;2215;Geschäftsleitung/Stabsdienste Bildung/Kindergarten, Primar- und Sekundarstufe I;;;3059.10;AG-Beiträge Sozialfonds;800.0;800.0;632.05;;;;147
22;Erziehungsdepartement;2215;Geschäftsleitung/Stabsdienste Bildung/Kindergarten, Primar- und Sekundarstufe I;;;3090.00;Aus- und Weiterbildung des eigenen Personals;47000.0;39500.0;25796.37;7500.0;18.99;;147
22;Erziehungsdepartement;2215;Geschäftsleitung/Stabsdienste Bildung/Kindergarten, Primar- und Sekundarstufe I;;;3091.00;Personalwerbung;500.0;500.0;713.45;;;;147
22;Erziehungsdepartement;2215;Geschäftsleitung/Stabsdienste Bildung/Kindergarten, Primar- und Sekundarstufe I;;;3099.00;Übriger Personalaufwand;206300.0;206200.0;201561.5;100.0;0.05;;147
22;Erziehungsdepartement;2215;Geschäftsleitung/Stabsdienste Bildung/Kindergarten, Primar- und Sekundarstufe I;;;3100.00;Büromaterial;15300.0;15300.0;10506.15;;;;147
22;Erziehungsdepartement;2215;Geschäftsleitung/Stabsdienste Bildung/Kindergarten, Primar- und Sekundarstufe I;;;3102.00;Drucksachen, Publikationen;1000.0;1000.0;;;;;147
22;Erziehungsdepartement;2215;Geschäftsleitung/Stabsdienste Bildung/Kindergarten, Primar- und Sekundarstufe I;;;3103.00;Fachliteratur, Zeitschriften;1500.0;1000.0;1034.0;500.0;50.0;;147
22;Erziehungsdepartement;2215;Geschäftsleitung/Stabsdienste Bildung/Kindergarten, Primar- und Sekundarstufe I;;;3113.00;Hardware;2000.0;4000.0;1106.0;-2000.0;-50.0;;147
22;Erziehungsdepartement;2215;Geschäftsleitung/Stabsdienste Bildung/Kindergarten, Primar- und Sekundarstufe I;;;3118.00;Immaterielle Anlagen;;4200.0;5000.0;-4200.0;-100.0;;147
22;Erziehungsdepartement;2215;Geschäftsleitung/Stabsdienste Bildung/Kindergarten, Primar- und Sekundarstufe I;;;3130.00;Dienstleistungen Dritter;80000.0;10000.0;116514.9;70000.0;700.0;Inkl. Digitalisierung HR-Prozesse Lehrpersonen.;147
22;Erziehungsdepartement;2215;Geschäftsleitung/Stabsdienste Bildung/Kindergarten, Primar- und Sekundarstufe I;;;3133.00;Informatik-Nutzungsaufwand;225900.0;111900.0;111747.2;114000.0;101.88;Zusatzkosten für neue Lohnsoftware, verstärkte Digitalisierung, Erhöhung Kosten für Betrieb Notebooks.;147
22;Erziehungsdepartement;2215;Geschäftsleitung/Stabsdienste Bildung/Kindergarten, Primar- und Sekundarstufe I;;;3153.00;Informatik-Unterhalt (Hardware);12000.0;12000.0;10953.5;;;;148
22;Erziehungsdepartement;2215;Geschäftsleitung/Stabsdienste Bildung/Kindergarten, Primar- und Sekundarstufe I;;;3158.00;Unterhalt immaterielle Anlagen;94000.0;8000.0;;86000.0;1075.0;Erhöhte Wartungskosten im Rahmen der Digitalisierung HR-Prozesse Lehrpersonen.;148
22;Erziehungsdepartement;2215;Geschäftsleitung/Stabsdienste Bildung/Kindergarten, Primar- und Sekundarstufe I;;;3160.00;Mieten und Pachten Liegenschaften;1300.0;;1282.5;1300.0;;;148
22;Erziehungsdepartement;2215;Geschäftsleitung/Stabsdienste Bildung/Kindergarten, Primar- und Sekundarstufe I;;;3161.00;Mieten, Benützungskosten Anlagen;;2300.0;3233.7;-2300.0;-100.0;;148
22;Erziehungsdepartement;2215;Geschäftsleitung/Stabsdienste Bildung/Kindergarten, Primar- und Sekundarstufe I;;;3170.00;Reisekosten und Spesen;7700.0;4000.0;3949.55;3700.0;92.5;;148
22;Erziehungsdepartement;2215;Geschäftsleitung/Stabsdienste Bildung/Kindergarten, Primar- und Sekundarstufe I;;;3199.00;Übriger Betriebsaufwand;500.0;500.0;;;;;148
22;Erziehungsdepartement;2215;Geschäftsleitung/Stabsdienste Bildung/Kindergarten, Primar- und Sekundarstufe I;;;3320.00;Planmässige Abschreibungen immaterielle Anlagen;240700.0;40200.0;;200500.0;498.76;;148
22;Erziehungsdepartement;2215;Geschäftsleitung/Stabsdienste Bildung/Kindergarten, Primar- und Sekundarstufe I;;;3910.00;IV Dienstleistungen;7600.0;5000.0;7530.0;2600.0;52.0;;148
22;Erziehungsdepartement;2215;Geschäftsleitung/Stabsdienste Bildung/Kindergarten, Primar- und Sekundarstufe I;;;4210.00;Gebühren für Amtshandlungen;-6600.0;-6600.0;-6500.0;;;;148
22;Erziehungsdepartement;2215;Geschäftsleitung/Stabsdienste Bildung/Kindergarten, Primar- und Sekundarstufe I;;;4240.00;Benützungsgebühren und Dienstleistungen;-15000.0;-14000.0;-19618.8;-1000.0;7.14;;148
22;Erziehungsdepartement;2215;Geschäftsleitung/Stabsdienste Bildung/Kindergarten, Primar- und Sekundarstufe I;;;4309.00;Übrige betriebliche Erträge;-600.0;-600.0;-286.65;;;;148
22;Erziehungsdepartement;2215;Geschäftsleitung/Stabsdienste Bildung/Kindergarten, Primar- und Sekundarstufe I;;;4612.10;Entschädigungen von innerkantonalen Gemeinden und Gemeindezweckverbänden;-190000.0;-180000.0;-189264.0;-10000.0;5.56;;148
22;Erziehungsdepartement;2217;Verschiedene Finanzierungen und allgemeine Projekte K+P+S;;;3000.10;Sitzungsgelder Kommissionen;35800.0;39000.0;13800.0;-3200.0;-8.21;;148
22;Erziehungsdepartement;2217;Verschiedene Finanzierungen und allgemeine Projekte K+P+S;;;3010.00;Löhne des Verwaltungs- und Betriebspersonals;193600.0;42500.0;198706.3;151100.0;355.53;«Ready for teaching» (EPR0083-1).;148
22;Erziehungsdepartement;2217;Verschiedene Finanzierungen und allgemeine Projekte K+P+S;;;3020.00;Löhne der Lehrpersonen;282800.0;265200.0;158815.9;17600.0;6.64;;148
22;Erziehungsdepartement;2217;Verschiedene Finanzierungen und allgemeine Projekte K+P+S;;;3050.00;AG-Beiträge AHV, IV, EO, ALV, Verwaltungskosten;33300.0;22600.0;13827.45;10700.0;47.35;;148
22;Erziehungsdepartement;2217;Verschiedene Finanzierungen und allgemeine Projekte K+P+S;;;3052.00;AG-Beiträge an Pensionskassen;63700.0;41100.0;15837.7;22600.0;54.99;;148
22;Erziehungsdepartement;2217;Verschiedene Finanzierungen und allgemeine Projekte K+P+S;;;3053.00;AG-Beiträge an Unfallversicherungen;2900.0;1900.0;1102.15;1000.0;52.63;;148
22;Erziehungsdepartement;2217;Verschiedene Finanzierungen und allgemeine Projekte K+P+S;;;3054.00;AG-Beiträge an Familienzulagekassen;6600.0;4600.0;2766.95;2000.0;43.48;;148
22;Erziehungsdepartement;2217;Verschiedene Finanzierungen und allgemeine Projekte K+P+S;;;3059.10;AG-Beiträge Sozialfonds;400.0;300.0;169.05;100.0;33.33;;148
22;Erziehungsdepartement;2217;Verschiedene Finanzierungen und allgemeine Projekte K+P+S;;;3090.00;Aus- und Weiterbildung des eigenen Personals;92000.0;105000.0;27701.4;-13000.0;-12.38;Geringere Kosten im Bereich «Modellschule» (EPR0056), weniger Pensionierungsseminare.;148
22;Erziehungsdepartement;2217;Verschiedene Finanzierungen und allgemeine Projekte K+P+S;;;3099.00;Übriger Personalaufwand;10000.0;10000.0;22700.4;;;;148
22;Erziehungsdepartement;2217;Verschiedene Finanzierungen und allgemeine Projekte K+P+S;;;3100.00;Büromaterial;4500.0;5000.0;176.85;-500.0;-10.0;;148
22;Erziehungsdepartement;2217;Verschiedene Finanzierungen und allgemeine Projekte K+P+S;;;3102.00;Drucksachen, Publikationen;11000.0;11000.0;3831.8;;;;148
22;Erziehungsdepartement;2217;Verschiedene Finanzierungen und allgemeine Projekte K+P+S;;;3103.00;Fachliteratur, Zeitschriften;1000.0;1000.0;711.9;;;;148
22;Erziehungsdepartement;2217;Verschiedene Finanzierungen und allgemeine Projekte K+P+S;;;3104.00;Lehrmittel;11200.0;11200.0;5912.65;;;;148
22;Erziehungsdepartement;2217;Verschiedene Finanzierungen und allgemeine Projekte K+P+S;;;3113.00;Hardware;3000.0;3000.0;1602.72;;;;148
22;Erziehungsdepartement;2217;Verschiedene Finanzierungen und allgemeine Projekte K+P+S;;;3118.00;Immaterielle Anlagen;12600.0;12600.0;16560.92;;;;149
22;Erziehungsdepartement;2217;Verschiedene Finanzierungen und allgemeine Projekte K+P+S;;;3130.00;Dienstleistungen Dritter;441000.0;470500.0;217546.67;-29500.0;-6.27;In 2026 keine Kantonaltagung Lehrerkonferenz. Geringere Kosten im Bereich «Modellschule» (EPR0056).;149
22;Erziehungsdepartement;2217;Verschiedene Finanzierungen und allgemeine Projekte K+P+S;;;3133.00;Informatik-Nutzungsaufwand;;;99694.09;;;;149
22;Erziehungsdepartement;2217;Verschiedene Finanzierungen und allgemeine Projekte K+P+S;;;3158.00;Unterhalt immaterielle Anlagen;160000.0;205000.0;;-45000.0;-21.95;Wartungskosten: Feedbackinstrument (IQES), Scolaris, Cloud-Leistungen und Nextage Wochenbrief.;149
22;Erziehungsdepartement;2217;Verschiedene Finanzierungen und allgemeine Projekte K+P+S;;;3160.00;Mieten und Pachten Liegenschaften;3000.0;3800.0;;-800.0;-21.05;;149
22;Erziehungsdepartement;2217;Verschiedene Finanzierungen und allgemeine Projekte K+P+S;;;3170.00;Reisekosten und Spesen;7000.0;7000.0;1046.6;;;;149
22;Erziehungsdepartement;2217;Verschiedene Finanzierungen und allgemeine Projekte K+P+S;;;3614.00;Entschädigungen an öffentliche Unternehmungen;415400.0;470000.0;21020.0;-54600.0;-11.62;Evaluation 1. Zyklus läuft Ende 2025 aus.;149
22;Erziehungsdepartement;2217;Verschiedene Finanzierungen und allgemeine Projekte K+P+S;;;3631.00;Beiträge an Kantone und Konkordate;11000.0;11000.0;10300.0;;;;149
22;Erziehungsdepartement;2217;Verschiedene Finanzierungen und allgemeine Projekte K+P+S;;;3636.00;Beiträge an private Organisationen ohne Erwerbszweck;5000.0;5000.0;39190.15;;;;149
22;Erziehungsdepartement;2217;Verschiedene Finanzierungen und allgemeine Projekte K+P+S;;;4250.00;Verkäufe;-2000.0;-2000.0;-11696.6;;;;149
22;Erziehungsdepartement;2217;Verschiedene Finanzierungen und allgemeine Projekte K+P+S;;;4309.00;Übrige betriebliche Erträge;-1000.0;-1000.0;-10000.0;;;;149
22;Erziehungsdepartement;2217;Verschiedene Finanzierungen und allgemeine Projekte K+P+S;;;4612.00;Entschädigungen von Gemeinden und Gemeindezweckverbänden;-33000.0;-33000.0;-2056.15;;;;149
22;Erziehungsdepartement;2217;Verschiedene Finanzierungen und allgemeine Projekte K+P+S;;;4630.00;Beiträge vom Bund;;;-25350.0;;;;149
22;Erziehungsdepartement;2217;Verschiedene Finanzierungen und allgemeine Projekte K+P+S;;;4980.00;Übertragungen;;;-35000.0;;;;149
22;Erziehungsdepartement;2218;Schultherapien;;;3020.00;Löhne der Lehrpersonen;3415200.0;3329500.0;2951359.7;85700.0;2.57;Steigende Schülerinnen- und Schülerzahlen sowie mehr Altersentlastung.;149
22;Erziehungsdepartement;2218;Schultherapien;;;3020.95;Rückerstattungen Taggelder UV, EO, MSE, MV, IV für Lehrpersonen;;-10000.0;-30542.6;10000.0;-100.0;;149
22;Erziehungsdepartement;2218;Schultherapien;;;3050.00;AG-Beiträge AHV, IV, EO, ALV, Verwaltungskosten;222000.0;216400.0;185242.5;5600.0;2.59;;149
22;Erziehungsdepartement;2218;Schultherapien;;;3052.00;AG-Beiträge an Pensionskassen;456300.0;444500.0;393806.9;11800.0;2.65;;149
22;Erziehungsdepartement;2218;Schultherapien;;;3053.00;AG-Beiträge an Unfallversicherungen;20500.0;18000.0;15525.9;2500.0;13.89;;149
22;Erziehungsdepartement;2218;Schultherapien;;;3054.00;AG-Beiträge an Familienzulagekassen;44400.0;43300.0;37403.05;1100.0;2.54;;149
22;Erziehungsdepartement;2218;Schultherapien;;;3059.10;AG-Beiträge Sozialfonds;2700.0;2600.0;2171.25;100.0;3.85;;149
22;Erziehungsdepartement;2218;Schultherapien;;;3090.00;Aus- und Weiterbildung des eigenen Personals;30000.0;30000.0;13739.35;;;;149
22;Erziehungsdepartement;2218;Schultherapien;;;3091.00;Personalwerbung;3000.0;3000.0;1190.5;;;;149
22;Erziehungsdepartement;2218;Schultherapien;;;3099.00;Übriger Personalaufwand;5000.0;4600.0;4717.25;400.0;8.7;;149
22;Erziehungsdepartement;2218;Schultherapien;;;3100.00;Büromaterial;1500.0;1500.0;868.0;;;;150
22;Erziehungsdepartement;2218;Schultherapien;;;3103.00;Fachliteratur, Zeitschriften;200.0;200.0;69.0;;;;150
22;Erziehungsdepartement;2218;Schultherapien;;;3104.00;Lehrmittel;61000.0;82900.0;48512.05;-21900.0;-26.42;Einrichtung zusätzlicher Psychomotorikraum im Kreuzgutschulhaus ist im 2025 erfolgt.;150
22;Erziehungsdepartement;2218;Schultherapien;;;3106.00;Medizinisches Material;;200.0;51.75;-200.0;-100.0;;150
22;Erziehungsdepartement;2218;Schultherapien;;;3113.00;Hardware;50000.0;9000.0;8241.25;41000.0;455.56;Notwendiger Ersatz von 40 Laptops für das Therapiepersonal.;150
22;Erziehungsdepartement;2218;Schultherapien;;;3118.00;Immaterielle Anlagen;3000.0;3000.0;2749.8;;;;150
22;Erziehungsdepartement;2218;Schultherapien;;;3130.00;Dienstleistungen Dritter;82000.0;72000.0;54208.27;10000.0;13.89;;150
22;Erziehungsdepartement;2218;Schultherapien;;;3133.00;Informatik-Nutzungsaufwand;800.0;800.0;15.0;;;;150
22;Erziehungsdepartement;2218;Schultherapien;;;3170.00;Reisekosten und Spesen;4000.0;4500.0;2198.9;-500.0;-11.11;;150
22;Erziehungsdepartement;2219;Aufsicht Sonderschulung und Therapien;;;3010.00;Löhne des Verwaltungs- und Betriebspersonals;463400.0;485600.0;390717.8;-22200.0;-4.57;Veränderung der Altersstruktur des Teams.;150
22;Erziehungsdepartement;2219;Aufsicht Sonderschulung und Therapien;;;3050.00;AG-Beiträge AHV, IV, EO, ALV, Verwaltungskosten;30100.0;31600.0;25408.6;-1500.0;-4.75;;150
22;Erziehungsdepartement;2219;Aufsicht Sonderschulung und Therapien;;;3052.00;AG-Beiträge an Pensionskassen;61900.0;64800.0;61762.4;-2900.0;-4.48;;150
22;Erziehungsdepartement;2219;Aufsicht Sonderschulung und Therapien;;;3053.00;AG-Beiträge an Unfallversicherungen;2700.0;2600.0;2116.9;100.0;3.85;;150
22;Erziehungsdepartement;2219;Aufsicht Sonderschulung und Therapien;;;3054.00;AG-Beiträge an Familienzulagekassen;6000.0;6300.0;5080.0;-300.0;-4.76;;150
22;Erziehungsdepartement;2219;Aufsicht Sonderschulung und Therapien;;;3059.10;AG-Beiträge Sozialfonds;400.0;400.0;312.4;;;;150
22;Erziehungsdepartement;2219;Aufsicht Sonderschulung und Therapien;;;3090.00;Aus- und Weiterbildung des eigenen Personals;;;100.0;;;;150
22;Erziehungsdepartement;2219;Aufsicht Sonderschulung und Therapien;;;3091.00;Personalwerbung;;;1012.65;;;;150
22;Erziehungsdepartement;2219;Aufsicht Sonderschulung und Therapien;;;3099.00;Übriger Personalaufwand;500.0;1000.0;400.0;-500.0;-50.0;;150
22;Erziehungsdepartement;2219;Aufsicht Sonderschulung und Therapien;;;3103.00;Fachliteratur, Zeitschriften;200.0;200.0;25.5;;;;150
22;Erziehungsdepartement;2219;Aufsicht Sonderschulung und Therapien;;;3113.00;Hardware;2000.0;1000.0;3070.5;1000.0;100.0;;150
22;Erziehungsdepartement;2219;Aufsicht Sonderschulung und Therapien;;;3118.00;Immaterielle Anlagen;10500.0;500.0;1546.8;10000.0;2000.0;Zusätzliche Entwicklungskosten CMI Schülerinnen- und Schülerdatenbank.;150
22;Erziehungsdepartement;2219;Aufsicht Sonderschulung und Therapien;;;3130.00;Dienstleistungen Dritter;25200.0;25200.0;299.9;;;;150
22;Erziehungsdepartement;2219;Aufsicht Sonderschulung und Therapien;;;3133.00;Informatik-Nutzungsaufwand;17800.0;18100.0;10510.65;-300.0;-1.66;;150
22;Erziehungsdepartement;2219;Aufsicht Sonderschulung und Therapien;;;3158.00;Unterhalt immaterielle Anlagen;20000.0;15000.0;;5000.0;33.33;;150
22;Erziehungsdepartement;2219;Aufsicht Sonderschulung und Therapien;;;3161.00;Mieten, Benützungskosten Anlagen;;;1442.6;;;;150
22;Erziehungsdepartement;2219;Aufsicht Sonderschulung und Therapien;;;3170.00;Reisekosten und Spesen;2000.0;2000.0;965.15;;;;150
22;Erziehungsdepartement;2221;Aufsicht, Schulentwicklung;;;3010.00;Löhne des Verwaltungs- und Betriebspersonals;1258800.0;1231500.0;1116210.0;27300.0;2.22;;151
22;Erziehungsdepartement;2221;Aufsicht, Schulentwicklung;;;3010.95;Rückerstattungen Taggelder UV, EO, MSE, MV, IV für Verwaltungs- und Betriebspersonal;;-1000.0;;1000.0;-100.0;;151
22;Erziehungsdepartement;2221;Aufsicht, Schulentwicklung;;;3050.00;AG-Beiträge AHV, IV, EO, ALV, Verwaltungskosten;81800.0;80100.0;71695.2;1700.0;2.12;;151
22;Erziehungsdepartement;2221;Aufsicht, Schulentwicklung;;;3052.00;AG-Beiträge an Pensionskassen;168200.0;164400.0;167449.2;3800.0;2.31;;151
22;Erziehungsdepartement;2221;Aufsicht, Schulentwicklung;;;3053.00;AG-Beiträge an Unfallversicherungen;7400.0;6600.0;5597.75;800.0;12.12;;151
22;Erziehungsdepartement;2221;Aufsicht, Schulentwicklung;;;3054.00;AG-Beiträge an Familienzulagekassen;16300.0;16000.0;14563.35;300.0;1.88;;151
22;Erziehungsdepartement;2221;Aufsicht, Schulentwicklung;;;3059.10;AG-Beiträge Sozialfonds;1000.0;1000.0;814.4;;;;151
22;Erziehungsdepartement;2221;Aufsicht, Schulentwicklung;;;3090.00;Aus- und Weiterbildung des eigenen Personals;;;634.35;;;;151
22;Erziehungsdepartement;2221;Aufsicht, Schulentwicklung;;;3091.00;Personalwerbung;500.0;500.0;;;;;151
22;Erziehungsdepartement;2221;Aufsicht, Schulentwicklung;;;3099.00;Übriger Personalaufwand;500.0;500.0;1120.0;;;;151
22;Erziehungsdepartement;2221;Aufsicht, Schulentwicklung;;;3100.00;Büromaterial;;;179.0;;;;151
22;Erziehungsdepartement;2221;Aufsicht, Schulentwicklung;;;3104.00;Lehrmittel;2000.0;;;2000.0;;;151
22;Erziehungsdepartement;2221;Aufsicht, Schulentwicklung;;;3113.00;Hardware;3000.0;5000.0;288.0;-2000.0;-40.0;;151
22;Erziehungsdepartement;2221;Aufsicht, Schulentwicklung;;;3130.00;Dienstleistungen Dritter;10000.0;10000.0;2349.9;;;;151
22;Erziehungsdepartement;2221;Aufsicht, Schulentwicklung;;;3133.00;Informatik-Nutzungsaufwand;148700.0;141000.0;126256.2;7700.0;5.46;;151
22;Erziehungsdepartement;2221;Aufsicht, Schulentwicklung;;;3160.00;Mieten und Pachten Liegenschaften;;;1135.0;;;;151
22;Erziehungsdepartement;2221;Aufsicht, Schulentwicklung;;;3161.00;Mieten, Benützungskosten Anlagen;1500.0;500.0;3391.0;1000.0;200.0;;151
22;Erziehungsdepartement;2221;Aufsicht, Schulentwicklung;;;3170.00;Reisekosten und Spesen;20000.0;25000.0;17049.49;-5000.0;-20.0;;151
22;Erziehungsdepartement;2224;Schulische Abklärung und Beratung;;;3010.00;Löhne des Verwaltungs- und Betriebspersonals;1179900.0;1041800.0;959226.2;138100.0;13.26;Besetzung Vakanzen und zusätzliche befristete Stellen aufgrund höherer Schülerinnen- und Schülerzahlen.;151
22;Erziehungsdepartement;2224;Schulische Abklärung und Beratung;;;3050.00;AG-Beiträge AHV, IV, EO, ALV, Verwaltungskosten;76600.0;67800.0;59223.8;8800.0;12.98;;151
22;Erziehungsdepartement;2224;Schulische Abklärung und Beratung;;;3052.00;AG-Beiträge an Pensionskassen;157600.0;139100.0;147110.85;18500.0;13.3;;151
22;Erziehungsdepartement;2224;Schulische Abklärung und Beratung;;;3053.00;AG-Beiträge an Unfallversicherungen;6800.0;5600.0;5150.85;1200.0;21.43;;151
22;Erziehungsdepartement;2224;Schulische Abklärung und Beratung;;;3054.00;AG-Beiträge an Familienzulagekassen;15300.0;13600.0;12124.1;1700.0;12.5;;151
22;Erziehungsdepartement;2224;Schulische Abklärung und Beratung;;;3059.10;AG-Beiträge Sozialfonds;900.0;800.0;644.0;100.0;12.5;;151
22;Erziehungsdepartement;2224;Schulische Abklärung und Beratung;;;3091.00;Personalwerbung;1000.0;1000.0;3300.9;;;;151
22;Erziehungsdepartement;2224;Schulische Abklärung und Beratung;;;3099.00;Übriger Personalaufwand;1700.0;1200.0;1740.69;500.0;41.67;;151
22;Erziehungsdepartement;2224;Schulische Abklärung und Beratung;;;3100.00;Büromaterial;5500.0;5500.0;3525.83;;;;151
22;Erziehungsdepartement;2224;Schulische Abklärung und Beratung;;;3102.00;Drucksachen, Publikationen;700.0;700.0;;;;;152
22;Erziehungsdepartement;2224;Schulische Abklärung und Beratung;;;3103.00;Fachliteratur, Zeitschriften;1000.0;1000.0;615.4;;;;152
22;Erziehungsdepartement;2224;Schulische Abklärung und Beratung;;;3104.00;Lehrmittel;23000.0;20500.0;22002.66;2500.0;12.2;;152
22;Erziehungsdepartement;2224;Schulische Abklärung und Beratung;;;3113.00;Hardware;700.0;500.0;248.7;200.0;40.0;;152
22;Erziehungsdepartement;2224;Schulische Abklärung und Beratung;;;3130.00;Dienstleistungen Dritter;35000.0;35000.0;28227.15;;;;152
22;Erziehungsdepartement;2224;Schulische Abklärung und Beratung;;;3133.00;Informatik-Nutzungsaufwand;61500.0;45600.0;40041.8;15900.0;34.87;ITSH Informatikbudget (neu inkl. IT- Support, externe Supports, Gerätemiete).;152
22;Erziehungsdepartement;2224;Schulische Abklärung und Beratung;;;3158.00;Unterhalt immaterielle Anlagen;;3200.0;;-3200.0;-100.0;;152
22;Erziehungsdepartement;2224;Schulische Abklärung und Beratung;;;3160.00;Mieten und Pachten Liegenschaften;600.0;500.0;320.0;100.0;20.0;;152
22;Erziehungsdepartement;2224;Schulische Abklärung und Beratung;;;3161.00;Mieten, Benützungskosten Anlagen;;5700.0;6491.05;-5700.0;-100.0;;152
22;Erziehungsdepartement;2224;Schulische Abklärung und Beratung;;;3170.00;Reisekosten und Spesen;7000.0;7000.0;3498.2;;;;152
22;Erziehungsdepartement;2232;Kindergärten;;;3020.00;Löhne der Lehrpersonen;14560300.0;14056000.0;14135877.4;504300.0;3.59;Steigende Schülerinnen- und Schülerzahlen, Mitfinanzierung Schulleitungen voraussichtlich ab 1. August 2026.;152
22;Erziehungsdepartement;2232;Kindergärten;;;3020.95;Rückerstattungen Taggelder UV, EO, MSE, MV, IV für Lehrpersonen;;-60000.0;-127028.1;60000.0;-100.0;;152
22;Erziehungsdepartement;2232;Kindergärten;;;3050.00;AG-Beiträge AHV, IV, EO, ALV, Verwaltungskosten;946400.0;913700.0;908911.9;32700.0;3.58;;152
22;Erziehungsdepartement;2232;Kindergärten;;;3052.00;AG-Beiträge an Pensionskassen;1945300.0;1876600.0;1883534.95;68700.0;3.66;;152
22;Erziehungsdepartement;2232;Kindergärten;;;3053.00;AG-Beiträge an Unfallversicherungen;87100.0;75900.0;74499.0;11200.0;14.76;;152
22;Erziehungsdepartement;2232;Kindergärten;;;3054.00;AG-Beiträge an Familienzulagekassen;189300.0;182800.0;182247.55;6500.0;3.56;;152
22;Erziehungsdepartement;2232;Kindergärten;;;3059.10;AG-Beiträge Sozialfonds;11700.0;11200.0;11029.35;500.0;4.46;;152
22;Erziehungsdepartement;2232;Kindergärten;;;3064.00;Überbrückungsrenten;23900.0;19000.0;22055.35;4900.0;25.79;;152
22;Erziehungsdepartement;2232;Kindergärten;;;3614.00;Entschädigungen an öffentliche Unternehmungen;;1000.0;;-1000.0;-100.0;;152
22;Erziehungsdepartement;2232;Kindergärten;;;4612.00;Entschädigungen von Gemeinden und Gemeindezweckverbänden;-10188300.0;-9923200.0;-10169683.15;-265100.0;2.67;Aufgrund der Anpassungen im Konto 2232.3020.00 verändert sich proportional auch die Entschädigung von Gemeinden und Gemeindezweckverbänden.;152
22;Erziehungsdepartement;2234;Primarschulen;;;3020.00;Löhne der Lehrpersonen;52347900.0;47385400.0;48665716.35;4962500.0;10.47;Steigende Schülerinnen- und Schülerzahlen, Mitfinanzierung Schulleitungen voraussichtlich ab 1. August 2026.;153
22;Erziehungsdepartement;2234;Primarschulen;;;3020.95;Rückerstattungen Taggelder UV, EO, MSE, MV, IV für Lehrpersonen;-400000.0;-400000.0;-306713.5;;;;153
22;Erziehungsdepartement;2234;Primarschulen;;;3050.00;AG-Beiträge AHV, IV, EO, ALV, Verwaltungskosten;3402800.0;3080000.0;3131490.95;322800.0;10.48;;153
22;Erziehungsdepartement;2234;Primarschulen;;;3052.00;AG-Beiträge an Pensionskassen;6994000.0;6326600.0;5951261.95;667400.0;10.55;;153
22;Erziehungsdepartement;2234;Primarschulen;;;3053.00;AG-Beiträge an Unfallversicherungen;314700.0;255900.0;259930.2;58800.0;22.98;;153
22;Erziehungsdepartement;2234;Primarschulen;;;3054.00;AG-Beiträge an Familienzulagekassen;680600.0;616000.0;627913.05;64600.0;10.49;;153
22;Erziehungsdepartement;2234;Primarschulen;;;3059.10;AG-Beiträge Sozialfonds;41900.0;37900.0;37992.3;4000.0;10.55;;153
22;Erziehungsdepartement;2234;Primarschulen;;;3064.00;Überbrückungsrenten;217200.0;139000.0;184433.85;78200.0;56.26;;153
22;Erziehungsdepartement;2234;Primarschulen;;;3170.00;Reisekosten und Spesen;;;747.65;;;;153
22;Erziehungsdepartement;2234;Primarschulen;;;3614.00;Entschädigungen an öffentliche Unternehmungen;;2500.0;;-2500.0;-100.0;;153
22;Erziehungsdepartement;2234;Primarschulen;;;4612.00;Entschädigungen von Gemeinden und Gemeindezweckverbänden;-36635500.0;-33149700.0;-35326763.6;-3485800.0;10.52;Aufgrund der Anpassungen im Konto 2234.3020.00 verändert sich proportional auch die Entschädigung von Gemeinden und Gemeindezweckverbänden.;153
22;Erziehungsdepartement;2238;Sekundarstufe I;;;3020.00;Löhne der Lehrpersonen;30262400.0;27450600.0;28230578.6;2811800.0;10.24;Steigende Schülerinnen- und Schülerzahlen, Mitfinanzierung der Löhne der Schulleitungen voraussichtlich ab 1. August 2026.;153
22;Erziehungsdepartement;2238;Sekundarstufe I;;;3020.95;Rückerstattungen Taggelder UV, EO, MSE, MV, IV für Lehrpersonen;;-135000.0;-152668.05;135000.0;-100.0;;153
22;Erziehungsdepartement;2238;Sekundarstufe I;;;3050.00;AG-Beiträge AHV, IV, EO, ALV, Verwaltungskosten;1967000.0;1784300.0;1820778.05;182700.0;10.24;;153
22;Erziehungsdepartement;2238;Sekundarstufe I;;;3052.00;AG-Beiträge an Pensionskassen;4043000.0;3664900.0;3723741.95;378100.0;10.32;;153
22;Erziehungsdepartement;2238;Sekundarstufe I;;;3053.00;AG-Beiträge an Unfallversicherungen;180700.0;148300.0;151070.15;32400.0;21.85;;153
22;Erziehungsdepartement;2238;Sekundarstufe I;;;3054.00;AG-Beiträge an Familienzulagekassen;393400.0;356800.0;364832.05;36600.0;10.26;;153
22;Erziehungsdepartement;2238;Sekundarstufe I;;;3059.10;AG-Beiträge Sozialfonds;24200.0;22000.0;22168.9;2200.0;10.0;;153
22;Erziehungsdepartement;2238;Sekundarstufe I;;;3064.00;Überbrückungsrenten;109000.0;49000.0;94027.2;60000.0;122.45;;153
22;Erziehungsdepartement;2238;Sekundarstufe I;;;3614.00;Entschädigungen an öffentliche Unternehmungen;;2000.0;;-2000.0;-100.0;;153
22;Erziehungsdepartement;2238;Sekundarstufe I;;;4612.00;Entschädigungen von Gemeinden und Gemeindezweckverbänden;-21178900.0;-19311400.0;-20505870.65;-1867500.0;9.67;Aufgrund der Anpassungen im Konto 2238.3020.00 verändert sich proportional auch die Entschädigung von Gemeinden und Gemeindezweckverbänden.;154
22;Erziehungsdepartement;2249;Sonderschulung;;;;;;;;;;Stark steigende Schülerinnen- und Schülerzahlen im Bereich Sonderschulung. Die Verbuchung in den Aufwandkonten erfolgt je nach Rechtsform der Institution (öffentlich oder privat).;154
22;Erziehungsdepartement;2249;Sonderschulung;;;3130.00;Dienstleistungen Dritter;140000.0;140000.0;107499.35;;;;154
22;Erziehungsdepartement;2249;Sonderschulung;;;3130.10;Entschädigungen an private Sonderschulen;3604000.0;6275000.0;6297414.83;-2671000.0;-42.57;Wegfall zweier Leistungsvereinbarungen mit dem Verein Friedeck (Angebotsaufgabe).;154
22;Erziehungsdepartement;2249;Sonderschulung;;;3181.00;Tatsächliche Forderungsverluste;2000.0;2200.0;760.0;-200.0;-9.09;;154
22;Erziehungsdepartement;2249;Sonderschulung;;;3614.00;Entschädigungen an öffentliche Unternehmungen;32094600.0;20697500.0;24858686.55;11397100.0;55.07;Neue Leistungsvereinbarung ab 2026 mit den Schaffhauser Sonderschulen mit Anpassungen an die höheren Schülerinnen- und Schülerzahlen (inkl. Sonderschülerinnen und Sonderschüler des Vereins Friedeck). Zunahme von inner- und ausserkantonalen Spitalschulungen sowie Anpassung der Schulgelder in öffentlichen Unternehmungen.;154
22;Erziehungsdepartement;2249;Sonderschulung;;;4260.00;Rückerstattungen und Kostenbeteiligungen Dritter;-37000.0;-40000.0;-39550.0;3000.0;-7.5;;154
22;Erziehungsdepartement;2249;Sonderschulung;;;4612.10;Entschädigungen von innerkantonalen Gemeinden und Gemeindezweckverbänden;-8750000.0;-7630000.0;-7618787.15;-1120000.0;14.68;Leicht tieferer Gemeindebeitrag im Schuljahr 2025/2026, aber mehr Sonderschulungen.;154
22;Erziehungsdepartement;2250;Musikschulen;;;3636.00;Beiträge an private Organisationen ohne Erwerbszweck;1100000.0;1100000.0;1038137.78;;;;154
22;Erziehungsdepartement;2251;Staatsbeiträge an die Zahnbehandlungen;;;3637.00;Beiträge an private Haushalte;50000.0;60000.0;36907.7;-10000.0;-16.67;Anpassung Budgetposition aufgrund von Erfahrungswerten der letzten Jahre.;154
22;Erziehungsdepartement;2255;Schulzahnklinik;;;3010.00;Löhne des Verwaltungs- und Betriebspersonals;1685400.0;1772500.0;1746006.0;-87100.0;-4.91;;155
22;Erziehungsdepartement;2255;Schulzahnklinik;;;3010.95;Rückerstattungen Taggelder UV, EO, MSE, MV, IV für Verwaltungs- und Betriebspersonal;;;-16212.15;;;;155
22;Erziehungsdepartement;2255;Schulzahnklinik;;;3049.00;Übrige Zulagen;;;9860.0;;;;155
22;Erziehungsdepartement;2255;Schulzahnklinik;;;3050.00;AG-Beiträge AHV, IV, EO, ALV, Verwaltungskosten;109500.0;115200.0;112527.65;-5700.0;-4.95;;155
22;Erziehungsdepartement;2255;Schulzahnklinik;;;3052.00;AG-Beiträge an Pensionskassen;225200.0;236700.0;220464.4;-11500.0;-4.86;;155
22;Erziehungsdepartement;2255;Schulzahnklinik;;;3053.00;AG-Beiträge an Unfallversicherungen;10200.0;9600.0;9358.95;600.0;6.25;;155
22;Erziehungsdepartement;2255;Schulzahnklinik;;;3054.00;AG-Beiträge an Familienzulagekassen;21900.0;23000.0;22513.55;-1100.0;-4.78;;155
22;Erziehungsdepartement;2255;Schulzahnklinik;;;3059.10;AG-Beiträge Sozialfonds;1300.0;1400.0;1380.7;-100.0;-7.14;;155
22;Erziehungsdepartement;2255;Schulzahnklinik;;;3090.00;Aus- und Weiterbildung des eigenen Personals;34200.0;30900.0;25857.86;3300.0;10.68;Nothelferkurs muss für das gesamte Team alle zwei Jahre erneuert werden.;155
22;Erziehungsdepartement;2255;Schulzahnklinik;;;3091.00;Personalwerbung;;1000.0;;-1000.0;-100.0;;155
22;Erziehungsdepartement;2255;Schulzahnklinik;;;3099.00;Übriger Personalaufwand;2400.0;2500.0;3703.0;-100.0;-4.0;;155
22;Erziehungsdepartement;2255;Schulzahnklinik;;;3100.00;Büromaterial;8000.0;8000.0;6827.02;;;;155
22;Erziehungsdepartement;2255;Schulzahnklinik;;;3102.00;Drucksachen, Publikationen;1500.0;1500.0;;;;;155
22;Erziehungsdepartement;2255;Schulzahnklinik;;;3103.00;Fachliteratur, Zeitschriften;2500.0;2500.0;2677.26;;;;155
22;Erziehungsdepartement;2255;Schulzahnklinik;;;3106.00;Medizinisches Material;230000.0;210000.0;281556.49;20000.0;9.52;Berücksichtigung der Bestandesveränderung am Jahresende.;155
22;Erziehungsdepartement;2255;Schulzahnklinik;;;3110.00;Büromöbel und -geräte;500.0;;;500.0;;;155
22;Erziehungsdepartement;2255;Schulzahnklinik;;;3111.00;Maschinen, Geräte und Fahrzeuge;;;2340.0;;;;155
22;Erziehungsdepartement;2255;Schulzahnklinik;;;3113.00;Hardware;2500.0;;774.0;2500.0;;;155
22;Erziehungsdepartement;2255;Schulzahnklinik;;;3116.00;Medizinische Geräte;60000.0;120000.0;70925.64;-60000.0;-50.0;Keine Behandlungseinheit mehr budgetiert.;155
22;Erziehungsdepartement;2255;Schulzahnklinik;;;3118.00;Immaterielle Anlagen;;25000.0;;-25000.0;-100.0;Projekt «Software Update» abgeschlossen.;155
22;Erziehungsdepartement;2255;Schulzahnklinik;;;3120.00;Ver- und Entsorgung Liegenschaften VV;10600.0;8300.0;5606.35;2300.0;27.71;;155
22;Erziehungsdepartement;2255;Schulzahnklinik;;;3130.00;Dienstleistungen Dritter;322500.0;345000.0;339047.95;-22500.0;-6.52;Aufgrund personeller Veränderungen im Bereich der Kieferorthopädie wurde das Budget für Laboraufträge entsprechend reduziert.;155
22;Erziehungsdepartement;2255;Schulzahnklinik;;;3133.00;Informatik-Nutzungsaufwand;107200.0;94600.0;83461.5;12600.0;13.32;Mietkosten laufen nicht mehr über Konto Mieten, Benutzungskosten Konto 3161.00.;156
22;Erziehungsdepartement;2255;Schulzahnklinik;;;3134.00;Sachversicherungsprämien;500.0;500.0;178.2;;;;156
22;Erziehungsdepartement;2255;Schulzahnklinik;;;3137.00;Steuern und Abgaben;2000.0;2500.0;1726.81;-500.0;-20.0;;156
22;Erziehungsdepartement;2255;Schulzahnklinik;;;3151.00;Unterhalt Maschinen, Geräte, Fahrzeuge;4000.0;5000.0;235.06;-1000.0;-20.0;;156
22;Erziehungsdepartement;2255;Schulzahnklinik;;;3153.00;Informatik-Unterhalt (Hardware);1900.0;1900.0;1989.05;;;;156
22;Erziehungsdepartement;2255;Schulzahnklinik;;;3156.00;Unterhalt medizinische Geräte;35000.0;35000.0;39337.75;;;;156
22;Erziehungsdepartement;2255;Schulzahnklinik;;;3158.00;Unterhalt immaterielle Anlagen;24000.0;24000.0;20947.25;;;;156
22;Erziehungsdepartement;2255;Schulzahnklinik;;;3161.00;Mieten, Benützungskosten Anlagen;;10100.0;10032.2;-10100.0;-100.0;Mietkosten laufen neu über Konto Informatik Nutzungsaufwand 3133.00.;156
22;Erziehungsdepartement;2255;Schulzahnklinik;;;3170.00;Reisekosten und Spesen;10000.0;10000.0;8798.95;;;;156
22;Erziehungsdepartement;2255;Schulzahnklinik;;;3181.00;Tatsächliche Forderungsverluste;13000.0;15000.0;9898.0;-2000.0;-13.33;;156
22;Erziehungsdepartement;2255;Schulzahnklinik;;;3192.00;Abgeltung von Rechten;200.0;200.0;11855.54;;;;156
22;Erziehungsdepartement;2255;Schulzahnklinik;;;3610.00;Entschädigungen an Bund;;;1697.28;;;;156
22;Erziehungsdepartement;2255;Schulzahnklinik;;;3910.00;IV Dienstleistungen;4000.0;4000.0;2092.85;;;;156
22;Erziehungsdepartement;2255;Schulzahnklinik;;;4220.00;Taxen und Kostgelder;-2000000.0;-2000000.0;-2032650.68;;;;156
22;Erziehungsdepartement;2255;Schulzahnklinik;;;4250.00;Verkäufe;-80000.0;-90000.0;-74302.32;10000.0;-11.11;Der Verkauf von Medizinprodukten (von Arzneimittel bis Zahnpasten) wurde bewusst reduziert.;156
22;Erziehungsdepartement;2255;Schulzahnklinik;;;4260.00;Rückerstattungen und Kostenbeteiligungen Dritter;-160000.0;-180000.0;-151233.2;20000.0;-11.11;Weniger Laborkosten, die weiterverrechnet werden müssen (vgl. Dienstleistungen Dritter 3130.00).;156
22;Erziehungsdepartement;2255;Schulzahnklinik;;;4290.00;Übrige Entgelte;;;-487.3;;;;156
22;Erziehungsdepartement;2272;Stipendien;;;3181.00;Tatsächliche Forderungsverluste;1000.0;1000.0;13971.02;;;;156
22;Erziehungsdepartement;2272;Stipendien;;;3637.20;Stipendien;3350000.0;3000000.0;3097500.0;350000.0;11.67;Mehrkosten aufgrund geplanter neuer Gesetzgebung «Stipendien-Motion» und damit verbundenen politischen Forderungen, u. a. höhere Stipendien pro Person auszuzahlen. Auf Bundesebene werden zudem höhere Höchstansätze für Stipendien empfohlen (Stipendien- Konkordat). Dem haben sämtliche Kantone zugestimmt.;156
22;Erziehungsdepartement;2272;Stipendien;;;3637.22;Ausbildungsbeiträge an Studierende HF/FH;770000.0;770000.0;;;;;157
22;Erziehungsdepartement;2272;Stipendien;;;3640.70;Wertberichtigungen Darlehen an private Haushalte;5000.0;5000.0;;;;;157
22;Erziehungsdepartement;2272;Stipendien;;;4401.00;Zinsen Forderungen und Kontokorrente;-7500.0;-7500.0;-8519.25;;;;157
22;Erziehungsdepartement;2272;Stipendien;;;4630.00;Beiträge vom Bund;-540000.0;-540000.0;-237440.0;;;;157
22;Erziehungsdepartement;2272;Stipendien;;;4637.20;Rückzahlungen von Stipendien;-20000.0;-20000.0;-21783.0;;;;157
22;Erziehungsdepartement;2273;Beiträge Hochschulen, Fachhochschulen, Gymnasien, Weiterbildung;;;3611.10;Entschädigungen an Hochschulen;7500000.0;7800000.0;7393875.0;-300000.0;-3.85;Annahme von tieferen Studierendenzahlen an ausserkantonalen Hochschulen aufgrund der Entwicklung der letzten Jahre.;157
22;Erziehungsdepartement;2273;Beiträge Hochschulen, Fachhochschulen, Gymnasien, Weiterbildung;;;3611.20;Entschädigungen an Fachhochschulen;9900000.0;10000000.0;9785638.17;-100000.0;-1.0;Annahme von tieferen Studierendenzahlen an ausserkantonalen Fachhochschulen.;157
22;Erziehungsdepartement;2273;Beiträge Hochschulen, Fachhochschulen, Gymnasien, Weiterbildung;;;3611.30;Entschädigungen an ausserkantonale Gymnasien;800000.0;900000.0;441950.0;-100000.0;-11.11;Anpassung an Rechnung 2024.;157
22;Erziehungsdepartement;2273;Beiträge Hochschulen, Fachhochschulen, Gymnasien, Weiterbildung;;;3611.40;Entschädigungen an Schulen für Hochbegabte;275000.0;300000.0;211091.75;-25000.0;-8.33;Anpassung an Rechnung 2024.;157
22;Erziehungsdepartement;2273;Beiträge Hochschulen, Fachhochschulen, Gymnasien, Weiterbildung;;;3614.00;Entschädigungen an öffentliche Unternehmungen;1800000.0;1800000.0;2217800.0;;;;157
22;Erziehungsdepartement;2273;Beiträge Hochschulen, Fachhochschulen, Gymnasien, Weiterbildung;;;3614.40;Entschädigungen an PHSH;9203300.0;6999500.0;5461000.0;2203800.0;31.49;Zusatzkredit (EPR0108-1) für die Transitionskosten der Pädagogischen Hochschule Schaffhausen (PHSH) beim Umzug ins Kammgarnareal. Zudem sieht der Rahmenkredit (EPR0108, Entschädigungen des Kantons an PHSH 2025−2028) einen höheren Globalbeitrag vor als im Vorjahr.;157
22;Erziehungsdepartement;2273;Beiträge Hochschulen, Fachhochschulen, Gymnasien, Weiterbildung;;;3631.10;Beiträge an Hochschulen;600000.0;530000.0;594100.0;70000.0;13.21;Budgetierung basierend auf den 2024 bezahlten Beiträgen an die Interkantonale Hochschule für Heilpädagogik.;157
22;Erziehungsdepartement;2273;Beiträge Hochschulen, Fachhochschulen, Gymnasien, Weiterbildung;;;3631.20;Beiträge an TG-SH Maturitätsschule für Erwachsene und AKAD ZH;202000.0;160000.0;192350.0;42000.0;26.25;Anpassung an Rechnung 2024.;157
22;Erziehungsdepartement;2273;Beiträge Hochschulen, Fachhochschulen, Gymnasien, Weiterbildung;;;3631.30;Beiträge an Höhere Fachschulen;41000.0;31000.0;32870.4;10000.0;32.26;Anpassung an Rechnung 2024, respektive bereits erhaltene Rechnung 2025.;157
22;Erziehungsdepartement;2275;Berufsbildungszentrum;;;3000.10;Sitzungsgelder Kommissionen;15000.0;15000.0;14417.8;;;;158
22;Erziehungsdepartement;2275;Berufsbildungszentrum;;;3010.00;Löhne des Verwaltungs- und Betriebspersonals;2583400.0;2340700.0;2252904.7;242700.0;10.37;Neue Kontierung: Entsprechende Reduktion auf Konto 3020.00.;158
22;Erziehungsdepartement;2275;Berufsbildungszentrum;;;3010.95;Rückerstattungen Taggelder UV, EO, MSE, MV, IV für Verwaltungs- und Betriebspersonal;;-10000.0;-15872.0;10000.0;-100.0;;158
22;Erziehungsdepartement;2275;Berufsbildungszentrum;;;3020.00;Löhne der Lehrpersonen;11080000.0;10861200.0;10496768.5;218800.0;2.01;Beschulung zusätzlicher Berufe und Klassen der beruflichen Grundbildung.;158
22;Erziehungsdepartement;2275;Berufsbildungszentrum;;;3020.95;Rückerstattungen Taggelder UV, EO, MSE, MV, IV für Lehrpersonen;-50000.0;-50000.0;-40607.45;;;;158
22;Erziehungsdepartement;2275;Berufsbildungszentrum;;;3049.00;Übrige Zulagen;40000.0;40000.0;29600.0;;;;158
22;Erziehungsdepartement;2275;Berufsbildungszentrum;;;3050.00;AG-Beiträge AHV, IV, EO, ALV, Verwaltungskosten;889100.0;859100.0;816437.6;30000.0;3.49;;158
22;Erziehungsdepartement;2275;Berufsbildungszentrum;;;3052.00;AG-Beiträge an Pensionskassen;1825400.0;1762400.0;1731413.45;63000.0;3.57;;158
22;Erziehungsdepartement;2275;Berufsbildungszentrum;;;3053.00;AG-Beiträge an Unfallversicherungen;81300.0;71400.0;65198.55;9900.0;13.87;;158
22;Erziehungsdepartement;2275;Berufsbildungszentrum;;;3054.00;AG-Beiträge an Familienzulagekassen;177800.0;171900.0;164014.05;5900.0;3.43;;158
22;Erziehungsdepartement;2275;Berufsbildungszentrum;;;3059.10;AG-Beiträge Sozialfonds;11000.0;10600.0;9813.8;400.0;3.77;;158
22;Erziehungsdepartement;2275;Berufsbildungszentrum;;;3064.00;Überbrückungsrenten;20000.0;20000.0;1056.8;;;;158
22;Erziehungsdepartement;2275;Berufsbildungszentrum;;;3090.00;Aus- und Weiterbildung des eigenen Personals;144300.0;144300.0;107497.55;;;;158
22;Erziehungsdepartement;2275;Berufsbildungszentrum;;;3091.00;Personalwerbung;20200.0;41200.0;13842.15;-21000.0;-50.97;Weniger Pensionierungen und weniger Fluktuation.;158
22;Erziehungsdepartement;2275;Berufsbildungszentrum;;;3099.00;Übriger Personalaufwand;37500.0;42000.0;37436.4;-4500.0;-10.71;;158
22;Erziehungsdepartement;2275;Berufsbildungszentrum;;;3100.00;Büromaterial;25500.0;24800.0;16526.25;700.0;2.82;;158
22;Erziehungsdepartement;2275;Berufsbildungszentrum;;;3101.00;Betriebs- und Verbrauchsmaterial;180800.0;193100.0;138068.63;-12300.0;-6.37;;158
22;Erziehungsdepartement;2275;Berufsbildungszentrum;;;3102.00;Drucksachen, Publikationen;50200.0;35700.0;28954.0;14500.0;40.62;Intensivere Vermarktung der Lehrgänge der Berufsmaturität.;158
22;Erziehungsdepartement;2275;Berufsbildungszentrum;;;3103.00;Fachliteratur, Zeitschriften;24900.0;16100.0;11001.8;8800.0;54.66;;158
22;Erziehungsdepartement;2275;Berufsbildungszentrum;;;3104.00;Lehrmittel;176700.0;154300.0;117697.88;22400.0;14.52;Mehraufwand für die Berufsreform der Industrieberufe «FutureMEM».;158
22;Erziehungsdepartement;2275;Berufsbildungszentrum;;;3105.00;Lebensmittel;716500.0;690000.0;670157.72;26500.0;3.84;Mehrumsatz in der BBZ-Gastronomie. Entsprechender Mehrertrag auf Konto 4250.00.;158
22;Erziehungsdepartement;2275;Berufsbildungszentrum;;;3106.00;Medizinisches Material;13500.0;6000.0;7823.65;7500.0;125.0;;158
22;Erziehungsdepartement;2275;Berufsbildungszentrum;;;3110.00;Büromöbel und -geräte;229200.0;140500.0;199828.55;88700.0;63.13;Höhere Aufwand infolge Erneuerung der Infrastruktur in Kombination mit der Digitalisierung und der Schulentwicklung (ERP0084 «Audiovisuelle Anlagen»).;159
22;Erziehungsdepartement;2275;Berufsbildungszentrum;;;3111.00;Maschinen, Geräte und Fahrzeuge;204400.0;197900.0;50627.49;6500.0;3.28;;159
22;Erziehungsdepartement;2275;Berufsbildungszentrum;;;3112.00;Kleider, Wäsche, Vorhänge;36000.0;33000.0;19408.95;3000.0;9.09;;159
22;Erziehungsdepartement;2275;Berufsbildungszentrum;;;3113.00;Hardware;611400.0;603800.0;127441.85;7600.0;1.26;;159
22;Erziehungsdepartement;2275;Berufsbildungszentrum;;;3115.00;Viehhabe;3000.0;3000.0;2119.5;;;;159
22;Erziehungsdepartement;2275;Berufsbildungszentrum;;;3116.00;Medizinische Geräte;;2000.0;;-2000.0;-100.0;;159
22;Erziehungsdepartement;2275;Berufsbildungszentrum;;;3118.00;Immaterielle Anlagen;249700.0;156000.0;50308.9;93700.0;60.06;Lizenzerneuerungen werden auf Konto 3118.00 und nicht auf Konto 3158.00 verbucht.;159
22;Erziehungsdepartement;2275;Berufsbildungszentrum;;;3120.00;Ver- und Entsorgung Liegenschaften VV;388000.0;364000.0;388425.05;24000.0;6.59;Anpassung aufgrund der Ergebnisse im Jahr 2024.;159
22;Erziehungsdepartement;2275;Berufsbildungszentrum;;;3130.00;Dienstleistungen Dritter;831400.0;1096400.0;352273.61;-265000.0;-24.17;Verpflichtungskredit Schulsozialarbeit (EPR0101) läuft neu über Finanzstelle 2292 (Dienststelle Familie und Jugend). Weniger Aufwand wegen Abschluss des 150-Jahre-Jubiläums.;159
22;Erziehungsdepartement;2275;Berufsbildungszentrum;;;3133.00;Informatik-Nutzungsaufwand;140300.0;41000.0;42042.7;99300.0;242.2;Multifunktionsgeräte sind auf Konto 3133.00 und nicht auf Konto 3161.00 zu verbuchen.;159
22;Erziehungsdepartement;2275;Berufsbildungszentrum;;;3134.00;Sachversicherungsprämien;1400.0;1400.0;1134.0;;;;159
22;Erziehungsdepartement;2275;Berufsbildungszentrum;;;3137.00;Steuern und Abgaben;58500.0;52300.0;53347.48;6200.0;11.85;;159
22;Erziehungsdepartement;2275;Berufsbildungszentrum;;;3150.00;Unterhalt Büromöbel und -geräte;;3000.0;;-3000.0;-100.0;;159
22;Erziehungsdepartement;2275;Berufsbildungszentrum;;;3151.00;Unterhalt Maschinen, Geräte, Fahrzeuge;47600.0;51700.0;31434.65;-4100.0;-7.93;;159
22;Erziehungsdepartement;2275;Berufsbildungszentrum;;;3153.00;Informatik-Unterhalt (Hardware);;4000.0;364.65;-4000.0;-100.0;;159
22;Erziehungsdepartement;2275;Berufsbildungszentrum;;;3158.00;Unterhalt immaterielle Anlagen;;127000.0;117589.65;-127000.0;-100.0;Lizenzerneuerungen werden auf Konto 3118.00 und nicht auf 3158.00 verbucht.;159
22;Erziehungsdepartement;2275;Berufsbildungszentrum;;;3160.00;Mieten und Pachten Liegenschaften;61000.0;65000.0;48756.0;-4000.0;-6.15;;159
22;Erziehungsdepartement;2275;Berufsbildungszentrum;;;3161.00;Mieten, Benützungskosten Anlagen;56500.0;133000.0;132847.1;-76500.0;-57.52;Multifunktionsgeräte sind auf Konto 3133.00 und nicht auf Konto 3161.00 zu verbuchen.;159
22;Erziehungsdepartement;2275;Berufsbildungszentrum;;;3170.00;Reisekosten und Spesen;28400.0;19400.0;13120.0;9000.0;46.39;;159
22;Erziehungsdepartement;2275;Berufsbildungszentrum;;;3171.00;Exkursionen, Schulreisen und Lager;204000.0;101300.0;77824.79;102700.0;101.38;Mehraufwand für die Schneesportwoche. Ensprechender Mehrertrag im Konto 4260.00.;160
22;Erziehungsdepartement;2275;Berufsbildungszentrum;;;3181.00;Tatsächliche Forderungsverluste;5000.0;8000.0;2700.05;-3000.0;-37.5;;160
22;Erziehungsdepartement;2275;Berufsbildungszentrum;;;3199.00;Übriger Betriebsaufwand;5300.0;2800.0;2588.7;2500.0;89.29;;160
22;Erziehungsdepartement;2275;Berufsbildungszentrum;;;4230.00;Schulgelder;-30000.0;-15000.0;-32800.0;-15000.0;100.0;Mehrertrag wegen höherer Anzahl Lernender in den Vorkursen der Berufsmaturität 2.;160
22;Erziehungsdepartement;2275;Berufsbildungszentrum;;;4240.00;Benützungsgebühren und Dienstleistungen;;;-331.0;;;;160
22;Erziehungsdepartement;2275;Berufsbildungszentrum;;;4250.00;Verkäufe;-1181300.0;-1160200.0;-1135999.39;-21100.0;1.82;Mehrumsatz in der BBZ-Gastronomie. Entsprechender Mehraufwand auf Konto 3105.00.;160
22;Erziehungsdepartement;2275;Berufsbildungszentrum;;;4260.00;Rückerstattungen und Kostenbeteiligungen Dritter;-128500.0;-70000.0;-83909.85;-58500.0;83.57;Mehrertrag für die Schneesportwoche. Entsprechender Mehraufwand auf Konto 3171.00.;160
22;Erziehungsdepartement;2275;Berufsbildungszentrum;;;4270.00;Bussen;;;-1692.0;;;;160
22;Erziehungsdepartement;2275;Berufsbildungszentrum;;;4290.00;Übrige Entgelte;;;-12.2;;;;160
22;Erziehungsdepartement;2275;Berufsbildungszentrum;;;4309.00;Übrige betriebliche Erträge;;;-60.0;;;;160
22;Erziehungsdepartement;2275;Berufsbildungszentrum;;;4470.00;Pacht- und Mietzinse Liegenschaften VV;;;-2832.0;;;;160
22;Erziehungsdepartement;2275;Berufsbildungszentrum;;;4471.00;Vergütungen Dienstwohnungen VV;-25000.0;-25000.0;-13636.0;;;;160
22;Erziehungsdepartement;2275;Berufsbildungszentrum;;;4472.00;Vergütung für Benützungen Liegenschaften VV;-80000.0;-80000.0;-89585.0;;;;160
22;Erziehungsdepartement;2275;Berufsbildungszentrum;;;4479.00;Übrige Erträge Liegenschaften VV;-6500.0;;;-6500.0;;;160
22;Erziehungsdepartement;2275;Berufsbildungszentrum;;;4611.00;Entschädigungen von Kantonen und Konkordaten;-1700000.0;-1700000.0;-1712680.0;;;;160
22;Erziehungsdepartement;2275;Berufsbildungszentrum;;;4636.00;Beiträge von privaten Organisationen ohne Erwerbszweck;;;-2785.73;;;;160
22;Erziehungsdepartement;2276;Höhere Fachschulen BBZ;;;3000.10;Sitzungsgelder Kommissionen;12000.0;12000.0;5050.0;;;;160
22;Erziehungsdepartement;2276;Höhere Fachschulen BBZ;;;3020.00;Löhne der Lehrpersonen;1101400.0;1494900.0;1286511.35;-393500.0;-26.32;Weniger Klassen.;160
22;Erziehungsdepartement;2276;Höhere Fachschulen BBZ;;;3020.95;Rückerstattungen Taggelder UV, EO, MSE, MV, IV für Lehrpersonen;;;-5264.0;;;;160
22;Erziehungsdepartement;2276;Höhere Fachschulen BBZ;;;3049.00;Übrige Zulagen;5000.0;6000.0;2316.7;-1000.0;-16.67;;160
22;Erziehungsdepartement;2276;Höhere Fachschulen BBZ;;;3050.00;AG-Beiträge AHV, IV, EO, ALV, Verwaltungskosten;72400.0;98000.0;82358.85;-25600.0;-26.12;;160
22;Erziehungsdepartement;2276;Höhere Fachschulen BBZ;;;3052.00;AG-Beiträge an Pensionskassen;147100.0;199500.0;171650.15;-52400.0;-26.27;;160
22;Erziehungsdepartement;2276;Höhere Fachschulen BBZ;;;3053.00;AG-Beiträge an Unfallversicherungen;6600.0;8100.0;6493.1;-1500.0;-18.52;;160
22;Erziehungsdepartement;2276;Höhere Fachschulen BBZ;;;3054.00;AG-Beiträge an Familienzulagekassen;14500.0;19600.0;16511.5;-5100.0;-26.02;;160
22;Erziehungsdepartement;2276;Höhere Fachschulen BBZ;;;3059.10;AG-Beiträge Sozialfonds;900.0;1200.0;1000.4;-300.0;-25.0;;161
22;Erziehungsdepartement;2276;Höhere Fachschulen BBZ;;;3064.00;Überbrückungsrenten;;1000.0;;-1000.0;-100.0;;161
22;Erziehungsdepartement;2276;Höhere Fachschulen BBZ;;;3090.00;Aus- und Weiterbildung des eigenen Personals;15000.0;23000.0;5910.0;-8000.0;-34.78;;161
22;Erziehungsdepartement;2276;Höhere Fachschulen BBZ;;;3091.00;Personalwerbung;200.0;1400.0;;-1200.0;-85.71;;161
22;Erziehungsdepartement;2276;Höhere Fachschulen BBZ;;;3099.00;Übriger Personalaufwand;;500.0;;-500.0;-100.0;;161
22;Erziehungsdepartement;2276;Höhere Fachschulen BBZ;;;3100.00;Büromaterial;1500.0;2500.0;;-1000.0;-40.0;;161
22;Erziehungsdepartement;2276;Höhere Fachschulen BBZ;;;3101.00;Betriebs- und Verbrauchsmaterial;2000.0;3700.0;;-1700.0;-45.95;;161
22;Erziehungsdepartement;2276;Höhere Fachschulen BBZ;;;3102.00;Drucksachen, Publikationen;11000.0;15500.0;;-4500.0;-29.03;;161
22;Erziehungsdepartement;2276;Höhere Fachschulen BBZ;;;3103.00;Fachliteratur, Zeitschriften;7000.0;4000.0;2804.54;3000.0;75.0;;161
22;Erziehungsdepartement;2276;Höhere Fachschulen BBZ;;;3104.00;Lehrmittel;90000.0;95000.0;51143.39;-5000.0;-5.26;;161
22;Erziehungsdepartement;2276;Höhere Fachschulen BBZ;;;3110.00;Büromöbel und -geräte;;1000.0;;-1000.0;-100.0;;161
22;Erziehungsdepartement;2276;Höhere Fachschulen BBZ;;;3111.00;Maschinen, Geräte und Fahrzeuge;30000.0;30000.0;;;;;161
22;Erziehungsdepartement;2276;Höhere Fachschulen BBZ;;;3113.00;Hardware;3000.0;2000.0;;1000.0;50.0;;161
22;Erziehungsdepartement;2276;Höhere Fachschulen BBZ;;;3130.00;Dienstleistungen Dritter;105000.0;110000.0;75656.37;-5000.0;-4.55;;161
22;Erziehungsdepartement;2276;Höhere Fachschulen BBZ;;;3160.00;Mieten und Pachten Liegenschaften;10000.0;10000.0;8680.0;;;;161
22;Erziehungsdepartement;2276;Höhere Fachschulen BBZ;;;3161.00;Mieten, Benützungskosten Anlagen;;8500.0;;-8500.0;-100.0;;161
22;Erziehungsdepartement;2276;Höhere Fachschulen BBZ;;;3170.00;Reisekosten und Spesen;3500.0;2800.0;1747.6;700.0;25.0;;161
22;Erziehungsdepartement;2276;Höhere Fachschulen BBZ;;;3171.00;Exkursionen, Schulreisen und Lager;12200.0;4500.0;10905.5;7700.0;171.11;;161
22;Erziehungsdepartement;2276;Höhere Fachschulen BBZ;;;3181.00;Tatsächliche Forderungsverluste;;;800.0;;;;161
22;Erziehungsdepartement;2276;Höhere Fachschulen BBZ;;;3199.00;Übriger Betriebsaufwand;;1500.0;300.0;-1500.0;-100.0;;161
22;Erziehungsdepartement;2276;Höhere Fachschulen BBZ;;;4230.00;Schulgelder;-300000.0;-340000.0;-294550.0;40000.0;-11.76;Anpassung aufgrund der Ergebnisse im Jahr 2024.;161
22;Erziehungsdepartement;2276;Höhere Fachschulen BBZ;;;4231.00;Kursgelder;-5000.0;-5000.0;-6350.0;;;;161
22;Erziehungsdepartement;2276;Höhere Fachschulen BBZ;;;4260.00;Rückerstattungen und Kostenbeteiligungen Dritter;-10000.0;;-9933.0;-10000.0;;;161
22;Erziehungsdepartement;2276;Höhere Fachschulen BBZ;;;4610.00;Entschädigungen vom Bund;-50000.0;;;-50000.0;;Beitrag an Pflegeinitiative im Rahmen der Ausbildungsoffensive.;161
22;Erziehungsdepartement;2276;Höhere Fachschulen BBZ;;;4611.00;Entschädigungen von Kantonen und Konkordaten;-400000.0;-422000.0;-408700.0;22000.0;-5.21;Anpassung aufgrund der Ergebnisse im Jahr 2024.;161
22;Erziehungsdepartement;2281;Kantonsschule;;;3000.10;Sitzungsgelder Kommissionen;25000.0;30000.0;14400.0;-5000.0;-16.67;;161
22;Erziehungsdepartement;2281;Kantonsschule;;;3010.00;Löhne des Verwaltungs- und Betriebspersonals;1664500.0;1643700.0;1662501.2;20800.0;1.27;;161
22;Erziehungsdepartement;2281;Kantonsschule;;;3010.95;Rückerstattungen Taggelder UV, EO, MSE, MV, IV für Verwaltungs- und Betriebspersonal;;-5000.0;;5000.0;-100.0;;161
22;Erziehungsdepartement;2281;Kantonsschule;;;3020.00;Löhne der Lehrpersonen;12695700.0;12240200.0;11909009.25;455500.0;3.72;Ab Schuljahr 2025/26 eine Klasse, ab Schuljahr 2026/27 zwei Klassen zusätzlich (im Vergleich zu Schuljahr 2024/25). Altersentlastung zunehmend. Zusätzliche Kosten für Stellvertretungen zusätzlicher Lehrpersonen (mehr Klassen), Erhöhung der Kosten für externe Expertinnen und Experten (z. B. für Matura) zu marktüblichen Ansätzen.;162
22;Erziehungsdepartement;2281;Kantonsschule;;;3020.95;Rückerstattungen Taggelder UV, EO, MSE, MV, IV für Lehrpersonen;-50000.0;-25000.0;-48111.65;-25000.0;100.0;;162
22;Erziehungsdepartement;2281;Kantonsschule;;;3049.00;Übrige Zulagen;5000.0;10200.0;;-5200.0;-50.98;;162
22;Erziehungsdepartement;2281;Kantonsschule;;;3050.00;AG-Beiträge AHV, IV, EO, ALV, Verwaltungskosten;935000.0;904400.0;870985.7;30600.0;3.38;;162
22;Erziehungsdepartement;2281;Kantonsschule;;;3052.00;AG-Beiträge an Pensionskassen;1918500.0;1853600.0;1932103.8;64900.0;3.5;;162
22;Erziehungsdepartement;2281;Kantonsschule;;;3053.00;AG-Beiträge an Unfallversicherungen;85500.0;75100.0;70082.7;10400.0;13.85;;162
22;Erziehungsdepartement;2281;Kantonsschule;;;3054.00;AG-Beiträge an Familienzulagekassen;187000.0;180900.0;174840.7;6100.0;3.37;;162
22;Erziehungsdepartement;2281;Kantonsschule;;;3059.10;AG-Beiträge Sozialfonds;11500.0;11100.0;10512.45;400.0;3.6;;162
22;Erziehungsdepartement;2281;Kantonsschule;;;3064.00;Überbrückungsrenten;40000.0;;31972.5;40000.0;;;162
22;Erziehungsdepartement;2281;Kantonsschule;;;3090.00;Aus- und Weiterbildung des eigenen Personals;82000.0;97000.0;27543.7;-15000.0;-15.46;Anpassung aufgrund der Kosten in den Vorjahren.;162
22;Erziehungsdepartement;2281;Kantonsschule;;;3091.00;Personalwerbung;20000.0;30000.0;26793.1;-10000.0;-33.33;;162
22;Erziehungsdepartement;2281;Kantonsschule;;;3099.00;Übriger Personalaufwand;63800.0;63700.0;46347.2;100.0;0.16;;162
22;Erziehungsdepartement;2281;Kantonsschule;;;3100.00;Büromaterial;38000.0;38000.0;36555.85;;;;162
22;Erziehungsdepartement;2281;Kantonsschule;;;3101.00;Betriebs- und Verbrauchsmaterial;77000.0;77000.0;69754.83;;;;162
22;Erziehungsdepartement;2281;Kantonsschule;;;3102.00;Drucksachen, Publikationen;25000.0;35000.0;18532.0;-10000.0;-28.57;;162
22;Erziehungsdepartement;2281;Kantonsschule;;;3103.00;Fachliteratur, Zeitschriften;38700.0;39400.0;31608.14;-700.0;-1.78;;162
22;Erziehungsdepartement;2281;Kantonsschule;;;3104.00;Lehrmittel;211200.0;186900.0;217297.25;24300.0;13.0;Unterrichtslizenzen neu auf diesem Konto budgetiert. Geplanter Makerspace.;162
22;Erziehungsdepartement;2281;Kantonsschule;;;3106.00;Medizinisches Material;;;285.9;;;;162
22;Erziehungsdepartement;2281;Kantonsschule;;;3110.00;Büromöbel und -geräte;134000.0;143000.0;57430.55;-9000.0;-6.29;;162
22;Erziehungsdepartement;2281;Kantonsschule;;;3111.00;Maschinen, Geräte und Fahrzeuge;27000.0;27000.0;33916.3;;;;162
22;Erziehungsdepartement;2281;Kantonsschule;;;3112.00;Kleider, Wäsche, Vorhänge;200.0;;337.25;200.0;;;162
22;Erziehungsdepartement;2281;Kantonsschule;;;3113.00;Hardware;119600.0;188300.0;175450.35;-68700.0;-36.48;Geringerer Bedarf an Hardware.;162
22;Erziehungsdepartement;2281;Kantonsschule;;;3118.00;Immaterielle Anlagen;140700.0;164100.0;133401.51;-23400.0;-14.26;Die Lizenzen für den Unterricht werden ab 2026 über das Konto 3104.00 Lehrmittel gebucht.;163
22;Erziehungsdepartement;2281;Kantonsschule;;;3120.00;Ver- und Entsorgung Liegenschaften VV;250500.0;250500.0;242245.87;;;;163
22;Erziehungsdepartement;2281;Kantonsschule;;;3130.00;Dienstleistungen Dritter;179300.0;260800.0;72157.41;-81500.0;-31.25;Verpflichtungskredit Schulsozialarbeit (EPR0100) läuft neu über die Finanzstelle 2292 (Dienststelle Familie und Jugend).;163
22;Erziehungsdepartement;2281;Kantonsschule;;;3133.00;Informatik-Nutzungsaufwand;183300.0;107800.0;68237.9;75500.0;70.04;Miete der Kopiergeräte wird neu auf Konto 3133.00 und nicht mehr auf Konto 3161.00 abgerechnet.;163
22;Erziehungsdepartement;2281;Kantonsschule;;;3134.00;Sachversicherungsprämien;;;80.85;;;;163
22;Erziehungsdepartement;2281;Kantonsschule;;;3137.00;Steuern und Abgaben;1000.0;1000.0;;;;;163
22;Erziehungsdepartement;2281;Kantonsschule;;;3150.00;Unterhalt Büromöbel und -geräte;3000.0;2000.0;3700.9;1000.0;50.0;;163
22;Erziehungsdepartement;2281;Kantonsschule;;;3151.00;Unterhalt Maschinen, Geräte, Fahrzeuge;23500.0;23500.0;32047.25;;;;163
22;Erziehungsdepartement;2281;Kantonsschule;;;3153.00;Informatik-Unterhalt (Hardware);;2000.0;1023.89;-2000.0;-100.0;;163
22;Erziehungsdepartement;2281;Kantonsschule;;;3158.00;Unterhalt immaterielle Anlagen;115000.0;115000.0;68881.68;;;Wartungskosten für die Schulverwaltungssoftware und weitere IT-Systeme.;163
22;Erziehungsdepartement;2281;Kantonsschule;;;3159.00;Unterhalt übrige mobile Anlagen;;1000.0;;-1000.0;-100.0;;163
22;Erziehungsdepartement;2281;Kantonsschule;;;3160.00;Mieten und Pachten Liegenschaften;77000.0;77000.0;76278.75;;;;163
22;Erziehungsdepartement;2281;Kantonsschule;;;3161.00;Mieten, Benützungskosten Anlagen;27000.0;97400.0;93347.65;-70400.0;-72.28;Miete Kopiergeräte neu im Konto 3133.00.;163
22;Erziehungsdepartement;2281;Kantonsschule;;;3170.00;Reisekosten und Spesen;65000.0;67000.0;29305.76;-2000.0;-2.99;;163
22;Erziehungsdepartement;2281;Kantonsschule;;;3171.00;Exkursionen, Schulreisen und Lager;421700.0;383300.0;367426.55;38400.0;10.02;Mehr Teilnehmende an Sprachaufenthalten.;163
22;Erziehungsdepartement;2281;Kantonsschule;;;3181.00;Tatsächliche Forderungsverluste;;100.0;;-100.0;-100.0;;163
22;Erziehungsdepartement;2281;Kantonsschule;;;3199.00;Übriger Betriebsaufwand;36000.0;26000.0;16735.47;10000.0;38.46;;163
22;Erziehungsdepartement;2281;Kantonsschule;;;3320.00;Planmässige Abschreibungen immaterielle Anlagen;53200.0;;;53200.0;;;163
22;Erziehungsdepartement;2281;Kantonsschule;;;3400.00;Verzinsung laufende Verbindlichkeiten;;200.0;;-200.0;-100.0;;163
22;Erziehungsdepartement;2281;Kantonsschule;;;3611.00;Entschädigungen an Kantone und Konkordate;10800.0;18000.0;9600.0;-7200.0;-40.0;;163
22;Erziehungsdepartement;2281;Kantonsschule;;;3614.00;Entschädigungen an öffentliche Unternehmungen;;1000.0;;-1000.0;-100.0;;163
22;Erziehungsdepartement;2281;Kantonsschule;;;3635.00;Beiträge an private Unternehmungen;20000.0;20000.0;16007.6;;;;163
22;Erziehungsdepartement;2281;Kantonsschule;;;3910.00;IV Dienstleistungen;;;180.0;;;;163
22;Erziehungsdepartement;2281;Kantonsschule;;;4210.00;Gebühren für Amtshandlungen;-2500.0;-2500.0;-4724.6;;;;163
22;Erziehungsdepartement;2281;Kantonsschule;;;4240.00;Benützungsgebühren und Dienstleistungen;-100.0;-100.0;-434.5;;;;163
22;Erziehungsdepartement;2281;Kantonsschule;;;4270.00;Bussen;-1000.0;-1000.0;-550.0;;;;164
22;Erziehungsdepartement;2281;Kantonsschule;;;4309.00;Übrige betriebliche Erträge;-60000.0;-60000.0;-51909.4;;;;164
22;Erziehungsdepartement;2281;Kantonsschule;;;4470.00;Pacht- und Mietzinse Liegenschaften VV;-10800.0;-10800.0;-7200.0;;;;164
22;Erziehungsdepartement;2281;Kantonsschule;;;4471.00;Vergütungen Dienstwohnungen VV;-14400.0;-14400.0;-18000.0;;;;164
22;Erziehungsdepartement;2281;Kantonsschule;;;4472.00;Vergütung für Benützungen Liegenschaften VV;-8000.0;-12000.0;-4960.0;4000.0;-33.33;;164
22;Erziehungsdepartement;2281;Kantonsschule;;;4611.00;Entschädigungen von Kantonen und Konkordaten;-2078800.0;-2154600.0;-1958700.0;75800.0;-3.52;Abhängig von der Anzahl Schülerinnen und Schüler der umliegenden Kantone.;164
22;Erziehungsdepartement;2281;Kantonsschule;;;4612.30;Entschädigungen von Gemeinden und Gemeindezweckverbänden des benachbarten Auslands;-97700.0;-136000.0;-113100.0;38300.0;-28.16;Abhängig von der Anzahl Schülerinnen und Schüler.;164
22;Erziehungsdepartement;2283;Sporthalle Munot;;;3010.00;Löhne des Verwaltungs- und Betriebspersonals;86000.0;40600.0;87708.9;45400.0;111.82;Inkl. Reinigungskräfte im Stundenlohn. Diese Kosten wurden 2025 fälschlicherweise nicht budgetiert.;164
22;Erziehungsdepartement;2283;Sporthalle Munot;;;3050.00;AG-Beiträge AHV, IV, EO, ALV, Verwaltungskosten;5600.0;2600.0;5702.1;3000.0;115.38;;164
22;Erziehungsdepartement;2283;Sporthalle Munot;;;3052.00;AG-Beiträge an Pensionskassen;11500.0;5400.0;7212.3;6100.0;112.96;;164
22;Erziehungsdepartement;2283;Sporthalle Munot;;;3053.00;AG-Beiträge an Unfallversicherungen;500.0;200.0;475.0;300.0;150.0;;164
22;Erziehungsdepartement;2283;Sporthalle Munot;;;3054.00;AG-Beiträge an Familienzulagekassen;1100.0;500.0;1140.15;600.0;120.0;;164
22;Erziehungsdepartement;2283;Sporthalle Munot;;;3059.10;AG-Beiträge Sozialfonds;100.0;;70.2;100.0;;;164
22;Erziehungsdepartement;2283;Sporthalle Munot;;;3101.00;Betriebs- und Verbrauchsmaterial;3500.0;5500.0;2625.5;-2000.0;-36.36;;164
22;Erziehungsdepartement;2283;Sporthalle Munot;;;3104.00;Lehrmittel;6500.0;6500.0;1956.3;;;;164
22;Erziehungsdepartement;2283;Sporthalle Munot;;;3111.00;Maschinen, Geräte und Fahrzeuge;;;2800.0;;;;164
22;Erziehungsdepartement;2283;Sporthalle Munot;;;3120.00;Ver- und Entsorgung Liegenschaften VV;27000.0;22000.0;29205.7;5000.0;22.73;Anpassung aufgrund der Kosten in den Vorjahren.;164
22;Erziehungsdepartement;2283;Sporthalle Munot;;;3140.00;Unterhalt Grundstücke;;;2237.25;;;;164
22;Erziehungsdepartement;2283;Sporthalle Munot;;;3144.00;Unterhalt Hochbauten, Gebäude;;;80314.05;;;;164
22;Erziehungsdepartement;2283;Sporthalle Munot;;;3151.00;Unterhalt Maschinen, Geräte, Fahrzeuge;15000.0;6000.0;15460.45;9000.0;150.0;;164
22;Erziehungsdepartement;2283;Sporthalle Munot;;;3160.00;Mieten und Pachten Liegenschaften;38800.0;28800.0;38924.5;10000.0;34.72;Baurechtszins der Stadt Schaffhausen wurde erhöht.;164
22;Erziehungsdepartement;2283;Sporthalle Munot;;;3199.00;Übriger Betriebsaufwand;;1000.0;;-1000.0;-100.0;;164
22;Erziehungsdepartement;2283;Sporthalle Munot;;;3612.10;Entschädigungen an innerkantonale Gemeinden und Gemeindezweckverbände;20400.0;20400.0;14347.9;;;;164
22;Erziehungsdepartement;2283;Sporthalle Munot;;;4309.00;Übrige betriebliche Erträge;;-1000.0;;1000.0;-100.0;;164
22;Erziehungsdepartement;2283;Sporthalle Munot;;;4632.10;Laufende Betriebsbeiträge von innerkantonalen Gemeinden und Gemeindezweckverbände;-150000.0;-150000.0;-129745.0;;;;165
22;Erziehungsdepartement;2283;Sporthalle Munot;;;4635.00;Beiträge von privaten Unternehmungen;-112500.0;-112500.0;-97308.0;;;;165
22;Erziehungsdepartement;2285;Berufsbildung;;;3000.10;Sitzungsgelder Kommissionen;14600.0;14600.0;11560.0;;;;165
22;Erziehungsdepartement;2285;Berufsbildung;;;3010.00;Löhne des Verwaltungs- und Betriebspersonals;1699700.0;1537000.0;1406516.05;162700.0;10.59;Inkl. beantragte Stellen sowie temporäre Aufstockung im Bereich der Ausbildungsbeiträge/Stipendien.;165
22;Erziehungsdepartement;2285;Berufsbildung;;;3010.10;Löhne der Prüfungsexperten;1400000.0;1113000.0;1326372.5;287000.0;25.79;Expertinnen und Experten rechnen vermehrt privat statt über den Arbeitgeber ab. Entsprechende Minderaufwände im Konto 2285.3132.00. Die höheren Ausgaben werden grossmehrheitlich durch höhere Einnahmen auf Konto 2285.4260.00 kompensiert. Immer komplexere Prüfungen inkl. steigender Anzahl Nachteilsausgleich-Settings erfordern mehr Expertinnen und Experten und deren Einsatzzeiten werden länger. Dies erhöht den Aufwand.;165
22;Erziehungsdepartement;2285;Berufsbildung;;;3050.00;AG-Beiträge AHV, IV, EO, ALV, Verwaltungskosten;202400.0;173200.0;154012.4;29200.0;16.86;;165
22;Erziehungsdepartement;2285;Berufsbildung;;;3052.00;AG-Beiträge an Pensionskassen;414100.0;353800.0;187924.45;60300.0;17.04;;165
22;Erziehungsdepartement;2285;Berufsbildung;;;3053.00;AG-Beiträge an Unfallversicherungen;18100.0;14400.0;9629.35;3700.0;25.69;;165
22;Erziehungsdepartement;2285;Berufsbildung;;;3054.00;AG-Beiträge an Familienzulagekassen;40500.0;34600.0;30901.8;5900.0;17.05;;165
22;Erziehungsdepartement;2285;Berufsbildung;;;3059.10;AG-Beiträge Sozialfonds;2500.0;2100.0;1861.7;400.0;19.05;;165
22;Erziehungsdepartement;2285;Berufsbildung;;;3090.00;Aus- und Weiterbildung des eigenen Personals;71700.0;36900.0;24599.35;34800.0;94.31;Weiterbildungen (CAS) im Bereich Case Management, Aufwand für Basislehrjahr Mediamatik.;165
22;Erziehungsdepartement;2285;Berufsbildung;;;3091.00;Personalwerbung;1000.0;;;1000.0;;;165
22;Erziehungsdepartement;2285;Berufsbildung;;;3099.00;Übriger Personalaufwand;4700.0;4600.0;5011.08;100.0;2.17;;165
22;Erziehungsdepartement;2285;Berufsbildung;;;3100.00;Büromaterial;6800.0;7000.0;4391.89;-200.0;-2.86;;165
22;Erziehungsdepartement;2285;Berufsbildung;;;3102.00;Drucksachen, Publikationen;1700.0;2700.0;1648.45;-1000.0;-37.04;;165
22;Erziehungsdepartement;2285;Berufsbildung;;;3103.00;Fachliteratur, Zeitschriften;2400.0;2400.0;967.5;;;;165
22;Erziehungsdepartement;2285;Berufsbildung;;;3109.00;Übriger Material- und Warenaufwand;500.0;400.0;480.85;100.0;25.0;;165
22;Erziehungsdepartement;2285;Berufsbildung;;;3110.00;Büromöbel und -geräte;1000.0;;;1000.0;;;165
22;Erziehungsdepartement;2285;Berufsbildung;;;3113.00;Hardware;20800.0;7500.0;22343.98;13300.0;177.33;Inkl. Einrichtung Standardarbeitsplätze infolge M365- Einführung.;166
22;Erziehungsdepartement;2285;Berufsbildung;;;3118.00;Immaterielle Anlagen;9100.0;7500.0;18016.85;1600.0;21.33;;166
22;Erziehungsdepartement;2285;Berufsbildung;;;3130.00;Dienstleistungen Dritter;493500.0;555500.0;220534.7;-62000.0;-11.16;Massnahmen Case Management Berufsbildung werden neu im Konto 2285.3130.11 ausgewiesen.;166
22;Erziehungsdepartement;2285;Berufsbildung;;;3130.11;Dienstleistungen Dritter (ED - Case Management);90000.0;;;90000.0;;Neues Konto zur Führung der Massnahmen Case Management Berufsbildung gemäss neuer gesetzlicher Grundlage.;166
22;Erziehungsdepartement;2285;Berufsbildung;;;3130.15;Entschädigungen an HKV SH;;6970600.0;6533160.0;-6970600.0;-100.0;Konto wird auf Weisung Finanzkontrolle nicht mehr geführt. Neues Konto 2285.3616.20.;166
22;Erziehungsdepartement;2285;Berufsbildung;;;3132.00;Honorare externe Berater, Gutachter, Fachexperten etc.;80000.0;118800.0;76609.62;-38800.0;-32.66;Weniger Prüfungsexpertinnen und Prüfungsexperten, die über den Arbeitgeber abrechnen.;166
22;Erziehungsdepartement;2285;Berufsbildung;;;3133.00;Informatik-Nutzungsaufwand;150000.0;156900.0;114194.0;-6900.0;-4.4;Korrekte Darstellung gewisser Aufwände neu im Konto 2285.3158.00.;166
22;Erziehungsdepartement;2285;Berufsbildung;;;3139.00;Lehrlingsprüfungen;618700.0;618700.0;620422.51;;;;166
22;Erziehungsdepartement;2285;Berufsbildung;;;3158.00;Unterhalt immaterielle Anlagen;200800.0;149800.0;143182.95;51000.0;34.05;"Höhere Kosten der Geschäftsstelle «Interessengemeinschaft Informatik in der Beurfsbildung» (IGIB) für die Berufsbildungssoftware «Kompass». Korrekte Darstellung gewisser Aufwände vom Konto 2285.3133.00. Fr. 19'000 Stipendienportal; Fr. 1'260 Aufträge Abraxas nach Aufwand; Fr. 560 Squarespace; Fr. 360 Elfsight Webformulare; Fr. 1'000 Unvorgesehenes; Fr. 66'340 «IGIB» Zentraler Betrieb; Fr. 30'620 «IGIB» Anschaffung Weiterentwicklung Projekte; Fr. 37'790 «IGIB» Geschäftsstelle; Fr. 15'000 Betrieb QV App; Fr. 6'000 Betrieb QVPex Services; Fr. 16'200 Betrieb Lehrbetrieb Services; Fr. 6'500 Lizenz Case Management Software; Fr. 155 Hosting Webstar.";166
22;Erziehungsdepartement;2285;Berufsbildung;;;3160.00;Mieten und Pachten Liegenschaften;2300.0;2000.0;2774.05;300.0;15.0;;167
22;Erziehungsdepartement;2285;Berufsbildung;;;3161.00;Mieten, Benützungskosten Anlagen;15000.0;5800.0;14698.25;9200.0;158.62;;167
22;Erziehungsdepartement;2285;Berufsbildung;;;3170.00;Reisekosten und Spesen;17500.0;15000.0;14940.95;2500.0;16.67;;167
22;Erziehungsdepartement;2285;Berufsbildung;;;3181.00;Tatsächliche Forderungsverluste;3000.0;3000.0;1250.0;;;;167
22;Erziehungsdepartement;2285;Berufsbildung;;;3199.00;Übriger Betriebsaufwand;19000.0;26500.0;17061.38;-7500.0;-28.3;2025 wurde eine Tagung der Lehraufsicht Ostschweiz durchgeführt. Weniger Informationsveranstaltungen infolge Revisionen von Bildungsverordnungen.;167
22;Erziehungsdepartement;2285;Berufsbildung;;;3199.10;Entschädigung Teilnahme Instruktionskurs;80000.0;160000.0;66721.7;-80000.0;-50.0;Weniger Expertinnen- und Expertenkurse nötig.;167
22;Erziehungsdepartement;2285;Berufsbildung;;;3611.00;Entschädigungen an Kantone und Konkordate;644500.0;615700.0;524461.75;28800.0;4.68;Mehr Prüfungskandidatinnen und - kandidatenan Qualifikationsverfahren erwartet.;167
22;Erziehungsdepartement;2285;Berufsbildung;;;3611.50;Entschädigungen an ausserkantonale Berufsfachschulen;5376600.0;5547700.0;5207611.0;-171100.0;-3.08;Enthält neu den Beitrag an Spitalschulung von Jugendlichen.;167
22;Erziehungsdepartement;2285;Berufsbildung;;;3616.20;Entschädigungen an HKV SH;6995000.0;;;6995000.0;;Neues Konto aufgrund Weisung Finanzkontrolle. Es ersetzt Konto 2285.3130.15.;167
22;Erziehungsdepartement;2285;Berufsbildung;;;3631.00;Beiträge an Kantone und Konkordate;176300.0;190600.0;159136.4;-14300.0;-7.5;Erhöhung der Kantonsbeiträge an Schweizerisches Dienstleistungszentrum Berufsbildung und Berufsberatung (SDBB), speziell im Bereich Projekte, die früher separat verrechnet wurden.;167
22;Erziehungsdepartement;2285;Berufsbildung;;;3635.20;Beiträge an überbetriebliche Kurse;1425000.0;1425000.0;1372782.0;;;;167
22;Erziehungsdepartement;2285;Berufsbildung;;;3636.00;Beiträge an private Organisationen ohne Erwerbszweck;84000.0;84000.0;78200.0;;;;167
22;Erziehungsdepartement;2285;Berufsbildung;;;3637.00;Beiträge an private Haushalte;15000.0;15000.0;5100.0;;;;167
22;Erziehungsdepartement;2285;Berufsbildung;;;4210.00;Gebühren für Amtshandlungen;-18100.0;-18500.0;-13150.0;400.0;-2.16;;167
22;Erziehungsdepartement;2285;Berufsbildung;;;4260.00;Rückerstattungen und Kostenbeteiligungen Dritter;-1600000.0;-1100000.0;-1561141.2;-500000.0;45.45;Anpassung an Einnahmen Rechnung 2024 und an erstmalige Erfahrungswerte der Qualifikationsverfahren der Fachleute Betriebsunterhalt vom Vorjahr.;167
22;Erziehungsdepartement;2285;Berufsbildung;;;4630.00;Beiträge vom Bund;-8230500.0;-7711300.0;-7716421.0;-519200.0;6.73;Enthält neu Beiträge für die Pflegeinitiative und «viamia».;167
22;Erziehungsdepartement;2285;Berufsbildung;;;4633.00;Beiträge von öffentlichen Sozialversicherungen;-100000.0;-100000.0;-84375.2;;;;167
22;Erziehungsdepartement;2286;Berufs-, Studien- und Laufbahnberatung;;;3010.00;Löhne des Verwaltungs- und Betriebspersonals;1022900.0;995900.0;942127.0;27000.0;2.71;;168
22;Erziehungsdepartement;2286;Berufs-, Studien- und Laufbahnberatung;;;3010.95;Rückerstattungen Taggelder UV, EO, MSE, MV, IV für Verwaltungs- und Betriebspersonal;;;-25208.65;;;;168
22;Erziehungsdepartement;2286;Berufs-, Studien- und Laufbahnberatung;;;3050.00;AG-Beiträge AHV, IV, EO, ALV, Verwaltungskosten;65000.0;64700.0;60395.7;300.0;0.46;;168
22;Erziehungsdepartement;2286;Berufs-, Studien- und Laufbahnberatung;;;3052.00;AG-Beiträge an Pensionskassen;133800.0;132900.0;150600.5;900.0;0.68;;168
22;Erziehungsdepartement;2286;Berufs-, Studien- und Laufbahnberatung;;;3053.00;AG-Beiträge an Unfallversicherungen;5700.0;5400.0;5018.5;300.0;5.56;;168
22;Erziehungsdepartement;2286;Berufs-, Studien- und Laufbahnberatung;;;3054.00;AG-Beiträge an Familienzulagekassen;13000.0;12900.0;12082.8;100.0;0.78;;168
22;Erziehungsdepartement;2286;Berufs-, Studien- und Laufbahnberatung;;;3059.10;AG-Beiträge Sozialfonds;800.0;800.0;740.15;;;;168
22;Erziehungsdepartement;2286;Berufs-, Studien- und Laufbahnberatung;;;3090.00;Aus- und Weiterbildung des eigenen Personals;10000.0;8000.0;4401.7;2000.0;25.0;;168
22;Erziehungsdepartement;2286;Berufs-, Studien- und Laufbahnberatung;;;3099.00;Übriger Personalaufwand;2000.0;1700.0;3607.0;300.0;17.65;;168
22;Erziehungsdepartement;2286;Berufs-, Studien- und Laufbahnberatung;;;3100.00;Büromaterial;5000.0;5000.0;3058.03;;;;168
22;Erziehungsdepartement;2286;Berufs-, Studien- und Laufbahnberatung;;;3102.00;Drucksachen, Publikationen;30000.0;27000.0;17951.05;3000.0;11.11;;168
22;Erziehungsdepartement;2286;Berufs-, Studien- und Laufbahnberatung;;;3103.00;Fachliteratur, Zeitschriften;2000.0;2000.0;1358.5;;;;168
22;Erziehungsdepartement;2286;Berufs-, Studien- und Laufbahnberatung;;;3109.00;Übriger Material- und Warenaufwand;1000.0;500.0;227.99;500.0;100.0;;168
22;Erziehungsdepartement;2286;Berufs-, Studien- und Laufbahnberatung;;;3110.00;Büromöbel und -geräte;1500.0;1500.0;;;;;168
22;Erziehungsdepartement;2286;Berufs-, Studien- und Laufbahnberatung;;;3113.00;Hardware;5000.0;5000.0;1877.65;;;;168
22;Erziehungsdepartement;2286;Berufs-, Studien- und Laufbahnberatung;;;3130.00;Dienstleistungen Dritter;45000.0;18000.0;3154.3;27000.0;150.0;Digitalisierungsmassnahmen: Anpassung der BIZ-App, Prüfung des Einsatzes von KI in der Berufsberatung sowie Digitalisierung der Terminvergabe.;168
22;Erziehungsdepartement;2286;Berufs-, Studien- und Laufbahnberatung;;;3133.00;Informatik-Nutzungsaufwand;130300.0;94000.0;58271.4;36300.0;38.62;Anpassung des Datenbezugs und des Datenaustauschs aufgrund Redesign «berufsberatung.ch» (Bundesprojekt RIO). Anpassung der Website «biz- sh.ch».;168
22;Erziehungsdepartement;2286;Berufs-, Studien- und Laufbahnberatung;;;3153.00;Informatik-Unterhalt (Hardware);1500.0;1500.0;;;;;168
22;Erziehungsdepartement;2286;Berufs-, Studien- und Laufbahnberatung;;;3158.00;Unterhalt immaterielle Anlagen;6000.0;11000.0;10443.0;-5000.0;-45.45;;168
22;Erziehungsdepartement;2286;Berufs-, Studien- und Laufbahnberatung;;;3161.00;Mieten, Benützungskosten Anlagen;5000.0;5000.0;6534.8;;;;168
22;Erziehungsdepartement;2286;Berufs-, Studien- und Laufbahnberatung;;;3170.00;Reisekosten und Spesen;8000.0;7000.0;6809.05;1000.0;14.29;;168
22;Erziehungsdepartement;2286;Berufs-, Studien- und Laufbahnberatung;;;3199.00;Übriger Betriebsaufwand;500.0;500.0;;;;;168
22;Erziehungsdepartement;2286;Berufs-, Studien- und Laufbahnberatung;;;3631.00;Beiträge an Kantone und Konkordate;3000.0;3000.0;2400.0;;;;168
22;Erziehungsdepartement;2286;Berufs-, Studien- und Laufbahnberatung;;;3636.00;Beiträge an private Organisationen ohne Erwerbszweck;279000.0;45000.0;21586.8;234000.0;520.0;Erhöhung Bildungsgutscheine- Aufwände aufgrund höherer Nachfrage und gemäss Verpflichtungskredit.;169
22;Erziehungsdepartement;2286;Berufs-, Studien- und Laufbahnberatung;;;4240.00;Benützungsgebühren und Dienstleistungen;-10000.0;-12000.0;-7545.1;2000.0;-16.67;;169
22;Erziehungsdepartement;2286;Berufs-, Studien- und Laufbahnberatung;;;4630.00;Beiträge vom Bund;-141000.0;-91000.0;-140473.0;-50000.0;54.95;Wegfall Bundesbeitrag «viamia» ab 2026. Stattdessen kostendeckende Erhöhung der Bundespauschale Berufsbildung zugunsten «viamia» in Konto 2285.4630.00.;169
22;Erziehungsdepartement;2286;Berufs-, Studien- und Laufbahnberatung;;;4910.00;IV Dienstleistungen;-16000.0;-15000.0;-16566.0;-1000.0;6.67;;169
22;Erziehungsdepartement;2291;Sport;;;3000.10;Sitzungsgelder Kommissionen;1000.0;800.0;1265.9;200.0;25.0;;169
22;Erziehungsdepartement;2291;Sport;;;3010.00;Löhne des Verwaltungs- und Betriebspersonals;261600.0;274000.0;261992.5;-12400.0;-4.53;Keine weitere Budgetierung für das sistierte Sportangebot «Move Kids» für Kinder der 1. bis 3. Klasse.;169
22;Erziehungsdepartement;2291;Sport;;;3010.95;Rückerstattungen Taggelder UV, EO, MSE, MV, IV für Verwaltungs- und Betriebspersonal;;;-292.6;;;;169
22;Erziehungsdepartement;2291;Sport;;;3020.00;Löhne der Lehrpersonen;100300.0;60800.0;;39500.0;64.97;Neu werden zusätzliche Schwimmlehrpersonen auch für die Stadt Schaffhausen bezahlt (wie für alle anderen Gemeinden).;169
22;Erziehungsdepartement;2291;Sport;;;3050.00;AG-Beiträge AHV, IV, EO, ALV, Verwaltungskosten;23600.0;21900.0;14992.95;1700.0;7.76;;169
22;Erziehungsdepartement;2291;Sport;;;3052.00;AG-Beiträge an Pensionskassen;48400.0;44700.0;29989.1;3700.0;8.28;;169
22;Erziehungsdepartement;2291;Sport;;;3053.00;AG-Beiträge an Unfallversicherungen;2000.0;1800.0;1218.85;200.0;11.11;;169
22;Erziehungsdepartement;2291;Sport;;;3054.00;AG-Beiträge an Familienzulagekassen;4700.0;4400.0;2997.65;300.0;6.82;;169
22;Erziehungsdepartement;2291;Sport;;;3059.10;AG-Beiträge Sozialfonds;300.0;300.0;184.7;;;;169
22;Erziehungsdepartement;2291;Sport;;;3090.00;Aus- und Weiterbildung des eigenen Personals;;1700.0;;-1700.0;-100.0;;169
22;Erziehungsdepartement;2291;Sport;;;3099.00;Übriger Personalaufwand;;500.0;160.0;-500.0;-100.0;;169
22;Erziehungsdepartement;2291;Sport;;;3100.00;Büromaterial;1000.0;1000.0;987.0;;;;169
22;Erziehungsdepartement;2291;Sport;;;3101.00;Betriebs- und Verbrauchsmaterial;;1000.0;1354.4;-1000.0;-100.0;;169
22;Erziehungsdepartement;2291;Sport;;;3102.00;Drucksachen, Publikationen;1000.0;1000.0;462.5;;;;169
22;Erziehungsdepartement;2291;Sport;;;3103.00;Fachliteratur, Zeitschriften;;500.0;;-500.0;-100.0;;169
22;Erziehungsdepartement;2291;Sport;;;3110.00;Büromöbel und -geräte;;1000.0;;-1000.0;-100.0;;169
22;Erziehungsdepartement;2291;Sport;;;3113.00;Hardware;2000.0;2000.0;2419.58;;;;169
22;Erziehungsdepartement;2291;Sport;;;3118.00;Immaterielle Anlagen;;29000.0;;-29000.0;-100.0;Keine weitere Budgetierung für das im Jahr 2025 vorgesehene Projekt «FoundationPlus zur digitalen Gesuchsverwaltung Swisslos- Sportfonds».;170
22;Erziehungsdepartement;2291;Sport;;;3130.00;Dienstleistungen Dritter;28500.0;41500.0;42727.05;-13000.0;-31.33;Keine weitere Budgetierung für das im 2025 ursprünglich geplante Projekt «Unified» von Special Olympics Switzerland.;170
22;Erziehungsdepartement;2291;Sport;;;3133.00;Informatik-Nutzungsaufwand;29800.0;68500.0;30115.65;-38700.0;-56.5;Weniger Aufwand für das Digitalisierungsprojekt «FoundationPlus zur digitalen Gesuchsverwaltung Swisslos- Sportfonds».;170
22;Erziehungsdepartement;2291;Sport;;;3138.00;Kurse, Prüfungen und Beratungen;100000.0;95000.0;102565.7;5000.0;5.26;;170
22;Erziehungsdepartement;2291;Sport;;;3160.00;Mieten und Pachten Liegenschaften;5000.0;5000.0;3760.0;;;;170
22;Erziehungsdepartement;2291;Sport;;;3161.00;Mieten, Benützungskosten Anlagen;2000.0;3000.0;1290.15;-1000.0;-33.33;;170
22;Erziehungsdepartement;2291;Sport;;;3170.00;Reisekosten und Spesen;4000.0;4000.0;3152.3;;;;170
22;Erziehungsdepartement;2291;Sport;;;3181.00;Tatsächliche Forderungsverluste;500.0;500.0;60.0;;;;170
22;Erziehungsdepartement;2291;Sport;;;3199.00;Übriger Betriebsaufwand;1000.0;1000.0;700.0;;;;170
22;Erziehungsdepartement;2291;Sport;;;3612.10;Entschädigungen an innerkantonale Gemeinden und Gemeindezweckverbände;;10000.0;;-10000.0;-100.0;Sportprojekte in den Gemeinden können über den Sportfonds bezahlt werden.;170
22;Erziehungsdepartement;2291;Sport;;;3660.50;Planmässige Abschreibungen Invest.beiträge an private Unternehmungen;12000.0;12000.0;12000.0;;;«KASAK»-Beitrag für die Boulderhalle (Aranea).;170
22;Erziehungsdepartement;2291;Sport;;;4231.00;Kursgelder;-60000.0;-60000.0;-44000.0;;;;170
22;Erziehungsdepartement;2291;Sport;;;4610.00;Entschädigungen vom Bund;;;-48271.76;;;;170
22;Erziehungsdepartement;2291;Sport;;;4630.00;Beiträge vom Bund;-30000.0;-30000.0;-1600.0;;;;170
22;Erziehungsdepartement;2292;Familie und Jugend;;;3000.10;Sitzungsgelder Kommissionen;14000.0;10000.0;3250.0;4000.0;40.0;;170
22;Erziehungsdepartement;2292;Familie und Jugend;;;3010.00;Löhne des Verwaltungs- und Betriebspersonals;1374200.0;1056600.0;994386.5;317600.0;30.06;Personal Schulsozialarbeit Sekunderstufe II (EPR0101/EPR0100) wird neu auf diesem Konto verbucht. Entsprechende Minderaufwände auf 2275.3130.00 und 2281.3130.00. Aufstockungen in den Bereichen Kindesschutz und Tagesfamilienaufsicht.;170
22;Erziehungsdepartement;2292;Familie und Jugend;;;3010.95;Rückerstattungen Taggelder UV, EO, MSE, MV, IV für Verwaltungs- und Betriebspersonal;;;-636.05;;;;171
22;Erziehungsdepartement;2292;Familie und Jugend;;;3050.00;AG-Beiträge AHV, IV, EO, ALV, Verwaltungskosten;90200.0;69300.0;64734.15;20900.0;30.16;;171
22;Erziehungsdepartement;2292;Familie und Jugend;;;3052.00;AG-Beiträge an Pensionskassen;183600.0;141000.0;137977.5;42600.0;30.21;;171
22;Erziehungsdepartement;2292;Familie und Jugend;;;3053.00;AG-Beiträge an Unfallversicherungen;8100.0;5700.0;5399.3;2400.0;42.11;;171
22;Erziehungsdepartement;2292;Familie und Jugend;;;3054.00;AG-Beiträge an Familienzulagekassen;18000.0;13900.0;12940.9;4100.0;29.5;;171
22;Erziehungsdepartement;2292;Familie und Jugend;;;3059.10;AG-Beiträge Sozialfonds;1100.0;800.0;797.65;300.0;37.5;;171
22;Erziehungsdepartement;2292;Familie und Jugend;;;3064.00;Überbrückungsrenten;;;332.0;;;;171
22;Erziehungsdepartement;2292;Familie und Jugend;;;3090.00;Aus- und Weiterbildung des eigenen Personals;25300.0;29000.0;9020.0;-3700.0;-12.76;;171
22;Erziehungsdepartement;2292;Familie und Jugend;;;3091.00;Personalwerbung;;;962.1;;;;171
22;Erziehungsdepartement;2292;Familie und Jugend;;;3099.00;Übriger Personalaufwand;6100.0;2800.0;1200.0;3300.0;117.86;;171
22;Erziehungsdepartement;2292;Familie und Jugend;;;3100.00;Büromaterial;1500.0;1500.0;2401.12;;;;171
22;Erziehungsdepartement;2292;Familie und Jugend;;;3102.00;Drucksachen, Publikationen;9600.0;8800.0;5933.75;800.0;9.09;;171
22;Erziehungsdepartement;2292;Familie und Jugend;;;3103.00;Fachliteratur, Zeitschriften;2400.0;2200.0;1013.29;200.0;9.09;;171
22;Erziehungsdepartement;2292;Familie und Jugend;;;3110.00;Büromöbel und -geräte;2000.0;15000.0;;-13000.0;-86.67;Umzug erfolgte 2024 und ist abgeschlossen. Zusätzliche Büromöbelbeschaffung erfolgte 2025.;171
22;Erziehungsdepartement;2292;Familie und Jugend;;;3113.00;Hardware;6800.0;2500.0;6722.9;4300.0;172.0;;171
22;Erziehungsdepartement;2292;Familie und Jugend;;;3118.00;Immaterielle Anlagen;120000.0;;;120000.0;;Erstellen einer Softwarelösung zur Auszahlung der Betreuungsgutschriften.;171
22;Erziehungsdepartement;2292;Familie und Jugend;;;3130.00;Dienstleistungen Dritter;415000.0;247000.0;128855.68;168000.0;68.02;Inkl. Dienstleistungen in den Bereichen Kinder mit besonderen Bedürfnissen, frühe Förderung, Kinder- und Jugendhilfe. Neue wiederkehrende Ausgaben in den Bereichen Gewaltprävention an Schulen sowie Schulsozialarbeit. Schulsozialarbeit Kantonsschule und BBZ (gemeinsam): externe Projektbegleitung und Evaluation des Pilotprojektes.;171
22;Erziehungsdepartement;2292;Familie und Jugend;;;3133.00;Informatik-Nutzungsaufwand;89500.0;39900.0;36000.3;49600.0;124.31;Einrichten zusätzlicher Arbeitsplätze. Umstellung der Administration der Betreuungsgutschriften auf Software- Lösung.;171
22;Erziehungsdepartement;2292;Familie und Jugend;;;3158.00;Unterhalt immaterielle Anlagen;12000.0;;;12000.0;;Umstellung der Administration der Betreuungsgutschriften auf Software- Lösung.;172
22;Erziehungsdepartement;2292;Familie und Jugend;;;3160.00;Mieten und Pachten Liegenschaften;3200.0;3300.0;400.0;-100.0;-3.03;;172
22;Erziehungsdepartement;2292;Familie und Jugend;;;3161.00;Mieten, Benützungskosten Anlagen;4500.0;800.0;4591.4;3700.0;462.5;;172
22;Erziehungsdepartement;2292;Familie und Jugend;;;3170.00;Reisekosten und Spesen;8600.0;17500.0;5578.35;-8900.0;-50.86;;172
22;Erziehungsdepartement;2292;Familie und Jugend;;;3181.00;Tatsächliche Forderungsverluste;;;1700.0;;;;172
22;Erziehungsdepartement;2292;Familie und Jugend;;;3612.10;Entschädigungen an innerkantonale Gemeinden und Gemeindezweckverbände;600000.0;610000.0;595111.75;-10000.0;-1.64;Anpassung aufgrund der Rechnung 2024.;172
22;Erziehungsdepartement;2292;Familie und Jugend;;;3635.00;Beiträge an private Unternehmungen;122500.0;57500.0;119332.0;65000.0;113.04;Administrationsbeiträge Betreuungsgutschriften tendenziell steigend.;172
22;Erziehungsdepartement;2292;Familie und Jugend;;;3637.00;Beiträge an private Haushalte;1750000.0;1600000.0;1991075.0;150000.0;9.38;Betreuungsgutschriften (BeGu) tendenziell steigend.;172
22;Erziehungsdepartement;2292;Familie und Jugend;;;3707.00;Durchlaufende Beiträge an private Haushalte;;216000.0;-242555.0;-216000.0;-100.0;Bundesfinanzhilfen im Bereich Kinderbetreuung werden nicht mehr ausbezahlt.;172
22;Erziehungsdepartement;2292;Familie und Jugend;;;3910.00;IV Dienstleistungen;;;70.0;;;;172
22;Erziehungsdepartement;2292;Familie und Jugend;;;4210.00;Gebühren für Amtshandlungen;-5000.0;-5000.0;-6000.0;;;;172
22;Erziehungsdepartement;2292;Familie und Jugend;;;4240.00;Benützungsgebühren und Dienstleistungen;;-5500.0;;5500.0;-100.0;;172
22;Erziehungsdepartement;2292;Familie und Jugend;;;4612.10;Entschädigungen von innerkantonalen Gemeinden und Gemeindezweckverbänden;-45000.0;-81500.0;-38151.3;36500.0;-44.79;Die Erfahrungswerte 2024 erfordern eine Anpassung.;172
22;Erziehungsdepartement;2292;Familie und Jugend;;;4630.00;Beiträge vom Bund;;;2370.0;;;;172
22;Erziehungsdepartement;2292;Familie und Jugend;;;4700.00;Durchlaufende Beiträge vom Bund;;-216000.0;242555.0;216000.0;-100.0;Bundesfinanzhilfen im Bereich Kinderbetreuung werden nicht mehr ausbezahlt.;172
22;Erziehungsdepartement;2292;Familie und Jugend;;;4894.00;Entnahme aus FIPOL;-2006500.0;-1600000.0;-2110407.0;-406500.0;25.41;;172
22;Erziehungsdepartement;2293;Kultur;;;3010.00;Löhne des Verwaltungs- und Betriebspersonals;86800.0;84800.0;60757.05;2000.0;2.36;;172
22;Erziehungsdepartement;2293;Kultur;;;3050.00;AG-Beiträge AHV, IV, EO, ALV, Verwaltungskosten;5600.0;5500.0;3708.6;100.0;1.82;;172
22;Erziehungsdepartement;2293;Kultur;;;3052.00;AG-Beiträge an Pensionskassen;11600.0;11400.0;8809.3;200.0;1.75;;172
22;Erziehungsdepartement;2293;Kultur;;;3053.00;AG-Beiträge an Unfallversicherungen;500.0;500.0;301.2;;;;172
22;Erziehungsdepartement;2293;Kultur;;;3054.00;AG-Beiträge an Familienzulagekassen;1100.0;1100.0;746.25;;;;172
22;Erziehungsdepartement;2293;Kultur;;;3059.10;AG-Beiträge Sozialfonds;100.0;100.0;43.95;;;;172
22;Erziehungsdepartement;2293;Kultur;;;3090.00;Aus- und Weiterbildung des eigenen Personals;;1000.0;;-1000.0;-100.0;;173
22;Erziehungsdepartement;2293;Kultur;;;3099.00;Übriger Personalaufwand;100.0;100.0;;;;;173
22;Erziehungsdepartement;2293;Kultur;;;3100.00;Büromaterial;100.0;100.0;;;;;173
22;Erziehungsdepartement;2293;Kultur;;;3103.00;Fachliteratur, Zeitschriften;500.0;;;500.0;;;173
22;Erziehungsdepartement;2293;Kultur;;;3130.00;Dienstleistungen Dritter;27000.0;2000.0;1461.26;25000.0;1250.0;Externe Projektbegleitung für die neue Kulturstrategie.;173
22;Erziehungsdepartement;2293;Kultur;;;3133.00;Informatik-Nutzungsaufwand;10500.0;2500.0;;8000.0;320.0;;173
22;Erziehungsdepartement;2293;Kultur;;;3170.00;Reisekosten und Spesen;2000.0;2000.0;1929.6;;;;173
22;Erziehungsdepartement;2298;;2298.7221;Kantonaler Sportfonds;3000.10;Sitzungsgelder Kommissionen;5000.0;5000.0;4320.0;;;;173
22;Erziehungsdepartement;2298;;2298.7221;Kantonaler Sportfonds;3010.00;Löhne des Verwaltungs- und Betriebspersonals;5000.0;40000.0;77904.0;-35000.0;-87.5;Die Löhne der Schwimmlehrpersonen werden neu aus dem ordentlichen Budget von Konto 2191.3020.00 bezahlt.;173
22;Erziehungsdepartement;2298;;2298.7221;Kantonaler Sportfonds;3050.00;AG-Beiträge AHV, IV, EO, ALV, Verwaltungskosten;700.0;2900.0;4231.35;-2200.0;-75.86;;173
22;Erziehungsdepartement;2298;;2298.7221;Kantonaler Sportfonds;3052.00;AG-Beiträge an Pensionskassen;700.0;5300.0;;-4600.0;-86.79;;173
22;Erziehungsdepartement;2298;;2298.7221;Kantonaler Sportfonds;3053.00;AG-Beiträge an Unfallversicherungen;100.0;200.0;240.95;-100.0;-50.0;;173
22;Erziehungsdepartement;2298;;2298.7221;Kantonaler Sportfonds;3054.00;AG-Beiträge an Familienzulagekassen;100.0;600.0;846.1;-500.0;-83.33;;173
22;Erziehungsdepartement;2298;;2298.7221;Kantonaler Sportfonds;3059.10;AG-Beiträge Sozialfonds;;;51.95;;;;173
22;Erziehungsdepartement;2298;;2298.7221;Kantonaler Sportfonds;3099.00;Übriger Personalaufwand;1000.0;1000.0;1405.7;;;;173
22;Erziehungsdepartement;2298;;2298.7221;Kantonaler Sportfonds;3101.00;Betriebs- und Verbrauchsmaterial;5000.0;5000.0;;;;;173
22;Erziehungsdepartement;2298;;2298.7221;Kantonaler Sportfonds;3170.00;Reisekosten und Spesen;4000.0;3000.0;;1000.0;33.33;;173
22;Erziehungsdepartement;2298;;2298.7221;Kantonaler Sportfonds;3501.00;Einlagen in Fonds des Fremdkapitals;24400.0;;235527.8;24400.0;;;173
22;Erziehungsdepartement;2298;;2298.7221;Kantonaler Sportfonds;3632.10;Beiträge an innerkantonale Gemeinden und Gemeindezweckverbände;250000.0;300000.0;162740.0;-50000.0;-16.67;Prognose aufgrund von bestehenden Eventualverpflichtungen, abhängig von neu eingehenden Gesuchen.;173
22;Erziehungsdepartement;2298;;2298.7221;Kantonaler Sportfonds;3635.00;Beiträge an private Unternehmungen;150000.0;30000.0;243164.5;120000.0;400.0;Prognose aufgrund von bestehenden Eventualverpflichtungen, abhängig von neu eingehenden Gesuchen.;173
22;Erziehungsdepartement;2298;;2298.7221;Kantonaler Sportfonds;3636.00;Beiträge an private Organisationen ohne Erwerbszweck;650000.0;800000.0;526601.47;-150000.0;-18.75;Prognose aufgrund von bestehenden Eventualverpflichtungen, abhängig von neu eingehenden Gesuchen.;173
22;Erziehungsdepartement;2298;;2298.7221;Kantonaler Sportfonds;3637.00;Beiträge an private Haushalte;50000.0;50000.0;19204.2;;;;173
22;Erziehungsdepartement;2298;;2298.7221;Kantonaler Sportfonds;4130.00;Ertragsanteile an Lotterien, Sport-Toto, Wetten;-1126000.0;-961200.0;-1034320.14;-164800.0;17.15;Mittelwert der Ausschüttungen 2024 und 2025.;174
22;Erziehungsdepartement;2298;;2298.7221;Kantonaler Sportfonds;4390.00;Übrige Erträge;;;-214669.0;;;;174
22;Erziehungsdepartement;2298;;2298.7221;Kantonaler Sportfonds;4501.00;Entnahmen aus Fonds des Fremdkapitals;;-262000.0;;262000.0;-100.0;;174
22;Erziehungsdepartement;2298;;2298.7221;Kantonaler Sportfonds;4630.00;Beiträge vom Bund;-20000.0;-15000.0;-25170.11;-5000.0;33.33;;174
22;Erziehungsdepartement;2298;;2298.7221;Kantonaler Sportfonds;4940.00;IV Kalk. Zinsen und Finanzaufwand;;-4800.0;-2078.77;4800.0;-100.0;;174
22;Erziehungsdepartement;2298;;2298.7222;Stipendienfonds;4940.00;IV Kalk. Zinsen und Finanzaufwand;;-900.0;-649.97;900.0;-100.0;;174
22;Erziehungsdepartement;2298;;2298.7222;Stipendienfonds;9010.00;Abschluss Spezialfinanzierungen und Fonds des Eigenkapitals, Ertragsüberschuss;;900.0;649.97;-900.0;-100.0;;174
22;Erziehungsdepartement;2298;;2298.7251;Lotteriegewinn-Fonds;3050.00;AG-Beiträge AHV, IV, EO, ALV, Verwaltungskosten;;;52.0;;;;174
22;Erziehungsdepartement;2298;;2298.7251;Lotteriegewinn-Fonds;3053.00;AG-Beiträge an Unfallversicherungen;;;4.35;;;;174
22;Erziehungsdepartement;2298;;2298.7251;Lotteriegewinn-Fonds;3054.00;AG-Beiträge an Familienzulagekassen;;;10.4;;;;174
22;Erziehungsdepartement;2298;;2298.7251;Lotteriegewinn-Fonds;3059.10;AG-Beiträge Sozialfonds;;;0.65;;;;174
22;Erziehungsdepartement;2298;;2298.7251;Lotteriegewinn-Fonds;3130.00;Dienstleistungen Dritter;7500.0;7500.0;7500.0;;;Finanzaufsichtsprüfung «GESPA 2025».;174
22;Erziehungsdepartement;2298;;2298.7251;Lotteriegewinn-Fonds;3501.00;Einlagen in Fonds des Fremdkapitals;;;589024.58;;;;174
22;Erziehungsdepartement;2298;;2298.7251;Lotteriegewinn-Fonds;3631.22;Beiträge an Kantone und Konkordate (ED, Funktion 329);132400.0;132300.0;145261.0;100.0;0.08;;174
22;Erziehungsdepartement;2298;;2298.7251;Lotteriegewinn-Fonds;3632.51;Beiträge an innerkantonale Gemeinden und Gemeindezweckverbände (StK, Funktion 012);10000.0;10000.0;;;;;174
22;Erziehungsdepartement;2298;;2298.7251;Lotteriegewinn-Fonds;3632.54;Beiträge an innerkantonale Gemeinden und Gemeindezweckverbände (ED, Funktion 311);220000.0;220000.0;220000.0;;;;174
22;Erziehungsdepartement;2298;;2298.7251;Lotteriegewinn-Fonds;3632.55;Beiträge an innerkantonale Gemeinden und Gemeindezweckverbände (ED, Funktion 322);335000.0;355000.0;325000.0;-20000.0;-5.63;Schaffhauser Kulturtage neu auf Konto 3636.21 budgetiert.;174
22;Erziehungsdepartement;2298;;2298.7251;Lotteriegewinn-Fonds;3632.56;Beiträge an innerkantonale Gemeinden und Gemeindezweckverbände (ED, Funktion 329);346800.0;367800.0;341096.0;-21000.0;-5.71;Der einmalige Beitrag im Jahr 2025 an den Umbau «Froebelscher Kindergarten» entfällt im Jahr 2026.;174
22;Erziehungsdepartement;2298;;2298.7251;Lotteriegewinn-Fonds;3635.51;Beiträge an private Unternehmungen (FD, Funktion 329);;2000.0;;-2000.0;-100.0;;174
22;Erziehungsdepartement;2298;;2298.7251;Lotteriegewinn-Fonds;3636.06;Beiträge an private Organisationen ohne Erwerbszweck (KR, Funktion 034);25000.0;25000.0;25000.0;;;;174
22;Erziehungsdepartement;2298;;2298.7251;Lotteriegewinn-Fonds;3636.07;Beiträge an private Organisationen ohne Erwerbszweck (StK, Funktion 329);20000.0;20000.0;20242.95;;;;175
22;Erziehungsdepartement;2298;;2298.7251;Lotteriegewinn-Fonds;3636.08;Beiträge an private Organisationen ohne Erwerbszweck (StK, Funktion 321);41700.0;41700.0;41666.0;;;;175
22;Erziehungsdepartement;2298;;2298.7251;Lotteriegewinn-Fonds;3636.11;Beiträge an private Organisationen ohne Erwerbszweck (DI Soziales, Funktion 579);600000.0;700000.0;451197.01;-100000.0;-14.29;Im Budget des Lotteriegewinnfonds für das Jahr 2026 ist gemäss RRB Nr. 31/622 ein Betrag von Fr. 100'000 für das Projekt «Erholungsaufenthalt für Kinder und Jugendliche aus der Ukraine 2026» einzustellen. Der vorgesehene Beitrag soll nicht zu Lasten bereits budgetierter Projekte gehen, weshalb das Budget von Fr. 500'000 entsprechend erhöht wurde.;175
22;Erziehungsdepartement;2298;;2298.7251;Lotteriegewinn-Fonds;3636.12;Beiträge an private Organisationen ohne Erwerbszweck (DI Gesundheit, Funktion 490);75000.0;75000.0;35615.0;;;;175
22;Erziehungsdepartement;2298;;2298.7251;Lotteriegewinn-Fonds;3636.13;Beiträge an private Organisationen ohne Erwerbszweck (DI Umwelt, Funktion 779);60000.0;60000.0;57000.0;;;;175
22;Erziehungsdepartement;2298;;2298.7251;Lotteriegewinn-Fonds;3636.21;Beiträge an private Organisationen ohne Erwerbszweck (ED, Funktion 329);1895100.0;1726000.0;1465622.48;169100.0;9.8;Die Leistungsvereinbarung mit dem Sommertheater Schaffhausen wird lediglich auf einen Zeitraum von 1 Jahr geschlossen. Der beantragte Verpflichtungskredit für eine mehrjährige Leistungsvereinbarung entfällt damit. Der Beitrag des Kantons wird daher budgetneutral in das ordentliche Budget überführt (EPR0146).;175
22;Erziehungsdepartement;2298;;2298.7251;Lotteriegewinn-Fonds;3636.31;Beiträge an private Organisationen ohne Erwerbszweck (BD, Funktion 312);10000.0;10000.0;;;;;175
22;Erziehungsdepartement;2298;;2298.7251;Lotteriegewinn-Fonds;3636.32;Beiträge an private Organisationen ohne Erwerbszweck (BD, Funktion 329);165000.0;165000.0;171283.39;;;;175
22;Erziehungsdepartement;2298;;2298.7251;Lotteriegewinn-Fonds;3636.33;Beiträge an private Organisationen ohne Erwerbszweck (BD, Funktion 782);50000.0;50900.0;48565.0;-900.0;-1.77;;175
22;Erziehungsdepartement;2298;;2298.7251;Lotteriegewinn-Fonds;3636.41;Beiträge an private Organisationen ohne Erwerbszweck (VD, Funktion 329);30000.0;30000.0;30000.0;;;;175
22;Erziehungsdepartement;2298;;2298.7251;Lotteriegewinn-Fonds;3636.42;Beiträge an private Organisationen ohne Erwerbszweck (VD, Funktion 840);31500.0;28500.0;31311.7;3000.0;10.53;;175
22;Erziehungsdepartement;2298;;2298.7251;Lotteriegewinn-Fonds;3636.43;Beiträge an private Organisationen ohne Erwerbszweck (VD, Funktion 890);180000.0;180000.0;144700.0;;;;175
22;Erziehungsdepartement;2298;;2298.7251;Lotteriegewinn-Fonds;3636.51;Beiträge an private Organisationen ohne Erwerbszweck (FD, Funktion 329);5000.0;5000.0;1850.0;;;;176
22;Erziehungsdepartement;2298;;2298.7251;Lotteriegewinn-Fonds;3637.07;Beiträge an private Haushalte (StK, Funktion 329);10000.0;10000.0;;;;;176
22;Erziehungsdepartement;2298;;2298.7251;Lotteriegewinn-Fonds;3637.21;Beiträge an private Haushalte (ED, Funktion 329);210000.0;255000.0;163185.15;-45000.0;-17.65;Wegfall des Projekts «Startrampe».;176
22;Erziehungsdepartement;2298;;2298.7251;Lotteriegewinn-Fonds;3637.32;Beiträge an private Haushalte (BD, Funktion 312);327100.0;501000.0;155900.79;-173900.0;-34.71;;176
22;Erziehungsdepartement;2298;;2298.7251;Lotteriegewinn-Fonds;3638.11;Beiträge an das Ausland (DI, Funktion 593);180000.0;180000.0;180000.0;;;;176
22;Erziehungsdepartement;2298;;2298.7251;Lotteriegewinn-Fonds;3638.21;Beiträge an das Ausland (ED, Funktion 329);85000.0;110000.0;64532.02;-25000.0;-22.73;Wegfall des Projekts «Kulturforum 2025 der Internationalen Bodensee- Konferenz».;176
22;Erziehungsdepartement;2298;;2298.7251;Lotteriegewinn-Fonds;4130.00;Ertragsanteile an Lotterien, Sport-Toto, Wetten;-4530000.0;-4379000.0;-4711902.86;-151000.0;3.45;;176
22;Erziehungsdepartement;2298;;2298.7251;Lotteriegewinn-Fonds;4501.00;Entnahmen aus Fonds des Fremdkapitals;-522100.0;-880500.0;;358400.0;-40.7;;176
22;Erziehungsdepartement;2298;;2298.7251;Lotteriegewinn-Fonds;4940.00;IV Kalk. Zinsen und Finanzaufwand;;-8200.0;-3717.61;8200.0;-100.0;;176
22;Erziehungsdepartement;2298;;2298.7615;Pestalozzifonds;3637.00;Beiträge an private Haushalte;;;10000.0;;;;176
22;Erziehungsdepartement;2298;;2298.7615;Pestalozzifonds;4940.00;IV Kalk. Zinsen und Finanzaufwand;;-700.0;-471.88;700.0;-100.0;;176
22;Erziehungsdepartement;2298;;2298.7615;Pestalozzifonds;9010.00;Abschluss Spezialfinanzierungen und Fonds des Eigenkapitals, Ertragsüberschuss;;700.0;;-700.0;-100.0;;176
22;Erziehungsdepartement;2298;;2298.7615;Pestalozzifonds;9011.00;Abschluss Spezialfinanzierungen und Fonds des Eigenkapitals, Aufwandüberschuss;;;-9528.12;;;;176
22;Erziehungsdepartement;2298;;2298.7620;Lehrlingsunterstützungsfonds;3502.00;Einlagen in Legate und Stiftungen des Fremdkapitals;;100.0;33.06;-100.0;-100.0;;176
22;Erziehungsdepartement;2298;;2298.7620;Lehrlingsunterstützungsfonds;4940.00;IV Kalk. Zinsen und Finanzaufwand;;-100.0;-33.06;100.0;-100.0;;176
22;Erziehungsdepartement;2298;;2298.7705;Hermann-Uehlinger-Fonds Charlottenfels;3502.00;Einlagen in Legate und Stiftungen des Fremdkapitals;;200.0;159.23;-200.0;-100.0;;176
22;Erziehungsdepartement;2298;;2298.7705;Hermann-Uehlinger-Fonds Charlottenfels;4940.00;IV Kalk. Zinsen und Finanzaufwand;;-200.0;-159.23;200.0;-100.0;;176
23;Baudepartement;2300;Sekretariat/Rechtsdienst;;;3000.10;Sitzungsgelder Kommissionen;60000.0;60000.0;58100.0;;;;177
23;Baudepartement;2300;Sekretariat/Rechtsdienst;;;3010.00;Löhne des Verwaltungs- und Betriebspersonals;1028400.0;794000.0;761445.0;234400.0;29.52;Zusätzliche Juristenstelle beantragt.;177
23;Baudepartement;2300;Sekretariat/Rechtsdienst;;;3050.00;AG-Beiträge AHV, IV, EO, ALV, Verwaltungskosten;70700.0;55500.0;51429.45;15200.0;27.39;;177
23;Baudepartement;2300;Sekretariat/Rechtsdienst;;;3052.00;AG-Beiträge an Pensionskassen;137400.0;106000.0;117652.0;31400.0;29.62;;177
23;Baudepartement;2300;Sekretariat/Rechtsdienst;;;3053.00;AG-Beiträge an Unfallversicherungen;6500.0;4600.0;3920.9;1900.0;41.3;;177
23;Baudepartement;2300;Sekretariat/Rechtsdienst;;;3054.00;AG-Beiträge an Familienzulagekassen;14100.0;11100.0;10395.25;3000.0;27.03;;177
23;Baudepartement;2300;Sekretariat/Rechtsdienst;;;3059.10;AG-Beiträge Sozialfonds;900.0;700.0;599.15;200.0;28.57;;177
23;Baudepartement;2300;Sekretariat/Rechtsdienst;;;3064.00;Überbrückungsrenten;45000.0;;;45000.0;;Frühpensionierung einer Mitarbeiterin.;177
23;Baudepartement;2300;Sekretariat/Rechtsdienst;;;3090.00;Aus- und Weiterbildung des eigenen Personals;130000.0;155000.0;105121.08;-25000.0;-16.13;Reduktion aufgrund Rechnung Vorjahre (max. Fr. 1'000 pro Mitarbeiter).;177
23;Baudepartement;2300;Sekretariat/Rechtsdienst;;;3091.00;Personalwerbung;1000.0;1000.0;;;;;177
23;Baudepartement;2300;Sekretariat/Rechtsdienst;;;3099.00;Übriger Personalaufwand;12000.0;12000.0;8057.65;;;;177
23;Baudepartement;2300;Sekretariat/Rechtsdienst;;;3100.00;Büromaterial;6000.0;6000.0;4413.34;;;;177
23;Baudepartement;2300;Sekretariat/Rechtsdienst;;;3103.00;Fachliteratur, Zeitschriften;6000.0;6000.0;3175.4;;;;177
23;Baudepartement;2300;Sekretariat/Rechtsdienst;;;3110.00;Büromöbel und -geräte;3000.0;2000.0;4028.85;1000.0;50.0;;177
23;Baudepartement;2300;Sekretariat/Rechtsdienst;;;3113.00;Hardware;4000.0;5600.0;329.0;-1600.0;-28.57;;177
23;Baudepartement;2300;Sekretariat/Rechtsdienst;;;3130.00;Dienstleistungen Dritter;50000.0;70000.0;39255.01;-20000.0;-28.57;Reduktion infolge zusätzlich beantragter Stelle.;177
23;Baudepartement;2300;Sekretariat/Rechtsdienst;;;3133.00;Informatik-Nutzungsaufwand;55200.0;55000.0;42190.5;200.0;0.36;;177
23;Baudepartement;2300;Sekretariat/Rechtsdienst;;;3153.00;Informatik-Unterhalt (Hardware);2000.0;2000.0;;;;;177
23;Baudepartement;2300;Sekretariat/Rechtsdienst;;;3158.00;Unterhalt immaterielle Anlagen;5000.0;5000.0;;;;;177
23;Baudepartement;2300;Sekretariat/Rechtsdienst;;;3160.00;Mieten und Pachten Liegenschaften;4000.0;4000.0;1053.6;;;;177
23;Baudepartement;2300;Sekretariat/Rechtsdienst;;;3161.00;Mieten, Benützungskosten Anlagen;8000.0;8000.0;6102.05;;;;177
23;Baudepartement;2300;Sekretariat/Rechtsdienst;;;3170.00;Reisekosten und Spesen;5000.0;3000.0;4948.9;2000.0;66.67;;177
23;Baudepartement;2300;Sekretariat/Rechtsdienst;;;3199.00;Übriger Betriebsaufwand;5000.0;5000.0;3929.3;;;;177
23;Baudepartement;2300;Sekretariat/Rechtsdienst;;;3631.00;Beiträge an Kantone und Konkordate;14000.0;14000.0;13235.0;;;;177
23;Baudepartement;2300;Sekretariat/Rechtsdienst;;;3980.00;Übertragungen;5300000.0;1000000.0;;4300000.0;430.0;Äufnung Fr. 5.3 Mio. für Klimafonds, davon Fr. 4.0 Mio. für Klimaschutz und Energie (Finanzstelle 2398.7236) und Fr. 1.3 Mio. für Klimaanpassung (Finanzstelle 2398.7237).;178
23;Baudepartement;2301;Energiefachstelle;;;3130.00;Dienstleistungen Dritter;70000.0;70000.0;59958.19;;;;178
23;Baudepartement;2301;Energiefachstelle;;;3611.00;Entschädigungen an Kantone und Konkordate;1225000.0;1175000.0;1150986.5;50000.0;4.26;2026 steht ein einmalig höherer IT- Aufwand im Zusammenhang mit der schweizweiten Einführung des digitalen Energienachweises an. Fr. 25'000 für die Ergänzung des Leistungsauftrags mit dem ITS zur Umsetzung des Netto-Null- Programms, gestützt auf das Klima- und Innovationsgesetz. Dieser Betrag wird nicht dem Klimafonds angelastet. Es handelt sich um eine Erweiterung eines bestehenden Leistungsauftrags, der über die Sachmittel finanziert wurde und wird.;178
23;Baudepartement;2301;Energiefachstelle;;;3632.10;Beiträge an innerkantonale Gemeinden und Gemeindezweckverbände;;;160166.98;;;;178
23;Baudepartement;2301;Energiefachstelle;;;3634.00;Beiträge an öffentliche Unternehmungen;;;8940.75;;;;178
23;Baudepartement;2301;Energiefachstelle;;;3635.00;Beiträge an private Unternehmungen;;;977701.34;;;;178
23;Baudepartement;2301;Energiefachstelle;;;3636.00;Beiträge an private Organisationen ohne Erwerbszweck;;;151122.13;;;;178
23;Baudepartement;2301;Energiefachstelle;;;3637.00;Beiträge an private Haushalte;;;2236557.2;;;;178
23;Baudepartement;2301;Energiefachstelle;;;3660.20;Planmässige Abschreibungen Invest.beiträge an Gemeinden;7100.0;7100.0;7146.0;;;;178
23;Baudepartement;2301;Energiefachstelle;;;3660.40;Planmässige Abschreibungen Invest.beiträge an öffentliche Unternehmungen;2900.0;2900.0;2850.0;;;;178
23;Baudepartement;2301;Energiefachstelle;;;3660.50;Planmässige Abschreibungen Invest.beiträge an private Unternehmungen;88900.0;86700.0;88933.0;2200.0;2.54;;178
23;Baudepartement;2301;Energiefachstelle;;;3660.60;Planmässige Abschreibungen Invest.beiträge ab private Unternehmungen ohne Erwerbszweck;9900.0;9900.0;9936.0;;;;178
23;Baudepartement;2301;Energiefachstelle;;;3660.70;Planmässige Abschreibungen Invest.beiträge an private Haushalte;1257800.0;1225500.0;1285463.0;32300.0;2.64;;178
23;Baudepartement;2301;Energiefachstelle;;;3702.10;Durchlaufende Beiträge an Gemeinden und Gemeindezweckverbände;;;303692.02;;;;179
23;Baudepartement;2301;Energiefachstelle;;;3704.00;Durchlaufende Beiträge an öffentliche Unternehmungen;;;65225.25;;;;179
23;Baudepartement;2301;Energiefachstelle;;;3705.00;Durchlaufende Beiträge an private Unternehmungen;;;1853796.56;;;;179
23;Baudepartement;2301;Energiefachstelle;;;3706.00;Durchlaufende Beiträge an private Organisationen ohne Erwerbszweck;;;276386.87;;;;179
23;Baudepartement;2301;Energiefachstelle;;;3707.00;Durchlaufende Beiträge an private Haushalte;1600000.0;;4390607.82;1600000.0;;Neues Implusprogramm des Bundes (ab 1. Januar 2025), welches den Ersatz von grossen Oel-, Gas- und Elektrodirektheizungen fördert und zu 100% über den Bund finanziert wird (Gegenkonto 4700.00).;179
23;Baudepartement;2301;Energiefachstelle;;;4611.00;Entschädigungen von Kantonen und Konkordaten;-275000.0;-300000.0;-374214.0;25000.0;-8.33;Anzahl Fördergesuche sinkt nach den Jahren 2020-2023 (Pandemie, drohende Energiemangellage) wieder auf ein nomales Niveau. Damit sinkt auch die Entschädigung des Bundes für die Gesuchsbearbeitung. Die Prüfungskosten fallen im Konto 3611.00 an.;179
23;Baudepartement;2301;Energiefachstelle;;;4632.10;Laufende Betriebsbeiträge von innerkantonalen Gemeinden und Gemeindezweckverbände;;;-182880.71;;;;179
23;Baudepartement;2301;Energiefachstelle;;;4700.00;Durchlaufende Beiträge vom Bund;-1600000.0;;-6889708.52;-1600000.0;;Gegenkonto zu 3707.00.;179
23;Baudepartement;2301;Energiefachstelle;;;4980.00;Übertragungen;;;-3351607.69;;;;179
23;Baudepartement;2306;Raumplanung, Naturschutz, Bauinspektorat;;;3010.00;Löhne des Verwaltungs- und Betriebspersonals;1678600.0;1520900.0;1192144.75;157700.0;10.37;Wieder- und Neubesetzung Personal.;179
23;Baudepartement;2306;Raumplanung, Naturschutz, Bauinspektorat;;;3049.00;Übrige Zulagen;700.0;700.0;700.0;;;;179
23;Baudepartement;2306;Raumplanung, Naturschutz, Bauinspektorat;;;3050.00;AG-Beiträge AHV, IV, EO, ALV, Verwaltungskosten;109100.0;98900.0;77396.15;10200.0;10.31;;179
23;Baudepartement;2306;Raumplanung, Naturschutz, Bauinspektorat;;;3052.00;AG-Beiträge an Pensionskassen;224300.0;203000.0;167107.9;21300.0;10.49;;179
23;Baudepartement;2306;Raumplanung, Naturschutz, Bauinspektorat;;;3053.00;AG-Beiträge an Unfallversicherungen;13800.0;12300.0;8915.0;1500.0;12.2;;179
23;Baudepartement;2306;Raumplanung, Naturschutz, Bauinspektorat;;;3054.00;AG-Beiträge an Familienzulagekassen;21800.0;19800.0;15485.5;2000.0;10.1;;179
23;Baudepartement;2306;Raumplanung, Naturschutz, Bauinspektorat;;;3059.10;AG-Beiträge Sozialfonds;1300.0;1200.0;948.25;100.0;8.33;;179
23;Baudepartement;2306;Raumplanung, Naturschutz, Bauinspektorat;;;3064.00;Überbrückungsrenten;;;884.0;;;;179
23;Baudepartement;2306;Raumplanung, Naturschutz, Bauinspektorat;;;3091.00;Personalwerbung;5000.0;4000.0;8056.25;1000.0;25.0;;179
23;Baudepartement;2306;Raumplanung, Naturschutz, Bauinspektorat;;;3099.00;Übriger Personalaufwand;7800.0;3000.0;1040.0;4800.0;160.0;;179
23;Baudepartement;2306;Raumplanung, Naturschutz, Bauinspektorat;;;3100.00;Büromaterial;6000.0;6000.0;4021.84;;;;179
23;Baudepartement;2306;Raumplanung, Naturschutz, Bauinspektorat;;;3102.00;Drucksachen, Publikationen;5000.0;5000.0;160.0;;;;180
23;Baudepartement;2306;Raumplanung, Naturschutz, Bauinspektorat;;;3103.00;Fachliteratur, Zeitschriften;2000.0;1800.0;1475.85;200.0;11.11;;180
23;Baudepartement;2306;Raumplanung, Naturschutz, Bauinspektorat;;;3111.00;Maschinen, Geräte und Fahrzeuge;5000.0;5000.0;;;;;180
23;Baudepartement;2306;Raumplanung, Naturschutz, Bauinspektorat;;;3113.00;Hardware;8000.0;8000.0;1495.22;;;;180
23;Baudepartement;2306;Raumplanung, Naturschutz, Bauinspektorat;;;3118.00;Immaterielle Anlagen;50000.0;30000.0;21802.8;20000.0;66.67;Ausbauschritt 2026 der Geschäftsverwaltung und neue Version einer Fachapplikation aufgrund Wartungseinstellung der aktuellen Version.;180
23;Baudepartement;2306;Raumplanung, Naturschutz, Bauinspektorat;;;3130.00;Dienstleistungen Dritter;619000.0;369300.0;388478.45;249700.0;67.61;Verpflichtungskredite zur Umsetzung Raumplanungsgesetz 2 (neu), Arbeitszonenbewirtschaftung (bisher) und Umsetzung Sachplan Fruchtfolgeflächen (bisher).;180
23;Baudepartement;2306;Raumplanung, Naturschutz, Bauinspektorat;;;3132.00;Honorare externe Berater, Gutachter, Fachexperten etc.;12000.0;12000.0;;;;;180
23;Baudepartement;2306;Raumplanung, Naturschutz, Bauinspektorat;;;3133.00;Informatik-Nutzungsaufwand;103500.0;95000.0;68880.7;8500.0;8.95;;180
23;Baudepartement;2306;Raumplanung, Naturschutz, Bauinspektorat;;;3134.00;Sachversicherungsprämien;500.0;500.0;340.2;;;;180
23;Baudepartement;2306;Raumplanung, Naturschutz, Bauinspektorat;;;3151.00;Unterhalt Maschinen, Geräte, Fahrzeuge;;;203.0;;;;180
23;Baudepartement;2306;Raumplanung, Naturschutz, Bauinspektorat;;;3158.00;Unterhalt immaterielle Anlagen;9100.0;6900.0;8197.55;2200.0;31.88;;180
23;Baudepartement;2306;Raumplanung, Naturschutz, Bauinspektorat;;;3160.00;Mieten und Pachten Liegenschaften;1000.0;1000.0;560.0;;;;180
23;Baudepartement;2306;Raumplanung, Naturschutz, Bauinspektorat;;;3161.00;Mieten, Benützungskosten Anlagen;5000.0;5000.0;12520.55;;;;180
23;Baudepartement;2306;Raumplanung, Naturschutz, Bauinspektorat;;;3170.00;Reisekosten und Spesen;12000.0;12000.0;7258.7;;;;180
23;Baudepartement;2306;Raumplanung, Naturschutz, Bauinspektorat;;;3199.00;Übriger Betriebsaufwand;8000.0;3000.0;15683.55;5000.0;166.67;;180
23;Baudepartement;2306;Raumplanung, Naturschutz, Bauinspektorat;;;3611.00;Entschädigungen an Kantone und Konkordate;35000.0;38000.0;35600.0;-3000.0;-7.89;;180
23;Baudepartement;2306;Raumplanung, Naturschutz, Bauinspektorat;;;3630.00;Beiträge an den Bund;;;3970.0;;;;180
23;Baudepartement;2306;Raumplanung, Naturschutz, Bauinspektorat;;;3631.00;Beiträge an Kantone und Konkordate;14000.0;11000.0;13454.0;3000.0;27.27;;180
23;Baudepartement;2306;Raumplanung, Naturschutz, Bauinspektorat;;;3635.00;Beiträge an private Unternehmungen;;200.0;285.4;-200.0;-100.0;;180
23;Baudepartement;2306;Raumplanung, Naturschutz, Bauinspektorat;;;3636.00;Beiträge an private Organisationen ohne Erwerbszweck;1500.0;1500.0;1550.0;;;;180
23;Baudepartement;2306;Raumplanung, Naturschutz, Bauinspektorat;;;3637.00;Beiträge an private Haushalte;;;-1095.0;;;;180
23;Baudepartement;2306;Raumplanung, Naturschutz, Bauinspektorat;;;3700.00;Durchlaufende Beiträge an den Bund;;;1095.0;;;;180
23;Baudepartement;2306;Raumplanung, Naturschutz, Bauinspektorat;;;3702.10;Durchlaufende Beiträge an Gemeinden und Gemeindezweckverbände;;;1095.0;;;;180
23;Baudepartement;2306;Raumplanung, Naturschutz, Bauinspektorat;;;3980.00;Übertragungen;800000.0;800000.0;800000.0;;;;180
23;Baudepartement;2306;Raumplanung, Naturschutz, Bauinspektorat;;;4210.00;Gebühren für Amtshandlungen;-400000.0;-400000.0;-406015.0;;;;180
23;Baudepartement;2306;Raumplanung, Naturschutz, Bauinspektorat;;;4270.00;Bussen;-6000.0;-6000.0;-3600.0;;;;180
23;Baudepartement;2306;Raumplanung, Naturschutz, Bauinspektorat;;;4612.10;Entschädigungen von innerkantonalen Gemeinden und Gemeindezweckverbänden;-3000.0;-3000.0;-3000.0;;;;181
23;Baudepartement;2306;Raumplanung, Naturschutz, Bauinspektorat;;;4630.00;Beiträge vom Bund;-89000.0;-89000.0;-47455.55;;;;181
23;Baudepartement;2306;Raumplanung, Naturschutz, Bauinspektorat;;;4707.00;Durchlaufende Beiträge von privaten Haushalten;;;-2190.0;;;;181
23;Baudepartement;2306;Raumplanung, Naturschutz, Bauinspektorat;;;4980.00;Übertragungen;;;-83482.15;;;;181
23;Baudepartement;2308;Sachaufwand Naturschutz;;;3010.00;Löhne des Verwaltungs- und Betriebspersonals;60200.0;60800.0;127513.4;-600.0;-0.99;;181
23;Baudepartement;2308;Sachaufwand Naturschutz;;;3050.00;AG-Beiträge AHV, IV, EO, ALV, Verwaltungskosten;3900.0;4000.0;8291.25;-100.0;-2.5;;181
23;Baudepartement;2308;Sachaufwand Naturschutz;;;3052.00;AG-Beiträge an Pensionskassen;8000.0;8100.0;14989.65;-100.0;-1.23;;181
23;Baudepartement;2308;Sachaufwand Naturschutz;;;3053.00;AG-Beiträge an Unfallversicherungen;300.0;300.0;-527.85;;;;181
23;Baudepartement;2308;Sachaufwand Naturschutz;;;3054.00;AG-Beiträge an Familienzulagekassen;800.0;800.0;1658.3;;;;181
23;Baudepartement;2308;Sachaufwand Naturschutz;;;3059.10;AG-Beiträge Sozialfonds;;;101.75;;;;181
23;Baudepartement;2308;Sachaufwand Naturschutz;;;3101.00;Betriebs- und Verbrauchsmaterial;14000.0;12000.0;14766.26;2000.0;16.67;;181
23;Baudepartement;2308;Sachaufwand Naturschutz;;;3102.00;Drucksachen, Publikationen;7000.0;6000.0;3638.5;1000.0;16.67;;181
23;Baudepartement;2308;Sachaufwand Naturschutz;;;3103.00;Fachliteratur, Zeitschriften;1000.0;1000.0;50.9;;;;181
23;Baudepartement;2308;Sachaufwand Naturschutz;;;3111.00;Maschinen, Geräte und Fahrzeuge;6000.0;9000.0;;-3000.0;-33.33;;181
23;Baudepartement;2308;Sachaufwand Naturschutz;;;3112.00;Kleider, Wäsche, Vorhänge;1000.0;;;1000.0;;;181
23;Baudepartement;2308;Sachaufwand Naturschutz;;;3118.00;Immaterielle Anlagen;75000.0;120000.0;;-45000.0;-37.5;Laufendes IT-Projekt «Naturschutzverwaltungssystem», Umsetzung gemäss Projektantrag.;181
23;Baudepartement;2308;Sachaufwand Naturschutz;;;3130.00;Dienstleistungen Dritter;;10000.0;56573.85;-10000.0;-100.0;;181
23;Baudepartement;2308;Sachaufwand Naturschutz;;;3132.00;Honorare externe Berater, Gutachter, Fachexperten etc.;10000.0;10000.0;8650.25;;;;181
23;Baudepartement;2308;Sachaufwand Naturschutz;;;3133.00;Informatik-Nutzungsaufwand;7200.0;15000.0;;-7800.0;-52.0;;181
23;Baudepartement;2308;Sachaufwand Naturschutz;;;3137.00;Steuern und Abgaben;1700.0;1700.0;1670.0;;;;181
23;Baudepartement;2308;Sachaufwand Naturschutz;;;3140.00;Unterhalt Grundstücke;110000.0;110000.0;14100.45;;;;181
23;Baudepartement;2308;Sachaufwand Naturschutz;;;3151.00;Unterhalt Maschinen, Geräte, Fahrzeuge;15000.0;15000.0;20443.3;;;;181
23;Baudepartement;2308;Sachaufwand Naturschutz;;;3611.00;Entschädigungen an Kantone und Konkordate;2000.0;2000.0;;;;;181
23;Baudepartement;2308;Sachaufwand Naturschutz;;;3612.10;Entschädigungen an innerkantonale Gemeinden und Gemeindezweckverbände;200000.0;200000.0;66535.7;;;;181
23;Baudepartement;2308;Sachaufwand Naturschutz;;;3630.00;Beiträge an den Bund;;;50.0;;;;181
23;Baudepartement;2308;Sachaufwand Naturschutz;;;3632.10;Beiträge an innerkantonale Gemeinden und Gemeindezweckverbände;;;4612.8;;;;181
23;Baudepartement;2308;Sachaufwand Naturschutz;;;3635.00;Beiträge an private Unternehmungen;360000.0;360000.0;335444.71;;;;181
23;Baudepartement;2308;Sachaufwand Naturschutz;;;3636.00;Beiträge an private Organisationen ohne Erwerbszweck;50000.0;50000.0;60585.48;;;;182
23;Baudepartement;2308;Sachaufwand Naturschutz;;;3637.00;Beiträge an private Haushalte;;;180.0;;;;182
23;Baudepartement;2308;Sachaufwand Naturschutz;;;3638.00;Beiträge an das Ausland;5000.0;5000.0;2258.0;;;;182
23;Baudepartement;2308;Sachaufwand Naturschutz;;;3702.10;Durchlaufende Beiträge an Gemeinden und Gemeindezweckverbände;350000.0;350000.0;74412.8;;;;182
23;Baudepartement;2308;Sachaufwand Naturschutz;;;3705.00;Durchlaufende Beiträge an private Unternehmungen;550000.0;550000.0;593146.13;;;;182
23;Baudepartement;2308;Sachaufwand Naturschutz;;;3706.00;Durchlaufende Beiträge an private Organisationen ohne Erwerbszweck;80000.0;80000.0;102708.6;;;;182
23;Baudepartement;2308;Sachaufwand Naturschutz;;;3707.00;Durchlaufende Beiträge an private Haushalte;60000.0;60000.0;120.0;;;;182
23;Baudepartement;2308;Sachaufwand Naturschutz;;;3708.00;Durchlaufende Beiträge an das Ausland;20000.0;20000.0;;;;;182
23;Baudepartement;2308;Sachaufwand Naturschutz;;;3910.00;IV Dienstleistungen;;;1230.15;;;;182
23;Baudepartement;2308;Sachaufwand Naturschutz;;;4430.00;Pacht- und Mietzinse Liegenschaften FV;-1000.0;-1000.0;-948.5;;;;182
23;Baudepartement;2308;Sachaufwand Naturschutz;;;4610.00;Entschädigungen vom Bund;;-10000.0;-13755.85;10000.0;-100.0;;182
23;Baudepartement;2308;Sachaufwand Naturschutz;;;4630.00;Beiträge vom Bund;;;-28265.49;;;;182
23;Baudepartement;2308;Sachaufwand Naturschutz;;;4700.00;Durchlaufende Beiträge vom Bund;-1060000.0;-1060000.0;-770387.53;;;;182
23;Baudepartement;2308;Sachaufwand Naturschutz;;;4980.00;Übertragungen;;;-314425.03;;;;182
23;Baudepartement;2320;Verwaltung und Projektierung TSH;;;3010.00;Löhne des Verwaltungs- und Betriebspersonals;1763700.0;1759300.0;1485576.0;4400.0;0.25;;182
23;Baudepartement;2320;Verwaltung und Projektierung TSH;;;3010.95;Rückerstattungen Taggelder UV, EO, MSE, MV, IV für Verwaltungs- und Betriebspersonal;;;-4317.3;;;;182
23;Baudepartement;2320;Verwaltung und Projektierung TSH;;;3050.00;AG-Beiträge AHV, IV, EO, ALV, Verwaltungskosten;113600.0;115900.0;95646.05;-2300.0;-1.98;;182
23;Baudepartement;2320;Verwaltung und Projektierung TSH;;;3052.00;AG-Beiträge an Pensionskassen;277300.0;266700.0;234209.0;10600.0;3.97;;182
23;Baudepartement;2320;Verwaltung und Projektierung TSH;;;3053.00;AG-Beiträge an Unfallversicherungen;15100.0;14200.0;9327.4;900.0;6.34;;182
23;Baudepartement;2320;Verwaltung und Projektierung TSH;;;3054.00;AG-Beiträge an Familienzulagekassen;22800.0;24900.0;19257.75;-2100.0;-8.43;;182
23;Baudepartement;2320;Verwaltung und Projektierung TSH;;;3059.10;AG-Beiträge Sozialfonds;1300.0;2200.0;1136.9;-900.0;-40.91;;182
23;Baudepartement;2320;Verwaltung und Projektierung TSH;;;3099.00;Übriger Personalaufwand;10000.0;10000.0;5959.2;;;;182
23;Baudepartement;2320;Verwaltung und Projektierung TSH;;;3100.00;Büromaterial;10000.0;10000.0;10892.14;;;;182
23;Baudepartement;2320;Verwaltung und Projektierung TSH;;;3101.00;Betriebs- und Verbrauchsmaterial;;;351.85;;;;182
23;Baudepartement;2320;Verwaltung und Projektierung TSH;;;3102.00;Drucksachen, Publikationen;2000.0;2000.0;;;;;182
23;Baudepartement;2320;Verwaltung und Projektierung TSH;;;3103.00;Fachliteratur, Zeitschriften;15000.0;15000.0;11423.15;;;;182
23;Baudepartement;2320;Verwaltung und Projektierung TSH;;;3110.00;Büromöbel und -geräte;2000.0;2000.0;;;;;182
23;Baudepartement;2320;Verwaltung und Projektierung TSH;;;3113.00;Hardware;8500.0;8500.0;1273.0;;;;182
23;Baudepartement;2320;Verwaltung und Projektierung TSH;;;3118.00;Immaterielle Anlagen;5000.0;5000.0;584.57;;;;182
23;Baudepartement;2320;Verwaltung und Projektierung TSH;;;3130.00;Dienstleistungen Dritter;75000.0;75000.0;76433.43;;;;183
23;Baudepartement;2320;Verwaltung und Projektierung TSH;;;3131.00;Planungen und Projektierungen Dritter;1540000.0;1350000.0;1485602.12;190000.0;14.07;"Planungen bis zur Kreditbewilligung von Projekten werden in der Erfolgsrechnung verbucht: Fr. 50'000 Grundlagen Agglomerationsprogramm; Fr. 160'000 Siblingen Bauprojekt Ortsdurchfahrt; Fr. 80'000 Ramsen Vorprojekt Ortsdurchfahrt; Fr. 250'000 diverse Kunstbauten (davon Fr. 90'000 Neuhausen Katzensteig Stützmauer, Fr. 40'000 Thayngen Knorrbrücke, Fr. 40'000 Hemishofen Berglibrücke, Fr. 80'000 diverse Kunstbauten); Fr. 250'000 Merishausen Bauprojekte neuer Anschluss H4; Fr. 200'000 Schleitheim Stützmauer Kantonsstrasse; Fr. 100'000 Neuhausen Bauprojekt Aufwertung Schaffhauserstrasse; Fr. 75'000 Beratungen: Immissionskataster/Lärm; Fr. 65'000 Beringen Vorprojekt Enge Busspur; Fr. 50'000 Thayngen Bauprojekt Radweg Hüttenleben; Fr. 50'000 Neuhausen Bauprojekte Kreuzung Kreuzstrasse; Fr. 210'000 verschiedene Projekte.";183
23;Baudepartement;2320;Verwaltung und Projektierung TSH;;;3132.00;Honorare externe Berater, Gutachter, Fachexperten etc.;10000.0;10000.0;;;;;183
23;Baudepartement;2320;Verwaltung und Projektierung TSH;;;3133.00;Informatik-Nutzungsaufwand;135400.0;117500.0;110166.55;17900.0;15.23;Erhöhung infolge Ausrüstung aller Arbeitsplätze mit «Virtual Private Network» (Lizenzen und Unterhalt).;183
23;Baudepartement;2320;Verwaltung und Projektierung TSH;;;3134.00;Sachversicherungsprämien;1000.0;1000.0;526.5;;;;183
23;Baudepartement;2320;Verwaltung und Projektierung TSH;;;3137.00;Steuern und Abgaben;82700.0;82700.0;61743.62;;;;183
23;Baudepartement;2320;Verwaltung und Projektierung TSH;;;3151.00;Unterhalt Maschinen, Geräte, Fahrzeuge;10000.0;10000.0;1535.56;;;;183
23;Baudepartement;2320;Verwaltung und Projektierung TSH;;;3153.00;Informatik-Unterhalt (Hardware);;;99.05;;;;183
23;Baudepartement;2320;Verwaltung und Projektierung TSH;;;3158.00;Unterhalt immaterielle Anlagen;26000.0;26000.0;29905.2;;;;183
23;Baudepartement;2320;Verwaltung und Projektierung TSH;;;3161.00;Mieten, Benützungskosten Anlagen;10000.0;10000.0;8862.85;;;;183
23;Baudepartement;2320;Verwaltung und Projektierung TSH;;;3170.00;Reisekosten und Spesen;12000.0;12000.0;7228.45;;;;183
23;Baudepartement;2320;Verwaltung und Projektierung TSH;;;3199.00;Übriger Betriebsaufwand;10000.0;10000.0;4092.75;;;;183
23;Baudepartement;2320;Verwaltung und Projektierung TSH;;;3610.00;Entschädigungen an Bund;40000.0;40000.0;;;;;184
23;Baudepartement;2320;Verwaltung und Projektierung TSH;;;3612.10;Entschädigungen an innerkantonale Gemeinden und Gemeindezweckverbände;25000.0;25000.0;3780.25;;;;184
23;Baudepartement;2320;Verwaltung und Projektierung TSH;;;3702.10;Durchlaufende Beiträge an Gemeinden und Gemeindezweckverbände;50000.0;50000.0;4430.0;;;;184
23;Baudepartement;2320;Verwaltung und Projektierung TSH;;;3910.00;IV Dienstleistungen;1500.0;;9694.85;1500.0;;;184
23;Baudepartement;2320;Verwaltung und Projektierung TSH;;;3930.00;IV Betriebs- und Verwaltungskosten;3000.0;3000.0;;;;;184
23;Baudepartement;2320;Verwaltung und Projektierung TSH;;;4250.00;Verkäufe;-1000.0;-1000.0;-385.2;;;;184
23;Baudepartement;2320;Verwaltung und Projektierung TSH;;;4309.00;Übrige betriebliche Erträge;-1000.0;-1000.0;-2457.4;;;;184
23;Baudepartement;2320;Verwaltung und Projektierung TSH;;;4610.00;Entschädigungen vom Bund;-15000.0;-15000.0;-51504.62;;;;184
23;Baudepartement;2320;Verwaltung und Projektierung TSH;;;4612.10;Entschädigungen von innerkantonalen Gemeinden und Gemeindezweckverbänden;-1500000.0;-1300000.0;-1170089.8;-200000.0;15.38;Mehreinnahmen von der Stadt Schaffhausen: Es konnten zwei zusätzliche Projektleiter eingestellt werden, die hauptsächlich städtische Projekte bearbeiten.;184
23;Baudepartement;2320;Verwaltung und Projektierung TSH;;;4700.00;Durchlaufende Beiträge vom Bund;-50000.0;-50000.0;-4430.0;;;;184
23;Baudepartement;2320;Verwaltung und Projektierung TSH;;;4930.00;IV Betriebs- und Verwaltungskosten;-15000.0;-15000.0;-14253.96;;;;184
23;Baudepartement;2320;Verwaltung und Projektierung TSH;;;4980.00;Übertragungen;-2683200.0;-2642300.0;-2435088.41;-40900.0;1.55;Ausgleich der Finanzstelle über den Fonds für den Bau, Betrieb und Unterhalt der Kantonsstrassen.;184
23;Baudepartement;2322;Unterhaltsdienst und Strassenerhaltung;;;3010.00;Löhne des Verwaltungs- und Betriebspersonals;4403200.0;4330700.0;4218511.35;72500.0;1.67;Veränderung der Lohnsumme aufgrund Mutationen und Teuerung, Erhöhung Stellenplan um 0.5 Stellen gemäss Formular C.;184
23;Baudepartement;2322;Unterhaltsdienst und Strassenerhaltung;;;3010.95;Rückerstattungen Taggelder UV, EO, MSE, MV, IV für Verwaltungs- und Betriebspersonal;-40000.0;-40000.0;-18864.55;;;;184
23;Baudepartement;2322;Unterhaltsdienst und Strassenerhaltung;;;3050.00;AG-Beiträge AHV, IV, EO, ALV, Verwaltungskosten;284500.0;290400.0;272558.9;-5900.0;-2.03;;184
23;Baudepartement;2322;Unterhaltsdienst und Strassenerhaltung;;;3052.00;AG-Beiträge an Pensionskassen;602300.0;594800.0;577188.8;7500.0;1.26;;184
23;Baudepartement;2322;Unterhaltsdienst und Strassenerhaltung;;;3053.00;AG-Beiträge an Unfallversicherungen;113700.0;141200.0;104138.95;-27500.0;-19.48;Veränderung der Lohnsumme aufgrund Mutationen und Teuerung, Erhöhung Stellenplan um 0.5 Stellen gemäss Formular C.;184
23;Baudepartement;2322;Unterhaltsdienst und Strassenerhaltung;;;3054.00;AG-Beiträge an Familienzulagekassen;57000.0;62300.0;54594.2;-5300.0;-8.51;;184
23;Baudepartement;2322;Unterhaltsdienst und Strassenerhaltung;;;3059.10;AG-Beiträge Sozialfonds;3500.0;5300.0;3326.95;-1800.0;-33.96;;184
23;Baudepartement;2322;Unterhaltsdienst und Strassenerhaltung;;;3064.00;Überbrückungsrenten;;;39352.0;;;;184
23;Baudepartement;2322;Unterhaltsdienst und Strassenerhaltung;;;3099.00;Übriger Personalaufwand;15500.0;15500.0;12386.0;;;;185
23;Baudepartement;2322;Unterhaltsdienst und Strassenerhaltung;;;3100.00;Büromaterial;;;1000.0;;;;185
23;Baudepartement;2322;Unterhaltsdienst und Strassenerhaltung;;;3101.00;Betriebs- und Verbrauchsmaterial;640000.0;640000.0;545953.02;;;;185
23;Baudepartement;2322;Unterhaltsdienst und Strassenerhaltung;;;3103.00;Fachliteratur, Zeitschriften;2500.0;2500.0;231.2;;;;185
23;Baudepartement;2322;Unterhaltsdienst und Strassenerhaltung;;;3110.00;Büromöbel und -geräte;;;39233.8;;;;185
23;Baudepartement;2322;Unterhaltsdienst und Strassenerhaltung;;;3111.00;Maschinen, Geräte und Fahrzeuge;220000.0;360000.0;253602.9;-140000.0;-38.89;Fr. 55'000 Ersatz VW Tiguan (2017/200'000 km), Fr. 55'000 Ersatz VW Tiguan (2018/205'000 km), Fr. 35'000 Ersatz Salzstreuer Trottoir Meili 6 (2007), Fr. 75'000 Ersatz Salzstreuer Eckert AG Epoke (Drittunternehmer).;185
23;Baudepartement;2322;Unterhaltsdienst und Strassenerhaltung;;;3112.00;Kleider, Wäsche, Vorhänge;58000.0;50000.0;47931.0;8000.0;16.0;;185
23;Baudepartement;2322;Unterhaltsdienst und Strassenerhaltung;;;3113.00;Hardware;3000.0;8000.0;647.0;-5000.0;-62.5;;185
23;Baudepartement;2322;Unterhaltsdienst und Strassenerhaltung;;;3119.00;Übrige nicht aktivierbare Anlagen;180000.0;180000.0;192743.0;;;;185
23;Baudepartement;2322;Unterhaltsdienst und Strassenerhaltung;;;3120.00;Ver- und Entsorgung Liegenschaften VV;130000.0;90000.0;117502.9;40000.0;44.44;Höherer Strombezug aufgrund Elektrifizierung der Fahrzeugflotte (Entsorgung Stadt Schaffhausen).;185
23;Baudepartement;2322;Unterhaltsdienst und Strassenerhaltung;;;3130.00;Dienstleistungen Dritter;140000.0;140000.0;101731.87;;;;185
23;Baudepartement;2322;Unterhaltsdienst und Strassenerhaltung;;;3133.00;Informatik-Nutzungsaufwand;88200.0;81200.0;74690.45;7000.0;8.62;;185
23;Baudepartement;2322;Unterhaltsdienst und Strassenerhaltung;;;3134.00;Sachversicherungsprämien;20000.0;20000.0;18388.6;;;;185
23;Baudepartement;2322;Unterhaltsdienst und Strassenerhaltung;;;3137.00;Steuern und Abgaben;347100.0;347100.0;330360.26;;;;185
23;Baudepartement;2322;Unterhaltsdienst und Strassenerhaltung;;;3140.00;Unterhalt Grundstücke;;;263.35;;;;185
23;Baudepartement;2322;Unterhaltsdienst und Strassenerhaltung;;;3141.00;Unterhalt Strassen;3695000.0;3685000.0;3410382.24;10000.0;0.27;"Fr. 2'755'000 Betrieb und Unterhalt Kantonsstrassen und kantonale Radwege; Fr. 550'000 Betrieb und Unterhalt Nationalstrassen (Rückfluss Konto 2322 4611.00); Fr. 390'000 Betrieb und Unterhalt städtische Strassen (Rückfluss Konto 2322 4612.10).";185
23;Baudepartement;2322;Unterhaltsdienst und Strassenerhaltung;;;3144.00;Unterhalt Hochbauten, Gebäude;220000.0;220000.0;192615.52;;;;185
23;Baudepartement;2322;Unterhaltsdienst und Strassenerhaltung;;;3151.00;Unterhalt Maschinen, Geräte, Fahrzeuge;500000.0;500000.0;390751.4;;;;185
23;Baudepartement;2322;Unterhaltsdienst und Strassenerhaltung;;;3158.00;Unterhalt immaterielle Anlagen;4800.0;4800.0;1017.5;;;;185
23;Baudepartement;2322;Unterhaltsdienst und Strassenerhaltung;;;3160.00;Mieten und Pachten Liegenschaften;2000.0;2000.0;1800.0;;;;185
23;Baudepartement;2322;Unterhaltsdienst und Strassenerhaltung;;;3161.00;Mieten, Benützungskosten Anlagen;14300.0;14300.0;8756.5;;;;185
23;Baudepartement;2322;Unterhaltsdienst und Strassenerhaltung;;;3170.00;Reisekosten und Spesen;20000.0;20000.0;21782.15;;;;186
23;Baudepartement;2322;Unterhaltsdienst und Strassenerhaltung;;;3199.00;Übriger Betriebsaufwand;5000.0;5000.0;3033.5;;;;186
23;Baudepartement;2322;Unterhaltsdienst und Strassenerhaltung;;;3910.00;IV Dienstleistungen;52100.0;52100.0;33018.87;;;;186
23;Baudepartement;2322;Unterhaltsdienst und Strassenerhaltung;;;3920.00;IV Pacht, Mieten Benützungskosten;1000.0;1000.0;999.0;;;;186
23;Baudepartement;2322;Unterhaltsdienst und Strassenerhaltung;;;4240.00;Benützungsgebühren und Dienstleistungen;;;-2133.0;;;;186
23;Baudepartement;2322;Unterhaltsdienst und Strassenerhaltung;;;4250.00;Verkäufe;-200000.0;-100000.0;-266083.35;-100000.0;100.0;Mehreinnahmen aufgrund Stromverkauf an die Entsorgung der Stadt Schaffhausen (siehe 2322.3120.00).;186
23;Baudepartement;2322;Unterhaltsdienst und Strassenerhaltung;;;4309.00;Übrige betriebliche Erträge;-100000.0;-100000.0;-81083.4;;;;186
23;Baudepartement;2322;Unterhaltsdienst und Strassenerhaltung;;;4470.00;Pacht- und Mietzinse Liegenschaften VV;-50000.0;-60000.0;-45168.65;10000.0;-16.67;;186
23;Baudepartement;2322;Unterhaltsdienst und Strassenerhaltung;;;4479.00;Übrige Erträge Liegenschaften VV;-3000.0;-3000.0;-8253.65;;;;186
23;Baudepartement;2322;Unterhaltsdienst und Strassenerhaltung;;;4610.00;Entschädigungen vom Bund;;;-36985.68;;;;186
23;Baudepartement;2322;Unterhaltsdienst und Strassenerhaltung;;;4611.00;Entschädigungen von Kantonen und Konkordaten;-2439000.0;-2439000.0;-2398877.45;;;;186
23;Baudepartement;2322;Unterhaltsdienst und Strassenerhaltung;;;4612.10;Entschädigungen von innerkantonalen Gemeinden und Gemeindezweckverbänden;-4650000.0;-4650000.0;-4682699.2;;;;186
23;Baudepartement;2322;Unterhaltsdienst und Strassenerhaltung;;;4630.00;Beiträge vom Bund;-788000.0;-806000.0;-821588.7;18000.0;-2.23;Kürzung durch das UVEK von 2% des Globalbeitrages des Bundes zu ausgewählten Hauptstrassen aus dem Jahr 2024.;186
23;Baudepartement;2322;Unterhaltsdienst und Strassenerhaltung;;;4900.00;IV Material- und Warenbezüge;-56300.0;-54000.0;-41186.8;-2300.0;4.26;;186
23;Baudepartement;2322;Unterhaltsdienst und Strassenerhaltung;;;4910.00;IV Dienstleistungen;-89500.0;-77000.0;-77307.83;-12500.0;16.23;;186
23;Baudepartement;2322;Unterhaltsdienst und Strassenerhaltung;;;4930.00;IV Betriebs- und Verwaltungskosten;-308000.0;-308000.0;-348284.0;;;;186
23;Baudepartement;2322;Unterhaltsdienst und Strassenerhaltung;;;4980.00;Übertragungen;-3062800.0;-3233700.0;-2245354.62;170900.0;-5.28;Ausgleich der Finanzstelle über den Fonds für den Bau, Betrieb und Unterhalt der Kantonsstrassen.;186
23;Baudepartement;2324;Abschreibungen/Beiträge Strassenbau;;;3300.10;Planmässige Abschreibungen Tiefbauten;3965400.0;3932100.0;3444867.05;33300.0;0.85;;186
23;Baudepartement;2324;Abschreibungen/Beiträge Strassenbau;;;3300.40;Planmässige Abschreibungen Hochbauten;530100.0;425400.0;402301.66;104700.0;24.61;;186
23;Baudepartement;2324;Abschreibungen/Beiträge Strassenbau;;;3300.60;Planmässige Abschreibungen Mobilien;746600.0;480200.0;439889.0;266400.0;55.48;;186
23;Baudepartement;2324;Abschreibungen/Beiträge Strassenbau;;;3660.20;Planmässige Abschreibungen Invest.beiträge an Gemeinden;143600.0;121400.0;92177.0;22200.0;18.29;;186
23;Baudepartement;2324;Abschreibungen/Beiträge Strassenbau;;;4893.00;Entnahmen aus Vorfinanzierungen des EK;-115500.0;-115500.0;-115500.0;;;;186
23;Baudepartement;2324;Abschreibungen/Beiträge Strassenbau;;;4980.00;Übertragungen;-5270200.0;-4843600.0;-4263734.71;-426600.0;8.81;;186
23;Baudepartement;2326;Wasserbau;;;3010.00;Löhne des Verwaltungs- und Betriebspersonals;781400.0;659200.0;538905.5;122200.0;18.54;Veränderung der Lohnsumme aufgrund Teuerung, Erhöhung Stellenplan um 0.9 Stellen gemäss Formular C.;187
23;Baudepartement;2326;Wasserbau;;;3050.00;AG-Beiträge AHV, IV, EO, ALV, Verwaltungskosten;49300.0;42800.0;33967.25;6500.0;15.19;;187
23;Baudepartement;2326;Wasserbau;;;3052.00;AG-Beiträge an Pensionskassen;108500.0;95200.0;74886.25;13300.0;13.97;Veränderung der Lohnsumme aufgrund Teuerung, Erhöhung Stellenplan um 0.9 Stellen gemäss Formular C.;187
23;Baudepartement;2326;Wasserbau;;;3053.00;AG-Beiträge an Unfallversicherungen;6900.0;4500.0;3400.1;2400.0;53.33;;187
23;Baudepartement;2326;Wasserbau;;;3054.00;AG-Beiträge an Familienzulagekassen;9900.0;8600.0;6818.15;1300.0;15.12;;187
23;Baudepartement;2326;Wasserbau;;;3059.10;AG-Beiträge Sozialfonds;600.0;500.0;409.35;100.0;20.0;;187
23;Baudepartement;2326;Wasserbau;;;3099.00;Übriger Personalaufwand;2000.0;2000.0;1201.0;;;;187
23;Baudepartement;2326;Wasserbau;;;3101.00;Betriebs- und Verbrauchsmaterial;1000.0;1000.0;;;;;187
23;Baudepartement;2326;Wasserbau;;;3103.00;Fachliteratur, Zeitschriften;1000.0;1000.0;628.63;;;;187
23;Baudepartement;2326;Wasserbau;;;3111.00;Maschinen, Geräte und Fahrzeuge;1000.0;1000.0;;;;;187
23;Baudepartement;2326;Wasserbau;;;3113.00;Hardware;3000.0;3000.0;124.0;;;;187
23;Baudepartement;2326;Wasserbau;;;3130.00;Dienstleistungen Dritter;10000.0;10000.0;8050.55;;;;187
23;Baudepartement;2326;Wasserbau;;;3131.00;Planungen und Projektierungen Dritter;620000.0;420000.0;779.1;200000.0;47.62;"Bis 2025 wurden die projektbezogenen Planungsleistungen unter dem Konto 2326.3142.00 budgetiert. Machbarkeitsstudie für Hochwasserschutz/Retentionsraum bei Unterneuhaus ""Tokteri"" und flankierende Massnahmen (Fr. 80'000).";187
23;Baudepartement;2326;Wasserbau;;;3132.00;Honorare externe Berater, Gutachter, Fachexperten etc.;300000.0;300000.0;145246.04;;;;187
23;Baudepartement;2326;Wasserbau;;;3133.00;Informatik-Nutzungsaufwand;29300.0;26500.0;23043.15;2800.0;10.57;;187
23;Baudepartement;2326;Wasserbau;;;3134.00;Sachversicherungsprämien;1000.0;1000.0;757.75;;;;187
23;Baudepartement;2326;Wasserbau;;;3137.00;Steuern und Abgaben;11000.0;11000.0;9743.92;;;;187
23;Baudepartement;2326;Wasserbau;;;3142.00;Unterhalt Wasserbau;820000.0;420000.0;679017.29;400000.0;95.24;Bis Budget 2025 wurden die projektbezogenen Planungsleistungen Dritter unter diesem Konto budgetiert. Neu werden diese Leistungen unter dem Konto 2326.3131.00 budgetiert. Neuer Verpflichtungskredit (EPR0155) zur Beseitigung von Quaggamuschel-Rückständen im Rhein (Fr. 500'000).;188
23;Baudepartement;2326;Wasserbau;;;3150.00;Unterhalt Büromöbel und -geräte;;4000.0;;-4000.0;-100.0;;188
23;Baudepartement;2326;Wasserbau;;;3151.00;Unterhalt Maschinen, Geräte, Fahrzeuge;3000.0;3000.0;562.75;;;;188
23;Baudepartement;2326;Wasserbau;;;3158.00;Unterhalt immaterielle Anlagen;4600.0;4600.0;;;;;188
23;Baudepartement;2326;Wasserbau;;;3160.00;Mieten und Pachten Liegenschaften;;;50.6;;;;188
23;Baudepartement;2326;Wasserbau;;;3161.00;Mieten, Benützungskosten Anlagen;8000.0;8000.0;5540.7;;;;188
23;Baudepartement;2326;Wasserbau;;;3170.00;Reisekosten und Spesen;3000.0;3000.0;4692.25;;;;188
23;Baudepartement;2326;Wasserbau;;;3199.00;Übriger Betriebsaufwand;1000.0;1000.0;10381.5;;;;188
23;Baudepartement;2326;Wasserbau;;;3300.10;Planmässige Abschreibungen Tiefbauten;3000.0;18000.0;2979.0;-15000.0;-83.33;;188
23;Baudepartement;2326;Wasserbau;;;3630.00;Beiträge an den Bund;35000.0;35000.0;31873.3;;;;188
23;Baudepartement;2326;Wasserbau;;;3632.10;Beiträge an innerkantonale Gemeinden und Gemeindezweckverbände;360000.0;360000.0;412241.5;;;;188
23;Baudepartement;2326;Wasserbau;;;3660.20;Planmässige Abschreibungen Invest.beiträge an Gemeinden;11200.0;;15000.0;11200.0;;;188
23;Baudepartement;2326;Wasserbau;;;3702.10;Durchlaufende Beiträge an Gemeinden und Gemeindezweckverbände;885000.0;555000.0;699341.16;330000.0;59.46;Anpassung der Programmvereinbarung mit dem Bundesamt für Umwelt. Siehe 2326.4700.00.;188
23;Baudepartement;2326;Wasserbau;;;3910.00;IV Dienstleistungen;50000.0;50000.0;46885.88;;;;188
23;Baudepartement;2326;Wasserbau;;;4120.00;Konzessionen;-4543000.0;-4535000.0;-4543956.1;-8000.0;0.18;;188
23;Baudepartement;2326;Wasserbau;;;4260.00;Rückerstattungen und Kostenbeteiligungen Dritter;;;-31534.05;;;;188
23;Baudepartement;2326;Wasserbau;;;4309.00;Übrige betriebliche Erträge;-8600.0;-8600.0;-4540.2;;;;188
23;Baudepartement;2326;Wasserbau;;;4470.00;Pacht- und Mietzinse Liegenschaften VV;-7200.0;-7200.0;-7077.0;;;;188
23;Baudepartement;2326;Wasserbau;;;4610.00;Entschädigungen vom Bund;-32100.0;-2100.0;-5600.0;-30000.0;1428.57;"Bundesbeitrag von 35% der Bruttokosten für die Machbarkeitsstudie für Hochwasserschutz/Retentionsraum bei Unterneuhaus ""Tokteri"" und flankierende Massnahmen.";188
23;Baudepartement;2326;Wasserbau;;;4612.10;Entschädigungen von innerkantonalen Gemeinden und Gemeindezweckverbänden;-225000.0;-225000.0;-118983.85;;;;189
23;Baudepartement;2326;Wasserbau;;;4700.00;Durchlaufende Beiträge vom Bund;-885000.0;-555000.0;-699341.16;-330000.0;59.46;Anpassung der Programmvereinbarung mit dem Bundesamt für Umwelt. Siehe 2326.3702.00.;189
23;Baudepartement;2326;Wasserbau;;;4930.00;IV Betriebs- und Verwaltungskosten;-58000.0;-58000.0;-60778.71;;;;189
23;Baudepartement;2326;Wasserbau;;;4980.00;Übertragungen;;;-253545.64;;;;189
23;Baudepartement;2330;Verwaltung (Hochbau);;;3010.00;Löhne des Verwaltungs- und Betriebspersonals;2438500.0;2407400.0;2150936.5;31100.0;1.29;;189
23;Baudepartement;2330;Verwaltung (Hochbau);;;3050.00;AG-Beiträge AHV, IV, EO, ALV, Verwaltungskosten;158500.0;156500.0;138677.0;2000.0;1.28;;189
23;Baudepartement;2330;Verwaltung (Hochbau);;;3052.00;AG-Beiträge an Pensionskassen;325800.0;321400.0;303113.95;4400.0;1.37;;189
23;Baudepartement;2330;Verwaltung (Hochbau);;;3053.00;AG-Beiträge an Unfallversicherungen;38100.0;36900.0;28485.5;1200.0;3.25;;189
23;Baudepartement;2330;Verwaltung (Hochbau);;;3054.00;AG-Beiträge an Familienzulagekassen;31700.0;31300.0;27843.95;400.0;1.28;;189
23;Baudepartement;2330;Verwaltung (Hochbau);;;3059.10;AG-Beiträge Sozialfonds;1900.0;1900.0;1670.55;;;;189
23;Baudepartement;2330;Verwaltung (Hochbau);;;3099.00;Übriger Personalaufwand;2500.0;3800.0;2600.0;-1300.0;-34.21;;189
23;Baudepartement;2330;Verwaltung (Hochbau);;;3100.00;Büromaterial;9000.0;9000.0;7420.94;;;;189
23;Baudepartement;2330;Verwaltung (Hochbau);;;3101.00;Betriebs- und Verbrauchsmaterial;1000.0;1000.0;379.4;;;;189
23;Baudepartement;2330;Verwaltung (Hochbau);;;3102.00;Drucksachen, Publikationen;3000.0;3000.0;3021.4;;;;189
23;Baudepartement;2330;Verwaltung (Hochbau);;;3103.00;Fachliteratur, Zeitschriften;4500.0;3500.0;2934.4;1000.0;28.57;;189
23;Baudepartement;2330;Verwaltung (Hochbau);;;3111.00;Maschinen, Geräte und Fahrzeuge;20000.0;65000.0;12239.76;-45000.0;-69.23;Für 2026 sind keine grösseren Anschaffungen von Maschinen, Geräten und Fahrzeugen geplant. Im Jahr 2025 wurden Geräte für das neue Strassenverkehrs- und Schifffahrtsamt budgetiert.;189
23;Baudepartement;2330;Verwaltung (Hochbau);;;3112.00;Kleider, Wäsche, Vorhänge;5000.0;3000.0;2754.0;2000.0;66.67;;189
23;Baudepartement;2330;Verwaltung (Hochbau);;;3113.00;Hardware;9000.0;9000.0;7153.83;;;;189
23;Baudepartement;2330;Verwaltung (Hochbau);;;3118.00;Immaterielle Anlagen;3000.0;3000.0;353.85;;;;189
23;Baudepartement;2330;Verwaltung (Hochbau);;;3130.00;Dienstleistungen Dritter;12700.0;12500.0;18311.13;200.0;1.6;;189
23;Baudepartement;2330;Verwaltung (Hochbau);;;3133.00;Informatik-Nutzungsaufwand;117600.0;112200.0;80666.3;5400.0;4.81;;189
23;Baudepartement;2330;Verwaltung (Hochbau);;;3153.00;Informatik-Unterhalt (Hardware);;1700.0;;-1700.0;-100.0;;189
23;Baudepartement;2330;Verwaltung (Hochbau);;;3158.00;Unterhalt immaterielle Anlagen;33500.0;31700.0;24742.84;1800.0;5.68;;189
23;Baudepartement;2330;Verwaltung (Hochbau);;;3161.00;Mieten, Benützungskosten Anlagen;11600.0;11600.0;11041.75;;;;189
23;Baudepartement;2330;Verwaltung (Hochbau);;;3170.00;Reisekosten und Spesen;2000.0;2000.0;4993.4;;;;189
23;Baudepartement;2330;Verwaltung (Hochbau);;;3199.00;Übriger Betriebsaufwand;3000.0;3000.0;640.5;;;;190
23;Baudepartement;2330;Verwaltung (Hochbau);;;4910.00;IV Dienstleistungen;-115000.0;-85000.0;-86544.21;-30000.0;35.29;Personeller Mehraufwand aufgrund neuem Betreibermodell am Rheinfall.;190
23;Baudepartement;2332;Liegenschaften Verwaltungsvermögen;;;3101.00;Betriebs- und Verbrauchsmaterial;125000.0;125000.0;111256.41;;;;190
23;Baudepartement;2332;Liegenschaften Verwaltungsvermögen;;;3110.00;Büromöbel und -geräte;300000.0;400000.0;738469.05;-100000.0;-25.0;Infolge rückläufiger Umzüge sind auch weniger Neumöblierungen geplant.;190
23;Baudepartement;2332;Liegenschaften Verwaltungsvermögen;;;3111.00;Maschinen, Geräte und Fahrzeuge;;;769.15;;;;190
23;Baudepartement;2332;Liegenschaften Verwaltungsvermögen;;;3113.00;Hardware;20000.0;30000.0;26504.12;-10000.0;-33.33;Es sind nicht mehr so viele Ausstattungen von Sitzungszimmern geplant wie im Jahr 2025.;190
23;Baudepartement;2332;Liegenschaften Verwaltungsvermögen;;;3120.00;Ver- und Entsorgung Liegenschaften VV;1650000.0;1374000.0;1564453.53;276000.0;20.09;Mehraufwand durch neue Objekte wie das Strassenverkehrs- und Schifffahrtsamt, die Staatsanwaltschaft bei der Post am Bahnhof, KESB und Sozialamt im Mühlental sowie das Erziehungsdepartement an der Frauengasse.;190
23;Baudepartement;2332;Liegenschaften Verwaltungsvermögen;;;3130.00;Dienstleistungen Dritter;900000.0;850000.0;963094.51;50000.0;5.88;Durch die vielen Neuanmietungen ist der Reinigungsaufwand gestiegen.;190
23;Baudepartement;2332;Liegenschaften Verwaltungsvermögen;;;3131.00;Planungen und Projektierungen Dritter;955000.0;610000.0;459955.3;345000.0;56.56;"Fr. 500'000 Verpflichtungskredit «EKL Arealentwicklung Klosterbezirk West» (EPR0114 und EPR114.1); Fr. 300'000 Allgemeine Planungsarbeiten und Arealentwicklungen; Fr. 50'000 Verfahrensdurchführung: Beitrag Kanton an Arealentwicklung Mühlental; Fr. 50'000 Studien Ersatz Wärmeerzeugungen; Fr. 40'000 Erstellen Betriebskonzept Trinkwasserhygiene; Fr. 15'000 Planungsarbeiten übrige Liegenschaften und Landstationen SHPol.";190
23;Baudepartement;2332;Liegenschaften Verwaltungsvermögen;;;3132.00;Honorare externe Berater, Gutachter, Fachexperten etc.;250000.0;250000.0;29503.15;;;;190
23;Baudepartement;2332;Liegenschaften Verwaltungsvermögen;;;3133.00;Informatik-Nutzungsaufwand;88600.0;73900.0;93358.25;14700.0;19.89;Durch die Neuanmietungen entsteht ein Mehraufwand für Basisanschlüsse (Zutrittskontrolle, Gebäudeleittechnik, Kameras, Sonnerien etc.).;191
23;Baudepartement;2332;Liegenschaften Verwaltungsvermögen;;;3134.00;Sachversicherungsprämien;135000.0;126400.0;145056.1;8600.0;6.8;;191
23;Baudepartement;2332;Liegenschaften Verwaltungsvermögen;;;3140.00;Unterhalt Grundstücke;280000.0;280000.0;222498.04;;;;191
23;Baudepartement;2332;Liegenschaften Verwaltungsvermögen;;;3143.00;Unterhalt übrige Tiefbauten;100000.0;185000.0;69904.4;-85000.0;-45.95;Für 2026 sind keine grossen Sanierungsarbeiten an Kanalisationsleitungen geplant.;191
23;Baudepartement;2332;Liegenschaften Verwaltungsvermögen;;;3144.00;Unterhalt Hochbauten, Gebäude;3950000.0;3950000.0;5204904.22;;;"Fr. 1'660'000 Unterhalt BBZ und Kantonsschule; Fr. 1'090'000 Unterhalt Verwaltungsliegenschaften; Fr. 400'000 Unterhalt Liegenschaften Sozialamt; Fr. 170'000 Unterhalt Liegenschaften Altra (Breitenau und Löwenstein); Fr. 180'000 Unterhalt übrige Liegenschaften (u. a. Landstationen SHPol und BuA Oberwiesen); Fr. 180'000 Sanierung Stockwerk Waldhaus; Fr. 195'000 Fensterersatz Regierungsgebäude; Fr. 75'000 Instandsetzungen Heizung, Lüftung, Kälte, Sanitär Klosterstrasse 15 und Rheinstrasse 10.";191
23;Baudepartement;2332;Liegenschaften Verwaltungsvermögen;;;3150.00;Unterhalt Büromöbel und -geräte;10000.0;10000.0;10152.68;;;;191
23;Baudepartement;2332;Liegenschaften Verwaltungsvermögen;;;3151.00;Unterhalt Maschinen, Geräte, Fahrzeuge;6000.0;6000.0;52.0;;;;191
23;Baudepartement;2332;Liegenschaften Verwaltungsvermögen;;;3160.00;Mieten und Pachten Liegenschaften;2142300.0;2297200.0;1745508.78;-154900.0;-6.74;Neuanmietungen konnten teilweise nachverhandelt und mit tieferen Mietzinsen abgeschlossen werden.;191
23;Baudepartement;2332;Liegenschaften Verwaltungsvermögen;;;3300.10;Planmässige Abschreibungen Tiefbauten;6700.0;;6667.0;6700.0;;;191
23;Baudepartement;2332;Liegenschaften Verwaltungsvermögen;;;3300.40;Planmässige Abschreibungen Hochbauten;4608400.0;3987000.0;3747720.25;621400.0;15.59;;191
23;Baudepartement;2332;Liegenschaften Verwaltungsvermögen;;;3300.60;Planmässige Abschreibungen Mobilien;125400.0;79000.0;77438.0;46400.0;58.73;;191
23;Baudepartement;2332;Liegenschaften Verwaltungsvermögen;;;3900.00;IV Material- und Warenbezüge;2000.0;;2455.9;2000.0;;;191
23;Baudepartement;2332;Liegenschaften Verwaltungsvermögen;;;3910.00;IV Dienstleistungen;15000.0;;14865.05;15000.0;;;191
23;Baudepartement;2332;Liegenschaften Verwaltungsvermögen;;;4260.00;Rückerstattungen und Kostenbeteiligungen Dritter;-75000.0;-70000.0;-84305.6;-5000.0;7.14;;191
23;Baudepartement;2332;Liegenschaften Verwaltungsvermögen;;;4309.00;Übrige betriebliche Erträge;;;-84144.5;;;;191
23;Baudepartement;2332;Liegenschaften Verwaltungsvermögen;;;4470.00;Pacht- und Mietzinse Liegenschaften VV;-880000.0;-583000.0;-654108.65;-297000.0;50.94;Zusätzliche Erträge ab 2026, wie Baurechtszins von Spitäler Schaffhausen für das Areal Geissberg und Mieten für Frauengasse 20, neu zu Gunsten des Verwaltungsvermögens.;192
23;Baudepartement;2332;Liegenschaften Verwaltungsvermögen;;;4472.00;Vergütung für Benützungen Liegenschaften VV;;;-9725.0;;;;192
23;Baudepartement;2332;Liegenschaften Verwaltungsvermögen;;;4610.00;Entschädigungen vom Bund;-220000.0;-200000.0;-226750.0;-20000.0;10.0;Erhöhung der Rückvergütung durch ASTRA aufgrund zukünftiger Mehrleistungen durch das Hochbauamt nach Abschluss des «Ausbauprojekts SVKZ».;192
23;Baudepartement;2332;Liegenschaften Verwaltungsvermögen;;;4893.00;Entnahmen aus Vorfinanzierungen des EK;-73400.0;-73400.0;-817154.65;;;;192
23;Baudepartement;2332;Liegenschaften Verwaltungsvermögen;;;4910.00;IV Dienstleistungen;;;-1326.15;;;;192
23;Baudepartement;2332;Liegenschaften Verwaltungsvermögen;;;4920.00;IV Pacht, Mieten, Benützungskosten;-154000.0;-124000.0;-213037.65;-30000.0;24.19;Zusätzliche Erträge aus der jährlichen Umbuchung der Fremdvermietung des Sozialamts.;192
23;Baudepartement;2332;Liegenschaften Verwaltungsvermögen;;;4930.00;IV Betriebs- und Verwaltungskosten;-80000.0;-75000.0;-89598.0;-5000.0;6.67;;192
23;Baudepartement;2333;Liegenschaften Finanzvermögen;;;3131.00;Planungen und Projektierungen Dritter;450000.0;;;450000.0;;Testplanung zur Erschliessung eines unbebauten Grundstücks im Eigentum des Kantons um dieses mit hoher baulichen Dichte zu entwickeln.;192
23;Baudepartement;2333;Liegenschaften Finanzvermögen;;;3430.00;Baulicher Unterhalt Liegenschaften FV;170000.0;650000.0;-96224.8;-480000.0;-73.85;Die Abweichung zum Budget 2025 gründet auf dem Abschluss der Dachsanierung im 2025.;192
23;Baudepartement;2333;Liegenschaften Finanzvermögen;;;3431.00;Nicht baulicher Unterhalt Liegenschaften FV;40000.0;40000.0;39569.78;;;;192
23;Baudepartement;2333;Liegenschaften Finanzvermögen;;;3439.00;Übriger Liegenschaftsaufwand FV;270000.0;275000.0;271246.92;-5000.0;-1.82;;192
23;Baudepartement;2333;Liegenschaften Finanzvermögen;;;3910.00;IV Dienstleistungen;;;4386.0;;;;192
23;Baudepartement;2333;Liegenschaften Finanzvermögen;;;4260.00;Rückerstattungen und Kostenbeteiligungen Dritter;-265000.0;-275000.0;-266256.3;10000.0;-3.64;;192
23;Baudepartement;2333;Liegenschaften Finanzvermögen;;;4430.00;Pacht- und Mietzinse Liegenschaften FV;-900000.0;-920000.0;-937373.75;20000.0;-2.17;Mieteinnahmen Frauengasse 20 neu im Verwaltungsvermögen.;192
23;Baudepartement;2337;Archäologie;;;3010.00;Löhne des Verwaltungs- und Betriebspersonals;1682200.0;1424200.0;1174632.7;258000.0;18.12;"Lohnkosten fallen unterschiedlich hoch aus in Abhängigkeit von projektierten Rettungsgrabungen (Fortsetzung Schulhaus Steig Fr. 250'000; Verpflichtungskredit Energie- und Infrastrukturbauten Fr. 285'000; Verpflichtungskredit Kammgarn Fr. 45'800) sowie Auswertungen (Stein a. Rh. Hofwiesen Fr. 105'000: siehe entsprechende Einnahmen unter Konto 4632.10).";193
23;Baudepartement;2337;Archäologie;;;3010.95;Rückerstattungen Taggelder UV, EO, MSE, MV, IV für Verwaltungs- und Betriebspersonal;;;-1375.3;;;;193
23;Baudepartement;2337;Archäologie;;;3050.00;AG-Beiträge AHV, IV, EO, ALV, Verwaltungskosten;109300.0;109900.0;76165.85;-600.0;-0.55;;193
23;Baudepartement;2337;Archäologie;;;3052.00;AG-Beiträge an Pensionskassen;224700.0;225900.0;148508.6;-1200.0;-0.53;;193
23;Baudepartement;2337;Archäologie;;;3053.00;AG-Beiträge an Unfallversicherungen;20800.0;17300.0;13210.6;3500.0;20.23;;193
23;Baudepartement;2337;Archäologie;;;3054.00;AG-Beiträge an Familienzulagekassen;21900.0;22100.0;15252.95;-200.0;-0.9;;193
23;Baudepartement;2337;Archäologie;;;3059.10;AG-Beiträge Sozialfonds;1300.0;1300.0;928.7;;;;193
23;Baudepartement;2337;Archäologie;;;3099.00;Übriger Personalaufwand;1500.0;1500.0;1784.0;;;;193
23;Baudepartement;2337;Archäologie;;;3100.00;Büromaterial;4700.0;3600.0;4563.74;1100.0;30.56;;193
23;Baudepartement;2337;Archäologie;;;3101.00;Betriebs- und Verbrauchsmaterial;8500.0;23500.0;5513.29;-15000.0;-63.83;Mehrausgaben 2025 durch Heizkosten für Rettungsgrabung Schleitheim-Chrummenacker.;193
23;Baudepartement;2337;Archäologie;;;3102.00;Drucksachen, Publikationen;1000.0;1000.0;639.75;;;;193
23;Baudepartement;2337;Archäologie;;;3103.00;Fachliteratur, Zeitschriften;1500.0;1500.0;1177.2;;;;193
23;Baudepartement;2337;Archäologie;;;3111.00;Maschinen, Geräte und Fahrzeuge;15000.0;5300.0;9396.35;9700.0;183.02;;193
23;Baudepartement;2337;Archäologie;;;3112.00;Kleider, Wäsche, Vorhänge;2500.0;500.0;527.79;2000.0;400.0;;193
23;Baudepartement;2337;Archäologie;;;3113.00;Hardware;4700.0;3500.0;1333.22;1200.0;34.29;;193
23;Baudepartement;2337;Archäologie;;;3118.00;Immaterielle Anlagen;4500.0;4500.0;3765.0;;;;193
23;Baudepartement;2337;Archäologie;;;3130.00;Dienstleistungen Dritter;532300.0;911100.0;417969.2;-378800.0;-41.58;"Schwankend wegen Aufträgen im Zusammenhang mit Rettungsgrabungen (Fortsetzung Schulhaus Steig Fr. 80'000; Verpflichtungskredit Energie- und Infrastrukturbauten Fr. 5000; Verpflichtungskredit Kammgarn Fr. 16'000) und Auswertungen (Stein a. Rh. Hofwiesen Fr. 82'400: siehe entsprechende Einnahmen auf Konto 4632.10, Barfüsserkloster Fr. 250'000).";194
23;Baudepartement;2337;Archäologie;;;3132.00;Honorare externe Berater, Gutachter, Fachexperten etc.;1000.0;1000.0;;;;;194
23;Baudepartement;2337;Archäologie;;;3133.00;Informatik-Nutzungsaufwand;104200.0;78000.0;66853.1;26200.0;33.59;Beinhaltet Fr. 10'500 für Auslagen zu Verpflichtungskredit Energie- und Infrastrukturbauten.;194
23;Baudepartement;2337;Archäologie;;;3134.00;Sachversicherungsprämien;200.0;200.0;178.2;;;;194
23;Baudepartement;2337;Archäologie;;;3151.00;Unterhalt Maschinen, Geräte, Fahrzeuge;10000.0;3000.0;3593.35;7000.0;233.33;;194
23;Baudepartement;2337;Archäologie;;;3153.00;Informatik-Unterhalt (Hardware);500.0;500.0;825.35;;;;194
23;Baudepartement;2337;Archäologie;;;3158.00;Unterhalt immaterielle Anlagen;5500.0;5500.0;4759.1;;;;194
23;Baudepartement;2337;Archäologie;;;3160.00;Mieten und Pachten Liegenschaften;23200.0;23500.0;23472.45;-300.0;-1.28;;194
23;Baudepartement;2337;Archäologie;;;3161.00;Mieten, Benützungskosten Anlagen;28500.0;61700.0;26987.45;-33200.0;-53.81;Mehrausgaben für Zeltmiete Rettungsgrabung Chrummenacker im 2025.;194
23;Baudepartement;2337;Archäologie;;;3170.00;Reisekosten und Spesen;5000.0;37000.0;25250.2;-32000.0;-86.49;Ausgaben fallen in Abhängigkeit von projektierten Rettungsgrabungen von Jahr zu Jahr unterschiedlich hoch aus.;194
23;Baudepartement;2337;Archäologie;;;3181.00;Tatsächliche Forderungsverluste;;;5.0;;;;194
23;Baudepartement;2337;Archäologie;;;3910.00;IV Dienstleistungen;500.0;;956.8;500.0;;;194
23;Baudepartement;2337;Archäologie;;;4250.00;Verkäufe;-2000.0;-2000.0;-4182.8;;;;194
23;Baudepartement;2337;Archäologie;;;4630.00;Beiträge vom Bund;;-25000.0;-82031.0;25000.0;-100.0;Keine Projekte, die mit Bundesgeldern unterstützt werden.;194
23;Baudepartement;2337;Archäologie;;;4632.10;Laufende Betriebsbeiträge von innerkantonalen Gemeinden und Gemeindezweckverbände;-35500.0;-444200.0;-125985.6;408700.0;-92.01;Beiträge der Stadt Schaffhausen an die Rettungsgrabung Kammgarn Fr. - 35'500. Kostenbeteilitung der Stadt an die Fortsetzung der Grabung Schulhaus Steig in Verhandlung, aber nicht zugesichert.;194
23;Baudepartement;2337;Archäologie;;;4636.00;Beiträge von privaten Organisationen ohne Erwerbszweck;-219000.0;-315000.0;-54481.2;96000.0;-30.48;"Kostenübernahme der Auslagen für die Auswertung Stein a. Rh. Hofwiesen durch die Jakob und Emma Windler-Stiftung, Fr. -219'000 (siehe Konto 3010.00 und Lohnnebenkosten; Konten 3130.00, 3100.00, 3161.00, 3133.00, 3170.00).";195
23;Baudepartement;2338;Denkmalpflege;;;3010.00;Löhne des Verwaltungs- und Betriebspersonals;685900.0;624600.0;606034.0;61300.0;9.81;Enthält Lohnkosten von Verpflichtungskredit «Revision Ortsbilder» (EPR0135) Fr. 49'300.;195
23;Baudepartement;2338;Denkmalpflege;;;3010.95;Rückerstattungen Taggelder UV, EO, MSE, MV, IV für Verwaltungs- und Betriebspersonal;;;-6268.25;;;;195
23;Baudepartement;2338;Denkmalpflege;;;3050.00;AG-Beiträge AHV, IV, EO, ALV, Verwaltungskosten;44600.0;40600.0;39165.65;4000.0;9.85;;195
23;Baudepartement;2338;Denkmalpflege;;;3052.00;AG-Beiträge an Pensionskassen;91600.0;83400.0;88553.4;8200.0;9.83;;195
23;Baudepartement;2338;Denkmalpflege;;;3053.00;AG-Beiträge an Unfallversicherungen;9700.0;13600.0;13354.7;-3900.0;-28.68;;195
23;Baudepartement;2338;Denkmalpflege;;;3054.00;AG-Beiträge an Familienzulagekassen;8900.0;8100.0;7878.8;800.0;9.88;;195
23;Baudepartement;2338;Denkmalpflege;;;3059.10;AG-Beiträge Sozialfonds;500.0;500.0;466.85;;;;195
23;Baudepartement;2338;Denkmalpflege;;;3064.00;Überbrückungsrenten;;;338.0;;;;195
23;Baudepartement;2338;Denkmalpflege;;;3091.00;Personalwerbung;500.0;500.0;;;;;195
23;Baudepartement;2338;Denkmalpflege;;;3099.00;Übriger Personalaufwand;1500.0;1500.0;1418.0;;;;195
23;Baudepartement;2338;Denkmalpflege;;;3100.00;Büromaterial;5000.0;5000.0;3159.69;;;;195
23;Baudepartement;2338;Denkmalpflege;;;3102.00;Drucksachen, Publikationen;4000.0;3000.0;5709.7;1000.0;33.33;;195
23;Baudepartement;2338;Denkmalpflege;;;3103.00;Fachliteratur, Zeitschriften;2500.0;2500.0;885.64;;;;195
23;Baudepartement;2338;Denkmalpflege;;;3111.00;Maschinen, Geräte und Fahrzeuge;2500.0;2500.0;4992.7;;;;195
23;Baudepartement;2338;Denkmalpflege;;;3113.00;Hardware;2500.0;2500.0;310.0;;;;195
23;Baudepartement;2338;Denkmalpflege;;;3118.00;Immaterielle Anlagen;13000.0;47000.0;8356.9;-34000.0;-72.34;"Fr. 12'000 Geschäftsverwaltung «PNA/ADA»; noch nicht verwendete Gelder (Verpflichtungskredit ITP0094).";195
23;Baudepartement;2338;Denkmalpflege;;;3130.00;Dienstleistungen Dritter;185000.0;160000.0;162835.69;25000.0;15.63;"Zusätzliche Aufwände Verpflichtungskredit «Revision Ortsbilder» (EPR0135) Fr. 20'000; Fr. 5'000 sind für die Bodenseedenkmalpflegetagung in Schaffhausen.";195
23;Baudepartement;2338;Denkmalpflege;;;3133.00;Informatik-Nutzungsaufwand;153800.0;96700.0;79840.7;57100.0;59.05;Konzeption Digitalisierung Archiv «ADA» gemäss Legislaturprogramm (Verpflichtungskredit ITP0133).;196
23;Baudepartement;2338;Denkmalpflege;;;3137.00;Steuern und Abgaben;1500.0;1500.0;1717.2;;;;196
23;Baudepartement;2338;Denkmalpflege;;;3151.00;Unterhalt Maschinen, Geräte, Fahrzeuge;300.0;300.0;;;;;196
23;Baudepartement;2338;Denkmalpflege;;;3158.00;Unterhalt immaterielle Anlagen;6800.0;18500.0;21200.0;-11700.0;-63.24;Gemäss HRM2 Datenhaltung neu auf Konto 3133.00 budgetiert.;196
23;Baudepartement;2338;Denkmalpflege;;;3161.00;Mieten, Benützungskosten Anlagen;;3000.0;5259.25;-3000.0;-100.0;Gemäss HRM2 Multifunktionsgerät neu auf Konto 3133.00 budgetiert.;196
23;Baudepartement;2338;Denkmalpflege;;;3170.00;Reisekosten und Spesen;7000.0;7000.0;5678.95;;;;196
23;Baudepartement;2338;Denkmalpflege;;;3199.00;Übriger Betriebsaufwand;2900.0;2900.0;169.1;;;;196
23;Baudepartement;2338;Denkmalpflege;;;3631.00;Beiträge an Kantone und Konkordate;3500.0;3500.0;3480.0;;;;196
23;Baudepartement;2338;Denkmalpflege;;;3702.10;Durchlaufende Beiträge an Gemeinden und Gemeindezweckverbände;120000.0;170500.0;20767.0;-50500.0;-29.62;Beiträge richten sich nach der laufenden Programmvereinbarung 2025–2028 siehe Konto 4700.00.;196
23;Baudepartement;2338;Denkmalpflege;;;3705.00;Durchlaufende Beiträge an private Unternehmungen;29000.0;20000.0;4892.0;9000.0;45.0;Beiträge richten sich nach der laufenden Programmvereinbarung 2025–2028 siehe Konto 4700.00.;196
23;Baudepartement;2338;Denkmalpflege;;;3706.00;Durchlaufende Beiträge an private Organisationen ohne Erwerbszweck;40000.0;11000.0;102572.0;29000.0;263.64;Beiträge richten sich nach der laufenden Programmvereinbarung 2025–2028 siehe Konto 4700.00.;196
23;Baudepartement;2338;Denkmalpflege;;;3707.00;Durchlaufende Beiträge an private Haushalte;120000.0;150000.0;134095.0;-30000.0;-20.0;Beiträge richten sich nach der laufenden Programmvereinbarung 2025–2028 siehe Konto 4700.00.;196
23;Baudepartement;2338;Denkmalpflege;;;3980.00;Übertragungen;;;2000000.0;;;;196
23;Baudepartement;2338;Denkmalpflege;;;4612.10;Entschädigungen von innerkantonalen Gemeinden und Gemeindezweckverbänden;-320000.0;-320000.0;-324500.0;;;;196
23;Baudepartement;2338;Denkmalpflege;;;4700.00;Durchlaufende Beiträge vom Bund;-309000.0;-351500.0;-262326.0;42500.0;-12.09;Tiefere Bundesbeiträge gemäss neuer Programmvereinbarung 2025– 2028.;196
23;Baudepartement;2340;Verwaltung Kantonsforstamt;;;3010.00;Löhne des Verwaltungs- und Betriebspersonals;630900.0;622900.0;604913.0;8000.0;1.28;;196
23;Baudepartement;2340;Verwaltung Kantonsforstamt;;;3010.95;Rückerstattungen Taggelder UV, EO, MSE, MV, IV für Verwaltungs- und Betriebspersonal;;;-8025.65;;;;196
23;Baudepartement;2340;Verwaltung Kantonsforstamt;;;3050.00;AG-Beiträge AHV, IV, EO, ALV, Verwaltungskosten;41000.0;40500.0;38513.05;500.0;1.23;;196
23;Baudepartement;2340;Verwaltung Kantonsforstamt;;;3052.00;AG-Beiträge an Pensionskassen;84200.0;83100.0;97150.1;1100.0;1.32;;196
23;Baudepartement;2340;Verwaltung Kantonsforstamt;;;3053.00;AG-Beiträge an Unfallversicherungen;4700.0;3900.0;4143.75;800.0;20.51;;196
23;Baudepartement;2340;Verwaltung Kantonsforstamt;;;3054.00;AG-Beiträge an Familienzulagekassen;8200.0;8100.0;7736.55;100.0;1.23;;197
23;Baudepartement;2340;Verwaltung Kantonsforstamt;;;3059.10;AG-Beiträge Sozialfonds;500.0;500.0;463.0;;;;197
23;Baudepartement;2340;Verwaltung Kantonsforstamt;;;3099.00;Übriger Personalaufwand;1000.0;1000.0;706.8;;;;197
23;Baudepartement;2340;Verwaltung Kantonsforstamt;;;3100.00;Büromaterial;500.0;1000.0;294.49;-500.0;-50.0;;197
23;Baudepartement;2340;Verwaltung Kantonsforstamt;;;3101.00;Betriebs- und Verbrauchsmaterial;1500.0;1500.0;609.75;;;;197
23;Baudepartement;2340;Verwaltung Kantonsforstamt;;;3103.00;Fachliteratur, Zeitschriften;1500.0;1500.0;1229.0;;;;197
23;Baudepartement;2340;Verwaltung Kantonsforstamt;;;3111.00;Maschinen, Geräte und Fahrzeuge;2000.0;2000.0;;;;;197
23;Baudepartement;2340;Verwaltung Kantonsforstamt;;;3112.00;Kleider, Wäsche, Vorhänge;1000.0;1500.0;208.2;-500.0;-33.33;;197
23;Baudepartement;2340;Verwaltung Kantonsforstamt;;;3113.00;Hardware;2000.0;2000.0;;;;;197
23;Baudepartement;2340;Verwaltung Kantonsforstamt;;;3118.00;Immaterielle Anlagen;36000.0;40000.0;34479.9;-4000.0;-10.0;;197
23;Baudepartement;2340;Verwaltung Kantonsforstamt;;;3130.00;Dienstleistungen Dritter;130000.0;125000.0;39353.95;5000.0;4.0;;197
23;Baudepartement;2340;Verwaltung Kantonsforstamt;;;3133.00;Informatik-Nutzungsaufwand;43200.0;83300.0;33946.95;-40100.0;-48.14;Einzelne Beträge wurden früher doppelt berücksichtigt und somit zu hoch budgetiert.;197
23;Baudepartement;2340;Verwaltung Kantonsforstamt;;;3137.00;Steuern und Abgaben;500.0;;;500.0;;;197
23;Baudepartement;2340;Verwaltung Kantonsforstamt;;;3144.00;Unterhalt Hochbauten, Gebäude;2000.0;5000.0;;-3000.0;-60.0;;197
23;Baudepartement;2340;Verwaltung Kantonsforstamt;;;3151.00;Unterhalt Maschinen, Geräte, Fahrzeuge;2500.0;2000.0;1058.7;500.0;25.0;;197
23;Baudepartement;2340;Verwaltung Kantonsforstamt;;;3158.00;Unterhalt immaterielle Anlagen;19000.0;27000.0;12845.6;-8000.0;-29.63;Ein Betrag wurde früher doppelt berücksichtigt und somit zu hoch budgetiert.;197
23;Baudepartement;2340;Verwaltung Kantonsforstamt;;;3161.00;Mieten, Benützungskosten Anlagen;3000.0;3500.0;2473.5;-500.0;-14.29;;197
23;Baudepartement;2340;Verwaltung Kantonsforstamt;;;3170.00;Reisekosten und Spesen;5000.0;5000.0;3105.8;;;;197
23;Baudepartement;2340;Verwaltung Kantonsforstamt;;;3199.00;Übriger Betriebsaufwand;3000.0;3000.0;2198.1;;;;197
23;Baudepartement;2340;Verwaltung Kantonsforstamt;;;4210.00;Gebühren für Amtshandlungen;-1000.0;-2000.0;-800.0;1000.0;-50.0;;197
23;Baudepartement;2340;Verwaltung Kantonsforstamt;;;4470.00;Pacht- und Mietzinse Liegenschaften VV;-50000.0;-58000.0;-57097.2;8000.0;-13.79;Fr. 8'000 wird neu auf 2360.4470.00 budgetiert, da dies zum Forstbetrieb gehört.;197
23;Baudepartement;2340;Verwaltung Kantonsforstamt;;;4630.00;Beiträge vom Bund;;-4000.0;-8566.6;4000.0;-100.0;;197
23;Baudepartement;2340;Verwaltung Kantonsforstamt;;;4910.00;IV Dienstleistungen;;;-84211.38;;;;197
23;Baudepartement;2340;Verwaltung Kantonsforstamt;;;4980.00;Übertragungen;;;-105.15;;;;197
23;Baudepartement;2341;Beiträge Kantonsforstamt;;;3160.00;Mieten und Pachten Liegenschaften;3500.0;3500.0;2560.0;;;;197
23;Baudepartement;2341;Beiträge Kantonsforstamt;;;3612.10;Entschädigungen an innerkantonale Gemeinden und Gemeindezweckverbände;20000.0;20000.0;;;;;197
23;Baudepartement;2341;Beiträge Kantonsforstamt;;;3630.00;Beiträge an den Bund;6000.0;6000.0;10939.0;;;;198
23;Baudepartement;2341;Beiträge Kantonsforstamt;;;3631.00;Beiträge an Kantone und Konkordate;240000.0;225000.0;105316.15;15000.0;6.67;;198
23;Baudepartement;2341;Beiträge Kantonsforstamt;;;3632.10;Beiträge an innerkantonale Gemeinden und Gemeindezweckverbände;1005000.0;1005000.0;526361.65;;;;198
23;Baudepartement;2341;Beiträge Kantonsforstamt;;;3635.00;Beiträge an private Unternehmungen;20000.0;20000.0;;;;;198
23;Baudepartement;2341;Beiträge Kantonsforstamt;;;3636.00;Beiträge an private Organisationen ohne Erwerbszweck;100000.0;100000.0;67389.85;;;;198
23;Baudepartement;2341;Beiträge Kantonsforstamt;;;3637.00;Beiträge an private Haushalte;80000.0;80000.0;40071.8;;;;198
23;Baudepartement;2341;Beiträge Kantonsforstamt;;;3701.00;Durchlaufende Beiträge an Kantone und Konkordate;200000.0;200000.0;178341.5;;;;198
23;Baudepartement;2341;Beiträge Kantonsforstamt;;;3702.10;Durchlaufende Beiträge an Gemeinden und Gemeindezweckverbände;900000.0;900000.0;1159540.3;;;;198
23;Baudepartement;2341;Beiträge Kantonsforstamt;;;3705.00;Durchlaufende Beiträge an private Unternehmungen;20000.0;20000.0;;;;;198
23;Baudepartement;2341;Beiträge Kantonsforstamt;;;3706.00;Durchlaufende Beiträge an private Organisationen ohne Erwerbszweck;80000.0;80000.0;22590.0;;;;198
23;Baudepartement;2341;Beiträge Kantonsforstamt;;;3707.00;Durchlaufende Beiträge an private Haushalte;50000.0;50000.0;38820.3;;;;198
23;Baudepartement;2341;Beiträge Kantonsforstamt;;;3910.00;IV Dienstleistungen;;;84211.38;;;;198
23;Baudepartement;2341;Beiträge Kantonsforstamt;;;4630.00;Beiträge vom Bund;;;-84211.38;;;;198
23;Baudepartement;2341;Beiträge Kantonsforstamt;;;4632.10;Laufende Betriebsbeiträge von innerkantonalen Gemeinden und Gemeindezweckverbände;-60000.0;-59000.0;;-1000.0;1.69;;198
23;Baudepartement;2341;Beiträge Kantonsforstamt;;;4700.00;Durchlaufende Beiträge vom Bund;-1250000.0;-1250000.0;-1399292.1;;;;198
23;Baudepartement;2341;Beiträge Kantonsforstamt;;;4980.00;Übertragungen;-176700.0;-176500.0;-229994.35;-200.0;0.11;;198
23;Baudepartement;2352;Wohlfahrtseinrichtungen (bis 2019 inkl. Wanderwege);;;3101.00;Betriebs- und Verbrauchsmaterial;15000.0;15000.0;116.65;;;;198
23;Baudepartement;2352;Wohlfahrtseinrichtungen (bis 2019 inkl. Wanderwege);;;3130.00;Dienstleistungen Dritter;4000.0;2000.0;3164.35;2000.0;100.0;;198
23;Baudepartement;2352;Wohlfahrtseinrichtungen (bis 2019 inkl. Wanderwege);;;3161.00;Mieten, Benützungskosten Anlagen;7000.0;7000.0;4682.7;;;;198
23;Baudepartement;2360;Forstbetriebe;;;3010.00;Löhne des Verwaltungs- und Betriebspersonals;824400.0;820000.0;724710.0;4400.0;0.54;;198
23;Baudepartement;2360;Forstbetriebe;;;3010.95;Rückerstattungen Taggelder UV, EO, MSE, MV, IV für Verwaltungs- und Betriebspersonal;;;-2133.5;;;;198
23;Baudepartement;2360;Forstbetriebe;;;3042.00;Verpflegungszulagen;30900.0;30000.0;26525.0;900.0;3.0;;198
23;Baudepartement;2360;Forstbetriebe;;;3049.00;Übrige Zulagen;1600.0;2000.0;1335.0;-400.0;-20.0;;198
23;Baudepartement;2360;Forstbetriebe;;;3050.00;AG-Beiträge AHV, IV, EO, ALV, Verwaltungskosten;53600.0;53300.0;45737.3;300.0;0.56;;198
23;Baudepartement;2360;Forstbetriebe;;;3052.00;AG-Beiträge an Pensionskassen;110200.0;109500.0;100168.85;700.0;0.64;;198
23;Baudepartement;2360;Forstbetriebe;;;3053.00;AG-Beiträge an Unfallversicherungen;42400.0;40100.0;36133.75;2300.0;5.74;;199
23;Baudepartement;2360;Forstbetriebe;;;3054.00;AG-Beiträge an Familienzulagekassen;10700.0;10700.0;9145.95;;;;199
23;Baudepartement;2360;Forstbetriebe;;;3059.10;AG-Beiträge Sozialfonds;700.0;600.0;563.65;100.0;16.67;;199
23;Baudepartement;2360;Forstbetriebe;;;3090.00;Aus- und Weiterbildung des eigenen Personals;5000.0;5000.0;2677.35;;;;199
23;Baudepartement;2360;Forstbetriebe;;;3091.00;Personalwerbung;;;1330.7;;;;199
23;Baudepartement;2360;Forstbetriebe;;;3099.00;Übriger Personalaufwand;1500.0;3500.0;970.8;-2000.0;-57.14;;199
23;Baudepartement;2360;Forstbetriebe;;;3100.00;Büromaterial;1000.0;1000.0;374.45;;;;199
23;Baudepartement;2360;Forstbetriebe;;;3101.00;Betriebs- und Verbrauchsmaterial;52300.0;40000.0;46401.33;12300.0;30.75;Es werden mehr klimatolerante Baumarten gepflanzt und Einzelschutzmassnahmen oder Zäune zum Schutz vor Wildverbiss erstellt.;199
23;Baudepartement;2360;Forstbetriebe;;;3103.00;Fachliteratur, Zeitschriften;500.0;500.0;190.0;;;;199
23;Baudepartement;2360;Forstbetriebe;;;3111.00;Maschinen, Geräte und Fahrzeuge;80000.0;80000.0;71352.05;;;;199
23;Baudepartement;2360;Forstbetriebe;;;3112.00;Kleider, Wäsche, Vorhänge;18000.0;16000.0;16542.5;2000.0;12.5;;199
23;Baudepartement;2360;Forstbetriebe;;;3118.00;Immaterielle Anlagen;2500.0;2500.0;1913.45;;;;199
23;Baudepartement;2360;Forstbetriebe;;;3120.00;Ver- und Entsorgung Liegenschaften VV;1000.0;1000.0;1103.68;;;;199
23;Baudepartement;2360;Forstbetriebe;;;3130.00;Dienstleistungen Dritter;28700.0;25000.0;17796.73;3700.0;14.8;;199
23;Baudepartement;2360;Forstbetriebe;;;3133.00;Informatik-Nutzungsaufwand;6200.0;5800.0;5125.2;400.0;6.9;;199
23;Baudepartement;2360;Forstbetriebe;;;3134.00;Sachversicherungsprämien;16000.0;15000.0;16252.21;1000.0;6.67;;199
23;Baudepartement;2360;Forstbetriebe;;;3137.00;Steuern und Abgaben;10000.0;10000.0;9851.23;;;;199
23;Baudepartement;2360;Forstbetriebe;;;3141.00;Unterhalt Strassen;70000.0;;;70000.0;;Dies wurde früher unter dem Konto 3145.00 budgetiert.;199
23;Baudepartement;2360;Forstbetriebe;;;3144.00;Unterhalt Hochbauten, Gebäude;5000.0;5000.0;8647.15;;;;199
23;Baudepartement;2360;Forstbetriebe;;;3145.00;Unterhalt Wald;850000.0;460000.0;549233.67;390000.0;84.78;Aufgrund der neuen forstlichen Betriebsplanung ab 1. Januar 2025 muss vermehrt verjüngt und deshalb mehr Holz genutzt werden. Somit erhöhen sich die Kosten für die Forstunternehmen.;199
23;Baudepartement;2360;Forstbetriebe;;;3151.00;Unterhalt Maschinen, Geräte, Fahrzeuge;60000.0;75000.0;49412.44;-15000.0;-20.0;Dies wurde in den Vorjahren jeweils zu hoch budgetiert.;199
23;Baudepartement;2360;Forstbetriebe;;;3158.00;Unterhalt immaterielle Anlagen;;;281.05;;;;199
23;Baudepartement;2360;Forstbetriebe;;;3161.00;Mieten, Benützungskosten Anlagen;5500.0;500.0;5016.9;5000.0;1000.0;;199
23;Baudepartement;2360;Forstbetriebe;;;3170.00;Reisekosten und Spesen;1000.0;1000.0;376.55;;;;199
23;Baudepartement;2360;Forstbetriebe;;;3199.00;Übriger Betriebsaufwand;1000.0;2000.0;240.5;-1000.0;-50.0;;199
23;Baudepartement;2360;Forstbetriebe;;;3300.60;Planmässige Abschreibungen Mobilien;29100.0;29100.0;29067.0;;;;200
23;Baudepartement;2360;Forstbetriebe;;;3630.00;Beiträge an den Bund;300.0;300.0;252.0;;;;200
23;Baudepartement;2360;Forstbetriebe;;;3900.00;IV Material- und Warenbezüge;40000.0;40000.0;31565.75;;;;200
23;Baudepartement;2360;Forstbetriebe;;;3910.00;IV Dienstleistungen;15000.0;15000.0;13626.2;;;;200
23;Baudepartement;2360;Forstbetriebe;;;4240.00;Benützungsgebühren und Dienstleistungen;-500.0;-2000.0;-90.0;1500.0;-75.0;;200
23;Baudepartement;2360;Forstbetriebe;;;4250.00;Verkäufe;-1281500.0;-770000.0;-909634.75;-511500.0;66.43;Aufgrund der neuen forstlichen Betriebsplanung ab 1. Januar 2025 muss vermehrt verjüngt und deshalb mehr Holz genutzt werden. Somit erhöhen sich die Erträge aus dem Holzverkauf.;200
23;Baudepartement;2360;Forstbetriebe;;;4260.00;Rückerstattungen und Kostenbeteiligungen Dritter;-10000.0;-8000.0;-13028.45;-2000.0;25.0;;200
23;Baudepartement;2360;Forstbetriebe;;;4309.00;Übrige betriebliche Erträge;-20000.0;-15000.0;-38801.9;-5000.0;33.33;;200
23;Baudepartement;2360;Forstbetriebe;;;4470.00;Pacht- und Mietzinse Liegenschaften VV;-28000.0;;;-28000.0;;Ein Teil der Pachtzinse wird neu nicht mehr auf 2340.4470.00 budgetiert, da dies bei Waldareal zum Forstbetrieb gehört.;200
23;Baudepartement;2360;Forstbetriebe;;;4610.00;Entschädigungen vom Bund;-15000.0;;-24795.22;-15000.0;;Aufgrund von zusätzlichen Leistungen resultieren neu ASTRA- Bundesbeiträge.;200
23;Baudepartement;2360;Forstbetriebe;;;4630.00;Beiträge vom Bund;-200000.0;-200000.0;-178944.95;;;;200
23;Baudepartement;2360;Forstbetriebe;;;4631.00;Beiträge von Kantonen und Konkordaten;-230000.0;-245000.0;-99420.4;15000.0;-6.12;;200
23;Baudepartement;2360;Forstbetriebe;;;4910.00;IV Dienstleistungen;-30000.0;-30000.0;-25350.07;;;;200
23;Baudepartement;2360;Forstbetriebe;;;4920.00;IV Pacht, Mieten, Benützungskosten;-1000.0;-1000.0;-999.0;;;;200
23;Baudepartement;2360;Forstbetriebe;;;4930.00;IV Betriebs- und Verwaltungskosten;-14000.0;-4000.0;-11819.6;-10000.0;250.0;;200
23;Baudepartement;2360;Forstbetriebe;;;4980.00;Übertragungen;;;-4559.25;;;;200
23;Baudepartement;2371;Strassenverkehrs- und Schifffahrtsamt;;;3010.00;Löhne des Verwaltungs- und Betriebspersonals;3178000.0;3031800.0;2872914.65;146200.0;4.82;Höhere Lohnkosten aufgrund Dienstjubiläen und erforderlicher Stellenerhöhung gemäss Formular C mit Detailbegründung (Reduktion Betriebsausfallrisiko, Vermeidung von Ertragseinbussen).;200
23;Baudepartement;2371;Strassenverkehrs- und Schifffahrtsamt;;;3049.00;Übrige Zulagen;2900.0;2500.0;2420.0;400.0;16.0;;200
23;Baudepartement;2371;Strassenverkehrs- und Schifffahrtsamt;;;3050.00;AG-Beiträge AHV, IV, EO, ALV, Verwaltungskosten;206600.0;197100.0;185141.5;9500.0;4.82;;200
23;Baudepartement;2371;Strassenverkehrs- und Schifffahrtsamt;;;3052.00;AG-Beiträge an Pensionskassen;424500.0;404800.0;416705.35;19700.0;4.87;;200
23;Baudepartement;2371;Strassenverkehrs- und Schifffahrtsamt;;;3053.00;AG-Beiträge an Unfallversicherungen;18900.0;16400.0;15104.4;2500.0;15.24;;201
23;Baudepartement;2371;Strassenverkehrs- und Schifffahrtsamt;;;3054.00;AG-Beiträge an Familienzulagekassen;41300.0;39400.0;37160.6;1900.0;4.82;;201
23;Baudepartement;2371;Strassenverkehrs- und Schifffahrtsamt;;;3059.10;AG-Beiträge Sozialfonds;2500.0;2400.0;2234.6;100.0;4.17;;201
23;Baudepartement;2371;Strassenverkehrs- und Schifffahrtsamt;;;3090.00;Aus- und Weiterbildung des eigenen Personals;15000.0;;;15000.0;;Grundkurs Verkehrsexpertinnen und - experten 2026 bei Dienststelle budgetiert (Interessengrad 1).;201
23;Baudepartement;2371;Strassenverkehrs- und Schifffahrtsamt;;;3091.00;Personalwerbung;1300.0;1300.0;;;;;201
23;Baudepartement;2371;Strassenverkehrs- und Schifffahrtsamt;;;3099.00;Übriger Personalaufwand;3900.0;3700.0;2895.1;200.0;5.41;;201
23;Baudepartement;2371;Strassenverkehrs- und Schifffahrtsamt;;;3100.00;Büromaterial;25000.0;20000.0;17273.53;5000.0;25.0;;201
23;Baudepartement;2371;Strassenverkehrs- und Schifffahrtsamt;;;3101.00;Betriebs- und Verbrauchsmaterial;95000.0;95000.0;81583.45;;;;201
23;Baudepartement;2371;Strassenverkehrs- und Schifffahrtsamt;;;3102.00;Drucksachen, Publikationen;60000.0;56000.0;55059.35;4000.0;7.14;;201
23;Baudepartement;2371;Strassenverkehrs- und Schifffahrtsamt;;;3103.00;Fachliteratur, Zeitschriften;3700.0;3700.0;3251.39;;;;201
23;Baudepartement;2371;Strassenverkehrs- und Schifffahrtsamt;;;3110.00;Büromöbel und -geräte;4000.0;5000.0;3067.1;-1000.0;-20.0;;201
23;Baudepartement;2371;Strassenverkehrs- und Schifffahrtsamt;;;3111.00;Maschinen, Geräte und Fahrzeuge;70500.0;10000.0;4913.1;60500.0;605.0;Anschaffung eines mobilen Geräts zur obligatorischen Messung der Partikelanzahlkonzentration bei Fahrzeugen sowie Anschaffung eines E-Autos für die Abnahme der praktischen Motorradführerprüfungen usw. (bisher Einsatz von Privatfahrzeugen).;201
23;Baudepartement;2371;Strassenverkehrs- und Schifffahrtsamt;;;3112.00;Kleider, Wäsche, Vorhänge;4000.0;4000.0;13638.2;;;;201
23;Baudepartement;2371;Strassenverkehrs- und Schifffahrtsamt;;;3113.00;Hardware;9000.0;9000.0;9053.9;;;;201
23;Baudepartement;2371;Strassenverkehrs- und Schifffahrtsamt;;;3118.00;Immaterielle Anlagen;200000.0;99000.0;53306.06;101000.0;102.02;Umsetzung von IT-Projekten im Verbund mit anderen Kantonen, wie die Einführung digitaler Ausweise, strukturierter Auflagen und die Schnittstellenanpassung an das Informationssystem Verkehrszulassung des Bundes. Umsetzung des Verpflichtungskredits «Digitalisierungspaket VIACAR 2030» (EPR01092).;201
23;Baudepartement;2371;Strassenverkehrs- und Schifffahrtsamt;;;3120.00;Ver- und Entsorgung Liegenschaften VV;;2700.0;10589.55;-2700.0;-100.0;;201
23;Baudepartement;2371;Strassenverkehrs- und Schifffahrtsamt;;;3130.00;Dienstleistungen Dritter;99600.0;137700.0;124776.02;-38100.0;-27.67;Wegfall der Unterstützung für die Systemmigration «Viacar V20» durch externen Fachspezialisten sowie Reduktion der Führerausweisproduktion (Umtausch blaue Führerausweise abgeschlossen).;202
23;Baudepartement;2371;Strassenverkehrs- und Schifffahrtsamt;;;3133.00;Informatik-Nutzungsaufwand;925400.0;899400.0;812608.63;26000.0;2.89;Der höhere Informatik- Nutzungsaufwand resultiert hauptsächlich aus der stetigen Zunahme des Fahrzeugbestandes und dem Betrieb von eGov- Applikationen sowie aus Aufwendungen für IT-Projekte.;202
23;Baudepartement;2371;Strassenverkehrs- und Schifffahrtsamt;;;3134.00;Sachversicherungsprämien;180000.0;169000.0;179948.4;11000.0;6.51;;202
23;Baudepartement;2371;Strassenverkehrs- und Schifffahrtsamt;;;3137.00;Steuern und Abgaben;12000.0;12000.0;9459.56;;;;202
23;Baudepartement;2371;Strassenverkehrs- und Schifffahrtsamt;;;3150.00;Unterhalt Büromöbel und -geräte;2000.0;2000.0;147.8;;;;202
23;Baudepartement;2371;Strassenverkehrs- und Schifffahrtsamt;;;3151.00;Unterhalt Maschinen, Geräte, Fahrzeuge;20000.0;20000.0;15313.9;;;;202
23;Baudepartement;2371;Strassenverkehrs- und Schifffahrtsamt;;;3158.00;Unterhalt immaterielle Anlagen;16900.0;16900.0;8360.15;;;;202
23;Baudepartement;2371;Strassenverkehrs- und Schifffahrtsamt;;;3160.00;Mieten und Pachten Liegenschaften;;4000.0;15750.0;-4000.0;-100.0;;202
23;Baudepartement;2371;Strassenverkehrs- und Schifffahrtsamt;;;3161.00;Mieten, Benützungskosten Anlagen;19900.0;23900.0;60870.35;-4000.0;-16.74;;202
23;Baudepartement;2371;Strassenverkehrs- und Schifffahrtsamt;;;3170.00;Reisekosten und Spesen;34000.0;34000.0;46093.65;;;;202
23;Baudepartement;2371;Strassenverkehrs- und Schifffahrtsamt;;;3181.00;Tatsächliche Forderungsverluste;10000.0;10000.0;5445.56;;;;202
23;Baudepartement;2371;Strassenverkehrs- und Schifffahrtsamt;;;3199.00;Übriger Betriebsaufwand;3500.0;3500.0;7247.8;;;;202
23;Baudepartement;2371;Strassenverkehrs- und Schifffahrtsamt;;;3610.00;Entschädigungen an Bund;5000.0;5000.0;679.0;;;;202
23;Baudepartement;2371;Strassenverkehrs- und Schifffahrtsamt;;;3614.00;Entschädigungen an öffentliche Unternehmungen;;9000.0;35000.0;-9000.0;-100.0;;202
23;Baudepartement;2371;Strassenverkehrs- und Schifffahrtsamt;;;3630.00;Beiträge an den Bund;100.0;100.0;84.0;;;;202
23;Baudepartement;2371;Strassenverkehrs- und Schifffahrtsamt;;;3631.00;Beiträge an Kantone und Konkordate;1800.0;1800.0;1160.0;;;;202
23;Baudepartement;2371;Strassenverkehrs- und Schifffahrtsamt;;;3910.00;IV Dienstleistungen;200000.0;200000.0;200000.0;;;;202
23;Baudepartement;2371;Strassenverkehrs- und Schifffahrtsamt;;;3910.10;IV Betreibungskosten;12000.0;12000.0;22839.15;;;;202
23;Baudepartement;2371;Strassenverkehrs- und Schifffahrtsamt;;;4210.00;Gebühren für Amtshandlungen;-4970000.0;-4950000.0;-4704654.8;-20000.0;0.4;;202
23;Baudepartement;2371;Strassenverkehrs- und Schifffahrtsamt;;;4250.00;Verkäufe;-262000.0;-258000.0;-261554.7;-4000.0;1.55;;202
23;Baudepartement;2371;Strassenverkehrs- und Schifffahrtsamt;;;4260.00;Rückerstattungen und Kostenbeteiligungen Dritter;-205000.0;-191000.0;-211049.75;-14000.0;7.33;;202
23;Baudepartement;2371;Strassenverkehrs- und Schifffahrtsamt;;;4290.00;Übrige Entgelte;-2000.0;-2000.0;;;;;202
23;Baudepartement;2371;Strassenverkehrs- und Schifffahrtsamt;;;4309.00;Übrige betriebliche Erträge;-50000.0;-40000.0;-53256.4;-10000.0;25.0;;202
23;Baudepartement;2371;Strassenverkehrs- und Schifffahrtsamt;;;4600.90;Anteil am Ertrag übriger Bundeseinnahmen;-114000.0;-98000.0;-147302.95;-16000.0;16.33;Der Rückgang der Vergütung für die Verkäufe der Autobahnvignetten infolge Einführung der E-Vignette verläuft langsamer als angenommen.;203
23;Baudepartement;2371;Strassenverkehrs- und Schifffahrtsamt;;;4610.00;Entschädigungen vom Bund;-90000.0;-170000.0;-168459.0;80000.0;-47.06;Der Rückgang resultiert aus der Totalrevision der Verordnung über die Entschädigung der kantonalen Behörden für ihren Aufwand im Zusammenhang mit der Erhebung der Schwerverkehrsabgabe.;203
23;Baudepartement;2371;Strassenverkehrs- und Schifffahrtsamt;;;4910.00;IV Dienstleistungen;-20000.0;-20000.0;-20000.0;;;;203
23;Baudepartement;2371;Strassenverkehrs- und Schifffahrtsamt;;;4930.00;IV Betriebs- und Verwaltungskosten;-866000.0;-806000.0;-806000.0;-60000.0;7.44;Der Verwaltungsaufwand des Strassenverkehrs- und Schifffahrtsamts für die Erhebung der Strassenverkehrssteuern wurde gemäss Strassenverordnung (SHR 725.101) aktualisiert.;203
23;Baudepartement;2375;Öffentlicher Verkehr;;;3010.00;Löhne des Verwaltungs- und Betriebspersonals;428400.0;424500.0;425987.0;3900.0;0.92;;203
23;Baudepartement;2375;Öffentlicher Verkehr;;;3050.00;AG-Beiträge AHV, IV, EO, ALV, Verwaltungskosten;27900.0;27600.0;27470.95;300.0;1.09;;203
23;Baudepartement;2375;Öffentlicher Verkehr;;;3052.00;AG-Beiträge an Pensionskassen;57300.0;56700.0;68968.8;600.0;1.06;;203
23;Baudepartement;2375;Öffentlicher Verkehr;;;3053.00;AG-Beiträge an Unfallversicherungen;2500.0;2300.0;2195.9;200.0;8.7;;203
23;Baudepartement;2375;Öffentlicher Verkehr;;;3054.00;AG-Beiträge an Familienzulagekassen;5500.0;5500.0;5537.7;;;;203
23;Baudepartement;2375;Öffentlicher Verkehr;;;3059.10;AG-Beiträge Sozialfonds;300.0;300.0;324.7;;;;203
23;Baudepartement;2375;Öffentlicher Verkehr;;;3099.00;Übriger Personalaufwand;800.0;800.0;320.0;;;;203
23;Baudepartement;2375;Öffentlicher Verkehr;;;3100.00;Büromaterial;1800.0;1800.0;1788.84;;;;203
23;Baudepartement;2375;Öffentlicher Verkehr;;;3102.00;Drucksachen, Publikationen;20000.0;20000.0;4200.3;;;;203
23;Baudepartement;2375;Öffentlicher Verkehr;;;3103.00;Fachliteratur, Zeitschriften;2500.0;2500.0;2220.37;;;;203
23;Baudepartement;2375;Öffentlicher Verkehr;;;3113.00;Hardware;1500.0;1500.0;952.4;;;;203
23;Baudepartement;2375;Öffentlicher Verkehr;;;3118.00;Immaterielle Anlagen;1500.0;1500.0;;;;;203
23;Baudepartement;2375;Öffentlicher Verkehr;;;3130.00;Dienstleistungen Dritter;290000.0;278000.0;318198.31;12000.0;4.32;Auf dem Konto sind Fr. 90'000 für Marketingaufwendungen gemäss GÖV sowie insgesamt Fr. 200'000 für diverse Beratungsunterstützung bei verschiedenen Projekten budgetiert.;203
23;Baudepartement;2375;Öffentlicher Verkehr;;;3133.00;Informatik-Nutzungsaufwand;25000.0;23000.0;19584.96;2000.0;8.7;;203
23;Baudepartement;2375;Öffentlicher Verkehr;;;3153.00;Informatik-Unterhalt (Hardware);1500.0;1500.0;;;;;203
23;Baudepartement;2375;Öffentlicher Verkehr;;;3158.00;Unterhalt immaterielle Anlagen;13600.0;17000.0;10362.0;-3400.0;-20.0;;204
23;Baudepartement;2375;Öffentlicher Verkehr;;;3160.00;Mieten und Pachten Liegenschaften;3500.0;2000.0;1130.5;1500.0;75.0;;204
23;Baudepartement;2375;Öffentlicher Verkehr;;;3161.00;Mieten, Benützungskosten Anlagen;4000.0;4000.0;3282.25;;;;204
23;Baudepartement;2375;Öffentlicher Verkehr;;;3170.00;Reisekosten und Spesen;12000.0;12000.0;11076.6;;;;204
23;Baudepartement;2375;Öffentlicher Verkehr;;;3199.00;Übriger Betriebsaufwand;1500.0;1500.0;;;;;204
23;Baudepartement;2375;Öffentlicher Verkehr;;;3630.00;Beiträge an den Bund;5233000.0;5304800.0;5230605.0;-71800.0;-1.35;Kantonsbeitrag an FABI/BIF (Bahninfrastrukturfonds des Bundes) gemäss provisorischem Beteiligungsschlüssel für das Jahr 2026.;204
23;Baudepartement;2375;Öffentlicher Verkehr;;;3631.00;Beiträge an Kantone und Konkordate;12000.0;10000.0;9896.0;2000.0;20.0;;204
23;Baudepartement;2375;Öffentlicher Verkehr;;;3634.00;Beiträge an öffentliche Unternehmungen;13050000.0;13300000.0;11754049.9;-250000.0;-1.88;Im Jahr 2025 einmaliger Kantonsbeitrag über Fr. 500'000 für den Rückbau der Trolleybusfahrleitungen. Dieser fällt im Jahr 2026 nicht mehr an. Dafür Abgeltungen an Transportunternehmen etwas höher.;204
23;Baudepartement;2375;Öffentlicher Verkehr;;;3635.00;Beiträge an private Unternehmungen;180500.0;150400.0;153800.0;30100.0;20.01;Beitrag an die Schweizerische Schifffahrtsgesellschaft Untersee und Rhein AG (URh) und diverse Ausflugsverkehre sowie ein Beitrag in Höhe von Fr. 10'000 für die Geschäftsstelle Bodenseeraum.;204
23;Baudepartement;2375;Öffentlicher Verkehr;;;3638.00;Beiträge an das Ausland;2530000.0;2500000.0;2542191.22;30000.0;1.2;Abgeltungen an ausländische Transportunternehmen etwas höher.;204
23;Baudepartement;2375;Öffentlicher Verkehr;;;3660.40;Planmässige Abschreibungen Invest.beiträge an öffentliche Unternehmungen;1530900.0;1530900.0;1530914.0;;;;204
23;Baudepartement;2375;Öffentlicher Verkehr;;;3660.80;Planmässige Abschreibungen Invest.beiträge an Ausland;677600.0;677600.0;677605.0;;;;204
23;Baudepartement;2375;Öffentlicher Verkehr;;;3708.00;Durchlaufende Beiträge an das Ausland;;415000.0;;-415000.0;-100.0;Aufgrund eines geänderten Verbuchungsprozesses wird der Beitrag vom Bundesamt für Verkehr auf dem Konto 4630.00 gutgeschrieben und die Konten 3708.00 und 4708.00 werden nicht mehr verwendet.;204
23;Baudepartement;2375;Öffentlicher Verkehr;;;4120.00;Konzessionen;;;-64.0;;;;204
23;Baudepartement;2375;Öffentlicher Verkehr;;;4240.00;Benützungsgebühren und Dienstleistungen;;;-800.0;;;;204
23;Baudepartement;2375;Öffentlicher Verkehr;;;4630.00;Beiträge vom Bund;-430000.0;;-390186.0;-430000.0;;Beiträge vom Bundesamt für Verkehr für die Strecke Schaffhausen - Singen.;205
23;Baudepartement;2375;Öffentlicher Verkehr;;;4632.10;Laufende Betriebsbeiträge von innerkantonalen Gemeinden und Gemeindezweckverbände;-2500000.0;-2800000.0;-2984827.0;300000.0;-10.71;Gemeindebeiträge an den Regionalverkehr neu mit 22.5% statt 25% gerechnet, was zu tieferen Beiträgen führt.;205
23;Baudepartement;2375;Öffentlicher Verkehr;;;4708.00;Durchlaufende Beiträge aus dem Ausland;;-415000.0;;415000.0;-100.0;Aufgrund eines geänderten Verbuchungsprozesses wird der Beitrag vom Bundesamt für Verkehr auf dem Konto 4630.00 gutgeschrieben und die Konten 3708.00 und 4708.00 werden nicht mehr verwendet.;205
23;Baudepartement;2375;Öffentlicher Verkehr;;;4980.00;Übertragungen;-2695800.0;-2646600.0;-3060317.51;-49200.0;1.86;;205
23;Baudepartement;2380;Rheinfall;;;3101.00;Betriebs- und Verbrauchsmaterial;2000.0;2000.0;2000.0;;;;205
23;Baudepartement;2380;Rheinfall;;;3120.00;Ver- und Entsorgung Liegenschaften VV;32000.0;32000.0;41141.67;;;;205
23;Baudepartement;2380;Rheinfall;;;3130.00;Dienstleistungen Dritter;300000.0;400000.0;73397.41;-100000.0;-25.0;Die Ausgaben für die Ausschreibung fallen weg.;205
23;Baudepartement;2380;Rheinfall;;;3131.00;Planungen und Projektierungen Dritter;670000.0;250000.0;390433.9;420000.0;168.0;"Fr. 495'000 Verpflichtungskredit «Testplanung Areal- und Immobilienentwicklung Rheinfall» (EPR0132); Fr. 100'000 Allgemeine Planungsarbeiten TSH/HBA; Fr. 75'000 Verpflichtungskredit «Projektierung Neubau Parkhaus Neuhausen» (EPR0067).";205
23;Baudepartement;2380;Rheinfall;;;3134.00;Sachversicherungsprämien;1400.0;1400.0;1363.85;;;;205
23;Baudepartement;2380;Rheinfall;;;3137.00;Steuern und Abgaben;103600.0;103400.0;103644.52;200.0;0.19;;205
23;Baudepartement;2380;Rheinfall;;;3144.00;Unterhalt Hochbauten, Gebäude;50000.0;50000.0;41835.0;;;;205
23;Baudepartement;2380;Rheinfall;;;3300.60;Planmässige Abschreibungen Mobilien;55200.0;55200.0;55226.0;;;;205
23;Baudepartement;2380;Rheinfall;;;3320.00;Planmässige Abschreibungen immaterielle Anlagen;24200.0;24100.0;24153.0;100.0;0.41;;205
23;Baudepartement;2380;Rheinfall;;;3430.00;Baulicher Unterhalt Liegenschaften FV;4890000.0;1725000.0;199197.17;3165000.0;183.48;"Fr. 1'500'000 Innensanierung Mühlenradhaus und Anpassung an Betriebskonzept; Fr. 1'500'000 Nicht verschiebbare Instandsetzungsarbeiten in Liegenschaften bis zur Gesamtsanierung (Überbrückungsmassnahmen); Fr. 800'000 Gebäudehüllensanierung Mühlenradhaus; Fr. 630'000 Allgemeiner Unterhalt Liegenschaften Rheinfall; Fr. 460'000 Erneuerung Rheinfallbeleuchtung.";206
23;Baudepartement;2380;Rheinfall;;;3430.10;Baulicher Unterhalt Liegenschaften FV - Rheinfallflächen;100000.0;100000.0;90733.35;;;;206
23;Baudepartement;2380;Rheinfall;;;3431.00;Nicht baulicher Unterhalt Liegenschaften FV;10000.0;10000.0;358573.8;;;;206
23;Baudepartement;2380;Rheinfall;;;3431.10;Nicht baulicher Unterhalt Liegenschaften FV - Parkierungsanlagen;660000.0;630000.0;623542.15;30000.0;4.76;Erhöhung aufgrund personellem Mehraufwands für den Verkehr und der grösseren Menge an Abfall zur Entsorgung.;206
23;Baudepartement;2380;Rheinfall;;;3439.00;Übriger Liegenschaftsaufwand FV;89000.0;88000.0;102983.36;1000.0;1.14;;206
23;Baudepartement;2380;Rheinfall;;;3631.00;Beiträge an Kantone und Konkordate;90000.0;90000.0;90000.0;;;;206
23;Baudepartement;2380;Rheinfall;;;3635.00;Beiträge an private Unternehmungen;45000.0;;21780.3;45000.0;;Marketingpauschale.;206
23;Baudepartement;2380;Rheinfall;;;3910.00;IV Dienstleistungen;80000.0;50000.0;49965.95;30000.0;60.0;;206
23;Baudepartement;2380;Rheinfall;;;3930.00;IV Betriebs- und Verwaltungskosten;320000.0;320000.0;373136.27;;;;206
23;Baudepartement;2380;Rheinfall;;;4260.00;Rückerstattungen und Kostenbeteiligungen Dritter;-22000.0;-21600.0;-22892.3;-400.0;1.85;;206
23;Baudepartement;2380;Rheinfall;;;4390.00;Übrige Erträge;;;-57011.45;;;;206
23;Baudepartement;2380;Rheinfall;;;4430.00;Pacht- und Mietzinse Liegenschaften FV;-1324800.0;-850000.0;-1102464.3;-474800.0;55.86;Anpassung Budget 2026 an die neu abgeschlossenen Verträge mit der Gastronomie und der Schifffahrt.;206
23;Baudepartement;2380;Rheinfall;;;4430.10;Einnahmen Parking Rheinfall;-1955200.0;-1950000.0;-1955482.11;-5200.0;0.27;;206
23;Baudepartement;2380;Rheinfall;;;4635.00;Beiträge von privaten Unternehmungen;-45000.0;;-30000.0;-45000.0;;Marketingpauschale.;206
23;Baudepartement;2398;;2398.7214;Liegenschaften Areal Breitenau, Nutzung Spitäler Schaffhausen;3130.00;Dienstleistungen Dritter;;;70.77;;;;206
23;Baudepartement;2398;;2398.7214;Liegenschaften Areal Breitenau, Nutzung Spitäler Schaffhausen;3134.00;Sachversicherungsprämien;44000.0;43000.0;42870.55;1000.0;2.33;;206
23;Baudepartement;2398;;2398.7214;Liegenschaften Areal Breitenau, Nutzung Spitäler Schaffhausen;3137.00;Steuern und Abgaben;300.0;;203.12;300.0;;;206
23;Baudepartement;2398;;2398.7214;Liegenschaften Areal Breitenau, Nutzung Spitäler Schaffhausen;3144.00;Unterhalt Hochbauten, Gebäude;350000.0;350000.0;388082.6;;;;207
23;Baudepartement;2398;;2398.7214;Liegenschaften Areal Breitenau, Nutzung Spitäler Schaffhausen;3300.40;Planmässige Abschreibungen Hochbauten;24000.0;44000.0;;-20000.0;-45.45;;207
23;Baudepartement;2398;;2398.7214;Liegenschaften Areal Breitenau, Nutzung Spitäler Schaffhausen;3431.00;Nicht baulicher Unterhalt Liegenschaften FV;;;194.6;;;;207
23;Baudepartement;2398;;2398.7214;Liegenschaften Areal Breitenau, Nutzung Spitäler Schaffhausen;3910.00;IV Dienstleistungen;35000.0;35000.0;38828.26;;;;207
23;Baudepartement;2398;;2398.7214;Liegenschaften Areal Breitenau, Nutzung Spitäler Schaffhausen;4470.00;Pacht- und Mietzinse Liegenschaften VV;-905000.0;-900000.0;-903831.0;-5000.0;0.56;;207
23;Baudepartement;2398;;2398.7214;Liegenschaften Areal Breitenau, Nutzung Spitäler Schaffhausen;4940.00;IV Kalk. Zinsen und Finanzaufwand;;-12700.0;-4485.97;12700.0;-100.0;;207
23;Baudepartement;2398;;2398.7214;Liegenschaften Areal Breitenau, Nutzung Spitäler Schaffhausen;9010.00;Abschluss Spezialfinanzierungen und Fonds des Eigenkapitals, Ertragsüberschuss;451700.0;420200.0;438067.07;31500.0;7.5;;207
23;Baudepartement;2398;;2398.7231;Fonds zur Finanzierung von Massnahmen im Interesse des Natur- und Heimatschutzes;3631.05;Beiträge an Kantone und Konkordate Naturschutz;;30000.0;;-30000.0;-100.0;Die Beitragsempfänger 2025 sind Kantone und Konkordate, ab 2026 werden die Beitragsempfänger in anderen Konten budgetiert (Gemeinden und private Haushalte Naturschutz).;207
23;Baudepartement;2398;;2398.7231;Fonds zur Finanzierung von Massnahmen im Interesse des Natur- und Heimatschutzes;3632.15;Beiträge an Gemeinden und Gemeindezweckverbände Denkmalpflege und Heimatschutz;180000.0;180000.0;66091.0;;;;207
23;Baudepartement;2398;;2398.7231;Fonds zur Finanzierung von Massnahmen im Interesse des Natur- und Heimatschutzes;3632.17;Beiträge an Gemeinden und Gemeindezweckverbände Naturschutz;124000.0;100000.0;;24000.0;24.0;Mehr Unterstützungsbeiträge für kommunale Aufwertungsprojekte.;207
23;Baudepartement;2398;;2398.7231;Fonds zur Finanzierung von Massnahmen im Interesse des Natur- und Heimatschutzes;3635.12;Beiträge an private Unternehmungen Denkmalpflege und Heimatschutz;20000.0;20000.0;30248.0;;;;207
23;Baudepartement;2398;;2398.7231;Fonds zur Finanzierung von Massnahmen im Interesse des Natur- und Heimatschutzes;3635.13;Beiträge an private Unternehmungen Naturschutz;25000.0;90000.0;;-65000.0;-72.22;In 2025 doppelt budgetiert.;207
23;Baudepartement;2398;;2398.7231;Fonds zur Finanzierung von Massnahmen im Interesse des Natur- und Heimatschutzes;3636.03;Beiträge an private Organisationen ohne Erwerbszweck Denkmalpflege und Heimatschutz;10000.0;10000.0;61143.0;;;;207
23;Baudepartement;2398;;2398.7231;Fonds zur Finanzierung von Massnahmen im Interesse des Natur- und Heimatschutzes;3636.05;Beiträge an private Organisationen ohne Erwerbszweck Naturschutz;11000.0;11000.0;;;;;207
23;Baudepartement;2398;;2398.7231;Fonds zur Finanzierung von Massnahmen im Interesse des Natur- und Heimatschutzes;3637.04;Beiträge an Private Haushalte Denkmalpflege und Heimatschutz;190000.0;190000.0;293450.0;;;;207
23;Baudepartement;2398;;2398.7231;Fonds zur Finanzierung von Massnahmen im Interesse des Natur- und Heimatschutzes;3637.05;Beiträge an Private Haushalte Naturschutz;175000.0;150000.0;;25000.0;16.67;Mehr Unterstützungsbeiträge für Pflege und Aufwertung von privaten Naturschutzobjekten.;207
23;Baudepartement;2398;;2398.7231;Fonds zur Finanzierung von Massnahmen im Interesse des Natur- und Heimatschutzes;3910.00;IV Dienstleistungen;1000.0;2700.0;2008.0;-1700.0;-62.96;;207
23;Baudepartement;2398;;2398.7231;Fonds zur Finanzierung von Massnahmen im Interesse des Natur- und Heimatschutzes;3980.00;Übertragungen;65000.0;65000.0;340804.18;;;;207
23;Baudepartement;2398;;2398.7231;Fonds zur Finanzierung von Massnahmen im Interesse des Natur- und Heimatschutzes;4940.00;IV Kalk. Zinsen und Finanzaufwand;;-3500.0;-975.98;3500.0;-100.0;;207
23;Baudepartement;2398;;2398.7231;Fonds zur Finanzierung von Massnahmen im Interesse des Natur- und Heimatschutzes;4980.00;Übertragungen;-800000.0;-800000.0;-2800000.0;;;;207
23;Baudepartement;2398;;2398.7231;Fonds zur Finanzierung von Massnahmen im Interesse des Natur- und Heimatschutzes;9010.00;Abschluss Spezialfinanzierungen und Fonds des Eigenkapitals, Ertragsüberschuss;;;2007231.8;;;;208
23;Baudepartement;2398;;2398.7231;Fonds zur Finanzierung von Massnahmen im Interesse des Natur- und Heimatschutzes;9011.00;Abschluss Spezialfinanzierungen und Fonds des Eigenkapitals, Aufwandüberschuss;-1000.0;-45200.0;;44200.0;-97.79;;208
23;Baudepartement;2398;;2398.7236;Klimafonds (Bereich Energie/Klimaschutz);3130.41;Dienstleistungen Dritter (BD-ÖV);;230000.0;;-230000.0;-100.0;;208
23;Baudepartement;2398;;2398.7236;Klimafonds (Bereich Energie/Klimaschutz);3636.00;Beiträge an private Organisationen ohne Erwerbszweck;60500.0;;;60500.0;;"Gemäss RRB vom 1. Juli 2025 (Protokoll-Nr. 22/447) wird für die Massnahme ""Zirkuläres Bauen"" ein à- fonds-perdu-Beitrag von 60'500 Franken über den Klimafonds, Bereich Energie/Klimaschutz, ausgerichtet (Massnahme M03.6 aus der kantonalen Klimastrategie).";208
23;Baudepartement;2398;;2398.7236;Klimafonds (Bereich Energie/Klimaschutz);3637.40;Beiträge an Private Haushalte (BD-EF);4300000.0;3700000.0;;600000.0;16.22;Die hohe Zahl an Fördergesuchen 2020–2023 (Pandemie, drohende Energiemangellage) kommen auch noch in den Jahren 2026 und 2027 zur Auszahlung. Gleichzeitig sinken die Bundesmittel pro eingesetzem Kantonsfranken. Übertragung der Mittel aus dem IPR0199 VK Förderprogramm Energie M03.12 auf den EPR0066 VK Förderprogramm Energie M03.12. Die mit dem Budget 2023 für das Energieprogramm durch den Kantonsrat gesprochenen Mittel wurden gem. damaliger Annahmen betreffend die Höhe der einzelnen eingehenden Fördergesuche auf die Erfolgs- und Investitionsrechnung verteilt. Zwischenzeitlich wird davon ausgegangen, dass keine aktivierungspflichtigen Fördergesuche eingehen werden. Die Kreditrestanz des IPR0199 Höhe von Fr. 1'600'000 soll daher in die Erfolgsrechnung auf den EPR0066 übertragen werden.;208
23;Baudepartement;2398;;2398.7236;Klimafonds (Bereich Energie/Klimaschutz);3660.70;Planmässige Abschreibungen Invest.beiträge an private Haushalte;;40000.0;;-40000.0;-100.0;;209
23;Baudepartement;2398;;2398.7236;Klimafonds (Bereich Energie/Klimaschutz);3707.40;Durchlaufende Beiträge an Private Haushalte (BD-EF);4000000.0;5300000.0;;-1300000.0;-24.53;Pro eingesetztem Kantonsfranken steuert der Bund zusätzlich rund einen Franken bei. Dies ist weniger als in der Vergangenheit angenommen und wird teilweise über das Impulsprogramm kompensiert. Die Bundesmittel werden über dieses Konto (und Gegenkonto 4700.40) abgewickelt.;209
23;Baudepartement;2398;;2398.7236;Klimafonds (Bereich Energie/Klimaschutz);3980.00;Übertragungen;;;3539636.7;;;;209
23;Baudepartement;2398;;2398.7236;Klimafonds (Bereich Energie/Klimaschutz);4700.40;Durchlaufende Beiträge an Private Haushalte (BD-EF);-4000000.0;-5300000.0;;1300000.0;-24.53;Gegenkonto zu 3707.40. Reduktion durchlaufende Bundesbeiträgel für Energieförderprogramm (EPR0133). Erhöhung durchlaufende Bundesbeiträge für Energieförderprogramm (EPR0066).;209
23;Baudepartement;2398;;2398.7236;Klimafonds (Bereich Energie/Klimaschutz);4940.00;IV Kalk. Zinsen und Finanzaufwand;;-37200.0;-12407.3;37200.0;-100.0;;209
23;Baudepartement;2398;;2398.7236;Klimafonds (Bereich Energie/Klimaschutz);4980.00;Übertragungen;-4000000.0;-1000000.0;;-3000000.0;300.0;Hohe Zahl an Fördergesuchen aus den Jahren 2020–2023 (Pandemie, drohende Energiemangellage) kommen auch noch in den Jahren 2026 und 2027 zur Auszahlung, gleichzeitig sinken die Bundesmittel pro eingesetztem Kantonsfranken. Sicherstellung, dass die Ober- und Untergrenze eingehalten werden.;209
23;Baudepartement;2398;;2398.7236;Klimafonds (Bereich Energie/Klimaschutz);9011.00;Abschluss Spezialfinanzierungen und Fonds des Eigenkapitals, Aufwandüberschuss;-360500.0;-2932800.0;-3527229.4;2572300.0;-87.71;;209
23;Baudepartement;2398;;2398.7237;Klimafonds (Bereich Klimaanpassung);3090.46;Aus- und Weiterbildung des eigenen Personals (BD- Forst);10000.0;4000.0;;6000.0;150.0;;209
23;Baudepartement;2398;;2398.7237;Klimafonds (Bereich Klimaanpassung);3130.42;Dienstleistungen Dritter (DI-Fischerei);20000.0;20000.0;;;;;209
23;Baudepartement;2398;;2398.7237;Klimafonds (Bereich Klimaanpassung);3130.43;Dienstleistungen Dritter (BD-Raumplanung);51000.0;55000.0;;-4000.0;-7.27;;209
23;Baudepartement;2398;;2398.7237;Klimafonds (Bereich Klimaanpassung);3130.44;Dienstleistungen Dritter (BD-Naturschutz);60000.0;50000.0;;10000.0;20.0;;209
23;Baudepartement;2398;;2398.7237;Klimafonds (Bereich Klimaanpassung);3130.45;Dienstleistungen Dritter (BD-Tiefbauamt);50000.0;;;50000.0;;;209
23;Baudepartement;2398;;2398.7237;Klimafonds (Bereich Klimaanpassung);3130.46;Dienstleistungen Dritter (BD-Forst);125000.0;;;125000.0;;Ein Wald-Wild-Konzept soll ausgearbeitet werden, um Aufwertungen und Verbesserungen für den Lebensraum Wald aufzuzeigen, damit sich klimatolerante Baumarten verjüngen können.;210
23;Baudepartement;2398;;2398.7237;Klimafonds (Bereich Klimaanpassung);3131.45;Planungen und Projektierungen Dritter (BD-Wasserbau);100000.0;75000.0;;25000.0;33.33;;210
23;Baudepartement;2398;;2398.7237;Klimafonds (Bereich Klimaanpassung);3142.45;Unterhalt Wasserbau (BD-Wasserbau);147500.0;177500.0;;-30000.0;-16.9;;210
23;Baudepartement;2398;;2398.7237;Klimafonds (Bereich Klimaanpassung);3611.05;Entschädigung an Interkantonales Labor;515000.0;520000.0;257613.01;-5000.0;-0.96;;210
23;Baudepartement;2398;;2398.7237;Klimafonds (Bereich Klimaanpassung);3631.46;Beiträge an Kantone und Konkordate (BD-Forst);20000.0;20000.0;;;;;210
23;Baudepartement;2398;;2398.7237;Klimafonds (Bereich Klimaanpassung);3632.46;Beiträge an innerkantonale Gemeinden und Gemeindezweckverbände (BD-Forst);96000.0;96000.0;;;;;210
23;Baudepartement;2398;;2398.7237;Klimafonds (Bereich Klimaanpassung);3636.46;Beiträge an private Organisationen ohne Erwerbszweck (BD-Forst);2000.0;2000.0;;;;;210
23;Baudepartement;2398;;2398.7237;Klimafonds (Bereich Klimaanpassung);3637.46;Beiträge an Private Haushalte (BD-Forst);2000.0;2000.0;;;;;210
23;Baudepartement;2398;;2398.7237;Klimafonds (Bereich Klimaanpassung);3980.00;Übertragungen;;;417235.74;;;;210
23;Baudepartement;2398;;2398.7237;Klimafonds (Bereich Klimaanpassung);4940.00;IV Kalk. Zinsen und Finanzaufwand;;-13600.0;-4548.96;13600.0;-100.0;;210
23;Baudepartement;2398;;2398.7237;Klimafonds (Bereich Klimaanpassung);4980.00;Übertragungen;-1300000.0;;;-1300000.0;;Äufnung Klimafonds Teilbereich Klimaanpassung in Höhe von Fr. 1.3 Mio. zur Sicherstellung, dass die Ober- und Untergrenze eingehalten werden.;210
23;Baudepartement;2398;;2398.7237;Klimafonds (Bereich Klimaanpassung);9010.00;Abschluss Spezialfinanzierungen und Fonds des Eigenkapitals, Ertragsüberschuss;101500.0;;;101500.0;;;210
23;Baudepartement;2398;;2398.7237;Klimafonds (Bereich Klimaanpassung);9011.00;Abschluss Spezialfinanzierungen und Fonds des Eigenkapitals, Aufwandüberschuss;;-1007900.0;-670299.79;1007900.0;-100.0;;210
23;Baudepartement;2398;;2398.7238;Mehrwertausgleichsfonds;3132.00;Honorare externe Berater, Gutachter, Fachexperten etc.;2000.0;2000.0;1503.15;;;;210
23;Baudepartement;2398;;2398.7238;Mehrwertausgleichsfonds;3940.00;IV kalk. Zinsen und Finanzaufwand;;300.0;272.04;-300.0;-100.0;;210
23;Baudepartement;2398;;2398.7238;Mehrwertausgleichsfonds;9011.00;Abschluss Spezialfinanzierungen und Fonds des Eigenkapitals, Aufwandüberschuss;-2000.0;-2300.0;-1775.19;300.0;-13.04;;210
23;Baudepartement;2398;;2398.7239;Kantonaler Strassenfonds;3632.10;Beiträge an innerkantonale Gemeinden und Gemeindezweckverbände;421600.0;471600.0;2590438.72;-50000.0;-10.6;;210
23;Baudepartement;2398;;2398.7239;Kantonaler Strassenfonds;3930.00;IV Betriebs- und Verwaltungskosten;840000.0;780000.0;780000.0;60000.0;7.69;;210
23;Baudepartement;2398;;2398.7239;Kantonaler Strassenfonds;3980.00;Übertragungen;12577000.0;12290300.0;10469720.04;286700.0;2.33;;211
23;Baudepartement;2398;;2398.7239;Kantonaler Strassenfonds;4940.00;IV Kalk. Zinsen und Finanzaufwand;;-45000.0;-15563.63;45000.0;-100.0;;211
23;Baudepartement;2398;;2398.7239;Kantonaler Strassenfonds;4980.00;Übertragungen;-13838600.0;-13496900.0;-13824595.13;-341700.0;2.53;;211
24;Volkswirtschaftsdepartement;2400;Sekretariat;;;3010.00;Löhne des Verwaltungs- und Betriebspersonals;284100.0;282100.0;293050.0;2000.0;0.71;;212
24;Volkswirtschaftsdepartement;2400;Sekretariat;;;3050.00;AG-Beiträge AHV, IV, EO, ALV, Verwaltungskosten;18500.0;18300.0;18413.75;200.0;1.09;;212
24;Volkswirtschaftsdepartement;2400;Sekretariat;;;3052.00;AG-Beiträge an Pensionskassen;38000.0;37700.0;68198.0;300.0;0.8;;212
24;Volkswirtschaftsdepartement;2400;Sekretariat;;;3053.00;AG-Beiträge an Unfallversicherungen;1600.0;1500.0;1271.05;100.0;6.67;;212
24;Volkswirtschaftsdepartement;2400;Sekretariat;;;3054.00;AG-Beiträge an Familienzulagekassen;3700.0;3700.0;3809.15;;;;212
24;Volkswirtschaftsdepartement;2400;Sekretariat;;;3059.10;AG-Beiträge Sozialfonds;200.0;200.0;188.15;;;;212
24;Volkswirtschaftsdepartement;2400;Sekretariat;;;3090.00;Aus- und Weiterbildung des eigenen Personals;1500.0;1700.0;270.25;-200.0;-11.76;;212
24;Volkswirtschaftsdepartement;2400;Sekretariat;;;3099.00;Übriger Personalaufwand;2000.0;2000.0;1582.75;;;;212
24;Volkswirtschaftsdepartement;2400;Sekretariat;;;3100.00;Büromaterial;3000.0;3000.0;1817.5;;;;212
24;Volkswirtschaftsdepartement;2400;Sekretariat;;;3103.00;Fachliteratur, Zeitschriften;2000.0;3000.0;1620.0;-1000.0;-33.33;;212
24;Volkswirtschaftsdepartement;2400;Sekretariat;;;3113.00;Hardware;2000.0;2000.0;1000.0;;;;212
24;Volkswirtschaftsdepartement;2400;Sekretariat;;;3130.00;Dienstleistungen Dritter;32100.0;32100.0;39976.8;;;;212
24;Volkswirtschaftsdepartement;2400;Sekretariat;;;3133.00;Informatik-Nutzungsaufwand;17700.0;17400.0;14581.8;300.0;1.72;;212
24;Volkswirtschaftsdepartement;2400;Sekretariat;;;3161.00;Mieten, Benützungskosten Anlagen;3000.0;4200.0;2950.2;-1200.0;-28.57;;212
24;Volkswirtschaftsdepartement;2400;Sekretariat;;;3170.00;Reisekosten und Spesen;2500.0;4000.0;2184.1;-1500.0;-37.5;;212
24;Volkswirtschaftsdepartement;2400;Sekretariat;;;3199.00;Übriger Betriebsaufwand;4000.0;4000.0;4012.74;;;;212
24;Volkswirtschaftsdepartement;2400;Sekretariat;;;3611.00;Entschädigungen an Kantone und Konkordate;;7000.0;;-7000.0;-100.0;;212
24;Volkswirtschaftsdepartement;2400;Sekretariat;;;3631.00;Beiträge an Kantone und Konkordate;25000.0;25000.0;21821.1;;;;212
24;Volkswirtschaftsdepartement;2402;Datenschutz;;;3010.00;Löhne des Verwaltungs- und Betriebspersonals;198600.0;162200.0;115035.25;36400.0;22.44;Aufgrund der gestiegenen Anforderungen an den Datenschutz und die damit einhergehende Zunahme von Anfragen wird der Datenschutzbeauftragte seit Q2 2024 durch eine Mitarbeiterin unterstützt.;212
24;Volkswirtschaftsdepartement;2402;Datenschutz;;;3050.00;AG-Beiträge AHV, IV, EO, ALV, Verwaltungskosten;12900.0;10500.0;7479.55;2400.0;22.86;;212
24;Volkswirtschaftsdepartement;2402;Datenschutz;;;3052.00;AG-Beiträge an Pensionskassen;26600.0;21700.0;23710.3;4900.0;22.58;;212
24;Volkswirtschaftsdepartement;2402;Datenschutz;;;3053.00;AG-Beiträge an Unfallversicherungen;1100.0;900.0;253.25;200.0;22.22;;212
24;Volkswirtschaftsdepartement;2402;Datenschutz;;;3054.00;AG-Beiträge an Familienzulagekassen;2600.0;2100.0;1495.4;500.0;23.81;;212
24;Volkswirtschaftsdepartement;2402;Datenschutz;;;3059.10;AG-Beiträge Sozialfonds;200.0;100.0;91.95;100.0;100.0;;212
24;Volkswirtschaftsdepartement;2402;Datenschutz;;;3090.00;Aus- und Weiterbildung des eigenen Personals;2000.0;2000.0;;;;;213
24;Volkswirtschaftsdepartement;2402;Datenschutz;;;3100.00;Büromaterial;900.0;600.0;938.88;300.0;50.0;;213
24;Volkswirtschaftsdepartement;2402;Datenschutz;;;3103.00;Fachliteratur, Zeitschriften;500.0;500.0;;;;;213
24;Volkswirtschaftsdepartement;2402;Datenschutz;;;3130.00;Dienstleistungen Dritter;2400.0;2400.0;2426.0;;;;213
24;Volkswirtschaftsdepartement;2402;Datenschutz;;;3132.00;Honorare externe Berater, Gutachter, Fachexperten etc.;20000.0;20000.0;23247.3;;;;213
24;Volkswirtschaftsdepartement;2402;Datenschutz;;;3133.00;Informatik-Nutzungsaufwand;400.0;400.0;72.0;;;;213
24;Volkswirtschaftsdepartement;2402;Datenschutz;;;3170.00;Reisekosten und Spesen;2000.0;2000.0;410.6;;;;213
24;Volkswirtschaftsdepartement;2403;Wirtschaftsamt;;;3000.10;Sitzungsgelder Kommissionen;3000.0;3000.0;2800.0;;;;213
24;Volkswirtschaftsdepartement;2403;Wirtschaftsamt;;;3010.00;Löhne des Verwaltungs- und Betriebspersonals;321400.0;328000.0;290130.55;-6600.0;-2.01;;213
24;Volkswirtschaftsdepartement;2403;Wirtschaftsamt;;;3050.00;AG-Beiträge AHV, IV, EO, ALV, Verwaltungskosten;21100.0;21500.0;19028.4;-400.0;-1.86;;213
24;Volkswirtschaftsdepartement;2403;Wirtschaftsamt;;;3052.00;AG-Beiträge an Pensionskassen;43000.0;43800.0;42702.6;-800.0;-1.83;;213
24;Volkswirtschaftsdepartement;2403;Wirtschaftsamt;;;3053.00;AG-Beiträge an Unfallversicherungen;1900.0;1700.0;1562.75;200.0;11.76;;213
24;Volkswirtschaftsdepartement;2403;Wirtschaftsamt;;;3054.00;AG-Beiträge an Familienzulagekassen;4200.0;4300.0;3808.45;-100.0;-2.33;;213
24;Volkswirtschaftsdepartement;2403;Wirtschaftsamt;;;3059.10;AG-Beiträge Sozialfonds;300.0;300.0;233.8;;;;213
24;Volkswirtschaftsdepartement;2403;Wirtschaftsamt;;;3090.00;Aus- und Weiterbildung des eigenen Personals;2700.0;2700.0;1900.0;;;;213
24;Volkswirtschaftsdepartement;2403;Wirtschaftsamt;;;3099.00;Übriger Personalaufwand;2400.0;2400.0;;;;;213
24;Volkswirtschaftsdepartement;2403;Wirtschaftsamt;;;3100.00;Büromaterial;1500.0;1500.0;;;;;213
24;Volkswirtschaftsdepartement;2403;Wirtschaftsamt;;;3103.00;Fachliteratur, Zeitschriften;1500.0;1500.0;;;;;213
24;Volkswirtschaftsdepartement;2403;Wirtschaftsamt;;;3113.00;Hardware;2000.0;2000.0;;;;;213
24;Volkswirtschaftsdepartement;2403;Wirtschaftsamt;;;3118.00;Immaterielle Anlagen;;;9500.0;;;;213
24;Volkswirtschaftsdepartement;2403;Wirtschaftsamt;;;3130.00;Dienstleistungen Dritter;277000.0;187000.0;42849.67;90000.0;48.13;Inkl. Einführung QR-Code für den Einzug von Kurtaxen sowie Machbarkeitsanalyse und öV- Gästekarte in Umsetzung der Tourismusstrategie.;213
24;Volkswirtschaftsdepartement;2403;Wirtschaftsamt;;;3133.00;Informatik-Nutzungsaufwand;68800.0;73700.0;33281.25;-4900.0;-6.65;;213
24;Volkswirtschaftsdepartement;2403;Wirtschaftsamt;;;3161.00;Mieten, Benützungskosten Anlagen;2100.0;2100.0;1377.0;;;;213
24;Volkswirtschaftsdepartement;2403;Wirtschaftsamt;;;3170.00;Reisekosten und Spesen;1500.0;1500.0;499.3;;;;213
24;Volkswirtschaftsdepartement;2403;Wirtschaftsamt;;;3199.00;Übriger Betriebsaufwand;1200.0;1200.0;86.5;;;;213
24;Volkswirtschaftsdepartement;2403;Wirtschaftsamt;;;3604.10;Weiterleitung Kurtaxe an SHLT;390000.0;365000.0;385315.0;25000.0;6.85;Vgl. Konto 2403.4039.10.;213
24;Volkswirtschaftsdepartement;2403;Wirtschaftsamt;;;3631.00;Beiträge an Kantone und Konkordate;3000.0;3000.0;500.0;;;;213
24;Volkswirtschaftsdepartement;2403;Wirtschaftsamt;;;3634.00;Beiträge an öffentliche Unternehmungen;2000.0;2000.0;1945.8;;;;213
24;Volkswirtschaftsdepartement;2403;Wirtschaftsamt;;;3635.00;Beiträge an private Unternehmungen;;;47439.7;;;;214
24;Volkswirtschaftsdepartement;2403;Wirtschaftsamt;;;3636.00;Beiträge an private Organisationen ohne Erwerbszweck;325000.0;325000.0;315917.5;;;;214
24;Volkswirtschaftsdepartement;2403;Wirtschaftsamt;;;3636.02;Staatsbeitrag an Tourismusförderung;250000.0;250000.0;250000.0;;;;214
24;Volkswirtschaftsdepartement;2403;Wirtschaftsamt;;;3706.00;Durchlaufende Beiträge an private Organisationen ohne Erwerbszweck;290000.0;295000.0;282154.0;-5000.0;-1.69;;214
24;Volkswirtschaftsdepartement;2403;Wirtschaftsamt;;;4039.10;Kurtaxe;-390000.0;-365000.0;-390417.5;-25000.0;6.85;Vgl. Konto 2403.3604.10.;214
24;Volkswirtschaftsdepartement;2403;Wirtschaftsamt;;;4260.00;Rückerstattungen und Kostenbeteiligungen Dritter;;;-739131.05;;;;214
24;Volkswirtschaftsdepartement;2403;Wirtschaftsamt;;;4702.10;Durchlaufende Beiträge von innerkantonalen Gemeinden und Gemeindezweckverbänden;-290000.0;-295000.0;-282154.0;5000.0;-1.69;;214
24;Volkswirtschaftsdepartement;2403;Wirtschaftsamt;;;4894.00;Entnahme aus FIPOL;;;-50000000.0;;;;214
24;Volkswirtschaftsdepartement;2405;Wirtschaftsförderung;;;3130.00;Dienstleistungen Dritter;3080000.0;3130000.0;3067012.93;-50000.0;-1.6;;214
24;Volkswirtschaftsdepartement;2405;Wirtschaftsförderung;;;3635.00;Beiträge an private Unternehmungen;1359300.0;1711500.0;289300.0;-352200.0;-20.58;Einzelbetriebliche Förderungsbeiträge gemäss Art. 5 ff. Wirtschaftsförderungsgesetz.;214
24;Volkswirtschaftsdepartement;2405;Wirtschaftsförderung;;;3660.50;Planmässige Abschreibungen Invest.beiträge an private Unternehmungen;725000.0;732000.0;613970.0;-7000.0;-0.96;;214
24;Volkswirtschaftsdepartement;2405;Wirtschaftsförderung;;;4260.00;Rückerstattungen und Kostenbeteiligungen Dritter;;;-393526.85;;;;214
24;Volkswirtschaftsdepartement;2408;Handelsregisteramt;;;3010.00;Löhne des Verwaltungs- und Betriebspersonals;546900.0;541600.0;569261.5;5300.0;0.98;;214
24;Volkswirtschaftsdepartement;2408;Handelsregisteramt;;;3050.00;AG-Beiträge AHV, IV, EO, ALV, Verwaltungskosten;35500.0;35200.0;36501.15;300.0;0.85;;214
24;Volkswirtschaftsdepartement;2408;Handelsregisteramt;;;3052.00;AG-Beiträge an Pensionskassen;73100.0;72300.0;91849.55;800.0;1.11;;214
24;Volkswirtschaftsdepartement;2408;Handelsregisteramt;;;3053.00;AG-Beiträge an Unfallversicherungen;3200.0;3000.0;2846.95;200.0;6.67;;214
24;Volkswirtschaftsdepartement;2408;Handelsregisteramt;;;3054.00;AG-Beiträge an Familienzulagekassen;7100.0;7000.0;7400.35;100.0;1.43;;214
24;Volkswirtschaftsdepartement;2408;Handelsregisteramt;;;3059.10;AG-Beiträge Sozialfonds;400.0;400.0;419.4;;;;214
24;Volkswirtschaftsdepartement;2408;Handelsregisteramt;;;3090.00;Aus- und Weiterbildung des eigenen Personals;4700.0;4700.0;3368.0;;;;214
24;Volkswirtschaftsdepartement;2408;Handelsregisteramt;;;3099.00;Übriger Personalaufwand;1700.0;1700.0;1080.0;;;;214
24;Volkswirtschaftsdepartement;2408;Handelsregisteramt;;;3100.00;Büromaterial;6000.0;6000.0;1359.45;;;;214
24;Volkswirtschaftsdepartement;2408;Handelsregisteramt;;;3102.00;Drucksachen, Publikationen;2000.0;2000.0;975.0;;;;214
24;Volkswirtschaftsdepartement;2408;Handelsregisteramt;;;3103.00;Fachliteratur, Zeitschriften;2500.0;2000.0;1365.75;500.0;25.0;;214
24;Volkswirtschaftsdepartement;2408;Handelsregisteramt;;;3113.00;Hardware;1500.0;1500.0;369.7;;;;214
24;Volkswirtschaftsdepartement;2408;Handelsregisteramt;;;3118.00;Immaterielle Anlagen;;10000.0;;-10000.0;-100.0;;214
24;Volkswirtschaftsdepartement;2408;Handelsregisteramt;;;3130.00;Dienstleistungen Dritter;2000.0;2000.0;1700.75;;;;214
24;Volkswirtschaftsdepartement;2408;Handelsregisteramt;;;3133.00;Informatik-Nutzungsaufwand;122800.0;127300.0;53261.3;-4500.0;-3.53;;215
24;Volkswirtschaftsdepartement;2408;Handelsregisteramt;;;3137.00;Steuern und Abgaben;22000.0;22000.0;14319.59;;;;215
24;Volkswirtschaftsdepartement;2408;Handelsregisteramt;;;3153.00;Informatik-Unterhalt (Hardware);2000.0;2000.0;;;;;215
24;Volkswirtschaftsdepartement;2408;Handelsregisteramt;;;3158.00;Unterhalt immaterielle Anlagen;7000.0;7000.0;;;;;215
24;Volkswirtschaftsdepartement;2408;Handelsregisteramt;;;3161.00;Mieten, Benützungskosten Anlagen;1000.0;2000.0;3551.5;-1000.0;-50.0;;215
24;Volkswirtschaftsdepartement;2408;Handelsregisteramt;;;3170.00;Reisekosten und Spesen;1600.0;1600.0;969.0;;;;215
24;Volkswirtschaftsdepartement;2408;Handelsregisteramt;;;3181.00;Tatsächliche Forderungsverluste;1500.0;1500.0;496.15;;;;215
24;Volkswirtschaftsdepartement;2408;Handelsregisteramt;;;3199.00;Übriger Betriebsaufwand;1000.0;1000.0;;;;;215
24;Volkswirtschaftsdepartement;2408;Handelsregisteramt;;;3600.00;Ertragsanteile an Bund;40000.0;40000.0;33140.0;;;;215
24;Volkswirtschaftsdepartement;2408;Handelsregisteramt;;;4210.00;Gebühren für Amtshandlungen;-660000.0;-660000.0;-658947.68;;;;215
24;Volkswirtschaftsdepartement;2408;Handelsregisteramt;;;4910.00;IV Dienstleistungen;;;-130.0;;;;215
24;Volkswirtschaftsdepartement;2410;Grundbuchamt;;;3010.00;Löhne des Verwaltungs- und Betriebspersonals;1876700.0;1890100.0;1826116.0;-13400.0;-0.71;;215
24;Volkswirtschaftsdepartement;2410;Grundbuchamt;;;3010.95;Rückerstattungen Taggelder UV, EO, MSE, MV, IV für Verwaltungs- und Betriebspersonal;;;-37788.25;;;;215
24;Volkswirtschaftsdepartement;2410;Grundbuchamt;;;3050.00;AG-Beiträge AHV, IV, EO, ALV, Verwaltungskosten;122000.0;122900.0;115514.65;-900.0;-0.73;;215
24;Volkswirtschaftsdepartement;2410;Grundbuchamt;;;3052.00;AG-Beiträge an Pensionskassen;250700.0;252300.0;234468.4;-1600.0;-0.63;;215
24;Volkswirtschaftsdepartement;2410;Grundbuchamt;;;3053.00;AG-Beiträge an Unfallversicherungen;11300.0;10200.0;9506.9;1100.0;10.78;;215
24;Volkswirtschaftsdepartement;2410;Grundbuchamt;;;3054.00;AG-Beiträge an Familienzulagekassen;24400.0;24500.0;23291.2;-100.0;-0.41;;215
24;Volkswirtschaftsdepartement;2410;Grundbuchamt;;;3059.10;AG-Beiträge Sozialfonds;1500.0;1500.0;1363.0;;;;215
24;Volkswirtschaftsdepartement;2410;Grundbuchamt;;;3090.00;Aus- und Weiterbildung des eigenen Personals;16600.0;15800.0;5200.0;800.0;5.06;;215
24;Volkswirtschaftsdepartement;2410;Grundbuchamt;;;3091.00;Personalwerbung;5000.0;5000.0;;;;;215
24;Volkswirtschaftsdepartement;2410;Grundbuchamt;;;3099.00;Übriger Personalaufwand;4500.0;4500.0;4445.1;;;;215
24;Volkswirtschaftsdepartement;2410;Grundbuchamt;;;3100.00;Büromaterial;10000.0;12000.0;9810.48;-2000.0;-16.67;;215
24;Volkswirtschaftsdepartement;2410;Grundbuchamt;;;3103.00;Fachliteratur, Zeitschriften;4000.0;4000.0;3896.4;;;;215
24;Volkswirtschaftsdepartement;2410;Grundbuchamt;;;3110.00;Büromöbel und -geräte;500.0;500.0;91.9;;;;215
24;Volkswirtschaftsdepartement;2410;Grundbuchamt;;;3113.00;Hardware;1000.0;1000.0;1097.55;;;;215
24;Volkswirtschaftsdepartement;2410;Grundbuchamt;;;3130.00;Dienstleistungen Dritter;1000.0;;43656.56;1000.0;;;215
24;Volkswirtschaftsdepartement;2410;Grundbuchamt;;;3133.00;Informatik-Nutzungsaufwand;373800.0;332400.0;290463.5;41400.0;12.45;Höhere Betriebskosten der Grundbuchsoftware durch ITSH.;215
24;Volkswirtschaftsdepartement;2410;Grundbuchamt;;;3137.00;Steuern und Abgaben;120000.0;122000.0;137957.15;-2000.0;-1.64;;215
24;Volkswirtschaftsdepartement;2410;Grundbuchamt;;;3158.00;Unterhalt immaterielle Anlagen;110000.0;110000.0;80930.1;;;Wartung Grundbuch-Software.;215
24;Volkswirtschaftsdepartement;2410;Grundbuchamt;;;3161.00;Mieten, Benützungskosten Anlagen;;;12195.1;;;;216
24;Volkswirtschaftsdepartement;2410;Grundbuchamt;;;3170.00;Reisekosten und Spesen;3000.0;4000.0;1976.35;-1000.0;-25.0;;216
24;Volkswirtschaftsdepartement;2410;Grundbuchamt;;;3181.00;Tatsächliche Forderungsverluste;10000.0;10000.0;3042.2;;;;216
24;Volkswirtschaftsdepartement;2410;Grundbuchamt;;;3499.00;Übriger Finanzaufwand;1000.0;;;1000.0;;;216
24;Volkswirtschaftsdepartement;2410;Grundbuchamt;;;3610.00;Entschädigungen an Bund;400.0;400.0;360.0;;;;216
24;Volkswirtschaftsdepartement;2410;Grundbuchamt;;;4210.00;Gebühren für Amtshandlungen;-10500000.0;-10000000.0;-11016986.78;-500000.0;5.0;;216
24;Volkswirtschaftsdepartement;2410;Grundbuchamt;;;4290.00;Übrige Entgelte;;;-40.0;;;;216
24;Volkswirtschaftsdepartement;2410;Grundbuchamt;;;4910.00;IV Dienstleistungen;-5000.0;-2700.0;-13713.5;-2300.0;85.19;;216
24;Volkswirtschaftsdepartement;2412;Amt für Geoinformation;;;3010.00;Löhne des Verwaltungs- und Betriebspersonals;1891000.0;1889700.0;1665027.85;1300.0;0.07;;216
24;Volkswirtschaftsdepartement;2412;Amt für Geoinformation;;;3010.95;Rückerstattungen Taggelder UV, EO, MSE, MV, IV für Verwaltungs- und Betriebspersonal;;;-14264.35;;;;216
24;Volkswirtschaftsdepartement;2412;Amt für Geoinformation;;;3050.00;AG-Beiträge AHV, IV, EO, ALV, Verwaltungskosten;122900.0;122800.0;107514.3;100.0;0.08;;216
24;Volkswirtschaftsdepartement;2412;Amt für Geoinformation;;;3052.00;AG-Beiträge an Pensionskassen;252700.0;252300.0;251088.2;400.0;0.16;;216
24;Volkswirtschaftsdepartement;2412;Amt für Geoinformation;;;3053.00;AG-Beiträge an Unfallversicherungen;11100.0;10200.0;11478.05;900.0;8.82;;216
24;Volkswirtschaftsdepartement;2412;Amt für Geoinformation;;;3054.00;AG-Beiträge an Familienzulagekassen;24700.0;24600.0;21599.0;100.0;0.41;;216
24;Volkswirtschaftsdepartement;2412;Amt für Geoinformation;;;3059.10;AG-Beiträge Sozialfonds;1500.0;1500.0;1294.2;;;;216
24;Volkswirtschaftsdepartement;2412;Amt für Geoinformation;;;3064.00;Überbrückungsrenten;3200.0;;;3200.0;;;216
24;Volkswirtschaftsdepartement;2412;Amt für Geoinformation;;;3090.00;Aus- und Weiterbildung des eigenen Personals;18000.0;18000.0;11303.72;;;;216
24;Volkswirtschaftsdepartement;2412;Amt für Geoinformation;;;3099.00;Übriger Personalaufwand;3200.0;2400.0;2480.0;800.0;33.33;;216
24;Volkswirtschaftsdepartement;2412;Amt für Geoinformation;;;3100.00;Büromaterial;7000.0;7000.0;6408.49;;;;216
24;Volkswirtschaftsdepartement;2412;Amt für Geoinformation;;;3101.00;Betriebs- und Verbrauchsmaterial;15000.0;18000.0;12698.65;-3000.0;-16.67;;216
24;Volkswirtschaftsdepartement;2412;Amt für Geoinformation;;;3102.00;Drucksachen, Publikationen;;1300.0;201.95;-1300.0;-100.0;;216
24;Volkswirtschaftsdepartement;2412;Amt für Geoinformation;;;3103.00;Fachliteratur, Zeitschriften;1000.0;1000.0;863.4;;;;216
24;Volkswirtschaftsdepartement;2412;Amt für Geoinformation;;;3111.00;Maschinen, Geräte und Fahrzeuge;45000.0;17000.0;4268.25;28000.0;164.71;Anschaffung von GNSS-Geräten (Global Navigation Satellite Systems).;216
24;Volkswirtschaftsdepartement;2412;Amt für Geoinformation;;;3112.00;Kleider, Wäsche, Vorhänge;2000.0;2000.0;1682.45;;;;216
24;Volkswirtschaftsdepartement;2412;Amt für Geoinformation;;;3113.00;Hardware;15000.0;15000.0;5132.85;;;;216
24;Volkswirtschaftsdepartement;2412;Amt für Geoinformation;;;3118.00;Immaterielle Anlagen;42000.0;2000.0;;40000.0;2000.0;Mehrkosten für «AV-QGIS» im Zuge der Erneuerung des Datenmodells.;216
24;Volkswirtschaftsdepartement;2412;Amt für Geoinformation;;;3130.00;Dienstleistungen Dritter;70000.0;70000.0;31430.98;;;;216
24;Volkswirtschaftsdepartement;2412;Amt für Geoinformation;;;3132.00;Honorare externe Berater, Gutachter, Fachexperten etc.;1000.0;1000.0;;;;;216
24;Volkswirtschaftsdepartement;2412;Amt für Geoinformation;;;3133.00;Informatik-Nutzungsaufwand;334500.0;222900.0;185410.4;111600.0;50.07;LiDAR-Aufnahmen (Laser-basierte 3D-Vermessung). Vgl. ITP0126.;217
24;Volkswirtschaftsdepartement;2412;Amt für Geoinformation;;;3134.00;Sachversicherungsprämien;2700.0;2700.0;2503.45;;;;217
24;Volkswirtschaftsdepartement;2412;Amt für Geoinformation;;;3137.00;Steuern und Abgaben;34000.0;52800.0;37082.42;-18800.0;-35.61;;217
24;Volkswirtschaftsdepartement;2412;Amt für Geoinformation;;;3151.00;Unterhalt Maschinen, Geräte, Fahrzeuge;8000.0;8000.0;2551.15;;;;217
24;Volkswirtschaftsdepartement;2412;Amt für Geoinformation;;;3153.00;Informatik-Unterhalt (Hardware);7000.0;7000.0;889.1;;;;217
24;Volkswirtschaftsdepartement;2412;Amt für Geoinformation;;;3158.00;Unterhalt immaterielle Anlagen;386400.0;386400.0;292146.13;;;Wartung GIS-Software.;217
24;Volkswirtschaftsdepartement;2412;Amt für Geoinformation;;;3160.00;Mieten und Pachten Liegenschaften;500.0;500.0;400.0;;;;217
24;Volkswirtschaftsdepartement;2412;Amt für Geoinformation;;;3161.00;Mieten, Benützungskosten Anlagen;;;5861.35;;;;217
24;Volkswirtschaftsdepartement;2412;Amt für Geoinformation;;;3170.00;Reisekosten und Spesen;28000.0;33000.0;21779.45;-5000.0;-15.15;;217
24;Volkswirtschaftsdepartement;2412;Amt für Geoinformation;;;3181.00;Tatsächliche Forderungsverluste;1000.0;1000.0;2805.25;;;;217
24;Volkswirtschaftsdepartement;2412;Amt für Geoinformation;;;3199.00;Übriger Betriebsaufwand;2000.0;4500.0;932.05;-2500.0;-55.56;;217
24;Volkswirtschaftsdepartement;2412;Amt für Geoinformation;;;3300.90;Planmässige Abschreibungen übrige Sachanlagen;301000.0;301000.0;300964.0;;;;217
24;Volkswirtschaftsdepartement;2412;Amt für Geoinformation;;;3630.00;Beiträge an den Bund;300.0;300.0;2844.0;;;;217
24;Volkswirtschaftsdepartement;2412;Amt für Geoinformation;;;3631.00;Beiträge an Kantone und Konkordate;11000.0;11000.0;10555.45;;;;217
24;Volkswirtschaftsdepartement;2412;Amt für Geoinformation;;;3900.00;IV Material- und Warenbezüge;5000.0;5000.0;3714.9;;;;217
24;Volkswirtschaftsdepartement;2412;Amt für Geoinformation;;;3910.00;IV Dienstleistungen;5000.0;5000.0;4055.35;;;;217
24;Volkswirtschaftsdepartement;2412;Amt für Geoinformation;;;4210.00;Gebühren für Amtshandlungen;-60000.0;-70000.0;-49511.25;10000.0;-14.29;Planausgaben und Planbeglaubigungen. Reduziert gemäss langjährigem und schweizweitem Trend.;217
24;Volkswirtschaftsdepartement;2412;Amt für Geoinformation;;;4240.00;Benützungsgebühren und Dienstleistungen;-700000.0;-800000.0;-563074.4;100000.0;-12.5;Nachführung der amtlichen Vermessung. Reduziert gemäss langjährigem und schweizweitem Trend.;217
24;Volkswirtschaftsdepartement;2412;Amt für Geoinformation;;;4612.10;Entschädigungen von innerkantonalen Gemeinden und Gemeindezweckverbänden;-40000.0;-3000.0;-4191.3;-37000.0;1233.33;GIS-Dienstleistungen gemäss Leistungsvereinbarung mit der Stadt Schaffhausen.;217
24;Volkswirtschaftsdepartement;2412;Amt für Geoinformation;;;4630.00;Beiträge vom Bund;-63000.0;-84000.0;-76449.0;21000.0;-25.0;Gemäss Zahlungsplan des Bundes und den laufenden und geplanten Arbeiten für die amtliche Vermessung und den «ÖREB-Kataster».;217
24;Volkswirtschaftsdepartement;2412;Amt für Geoinformation;;;4910.00;IV Dienstleistungen;-20000.0;-20000.0;-15673.6;;;;217
24;Volkswirtschaftsdepartement;2414;Amt für Grundstückschätzungen;;;3010.00;Löhne des Verwaltungs- und Betriebspersonals;1296900.0;1270600.0;1398446.75;26300.0;2.07;;217
24;Volkswirtschaftsdepartement;2414;Amt für Grundstückschätzungen;;;3050.00;AG-Beiträge AHV, IV, EO, ALV, Verwaltungskosten;84300.0;82600.0;84287.5;1700.0;2.06;;217
24;Volkswirtschaftsdepartement;2414;Amt für Grundstückschätzungen;;;3052.00;AG-Beiträge an Pensionskassen;173200.0;169600.0;197754.85;3600.0;2.12;;218
24;Volkswirtschaftsdepartement;2414;Amt für Grundstückschätzungen;;;3053.00;AG-Beiträge an Unfallversicherungen;7500.0;6900.0;6922.35;600.0;8.7;;218
24;Volkswirtschaftsdepartement;2414;Amt für Grundstückschätzungen;;;3054.00;AG-Beiträge an Familienzulagekassen;16900.0;16600.0;17130.3;300.0;1.81;;218
24;Volkswirtschaftsdepartement;2414;Amt für Grundstückschätzungen;;;3059.10;AG-Beiträge Sozialfonds;1000.0;1000.0;952.95;;;;218
24;Volkswirtschaftsdepartement;2414;Amt für Grundstückschätzungen;;;3090.00;Aus- und Weiterbildung des eigenen Personals;7000.0;7000.0;4091.2;;;;218
24;Volkswirtschaftsdepartement;2414;Amt für Grundstückschätzungen;;;3099.00;Übriger Personalaufwand;2100.0;2500.0;2160.0;-400.0;-16.0;;218
24;Volkswirtschaftsdepartement;2414;Amt für Grundstückschätzungen;;;3100.00;Büromaterial;4500.0;4500.0;4452.03;;;;218
24;Volkswirtschaftsdepartement;2414;Amt für Grundstückschätzungen;;;3103.00;Fachliteratur, Zeitschriften;2000.0;2000.0;2957.0;;;;218
24;Volkswirtschaftsdepartement;2414;Amt für Grundstückschätzungen;;;3111.00;Maschinen, Geräte und Fahrzeuge;1000.0;1000.0;;;;;218
24;Volkswirtschaftsdepartement;2414;Amt für Grundstückschätzungen;;;3113.00;Hardware;3000.0;3000.0;2056.0;;;;218
24;Volkswirtschaftsdepartement;2414;Amt für Grundstückschätzungen;;;3130.00;Dienstleistungen Dritter;51700.0;51700.0;30536.6;;;;218
24;Volkswirtschaftsdepartement;2414;Amt für Grundstückschätzungen;;;3133.00;Informatik-Nutzungsaufwand;56700.0;59000.0;45735.85;-2300.0;-3.9;;218
24;Volkswirtschaftsdepartement;2414;Amt für Grundstückschätzungen;;;3153.00;Informatik-Unterhalt (Hardware);1200.0;1200.0;;;;;218
24;Volkswirtschaftsdepartement;2414;Amt für Grundstückschätzungen;;;3158.00;Unterhalt immaterielle Anlagen;130000.0;60000.0;;70000.0;116.67;Mit der Einführung der neuen Schätzersoftware fallen wieder Wartungs- und Supportarbeiten an.;218
24;Volkswirtschaftsdepartement;2414;Amt für Grundstückschätzungen;;;3161.00;Mieten, Benützungskosten Anlagen;10000.0;8000.0;9516.2;2000.0;25.0;;218
24;Volkswirtschaftsdepartement;2414;Amt für Grundstückschätzungen;;;3170.00;Reisekosten und Spesen;35000.0;35000.0;37451.85;;;;218
24;Volkswirtschaftsdepartement;2414;Amt für Grundstückschätzungen;;;3199.00;Übriger Betriebsaufwand;1000.0;1000.0;;;;;218
24;Volkswirtschaftsdepartement;2414;Amt für Grundstückschätzungen;;;3320.00;Planmässige Abschreibungen immaterielle Anlagen;518000.0;;;518000.0;;;218
24;Volkswirtschaftsdepartement;2414;Amt für Grundstückschätzungen;;;3910.00;IV Dienstleistungen;1500.0;2000.0;1014.0;-500.0;-25.0;;218
24;Volkswirtschaftsdepartement;2414;Amt für Grundstückschätzungen;;;4210.00;Gebühren für Amtshandlungen;-35000.0;-35000.0;-28370.0;;;;218
24;Volkswirtschaftsdepartement;2414;Amt für Grundstückschätzungen;;;4240.00;Benützungsgebühren und Dienstleistungen;-800000.0;-605000.0;-808505.5;-195000.0;32.23;Gemäss bisherigem Trend wird mit einer Zunahme gerechnet.;218
24;Volkswirtschaftsdepartement;2414;Amt für Grundstückschätzungen;;;4910.00;IV Dienstleistungen;-30000.0;-5000.0;-35064.5;-25000.0;500.0;Nicht hoheitliche Bewertungsgutachten und landwirtschaftliche Höchstpreisfestlegungen.;218
24;Volkswirtschaftsdepartement;2420;Kantonales Arbeitsamt;;;3010.00;Löhne des Verwaltungs- und Betriebspersonals;517800.0;539400.0;548737.65;-21600.0;-4.0;;218
24;Volkswirtschaftsdepartement;2420;Kantonales Arbeitsamt;;;3010.95;Rückerstattungen Taggelder UV, EO, MSE, MV, IV für Verwaltungs- und Betriebspersonal;;;-18852.35;;;;218
24;Volkswirtschaftsdepartement;2420;Kantonales Arbeitsamt;;;3050.00;AG-Beiträge AHV, IV, EO, ALV, Verwaltungskosten;33700.0;35000.0;35389.8;-1300.0;-3.71;;218
24;Volkswirtschaftsdepartement;2420;Kantonales Arbeitsamt;;;3052.00;AG-Beiträge an Pensionskassen;69100.0;72000.0;73827.85;-2900.0;-4.03;;218
24;Volkswirtschaftsdepartement;2420;Kantonales Arbeitsamt;;;3053.00;AG-Beiträge an Unfallversicherungen;3100.0;3000.0;2732.8;100.0;3.33;;219
24;Volkswirtschaftsdepartement;2420;Kantonales Arbeitsamt;;;3054.00;AG-Beiträge an Familienzulagekassen;6800.0;7000.0;7135.1;-200.0;-2.86;;219
24;Volkswirtschaftsdepartement;2420;Kantonales Arbeitsamt;;;3059.10;AG-Beiträge Sozialfonds;400.0;400.0;418.0;;;;219
24;Volkswirtschaftsdepartement;2420;Kantonales Arbeitsamt;;;3064.00;Überbrückungsrenten;;;504.0;;;;219
24;Volkswirtschaftsdepartement;2420;Kantonales Arbeitsamt;;;3090.00;Aus- und Weiterbildung des eigenen Personals;4700.0;16100.0;6288.0;-11400.0;-70.81;Einmalige Ausbildung (CAS) in 2025.;219
24;Volkswirtschaftsdepartement;2420;Kantonales Arbeitsamt;;;3099.00;Übriger Personalaufwand;4000.0;4000.0;1825.77;;;;219
24;Volkswirtschaftsdepartement;2420;Kantonales Arbeitsamt;;;3100.00;Büromaterial;1200.0;1200.0;952.08;;;;219
24;Volkswirtschaftsdepartement;2420;Kantonales Arbeitsamt;;;3101.00;Betriebs- und Verbrauchsmaterial;400.0;400.0;;;;;219
24;Volkswirtschaftsdepartement;2420;Kantonales Arbeitsamt;;;3102.00;Drucksachen, Publikationen;200.0;200.0;67.3;;;;219
24;Volkswirtschaftsdepartement;2420;Kantonales Arbeitsamt;;;3103.00;Fachliteratur, Zeitschriften;4200.0;4200.0;4530.85;;;;219
24;Volkswirtschaftsdepartement;2420;Kantonales Arbeitsamt;;;3106.00;Medizinisches Material;;;152.0;;;;219
24;Volkswirtschaftsdepartement;2420;Kantonales Arbeitsamt;;;3113.00;Hardware;3000.0;3000.0;108.4;;;;219
24;Volkswirtschaftsdepartement;2420;Kantonales Arbeitsamt;;;3118.00;Immaterielle Anlagen;24200.0;24200.0;;;;;219
24;Volkswirtschaftsdepartement;2420;Kantonales Arbeitsamt;;;3130.00;Dienstleistungen Dritter;10000.0;10000.0;6829.7;;;;219
24;Volkswirtschaftsdepartement;2420;Kantonales Arbeitsamt;;;3133.00;Informatik-Nutzungsaufwand;40000.0;65000.0;25121.95;-25000.0;-38.46;Neu teilweise unter Konto 2420.3158.;219
24;Volkswirtschaftsdepartement;2420;Kantonales Arbeitsamt;;;3158.00;Unterhalt immaterielle Anlagen;35000.0;;;35000.0;;Chatbot Projekt.;219
24;Volkswirtschaftsdepartement;2420;Kantonales Arbeitsamt;;;3160.00;Mieten und Pachten Liegenschaften;;1000.0;;-1000.0;-100.0;;219
24;Volkswirtschaftsdepartement;2420;Kantonales Arbeitsamt;;;3161.00;Mieten, Benützungskosten Anlagen;6500.0;6500.0;6376.5;;;;219
24;Volkswirtschaftsdepartement;2420;Kantonales Arbeitsamt;;;3170.00;Reisekosten und Spesen;2000.0;1500.0;3242.1;500.0;33.33;;219
24;Volkswirtschaftsdepartement;2420;Kantonales Arbeitsamt;;;3181.00;Tatsächliche Forderungsverluste;25000.0;25000.0;5200.0;;;;219
24;Volkswirtschaftsdepartement;2420;Kantonales Arbeitsamt;;;3199.00;Übriger Betriebsaufwand;3000.0;3000.0;;;;;219
24;Volkswirtschaftsdepartement;2420;Kantonales Arbeitsamt;;;3631.00;Beiträge an Kantone und Konkordate;200.0;200.0;200.0;;;;219
24;Volkswirtschaftsdepartement;2420;Kantonales Arbeitsamt;;;4210.00;Gebühren für Amtshandlungen;-115000.0;-115000.0;-137153.17;;;;219
24;Volkswirtschaftsdepartement;2420;Kantonales Arbeitsamt;;;4270.00;Bussen;-30000.0;-30000.0;-37469.65;;;;219
24;Volkswirtschaftsdepartement;2420;Kantonales Arbeitsamt;;;4612.00;Entschädigungen von Gemeinden und Gemeindezweckverbänden;-180000.0;-210000.0;-179290.0;30000.0;-14.29;Chatbot Projekt.;219
24;Volkswirtschaftsdepartement;2421;RAV/LAM/KAST;;;;;;;;;;RAV/LAM/KAST werden vollumfänglich vom Seco finanziert und sind erfolgsneutral. RAV/LAM/KAST arbeiten nach den Weisungen des Seco und werden jährlich durch dieses revidiert. Die Darstellung im Budget erfolgt aus Transparenzgründen.;220
24;Volkswirtschaftsdepartement;2421;RAV/LAM/KAST;;;3010.00;Löhne des Verwaltungs- und Betriebspersonals;3619000.0;3886400.0;3585222.95;-267400.0;-6.88;;220
24;Volkswirtschaftsdepartement;2421;RAV/LAM/KAST;;;3010.95;Rückerstattungen Taggelder UV, EO, MSE, MV, IV für Verwaltungs- und Betriebspersonal;;;-32791.25;;;;220
24;Volkswirtschaftsdepartement;2421;RAV/LAM/KAST;;;3050.00;AG-Beiträge AHV, IV, EO, ALV, Verwaltungskosten;233700.0;252600.0;231491.8;-18900.0;-7.48;;220
24;Volkswirtschaftsdepartement;2421;RAV/LAM/KAST;;;3052.00;AG-Beiträge an Pensionskassen;476500.0;518800.0;493343.45;-42300.0;-8.15;;220
24;Volkswirtschaftsdepartement;2421;RAV/LAM/KAST;;;3053.00;AG-Beiträge an Unfallversicherungen;19400.0;21000.0;19187.55;-1600.0;-7.62;;220
24;Volkswirtschaftsdepartement;2421;RAV/LAM/KAST;;;3054.00;AG-Beiträge an Familienzulagekassen;46700.0;50500.0;46276.6;-3800.0;-7.52;;220
24;Volkswirtschaftsdepartement;2421;RAV/LAM/KAST;;;3059.10;AG-Beiträge Sozialfonds;2900.0;3100.0;2845.85;-200.0;-6.45;;220
24;Volkswirtschaftsdepartement;2421;RAV/LAM/KAST;;;3090.00;Aus- und Weiterbildung des eigenen Personals;41000.0;33000.0;41007.23;8000.0;24.24;;220
24;Volkswirtschaftsdepartement;2421;RAV/LAM/KAST;;;3099.00;Übriger Personalaufwand;4300.0;5800.0;4278.78;-1500.0;-25.86;;220
24;Volkswirtschaftsdepartement;2421;RAV/LAM/KAST;;;3100.00;Büromaterial;4800.0;6600.0;4749.48;-1800.0;-27.27;;220
24;Volkswirtschaftsdepartement;2421;RAV/LAM/KAST;;;3101.00;Betriebs- und Verbrauchsmaterial;500.0;1500.0;483.75;-1000.0;-66.67;;220
24;Volkswirtschaftsdepartement;2421;RAV/LAM/KAST;;;3102.00;Drucksachen, Publikationen;5700.0;4000.0;5640.1;1700.0;42.5;;220
24;Volkswirtschaftsdepartement;2421;RAV/LAM/KAST;;;3103.00;Fachliteratur, Zeitschriften;3000.0;3000.0;2791.0;;;;220
24;Volkswirtschaftsdepartement;2421;RAV/LAM/KAST;;;3110.00;Büromöbel und -geräte;5000.0;5000.0;43795.39;;;;220
24;Volkswirtschaftsdepartement;2421;RAV/LAM/KAST;;;3113.00;Hardware;1200.0;1200.0;6600.9;;;;220
24;Volkswirtschaftsdepartement;2421;RAV/LAM/KAST;;;3118.00;Immaterielle Anlagen;2000.0;2000.0;;;;;220
24;Volkswirtschaftsdepartement;2421;RAV/LAM/KAST;;;3120.00;Ver- und Entsorgung Liegenschaften VV;;5000.0;;-5000.0;-100.0;;220
24;Volkswirtschaftsdepartement;2421;RAV/LAM/KAST;;;3130.00;Dienstleistungen Dritter;100000.0;137000.0;99012.95;-37000.0;-27.01;;220
24;Volkswirtschaftsdepartement;2421;RAV/LAM/KAST;;;3133.00;Informatik-Nutzungsaufwand;80000.0;200000.0;68378.5;-120000.0;-60.0;;220
24;Volkswirtschaftsdepartement;2421;RAV/LAM/KAST;;;3134.00;Sachversicherungsprämien;400.0;400.0;367.0;;;;220
24;Volkswirtschaftsdepartement;2421;RAV/LAM/KAST;;;3153.00;Informatik-Unterhalt (Hardware);12000.0;12000.0;11688.7;;;;220
24;Volkswirtschaftsdepartement;2421;RAV/LAM/KAST;;;3158.00;Unterhalt immaterielle Anlagen;70000.0;60000.0;69693.75;10000.0;16.67;;220
24;Volkswirtschaftsdepartement;2421;RAV/LAM/KAST;;;3161.00;Mieten, Benützungskosten Anlagen;8000.0;30000.0;6103.65;-22000.0;-73.33;;220
24;Volkswirtschaftsdepartement;2421;RAV/LAM/KAST;;;3170.00;Reisekosten und Spesen;14000.0;14000.0;8720.8;;;;220
24;Volkswirtschaftsdepartement;2421;RAV/LAM/KAST;;;3610.00;Entschädigungen an Bund;500.0;400.0;704.55;100.0;25.0;;221
24;Volkswirtschaftsdepartement;2421;RAV/LAM/KAST;;;3910.00;IV Dienstleistungen;80000.0;80600.0;78066.0;-600.0;-0.74;;221
24;Volkswirtschaftsdepartement;2421;RAV/LAM/KAST;;;3920.00;IV Pacht, Mieten Benützungskosten;124000.0;124000.0;123519.0;;;;221
24;Volkswirtschaftsdepartement;2421;RAV/LAM/KAST;;;3930.00;IV Betriebs- und Verwaltungskosten;90000.0;75000.0;89598.0;15000.0;20.0;;221
24;Volkswirtschaftsdepartement;2421;RAV/LAM/KAST;;;4610.00;Entschädigungen vom Bund;-5041600.0;-5529900.0;-5027733.27;488300.0;-8.83;;221
24;Volkswirtschaftsdepartement;2421;RAV/LAM/KAST;;;4699.10;Rückverteilung CO2-Abgabe;-3000.0;-3000.0;-2905.21;;;;221
24;Volkswirtschaftsdepartement;2423;Arbeitsinspektorat/Aufsicht über das Messwesen;;;3000.10;Sitzungsgelder Kommissionen;2000.0;2000.0;1400.0;;;;221
24;Volkswirtschaftsdepartement;2423;Arbeitsinspektorat/Aufsicht über das Messwesen;;;3010.00;Löhne des Verwaltungs- und Betriebspersonals;762200.0;740100.0;783182.75;22100.0;2.99;;221
24;Volkswirtschaftsdepartement;2423;Arbeitsinspektorat/Aufsicht über das Messwesen;;;3050.00;AG-Beiträge AHV, IV, EO, ALV, Verwaltungskosten;49700.0;48300.0;50694.45;1400.0;2.9;;221
24;Volkswirtschaftsdepartement;2423;Arbeitsinspektorat/Aufsicht über das Messwesen;;;3052.00;AG-Beiträge an Pensionskassen;101900.0;98800.0;116444.7;3100.0;3.14;;221
24;Volkswirtschaftsdepartement;2423;Arbeitsinspektorat/Aufsicht über das Messwesen;;;3053.00;AG-Beiträge an Unfallversicherungen;4400.0;4000.0;4183.45;400.0;10.0;;221
24;Volkswirtschaftsdepartement;2423;Arbeitsinspektorat/Aufsicht über das Messwesen;;;3054.00;AG-Beiträge an Familienzulagekassen;10000.0;9700.0;10181.3;300.0;3.09;;221
24;Volkswirtschaftsdepartement;2423;Arbeitsinspektorat/Aufsicht über das Messwesen;;;3059.10;AG-Beiträge Sozialfonds;600.0;600.0;616.85;;;;221
24;Volkswirtschaftsdepartement;2423;Arbeitsinspektorat/Aufsicht über das Messwesen;;;3090.00;Aus- und Weiterbildung des eigenen Personals;8500.0;6300.0;2098.85;2200.0;34.92;;221
24;Volkswirtschaftsdepartement;2423;Arbeitsinspektorat/Aufsicht über das Messwesen;;;3099.00;Übriger Personalaufwand;2000.0;2000.0;1140.65;;;;221
24;Volkswirtschaftsdepartement;2423;Arbeitsinspektorat/Aufsicht über das Messwesen;;;3100.00;Büromaterial;3000.0;3000.0;1215.75;;;;221
24;Volkswirtschaftsdepartement;2423;Arbeitsinspektorat/Aufsicht über das Messwesen;;;3101.00;Betriebs- und Verbrauchsmaterial;4500.0;4500.0;3094.0;;;;221
24;Volkswirtschaftsdepartement;2423;Arbeitsinspektorat/Aufsicht über das Messwesen;;;3102.00;Drucksachen, Publikationen;300.0;300.0;;;;;221
24;Volkswirtschaftsdepartement;2423;Arbeitsinspektorat/Aufsicht über das Messwesen;;;3103.00;Fachliteratur, Zeitschriften;800.0;800.0;220.85;;;;221
24;Volkswirtschaftsdepartement;2423;Arbeitsinspektorat/Aufsicht über das Messwesen;;;3110.00;Büromöbel und -geräte;200.0;200.0;;;;;221
24;Volkswirtschaftsdepartement;2423;Arbeitsinspektorat/Aufsicht über das Messwesen;;;3111.00;Maschinen, Geräte und Fahrzeuge;10000.0;10000.0;68788.33;;;;221
24;Volkswirtschaftsdepartement;2423;Arbeitsinspektorat/Aufsicht über das Messwesen;;;3112.00;Kleider, Wäsche, Vorhänge;2000.0;1000.0;864.95;1000.0;100.0;;221
24;Volkswirtschaftsdepartement;2423;Arbeitsinspektorat/Aufsicht über das Messwesen;;;3113.00;Hardware;2000.0;2000.0;11.7;;;;221
24;Volkswirtschaftsdepartement;2423;Arbeitsinspektorat/Aufsicht über das Messwesen;;;3118.00;Immaterielle Anlagen;48000.0;30000.0;18170.26;18000.0;60.0;Verschiebung von Kosten für «KODASA» von Konto 2423.3130.00 und Konto 2423.3133.00.;221
24;Volkswirtschaftsdepartement;2423;Arbeitsinspektorat/Aufsicht über das Messwesen;;;3130.00;Dienstleistungen Dritter;25000.0;42000.0;12935.7;-17000.0;-40.48;Vgl. Konto 2423.3118.00.;221
24;Volkswirtschaftsdepartement;2423;Arbeitsinspektorat/Aufsicht über das Messwesen;;;3133.00;Informatik-Nutzungsaufwand;43100.0;62900.0;57190.78;-19800.0;-31.48;Vgl. Konto 2423.3118.00.;221
24;Volkswirtschaftsdepartement;2423;Arbeitsinspektorat/Aufsicht über das Messwesen;;;3134.00;Sachversicherungsprämien;500.0;500.0;243.75;;;;221
24;Volkswirtschaftsdepartement;2423;Arbeitsinspektorat/Aufsicht über das Messwesen;;;3151.00;Unterhalt Maschinen, Geräte, Fahrzeuge;5000.0;5000.0;3087.8;;;;221
24;Volkswirtschaftsdepartement;2423;Arbeitsinspektorat/Aufsicht über das Messwesen;;;3158.00;Unterhalt immaterielle Anlagen;35000.0;6500.0;;28500.0;438.46;Inkl. jährliche Wartungskosten «KODASA» und Eichverwaltung.;221
24;Volkswirtschaftsdepartement;2423;Arbeitsinspektorat/Aufsicht über das Messwesen;;;3161.00;Mieten, Benützungskosten Anlagen;4700.0;4700.0;3578.6;;;;222
24;Volkswirtschaftsdepartement;2423;Arbeitsinspektorat/Aufsicht über das Messwesen;;;3170.00;Reisekosten und Spesen;20000.0;20000.0;11672.15;;;;222
24;Volkswirtschaftsdepartement;2423;Arbeitsinspektorat/Aufsicht über das Messwesen;;;3181.00;Tatsächliche Forderungsverluste;;5000.0;2918.05;-5000.0;-100.0;;222
24;Volkswirtschaftsdepartement;2423;Arbeitsinspektorat/Aufsicht über das Messwesen;;;3199.00;Übriger Betriebsaufwand;2000.0;2000.0;147.2;;;;222
24;Volkswirtschaftsdepartement;2423;Arbeitsinspektorat/Aufsicht über das Messwesen;;;3600.30;Ertragsanteile an Bund für Eichgebühren;4500.0;3500.0;3504.55;1000.0;28.57;;222
24;Volkswirtschaftsdepartement;2423;Arbeitsinspektorat/Aufsicht über das Messwesen;;;3900.00;IV Material- und Warenbezüge;1000.0;700.0;1126.65;300.0;42.86;;222
24;Volkswirtschaftsdepartement;2423;Arbeitsinspektorat/Aufsicht über das Messwesen;;;4210.00;Gebühren für Amtshandlungen;-130000.0;-110000.0;-116486.8;-20000.0;18.18;Gemäss Trend aus Vorjahren.;222
24;Volkswirtschaftsdepartement;2423;Arbeitsinspektorat/Aufsicht über das Messwesen;;;4250.00;Verkäufe;;;-7000.0;;;;222
24;Volkswirtschaftsdepartement;2423;Arbeitsinspektorat/Aufsicht über das Messwesen;;;4260.00;Rückerstattungen und Kostenbeteiligungen Dritter;-20000.0;-20000.0;-18715.6;;;;222
24;Volkswirtschaftsdepartement;2423;Arbeitsinspektorat/Aufsicht über das Messwesen;;;4610.00;Entschädigungen vom Bund;-262000.0;-260000.0;-327922.35;-2000.0;0.77;;222
24;Volkswirtschaftsdepartement;2440;Landwirtschaftsamt;;;3000.10;Sitzungsgelder Kommissionen;1500.0;1500.0;1512.0;;;;222
24;Volkswirtschaftsdepartement;2440;Landwirtschaftsamt;;;3010.00;Löhne des Verwaltungs- und Betriebspersonals;1383600.0;1342000.0;1235570.35;41600.0;3.1;;222
24;Volkswirtschaftsdepartement;2440;Landwirtschaftsamt;;;3010.95;Rückerstattungen Taggelder UV, EO, MSE, MV, IV für Verwaltungs- und Betriebspersonal;;;-27295.8;;;;222
24;Volkswirtschaftsdepartement;2440;Landwirtschaftsamt;;;3050.00;AG-Beiträge AHV, IV, EO, ALV, Verwaltungskosten;90000.0;87300.0;76006.8;2700.0;3.09;;222
24;Volkswirtschaftsdepartement;2440;Landwirtschaftsamt;;;3052.00;AG-Beiträge an Pensionskassen;184800.0;179100.0;153303.55;5700.0;3.18;;222
24;Volkswirtschaftsdepartement;2440;Landwirtschaftsamt;;;3053.00;AG-Beiträge an Unfallversicherungen;8300.0;7300.0;5876.45;1000.0;13.7;;222
24;Volkswirtschaftsdepartement;2440;Landwirtschaftsamt;;;3054.00;AG-Beiträge an Familienzulagekassen;18000.0;17500.0;15224.35;500.0;2.86;;222
24;Volkswirtschaftsdepartement;2440;Landwirtschaftsamt;;;3059.10;AG-Beiträge Sozialfonds;1100.0;1100.0;926.6;;;;222
24;Volkswirtschaftsdepartement;2440;Landwirtschaftsamt;;;3090.00;Aus- und Weiterbildung des eigenen Personals;28100.0;9900.0;7272.2;18200.0;183.84;;222
24;Volkswirtschaftsdepartement;2440;Landwirtschaftsamt;;;3091.00;Personalwerbung;2000.0;2000.0;;;;;222
24;Volkswirtschaftsdepartement;2440;Landwirtschaftsamt;;;3099.00;Übriger Personalaufwand;4300.0;3600.0;2268.4;700.0;19.44;;222
24;Volkswirtschaftsdepartement;2440;Landwirtschaftsamt;;;3100.00;Büromaterial;4000.0;4000.0;3953.37;;;;222
24;Volkswirtschaftsdepartement;2440;Landwirtschaftsamt;;;3101.00;Betriebs- und Verbrauchsmaterial;1500.0;1000.0;1512.57;500.0;50.0;;222
24;Volkswirtschaftsdepartement;2440;Landwirtschaftsamt;;;3103.00;Fachliteratur, Zeitschriften;4000.0;4000.0;2887.03;;;;222
24;Volkswirtschaftsdepartement;2440;Landwirtschaftsamt;;;3111.00;Maschinen, Geräte und Fahrzeuge;500.0;500.0;74.0;;;;222
24;Volkswirtschaftsdepartement;2440;Landwirtschaftsamt;;;3113.00;Hardware;15000.0;35000.0;5438.4;-20000.0;-57.14;Inkl. Ersatz Mobiltelefone und Tablets für Kontrolldienste und Ackerbaustellenleiter.;222
24;Volkswirtschaftsdepartement;2440;Landwirtschaftsamt;;;3118.00;Immaterielle Anlagen;48000.0;75000.0;39997.0;-27000.0;-36.0;LAWIS-Anspassung an neue Agrarpolitik (ITP0074), Ausbau mobiles LAWIS (ITP0091) und LAWIS Strukturverbesserung (ITP0092).;222
24;Volkswirtschaftsdepartement;2440;Landwirtschaftsamt;;;3130.00;Dienstleistungen Dritter;48000.0;48000.0;48786.05;;;Versuchsstation Smarte Technologien (EPR0104).;223
24;Volkswirtschaftsdepartement;2440;Landwirtschaftsamt;;;3132.00;Honorare externe Berater, Gutachter, Fachexperten etc.;3000.0;3000.0;2405.3;;;;223
24;Volkswirtschaftsdepartement;2440;Landwirtschaftsamt;;;3133.00;Informatik-Nutzungsaufwand;90900.0;92100.0;63741.15;-1200.0;-1.3;;223
24;Volkswirtschaftsdepartement;2440;Landwirtschaftsamt;;;3134.00;Sachversicherungsprämien;200.0;;178.2;200.0;;;223
24;Volkswirtschaftsdepartement;2440;Landwirtschaftsamt;;;3151.00;Unterhalt Maschinen, Geräte, Fahrzeuge;1000.0;;2986.8;1000.0;;;223
24;Volkswirtschaftsdepartement;2440;Landwirtschaftsamt;;;3158.00;Unterhalt immaterielle Anlagen;137200.0;197200.0;143745.4;-60000.0;-30.43;Gemäss Budget ITSH.;223
24;Volkswirtschaftsdepartement;2440;Landwirtschaftsamt;;;3161.00;Mieten, Benützungskosten Anlagen;10000.0;10000.0;11865.2;;;;223
24;Volkswirtschaftsdepartement;2440;Landwirtschaftsamt;;;3170.00;Reisekosten und Spesen;55000.0;40000.0;55260.85;15000.0;37.5;Inkl. Pauschalspesen für Ackerbaustellenleiter.;223
24;Volkswirtschaftsdepartement;2440;Landwirtschaftsamt;;;3199.00;Übriger Betriebsaufwand;1000.0;16000.0;218.53;-15000.0;-93.75;Inkl. turnusgemässe Austragung der LDK-Tagung in Schaffhausen.;223
24;Volkswirtschaftsdepartement;2440;Landwirtschaftsamt;;;3320.00;Planmässige Abschreibungen immaterielle Anlagen;;40000.0;;-40000.0;-100.0;;223
24;Volkswirtschaftsdepartement;2440;Landwirtschaftsamt;;;3611.00;Entschädigungen an Kantone und Konkordate;1000.0;1000.0;3243.0;;;;223
24;Volkswirtschaftsdepartement;2440;Landwirtschaftsamt;;;3612.10;Entschädigungen an innerkantonale Gemeinden und Gemeindezweckverbände;2500.0;2000.0;1216.0;500.0;25.0;;223
24;Volkswirtschaftsdepartement;2440;Landwirtschaftsamt;;;3614.00;Entschädigungen an öffentliche Unternehmungen;65000.0;65000.0;61332.9;;;;223
24;Volkswirtschaftsdepartement;2440;Landwirtschaftsamt;;;3631.00;Beiträge an Kantone und Konkordate;38000.0;40000.0;33190.8;-2000.0;-5.0;;223
24;Volkswirtschaftsdepartement;2440;Landwirtschaftsamt;;;3635.00;Beiträge an private Unternehmungen;4500.0;1100.0;2050.0;3400.0;309.09;;223
24;Volkswirtschaftsdepartement;2440;Landwirtschaftsamt;;;3636.00;Beiträge an private Organisationen ohne Erwerbszweck;17500.0;17500.0;14254.0;;;;223
24;Volkswirtschaftsdepartement;2440;Landwirtschaftsamt;;;3637.00;Beiträge an private Haushalte;415000.0;630000.0;289166.6;-215000.0;-34.13;;223
24;Volkswirtschaftsdepartement;2440;Landwirtschaftsamt;;;3660.20;Planmässige Abschreibungen Invest.beiträge an Gemeinden;548900.0;517700.0;498312.0;31200.0;6.03;;223
24;Volkswirtschaftsdepartement;2440;Landwirtschaftsamt;;;3660.50;Planmässige Abschreibungen Invest.beiträge an private Unternehmungen;39700.0;23200.0;18430.0;16500.0;71.12;;223
24;Volkswirtschaftsdepartement;2440;Landwirtschaftsamt;;;3707.00;Durchlaufende Beiträge an private Haushalte;35960000.0;3800000.0;3816788.15;32160000.0;846.32;Direktzahlungen und Beiträge vom Bund. Ab 2026 werden die Konten 2440.3707.00, 2440.3707.10 und 2440.3707.20 zusammengeführt.;223
24;Volkswirtschaftsdepartement;2440;Landwirtschaftsamt;;;3707.10;Bundesbeiträge Direktzahlungen;;28210000.0;28312252.95;-28210000.0;-100.0;Vgl. Kommentar Konto 2440.3707.00.;223
24;Volkswirtschaftsdepartement;2440;Landwirtschaftsamt;;;3707.20;Bundesbeiträge Getreidezulage, Einzelkultur- und in- situ-Beiträge;;3950000.0;4101749.15;-3950000.0;-100.0;Vgl. Kommentar Konto 2440.3707.00.;223
24;Volkswirtschaftsdepartement;2440;Landwirtschaftsamt;;;3900.00;IV Material- und Warenbezüge;2000.0;2000.0;237.5;;;;223
24;Volkswirtschaftsdepartement;2440;Landwirtschaftsamt;;;3910.00;IV Dienstleistungen;2000.0;3000.0;4600.0;-1000.0;-33.33;;223
24;Volkswirtschaftsdepartement;2440;Landwirtschaftsamt;;;4210.00;Gebühren für Amtshandlungen;-40000.0;-50000.0;-39088.7;10000.0;-20.0;;223
24;Volkswirtschaftsdepartement;2440;Landwirtschaftsamt;;;4240.00;Benützungsgebühren und Dienstleistungen;-250000.0;-240000.0;-257739.6;-10000.0;4.17;;223
24;Volkswirtschaftsdepartement;2440;Landwirtschaftsamt;;;4611.00;Entschädigungen von Kantonen und Konkordaten;-90000.0;-105000.0;-106066.5;15000.0;-14.29;Wegfall Mandat Rebbau für den Kanton Luzern.;224
24;Volkswirtschaftsdepartement;2440;Landwirtschaftsamt;;;4630.00;Beiträge vom Bund;-30000.0;-30000.0;-34792.7;;;;224
24;Volkswirtschaftsdepartement;2440;Landwirtschaftsamt;;;4631.00;Beiträge von Kantonen und Konkordaten;;;-787.5;;;;224
24;Volkswirtschaftsdepartement;2440;Landwirtschaftsamt;;;4700.00;Durchlaufende Beiträge vom Bund;-35800000.0;-3600000.0;-3643477.4;-32200000.0;894.44;Vgl. Konto 2440.3707.00.;224
24;Volkswirtschaftsdepartement;2440;Landwirtschaftsamt;;;4700.10;Bundesbeiträge Direktzahlungen;;-28250000.0;-28312252.95;28250000.0;-100.0;Vgl. Konto 2440.3707.00.;224
24;Volkswirtschaftsdepartement;2440;Landwirtschaftsamt;;;4700.20;Bundesbeiträge Getreidezulage, Einzelkultur- und in- situ-Beiträge;;-3950000.0;-4101749.15;3950000.0;-100.0;Vgl. Konto 2440.3707.00.;224
24;Volkswirtschaftsdepartement;2440;Landwirtschaftsamt;;;4702.10;Durchlaufende Beiträge von innerkantonalen Gemeinden und Gemeindezweckverbänden;-160000.0;-160000.0;-173310.75;;;;224
24;Volkswirtschaftsdepartement;2440;Landwirtschaftsamt;;;4860.00;"Ausserordentliche Transfererträge; Bund";;;-288849.0;;;;224
24;Volkswirtschaftsdepartement;2440;Landwirtschaftsamt;;;4980.00;Übertragungen;-65000.0;-65000.0;-63414.25;;;;224
24;Volkswirtschaftsdepartement;2450;Amt für Justiz und Gemeinden;;;3010.00;Löhne des Verwaltungs- und Betriebspersonals;1322700.0;1333200.0;1361844.2;-10500.0;-0.79;;224
24;Volkswirtschaftsdepartement;2450;Amt für Justiz und Gemeinden;;;3050.00;AG-Beiträge AHV, IV, EO, ALV, Verwaltungskosten;85900.0;86700.0;86785.95;-800.0;-0.92;;224
24;Volkswirtschaftsdepartement;2450;Amt für Justiz und Gemeinden;;;3052.00;AG-Beiträge an Pensionskassen;176700.0;178000.0;203161.75;-1300.0;-0.73;;224
24;Volkswirtschaftsdepartement;2450;Amt für Justiz und Gemeinden;;;3053.00;AG-Beiträge an Unfallversicherungen;8000.0;7200.0;6834.25;800.0;11.11;;224
24;Volkswirtschaftsdepartement;2450;Amt für Justiz und Gemeinden;;;3054.00;AG-Beiträge an Familienzulagekassen;17100.0;17300.0;17649.45;-200.0;-1.16;;224
24;Volkswirtschaftsdepartement;2450;Amt für Justiz und Gemeinden;;;3059.10;AG-Beiträge Sozialfonds;1000.0;1000.0;978.45;;;;224
24;Volkswirtschaftsdepartement;2450;Amt für Justiz und Gemeinden;;;3064.00;Überbrückungsrenten;;3000.0;10292.0;-3000.0;-100.0;;224
24;Volkswirtschaftsdepartement;2450;Amt für Justiz und Gemeinden;;;3090.00;Aus- und Weiterbildung des eigenen Personals;10500.0;10500.0;20327.65;;;;224
24;Volkswirtschaftsdepartement;2450;Amt für Justiz und Gemeinden;;;3099.00;Übriger Personalaufwand;1200.0;1200.0;1200.0;;;;224
24;Volkswirtschaftsdepartement;2450;Amt für Justiz und Gemeinden;;;3100.00;Büromaterial;5600.0;6100.0;5563.11;-500.0;-8.2;;224
24;Volkswirtschaftsdepartement;2450;Amt für Justiz und Gemeinden;;;3103.00;Fachliteratur, Zeitschriften;7000.0;8000.0;6713.2;-1000.0;-12.5;;224
24;Volkswirtschaftsdepartement;2450;Amt für Justiz und Gemeinden;;;3110.00;Büromöbel und -geräte;500.0;500.0;;;;;224
24;Volkswirtschaftsdepartement;2450;Amt für Justiz und Gemeinden;;;3113.00;Hardware;2000.0;2000.0;516.6;;;;224
24;Volkswirtschaftsdepartement;2450;Amt für Justiz und Gemeinden;;;3130.00;Dienstleistungen Dritter;72000.0;155000.0;24793.6;-83000.0;-53.55;Inkl. Aufwand für die innerkantonale Umsetzung von «Justitia 4.0».;224
24;Volkswirtschaftsdepartement;2450;Amt für Justiz und Gemeinden;;;3132.00;Honorare externe Berater, Gutachter, Fachexperten etc.;1000.0;1000.0;247.3;;;;224
24;Volkswirtschaftsdepartement;2450;Amt für Justiz und Gemeinden;;;3133.00;Informatik-Nutzungsaufwand;91900.0;59100.0;53847.05;32800.0;55.5;Inkl. Ersatz des Beurkundungsprogramms.;224
24;Volkswirtschaftsdepartement;2450;Amt für Justiz und Gemeinden;;;3158.00;Unterhalt immaterielle Anlagen;7000.0;5000.0;;2000.0;40.0;;224
24;Volkswirtschaftsdepartement;2450;Amt für Justiz und Gemeinden;;;3160.00;Mieten und Pachten Liegenschaften;500.0;500.0;;;;;224
24;Volkswirtschaftsdepartement;2450;Amt für Justiz und Gemeinden;;;3161.00;Mieten, Benützungskosten Anlagen;6000.0;6000.0;5501.2;;;;225
24;Volkswirtschaftsdepartement;2450;Amt für Justiz und Gemeinden;;;3170.00;Reisekosten und Spesen;14000.0;10000.0;13539.55;4000.0;40.0;;225
24;Volkswirtschaftsdepartement;2450;Amt für Justiz und Gemeinden;;;3181.00;Tatsächliche Forderungsverluste;500.0;400.0;500.0;100.0;25.0;;225
24;Volkswirtschaftsdepartement;2450;Amt für Justiz und Gemeinden;;;3199.00;Übriger Betriebsaufwand;3000.0;12000.0;335.55;-9000.0;-75.0;;225
24;Volkswirtschaftsdepartement;2450;Amt für Justiz und Gemeinden;;;3612.10;Entschädigungen an innerkantonale Gemeinden und Gemeindezweckverbände;420000.0;370000.0;421280.51;50000.0;13.51;Anpassung auf Basis der Vorjahreswerte.;225
24;Volkswirtschaftsdepartement;2450;Amt für Justiz und Gemeinden;;;3630.00;Beiträge an den Bund;6000.0;6000.0;6040.9;;;;225
24;Volkswirtschaftsdepartement;2450;Amt für Justiz und Gemeinden;;;4210.00;Gebühren für Amtshandlungen;-415000.0;-415000.0;-460730.75;;;;225
24;Volkswirtschaftsdepartement;2450;Amt für Justiz und Gemeinden;;;4390.00;Übrige Erträge;;;-343836.0;;;;225
24;Volkswirtschaftsdepartement;2453;Kantonaler Finanzausgleich;;;3622.50;Innerkantonaler Finanzausgleich von Kanton an Gemeinde;6750000.0;4426000.0;3083896.0;2324000.0;52.51;Ressourcenausgleich nimmt gegenüber Budget 2025 stark zu. Gründe: Das Ausgleichsziel beträgt neu 77% (bisher 73%). Auch die wiederum sehr hohen Steuereinnahmen der Stadt Schaffhausen und in der Gemeinde Neuhausen führen zu gesetzlich höheren Ansprüchen der Nehmergemeinden.;225
24;Volkswirtschaftsdepartement;2453;Kantonaler Finanzausgleich;;;3622.60;Innerkantonaler Lastenausgleich von Kanton an Gemeinde;770000.0;720000.0;767291.0;50000.0;6.94;Lastenausgleich fällt gegenüber Budget 2025 leicht höher aus. U. a. entfällt bei einer Gemeinde die Kürzung des Lastenausgleichs infolge Steuerfusserhöhung.;225
24;Volkswirtschaftsdepartement;2453;Kantonaler Finanzausgleich;;;3622.70;Horizontaler Finanzausgleich von Gemeinde an Gemeinde;6750000.0;4426000.0;3083896.0;2324000.0;52.51;;225
24;Volkswirtschaftsdepartement;2453;Kantonaler Finanzausgleich;;;3622.80;Horizontaler Lastenausgleich von Gemeinde an Gemeinde;770000.0;720000.0;767293.0;50000.0;6.94;;225
24;Volkswirtschaftsdepartement;2453;Kantonaler Finanzausgleich;;;4622.70;Horizontaler Finanzausgleich von Gemeinde an Gemeinde;-6750000.0;-4426000.0;-3083896.0;-2324000.0;52.51;;225
24;Volkswirtschaftsdepartement;2453;Kantonaler Finanzausgleich;;;4622.80;Horizontaler Lastenausgleich von Gemeinde an Gemeinde;-770000.0;-720000.0;-767293.0;-50000.0;6.94;;225
24;Volkswirtschaftsdepartement;2454;Strafvollzug in auswärtigen Anstalten;;;3130.00;Dienstleistungen Dritter;6000.0;10000.0;5187.3;-4000.0;-40.0;;225
24;Volkswirtschaftsdepartement;2454;Strafvollzug in auswärtigen Anstalten;;;3132.00;Honorare externe Berater, Gutachter, Fachexperten etc.;60000.0;30000.0;46187.4;30000.0;100.0;Kosten für psychiatrische Gutachen.;225
24;Volkswirtschaftsdepartement;2454;Strafvollzug in auswärtigen Anstalten;;;3135.00;Dienstleistungsaufwand für Personen in Obhut;15000.0;5000.0;15440.5;10000.0;200.0;;226
24;Volkswirtschaftsdepartement;2454;Strafvollzug in auswärtigen Anstalten;;;3611.00;Entschädigungen an Kantone und Konkordate;1200000.0;1450000.0;1217561.52;-250000.0;-17.24;Reduktion auf Basis der Vorjahreswerte.;226
24;Volkswirtschaftsdepartement;2454;Strafvollzug in auswärtigen Anstalten;;;3631.00;Beiträge an Kantone und Konkordate;35000.0;35000.0;32409.0;;;;226
24;Volkswirtschaftsdepartement;2454;Strafvollzug in auswärtigen Anstalten;;;4611.00;Entschädigungen von Kantonen und Konkordaten;-20000.0;-40000.0;-17379.9;20000.0;-50.0;Rückerstattung von Vollzugskosten, wenn eine Person Urteile aus zwei Kantonen hat, aber der Kanton Schaffhausen den ganzen Vollzug macht.;226
24;Volkswirtschaftsdepartement;2466;Staatsanwaltschaft;;;3010.00;Löhne des Verwaltungs- und Betriebspersonals;6022300.0;5890400.0;5838258.8;131900.0;2.24;;226
24;Volkswirtschaftsdepartement;2466;Staatsanwaltschaft;;;3010.95;Rückerstattungen Taggelder UV, EO, MSE, MV, IV für Verwaltungs- und Betriebspersonal;;;-69504.05;;;;226
24;Volkswirtschaftsdepartement;2466;Staatsanwaltschaft;;;3049.00;Übrige Zulagen;38000.0;37500.0;37463.9;500.0;1.33;;226
24;Volkswirtschaftsdepartement;2466;Staatsanwaltschaft;;;3050.00;AG-Beiträge AHV, IV, EO, ALV, Verwaltungskosten;391400.0;382900.0;374944.45;8500.0;2.22;;226
24;Volkswirtschaftsdepartement;2466;Staatsanwaltschaft;;;3052.00;AG-Beiträge an Pensionskassen;804600.0;786300.0;735287.7;18300.0;2.33;;226
24;Volkswirtschaftsdepartement;2466;Staatsanwaltschaft;;;3053.00;AG-Beiträge an Unfallversicherungen;37400.0;31800.0;30151.05;5600.0;17.61;;226
24;Volkswirtschaftsdepartement;2466;Staatsanwaltschaft;;;3054.00;AG-Beiträge an Familienzulagekassen;78300.0;76600.0;75533.05;1700.0;2.22;;226
24;Volkswirtschaftsdepartement;2466;Staatsanwaltschaft;;;3059.10;AG-Beiträge Sozialfonds;4900.0;4700.0;4441.2;200.0;4.26;;226
24;Volkswirtschaftsdepartement;2466;Staatsanwaltschaft;;;3064.00;Überbrückungsrenten;;;12153.0;;;;226
24;Volkswirtschaftsdepartement;2466;Staatsanwaltschaft;;;3090.00;Aus- und Weiterbildung des eigenen Personals;47200.0;47200.0;42763.3;;;;226
24;Volkswirtschaftsdepartement;2466;Staatsanwaltschaft;;;3091.00;Personalwerbung;500.0;500.0;;;;;226
24;Volkswirtschaftsdepartement;2466;Staatsanwaltschaft;;;3099.00;Übriger Personalaufwand;15000.0;12000.0;13800.8;3000.0;25.0;;226
24;Volkswirtschaftsdepartement;2466;Staatsanwaltschaft;;;3100.00;Büromaterial;35000.0;30000.0;32803.78;5000.0;16.67;;226
24;Volkswirtschaftsdepartement;2466;Staatsanwaltschaft;;;3103.00;Fachliteratur, Zeitschriften;42000.0;42000.0;25513.9;;;;226
24;Volkswirtschaftsdepartement;2466;Staatsanwaltschaft;;;3106.00;Medizinisches Material;300.0;300.0;;;;;226
24;Volkswirtschaftsdepartement;2466;Staatsanwaltschaft;;;3113.00;Hardware;16500.0;16500.0;4174.0;;;;226
24;Volkswirtschaftsdepartement;2466;Staatsanwaltschaft;;;3118.00;Immaterielle Anlagen;;;50930.1;;;;226
24;Volkswirtschaftsdepartement;2466;Staatsanwaltschaft;;;3130.00;Dienstleistungen Dritter;170000.0;184000.0;65531.76;-14000.0;-7.61;Inkl. Mehraufwand für die Nachfolgelösung des Geschäftsverwaltungssystems.;226
24;Volkswirtschaftsdepartement;2466;Staatsanwaltschaft;;;3132.00;Honorare externe Berater, Gutachter, Fachexperten etc.;1200000.0;1200000.0;1159417.93;;;;226
24;Volkswirtschaftsdepartement;2466;Staatsanwaltschaft;;;3133.00;Informatik-Nutzungsaufwand;437700.0;426600.0;386199.1;11100.0;2.6;;226
24;Volkswirtschaftsdepartement;2466;Staatsanwaltschaft;;;3153.00;Informatik-Unterhalt (Hardware);1000.0;500.0;431.75;500.0;100.0;;226
24;Volkswirtschaftsdepartement;2466;Staatsanwaltschaft;;;3158.00;Unterhalt immaterielle Anlagen;95600.0;117000.0;148528.25;-21400.0;-18.29;Insbesondere Wartungskosten für das Geschäftsverwaltungssystem.;227
24;Volkswirtschaftsdepartement;2466;Staatsanwaltschaft;;;3161.00;Mieten, Benützungskosten Anlagen;37000.0;37000.0;48197.45;;;;227
24;Volkswirtschaftsdepartement;2466;Staatsanwaltschaft;;;3170.00;Reisekosten und Spesen;35000.0;25000.0;32964.75;10000.0;40.0;;227
24;Volkswirtschaftsdepartement;2466;Staatsanwaltschaft;;;3181.00;Tatsächliche Forderungsverluste;800000.0;800000.0;953811.3;;;Es ist jeweils schwierig abschätzbar, in welchem Umfang Gebühren, Geldstrafen und Bussen nicht einbringlich sind.;227
24;Volkswirtschaftsdepartement;2466;Staatsanwaltschaft;;;3199.00;Übriger Betriebsaufwand;800000.0;655000.0;1155003.95;145000.0;22.14;Es ist damit zu rechnen, dass die Entschädigungen für amtliche Verteidigungen, unentgeltliche Vertretungen und Dolmetscher weiter ansteigen werden.;227
24;Volkswirtschaftsdepartement;2466;Staatsanwaltschaft;;;3602.20;Gemeindeanteile an kantonalen Gebühren;;;3210.0;;;;227
24;Volkswirtschaftsdepartement;2466;Staatsanwaltschaft;;;3610.00;Entschädigungen an Bund;250000.0;250000.0;234405.0;;;;227
24;Volkswirtschaftsdepartement;2466;Staatsanwaltschaft;;;3900.00;IV Material- und Warenbezüge;4000.0;;3493.7;4000.0;;;227
24;Volkswirtschaftsdepartement;2466;Staatsanwaltschaft;;;3910.00;IV Dienstleistungen;129000.0;129000.0;127000.0;;;;227
24;Volkswirtschaftsdepartement;2466;Staatsanwaltschaft;;;4210.00;Gebühren für Amtshandlungen;-3500000.0;-3500000.0;-3418008.6;;;;227
24;Volkswirtschaftsdepartement;2466;Staatsanwaltschaft;;;4260.00;Rückerstattungen und Kostenbeteiligungen Dritter;-400000.0;-400000.0;-468372.15;;;;227
24;Volkswirtschaftsdepartement;2466;Staatsanwaltschaft;;;4270.00;Bussen;-3600000.0;-3500000.0;-3578247.08;-100000.0;2.86;;227
24;Volkswirtschaftsdepartement;2466;Staatsanwaltschaft;;;4290.00;Übrige Entgelte;-20000.0;-20000.0;-9419.88;;;;227
24;Volkswirtschaftsdepartement;2466;Staatsanwaltschaft;;;4301.00;Beschlagnahmte Vermögenswerte;-20000.0;-20000.0;-58727.15;;;;227
24;Volkswirtschaftsdepartement;2472;Gefängnisverwaltung;;;3010.00;Löhne des Verwaltungs- und Betriebspersonals;2103900.0;1961700.0;1840297.65;142200.0;7.25;;227
24;Volkswirtschaftsdepartement;2472;Gefängnisverwaltung;;;3010.95;Rückerstattungen Taggelder UV, EO, MSE, MV, IV für Verwaltungs- und Betriebspersonal;;;-13919.65;;;;227
24;Volkswirtschaftsdepartement;2472;Gefängnisverwaltung;;;3049.00;Übrige Zulagen;117800.0;117800.0;75823.5;;;;227
24;Volkswirtschaftsdepartement;2472;Gefängnisverwaltung;;;3050.00;AG-Beiträge AHV, IV, EO, ALV, Verwaltungskosten;136800.0;127500.0;123328.7;9300.0;7.29;;227
24;Volkswirtschaftsdepartement;2472;Gefängnisverwaltung;;;3052.00;AG-Beiträge an Pensionskassen;281100.0;261900.0;269924.4;19200.0;7.33;;227
24;Volkswirtschaftsdepartement;2472;Gefängnisverwaltung;;;3053.00;AG-Beiträge an Unfallversicherungen;13500.0;10600.0;10094.0;2900.0;27.36;;227
24;Volkswirtschaftsdepartement;2472;Gefängnisverwaltung;;;3054.00;AG-Beiträge an Familienzulagekassen;27400.0;25500.0;24708.1;1900.0;7.45;;227
24;Volkswirtschaftsdepartement;2472;Gefängnisverwaltung;;;3059.10;AG-Beiträge Sozialfonds;1700.0;1500.0;1501.85;200.0;13.33;;227
24;Volkswirtschaftsdepartement;2472;Gefängnisverwaltung;;;3064.00;Überbrückungsrenten;;;1144.0;;;;227
24;Volkswirtschaftsdepartement;2472;Gefängnisverwaltung;;;3090.00;Aus- und Weiterbildung des eigenen Personals;19000.0;19000.0;18956.05;;;;227
24;Volkswirtschaftsdepartement;2472;Gefängnisverwaltung;;;3091.00;Personalwerbung;600.0;600.0;;;;;227
24;Volkswirtschaftsdepartement;2472;Gefängnisverwaltung;;;3099.00;Übriger Personalaufwand;6800.0;6800.0;10136.0;;;;228
24;Volkswirtschaftsdepartement;2472;Gefängnisverwaltung;;;3100.00;Büromaterial;5300.0;5300.0;4774.81;;;;228
24;Volkswirtschaftsdepartement;2472;Gefängnisverwaltung;;;3101.00;Betriebs- und Verbrauchsmaterial;55000.0;45000.0;55061.86;10000.0;22.22;;228
24;Volkswirtschaftsdepartement;2472;Gefängnisverwaltung;;;3102.00;Drucksachen, Publikationen;1200.0;3000.0;1026.95;-1800.0;-60.0;;228
24;Volkswirtschaftsdepartement;2472;Gefängnisverwaltung;;;3103.00;Fachliteratur, Zeitschriften;5800.0;5800.0;4319.5;;;;228
24;Volkswirtschaftsdepartement;2472;Gefängnisverwaltung;;;3105.00;Lebensmittel;300000.0;300900.0;287344.65;-900.0;-0.3;;228
24;Volkswirtschaftsdepartement;2472;Gefängnisverwaltung;;;3106.00;Medizinisches Material;75000.0;59500.0;73222.84;15500.0;26.05;Der somatogene/psychische/ zahnmedizinische Gesundheitszustand der Inhaftierten bei Eintritt ist tendenziell immer desolater und der Medikamentenbedarf hat sich dementsprechend erhöht.;228
24;Volkswirtschaftsdepartement;2472;Gefängnisverwaltung;;;3109.00;Übriger Material- und Warenaufwand;600.0;600.0;540.5;;;;228
24;Volkswirtschaftsdepartement;2472;Gefängnisverwaltung;;;3110.00;Büromöbel und -geräte;4000.0;4000.0;4070.55;;;;228
24;Volkswirtschaftsdepartement;2472;Gefängnisverwaltung;;;3111.00;Maschinen, Geräte und Fahrzeuge;39000.0;39000.0;31189.9;;;;228
24;Volkswirtschaftsdepartement;2472;Gefängnisverwaltung;;;3112.00;Kleider, Wäsche, Vorhänge;28000.0;27000.0;27295.44;1000.0;3.7;;228
24;Volkswirtschaftsdepartement;2472;Gefängnisverwaltung;;;3113.00;Hardware;3600.0;3600.0;3556.55;;;;228
24;Volkswirtschaftsdepartement;2472;Gefängnisverwaltung;;;3118.00;Immaterielle Anlagen;200.0;200.0;;;;;228
24;Volkswirtschaftsdepartement;2472;Gefängnisverwaltung;;;3119.00;Übrige nicht aktivierbare Anlagen;12000.0;20000.0;11493.05;-8000.0;-40.0;;228
24;Volkswirtschaftsdepartement;2472;Gefängnisverwaltung;;;3120.00;Ver- und Entsorgung Liegenschaften VV;7500.0;16300.0;7121.3;-8800.0;-53.99;;228
24;Volkswirtschaftsdepartement;2472;Gefängnisverwaltung;;;3130.00;Dienstleistungen Dritter;300000.0;342800.0;384577.6;-42800.0;-12.49;;228
24;Volkswirtschaftsdepartement;2472;Gefängnisverwaltung;;;3133.00;Informatik-Nutzungsaufwand;63000.0;60400.0;79259.45;2600.0;4.3;;228
24;Volkswirtschaftsdepartement;2472;Gefängnisverwaltung;;;3134.00;Sachversicherungsprämien;700.0;1100.0;615.45;-400.0;-36.36;;228
24;Volkswirtschaftsdepartement;2472;Gefängnisverwaltung;;;3135.00;Dienstleistungsaufwand für Personen in Obhut;206000.0;206700.0;326749.4;-700.0;-0.34;;228
24;Volkswirtschaftsdepartement;2472;Gefängnisverwaltung;;;3144.00;Unterhalt Hochbauten, Gebäude;110000.0;80000.0;188901.11;30000.0;37.5;Bis zum Bezug des Polizei- und Sicherheitszentrums notwendige Unterhaltsarbeiten, namentlich im Bereich der sanitären und elektrischen Anlagen.;228
24;Volkswirtschaftsdepartement;2472;Gefängnisverwaltung;;;3151.00;Unterhalt Maschinen, Geräte, Fahrzeuge;110000.0;100000.0;106030.37;10000.0;10.0;;228
24;Volkswirtschaftsdepartement;2472;Gefängnisverwaltung;;;3158.00;Unterhalt immaterielle Anlagen;3600.0;6000.0;6156.45;-2400.0;-40.0;;228
24;Volkswirtschaftsdepartement;2472;Gefängnisverwaltung;;;3160.00;Mieten und Pachten Liegenschaften;5000.0;5000.0;4734.95;;;;228
24;Volkswirtschaftsdepartement;2472;Gefängnisverwaltung;;;3161.00;Mieten, Benützungskosten Anlagen;6700.0;6700.0;9003.0;;;;228
24;Volkswirtschaftsdepartement;2472;Gefängnisverwaltung;;;3170.00;Reisekosten und Spesen;15000.0;15000.0;9958.35;;;;228
24;Volkswirtschaftsdepartement;2472;Gefängnisverwaltung;;;3181.00;Tatsächliche Forderungsverluste;;500.0;;-500.0;-100.0;;228
24;Volkswirtschaftsdepartement;2472;Gefängnisverwaltung;;;3199.00;Übriger Betriebsaufwand;3600.0;3200.0;3532.25;400.0;12.5;;229
24;Volkswirtschaftsdepartement;2472;Gefängnisverwaltung;;;3610.00;Entschädigungen an Bund;1500.0;1500.0;1428.0;;;;229
24;Volkswirtschaftsdepartement;2472;Gefängnisverwaltung;;;3611.00;Entschädigungen an Kantone und Konkordate;50000.0;32100.0;56688.25;17900.0;55.76;Unterbringung von Insassen in ausserkantonalen Anstalten insbesondere wegen Kollusionsgefahr. Budgetierung gemäss Trend aus den Vorjahren. Vgl. dazu auch Konto 2472.4611.00.;229
24;Volkswirtschaftsdepartement;2472;Gefängnisverwaltung;;;3630.00;Beiträge an den Bund;40000.0;38400.0;38513.45;1600.0;4.17;;229
24;Volkswirtschaftsdepartement;2472;Gefängnisverwaltung;;;3636.00;Beiträge an private Organisationen ohne Erwerbszweck;32000.0;31300.0;31541.65;700.0;2.24;;229
24;Volkswirtschaftsdepartement;2472;Gefängnisverwaltung;;;3900.00;IV Material- und Warenbezüge;2800.0;2800.0;560.0;;;;229
24;Volkswirtschaftsdepartement;2472;Gefängnisverwaltung;;;4240.00;Benützungsgebühren und Dienstleistungen;-100000.0;-100000.0;-52962.4;;;;229
24;Volkswirtschaftsdepartement;2472;Gefängnisverwaltung;;;4309.00;Übrige betriebliche Erträge;-1000.0;-1000.0;;;;;229
24;Volkswirtschaftsdepartement;2472;Gefängnisverwaltung;;;4610.00;Entschädigungen vom Bund;-20000.0;-30000.0;;10000.0;-33.33;;229
24;Volkswirtschaftsdepartement;2472;Gefängnisverwaltung;;;4611.00;Entschädigungen von Kantonen und Konkordaten;-200000.0;-246700.0;-202179.0;46700.0;-18.93;Es handelt sich um Einnahmen aus der Unterbringung auserkantonaler Insassen. Budgetierung gemäss Trend aus den Vorjahren.;229
24;Volkswirtschaftsdepartement;2498;;2498.7004;Generationenfonds;3130.00;Dienstleistungen Dritter;250000.0;250000.0;247147.25;;;;229
24;Volkswirtschaftsdepartement;2498;;2498.7004;Generationenfonds;3634.00;Beiträge an öffentliche Unternehmungen;685200.0;1300000.0;61381.8;-614800.0;-47.29;;229
24;Volkswirtschaftsdepartement;2498;;2498.7004;Generationenfonds;3635.00;Beiträge an private Unternehmungen;2760300.0;2334100.0;584789.0;426200.0;18.26;;229
24;Volkswirtschaftsdepartement;2498;;2498.7004;Generationenfonds;3704.00;Durchlaufende Beiträge an öffentliche Unternehmungen;729100.0;1200000.0;211381.75;-470900.0;-39.24;;229
24;Volkswirtschaftsdepartement;2498;;2498.7004;Generationenfonds;3705.00;Durchlaufende Beiträge an private Unternehmungen;2716400.0;2800000.0;110500.0;-83600.0;-2.99;;229
24;Volkswirtschaftsdepartement;2498;;2498.7004;Generationenfonds;3706.00;Durchlaufende Beiträge an private Organisationen ohne Erwerbszweck;675000.0;675000.0;650000.0;;;;229
24;Volkswirtschaftsdepartement;2498;;2498.7004;Generationenfonds;4402.00;Zinsen Finanzanlagen;;;-129417.52;;;;229
24;Volkswirtschaftsdepartement;2498;;2498.7004;Generationenfonds;4630.00;Beiträge vom Bund;-125000.0;-125000.0;-125000.0;;;;229
24;Volkswirtschaftsdepartement;2498;;2498.7004;Generationenfonds;4700.00;Durchlaufende Beiträge vom Bund;-4120500.0;-4675000.0;-971881.75;554500.0;-11.86;;229
24;Volkswirtschaftsdepartement;2498;;2498.7004;Generationenfonds;4940.00;IV Kalk. Zinsen und Finanzaufwand;;-61900.0;-20489.04;61900.0;-100.0;;229
24;Volkswirtschaftsdepartement;2498;;2498.7004;Generationenfonds;9011.00;Abschluss Spezialfinanzierungen und Fonds des Eigenkapitals, Aufwandüberschuss;-3570500.0;-3697200.0;-618411.49;126700.0;-3.43;;229
24;Volkswirtschaftsdepartement;2498;;2498.7242;Rebfonds;3130.00;Dienstleistungen Dritter;1500.0;1500.0;;;;;230
24;Volkswirtschaftsdepartement;2498;;2498.7242;Rebfonds;3134.00;Sachversicherungsprämien;100.0;100.0;45.5;;;;230
24;Volkswirtschaftsdepartement;2498;;2498.7242;Rebfonds;3137.00;Steuern und Abgaben;;200.0;20.0;-200.0;-100.0;;230
24;Volkswirtschaftsdepartement;2498;;2498.7242;Rebfonds;3634.00;Beiträge an öffentliche Unternehmungen;300.0;;245.05;300.0;;;230
24;Volkswirtschaftsdepartement;2498;;2498.7242;Rebfonds;3635.00;Beiträge an private Unternehmungen;25000.0;25000.0;25000.0;;;;230
24;Volkswirtschaftsdepartement;2498;;2498.7242;Rebfonds;3636.00;Beiträge an private Organisationen ohne Erwerbszweck;35000.0;35000.0;34397.8;;;;230
24;Volkswirtschaftsdepartement;2498;;2498.7242;Rebfonds;4470.00;Pacht- und Mietzinse Liegenschaften VV;-1800.0;-1800.0;-1796.2;;;;230
24;Volkswirtschaftsdepartement;2498;;2498.7242;Rebfonds;4632.10;Laufende Betriebsbeiträge von innerkantonalen Gemeinden und Gemeindezweckverbände;-9600.0;-9600.0;-9561.8;;;;230
24;Volkswirtschaftsdepartement;2498;;2498.7242;Rebfonds;4637.00;Beiträge von privaten Haushalten;-48000.0;-48000.0;-47809.0;;;;230
24;Volkswirtschaftsdepartement;2498;;2498.7242;Rebfonds;4940.00;IV Kalk. Zinsen und Finanzaufwand;;-200.0;-229.85;200.0;-100.0;;230
24;Volkswirtschaftsdepartement;2498;;2498.7242;Rebfonds;9010.00;Abschluss Spezialfinanzierungen und Fonds des Eigenkapitals, Ertragsüberschuss;;200.0;;-200.0;-100.0;;230
24;Volkswirtschaftsdepartement;2498;;2498.7242;Rebfonds;9011.00;Abschluss Spezialfinanzierungen und Fonds des Eigenkapitals, Aufwandüberschuss;-2500.0;-2400.0;-311.5;-100.0;4.17;;230
24;Volkswirtschaftsdepartement;2498;;2498.7243;Fonds für Elementarschadenvergütung;3632.10;Beiträge an innerkantonale Gemeinden und Gemeindezweckverbände;5000.0;5000.0;;;;;230
24;Volkswirtschaftsdepartement;2498;;2498.7243;Fonds für Elementarschadenvergütung;4940.00;IV Kalk. Zinsen und Finanzaufwand;;-600.0;-211.13;600.0;-100.0;;230
24;Volkswirtschaftsdepartement;2498;;2498.7243;Fonds für Elementarschadenvergütung;9010.00;Abschluss Spezialfinanzierungen und Fonds des Eigenkapitals, Ertragsüberschuss;;;211.13;;;;230
24;Volkswirtschaftsdepartement;2498;;2498.7243;Fonds für Elementarschadenvergütung;9011.00;Abschluss Spezialfinanzierungen und Fonds des Eigenkapitals, Aufwandüberschuss;-5000.0;-4400.0;;-600.0;13.64;;230
24;Volkswirtschaftsdepartement;2498;;2498.7252;Finanzausgleichsfonds;4940.00;IV Kalk. Zinsen und Finanzaufwand;;-27400.0;-9149.79;27400.0;-100.0;;230
24;Volkswirtschaftsdepartement;2498;;2498.7252;Finanzausgleichsfonds;9010.00;Abschluss Spezialfinanzierungen und Fonds des Eigenkapitals, Ertragsüberschuss;;27400.0;9149.79;-27400.0;-100.0;;230
24;Volkswirtschaftsdepartement;2498;;2498.7751;Fonds für wohltätige Zwecke;3502.00;Einlagen in Legate und Stiftungen des Fremdkapitals;;400.0;304.61;-400.0;-100.0;;230
24;Volkswirtschaftsdepartement;2498;;2498.7751;Fonds für wohltätige Zwecke;4940.00;IV Kalk. Zinsen und Finanzaufwand;;-400.0;-304.61;400.0;-100.0;;230
25;Finanzdepartement;2500;Sekretariat;;;3010.00;Löhne des Verwaltungs- und Betriebspersonals;397300.0;391900.0;420830.0;5400.0;1.38;;231
25;Finanzdepartement;2500;Sekretariat;;;3050.00;AG-Beiträge AHV, IV, EO, ALV, Verwaltungskosten;25900.0;25400.0;26697.4;500.0;1.97;;231
25;Finanzdepartement;2500;Sekretariat;;;3052.00;AG-Beiträge an Pensionskassen;53100.0;52300.0;68339.2;800.0;1.53;;231
25;Finanzdepartement;2500;Sekretariat;;;3053.00;AG-Beiträge an Unfallversicherungen;2400.0;2100.0;2012.35;300.0;14.29;;231
25;Finanzdepartement;2500;Sekretariat;;;3054.00;AG-Beiträge an Familienzulagekassen;5200.0;5100.0;5441.85;100.0;1.96;;231
25;Finanzdepartement;2500;Sekretariat;;;3059.10;AG-Beiträge Sozialfonds;300.0;300.0;296.95;;;;231
25;Finanzdepartement;2500;Sekretariat;;;3064.00;Überbrückungsrenten;;;115.0;;;;231
25;Finanzdepartement;2500;Sekretariat;;;3090.00;Aus- und Weiterbildung des eigenen Personals;2600.0;16400.0;10950.0;-13800.0;-84.15;Spezialausbildung (Master) einer Person ist abgeschlossen.;231
25;Finanzdepartement;2500;Sekretariat;;;3099.00;Übriger Personalaufwand;4000.0;5000.0;2995.8;-1000.0;-20.0;;231
25;Finanzdepartement;2500;Sekretariat;;;3100.00;Büromaterial;1500.0;1200.0;798.6;300.0;25.0;;231
25;Finanzdepartement;2500;Sekretariat;;;3103.00;Fachliteratur, Zeitschriften;2500.0;2600.0;2351.25;-100.0;-3.85;;231
25;Finanzdepartement;2500;Sekretariat;;;3113.00;Hardware;500.0;1000.0;196.0;-500.0;-50.0;;231
25;Finanzdepartement;2500;Sekretariat;;;3130.00;Dienstleistungen Dritter;10600.0;142600.0;22412.2;-132000.0;-92.57;Für die externe Unterstützung in Sachen Risikomanagement fiel in 2025 ein Sonderaufwand an. Der Aufwand für das finanzielle IKS (Umsetzung ab 2026) ist neu in der Finanzstelle 2522 budgetiert.;231
25;Finanzdepartement;2500;Sekretariat;;;3132.00;Honorare externe Berater, Gutachter, Fachexperten etc.;10000.0;3000.0;64409.25;7000.0;233.33;;231
25;Finanzdepartement;2500;Sekretariat;;;3133.00;Informatik-Nutzungsaufwand;20800.0;36500.0;18223.15;-15700.0;-43.01;Für das Risikomanagement wird keine Software angeschafft, weswegen die Betriebskosten tiefer ausfallen als für 2025 budgetiert.;231
25;Finanzdepartement;2500;Sekretariat;;;3161.00;Mieten, Benützungskosten Anlagen;;3700.0;2348.0;-3700.0;-100.0;;231
25;Finanzdepartement;2500;Sekretariat;;;3170.00;Reisekosten und Spesen;2000.0;1500.0;1581.0;500.0;33.33;;231
25;Finanzdepartement;2500;Sekretariat;;;3199.00;Übriger Betriebsaufwand;26000.0;7000.0;702.0;19000.0;271.43;;231
25;Finanzdepartement;2500;Sekretariat;;;3320.00;Planmässige Abschreibungen immaterielle Anlagen;;75400.0;;-75400.0;-100.0;Für das Risikomanagement wird keine Software angeschafft, sodass der 2025 budgetierte Abschreibungsaufwand nicht anfällt. Der Aufwand für das finanzielle IKS (Umsetzung ab 2026) ist neu in der Finanzstelle 2522 budgetiert.;231
25;Finanzdepartement;2500;Sekretariat;;;3631.00;Beiträge an Kantone und Konkordate;45800.0;42600.0;42541.65;3200.0;7.51;;232
25;Finanzdepartement;2502;Personalamt;;;3010.00;Löhne des Verwaltungs- und Betriebspersonals;1443300.0;1424700.0;1490373.15;18600.0;1.31;;232
25;Finanzdepartement;2502;Personalamt;;;3010.95;Rückerstattungen Taggelder UV, EO, MSE, MV, IV für Verwaltungs- und Betriebspersonal;;;-22939.8;;;;232
25;Finanzdepartement;2502;Personalamt;;;3050.00;AG-Beiträge AHV, IV, EO, ALV, Verwaltungskosten;93800.0;92700.0;95189.9;1100.0;1.19;;232
25;Finanzdepartement;2502;Personalamt;;;3052.00;AG-Beiträge an Pensionskassen;192800.0;190200.0;228782.95;2600.0;1.37;;232
25;Finanzdepartement;2502;Personalamt;;;3053.00;AG-Beiträge an Unfallversicherungen;9100.0;7700.0;7126.15;1400.0;18.18;;232
25;Finanzdepartement;2502;Personalamt;;;3054.00;AG-Beiträge an Familienzulagekassen;18800.0;18600.0;19374.15;200.0;1.08;;232
25;Finanzdepartement;2502;Personalamt;;;3059.10;AG-Beiträge Sozialfonds;1100.0;1100.0;1069.05;;;;232
25;Finanzdepartement;2502;Personalamt;;;3069.00;Übrige Arbeitgeberleistungen;4500.0;4500.0;1280.0;;;;232
25;Finanzdepartement;2502;Personalamt;;;3090.00;Aus- und Weiterbildung des eigenen Personals;154500.0;138500.0;137904.65;16000.0;11.55;Für Aus- und Weiterbildung inkl. Kursprogramm werden Fr. 100'000 budgetiert. Dies ist eine Erhöhung von Fr. 18'000. Den höheren Kosten stehen höhere Einnahmen (2502.4231.00) durch die Teilnahme von städtischen/kommunalen Mitarbeitenden gegenüber.;232
25;Finanzdepartement;2502;Personalamt;;;3099.00;Übriger Personalaufwand;6000.0;5000.0;2668.2;1000.0;20.0;;232
25;Finanzdepartement;2502;Personalamt;;;3100.00;Büromaterial;5500.0;6000.0;4778.53;-500.0;-8.33;;232
25;Finanzdepartement;2502;Personalamt;;;3102.00;Drucksachen, Publikationen;3000.0;4000.0;;-1000.0;-25.0;;232
25;Finanzdepartement;2502;Personalamt;;;3103.00;Fachliteratur, Zeitschriften;1500.0;1500.0;1008.67;;;;232
25;Finanzdepartement;2502;Personalamt;;;3106.00;Medizinisches Material;;100.0;;-100.0;-100.0;;232
25;Finanzdepartement;2502;Personalamt;;;3113.00;Hardware;5500.0;4500.0;2836.25;1000.0;22.22;;232
25;Finanzdepartement;2502;Personalamt;;;3118.00;Immaterielle Anlagen;5000.0;47300.0;75916.7;-42300.0;-89.43;Verschiebung der Budgetierung auf Konto 2502.3133.00 basierend auf den Vorgaben der ITSH.;232
25;Finanzdepartement;2502;Personalamt;;;3130.00;Dienstleistungen Dritter;10600.0;10600.0;87317.15;;;;232
25;Finanzdepartement;2502;Personalamt;;;3133.00;Informatik-Nutzungsaufwand;766800.0;322400.0;153232.8;444400.0;137.84;Durch den Wechsel des Personal- und Lohnsystems per 1. Januar 2026 werden höhere Lizenzkosten fällig und neu sämtliche IT-Kosten über die Finanzstelle 2502 abgerechnet. Bis und mit 2025 wurde eine Unterteilung zwischen 2502 und 2504 vorgenommen.;232
25;Finanzdepartement;2502;Personalamt;;;3158.00;Unterhalt immaterielle Anlagen;98000.0;1000.0;10507.3;97000.0;9700.0;Durch den Wechsel des Personal- und Lohnsystems per 1. Januar 2026 werden neu sämtliche IT-Kosten über die Finanzstelle 2502 abgerechnet. Bis und mit 2025 wurde eine Unterteilung zwischen 2502 und 2504 vorgenommen.;233
25;Finanzdepartement;2502;Personalamt;;;3161.00;Mieten, Benützungskosten Anlagen;;;7204.55;;;;233
25;Finanzdepartement;2502;Personalamt;;;3170.00;Reisekosten und Spesen;4000.0;4000.0;1110.8;;;;233
25;Finanzdepartement;2502;Personalamt;;;3199.00;Übriger Betriebsaufwand;600.0;600.0;936.9;;;;233
25;Finanzdepartement;2502;Personalamt;;;3320.00;Planmässige Abschreibungen immaterielle Anlagen;186000.0;;;186000.0;;;233
25;Finanzdepartement;2502;Personalamt;;;4231.00;Kursgelder;-7000.0;-5000.0;-12500.0;-2000.0;40.0;;233
25;Finanzdepartement;2502;Personalamt;;;4614.00;Entschädigungen von öffentlichen Unternehmungen;-207300.0;-195600.0;-183900.0;-11700.0;5.98;Vergütung für die Dienstleistungen vom Personalamt von IKL, ITSH, Gebäudeversicherung und Pensionskasse. Infolge Teuerung hat sich die interne Verrechnung erhöht.;233
25;Finanzdepartement;2502;Personalamt;;;4910.00;IV Dienstleistungen;-64000.0;-65600.0;-61500.0;1600.0;-2.44;;233
25;Finanzdepartement;2503;Lernende und Praktikanten kaufmännischer Bereich;;;3010.00;Löhne des Verwaltungs- und Betriebspersonals;1051600.0;1048300.0;954225.85;3300.0;0.31;;233
25;Finanzdepartement;2503;Lernende und Praktikanten kaufmännischer Bereich;;;3010.95;Rückerstattungen Taggelder UV, EO, MSE, MV, IV für Verwaltungs- und Betriebspersonal;;;-3544.35;;;;233
25;Finanzdepartement;2503;Lernende und Praktikanten kaufmännischer Bereich;;;3050.00;AG-Beiträge AHV, IV, EO, ALV, Verwaltungskosten;57900.0;57800.0;53329.4;100.0;0.17;;233
25;Finanzdepartement;2503;Lernende und Praktikanten kaufmännischer Bereich;;;3052.00;AG-Beiträge an Pensionskassen;25600.0;26800.0;21204.5;-1200.0;-4.48;;233
25;Finanzdepartement;2503;Lernende und Praktikanten kaufmännischer Bereich;;;3053.00;AG-Beiträge an Unfallversicherungen;6000.0;5700.0;5141.7;300.0;5.26;;233
25;Finanzdepartement;2503;Lernende und Praktikanten kaufmännischer Bereich;;;3054.00;AG-Beiträge an Familienzulagekassen;12600.0;12600.0;10663.3;;;;233
25;Finanzdepartement;2503;Lernende und Praktikanten kaufmännischer Bereich;;;3059.10;AG-Beiträge Sozialfonds;900.0;900.0;655.65;;;;233
25;Finanzdepartement;2503;Lernende und Praktikanten kaufmännischer Bereich;;;3090.00;Aus- und Weiterbildung des eigenen Personals;50000.0;54000.0;43504.7;-4000.0;-7.41;;233
25;Finanzdepartement;2503;Lernende und Praktikanten kaufmännischer Bereich;;;3091.00;Personalwerbung;9000.0;9000.0;8874.55;;;;233
25;Finanzdepartement;2503;Lernende und Praktikanten kaufmännischer Bereich;;;3099.00;Übriger Personalaufwand;7700.0;7700.0;10626.84;;;;233
25;Finanzdepartement;2503;Lernende und Praktikanten kaufmännischer Bereich;;;3102.00;Drucksachen, Publikationen;100.0;100.0;115.0;;;;233
25;Finanzdepartement;2503;Lernende und Praktikanten kaufmännischer Bereich;;;3104.00;Lehrmittel;8100.0;8100.0;3600.0;;;;233
25;Finanzdepartement;2503;Lernende und Praktikanten kaufmännischer Bereich;;;3113.00;Hardware;13500.0;12000.0;3750.9;1500.0;12.5;;233
25;Finanzdepartement;2503;Lernende und Praktikanten kaufmännischer Bereich;;;3130.00;Dienstleistungen Dritter;5600.0;5000.0;5652.9;600.0;12.0;;233
25;Finanzdepartement;2503;Lernende und Praktikanten kaufmännischer Bereich;;;3133.00;Informatik-Nutzungsaufwand;8500.0;9200.0;6295.8;-700.0;-7.61;;233
25;Finanzdepartement;2503;Lernende und Praktikanten kaufmännischer Bereich;;;3158.00;Unterhalt immaterielle Anlagen;600.0;600.0;749.1;;;;234
25;Finanzdepartement;2503;Lernende und Praktikanten kaufmännischer Bereich;;;3170.00;Reisekosten und Spesen;800.0;800.0;386.55;;;;234
25;Finanzdepartement;2503;Lernende und Praktikanten kaufmännischer Bereich;;;3199.00;Übriger Betriebsaufwand;200.0;200.0;;;;;234
25;Finanzdepartement;2503;Lernende und Praktikanten kaufmännischer Bereich;;;4240.00;Benützungsgebühren und Dienstleistungen;-500.0;-500.0;-491.8;;;;234
25;Finanzdepartement;2504;Allgemeiner Personalaufwand;;;3010.00;Löhne des Verwaltungs- und Betriebspersonals;4664900.0;512000.0;3500.0;4152900.0;811.11;Die Prämien bei der allgemeinen Verwaltung und den Gerichten von insgesamt Fr. 571'000 (Fr. 566'000 Prämien für einmalige Sonderleistungen und Fr. 5'000 für Weiterempfehlungen) werden zentral budgetiert. Die effektive Belastung für die Prämien erfolgt im Konto der jeweiligen Dienststelle. Für Restanzen an Ferien und Überzeit von Verwaltung und Gerichte wurden Fr. 4'078'000 eingestellt.;234
25;Finanzdepartement;2504;Allgemeiner Personalaufwand;;;3010.93;Temporäre Lohnmassnahmen 2024 - 2028 Verwaltungs- und Betriebspersonal;850000.0;540000.0;332636.0;310000.0;57.41;Die temporären Lohnmassnahmen beziehen sich auf 3% der Lohnsumme.;234
25;Finanzdepartement;2504;Allgemeiner Personalaufwand;;;3010.95;Rückerstattungen Taggelder UV, EO, MSE, MV, IV für Verwaltungs- und Betriebspersonal;-725200.0;-710500.0;;-14700.0;2.07;;234
25;Finanzdepartement;2504;Allgemeiner Personalaufwand;;;3020.93;Temporäre Lohnmassnahmen 2024 - 2028 Lehrpersonen;3435000.0;2970000.0;678657.1;465000.0;15.66;Die temporären Lohnmassnahmen beziehen sich auf 3% der Lohnsumme.;234
25;Finanzdepartement;2504;Allgemeiner Personalaufwand;;;3049.00;Übrige Zulagen;70100.0;70100.0;72584.0;;;;234
25;Finanzdepartement;2504;Allgemeiner Personalaufwand;;;3050.00;AG-Beiträge AHV, IV, EO, ALV, Verwaltungskosten;271200.0;5100.0;4922.7;266100.0;5217.65;Für Restanzen an Ferien und Überzeit von Verwaltung und Gerichte wurden Fr. 265'000 eingestellt.;234
25;Finanzdepartement;2504;Allgemeiner Personalaufwand;;;3050.93;Sozialleistungen Temporäre Lohnmassnahmen 2024 - 2028 (3010 + 3020);936400.0;764200.0;110030.1;172200.0;22.53;Die Sozialleistungen Temporäre Lohnmassnhame erhöhen sich prozentual analog zu den gestiegenen Lohnkosten. Erhöhung Beitragssatz für die Nichtbetriebsunfallversicherung (NBU) ab 2026 (3'000 Franken).;234
25;Finanzdepartement;2504;Allgemeiner Personalaufwand;;;3052.00;AG-Beiträge an Pensionskassen;2000.0;900.0;;1100.0;122.22;;234
25;Finanzdepartement;2504;Allgemeiner Personalaufwand;;;3053.00;AG-Beiträge an Unfallversicherungen;30100.0;6800.0;15130.9;23300.0;342.65;Für Restanzen an Ferien und Überzeit von Verwaltung und Gerichte wurden Fr. 22'000 eingestellt. Erhöhung Beitragssatz für die Nichtbetriebsunfallversicherung (NBU) ab 2026 (147'200 Franken).;235
25;Finanzdepartement;2504;Allgemeiner Personalaufwand;;;3054.00;AG-Beiträge an Familienzulagekassen;54200.0;1100.0;21980.15;53100.0;4827.27;Für Restanzen an Ferien und Überzeit von Verwaltung und Gerichte wurden Fr. 53'000 eingestellt.;235
25;Finanzdepartement;2504;Allgemeiner Personalaufwand;;;3059.10;AG-Beiträge Sozialfonds;3300.0;100.0;1342.5;3200.0;3200.0;Für Restanzen an Ferien und Überzeit von Verwaltung und Gerichte wurden Fr. 3'300 eingestellt.;235
25;Finanzdepartement;2504;Allgemeiner Personalaufwand;;;3064.00;Überbrückungsrenten;25000.0;;;25000.0;;Erhöhung der Überbrückungsrente um den Anteil der 13. AHV-Rente.;235
25;Finanzdepartement;2504;Allgemeiner Personalaufwand;;;3069.10;Nichtwiederwahlrenten;;;52539.8;;;;235
25;Finanzdepartement;2504;Allgemeiner Personalaufwand;;;3091.00;Personalwerbung;212000.0;202000.0;192191.34;10000.0;4.95;Kosten sind abhängig von der Anzahl Stellenbesetzungen. Aufgrund des Fachkräftemangels sind diese steigend.;235
25;Finanzdepartement;2504;Allgemeiner Personalaufwand;;;3099.00;Übriger Personalaufwand;255000.0;255200.0;177355.45;-200.0;-0.08;;235
25;Finanzdepartement;2504;Allgemeiner Personalaufwand;;;3102.00;Drucksachen, Publikationen;;;11357.0;;;;235
25;Finanzdepartement;2504;Allgemeiner Personalaufwand;;;3118.00;Immaterielle Anlagen;;10000.0;42661.95;-10000.0;-100.0;Durch die Einführung des neuen Personal- und Lohnsystems werden alle IT-Kosten auf die Finanzstelle 2502 transferiert.;235
25;Finanzdepartement;2504;Allgemeiner Personalaufwand;;;3130.00;Dienstleistungen Dritter;577500.0;605000.0;97882.45;-27500.0;-4.55;Durch die Einführung des neuen Personal- und Lohnsystems werden alle IT-Kosten auf die Finanzstelle 2502 transferiert. Fr. 10'000 für externe Vertrauensstelle im Bereich sexuelle Belästigung (neue Ausgabe).;235
25;Finanzdepartement;2504;Allgemeiner Personalaufwand;;;3133.00;Informatik-Nutzungsaufwand;;115500.0;24985.2;-115500.0;-100.0;Durch die Einführung des neuen Personal- und Lohnsystems werden alle IT-Kosten auf die Finanzstelle 2502 transferiert.;235
25;Finanzdepartement;2504;Allgemeiner Personalaufwand;;;3137.00;Steuern und Abgaben;;;1324.84;;;;235
25;Finanzdepartement;2504;Allgemeiner Personalaufwand;;;3158.00;Unterhalt immaterielle Anlagen;;16500.0;30575.13;-16500.0;-100.0;Durch die Einführung des neuen Personal- und Lohnsystems werden alle IT-Kosten auf die Finanzstelle 2502 transferiert.;235
25;Finanzdepartement;2504;Allgemeiner Personalaufwand;;;3320.00;Planmässige Abschreibungen immaterielle Anlagen;30800.0;;;30800.0;;;236
25;Finanzdepartement;2504;Allgemeiner Personalaufwand;;;3400.00;Verzinsung laufende Verbindlichkeiten;;;2012.95;;;;236
25;Finanzdepartement;2504;Allgemeiner Personalaufwand;;;3614.00;Entschädigungen an öffentliche Unternehmungen;6000.0;8000.0;5272.0;-2000.0;-25.0;;236
25;Finanzdepartement;2504;Allgemeiner Personalaufwand;;;3614.95;Staatsbeiträge an PHSH + SH Sonderschulen Temporäre Lohnmassnahmen 2024 - 2028;715000.0;180000.0;178103.5;535000.0;297.22;Die temporären Lohnmassnahmen beziehen sich auf 3% der Lohnsumme.;236
25;Finanzdepartement;2504;Allgemeiner Personalaufwand;;;3614.96;Staatsbeiträge an PHSH + SH Sozialleistungen Temporäre Lohnmassnahmen 2024 - 2028;155800.0;39200.0;37712.8;116600.0;297.45;Die Sozialleistungen auf die temporäre Lohnmassnhame erhöhen sich prozentual analog zu den den gestiegenen Lohnkosten.;236
25;Finanzdepartement;2504;Allgemeiner Personalaufwand;;;3634.95;Staatsbeiträge an Spitäler Schaffhausen Temporäre Lohnmassnahmen 2024 - 2028;1490000.0;810000.0;587811.4;680000.0;83.95;Die temporären Lohnmassnahmen beziehen sich auf 3% der Lohnsumme.;236
25;Finanzdepartement;2504;Allgemeiner Personalaufwand;;;3634.96;Staatsbeiträge an Spitäler Schaffhausen Sozialleistungen Temporäre Lohnmassnahmen 2024 - 2028;324600.0;176400.0;62178.6;148200.0;84.01;Die Sozialleistungen auf den temporären Lohnmassnhamen erhöhen sich prozentual analog zu den gestiegenen Lohnkosten.;236
25;Finanzdepartement;2504;Allgemeiner Personalaufwand;;;4240.00;Benützungsgebühren und Dienstleistungen;-5000.0;-4000.0;-5602.5;-1000.0;25.0;;236
25;Finanzdepartement;2504;Allgemeiner Personalaufwand;;;4612.00;Entschädigungen von Gemeinden und Gemeindezweckverbänden;-1912000.0;-338900.0;;-1573100.0;464.18;Budgetierung des Anteils der Gemeinden an den temporären Lohnmassnahmen der Lehrpersonen in Höhe von Fr. 1'900'000.;236
25;Finanzdepartement;2504;Allgemeiner Personalaufwand;;;4699.10;Rückverteilung CO2-Abgabe;-80000.0;-112000.0;-115095.24;32000.0;-28.57;Rückvergütung CO2-Abgabe durch Bund. Da die CO2-Abgabe auf der Grundlage einer Schätzung im Jahr der Erhebung rückverteilt wird, muss die Korrektur dieser Schätzung zwei Jahre später vorgenommen werden. Diese Korrekturen können von einem Jahr zum anderen stark variieren.;236
25;Finanzdepartement;2506;Sachversicherungen;;;3130.00;Dienstleistungen Dritter;63000.0;59000.0;73358.45;4000.0;6.78;;236
25;Finanzdepartement;2506;Sachversicherungen;;;3134.00;Sachversicherungsprämien;198400.0;170200.0;164561.95;28200.0;16.57;"Erneuerung Versicherungsverträge (alte Verträge sind ausgelaufen); teils steigende Prämien. Neue Valorenversicherung.";236
25;Finanzdepartement;2506;Sachversicherungen;;;4290.00;Übrige Entgelte;-300000.0;-250000.0;-335171.8;-50000.0;20.0;Aufgrund eines höheren Prämienvolumens fällt auch die Courtage des Versicherungsbrokers höher aus.;236
25;Finanzdepartement;2520;Finanzkontrolle von Kanton und Stadt;;;3010.00;Löhne des Verwaltungs- und Betriebspersonals;1243300.0;1061100.0;1009945.85;182200.0;17.17;Im Wesentlichen ergeben sich die Veränderungen aus der beantragten Erhöhung der Stellenpensen von 780% auf 930%. Bei den beantragen Stellen handelt es sich um 1.5 Revisorinnen-Stellen. Zudem ist eine angenommene Lohnsummensteigerung für 2026 von 1% (Fr. 12'300: 0.5% individuelle Lohnsummensteigerung, 0.5% Teuerung) enthalten.;237
25;Finanzdepartement;2520;Finanzkontrolle von Kanton und Stadt;;;3010.95;Rückerstattungen Taggelder UV, EO, MSE, MV, IV für Verwaltungs- und Betriebspersonal;;;-4736.85;;;;237
25;Finanzdepartement;2520;Finanzkontrolle von Kanton und Stadt;;;3050.00;AG-Beiträge AHV, IV, EO, ALV, Verwaltungskosten;80800.0;69000.0;68499.6;11800.0;17.1;Die zusätzlichen Aufwendungen ergeben sich aufgrund der neu beantragten 1.5 Stellen.;237
25;Finanzdepartement;2520;Finanzkontrolle von Kanton und Stadt;;;3052.00;AG-Beiträge an Pensionskassen;166100.0;141600.0;149043.05;24500.0;17.3;Die zusätzlichen Aufwendungen ergeben sich aufgrund der neu beantragten 1.5 Stellen.;237
25;Finanzdepartement;2520;Finanzkontrolle von Kanton und Stadt;;;3053.00;AG-Beiträge an Unfallversicherungen;7500.0;5700.0;5136.85;1800.0;31.58;;237
25;Finanzdepartement;2520;Finanzkontrolle von Kanton und Stadt;;;3054.00;AG-Beiträge an Familienzulagekassen;16100.0;13800.0;13793.7;2300.0;16.67;;237
25;Finanzdepartement;2520;Finanzkontrolle von Kanton und Stadt;;;3059.10;AG-Beiträge Sozialfonds;1000.0;800.0;812.25;200.0;25.0;;237
25;Finanzdepartement;2520;Finanzkontrolle von Kanton und Stadt;;;3090.00;Aus- und Weiterbildung des eigenen Personals;27000.0;27000.0;13840.14;;;;237
25;Finanzdepartement;2520;Finanzkontrolle von Kanton und Stadt;;;3091.00;Personalwerbung;2000.0;;;2000.0;;;237
25;Finanzdepartement;2520;Finanzkontrolle von Kanton und Stadt;;;3099.00;Übriger Personalaufwand;4600.0;2000.0;720.0;2600.0;130.0;;237
25;Finanzdepartement;2520;Finanzkontrolle von Kanton und Stadt;;;3100.00;Büromaterial;4500.0;1500.0;4703.41;3000.0;200.0;;237
25;Finanzdepartement;2520;Finanzkontrolle von Kanton und Stadt;;;3101.00;Betriebs- und Verbrauchsmaterial;1500.0;;734.55;1500.0;;;237
25;Finanzdepartement;2520;Finanzkontrolle von Kanton und Stadt;;;3103.00;Fachliteratur, Zeitschriften;1800.0;1800.0;1182.05;;;;237
25;Finanzdepartement;2520;Finanzkontrolle von Kanton und Stadt;;;3110.00;Büromöbel und -geräte;6000.0;4000.0;1980.54;2000.0;50.0;;237
25;Finanzdepartement;2520;Finanzkontrolle von Kanton und Stadt;;;3113.00;Hardware;1500.0;1500.0;1362.35;;;;237
25;Finanzdepartement;2520;Finanzkontrolle von Kanton und Stadt;;;3118.00;Immaterielle Anlagen;2000.0;1500.0;;500.0;33.33;;237
25;Finanzdepartement;2520;Finanzkontrolle von Kanton und Stadt;;;3120.00;Ver- und Entsorgung Liegenschaften VV;2500.0;2300.0;2400.25;200.0;8.7;;237
25;Finanzdepartement;2520;Finanzkontrolle von Kanton und Stadt;;;3130.00;Dienstleistungen Dritter;10000.0;19500.0;8558.64;-9500.0;-48.72;;237
25;Finanzdepartement;2520;Finanzkontrolle von Kanton und Stadt;;;3132.00;Honorare externe Berater, Gutachter, Fachexperten etc.;20000.0;10000.0;36390.78;10000.0;100.0;In diesem Konto werden neu die Aufwendungen für die extern vergebene Nachschau budgetiert. Bisher waren diese Aufwendungen auf Konto 3130.00 «Dienstleistungen Dritter» budgetiert.;238
25;Finanzdepartement;2520;Finanzkontrolle von Kanton und Stadt;;;3133.00;Informatik-Nutzungsaufwand;58000.0;46600.0;45199.3;11400.0;24.46;Die Steigerung ergibt sich aus dem höheren IT-Nutzungsaufwand infolge der neu beantragten zusätzlichen 1.5 Stellen. Zudem sind die IT-Kosten durch deutliche höhere Preise der ITSH um rund 10.5% gestiegen.;238
25;Finanzdepartement;2520;Finanzkontrolle von Kanton und Stadt;;;3134.00;Sachversicherungsprämien;8000.0;8000.0;7970.4;;;;238
25;Finanzdepartement;2520;Finanzkontrolle von Kanton und Stadt;;;3158.00;Unterhalt immaterielle Anlagen;20000.0;18000.0;17453.76;2000.0;11.11;;238
25;Finanzdepartement;2520;Finanzkontrolle von Kanton und Stadt;;;3160.00;Mieten und Pachten Liegenschaften;37700.0;36400.0;37666.8;1300.0;3.57;;238
25;Finanzdepartement;2520;Finanzkontrolle von Kanton und Stadt;;;3161.00;Mieten, Benützungskosten Anlagen;7000.0;8000.0;5285.6;-1000.0;-12.5;;238
25;Finanzdepartement;2520;Finanzkontrolle von Kanton und Stadt;;;3170.00;Reisekosten und Spesen;7000.0;5000.0;6330.25;2000.0;40.0;;238
25;Finanzdepartement;2520;Finanzkontrolle von Kanton und Stadt;;;3910.00;IV Dienstleistungen;3500.0;3000.0;4624.15;500.0;16.67;;238
25;Finanzdepartement;2520;Finanzkontrolle von Kanton und Stadt;;;4240.00;Benützungsgebühren und Dienstleistungen;-65000.0;-33000.0;-64899.55;-32000.0;96.97;Erstmals werden auf diesem Konto die Honorare für die LAM-Prüfungen (Logistik arbeitsmarktlicher Massnahmen) verbucht, welche bisher auf Konto 4610.00 «Entschädigungen vom Bund» budgetiert waren.;238
25;Finanzdepartement;2520;Finanzkontrolle von Kanton und Stadt;;;4610.00;Entschädigungen vom Bund;-7500.0;-32500.0;-7500.0;25000.0;-76.92;Bisher auf diesem Konto veranschlagte Honorare für die LAM- Prüfungen (Logistik arbeitsmarktlicher Massnahmen) werden neu auf Konto 4240.00 «Benutzungsgebühren und Dienstleistungen» budgetiert.;238
25;Finanzdepartement;2520;Finanzkontrolle von Kanton und Stadt;;;4612.10;Entschädigungen von innerkantonalen Gemeinden und Gemeindezweckverbänden;-457400.0;-449700.0;-457180.8;-7700.0;1.71;;238
25;Finanzdepartement;2522;Finanzverwaltung;;;3010.00;Löhne des Verwaltungs- und Betriebspersonals;1532100.0;1460200.0;1465947.9;71900.0;4.92;;238
25;Finanzdepartement;2522;Finanzverwaltung;;;3010.95;Rückerstattungen Taggelder UV, EO, MSE, MV, IV für Verwaltungs- und Betriebspersonal;;;-11678.45;;;;238
25;Finanzdepartement;2522;Finanzverwaltung;;;3050.00;AG-Beiträge AHV, IV, EO, ALV, Verwaltungskosten;99600.0;94900.0;91413.25;4700.0;4.95;;238
25;Finanzdepartement;2522;Finanzverwaltung;;;3052.00;AG-Beiträge an Pensionskassen;204600.0;195000.0;198329.5;9600.0;4.92;;238
25;Finanzdepartement;2522;Finanzverwaltung;;;3053.00;AG-Beiträge an Unfallversicherungen;9000.0;7900.0;7526.9;1100.0;13.92;;239
25;Finanzdepartement;2522;Finanzverwaltung;;;3054.00;AG-Beiträge an Familienzulagekassen;19900.0;19000.0;18712.5;900.0;4.74;;239
25;Finanzdepartement;2522;Finanzverwaltung;;;3059.10;AG-Beiträge Sozialfonds;1200.0;1100.0;993.2;100.0;9.09;;239
25;Finanzdepartement;2522;Finanzverwaltung;;;3064.00;Überbrückungsrenten;;;-2001.0;;;;239
25;Finanzdepartement;2522;Finanzverwaltung;;;3090.00;Aus- und Weiterbildung des eigenen Personals;20000.0;12200.0;6344.4;7800.0;63.93;"Inklusive Mittel für den spezifischen Weiterbildungsbedarf in der Dienststelle (HRM2 Zertifizierung; Weiterbildung Digital CFO etc.).";239
25;Finanzdepartement;2522;Finanzverwaltung;;;3099.00;Übriger Personalaufwand;4700.0;4400.0;4330.0;300.0;6.82;;239
25;Finanzdepartement;2522;Finanzverwaltung;;;3100.00;Büromaterial;7000.0;6700.0;7058.09;300.0;4.48;;239
25;Finanzdepartement;2522;Finanzverwaltung;;;3103.00;Fachliteratur, Zeitschriften;600.0;600.0;522.4;;;;239
25;Finanzdepartement;2522;Finanzverwaltung;;;3113.00;Hardware;800.0;600.0;2196.0;200.0;33.33;;239
25;Finanzdepartement;2522;Finanzverwaltung;;;3118.00;Immaterielle Anlagen;58000.0;;-15437.25;58000.0;;Unterhalt Kreditorenworkflow kantonale Verwaltung. Ausserdem Anschaffung der Software Collecta für das Debitoren- und Rechtsinkasso der Finanzverwaltung zur Ablösung der Betreibungsdatenbank, die das Stadium «End of life» erreicht hat.;239
25;Finanzdepartement;2522;Finanzverwaltung;;;3130.00;Dienstleistungen Dritter;122800.0;114800.0;132918.99;8000.0;6.97;;239
25;Finanzdepartement;2522;Finanzverwaltung;;;3133.00;Informatik-Nutzungsaufwand;352800.0;323600.0;270460.08;29200.0;9.02;"Ein grösseres Informatikbudget/Betriebskosten der ITSH; Betriebskosten der neuen Betreibungsdatenbank im Rahmen der Digitalisierung des Debitorenmanagements des Kantons.";239
25;Finanzdepartement;2522;Finanzverwaltung;;;3134.00;Sachversicherungsprämien;500.0;500.0;500.0;;;;239
25;Finanzdepartement;2522;Finanzverwaltung;;;3150.00;Unterhalt Büromöbel und -geräte;;;757.8;;;;239
25;Finanzdepartement;2522;Finanzverwaltung;;;3158.00;Unterhalt immaterielle Anlagen;36000.0;10200.0;20181.8;25800.0;252.94;Jährlich wiederkehrende Betriebskosten der Software Collecta für das Debitoren- und Rechtsinkasso der Finanzverwaltung.;239
25;Finanzdepartement;2522;Finanzverwaltung;;;3161.00;Mieten, Benützungskosten Anlagen;;;10334.55;;;;239
25;Finanzdepartement;2522;Finanzverwaltung;;;3170.00;Reisekosten und Spesen;;800.0;1074.95;-800.0;-100.0;;239
25;Finanzdepartement;2522;Finanzverwaltung;;;3199.00;Übriger Betriebsaufwand;;;7296.05;;;;239
25;Finanzdepartement;2522;Finanzverwaltung;;;3400.00;Verzinsung laufende Verbindlichkeiten;;;751.0;;;;239
25;Finanzdepartement;2522;Finanzverwaltung;;;3910.00;IV Dienstleistungen;;;180.0;;;;239
25;Finanzdepartement;2522;Finanzverwaltung;;;3910.10;IV Betreibungskosten;145000.0;145000.0;152765.55;;;;240
25;Finanzdepartement;2522;Finanzverwaltung;;;4210.00;Gebühren für Amtshandlungen;;;-200.0;;;;240
25;Finanzdepartement;2522;Finanzverwaltung;;;4240.00;Benützungsgebühren und Dienstleistungen;;;-20152.85;;;;240
25;Finanzdepartement;2522;Finanzverwaltung;;;4260.00;Rückerstattungen und Kostenbeteiligungen Dritter;-86000.0;-80000.0;-86304.25;-6000.0;7.5;;240
25;Finanzdepartement;2522;Finanzverwaltung;;;4290.00;Übrige Entgelte;-125000.0;-130000.0;-129685.5;5000.0;-3.85;Wiedereingebrachte Forderungen aus Verlustscheinen sind nur schwer verlässlich planbar und hängen stark von externen Faktoren ab.;240
25;Finanzdepartement;2522;Finanzverwaltung;;;4614.00;Entschädigungen von öffentlichen Unternehmungen;-12000.0;-25000.0;;13000.0;-52.0;Tieferer Verwaltungskostenbeitrag der ITSH an die Finanzverwaltung infolge geringerem Dienstleistungsumfang.;240
25;Finanzdepartement;2522;Finanzverwaltung;;;4910.00;IV Dienstleistungen;;;-3382.7;;;;240
25;Finanzdepartement;2524;Steuerverwaltung;;;3010.00;Löhne des Verwaltungs- und Betriebspersonals;6700300.0;6352800.0;6107095.3;347500.0;5.47;Besetzung vakanter Stellen.;240
25;Finanzdepartement;2524;Steuerverwaltung;;;3010.95;Rückerstattungen Taggelder UV, EO, MSE, MV, IV für Verwaltungs- und Betriebspersonal;;;-50560.1;;;;240
25;Finanzdepartement;2524;Steuerverwaltung;;;3050.00;AG-Beiträge AHV, IV, EO, ALV, Verwaltungskosten;435500.0;412900.0;390245.15;22600.0;5.47;;240
25;Finanzdepartement;2524;Steuerverwaltung;;;3052.00;AG-Beiträge an Pensionskassen;895200.0;848200.0;883941.3;47000.0;5.54;;240
25;Finanzdepartement;2524;Steuerverwaltung;;;3053.00;AG-Beiträge an Unfallversicherungen;39800.0;34300.0;32078.85;5500.0;16.03;;240
25;Finanzdepartement;2524;Steuerverwaltung;;;3054.00;AG-Beiträge an Familienzulagekassen;87100.0;82600.0;78384.0;4500.0;5.45;;240
25;Finanzdepartement;2524;Steuerverwaltung;;;3059.10;AG-Beiträge Sozialfonds;5300.0;5100.0;4693.45;200.0;3.92;;240
25;Finanzdepartement;2524;Steuerverwaltung;;;3064.00;Überbrückungsrenten;;;14622.0;;;;240
25;Finanzdepartement;2524;Steuerverwaltung;;;3090.00;Aus- und Weiterbildung des eigenen Personals;35000.0;58000.0;22847.17;-23000.0;-39.66;Weniger Ausbildungen geplant.;240
25;Finanzdepartement;2524;Steuerverwaltung;;;3091.00;Personalwerbung;2000.0;2000.0;;;;;240
25;Finanzdepartement;2524;Steuerverwaltung;;;3099.00;Übriger Personalaufwand;14000.0;14000.0;8202.4;;;;240
25;Finanzdepartement;2524;Steuerverwaltung;;;3100.00;Büromaterial;14000.0;15000.0;11200.55;-1000.0;-6.67;;240
25;Finanzdepartement;2524;Steuerverwaltung;;;3102.00;Drucksachen, Publikationen;266500.0;261200.0;238704.85;5300.0;2.03;;240
25;Finanzdepartement;2524;Steuerverwaltung;;;3103.00;Fachliteratur, Zeitschriften;9000.0;9000.0;9521.95;;;;240
25;Finanzdepartement;2524;Steuerverwaltung;;;3110.00;Büromöbel und -geräte;1000.0;1000.0;;;;;240
25;Finanzdepartement;2524;Steuerverwaltung;;;3113.00;Hardware;10400.0;7400.0;10330.3;3000.0;40.54;;240
25;Finanzdepartement;2524;Steuerverwaltung;;;3118.00;Immaterielle Anlagen;400000.0;435000.0;369717.62;-35000.0;-8.05;Geringerer Bedarf im Jahr 2026.;240
25;Finanzdepartement;2524;Steuerverwaltung;;;3130.00;Dienstleistungen Dritter;100000.0;215400.0;188219.24;-115400.0;-53.57;Verschiebung des Budgets auf andere Konten gemäss ITSH.;240
25;Finanzdepartement;2524;Steuerverwaltung;;;3131.00;Planungen und Projektierungen Dritter;61000.0;35000.0;35059.9;26000.0;74.29;Umkontierung (vgl. Konto 3130.00).;240
25;Finanzdepartement;2524;Steuerverwaltung;;;3132.00;Honorare externe Berater, Gutachter, Fachexperten etc.;32000.0;30000.0;42688.7;2000.0;6.67;;241
25;Finanzdepartement;2524;Steuerverwaltung;;;3133.00;Informatik-Nutzungsaufwand;2200000.0;2155600.0;2092857.1;44400.0;2.06;Geringerer Bedarf im Jahr 2026 und Umkontierung gemäss ITSH.;241
25;Finanzdepartement;2524;Steuerverwaltung;;;3153.00;Informatik-Unterhalt (Hardware);3000.0;3000.0;;;;;241
25;Finanzdepartement;2524;Steuerverwaltung;;;3158.00;Unterhalt immaterielle Anlagen;700000.0;745000.0;522116.97;-45000.0;-6.04;"Wartungskosten NEST Fr. 570’000; Wartung Steuerdeklarationssoftware inkl. Module Fr. 80’000; Wartungskosten e-Filing (ECMind) Fr. 25’000; Wartungskosten verschiedene Lieferanten Fr. 25’000.";241
25;Finanzdepartement;2524;Steuerverwaltung;;;3161.00;Mieten, Benützungskosten Anlagen;;78500.0;46347.0;-78500.0;-100.0;Umkontierung (vgl. Konto 3130.00).;241
25;Finanzdepartement;2524;Steuerverwaltung;;;3170.00;Reisekosten und Spesen;20000.0;20000.0;15695.85;;;;241
25;Finanzdepartement;2524;Steuerverwaltung;;;3199.00;Übriger Betriebsaufwand;20000.0;27000.0;1808.01;-7000.0;-25.93;;241
25;Finanzdepartement;2524;Steuerverwaltung;;;3300.60;Planmässige Abschreibungen Mobilien;;700.0;724.0;-700.0;-100.0;;241
25;Finanzdepartement;2524;Steuerverwaltung;;;3320.00;Planmässige Abschreibungen immaterielle Anlagen;364500.0;588200.0;447653.0;-223700.0;-38.03;;241
25;Finanzdepartement;2524;Steuerverwaltung;;;3636.00;Beiträge an private Organisationen ohne Erwerbszweck;300.0;300.0;280.0;;;;241
25;Finanzdepartement;2524;Steuerverwaltung;;;3900.00;IV Material- und Warenbezüge;;;356.25;;;;241
25;Finanzdepartement;2524;Steuerverwaltung;;;3910.00;IV Dienstleistungen;28000.0;;30421.35;28000.0;;Der Budgetwert basiert auf dem Erfahrungswert zur internen Verrechnung des Amtes für Grundstückschätzungen aus dem Jahr 2024.;241
25;Finanzdepartement;2524;Steuerverwaltung;;;3910.10;IV Betreibungskosten;250000.0;250000.0;241232.1;;;;241
25;Finanzdepartement;2524;Steuerverwaltung;;;4240.00;Benützungsgebühren und Dienstleistungen;-700.0;-700.0;-279.0;;;;241
25;Finanzdepartement;2524;Steuerverwaltung;;;4260.00;Rückerstattungen und Kostenbeteiligungen Dritter;-240000.0;-200000.0;-238368.59;-40000.0;20.0;Zunahme infolge höherer Betreibungskosten.;241
25;Finanzdepartement;2524;Steuerverwaltung;;;4290.00;Übrige Entgelte;;;-2314.8;;;;241
25;Finanzdepartement;2524;Steuerverwaltung;;;4463.00;Öffentliche Unternehmen als Aktiengesellschaft oder andere privatrechtliche Organisationsform;;;-13990.55;;;;241
25;Finanzdepartement;2524;Steuerverwaltung;;;4612.10;Entschädigungen von innerkantonalen Gemeinden und Gemeindezweckverbänden;-1020000.0;-985000.0;-996938.2;-35000.0;3.55;Zunahme infolge Bevölkerungswachstums.;241
25;Finanzdepartement;2524;Steuerverwaltung;;;4613.00;Entschädigungen von öffentlichen Sozialversicherungen;-36000.0;-38000.0;-36071.0;2000.0;-5.26;;241
25;Finanzdepartement;2528;Salzregal;;;4100.00;Regalien;;-8000.0;-7946.65;8000.0;-100.0;;241
25;Finanzdepartement;2530;Parkplatzvermietung an Mitarbeitende;;;3137.00;Steuern und Abgaben;9800.0;9400.0;10025.47;400.0;4.26;;242
25;Finanzdepartement;2530;Parkplatzvermietung an Mitarbeitende;;;4470.00;Pacht- und Mietzinse Liegenschaften VV;-185000.0;-178000.0;-189159.65;-7000.0;3.93;;242
25;Finanzdepartement;2532;Ertrag der Aktiv-Kapitalien;;;3419.00;Übrige realisierte Verluste aus Finanzvermögen;;;404.01;;;;242
25;Finanzdepartement;2532;Ertrag der Aktiv-Kapitalien;;;3420.00;Kapitalbeschaffung und -verwaltung;25600.0;25600.0;38336.11;;;;242
25;Finanzdepartement;2532;Ertrag der Aktiv-Kapitalien;;;3440.00;Wertberichtigungen Finanzanlagen FV;;;-4211.64;;;;242
25;Finanzdepartement;2532;Ertrag der Aktiv-Kapitalien;;;3499.00;Übriger Finanzaufwand;4400.0;51700.0;278833.3;-47300.0;-91.49;Letzte in 2026 auslaufende Festgeldanlage aus der Zeit der Negativzinsen.;242
25;Finanzdepartement;2532;Ertrag der Aktiv-Kapitalien;;;4391.00;Aufwertungen VV;;;-70000.0;;;;242
25;Finanzdepartement;2532;Ertrag der Aktiv-Kapitalien;;;4400.00;Zinsen flüssige Mittel;-4500.0;-470000.0;-855496.89;465500.0;-99.04;Aufgrund der aktuellen Lage/Aussichten am Zinsmarkt wird von Nullzinse oder sogar Negativzinsen für 2026 ausgegangen. Daher fällt u. a. der Zinsertrag aus dem Poolingvertrag mit der Postfinance für 2026 weg.;242
25;Finanzdepartement;2532;Ertrag der Aktiv-Kapitalien;;;4401.10;Verzugszinsen;-6000.0;-2000.0;-6043.8;-4000.0;200.0;;242
25;Finanzdepartement;2532;Ertrag der Aktiv-Kapitalien;;;4402.00;Zinsen Finanzanlagen;-1221800.0;-362500.0;-1871051.1;-859300.0;237.05;Erträge aus Festgeldanlagen mit guten Konditionen.;242
25;Finanzdepartement;2532;Ertrag der Aktiv-Kapitalien;;;4419.10;Kursgewinne Fremdwährungen;;;-75344.21;;;;242
25;Finanzdepartement;2532;Ertrag der Aktiv-Kapitalien;;;4420.00;Dividenden;-681700.0;-1241900.0;-1022349.7;560200.0;-45.11;Tiefere Dividende der Elektrizitätswerke des Kantons Schaffhausen AG für 2026 erwartet (Anteil Finanzvermögen).;242
25;Finanzdepartement;2532;Ertrag der Aktiv-Kapitalien;;;4440.00;Wertberichtigungen übrige Finanzanlagen FV;;;-763347.24;;;;242
25;Finanzdepartement;2532;Ertrag der Aktiv-Kapitalien;;;4451.00;Erträge aus Beteiligungen VV ohne öffentliche Unternehmungen;-300.0;-300.0;-298.0;;;;242
25;Finanzdepartement;2532;Ertrag der Aktiv-Kapitalien;;;4461.00;Öffentliche Unternehmen der Kantone mit öffentlich- rechtlicher Rechtsform, Konkordate;-416500.0;-543800.0;-362500.0;127300.0;-23.41;;242
25;Finanzdepartement;2532;Ertrag der Aktiv-Kapitalien;;;4463.00;Öffentliche Unternehmen als Aktiengesellschaft oder andere privatrechtliche Organisationsform;-10060000.0;-60000.0;-123860.0;-10000000.0;16666.67;Höhere Dividendenerwartung infolge positiver Prognosen der Axpo.;242
25;Finanzdepartement;2532;Ertrag der Aktiv-Kapitalien;;;4464.00;Schweizerische Nationalbank;-7500.0;;;-7500.0;;;242
25;Finanzdepartement;2532;Ertrag der Aktiv-Kapitalien;;;4940.00;IV Kalk. Zinsen und Finanzaufwand;;-300.0;-272.04;300.0;-100.0;;242
25;Finanzdepartement;2534;Verzinsung der Passiv-Kapitalien;;;3137.00;Steuern und Abgaben;9700.0;9700.0;9725.0;;;;243
25;Finanzdepartement;2534;Verzinsung der Passiv-Kapitalien;;;3180.00;Wertberichtigungen auf Forderungen;;;840000.0;;;;243
25;Finanzdepartement;2534;Verzinsung der Passiv-Kapitalien;;;3400.00;Verzinsung laufende Verbindlichkeiten;3400.0;;3353.4;3400.0;;;243
25;Finanzdepartement;2534;Verzinsung der Passiv-Kapitalien;;;3401.00;Verzinsung Finanzverbindlichkeiten;468000.0;72400.0;197444.45;395600.0;546.41;Höhere Verzinsung für die neu abgeschlossenen Darlehen.;243
25;Finanzdepartement;2534;Verzinsung der Passiv-Kapitalien;;;3499.00;Übriger Finanzaufwand;;;1102.65;;;;243
25;Finanzdepartement;2534;Verzinsung der Passiv-Kapitalien;;;3940.00;IV kalk. Zinsen und Finanzaufwand;139200.0;516100.0;337841.42;-376900.0;-73.03;Wesentlich tiefere Zinssätze respektive erwartete Zinssätze von 0% führen zu tieferen Zinsbeträgen.;243
25;Finanzdepartement;2538;Direkte Abgaben;;;3180.00;Wertberichtigungen auf Forderungen;;;-357655.47;;;;243
25;Finanzdepartement;2538;Direkte Abgaben;;;3181.00;Tatsächliche Forderungsverluste;2500000.0;2500000.0;2209808.38;;;;243
25;Finanzdepartement;2538;Direkte Abgaben;;;3409.10;Ausgleichszinsen positiv;750000.0;200000.0;305316.07;550000.0;275.0;Anpassung der Zinssätze.;243
25;Finanzdepartement;2538;Direkte Abgaben;;;3637.00;Beiträge an private Haushalte;5500000.0;5500000.0;5355200.05;;;;243
25;Finanzdepartement;2538;Direkte Abgaben;;;4000.00;Einkommenssteuern natürliche Personen;-165100000.0;-162660400.0;-168298543.95;-2439600.0;1.5;Die Budgeterwartung basiert auf dem Budget 2025 und berücksichtigt das Wachstum des BIP sowie der Bevölkerung gemäss volkswirtschaftlichen Eckwerten des Bundes. Ausserdem wurde der Steuerfuss für natürliche Personen in Höhe von 3 Steuerfussprozent von 79% auf neu 76% reduziert.;243
25;Finanzdepartement;2538;Direkte Abgaben;;;4001.00;Vermögenssteuer natürliche Personen;-26000000.0;-28100000.0;-25272124.4;2100000.0;-7.47;Die Budgeterwartung basiert auf dem Budget 2025 und berücksichtigt das Wachstum des BIP sowie der Bevölkerung gemäss volkswirtschaftlichen Eckwerten des Bundes. Ausserdem wurde der Steuerfuss für natürliche Personen in Höhe von 3 Steuerfussprozent von 79% auf neu 76% reduziert.;243
25;Finanzdepartement;2538;Direkte Abgaben;;;4002.00;Quellensteuern natürliche Personen;-21800000.0;-21300000.0;-20061626.58;-500000.0;2.35;Die Budgeterwartung basiert auf dem Budget 2025 und berücksichtigt das Wachstum des BIP sowie der Bevölkerung gemäss volkswirtschaftlichen Eckwerten des Bundes.;244
25;Finanzdepartement;2538;Direkte Abgaben;;;4008.00;Personensteuer;-1530000.0;-1530000.0;-1574928.75;;;Budgeterwartung basiert auf dem Budget 2025.;244
25;Finanzdepartement;2538;Direkte Abgaben;;;4010.00;Gewinnsteuern juristische Personen;-182224000.0;-165000000.0;-154062284.86;-17224000.0;10.44;Die Budgeterwartung basiert auf der Staatsrechnung 2024 und berücksichtigt das Wachstum der Steuererträge für juristische Personen gemäss Prognosen der BAK-Basel.;244
25;Finanzdepartement;2538;Direkte Abgaben;;;4011.00;Kapitalsteuern juristische Personen;-7400000.0;-6800000.0;-6420903.62;-600000.0;8.82;Die Budgeterwartung basiert auf der Staatsrechnung 2024 und berücksichtigt das Wachstum der Steuererträge für juristische Personen gemäss Prognosen der BAK-Basel.;244
25;Finanzdepartement;2538;Direkte Abgaben;;;4022.00;Vermögensgewinnsteuern;-8800000.0;-8800000.0;-7983534.95;;;Budgeterwartung basiert auf dem Budget 2025.;244
25;Finanzdepartement;2538;Direkte Abgaben;;;4270.00;Bussen;-600000.0;-700000.0;-595726.35;100000.0;-14.29;Analog Abschlussrechnung 2024.;244
25;Finanzdepartement;2538;Direkte Abgaben;;;4290.00;Übrige Entgelte;-150000.0;-150000.0;-310291.33;;;;244
25;Finanzdepartement;2538;Direkte Abgaben;;;4401.10;Verzugszinsen;-750000.0;-750000.0;-598345.85;;;;244
25;Finanzdepartement;2538;Direkte Abgaben;;;4401.20;Ausgleichzinsen negativ;-750000.0;-200000.0;-270380.85;-550000.0;275.0;Anpassung der Zinssätze.;244
25;Finanzdepartement;2538;Direkte Abgaben;;;4894.00;Entnahme aus FIPOL;-25000000.0;;-12900000.0;-25000000.0;;Auflösung der finanzpolitischen Reserve «Steuerliche Massnahme durch Erhöhung des Versicherungsabzuges für natürliche Personen zur Entlastung der Pri- vathaushalte während sechs Jahren zur Abfederung der finanziellen Auswirkungen von COVID-19». Teilauflösung der finanzpolitischen Reserve «Unternehmenssteuern».;244
25;Finanzdepartement;2540;Erbschafts- und Schenkungssteuern;;;3181.00;Tatsächliche Forderungsverluste;30500.0;13500.0;91374.0;17000.0;125.93;Forderungsverluste sind nur schwer verlässlich planbar und hängen stark von externen Faktoren ab.;244
25;Finanzdepartement;2540;Erbschafts- und Schenkungssteuern;;;3637.00;Beiträge an private Haushalte;;;324.0;;;;244
25;Finanzdepartement;2540;Erbschafts- und Schenkungssteuern;;;4024.00;Erbschafts- und Schenkungssteuern;-7748100.0;-7764500.0;-6962355.5;16400.0;-0.21;;244
25;Finanzdepartement;2542;Verkehrssteuer auf Motorfahrzeugen;;;3632.10;Beiträge an innerkantonale Gemeinden und Gemeindezweckverbände;5733300.0;5533300.0;5502673.37;200000.0;3.61;Erhöhung Anteil der Gemeinden an Verkehrsabgaben gem. Erhöhung erwarteter Gesamteinnahmen an Verkehrsabgaben (vgl. 1/3 von Konto 2542.4030.00).;245
25;Finanzdepartement;2542;Verkehrssteuer auf Motorfahrzeugen;;;3980.00;Übertragungen;11466700.0;11066700.0;11373638.13;400000.0;3.61;;245
25;Finanzdepartement;2542;Verkehrssteuer auf Motorfahrzeugen;;;4030.00;Verkehrsabgaben;-17550000.0;-16600000.0;-16876311.5;-950000.0;5.72;Erhöhung erwartete Gesamteinnahmen an Verkehrsabgaben auf Basis aktueller Schätzungen.;245
25;Finanzdepartement;2543;Verkehrssteuer auf Wasserfahrzeugen;;;3631.00;Beiträge an Kantone und Konkordate;31000.0;31000.0;31000.0;;;;245
25;Finanzdepartement;2543;Verkehrssteuer auf Wasserfahrzeugen;;;3930.10;IV Betriebs- und Verwaltungskosten Erhebungskosten des Strassenverkehrs- und Schifffahrtsamtes;26000.0;26000.0;26000.0;;;;245
25;Finanzdepartement;2543;Verkehrssteuer auf Wasserfahrzeugen;;;3930.11;IV Betriebs- und Verwaltungskosten Zuscheidung an Wasserbau und Gewässerschutz;58000.0;58000.0;58000.0;;;;245
25;Finanzdepartement;2543;Verkehrssteuer auf Wasserfahrzeugen;;;3930.12;IV Betriebs- und Verwaltungskosten Zuscheidung an Schaffhauser Polizei;38000.0;38000.0;38000.0;;;;245
25;Finanzdepartement;2543;Verkehrssteuer auf Wasserfahrzeugen;;;3930.13;IV Betriebs- und Verwaltungskosten Zuscheidung an Forstbetriebe;4000.0;4000.0;4000.0;;;;245
25;Finanzdepartement;2543;Verkehrssteuer auf Wasserfahrzeugen;;;3980.00;Übertragungen;33000.0;33000.0;29501.0;;;;245
25;Finanzdepartement;2543;Verkehrssteuer auf Wasserfahrzeugen;;;4031.00;Schiffssteuer;-190000.0;-190000.0;-186501.0;;;;245
25;Finanzdepartement;2544;Anteile an Abgaben und Erträgen des Bundes;;;3180.00;Wertberichtigungen auf Forderungen;;;11690.36;;;;245
25;Finanzdepartement;2544;Anteile an Abgaben und Erträgen des Bundes;;;3631.00;Beiträge an Kantone und Konkordate;177900.0;176400.0;191485.9;1500.0;0.85;;245
25;Finanzdepartement;2544;Anteile an Abgaben und Erträgen des Bundes;;;3632.10;Beiträge an innerkantonale Gemeinden und Gemeindezweckverbände;1186000.0;1215100.0;1225479.0;-29100.0;-2.39;;245
25;Finanzdepartement;2544;Anteile an Abgaben und Erträgen des Bundes;;;3632.16;Anteil der Gemeinden an Direkter Bundessteuer;12841700.0;10728000.0;10330966.0;2113700.0;19.7;Die Berechnung des Anteils der Gemeinden an der Direkter Bundessteuer erfolgt anhand der Staatsrechnung des Bundes.;245
25;Finanzdepartement;2544;Anteile an Abgaben und Erträgen des Bundes;;;3980.00;Übertragungen;5783600.0;5782600.0;6089189.1;1000.0;0.02;;245
25;Finanzdepartement;2544;Anteile an Abgaben und Erträgen des Bundes;;;4600.00;Anteil an Direkter Bundessteuer;-150372000.0;-145156000.0;-135492606.05;-5216000.0;3.59;Die Berechnung des Kantonsanteils für die natürlichen bzw. juristischen Personen erfolgt anhand Staatsrechnung des Bundes und Anteilsdurchschnitts gemäss ESTV.;246
25;Finanzdepartement;2544;Anteile an Abgaben und Erträgen des Bundes;;;4600.10;Anteil an Verrechnungssteuer;-6190000.0;-5804000.0;-8073043.0;-386000.0;6.65;Erhöung erwarteter Kantonsanteil an Verrechnungssteuer auf Basis aktueller Schätzungen des Bundes.;246
25;Finanzdepartement;2544;Anteile an Abgaben und Erträgen des Bundes;;;4600.50;Anteil am Ertrag der Eidg. Mineralölsteuer;-3557900.0;-3645300.0;-3748328.0;87400.0;-2.4;;246
25;Finanzdepartement;2544;Anteile an Abgaben und Erträgen des Bundes;;;4600.80;Anteil am Ertrag LSVA;-3594400.0;-3528800.0;-3829718.0;-65600.0;1.86;;246
25;Finanzdepartement;2544;Anteile an Abgaben und Erträgen des Bundes;;;4600.91;Rückerstattung Mehrwertsteuer Büsingen;-502500.0;-440000.0;-502481.0;-62500.0;14.2;;246
25;Finanzdepartement;2544;Anteile an Abgaben und Erträgen des Bundes;;;4894.00;Entnahme aus FIPOL;;-33100000.0;;33100000.0;-100.0;;246
25;Finanzdepartement;2545;Interkantonaler Finanzausgleich;;;3621.10;NFA Zahlungen an Ressourcenausgleich;13100000.0;5300000.0;;7800000.0;147.17;Die Zahlungen an den NFA nehmen bis 2030 stark zu. Massgeblichen Einfluss auf den Anstieg der Finanzkraft haben die Steuerreform und AHV-Finanzierung (STAF) und die vergleichsweise erfreuliche Entwicklung der Finanzkraft des Kantons Schaffhausen.;246
25;Finanzdepartement;2545;Interkantonaler Finanzausgleich;;;3621.11;NFA RST Ressourcenausgleich;49400000.0;60200000.0;;-10800000.0;-17.94;Grundsätzlich sind alle vorhersehbaren Verpflichtungen vollständig zurückzustellen. Für den NFA werden aufgrund von Unsicherheiten über die genaue Höhe des künftig tatsächlich zu leistenden Zahlungsniveaus (relative Finanzkraft, allfällige System- anpassungen infolge Überprüfung der Wirksamkeit) vorerst nur 80% des anteiligen Drittels der erwarteten Zahlungen für 2030, 2031 und 2032 zurückgestellt. Der Kantonsrat soll diese Abweichung explizit zur Kenntnis nehmen.;246
25;Finanzdepartement;2545;Interkantonaler Finanzausgleich;;;3621.40;NFA Zahlungen an Härteausgleich;562000.0;592000.0;650940.0;-30000.0;-5.07;Der Härteausgleich wird jährlich um 5% verringert, sodass sich die Einzahlungen hierfür weiter reduzieren.;246
25;Finanzdepartement;2545;Interkantonaler Finanzausgleich;;;3894.00;Einlagen in FIPOL;;;71700000.0;;;;246
25;Finanzdepartement;2545;Interkantonaler Finanzausgleich;;;4620.10;NFA Ressourcenausgleich Anteil Bund;;;-450.0;;;;247
25;Finanzdepartement;2545;Interkantonaler Finanzausgleich;;;4620.20;NFA sozio-demografischer Ausgleich Bund;-988000.0;-84000.0;;-904000.0;1076.19;Infolge der gestiegenen Überalterung und Armut ist der Beitrag aus dem Lastenausgleich des Nationalen Finanzausgleichs (NFA) höher.;247
25;Finanzdepartement;2545;Interkantonaler Finanzausgleich;;;4620.90;NFA Übrige Massnahmen des Finanzausgleichs;;;-1910722.0;;;;247
25;Finanzdepartement;2545;Interkantonaler Finanzausgleich;;;4621.10;NFA Ressourcenausgleich Anteil Kantone;;;-300.0;;;;247
25;Finanzdepartement;2545;Interkantonaler Finanzausgleich;;;4894.00;Entnahme aus FIPOL;-13100000.0;-5300000.0;;-7800000.0;147.17;Aufgrund höherer Zahlung an den Ressourcenausgleich steigt die Entnahme aus der Finanzpolitischen Reserve entsprechend.;247
25;Finanzdepartement;2546;Verschiedene Erträge;;;3199.00;Übriger Betriebsaufwand;;;867202.0;;;;247
25;Finanzdepartement;2546;Verschiedene Erträge;;;4110.00;Anteil am Reingewinn der SNB;-6466700.0;-4500000.0;;-1966700.0;43.7;Ausschüttungen der SNB sind abhängig von deren Gewinn und unterliegen starken Schwankungen. Für 2024 wies die SNB Fr. 80.7 Mrd. Gewinn aus, 2023 einen Verlust von Fr. 3.2 Mrd. Entsprechend blieb die Ausschüttung für die Rechnung 2024 aus, während 2025 eine dreifache Ausschüttung erfolgt. Im FP wird durchgängig eine einfache Ausschüttung eingestellt.;247
25;Finanzdepartement;2546;Verschiedene Erträge;;;4461.10;Anteil am Ergebnis der Schaffhauser Kantonalbank;-37300000.0;-40000000.0;-46400000.0;2700000.0;-6.75;Voraussichtlich tiefer ausfallende Dividende der Schaffhauser Kantonalbank.;247
25;Finanzdepartement;2546;Verschiedene Erträge;;;4461.30;Anteil am Ergebnis der KSD (bis vor Umwandlung in ITSH);;;-3448588.0;;;;247
25;Finanzdepartement;2546;Verschiedene Erträge;;;4463.10;Anteil am Ergebnis der Elektrizitätswerk des Kantons Schaffhausen AG (EKS);-1020000.0;-1290000.0;-1522860.6;270000.0;-20.93;Tiefere Dividende der Elektrizitätswerke des Kantons Schaffhausen AG für 2026 erwartet (Anteil Verwaltungsvermögen).;247
25;Finanzdepartement;2546;Verschiedene Erträge;;;4895.00;Entnahmen aus Aufwert.reserve;-1123800.0;-1123800.0;-1123800.0;;;;247
25;Finanzdepartement;2550;Schaffhauser Polizei;;;3000.10;Sitzungsgelder Kommissionen;400.0;400.0;400.0;;;;248
25;Finanzdepartement;2550;Schaffhauser Polizei;;;3010.00;Löhne des Verwaltungs- und Betriebspersonals;24509200.0;24347300.0;22258896.7;161900.0;0.66;Beinhaltet eine zusätzliche, auf 4 Jahre befristete ICT-Stelle fürs PSZ, welche mit dem Budget 2022 bewilligt, aber aufgrund der Bauverzögerungen erst ab 2026 besetzt wird.;248
25;Finanzdepartement;2550;Schaffhauser Polizei;;;3010.95;Rückerstattungen Taggelder UV, EO, MSE, MV, IV für Verwaltungs- und Betriebspersonal;-100000.0;-100000.0;-105506.35;;;;248
25;Finanzdepartement;2550;Schaffhauser Polizei;;;3049.00;Übrige Zulagen;2042500.0;2166300.0;1761581.65;-123800.0;-5.71;;248
25;Finanzdepartement;2550;Schaffhauser Polizei;;;3050.00;AG-Beiträge AHV, IV, EO, ALV, Verwaltungskosten;1605400.0;1586900.0;1517762.25;18500.0;1.17;;248
25;Finanzdepartement;2550;Schaffhauser Polizei;;;3052.00;AG-Beiträge an Pensionskassen;3299600.0;3259400.0;2948315.7;40200.0;1.23;;248
25;Finanzdepartement;2550;Schaffhauser Polizei;;;3053.00;AG-Beiträge an Unfallversicherungen;151900.0;131800.0;125350.65;20100.0;15.25;;248
25;Finanzdepartement;2550;Schaffhauser Polizei;;;3054.00;AG-Beiträge an Familienzulagekassen;321100.0;317400.0;303845.35;3700.0;1.17;;248
25;Finanzdepartement;2550;Schaffhauser Polizei;;;3059.10;AG-Beiträge Sozialfonds;19800.0;19500.0;18557.3;300.0;1.54;;248
25;Finanzdepartement;2550;Schaffhauser Polizei;;;3064.00;Überbrückungsrenten;6000.0;10000.0;5660.0;-4000.0;-40.0;;248
25;Finanzdepartement;2550;Schaffhauser Polizei;;;3069.00;Übrige Arbeitgeberleistungen;1500.0;1000.0;;500.0;50.0;;248
25;Finanzdepartement;2550;Schaffhauser Polizei;;;3090.00;Aus- und Weiterbildung des eigenen Personals;362600.0;337800.0;336849.63;24800.0;7.34;Zusätzlicher Ausbildungsbedarf für neue Mitarbeitende der Schaffhauser Polizei oder Mitarbeitende in neuen Funktionen.;248
25;Finanzdepartement;2550;Schaffhauser Polizei;;;3091.00;Personalwerbung;40000.0;70000.0;63044.7;-30000.0;-42.86;In den Vorjahren wurde das Personalmarketing (u. a. Video, Sozial Media) im Hinblick auf die Bestandeserhöhung ausgebaut und war daher erhöht.;248
25;Finanzdepartement;2550;Schaffhauser Polizei;;;3099.00;Übriger Personalaufwand;157800.0;100600.0;129986.2;57200.0;56.86;Die Schaffhauser Polizei feiert im 2026 ihr 25-jähriges Bestehen. Im 2026 wird an verschiedenen – ohnehin durchgeführten Veranstaltungen – auf das Jubiläum hingewiesen. Zudem wird ein Dankeschön für die Mitarbeitenden bereit gehalten.;248
25;Finanzdepartement;2550;Schaffhauser Polizei;;;3100.00;Büromaterial;28200.0;32200.0;20538.1;-4000.0;-12.42;;248
25;Finanzdepartement;2550;Schaffhauser Polizei;;;3101.00;Betriebs- und Verbrauchsmaterial;242900.0;241300.0;135667.53;1600.0;0.66;;248
25;Finanzdepartement;2550;Schaffhauser Polizei;;;3102.00;Drucksachen, Publikationen;51800.0;42500.0;26427.5;9300.0;21.88;;248
25;Finanzdepartement;2550;Schaffhauser Polizei;;;3103.00;Fachliteratur, Zeitschriften;19000.0;19900.0;12555.81;-900.0;-4.52;;249
25;Finanzdepartement;2550;Schaffhauser Polizei;;;3106.00;Medizinisches Material;28500.0;21500.0;12600.31;7000.0;32.56;;249
25;Finanzdepartement;2550;Schaffhauser Polizei;;;3110.00;Büromöbel und -geräte;10000.0;5000.0;9485.5;5000.0;100.0;;249
25;Finanzdepartement;2550;Schaffhauser Polizei;;;3111.00;Maschinen, Geräte und Fahrzeuge;1199200.0;1207300.0;1472217.18;-8100.0;-0.67;;249
25;Finanzdepartement;2550;Schaffhauser Polizei;;;3112.00;Kleider, Wäsche, Vorhänge;377100.0;362700.0;408006.31;14400.0;3.97;;249
25;Finanzdepartement;2550;Schaffhauser Polizei;;;3113.00;Hardware;686000.0;652700.0;597831.19;33300.0;5.1;Mehrausgaben aufgrund von Hardware-Ersatz (End of Life), zusätzlichen Auswertungsgeräten für die digitale Ermittlung und Forensik sowie Preiserhöhungen bei diversen Hardware-Lieferanten.;249
25;Finanzdepartement;2550;Schaffhauser Polizei;;;3118.00;Immaterielle Anlagen;171000.0;102800.0;78444.82;68200.0;66.34;Zusatzkosten durch Einführung eines Learning-Management-Systems für die Bereitstellung sowie Verwaltung von digitalen Schulungen bzw. Lern- und Entwicklungsprogrammen im Sinne einer modernen Wissensvermittlung. Darüber hinaus Zusatzkosten in Höhe von Fr. 40'000 für die Beschaffung einer erforderlichen Software für die «Digitale Forensik».;249
25;Finanzdepartement;2550;Schaffhauser Polizei;;;3130.00;Dienstleistungen Dritter;1562900.0;1518000.0;1270370.96;44900.0;2.96;Preiserhöhungen bei verschiedenen externen Dienstleistungsfirmen und Beteiligung an neuen, zusätzlichen PTI-Projekten (Polizeitechnik und - informatik Schweiz).;249
25;Finanzdepartement;2550;Schaffhauser Polizei;;;3132.00;Honorare externe Berater, Gutachter, Fachexperten etc.;14000.0;17000.0;48613.65;-3000.0;-17.65;;249
25;Finanzdepartement;2550;Schaffhauser Polizei;;;3133.00;Informatik-Nutzungsaufwand;388100.0;279400.0;340931.04;108700.0;38.9;Die Aufwände für die Multifunktionsgeräte werden neu auf diesem Konto budgetiert (statt 3161.00). Die Nutzung des KDC (Kapo-Datacenter ZH) wird der SHPol neu zu effektiven Kosten in Rechnung gestellt.;249
25;Finanzdepartement;2550;Schaffhauser Polizei;;;3134.00;Sachversicherungsprämien;24700.0;24300.0;24175.45;400.0;1.65;;249
25;Finanzdepartement;2550;Schaffhauser Polizei;;;3137.00;Steuern und Abgaben;11400.0;10400.0;13580.07;1000.0;9.62;;249
25;Finanzdepartement;2550;Schaffhauser Polizei;;;3140.00;Unterhalt Grundstücke;105000.0;70000.0;4646.7;35000.0;50.0;Der Kugelfang des Aussen- Schiessplatzes Wippel muss im Jahr 2026 komplett saniert werden.;249
25;Finanzdepartement;2550;Schaffhauser Polizei;;;3151.00;Unterhalt Maschinen, Geräte, Fahrzeuge;824600.0;821800.0;955873.77;2800.0;0.34;;249
25;Finanzdepartement;2550;Schaffhauser Polizei;;;3153.00;Informatik-Unterhalt (Hardware);10200.0;10200.0;6776.15;;;;250
25;Finanzdepartement;2550;Schaffhauser Polizei;;;3158.00;Unterhalt immaterielle Anlagen;1060600.0;995700.0;684516.4;64900.0;6.52;Mehrausgaben verursacht durch die Inbetriebnahme diverser neuer ICT- Anwendungen (zusätzliche Lizenzen, Wartungsverträge usw.) sowie durch zahlreiche Preiserhöhungen.;250
25;Finanzdepartement;2550;Schaffhauser Polizei;;;3160.00;Mieten und Pachten Liegenschaften;42900.0;35800.0;49099.05;7100.0;19.83;;250
25;Finanzdepartement;2550;Schaffhauser Polizei;;;3161.00;Mieten, Benützungskosten Anlagen;418100.0;459600.0;447759.72;-41500.0;-9.03;Die Aufwände für die Multifunktionsgeräte werden nicht mehr auf diesem Konto budgetiert (neu auf dem Konto 3133.00).;250
25;Finanzdepartement;2550;Schaffhauser Polizei;;;3170.00;Reisekosten und Spesen;109800.0;91000.0;106539.95;18800.0;20.66;Anpassung an die effektiven Ausgaben des Vorjahres verursacht durch mehr SHPol-Mitarbeitende sowie zusätzliche Aus- und Weiterbildungen.;250
25;Finanzdepartement;2550;Schaffhauser Polizei;;;3181.00;Tatsächliche Forderungsverluste;136800.0;137900.0;136803.79;-1100.0;-0.8;;250
25;Finanzdepartement;2550;Schaffhauser Polizei;;;3190.00;Schadenersatzleistungen;8000.0;10000.0;8115.3;-2000.0;-20.0;;250
25;Finanzdepartement;2550;Schaffhauser Polizei;;;3199.00;Übriger Betriebsaufwand;185600.0;128600.0;121097.42;57000.0;44.32;Mehraufwand durch Aktionen zur Vertiefung und Festigung der Beziehung zwischen der örtlichen Bevölkerung und der Polizei, damit Barrieren abgebaut und Anliegen unkompliziert entgegengenommen werden können.;250
25;Finanzdepartement;2550;Schaffhauser Polizei;;;3300.60;Planmässige Abschreibungen Mobilien;384600.0;338300.0;284999.67;46300.0;13.69;;250
25;Finanzdepartement;2550;Schaffhauser Polizei;;;3300.90;Planmässige Abschreibungen übrige Sachanlagen;;;30784.5;;;;250
25;Finanzdepartement;2550;Schaffhauser Polizei;;;3320.00;Planmässige Abschreibungen immaterielle Anlagen;90900.0;85800.0;90933.0;5100.0;5.94;;250
25;Finanzdepartement;2550;Schaffhauser Polizei;;;3611.00;Entschädigungen an Kantone und Konkordate;595300.0;434600.0;619807.45;160700.0;36.98;Mehraufwand infolge Abschluss von Leistungsvereinbarungen mit der Kantonspolizei Zürich im Zusammenhang mit Transporten und Rückführungen. Zudem wird infolge der Anpassungen bei der Ausbildung an der Polizeischule Ostschweiz mit einem höheren Schulgeld gerechnet.;250
25;Finanzdepartement;2550;Schaffhauser Polizei;;;3630.00;Beiträge an den Bund;258400.0;232800.0;109420.72;25600.0;11.0;Zusätzliche Kosten durch das Projekt «PRÜM Plus», welches zum Ziel hat, den automatisierten Abgleich von DNA-Profilen und Fingerabdrücken sowie den direkten Zugriff auf die Fahrzeug- sowie Fahrzeughalterdaten der beteiligten Staaten zu erleichtern.;251
25;Finanzdepartement;2550;Schaffhauser Polizei;;;3631.00;Beiträge an Kantone und Konkordate;161900.0;157600.0;159467.05;4300.0;2.73;;251
25;Finanzdepartement;2550;Schaffhauser Polizei;;;3636.00;Beiträge an private Organisationen ohne Erwerbszweck;1700.0;2000.0;1362.4;-300.0;-15.0;;251
25;Finanzdepartement;2550;Schaffhauser Polizei;;;3900.00;IV Material- und Warenbezüge;10000.0;10000.0;10262.0;;;;251
25;Finanzdepartement;2550;Schaffhauser Polizei;;;3910.00;IV Dienstleistungen;19000.0;19000.0;11659.0;;;;251
25;Finanzdepartement;2550;Schaffhauser Polizei;;;4210.00;Gebühren für Amtshandlungen;-53500.0;-48600.0;-53610.0;-4900.0;10.08;;251
25;Finanzdepartement;2550;Schaffhauser Polizei;;;4240.00;Benützungsgebühren und Dienstleistungen;-181600.0;-145800.0;-184267.65;-35800.0;24.55;Mehreinnahmen durch zusätzliche Verrechnung von Sondertransporten, Bereitschaftsgebühren von Alarmanlagen sowie Grossanlässe von Vereinen.;251
25;Finanzdepartement;2550;Schaffhauser Polizei;;;4250.00;Verkäufe;-7700.0;-6200.0;-6020.01;-1500.0;24.19;;251
25;Finanzdepartement;2550;Schaffhauser Polizei;;;4260.00;Rückerstattungen und Kostenbeteiligungen Dritter;-6400.0;-6400.0;-40013.7;;;;251
25;Finanzdepartement;2550;Schaffhauser Polizei;;;4270.00;Bussen;-4500000.0;-4500000.0;-4329853.42;;;;251
25;Finanzdepartement;2550;Schaffhauser Polizei;;;4301.00;Beschlagnahmte Vermögenswerte;-500.0;-700.0;;200.0;-28.57;;251
25;Finanzdepartement;2550;Schaffhauser Polizei;;;4610.00;Entschädigungen vom Bund;-400000.0;-421800.0;-437037.55;21800.0;-5.17;Mindereinnahmen beim Stauraum- Management (ASTRA) sowie bei den Entschädigungen für POLYCOM- Betriebskosten (BAZG) bedingt durch neue Verteilschlüssel.;251
25;Finanzdepartement;2550;Schaffhauser Polizei;;;4610.30;Entschädigungen vom Bund für mobile Schwerverkehrskontrollen;-420000.0;-420000.0;-430892.0;;;;251
25;Finanzdepartement;2550;Schaffhauser Polizei;;;4611.00;Entschädigungen von Kantonen und Konkordaten;-383000.0;-387600.0;-432361.3;4600.0;-1.19;;251
25;Finanzdepartement;2550;Schaffhauser Polizei;;;4612.10;Entschädigungen von innerkantonalen Gemeinden und Gemeindezweckverbänden;-27200.0;-27000.0;-27202.95;-200.0;0.74;;251
25;Finanzdepartement;2550;Schaffhauser Polizei;;;4614.00;Entschädigungen von öffentlichen Unternehmungen;-23100.0;-22400.0;-19951.0;-700.0;3.13;;251
25;Finanzdepartement;2550;Schaffhauser Polizei;;;4632.10;Laufende Betriebsbeiträge von innerkantonalen Gemeinden und Gemeindezweckverbände;-3157700.0;-3157700.0;-3157721.0;;;;251
25;Finanzdepartement;2550;Schaffhauser Polizei;;;4635.00;Beiträge von privaten Unternehmungen;-2000.0;-2600.0;-1800.0;600.0;-23.08;;251
25;Finanzdepartement;2550;Schaffhauser Polizei;;;4636.00;Beiträge von privaten Organisationen ohne Erwerbszweck;-2000.0;-2000.0;-2000.0;;;;251
25;Finanzdepartement;2550;Schaffhauser Polizei;;;4910.00;IV Dienstleistungen;-324600.0;-334000.0;-305036.1;9400.0;-2.81;;251
25;Finanzdepartement;2550;Schaffhauser Polizei;;;4930.00;IV Betriebs- und Verwaltungskosten;-38000.0;-38000.0;-38000.0;;;;252
25;Finanzdepartement;2550;Schaffhauser Polizei;;;4980.00;Übertragungen;-2100000.0;-2100000.0;-2100000.0;;;;252
25;Finanzdepartement;2551;Kantonale Feuerpolizei;;;3010.00;Löhne des Verwaltungs- und Betriebspersonals;1088300.0;1076200.0;995660.35;12100.0;1.12;;252
25;Finanzdepartement;2551;Kantonale Feuerpolizei;;;3010.95;Rückerstattungen Taggelder UV, EO, MSE, MV, IV für Verwaltungs- und Betriebspersonal;;;-3043.8;;;;252
25;Finanzdepartement;2551;Kantonale Feuerpolizei;;;3050.00;AG-Beiträge AHV, IV, EO, ALV, Verwaltungskosten;70700.0;69900.0;64492.3;800.0;1.14;;252
25;Finanzdepartement;2551;Kantonale Feuerpolizei;;;3052.00;AG-Beiträge an Pensionskassen;145400.0;143700.0;145271.8;1700.0;1.18;;252
25;Finanzdepartement;2551;Kantonale Feuerpolizei;;;3053.00;AG-Beiträge an Unfallversicherungen;6400.0;5800.0;5357.85;600.0;10.34;;252
25;Finanzdepartement;2551;Kantonale Feuerpolizei;;;3054.00;AG-Beiträge an Familienzulagekassen;14100.0;13900.0;12903.9;200.0;1.44;;252
25;Finanzdepartement;2551;Kantonale Feuerpolizei;;;3059.10;AG-Beiträge Sozialfonds;900.0;800.0;790.75;100.0;12.5;;252
25;Finanzdepartement;2551;Kantonale Feuerpolizei;;;3090.00;Aus- und Weiterbildung des eigenen Personals;7400.0;16700.0;-9644.02;-9300.0;-55.69;;252
25;Finanzdepartement;2551;Kantonale Feuerpolizei;;;3091.00;Personalwerbung;1000.0;;;1000.0;;;252
25;Finanzdepartement;2551;Kantonale Feuerpolizei;;;3099.00;Übriger Personalaufwand;1600.0;1500.0;2001.25;100.0;6.67;;252
25;Finanzdepartement;2551;Kantonale Feuerpolizei;;;3100.00;Büromaterial;2800.0;2400.0;2615.37;400.0;16.67;;252
25;Finanzdepartement;2551;Kantonale Feuerpolizei;;;3101.00;Betriebs- und Verbrauchsmaterial;10200.0;9800.0;8411.65;400.0;4.08;;252
25;Finanzdepartement;2551;Kantonale Feuerpolizei;;;3102.00;Drucksachen, Publikationen;3500.0;4500.0;;-1000.0;-22.22;;252
25;Finanzdepartement;2551;Kantonale Feuerpolizei;;;3103.00;Fachliteratur, Zeitschriften;5700.0;4400.0;1570.05;1300.0;29.55;;252
25;Finanzdepartement;2551;Kantonale Feuerpolizei;;;3109.00;Übriger Material- und Warenaufwand;1000.0;1000.0;;;;;252
25;Finanzdepartement;2551;Kantonale Feuerpolizei;;;3110.00;Büromöbel und -geräte;46000.0;1000.0;8810.15;45000.0;4500.0;Im neuen Ausbildungszentrum Beringen soll eine Einrichtung realisiert werden, welche es den Übenden ermöglicht, nach der Übungstätigkeit die Einsatzbereitschaft der Atemschutzgeräte durch Reinigung wiederherzustellen.;252
25;Finanzdepartement;2551;Kantonale Feuerpolizei;;;3111.00;Maschinen, Geräte und Fahrzeuge;274500.0;160000.0;174925.2;114500.0;71.56;Die massgeblichste Abweichung zum Vorjahr besteht darin, dass alterungsbedingt neue Atemschutzluftabfüllanlagen beschafft werden müssen.;252
25;Finanzdepartement;2551;Kantonale Feuerpolizei;;;3112.00;Kleider, Wäsche, Vorhänge;22700.0;23500.0;10133.85;-800.0;-3.4;;252
25;Finanzdepartement;2551;Kantonale Feuerpolizei;;;3113.00;Hardware;10800.0;5500.0;5236.6;5300.0;96.36;;252
25;Finanzdepartement;2551;Kantonale Feuerpolizei;;;3118.00;Immaterielle Anlagen;50000.0;115000.0;;-65000.0;-56.52;Finanziell geringeres neues Projekt als im Vorjahr.;252
25;Finanzdepartement;2551;Kantonale Feuerpolizei;;;3120.00;Ver- und Entsorgung Liegenschaften VV;1800.0;2200.0;1459.4;-400.0;-18.18;;253
25;Finanzdepartement;2551;Kantonale Feuerpolizei;;;3130.00;Dienstleistungen Dritter;42500.0;42200.0;239866.29;300.0;0.71;;253
25;Finanzdepartement;2551;Kantonale Feuerpolizei;;;3131.00;Planungen und Projektierungen Dritter;15000.0;15000.0;49523.75;;;;253
25;Finanzdepartement;2551;Kantonale Feuerpolizei;;;3132.00;Honorare externe Berater, Gutachter, Fachexperten etc.;10500.0;21000.0;4572.75;-10500.0;-50.0;Die erwarteten Kosten aus der Abnahme von Sprinkleranlagen wurden reduziert. Diese Position war im Budget 2025, nach heutiger Wahrnehmung, zu hoch eingeschätzt.;253
25;Finanzdepartement;2551;Kantonale Feuerpolizei;;;3133.00;Informatik-Nutzungsaufwand;286500.0;277200.0;52438.75;9300.0;3.35;;253
25;Finanzdepartement;2551;Kantonale Feuerpolizei;;;3134.00;Sachversicherungsprämien;12100.0;12900.0;9759.45;-800.0;-6.2;;253
25;Finanzdepartement;2551;Kantonale Feuerpolizei;;;3138.00;Kurse, Prüfungen und Beratungen;723800.0;726000.0;643456.67;-2200.0;-0.3;;253
25;Finanzdepartement;2551;Kantonale Feuerpolizei;;;3150.00;Unterhalt Büromöbel und -geräte;800.0;800.0;;;;;253
25;Finanzdepartement;2551;Kantonale Feuerpolizei;;;3151.00;Unterhalt Maschinen, Geräte, Fahrzeuge;56300.0;96600.0;75914.99;-40300.0;-41.72;Die im Jahr 2025 anfallenden Kosten für die Reparatur des als Occasion übernommenen Feuerwehrschiffs, welches in Schaffhausen stationiert wird, entfallen im Jahr 2026.;253
25;Finanzdepartement;2551;Kantonale Feuerpolizei;;;3153.00;Informatik-Unterhalt (Hardware);700.0;700.0;;;;;253
25;Finanzdepartement;2551;Kantonale Feuerpolizei;;;3158.00;Unterhalt immaterielle Anlagen;93600.0;107000.0;100321.75;-13400.0;-12.52;Reduktion der Wartungskosten bei «GemDat» (Objektdaten von Gebäuden und Grundstücken).;253
25;Finanzdepartement;2551;Kantonale Feuerpolizei;;;3160.00;Mieten und Pachten Liegenschaften;32200.0;27300.0;24742.35;4900.0;17.95;;253
25;Finanzdepartement;2551;Kantonale Feuerpolizei;;;3161.00;Mieten, Benützungskosten Anlagen;;;6137.85;;;;253
25;Finanzdepartement;2551;Kantonale Feuerpolizei;;;3170.00;Reisekosten und Spesen;6500.0;6100.0;4196.0;400.0;6.56;;253
25;Finanzdepartement;2551;Kantonale Feuerpolizei;;;3199.00;Übriger Betriebsaufwand;3000.0;5800.0;888.5;-2800.0;-48.28;;253
25;Finanzdepartement;2551;Kantonale Feuerpolizei;;;3300.60;Planmässige Abschreibungen Mobilien;244400.0;17400.0;92359.0;227000.0;1304.6;;253
25;Finanzdepartement;2551;Kantonale Feuerpolizei;;;3320.00;Planmässige Abschreibungen immaterielle Anlagen;;40200.0;;-40200.0;-100.0;;253
25;Finanzdepartement;2551;Kantonale Feuerpolizei;;;3631.00;Beiträge an Kantone und Konkordate;130000.0;129000.0;129985.5;1000.0;0.78;;253
25;Finanzdepartement;2551;Kantonale Feuerpolizei;;;3910.00;IV Dienstleistungen;12800.0;10700.0;10826.1;2100.0;19.63;;253
25;Finanzdepartement;2551;Kantonale Feuerpolizei;;;4210.00;Gebühren für Amtshandlungen;-25000.0;-28000.0;-35705.0;3000.0;-10.71;;253
25;Finanzdepartement;2551;Kantonale Feuerpolizei;;;4240.00;Benützungsgebühren und Dienstleistungen;-15000.0;-16000.0;-16419.8;1000.0;-6.25;;253
25;Finanzdepartement;2551;Kantonale Feuerpolizei;;;4250.00;Verkäufe;-100.0;-10100.0;;10000.0;-99.01;Keine neuen Reglemente, welche in den Verkauf gelangen.;253
25;Finanzdepartement;2551;Kantonale Feuerpolizei;;;4612.10;Entschädigungen von innerkantonalen Gemeinden und Gemeindezweckverbänden;-8000.0;-8000.0;-6901.0;;;;253
25;Finanzdepartement;2551;Kantonale Feuerpolizei;;;4631.00;Beiträge von Kantonen und Konkordaten;;;-11230.0;;;;253
25;Finanzdepartement;2551;Kantonale Feuerpolizei;;;4980.00;Übertragungen;-3377100.0;-3108900.0;-2801686.55;-268200.0;8.63;;254
25;Finanzdepartement;2553;Schwerverkehrskontrollzentrum Schaffhausen;;;3010.00;Löhne des Verwaltungs- und Betriebspersonals;1529500.0;1565300.0;1469409.0;-35800.0;-2.29;;254
25;Finanzdepartement;2553;Schwerverkehrskontrollzentrum Schaffhausen;;;3010.95;Rückerstattungen Taggelder UV, EO, MSE, MV, IV für Verwaltungs- und Betriebspersonal;-1000.0;-1000.0;-157.45;;;;254
25;Finanzdepartement;2553;Schwerverkehrskontrollzentrum Schaffhausen;;;3049.00;Übrige Zulagen;27800.0;54200.0;44925.25;-26400.0;-48.71;;254
25;Finanzdepartement;2553;Schwerverkehrskontrollzentrum Schaffhausen;;;3050.00;AG-Beiträge AHV, IV, EO, ALV, Verwaltungskosten;99400.0;103000.0;96668.7;-3600.0;-3.5;;254
25;Finanzdepartement;2553;Schwerverkehrskontrollzentrum Schaffhausen;;;3052.00;AG-Beiträge an Pensionskassen;204300.0;211600.0;185412.3;-7300.0;-3.45;;254
25;Finanzdepartement;2553;Schwerverkehrskontrollzentrum Schaffhausen;;;3053.00;AG-Beiträge an Unfallversicherungen;9100.0;8500.0;8053.3;600.0;7.06;;254
25;Finanzdepartement;2553;Schwerverkehrskontrollzentrum Schaffhausen;;;3054.00;AG-Beiträge an Familienzulagekassen;19900.0;20600.0;19327.5;-700.0;-3.4;;254
25;Finanzdepartement;2553;Schwerverkehrskontrollzentrum Schaffhausen;;;3059.10;AG-Beiträge Sozialfonds;1200.0;1200.0;1193.9;;;;254
25;Finanzdepartement;2553;Schwerverkehrskontrollzentrum Schaffhausen;;;3090.00;Aus- und Weiterbildung des eigenen Personals;36800.0;23400.0;18522.1;13400.0;57.26;Einmalige Zusatzaufwände für die Führungslehrgänge der beiden SVKZ- Gruppenleiter.;254
25;Finanzdepartement;2553;Schwerverkehrskontrollzentrum Schaffhausen;;;3099.00;Übriger Personalaufwand;3000.0;3000.0;607.3;;;;254
25;Finanzdepartement;2553;Schwerverkehrskontrollzentrum Schaffhausen;;;3100.00;Büromaterial;2600.0;3000.0;2900.0;-400.0;-13.33;;254
25;Finanzdepartement;2553;Schwerverkehrskontrollzentrum Schaffhausen;;;3101.00;Betriebs- und Verbrauchsmaterial;28300.0;28200.0;26590.2;100.0;0.35;;254
25;Finanzdepartement;2553;Schwerverkehrskontrollzentrum Schaffhausen;;;3102.00;Drucksachen, Publikationen;;;218.35;;;;254
25;Finanzdepartement;2553;Schwerverkehrskontrollzentrum Schaffhausen;;;3103.00;Fachliteratur, Zeitschriften;3500.0;3500.0;2449.85;;;;254
25;Finanzdepartement;2553;Schwerverkehrskontrollzentrum Schaffhausen;;;3111.00;Maschinen, Geräte und Fahrzeuge;61000.0;73600.0;72133.0;-12600.0;-17.12;Reduktion des Budgetbetrages, da der anteilsmässige Betrag des SVKZ Schaffhausen an den Kosten für die Ausrüstung im Jahr 2026 tiefer ausfallen wird.;254
25;Finanzdepartement;2553;Schwerverkehrskontrollzentrum Schaffhausen;;;3112.00;Kleider, Wäsche, Vorhänge;39900.0;38400.0;38300.0;1500.0;3.91;;254
25;Finanzdepartement;2553;Schwerverkehrskontrollzentrum Schaffhausen;;;3113.00;Hardware;37100.0;30200.0;42463.52;6900.0;22.85;;254
25;Finanzdepartement;2553;Schwerverkehrskontrollzentrum Schaffhausen;;;3130.00;Dienstleistungen Dritter;24900.0;25000.0;25705.15;-100.0;-0.4;;254
25;Finanzdepartement;2553;Schwerverkehrskontrollzentrum Schaffhausen;;;3133.00;Informatik-Nutzungsaufwand;6300.0;;;6300.0;;;254
25;Finanzdepartement;2553;Schwerverkehrskontrollzentrum Schaffhausen;;;3151.00;Unterhalt Maschinen, Geräte, Fahrzeuge;82200.0;83500.0;65041.61;-1300.0;-1.56;;254
25;Finanzdepartement;2553;Schwerverkehrskontrollzentrum Schaffhausen;;;3153.00;Informatik-Unterhalt (Hardware);1000.0;1000.0;;;;;254
25;Finanzdepartement;2553;Schwerverkehrskontrollzentrum Schaffhausen;;;3158.00;Unterhalt immaterielle Anlagen;20800.0;18300.0;10615.82;2500.0;13.66;;254
25;Finanzdepartement;2553;Schwerverkehrskontrollzentrum Schaffhausen;;;3161.00;Mieten, Benützungskosten Anlagen;38400.0;42300.0;43317.8;-3900.0;-9.22;;254
25;Finanzdepartement;2553;Schwerverkehrskontrollzentrum Schaffhausen;;;3170.00;Reisekosten und Spesen;2000.0;2000.0;3002.5;;;;254
25;Finanzdepartement;2553;Schwerverkehrskontrollzentrum Schaffhausen;;;3199.00;Übriger Betriebsaufwand;500.0;2000.0;2438.35;-1500.0;-75.0;;254
25;Finanzdepartement;2553;Schwerverkehrskontrollzentrum Schaffhausen;;;3900.00;IV Material- und Warenbezüge;;;800.0;;;;255
25;Finanzdepartement;2553;Schwerverkehrskontrollzentrum Schaffhausen;;;3910.00;IV Dienstleistungen;;;1600.0;;;;255
25;Finanzdepartement;2553;Schwerverkehrskontrollzentrum Schaffhausen;;;4610.20;Entschädigungen vom Bund für Schwerverkehrskontrollen;-2263000.0;-2295400.0;-2186517.0;32400.0;-1.41;Die Personal- und Sachaufwände werden sich gegenüber 2025 voraussichtlich leicht reduzieren (- 1.4%). Da der «SVKZ-Saldo» ausgeglichen sein muss, entsteht insgesamt ein geringerer Minderaufwand bei den Einnahmen.;255
25;Finanzdepartement;2557;Amt für Bevölkerungsschutz und Armee;;;3010.00;Löhne des Verwaltungs- und Betriebspersonals;2006500.0;2004800.0;1902047.45;1700.0;0.08;Tiefere Lohnkosten aufgrund einer Frühpensionierung und einer internen Verschiebung von 20 Stellenprozent.;255
25;Finanzdepartement;2557;Amt für Bevölkerungsschutz und Armee;;;3010.95;Rückerstattungen Taggelder UV, EO, MSE, MV, IV für Verwaltungs- und Betriebspersonal;-20000.0;-20000.0;-35464.75;;;;255
25;Finanzdepartement;2557;Amt für Bevölkerungsschutz und Armee;;;3049.00;Übrige Zulagen;1500.0;1000.0;1006.5;500.0;50.0;;255
25;Finanzdepartement;2557;Amt für Bevölkerungsschutz und Armee;;;3050.00;AG-Beiträge AHV, IV, EO, ALV, Verwaltungskosten;130400.0;130300.0;122972.5;100.0;0.08;;255
25;Finanzdepartement;2557;Amt für Bevölkerungsschutz und Armee;;;3052.00;AG-Beiträge an Pensionskassen;268100.0;267600.0;263169.55;500.0;0.19;;255
25;Finanzdepartement;2557;Amt für Bevölkerungsschutz und Armee;;;3053.00;AG-Beiträge an Unfallversicherungen;12300.0;10800.0;10131.25;1500.0;13.89;;255
25;Finanzdepartement;2557;Amt für Bevölkerungsschutz und Armee;;;3054.00;AG-Beiträge an Familienzulagekassen;26100.0;26100.0;24619.75;;;;255
25;Finanzdepartement;2557;Amt für Bevölkerungsschutz und Armee;;;3059.10;AG-Beiträge Sozialfonds;1600.0;1600.0;1502.25;;;;255
25;Finanzdepartement;2557;Amt für Bevölkerungsschutz und Armee;;;3064.00;Überbrückungsrenten;;;338.0;;;;255
25;Finanzdepartement;2557;Amt für Bevölkerungsschutz und Armee;;;3090.00;Aus- und Weiterbildung des eigenen Personals;38000.0;46000.0;41839.45;-8000.0;-17.39;;255
25;Finanzdepartement;2557;Amt für Bevölkerungsschutz und Armee;;;3099.00;Übriger Personalaufwand;22300.0;19600.0;17404.15;2700.0;13.78;;255
25;Finanzdepartement;2557;Amt für Bevölkerungsschutz und Armee;;;3100.00;Büromaterial;10000.0;8000.0;6277.61;2000.0;25.0;;255
25;Finanzdepartement;2557;Amt für Bevölkerungsschutz und Armee;;;3101.00;Betriebs- und Verbrauchsmaterial;48000.0;48000.0;31499.0;;;;255
25;Finanzdepartement;2557;Amt für Bevölkerungsschutz und Armee;;;3102.00;Drucksachen, Publikationen;10000.0;14000.0;3989.4;-4000.0;-28.57;;255
25;Finanzdepartement;2557;Amt für Bevölkerungsschutz und Armee;;;3103.00;Fachliteratur, Zeitschriften;4000.0;3500.0;1266.9;500.0;14.29;;255
25;Finanzdepartement;2557;Amt für Bevölkerungsschutz und Armee;;;3106.00;Medizinisches Material;10000.0;9000.0;4432.07;1000.0;11.11;;255
25;Finanzdepartement;2557;Amt für Bevölkerungsschutz und Armee;;;3110.00;Büromöbel und -geräte;9500.0;13000.0;3036.45;-3500.0;-26.92;;255
25;Finanzdepartement;2557;Amt für Bevölkerungsschutz und Armee;;;3111.00;Maschinen, Geräte und Fahrzeuge;369500.0;436000.0;210746.76;-66500.0;-15.25;Weniger Neubeschaffungen im Bereich Zivilschutz- und Kulturgüterschutzmaterial.;255
25;Finanzdepartement;2557;Amt für Bevölkerungsschutz und Armee;;;3112.00;Kleider, Wäsche, Vorhänge;89500.0;66000.0;30006.42;23500.0;35.61;Beschaffung 1. Tranche neue Zivlischutzuniformen für Fr. 80'000.;255
25;Finanzdepartement;2557;Amt für Bevölkerungsschutz und Armee;;;3113.00;Hardware;44000.0;35000.0;41597.5;9000.0;25.71;;256
25;Finanzdepartement;2557;Amt für Bevölkerungsschutz und Armee;;;3116.00;Medizinische Geräte;7000.0;7000.0;438.9;;;;256
25;Finanzdepartement;2557;Amt für Bevölkerungsschutz und Armee;;;3118.00;Immaterielle Anlagen;57000.0;9800.0;;47200.0;481.63;Rollout neue Software digitale Verwaltung Angehörige Zivilschutz (DIZIS) vom Bundesamt für Bevölkerungsschutz BABS. Anteil Entwicklungskosten Kanton Schaffhausen Fr. 55'000.;256
25;Finanzdepartement;2557;Amt für Bevölkerungsschutz und Armee;;;3119.00;Übrige nicht aktivierbare Anlagen;10000.0;10000.0;2551.2;;;;256
25;Finanzdepartement;2557;Amt für Bevölkerungsschutz und Armee;;;3120.00;Ver- und Entsorgung Liegenschaften VV;60700.0;70000.0;99881.25;-9300.0;-13.29;;256
25;Finanzdepartement;2557;Amt für Bevölkerungsschutz und Armee;;;3130.00;Dienstleistungen Dritter;285000.0;288000.0;156120.55;-3000.0;-1.04;;256
25;Finanzdepartement;2557;Amt für Bevölkerungsschutz und Armee;;;3132.00;Honorare externe Berater, Gutachter, Fachexperten etc.;89000.0;108000.0;12731.3;-19000.0;-17.59;Geringere Anzahl Projekte, welche externe Dienstleistungen enthalten.;256
25;Finanzdepartement;2557;Amt für Bevölkerungsschutz und Armee;;;3133.00;Informatik-Nutzungsaufwand;310100.0;230400.0;175695.75;79700.0;34.59;Projekt Umzug in Neubau «GAZ Beringen» (Verpflichtungskredit ITP0135) - IT Dienstleistungen Fr. 80'000.;256
25;Finanzdepartement;2557;Amt für Bevölkerungsschutz und Armee;;;3134.00;Sachversicherungsprämien;16000.0;16000.0;11561.97;;;;256
25;Finanzdepartement;2557;Amt für Bevölkerungsschutz und Armee;;;3137.00;Steuern und Abgaben;1600.0;1200.0;1480.0;400.0;33.33;;256
25;Finanzdepartement;2557;Amt für Bevölkerungsschutz und Armee;;;3138.00;Kurse, Prüfungen und Beratungen;224000.0;243000.0;190034.27;-19000.0;-7.82;Keine grossen Anlässe im Jahr 2026 geplant wie Bevölkerungsschutztag/RGF Seminar im Jahr 2025. Weiter erfolgt die Abrechnung der Waffenerwerbsscheine über das Bundesamt für Bevölkerungsschutz (BABS), sodass der Aufwand bzw. die Erlöse/Rückerstattungen in Zukunft entfallen.;256
25;Finanzdepartement;2557;Amt für Bevölkerungsschutz und Armee;;;3140.00;Unterhalt Grundstücke;66000.0;57000.0;2768.35;9000.0;15.79;;256
25;Finanzdepartement;2557;Amt für Bevölkerungsschutz und Armee;;;3144.00;Unterhalt Hochbauten, Gebäude;185000.0;120000.0;138034.67;65000.0;54.17;Umrüstung von drei Schutzanlagen von 3G-Technologie (End of Life) auf 4G-Technologie. Kosten 75'000 Franken.;256
25;Finanzdepartement;2557;Amt für Bevölkerungsschutz und Armee;;;3149.00;Unterhalt übrige Sachanlagen;48500.0;34500.0;68554.15;14000.0;40.58;Batterieersatz bei allen Polyalert Systemen (Typ Sonnenburg). Kosten Fr. 15'000.;257
25;Finanzdepartement;2557;Amt für Bevölkerungsschutz und Armee;;;3151.00;Unterhalt Maschinen, Geräte, Fahrzeuge;76000.0;75000.0;48036.94;1000.0;1.33;;257
25;Finanzdepartement;2557;Amt für Bevölkerungsschutz und Armee;;;3158.00;Unterhalt immaterielle Anlagen;60600.0;60800.0;42258.85;-200.0;-0.33;;257
25;Finanzdepartement;2557;Amt für Bevölkerungsschutz und Armee;;;3160.00;Mieten und Pachten Liegenschaften;4000.0;4000.0;5709.8;;;;257
25;Finanzdepartement;2557;Amt für Bevölkerungsschutz und Armee;;;3161.00;Mieten, Benützungskosten Anlagen;10000.0;10000.0;21340.75;;;;257
25;Finanzdepartement;2557;Amt für Bevölkerungsschutz und Armee;;;3170.00;Reisekosten und Spesen;12000.0;8000.0;10881.35;4000.0;50.0;;257
25;Finanzdepartement;2557;Amt für Bevölkerungsschutz und Armee;;;3181.00;Tatsächliche Forderungsverluste;1000.0;1000.0;1815.4;;;;257
25;Finanzdepartement;2557;Amt für Bevölkerungsschutz und Armee;;;3199.00;Übriger Betriebsaufwand;27000.0;34500.0;8681.6;-7500.0;-21.74;;257
25;Finanzdepartement;2557;Amt für Bevölkerungsschutz und Armee;;;3300.40;Planmässige Abschreibungen Hochbauten;;3700.0;;-3700.0;-100.0;;257
25;Finanzdepartement;2557;Amt für Bevölkerungsschutz und Armee;;;3300.60;Planmässige Abschreibungen Mobilien;74700.0;35400.0;74724.0;39300.0;111.02;;257
25;Finanzdepartement;2557;Amt für Bevölkerungsschutz und Armee;;;3632.10;Beiträge an innerkantonale Gemeinden und Gemeindezweckverbände;69500.0;55000.0;;14500.0;26.36;Kantonsbeiträge im Bereich Kulturgüterschutz (Erfassung Inventar/Erstellen Notfallpläne). Kosten Fr. 10'000, im Zusammenhang mit der Teilrevision Zivilschutzgesetz.;257
25;Finanzdepartement;2557;Amt für Bevölkerungsschutz und Armee;;;3634.00;Beiträge an öffentliche Unternehmungen;9500.0;12500.0;7510.4;-3000.0;-24.0;;257
25;Finanzdepartement;2557;Amt für Bevölkerungsschutz und Armee;;;3636.00;Beiträge an private Organisationen ohne Erwerbszweck;10000.0;;;10000.0;;Kantonsbeiträge im Bereich Kulturgüterschutz (Erfassung Inventar/Erstellen Notfallpläne). Kosten Fr. 10'000. Im Zusammenhang mit der Teilrevision Zivilschutzgesetz.;257
25;Finanzdepartement;2557;Amt für Bevölkerungsschutz und Armee;;;3637.00;Beiträge an private Haushalte;1700.0;1700.0;1555.0;;;;257
25;Finanzdepartement;2557;Amt für Bevölkerungsschutz und Armee;;;3702.10;Durchlaufende Beiträge an Gemeinden und Gemeindezweckverbände;6300.0;25000.0;7910.0;-18700.0;-74.8;Korrektur zu hoch berechneter Budgetbetrag 2025.;257
25;Finanzdepartement;2557;Amt für Bevölkerungsschutz und Armee;;;3900.00;IV Material- und Warenbezüge;;;1730.05;;;;258
25;Finanzdepartement;2557;Amt für Bevölkerungsschutz und Armee;;;3910.00;IV Dienstleistungen;75400.0;87900.0;71602.7;-12500.0;-14.22;Tiefere POLYCOM Betriebskosten für die Endgeräte.;258
25;Finanzdepartement;2557;Amt für Bevölkerungsschutz und Armee;;;3910.10;IV Betreibungskosten;30000.0;30000.0;29184.6;;;;258
25;Finanzdepartement;2557;Amt für Bevölkerungsschutz und Armee;;;4210.00;Gebühren für Amtshandlungen;-26500.0;-31500.0;-25920.0;5000.0;-15.87;;258
25;Finanzdepartement;2557;Amt für Bevölkerungsschutz und Armee;;;4240.00;Benützungsgebühren und Dienstleistungen;-1000.0;-300.0;-2970.0;-700.0;233.33;;258
25;Finanzdepartement;2557;Amt für Bevölkerungsschutz und Armee;;;4250.00;Verkäufe;-4000.0;-5000.0;-854.48;1000.0;-20.0;;258
25;Finanzdepartement;2557;Amt für Bevölkerungsschutz und Armee;;;4260.00;Rückerstattungen und Kostenbeteiligungen Dritter;-30000.0;-30000.0;-19036.0;;;;258
25;Finanzdepartement;2557;Amt für Bevölkerungsschutz und Armee;;;4270.00;Bussen;-35000.0;-20000.0;-43110.0;-15000.0;75.0;Steigende Fälle betreffend Verfehlungen im Bereich Militärstrafgesetz.;258
25;Finanzdepartement;2557;Amt für Bevölkerungsschutz und Armee;;;4290.00;Übrige Entgelte;-5000.0;-5000.0;-6514.25;;;;258
25;Finanzdepartement;2557;Amt für Bevölkerungsschutz und Armee;;;4600.20;Anteil am Wehrpflichtersatz;-320000.0;-320000.0;-306349.71;;;;258
25;Finanzdepartement;2557;Amt für Bevölkerungsschutz und Armee;;;4610.00;Entschädigungen vom Bund;-132800.0;-133000.0;-177400.65;200.0;-0.15;;258
25;Finanzdepartement;2557;Amt für Bevölkerungsschutz und Armee;;;4630.00;Beiträge vom Bund;-39700.0;-36000.0;-250430.4;-3700.0;10.28;;258
25;Finanzdepartement;2557;Amt für Bevölkerungsschutz und Armee;;;4700.00;Durchlaufende Beiträge vom Bund;-6300.0;-25000.0;-7910.0;18700.0;-74.8;Korrektur zu hoch berechneter Budgetbetrag 2025.;258
25;Finanzdepartement;2598;;2598.7212;Rhein-Fonds;4940.00;IV Kalk. Zinsen und Finanzaufwand;;-900.0;-309.92;900.0;-100.0;;258
25;Finanzdepartement;2598;;2598.7212;Rhein-Fonds;4980.00;Übertragungen;-33000.0;-33000.0;-29501.0;;;;258
25;Finanzdepartement;2598;;2598.7212;Rhein-Fonds;9010.00;Abschluss Spezialfinanzierungen und Fonds des Eigenkapitals, Ertragsüberschuss;33000.0;33900.0;29810.92;-900.0;-2.65;;258
25;Finanzdepartement;2598;;2598.7223;Winkelriedfonds;3636.00;Beiträge an private Organisationen ohne Erwerbszweck;10000.0;35000.0;31500.0;-25000.0;-71.43;Sonderprojekt «Gedenkstätte Armee» aus dem Jahr 2025 abgeschlossen. Allgemein rückläufige Unterstützungsanträge.;258
25;Finanzdepartement;2598;;2598.7223;Winkelriedfonds;4402.00;Zinsen Finanzanlagen;-200.0;-200.0;-154.0;;;;258
25;Finanzdepartement;2598;;2598.7223;Winkelriedfonds;4440.00;Wertberichtigungen übrige Finanzanlagen FV;;;-633.24;;;;258
25;Finanzdepartement;2598;;2598.7223;Winkelriedfonds;4940.00;IV Kalk. Zinsen und Finanzaufwand;;-1400.0;-449.1;1400.0;-100.0;;258
25;Finanzdepartement;2598;;2598.7223;Winkelriedfonds;9011.00;Abschluss Spezialfinanzierungen und Fonds des Eigenkapitals, Aufwandüberschuss;-9800.0;-33400.0;-30263.66;23600.0;-70.66;;258
25;Finanzdepartement;2598;;2598.7254;Kantonaler Schutzraum-Ersatzabgabefonds (EAG- Fonds);3500.00;Einlagen in Spezialfinanzierungen des Fremdkapitals;210000.0;286700.0;118083.63;-76700.0;-26.75;;259
25;Finanzdepartement;2598;;2598.7254;Kantonaler Schutzraum-Ersatzabgabefonds (EAG- Fonds);3637.00;Beiträge an private Haushalte;90000.0;90000.0;20474.6;;;;259
25;Finanzdepartement;2598;;2598.7254;Kantonaler Schutzraum-Ersatzabgabefonds (EAG- Fonds);4200.00;Ersatzabgaben;-300000.0;-350000.0;-129600.0;50000.0;-14.29;Allgemein rückläufige Bautätigkeiten mit Relevanz im Bereich Schutzräume.;259
25;Finanzdepartement;2598;;2598.7254;Kantonaler Schutzraum-Ersatzabgabefonds (EAG- Fonds);4940.00;IV Kalk. Zinsen und Finanzaufwand;;-26700.0;-8958.23;26700.0;-100.0;;259
25;Finanzdepartement;2598;;2598.7256;Brandschutzfonds;3144.00;Unterhalt Hochbauten, Gebäude;5000.0;5000.0;194.35;;;;259
25;Finanzdepartement;2598;;2598.7256;Brandschutzfonds;3632.10;Beiträge an innerkantonale Gemeinden und Gemeindezweckverbände;851000.0;788300.0;688199.2;62700.0;7.95;Die Abweichung ergibt sich aus der noch nicht bekannten Finanzplanung der Feuerwehren. Die übrigen Positionen sind gleich oder geringer als im Jahr 2025 geplant. Für die noch nicht vorgenommene/bekannte Planung werden Fr. 800'000 eingestellt.;259
25;Finanzdepartement;2598;;2598.7256;Brandschutzfonds;3634.00;Beiträge an öffentliche Unternehmungen;;9200.0;6670.0;-9200.0;-100.0;Der Beitrag entfällt aller Voraussicht, da die Spitäler offensichtlich nicht mehr in der Lage sind, eine Betriebsfeuerwehr vorzuhalten.;259
25;Finanzdepartement;2598;;2598.7256;Brandschutzfonds;3635.00;Beiträge an private Unternehmungen;18400.0;18400.0;18054.2;;;;259
25;Finanzdepartement;2598;;2598.7256;Brandschutzfonds;3660.20;Planmässige Abschreibungen Invest.beiträge an Gemeinden;735000.0;795000.0;595011.0;-60000.0;-7.55;;259
25;Finanzdepartement;2598;;2598.7256;Brandschutzfonds;3980.00;Übertragungen;3377100.0;3108900.0;2801686.55;268200.0;8.63;;259
25;Finanzdepartement;2598;;2598.7256;Brandschutzfonds;4210.10;Brandschutzabgabe;-4176600.0;-6130000.0;-6223358.06;1953400.0;-31.87;Es wird davon ausgegangen, dass noch im Jahr 2025 eine Reduktion der Brandschutzabgabe ab 2026 beschlossen werden kann. Die Kantonale Feuerpolizei hat eine diesbezügliche Prüfung aufgenommen.;259
25;Finanzdepartement;2598;;2598.7256;Brandschutzfonds;4630.00;Beiträge vom Bund;-191000.0;-191000.0;-251011.0;;;;259
25;Finanzdepartement;2598;;2598.7256;Brandschutzfonds;4634.00;Beiträge von öffentlichen Unternehmungen;-14000.0;-14000.0;-14564.0;;;;259
25;Finanzdepartement;2598;;2598.7256;Brandschutzfonds;4940.00;IV Kalk. Zinsen und Finanzaufwand;-139200.0;-252200.0;-247074.69;113000.0;-44.81;;259
25;Finanzdepartement;2598;;2598.7256;Brandschutzfonds;9010.00;Abschluss Spezialfinanzierungen und Fonds des Eigenkapitals, Ertragsüberschuss;;1862400.0;2626192.45;-1862400.0;-100.0;;260
25;Finanzdepartement;2598;;2598.7256;Brandschutzfonds;9011.00;Abschluss Spezialfinanzierungen und Fonds des Eigenkapitals, Aufwandüberschuss;-465700.0;;;-465700.0;;;260
25;Finanzdepartement;2598;;2598.7755;Dr. Peyer Wildberg'scher Fonds;3420.00;Kapitalbeschaffung und -verwaltung;117400.0;114000.0;117439.05;3400.0;2.98;;260
25;Finanzdepartement;2598;;2598.7755;Dr. Peyer Wildberg'scher Fonds;3502.00;Einlagen in Legate und Stiftungen des Fremdkapitals;19100.0;6000.0;810620.82;13100.0;218.33;;260
25;Finanzdepartement;2598;;2598.7755;Dr. Peyer Wildberg'scher Fonds;4402.00;Zinsen Finanzanlagen;-136500.0;-120000.0;-136494.35;-16500.0;13.75;;260
25;Finanzdepartement;2598;;2598.7755;Dr. Peyer Wildberg'scher Fonds;4440.00;Wertberichtigungen übrige Finanzanlagen FV;;;-791565.52;;;;260
30;Gerichte;3010;Obergericht;;;3000.00;Löhne Behörden, Richter und Richterinnen;1065100.0;952100.0;952125.15;113000.0;11.87;Zusätzlich beantragte Stelle (60%).;261
30;Gerichte;3010;Obergericht;;;3010.00;Löhne des Verwaltungs- und Betriebspersonals;1805500.0;1523400.0;1313650.75;282100.0;18.52;"Zusätzlich beantragte Stellen (Gerichtsschreibende: 100%; Kanzlei: 60%). Darüber hinaus temporäre Stelle für Gerichtsschreibende 80%.";261
30;Gerichte;3010;Obergericht;;;3010.95;Rückerstattungen Taggelder UV, EO, MSE, MV, IV für Verwaltungs- und Betriebspersonal;;;-774.25;;;;261
30;Gerichte;3010;Obergericht;;;3050.00;AG-Beiträge AHV, IV, EO, ALV, Verwaltungskosten;186500.0;160900.0;144715.95;25600.0;15.91;;261
30;Gerichte;3010;Obergericht;;;3052.00;AG-Beiträge an Pensionskassen;383600.0;330500.0;335010.1;53100.0;16.07;;261
30;Gerichte;3010;Obergericht;;;3053.00;AG-Beiträge an Unfallversicherungen;16800.0;13400.0;11120.85;3400.0;25.37;;261
30;Gerichte;3010;Obergericht;;;3054.00;AG-Beiträge an Familienzulagekassen;37300.0;32200.0;29355.4;5100.0;15.84;;261
30;Gerichte;3010;Obergericht;;;3059.10;AG-Beiträge Sozialfonds;2300.0;1900.0;1654.25;400.0;21.05;;261
30;Gerichte;3010;Obergericht;;;3090.00;Aus- und Weiterbildung des eigenen Personals;19800.0;16800.0;8521.8;3000.0;17.86;;261
30;Gerichte;3010;Obergericht;;;3099.00;Übriger Personalaufwand;14400.0;4900.0;4267.5;9500.0;193.88;;261
30;Gerichte;3010;Obergericht;;;3100.00;Büromaterial;8000.0;8000.0;5632.31;;;;261
30;Gerichte;3010;Obergericht;;;3102.00;Drucksachen, Publikationen;8000.0;8000.0;6089.95;;;;261
30;Gerichte;3010;Obergericht;;;3103.00;Fachliteratur, Zeitschriften;75000.0;75000.0;48429.85;;;;261
30;Gerichte;3010;Obergericht;;;3113.00;Hardware;1500.0;1000.0;2128.8;500.0;50.0;;261
30;Gerichte;3010;Obergericht;;;3130.00;Dienstleistungen Dritter;13500.0;3000.0;70302.2;10500.0;350.0;Design elektronischer Amtsbericht.;261
30;Gerichte;3010;Obergericht;;;3132.00;Honorare externe Berater, Gutachter, Fachexperten etc.;20000.0;25000.0;20141.5;-5000.0;-20.0;;261
30;Gerichte;3010;Obergericht;;;3133.00;Informatik-Nutzungsaufwand;236800.0;119600.0;98203.95;117200.0;97.99;Im Wesentlichen Verpflichtungskredite für «eJustizakte-Applikation JAA» (ITP0128) und KI-Assistenztools «JustAI» (ITP0129) samt Betrieb.;261
30;Gerichte;3010;Obergericht;;;3158.00;Unterhalt immaterielle Anlagen;33200.0;33200.0;26258.0;;;;261
30;Gerichte;3010;Obergericht;;;3161.00;Mieten, Benützungskosten Anlagen;;;12086.65;;;;261
30;Gerichte;3010;Obergericht;;;3170.00;Reisekosten und Spesen;5000.0;5000.0;5077.35;;;;261
30;Gerichte;3010;Obergericht;;;3181.00;Tatsächliche Forderungsverluste;50000.0;50000.0;50006.45;;;;261
30;Gerichte;3010;Obergericht;;;3199.00;Übriger Betriebsaufwand;180000.0;150000.0;175199.37;30000.0;20.0;Im Wesentlichen Aufwand für unentgeltliche Vertretung, amtliche Verteidigung und Entschädigung von Parteien. Anpassung an die Rechnung 2024.;262
30;Gerichte;3010;Obergericht;;;3300.60;Planmässige Abschreibungen Mobilien;14000.0;;;14000.0;;;262
30;Gerichte;3010;Obergericht;;;3320.00;Planmässige Abschreibungen immaterielle Anlagen;58600.0;58600.0;;;;;262
30;Gerichte;3010;Obergericht;;;3610.00;Entschädigungen an Bund;500.0;500.0;90.0;;;;262
30;Gerichte;3010;Obergericht;;;3900.00;IV Material- und Warenbezüge;1500.0;;;1500.0;;;262
30;Gerichte;3010;Obergericht;;;3910.00;IV Dienstleistungen;22000.0;22000.0;23214.65;;;;262
30;Gerichte;3010;Obergericht;;;4210.00;Gebühren für Amtshandlungen;-400000.0;-280000.0;-391530.0;-120000.0;42.86;Erhöhung aufgrund gestiegener Fallzahlen.;262
30;Gerichte;3010;Obergericht;;;4240.00;Benützungsgebühren und Dienstleistungen;;;-618.15;;;;262
30;Gerichte;3010;Obergericht;;;4260.00;Rückerstattungen und Kostenbeteiligungen Dritter;-80000.0;-80000.0;-58400.3;;;;262
30;Gerichte;3010;Obergericht;;;4270.00;Bussen;-5000.0;-5000.0;-4150.0;;;;262
30;Gerichte;3010;Obergericht;;;4290.00;Übrige Entgelte;-3000.0;-3000.0;-70.0;;;;262
30;Gerichte;3020;Aufsichtsbehörde über das Anwaltswesen;;;3000.10;Sitzungsgelder Kommissionen;100000.0;100000.0;75836.75;;;;262
30;Gerichte;3020;Aufsichtsbehörde über das Anwaltswesen;;;3050.00;AG-Beiträge AHV, IV, EO, ALV, Verwaltungskosten;6500.0;6500.0;4802.0;;;;262
30;Gerichte;3020;Aufsichtsbehörde über das Anwaltswesen;;;3053.00;AG-Beiträge an Unfallversicherungen;500.0;500.0;257.1;;;;262
30;Gerichte;3020;Aufsichtsbehörde über das Anwaltswesen;;;3054.00;AG-Beiträge an Familienzulagekassen;1300.0;1300.0;985.9;;;;262
30;Gerichte;3020;Aufsichtsbehörde über das Anwaltswesen;;;3059.10;AG-Beiträge Sozialfonds;100.0;100.0;51.35;;;;262
30;Gerichte;3020;Aufsichtsbehörde über das Anwaltswesen;;;3100.00;Büromaterial;;;149.2;;;;262
30;Gerichte;3020;Aufsichtsbehörde über das Anwaltswesen;;;3102.00;Drucksachen, Publikationen;;;2232.25;;;;262
30;Gerichte;3020;Aufsichtsbehörde über das Anwaltswesen;;;3130.00;Dienstleistungen Dritter;;;382.7;;;;262
30;Gerichte;3020;Aufsichtsbehörde über das Anwaltswesen;;;3132.00;Honorare externe Berater, Gutachter, Fachexperten etc.;;;4648.0;;;;262
30;Gerichte;3020;Aufsichtsbehörde über das Anwaltswesen;;;3160.00;Mieten und Pachten Liegenschaften;300.0;3000.0;1830.0;-2700.0;-90.0;;262
30;Gerichte;3020;Aufsichtsbehörde über das Anwaltswesen;;;3170.00;Reisekosten und Spesen;;;91.8;;;;262
30;Gerichte;3020;Aufsichtsbehörde über das Anwaltswesen;;;3610.00;Entschädigungen an Bund;500.0;500.0;60.0;;;;262
30;Gerichte;3020;Aufsichtsbehörde über das Anwaltswesen;;;4210.00;Gebühren für Amtshandlungen;-50000.0;-50000.0;-22900.0;;;;262
30;Gerichte;3030;Kantonsgericht;;;3000.00;Löhne Behörden, Richter und Richterinnen;1106800.0;1004200.0;1026249.8;102600.0;10.22;Zusätzlich beantragte Stelle (50%).;263
30;Gerichte;3030;Kantonsgericht;;;3010.00;Löhne des Verwaltungs- und Betriebspersonals;2018200.0;1917900.0;1885246.05;100300.0;5.23;Zusätzlich beantragte Stelle (Gerichtsschreibende: 80%).;263
30;Gerichte;3030;Kantonsgericht;;;3010.95;Rückerstattungen Taggelder UV, EO, MSE, MV, IV für Verwaltungs- und Betriebspersonal;;;-6668.7;;;;263
30;Gerichte;3030;Kantonsgericht;;;3049.00;Übrige Zulagen;6800.0;6700.0;8002.3;100.0;1.49;;263
30;Gerichte;3030;Kantonsgericht;;;3050.00;AG-Beiträge AHV, IV, EO, ALV, Verwaltungskosten;203100.0;189900.0;187018.75;13200.0;6.95;;263
30;Gerichte;3030;Kantonsgericht;;;3052.00;AG-Beiträge an Pensionskassen;417500.0;390100.0;383806.85;27400.0;7.02;;263
30;Gerichte;3030;Kantonsgericht;;;3053.00;AG-Beiträge an Unfallversicherungen;18300.0;15800.0;14732.55;2500.0;15.82;;263
30;Gerichte;3030;Kantonsgericht;;;3054.00;AG-Beiträge an Familienzulagekassen;40600.0;37900.0;37687.55;2700.0;7.12;;263
30;Gerichte;3030;Kantonsgericht;;;3059.10;AG-Beiträge Sozialfonds;2500.0;2300.0;2210.75;200.0;8.7;;263
30;Gerichte;3030;Kantonsgericht;;;3064.00;Überbrückungsrenten;;;1296.0;;;;263
30;Gerichte;3030;Kantonsgericht;;;3090.00;Aus- und Weiterbildung des eigenen Personals;26000.0;25000.0;11438.0;1000.0;4.0;;263
30;Gerichte;3030;Kantonsgericht;;;3099.00;Übriger Personalaufwand;15900.0;7800.0;6548.1;8100.0;103.85;;263
30;Gerichte;3030;Kantonsgericht;;;3100.00;Büromaterial;14000.0;14000.0;13968.16;;;;263
30;Gerichte;3030;Kantonsgericht;;;3102.00;Drucksachen, Publikationen;900.0;;790.0;900.0;;;263
30;Gerichte;3030;Kantonsgericht;;;3103.00;Fachliteratur, Zeitschriften;19200.0;19000.0;14062.4;200.0;1.05;;263
30;Gerichte;3030;Kantonsgericht;;;3110.00;Büromöbel und -geräte;11500.0;500.0;350.0;11000.0;2200.0;Vier neue Arbeitsplätze.;263
30;Gerichte;3030;Kantonsgericht;;;3113.00;Hardware;26800.0;500.0;546.0;26300.0;5260.0;Im Wesentlichen Tablets.;263
30;Gerichte;3030;Kantonsgericht;;;3130.00;Dienstleistungen Dritter;3500.0;3300.0;3620.05;200.0;6.06;;263
30;Gerichte;3030;Kantonsgericht;;;3132.00;Honorare externe Berater, Gutachter, Fachexperten etc.;50000.0;40000.0;56785.56;10000.0;25.0;Im Wesentlichen Gutachterkosten. Anpassung an mehrjährigen Mittelwert.;263
30;Gerichte;3030;Kantonsgericht;;;3133.00;Informatik-Nutzungsaufwand;235700.0;182500.0;136584.6;53200.0;29.15;Im Wesentlichen Verpflichtungskredit für KI-Assistenztools «JustAI» (ITP0130) samt Betrieb sowie Betrieb der eJustizakte-Applikation «JAA».;263
30;Gerichte;3030;Kantonsgericht;;;3158.00;Unterhalt immaterielle Anlagen;182000.0;182000.0;;;;Wartungsgebühren der neuen Gerichtsdatenverwaltungssoftware (ITP5028).;263
30;Gerichte;3030;Kantonsgericht;;;3161.00;Mieten, Benützungskosten Anlagen;;;15076.3;;;;263
30;Gerichte;3030;Kantonsgericht;;;3170.00;Reisekosten und Spesen;7700.0;7700.0;6425.3;;;;263
30;Gerichte;3030;Kantonsgericht;;;3181.00;Tatsächliche Forderungsverluste;250000.0;150000.0;382805.55;100000.0;66.67;Anpassung an mehrjährigen Mittelwert.;263
30;Gerichte;3030;Kantonsgericht;;;3199.00;Übriger Betriebsaufwand;786000.0;786000.0;700528.73;;;;264
30;Gerichte;3030;Kantonsgericht;;;3300.60;Planmässige Abschreibungen Mobilien;160800.0;;;160800.0;;;264
30;Gerichte;3030;Kantonsgericht;;;3320.00;Planmässige Abschreibungen immaterielle Anlagen;146200.0;;;146200.0;;Software E-Justiz.;264
30;Gerichte;3030;Kantonsgericht;;;3610.00;Entschädigungen an Bund;4000.0;4000.0;3835.0;;;;264
30;Gerichte;3030;Kantonsgericht;;;3910.00;IV Dienstleistungen;98000.0;97000.0;95490.0;1000.0;1.03;;264
30;Gerichte;3030;Kantonsgericht;;;4210.00;Gebühren für Amtshandlungen;-1300000.0;-1000000.0;-1273663.6;-300000.0;30.0;Erhöhung aufgrund gestiegener Fallzahlen.;264
30;Gerichte;3030;Kantonsgericht;;;4240.00;Benützungsgebühren und Dienstleistungen;-3000.0;-3000.0;-3394.0;;;;264
30;Gerichte;3030;Kantonsgericht;;;4260.00;Rückerstattungen und Kostenbeteiligungen Dritter;-15000.0;-15000.0;;;;;264
30;Gerichte;3030;Kantonsgericht;;;4270.00;Bussen;-20000.0;-20000.0;-22880.0;;;;264
30;Gerichte;3030;Kantonsgericht;;;4290.00;Übrige Entgelte;-150000.0;-120000.0;-154800.9;-30000.0;25.0;Anpassung an mehrjährigen Mittelwert.;264
30;Gerichte;3030;Kantonsgericht;;;4301.00;Beschlagnahmte Vermögenswerte;-500.0;-2000.0;-460.0;1500.0;-75.0;;264
30;Gerichte;3030;Kantonsgericht;;;4910.10;IV Betreibungskosten;-22000.0;-20000.0;-21075.0;-2000.0;10.0;;264
30;Gerichte;3030;Kantonsgericht;;;4990.00;Übrige interne Verrechnungen;-89400.0;;;-89400.0;;Interne Verrechnung für ITP0098 (vgl. Finanzstelle 3032 und 3035).;264
30;Gerichte;3031;Kindes- und Erwachsenenschutzbehörde;;;3000.00;Löhne Behörden, Richter und Richterinnen;848800.0;771900.0;779739.4;76900.0;9.96;Zusätzlich beantragte Stelle (40%).;264
30;Gerichte;3031;Kindes- und Erwachsenenschutzbehörde;;;3010.00;Löhne des Verwaltungs- und Betriebspersonals;2004200.0;1835800.0;1597881.55;168400.0;9.17;"Zusätzlich beantragte Stellen (Rechtsdienst: 100%; Kanzlei: 60%; Abklärungsdienst: 60%; Pflegekinderaufsicht: -40%).";264
30;Gerichte;3031;Kindes- und Erwachsenenschutzbehörde;;;3010.95;Rückerstattungen Taggelder UV, EO, MSE, MV, IV für Verwaltungs- und Betriebspersonal;;;-2049.0;;;;264
30;Gerichte;3031;Kindes- und Erwachsenenschutzbehörde;;;3049.00;Übrige Zulagen;38000.0;;;38000.0;;;264
30;Gerichte;3031;Kindes- und Erwachsenenschutzbehörde;;;3050.00;AG-Beiträge AHV, IV, EO, ALV, Verwaltungskosten;185400.0;169500.0;155979.15;15900.0;9.38;;264
30;Gerichte;3031;Kindes- und Erwachsenenschutzbehörde;;;3052.00;AG-Beiträge an Pensionskassen;381200.0;348100.0;332969.6;33100.0;9.51;;264
30;Gerichte;3031;Kindes- und Erwachsenenschutzbehörde;;;3053.00;AG-Beiträge an Unfallversicherungen;17600.0;14100.0;13066.55;3500.0;24.82;;264
30;Gerichte;3031;Kindes- und Erwachsenenschutzbehörde;;;3054.00;AG-Beiträge an Familienzulagekassen;37100.0;33900.0;31342.1;3200.0;9.44;;264
30;Gerichte;3031;Kindes- und Erwachsenenschutzbehörde;;;3059.10;AG-Beiträge Sozialfonds;2300.0;2000.0;1873.05;300.0;15.0;;264
30;Gerichte;3031;Kindes- und Erwachsenenschutzbehörde;;;3064.00;Überbrückungsrenten;;;41342.0;;;;264
30;Gerichte;3031;Kindes- und Erwachsenenschutzbehörde;;;3090.00;Aus- und Weiterbildung des eigenen Personals;24500.0;22200.0;14736.4;2300.0;10.36;;264
30;Gerichte;3031;Kindes- und Erwachsenenschutzbehörde;;;3091.00;Personalwerbung;1500.0;1500.0;270.25;;;;264
30;Gerichte;3031;Kindes- und Erwachsenenschutzbehörde;;;3099.00;Übriger Personalaufwand;14200.0;3000.0;5580.6;11200.0;373.33;;264
30;Gerichte;3031;Kindes- und Erwachsenenschutzbehörde;;;3100.00;Büromaterial;8000.0;7500.0;7765.05;500.0;6.67;;265
30;Gerichte;3031;Kindes- und Erwachsenenschutzbehörde;;;3103.00;Fachliteratur, Zeitschriften;5000.0;4000.0;3222.15;1000.0;25.0;;265
30;Gerichte;3031;Kindes- und Erwachsenenschutzbehörde;;;3113.00;Hardware;4000.0;4000.0;3965.4;;;;265
30;Gerichte;3031;Kindes- und Erwachsenenschutzbehörde;;;3118.00;Immaterielle Anlagen;96300.0;91000.0;18989.75;5300.0;5.82;;265
30;Gerichte;3031;Kindes- und Erwachsenenschutzbehörde;;;3119.00;Übrige nicht aktivierbare Anlagen;5000.0;;;5000.0;;Bilder für Besprechungsräume.;265
30;Gerichte;3031;Kindes- und Erwachsenenschutzbehörde;;;3130.00;Dienstleistungen Dritter;144600.0;94200.0;78443.27;50400.0;53.5;Im Wesentlichen Eignungsabklärung und Schulung der privaten Mandatstragenden sowie Aufarbeitung bzw. Revision von Berichts- und Rechnungsablagen.;265
30;Gerichte;3031;Kindes- und Erwachsenenschutzbehörde;;;3132.00;Honorare externe Berater, Gutachter, Fachexperten etc.;260000.0;200000.0;308752.52;60000.0;30.0;Im Wesentlichen Gutachterkosten. Anpassung an mehrjährigen Mittelwert.;265
30;Gerichte;3031;Kindes- und Erwachsenenschutzbehörde;;;3133.00;Informatik-Nutzungsaufwand;187500.0;155300.0;102092.45;32200.0;20.73;Im Wesentlichen erhöhte Kosten aufgrund Betrieb und Miete von Notebooks.;265
30;Gerichte;3031;Kindes- und Erwachsenenschutzbehörde;;;3158.00;Unterhalt immaterielle Anlagen;41200.0;41200.0;37509.5;;;;265
30;Gerichte;3031;Kindes- und Erwachsenenschutzbehörde;;;3161.00;Mieten, Benützungskosten Anlagen;;;11674.5;;;;265
30;Gerichte;3031;Kindes- und Erwachsenenschutzbehörde;;;3170.00;Reisekosten und Spesen;8000.0;7000.0;10133.65;1000.0;14.29;;265
30;Gerichte;3031;Kindes- und Erwachsenenschutzbehörde;;;3181.00;Tatsächliche Forderungsverluste;25000.0;20000.0;39909.1;5000.0;25.0;;265
30;Gerichte;3031;Kindes- und Erwachsenenschutzbehörde;;;3190.00;Schadenersatzleistungen;60000.0;70000.0;11949.0;-10000.0;-14.29;;265
30;Gerichte;3031;Kindes- und Erwachsenenschutzbehörde;;;3199.00;Übriger Betriebsaufwand;205000.0;100000.0;281468.83;105000.0;105.0;Im Wesentlichen Aufwand für unentgeltliche Vertretung. Anpassung an mehrjährigen Mittelwert.;265
30;Gerichte;3031;Kindes- und Erwachsenenschutzbehörde;;;3610.00;Entschädigungen an Bund;500.0;500.0;;;;;265
30;Gerichte;3031;Kindes- und Erwachsenenschutzbehörde;;;3900.00;IV Material- und Warenbezüge;1300.0;;1258.0;1300.0;;;265
30;Gerichte;3031;Kindes- und Erwachsenenschutzbehörde;;;3910.00;IV Dienstleistungen;23000.0;23000.0;22000.0;;;;265
30;Gerichte;3031;Kindes- und Erwachsenenschutzbehörde;;;4210.00;Gebühren für Amtshandlungen;-360000.0;-350000.0;-364631.95;-10000.0;2.86;;265
30;Gerichte;3031;Kindes- und Erwachsenenschutzbehörde;;;4290.00;Übrige Entgelte;;;-341.55;;;;265
30;Gerichte;3032;Friedensrichteramt;;;3000.00;Löhne Behörden, Richter und Richterinnen;130900.0;136300.0;126834.5;-5400.0;-3.96;;265
30;Gerichte;3032;Friedensrichteramt;;;3010.00;Löhne des Verwaltungs- und Betriebspersonals;27100.0;26900.0;25021.0;200.0;0.74;;265
30;Gerichte;3032;Friedensrichteramt;;;3050.00;AG-Beiträge AHV, IV, EO, ALV, Verwaltungskosten;10300.0;10600.0;9843.6;-300.0;-2.83;;265
30;Gerichte;3032;Friedensrichteramt;;;3052.00;AG-Beiträge an Pensionskassen;21100.0;21700.0;16127.4;-600.0;-2.76;;265
30;Gerichte;3032;Friedensrichteramt;;;3053.00;AG-Beiträge an Unfallversicherungen;900.0;900.0;819.5;;;;265
30;Gerichte;3032;Friedensrichteramt;;;3054.00;AG-Beiträge an Familienzulagekassen;2000.0;2100.0;1966.9;-100.0;-4.76;;266
30;Gerichte;3032;Friedensrichteramt;;;3059.10;AG-Beiträge Sozialfonds;100.0;100.0;120.0;;;;266
30;Gerichte;3032;Friedensrichteramt;;;3090.00;Aus- und Weiterbildung des eigenen Personals;1500.0;1500.0;;;;;266
30;Gerichte;3032;Friedensrichteramt;;;3099.00;Übriger Personalaufwand;1200.0;700.0;320.0;500.0;71.43;;266
30;Gerichte;3032;Friedensrichteramt;;;3100.00;Büromaterial;1000.0;1000.0;792.25;;;;266
30;Gerichte;3032;Friedensrichteramt;;;3103.00;Fachliteratur, Zeitschriften;700.0;700.0;876.6;;;;266
30;Gerichte;3032;Friedensrichteramt;;;3130.00;Dienstleistungen Dritter;900.0;900.0;836.8;;;;266
30;Gerichte;3032;Friedensrichteramt;;;3133.00;Informatik-Nutzungsaufwand;15600.0;17300.0;9643.95;-1700.0;-9.83;;266
30;Gerichte;3032;Friedensrichteramt;;;3158.00;Unterhalt immaterielle Anlagen;4000.0;4000.0;;;;;266
30;Gerichte;3032;Friedensrichteramt;;;3161.00;Mieten, Benützungskosten Anlagen;;;1970.45;;;;266
30;Gerichte;3032;Friedensrichteramt;;;3170.00;Reisekosten und Spesen;600.0;600.0;60.0;;;;266
30;Gerichte;3032;Friedensrichteramt;;;3181.00;Tatsächliche Forderungsverluste;4000.0;4000.0;3756.95;;;;266
30;Gerichte;3032;Friedensrichteramt;;;3199.00;Übriger Betriebsaufwand;5000.0;8000.0;;-3000.0;-37.5;;266
30;Gerichte;3032;Friedensrichteramt;;;3610.00;Entschädigungen an Bund;100.0;100.0;;;;;266
30;Gerichte;3032;Friedensrichteramt;;;3910.00;IV Dienstleistungen;8100.0;8100.0;8000.0;;;;266
30;Gerichte;3032;Friedensrichteramt;;;3990.00;Übrige interne Verrechnungen;44700.0;;;44700.0;;Interne Verrechnung für ITP0098 (vgl. Finanzstelle 3030).;266
30;Gerichte;3032;Friedensrichteramt;;;4210.00;Gebühren für Amtshandlungen;-60000.0;-40000.0;-70170.0;-20000.0;50.0;Anpassung an mehrjährigen Mittelwert.;266
30;Gerichte;3032;Friedensrichteramt;;;4270.00;Bussen;-2000.0;;;-2000.0;;;266
30;Gerichte;3035;Kantonale Schlichtungsstelle für Mietsachen;;;3000.00;Löhne Behörden, Richter und Richterinnen;147500.0;146900.0;150846.6;600.0;0.41;;266
30;Gerichte;3035;Kantonale Schlichtungsstelle für Mietsachen;;;3000.10;Sitzungsgelder Kommissionen;40500.0;40500.0;46418.9;;;;266
30;Gerichte;3035;Kantonale Schlichtungsstelle für Mietsachen;;;3010.00;Löhne des Verwaltungs- und Betriebspersonals;8900.0;9000.0;8411.0;-100.0;-1.11;;266
30;Gerichte;3035;Kantonale Schlichtungsstelle für Mietsachen;;;3050.00;AG-Beiträge AHV, IV, EO, ALV, Verwaltungskosten;12800.0;12800.0;12329.85;;;;266
30;Gerichte;3035;Kantonale Schlichtungsstelle für Mietsachen;;;3052.00;AG-Beiträge an Pensionskassen;20900.0;20800.0;22593.0;100.0;0.48;;266
30;Gerichte;3035;Kantonale Schlichtungsstelle für Mietsachen;;;3053.00;AG-Beiträge an Unfallversicherungen;1200.0;1000.0;930.2;200.0;20.0;;266
30;Gerichte;3035;Kantonale Schlichtungsstelle für Mietsachen;;;3054.00;AG-Beiträge an Familienzulagekassen;2600.0;2500.0;2465.4;100.0;4.0;;266
30;Gerichte;3035;Kantonale Schlichtungsstelle für Mietsachen;;;3059.10;AG-Beiträge Sozialfonds;200.0;200.0;150.9;;;;266
30;Gerichte;3035;Kantonale Schlichtungsstelle für Mietsachen;;;3090.00;Aus- und Weiterbildung des eigenen Personals;1100.0;1000.0;;100.0;10.0;;266
30;Gerichte;3035;Kantonale Schlichtungsstelle für Mietsachen;;;3099.00;Übriger Personalaufwand;900.0;300.0;;600.0;200.0;;266
30;Gerichte;3035;Kantonale Schlichtungsstelle für Mietsachen;;;3100.00;Büromaterial;2000.0;2000.0;739.56;;;;266
30;Gerichte;3035;Kantonale Schlichtungsstelle für Mietsachen;;;3102.00;Drucksachen, Publikationen;;;15.0;;;;267
30;Gerichte;3035;Kantonale Schlichtungsstelle für Mietsachen;;;3103.00;Fachliteratur, Zeitschriften;1000.0;1000.0;1107.75;;;;267
30;Gerichte;3035;Kantonale Schlichtungsstelle für Mietsachen;;;3130.00;Dienstleistungen Dritter;;;900.0;;;;267
30;Gerichte;3035;Kantonale Schlichtungsstelle für Mietsachen;;;3133.00;Informatik-Nutzungsaufwand;4600.0;8700.0;4315.6;-4100.0;-47.13;;267
30;Gerichte;3035;Kantonale Schlichtungsstelle für Mietsachen;;;3158.00;Unterhalt immaterielle Anlagen;3000.0;3000.0;;;;;267
30;Gerichte;3035;Kantonale Schlichtungsstelle für Mietsachen;;;3161.00;Mieten, Benützungskosten Anlagen;;;1344.8;;;;267
30;Gerichte;3035;Kantonale Schlichtungsstelle für Mietsachen;;;3170.00;Reisekosten und Spesen;400.0;400.0;142.0;;;;267
30;Gerichte;3035;Kantonale Schlichtungsstelle für Mietsachen;;;3199.00;Übriger Betriebsaufwand;2000.0;2000.0;;;;;267
30;Gerichte;3035;Kantonale Schlichtungsstelle für Mietsachen;;;3610.00;Entschädigungen an Bund;100.0;100.0;75.0;;;;267
30;Gerichte;3035;Kantonale Schlichtungsstelle für Mietsachen;;;3990.00;Übrige interne Verrechnungen;44700.0;;;44700.0;;Interne Verrechnung für ITP0098 (vgl. Finanzstelle 3030).;267
30;Gerichte;3035;Kantonale Schlichtungsstelle für Mietsachen;;;4210.00;Gebühren für Amtshandlungen;;;-700.0;;;;267
30;Gerichte;3036;Kantonale Schlichtungsstelle bei Diskriminierungen im Erwerbsleben;;;3000.10;Sitzungsgelder Kommissionen;1000.0;1000.0;;;;;267
30;Gerichte;3036;Kantonale Schlichtungsstelle bei Diskriminierungen im Erwerbsleben;;;3050.00;AG-Beiträge AHV, IV, EO, ALV, Verwaltungskosten;100.0;100.0;;;;;267
30;Gerichte;3036;Kantonale Schlichtungsstelle bei Diskriminierungen im Erwerbsleben;;;3103.00;Fachliteratur, Zeitschriften;200.0;200.0;;;;;267
30;Gerichte;3036;Kantonale Schlichtungsstelle bei Diskriminierungen im Erwerbsleben;;;3130.00;Dienstleistungen Dritter;700.0;700.0;;;;;267
30;Gerichte;3036;Kantonale Schlichtungsstelle bei Diskriminierungen im Erwerbsleben;;;3199.00;Übriger Betriebsaufwand;500.0;500.0;;;;;267
30;Gerichte;3037;Kommission für Enteignungen, Gebäudeversicherung und Brandschutz;;;3000.10;Sitzungsgelder Kommissionen;15000.0;15000.0;17187.3;;;;267
30;Gerichte;3037;Kommission für Enteignungen, Gebäudeversicherung und Brandschutz;;;3050.00;AG-Beiträge AHV, IV, EO, ALV, Verwaltungskosten;1000.0;1000.0;853.05;;;;267
30;Gerichte;3037;Kommission für Enteignungen, Gebäudeversicherung und Brandschutz;;;3053.00;AG-Beiträge an Unfallversicherungen;100.0;100.0;26.9;;;;267
30;Gerichte;3037;Kommission für Enteignungen, Gebäudeversicherung und Brandschutz;;;3054.00;AG-Beiträge an Familienzulagekassen;200.0;200.0;170.55;;;;267
30;Gerichte;3037;Kommission für Enteignungen, Gebäudeversicherung und Brandschutz;;;3059.10;AG-Beiträge Sozialfonds;;;10.5;;;;267
30;Gerichte;3037;Kommission für Enteignungen, Gebäudeversicherung und Brandschutz;;;3170.00;Reisekosten und Spesen;500.0;500.0;223.8;;;;267
30;Gerichte;3037;Kommission für Enteignungen, Gebäudeversicherung und Brandschutz;;;4210.00;Gebühren für Amtshandlungen;-1000.0;-1000.0;-1500.0;;;;267
30;Gerichte;3040;Schätzungskommission für Wildschäden;;;3000.10;Sitzungsgelder Kommissionen;20000.0;18000.0;21700.0;2000.0;11.11;;267
30;Gerichte;3040;Schätzungskommission für Wildschäden;;;3050.00;AG-Beiträge AHV, IV, EO, ALV, Verwaltungskosten;1300.0;1200.0;351.1;100.0;8.33;;267
30;Gerichte;3040;Schätzungskommission für Wildschäden;;;3053.00;AG-Beiträge an Unfallversicherungen;100.0;100.0;31.25;;;;268
30;Gerichte;3040;Schätzungskommission für Wildschäden;;;3054.00;AG-Beiträge an Familienzulagekassen;300.0;200.0;70.2;100.0;50.0;;268
30;Gerichte;3040;Schätzungskommission für Wildschäden;;;3059.10;AG-Beiträge Sozialfonds;;;4.3;;;;268
30;Gerichte;3040;Schätzungskommission für Wildschäden;;;3170.00;Reisekosten und Spesen;2500.0;2500.0;3009.1;;;;268
30;Gerichte;3095;Betreibungs- und Konkursamt Schaffhausen;;;3010.00;Löhne des Verwaltungs- und Betriebspersonals;2524100.0;2254100.0;2071675.3;270000.0;11.98;"Zusätzlich beantragte Stellen (Konkursamt: 100%; Betreibungsamt: 200%).";268
30;Gerichte;3095;Betreibungs- und Konkursamt Schaffhausen;;;3010.95;Rückerstattungen Taggelder UV, EO, MSE, MV, IV für Verwaltungs- und Betriebspersonal;;;-9705.85;;;;268
30;Gerichte;3095;Betreibungs- und Konkursamt Schaffhausen;;;3050.00;AG-Beiträge AHV, IV, EO, ALV, Verwaltungskosten;164100.0;146600.0;134356.85;17500.0;11.94;;268
30;Gerichte;3095;Betreibungs- und Konkursamt Schaffhausen;;;3052.00;AG-Beiträge an Pensionskassen;337200.0;301000.0;238726.85;36200.0;12.03;;268
30;Gerichte;3095;Betreibungs- und Konkursamt Schaffhausen;;;3053.00;AG-Beiträge an Unfallversicherungen;15600.0;12200.0;11353.9;3400.0;27.87;;268
30;Gerichte;3095;Betreibungs- und Konkursamt Schaffhausen;;;3054.00;AG-Beiträge an Familienzulagekassen;32800.0;29300.0;26862.6;3500.0;11.95;;268
30;Gerichte;3095;Betreibungs- und Konkursamt Schaffhausen;;;3059.10;AG-Beiträge Sozialfonds;2000.0;1800.0;1653.9;200.0;11.11;;268
30;Gerichte;3095;Betreibungs- und Konkursamt Schaffhausen;;;3064.00;Überbrückungsrenten;;;754.0;;;;268
30;Gerichte;3095;Betreibungs- und Konkursamt Schaffhausen;;;3090.00;Aus- und Weiterbildung des eigenen Personals;28000.0;25000.0;17581.95;3000.0;12.0;;268
30;Gerichte;3095;Betreibungs- und Konkursamt Schaffhausen;;;3091.00;Personalwerbung;1000.0;1000.0;480.0;;;;268
30;Gerichte;3095;Betreibungs- und Konkursamt Schaffhausen;;;3099.00;Übriger Personalaufwand;15500.0;3600.0;4160.41;11900.0;330.56;;268
30;Gerichte;3095;Betreibungs- und Konkursamt Schaffhausen;;;3100.00;Büromaterial;10000.0;10000.0;11449.31;;;;268
30;Gerichte;3095;Betreibungs- und Konkursamt Schaffhausen;;;3102.00;Drucksachen, Publikationen;1000.0;1000.0;175.4;;;;268
30;Gerichte;3095;Betreibungs- und Konkursamt Schaffhausen;;;3103.00;Fachliteratur, Zeitschriften;4000.0;4000.0;2750.6;;;;268
30;Gerichte;3095;Betreibungs- und Konkursamt Schaffhausen;;;3111.00;Maschinen, Geräte und Fahrzeuge;45000.0;;42929.35;45000.0;;Zweites Dienstfahrzeug für Aussendiensttätigkeiten.;268
30;Gerichte;3095;Betreibungs- und Konkursamt Schaffhausen;;;3113.00;Hardware;9000.0;8000.0;2687.65;1000.0;12.5;;268
30;Gerichte;3095;Betreibungs- und Konkursamt Schaffhausen;;;3118.00;Immaterielle Anlagen;103400.0;2600.0;102152.55;100800.0;3876.92;Im Wesentlichen zusätzliche Lizenzen sowie IT-Digitalisierungsprojekte im Konkurswesen (MPP-299 und MPP- 301).;268
30;Gerichte;3095;Betreibungs- und Konkursamt Schaffhausen;;;3120.00;Ver- und Entsorgung Liegenschaften VV;2000.0;2000.0;586.8;;;;268
30;Gerichte;3095;Betreibungs- und Konkursamt Schaffhausen;;;3130.00;Dienstleistungen Dritter;1130000.0;893000.0;966238.43;237000.0;26.54;Im Wesentlichen erhöhte Portokosten aufgrund erhöhter Fallzahlen.;268
30;Gerichte;3095;Betreibungs- und Konkursamt Schaffhausen;;;3133.00;Informatik-Nutzungsaufwand;245600.0;282700.0;225189.85;-37100.0;-13.12;Im Wesentlichen tiefere Software- Betriebskosten aufgrund der Mandantenzusammenlegung im Betreibungswesen.;269
30;Gerichte;3095;Betreibungs- und Konkursamt Schaffhausen;;;3134.00;Sachversicherungsprämien;8000.0;9000.0;-646.25;-1000.0;-11.11;;269
30;Gerichte;3095;Betreibungs- und Konkursamt Schaffhausen;;;3151.00;Unterhalt Maschinen, Geräte, Fahrzeuge;3000.0;3000.0;;;;;269
30;Gerichte;3095;Betreibungs- und Konkursamt Schaffhausen;;;3153.00;Informatik-Unterhalt (Hardware);900.0;900.0;;;;;269
30;Gerichte;3095;Betreibungs- und Konkursamt Schaffhausen;;;3158.00;Unterhalt immaterielle Anlagen;84600.0;59100.0;44904.7;25500.0;43.15;Im Wesentlichen höhere Unterhaltskosten der Betreibungs- und Konkurssoftware aufgrund von weiteren Lizenzen und Softwareoptimierungen.;269
30;Gerichte;3095;Betreibungs- und Konkursamt Schaffhausen;;;3160.00;Mieten und Pachten Liegenschaften;14000.0;11000.0;13507.6;3000.0;27.27;;269
30;Gerichte;3095;Betreibungs- und Konkursamt Schaffhausen;;;3161.00;Mieten, Benützungskosten Anlagen;;;30814.2;;;;269
30;Gerichte;3095;Betreibungs- und Konkursamt Schaffhausen;;;3170.00;Reisekosten und Spesen;12000.0;12000.0;10351.15;;;;269
30;Gerichte;3095;Betreibungs- und Konkursamt Schaffhausen;;;3181.00;Tatsächliche Forderungsverluste;25000.0;15000.0;24206.76;10000.0;66.67;;269
30;Gerichte;3095;Betreibungs- und Konkursamt Schaffhausen;;;3199.00;Übriger Betriebsaufwand;;;394.45;;;;269
30;Gerichte;3095;Betreibungs- und Konkursamt Schaffhausen;;;3320.00;Planmässige Abschreibungen immaterielle Anlagen;;;59176.25;;;;269
30;Gerichte;3095;Betreibungs- und Konkursamt Schaffhausen;;;3630.00;Beiträge an den Bund;30000.0;30000.0;15658.5;;;;269
30;Gerichte;3095;Betreibungs- und Konkursamt Schaffhausen;;;3910.00;IV Dienstleistungen;50000.0;50000.0;35854.1;;;;269
30;Gerichte;3095;Betreibungs- und Konkursamt Schaffhausen;;;4210.00;Gebühren für Amtshandlungen;-4450000.0;-3600000.0;-4040854.01;-850000.0;23.61;Anpassung an die zunehmende Anzahl an Betreibungen und Konkursen.;269
30;Gerichte;3095;Betreibungs- und Konkursamt Schaffhausen;;;4910.10;IV Betreibungskosten;-415000.0;-415000.0;-424946.4;;;;269
