departement;departement_name;dienststelle;dienststelle_name;spezialfinanzierung;spezialfinanzierung_name;konto;bezeichnung;budget_2027;budget_2026;rechnung_2025;abweichung;prozent;kommentar;seite
10;Kantonsrat;1000;Kantonsrat;;;3000.00;Löhne Behörden, Richter und Richterinnen;324800.0;785700.0;364583.9;-460900.0;-58.66;Neue Kontierung ab Rechnung 2025: Sitzungsgelder Kantonsrat auf Konto 1000.3000.00/Sitzungsgelder Spezialkommissionen und ständige Kommissionen sowie Grundpauschalen Kantonsrat und Grundpauschlaen ständige Kommissionen auf Konto 1000.3000.10.;111
10;Kantonsrat;1000;Kantonsrat;;;3000.10;Sitzungsgelder Kommissionen;669900.0;209000.0;666983.7;460900.0;220.53;Neue Kontierung ab Rechnung 2025: Sitzungsgelder Kantonsrat auf Konto 1000.3000.00/Sitzungsgelder Spezialkommissionen und ständige Kommissionen sowie Grundpauschalen Kantonsrat und Grundpauschalen ständige Kommissionen auf Konto 1000.3000.10.;111
10;Kantonsrat;1000;Kantonsrat;;;3010.00;Löhne des Verwaltungs- und Betriebspersonals;378500.0;389300.0;327560.6;-10800.0;-2.77;;111
10;Kantonsrat;1000;Kantonsrat;;;3010.95;Rückerstattungen Taggelder UV, EO, MSE, MV, IV für Verwaltungs- und Betriebspersonal;;;-16381.45;;;;111
10;Kantonsrat;1000;Kantonsrat;;;3050.00;AG-Beiträge AHV, IV, EO, ALV, Verwaltungskosten;89300.0;90000.0;51681.45;-700.0;-0.78;;111
10;Kantonsrat;1000;Kantonsrat;;;3052.00;AG-Beiträge an Pensionskassen;42000.0;52000.0;41764.2;-10000.0;-19.23;;111
10;Kantonsrat;1000;Kantonsrat;;;3053.00;AG-Beiträge an Unfallversicherungen;8400.0;7500.0;1619.0;900.0;12.0;;111
10;Kantonsrat;1000;Kantonsrat;;;3054.00;AG-Beiträge an Familienzulagekassen;16500.0;18000.0;10357.7;-1500.0;-8.33;;111
10;Kantonsrat;1000;Kantonsrat;;;3059.10;AG-Beiträge Sozialfonds;1100.0;1100.0;629.2;;;;111
10;Kantonsrat;1000;Kantonsrat;;;3090.00;Aus- und Weiterbildung des eigenen Personals;6000.0;6000.0;100.0;;;;111
10;Kantonsrat;1000;Kantonsrat;;;3099.00;Übriger Personalaufwand;7000.0;13000.0;23606.0;-6000.0;-46.15;;111
10;Kantonsrat;1000;Kantonsrat;;;3100.00;Büromaterial;2500.0;2000.0;2486.92;500.0;25.0;;111
10;Kantonsrat;1000;Kantonsrat;;;3101.00;Betriebs- und Verbrauchsmaterial;1000.0;1000.0;133.05;;;;111
10;Kantonsrat;1000;Kantonsrat;;;3102.00;Drucksachen, Publikationen;84600.0;84600.0;57408.75;;;;111
10;Kantonsrat;1000;Kantonsrat;;;3103.00;Fachliteratur, Zeitschriften;700.0;400.0;688.0;300.0;75.0;;111
10;Kantonsrat;1000;Kantonsrat;;;3118.00;Immaterielle Anlagen;24700.0;20000.0;24700.95;4700.0;23.5;;111
10;Kantonsrat;1000;Kantonsrat;;;3130.00;Dienstleistungen Dritter;143800.0;143800.0;68045.44;;;;111
10;Kantonsrat;1000;Kantonsrat;;;3133.00;Informatik-Nutzungsaufwand;64200.0;81600.0;57452.55;-17400.0;-21.32;Tiefere Budgetierung aufgrund Erfahrungswerte Vorjahre.;112
10;Kantonsrat;1000;Kantonsrat;;;3161.00;Mieten, Benützungskosten Anlagen;200.0;3500.0;209.3;-3300.0;-94.29;;112
10;Kantonsrat;1000;Kantonsrat;;;3170.00;Reisekosten und Spesen;61000.0;61000.0;54476.45;;;;112
10;Kantonsrat;1000;Kantonsrat;;;3199.00;Übriger Betriebsaufwand;16700.0;11500.0;5740.67;5200.0;45.22;;112
10;Kantonsrat;1000;Kantonsrat;;;3636.00;Beiträge an private Organisationen ohne Erwerbszweck;48000.0;48000.0;48000.0;;;;112
10;Kantonsrat;1000;Kantonsrat;;;3910.00;IV Dienstleistungen;11900.0;11900.0;9188.4;;;;112
10;Kantonsrat;1050;Ombudsstelle;;;3010.00;Löhne des Verwaltungs- und Betriebspersonals;147500.0;125400.0;;22100.0;17.62;Erstmals für 12 Monate budgetiert (Besoldungskosten gemäss Vorlage ADS 24-85, S. 22);112
10;Kantonsrat;1050;Ombudsstelle;;;3050.00;AG-Beiträge AHV, IV, EO, ALV, Verwaltungskosten;9600.0;8100.0;;1500.0;18.52;;112
10;Kantonsrat;1050;Ombudsstelle;;;3052.00;AG-Beiträge an Pensionskassen;16400.0;16800.0;;-400.0;-2.38;;112
10;Kantonsrat;1050;Ombudsstelle;;;3053.00;AG-Beiträge an Unfallversicherungen;900.0;700.0;;200.0;28.57;;112
10;Kantonsrat;1050;Ombudsstelle;;;3054.00;AG-Beiträge an Familienzulagekassen;1800.0;1600.0;;200.0;12.5;;112
10;Kantonsrat;1050;Ombudsstelle;;;3059.10;AG-Beiträge Sozialfonds;100.0;100.0;;;;;112
10;Kantonsrat;1050;Ombudsstelle;;;3090.00;Aus- und Weiterbildung des eigenen Personals;3000.0;3000.0;;;;;112
10;Kantonsrat;1050;Ombudsstelle;;;3099.00;Übriger Personalaufwand;3000.0;3000.0;;;;;112
10;Kantonsrat;1050;Ombudsstelle;;;3100.00;Büromaterial;2000.0;2000.0;;;;;112
10;Kantonsrat;1050;Ombudsstelle;;;3101.00;Betriebs- und Verbrauchsmaterial;2000.0;2000.0;;;;;112
10;Kantonsrat;1050;Ombudsstelle;;;3102.00;Drucksachen, Publikationen;6000.0;10000.0;;-4000.0;-40.0;;112
10;Kantonsrat;1050;Ombudsstelle;;;3103.00;Fachliteratur, Zeitschriften;3000.0;3000.0;;;;;112
10;Kantonsrat;1050;Ombudsstelle;;;3130.00;Dienstleistungen Dritter;9000.0;10000.0;;-1000.0;-10.0;;112
10;Kantonsrat;1050;Ombudsstelle;;;3133.00;Informatik-Nutzungsaufwand;10000.0;10000.0;;;;;112
10;Kantonsrat;1050;Ombudsstelle;;;3160.00;Mieten und Pachten Liegenschaften;21800.0;24000.0;;-2200.0;-9.17;;112
10;Kantonsrat;1050;Ombudsstelle;;;3170.00;Reisekosten und Spesen;2000.0;4000.0;;-2000.0;-50.0;;112
10;Kantonsrat;1050;Ombudsstelle;;;3199.00;Übriger Betriebsaufwand;5000.0;10000.0;;-5000.0;-50.0;;112
20;Regierungsrat/Staatskanzlei;2000;Regierungsrat;;;3000.00;Löhne Behörden, Richter und Richterinnen;1376000.0;1374500.0;1370325.4;1500.0;0.11;;113
20;Regierungsrat/Staatskanzlei;2000;Regierungsrat;;;3050.00;AG-Beiträge AHV, IV, EO, ALV, Verwaltungskosten;89400.0;89400.0;82175.45;;;;113
20;Regierungsrat/Staatskanzlei;2000;Regierungsrat;;;3052.00;AG-Beiträge an Pensionskassen;152700.0;183700.0;239700.0;-31000.0;-16.88;;113
20;Regierungsrat/Staatskanzlei;2000;Regierungsrat;;;3053.00;AG-Beiträge an Unfallversicherungen;8400.0;7700.0;4017.0;700.0;9.09;;113
20;Regierungsrat/Staatskanzlei;2000;Regierungsrat;;;3054.00;AG-Beiträge an Familienzulagekassen;16500.0;17900.0;17813.2;-1400.0;-7.82;;113
20;Regierungsrat/Staatskanzlei;2000;Regierungsrat;;;3059.10;AG-Beiträge Sozialfonds;1100.0;1100.0;594.0;;;;113
20;Regierungsrat/Staatskanzlei;2000;Regierungsrat;;;3064.00;Überbrückungsrenten;23500.0;23500.0;23520.0;;;;113
20;Regierungsrat/Staatskanzlei;2000;Regierungsrat;;;3090.00;Aus- und Weiterbildung des eigenen Personals;12000.0;12000.0;11125.8;;;;113
20;Regierungsrat/Staatskanzlei;2000;Regierungsrat;;;3170.00;Reisekosten und Spesen;75000.0;75000.0;50001.0;;;;113
20;Regierungsrat/Staatskanzlei;2000;Regierungsrat;;;3199.00;Übriger Betriebsaufwand;10500.0;16000.0;10517.98;-5500.0;-34.38;;113
20;Regierungsrat/Staatskanzlei;2000;Regierungsrat;;;4309.00;Übrige betriebliche Erträge;-185000.0;-174600.0;-183561.2;-10400.0;5.96;;113
20;Regierungsrat/Staatskanzlei;2010;Staatskanzlei;;;3010.00;Löhne des Verwaltungs- und Betriebspersonals;1492800.0;1566700.0;1471472.05;-73900.0;-4.72;;113
20;Regierungsrat/Staatskanzlei;2010;Staatskanzlei;;;3010.95;Rückerstattungen Taggelder UV, EO, MSE, MV, IV für Verwaltungs- und Betriebspersonal;;;-1677.75;;;;113
20;Regierungsrat/Staatskanzlei;2010;Staatskanzlei;;;3050.00;AG-Beiträge AHV, IV, EO, ALV, Verwaltungskosten;97000.0;101800.0;93737.85;-4800.0;-4.72;;113
20;Regierungsrat/Staatskanzlei;2010;Staatskanzlei;;;3052.00;AG-Beiträge an Pensionskassen;165700.0;209300.0;206327.6;-43600.0;-20.83;;113
20;Regierungsrat/Staatskanzlei;2010;Staatskanzlei;;;3053.00;AG-Beiträge an Unfallversicherungen;9100.0;9100.0;7153.65;;;;113
20;Regierungsrat/Staatskanzlei;2010;Staatskanzlei;;;3054.00;AG-Beiträge an Familienzulagekassen;17900.0;20300.0;19079.45;-2400.0;-11.82;;113
20;Regierungsrat/Staatskanzlei;2010;Staatskanzlei;;;3059.10;AG-Beiträge Sozialfonds;1200.0;1200.0;1053.4;;;;113
20;Regierungsrat/Staatskanzlei;2010;Staatskanzlei;;;3090.00;Aus- und Weiterbildung des eigenen Personals;12000.0;12000.0;8132.05;;;;113
20;Regierungsrat/Staatskanzlei;2010;Staatskanzlei;;;3091.00;Personalwerbung;;;100.0;;;;113
20;Regierungsrat/Staatskanzlei;2010;Staatskanzlei;;;3099.00;Übriger Personalaufwand;8000.0;8000.0;3630.35;;;;113
20;Regierungsrat/Staatskanzlei;2010;Staatskanzlei;;;3100.00;Büromaterial;9400.0;10000.0;9402.42;-600.0;-6.0;;113
20;Regierungsrat/Staatskanzlei;2010;Staatskanzlei;;;3101.00;Betriebs- und Verbrauchsmaterial;208400.0;180000.0;208443.39;28400.0;15.78;Kostensteigerung beim Papiereinkauf.;113
20;Regierungsrat/Staatskanzlei;2010;Staatskanzlei;;;3102.00;Drucksachen, Publikationen;76400.0;77000.0;61395.65;-600.0;-0.78;;113
20;Regierungsrat/Staatskanzlei;2010;Staatskanzlei;;;3103.00;Fachliteratur, Zeitschriften;10200.0;6400.0;10172.18;3800.0;59.38;;113
20;Regierungsrat/Staatskanzlei;2010;Staatskanzlei;;;3110.00;Büromöbel und -geräte;4900.0;6000.0;4931.94;-1100.0;-18.33;;113
20;Regierungsrat/Staatskanzlei;2010;Staatskanzlei;;;3113.00;Hardware;3000.0;4000.0;2952.85;-1000.0;-25.0;;114
20;Regierungsrat/Staatskanzlei;2010;Staatskanzlei;;;3130.00;Dienstleistungen Dritter;82600.0;71600.0;49005.45;11000.0;15.36;;114
20;Regierungsrat/Staatskanzlei;2010;Staatskanzlei;;;3133.00;Informatik-Nutzungsaufwand;98700.0;184400.0;98700.69;-85700.0;-46.48;;114
20;Regierungsrat/Staatskanzlei;2010;Staatskanzlei;;;3137.00;Steuern und Abgaben;6800.0;10000.0;6773.46;-3200.0;-32.0;;114
20;Regierungsrat/Staatskanzlei;2010;Staatskanzlei;;;3150.00;Unterhalt Büromöbel und -geräte;1000.0;3000.0;841.55;-2000.0;-66.67;;114
20;Regierungsrat/Staatskanzlei;2010;Staatskanzlei;;;3151.00;Unterhalt Maschinen, Geräte, Fahrzeuge;400.0;;447.55;400.0;;;114
20;Regierungsrat/Staatskanzlei;2010;Staatskanzlei;;;3158.00;Unterhalt immaterielle Anlagen;16000.0;9000.0;5790.25;7000.0;77.78;;114
20;Regierungsrat/Staatskanzlei;2010;Staatskanzlei;;;3161.00;Mieten, Benützungskosten Anlagen;10900.0;30000.0;10921.39;-19100.0;-63.67;;114
20;Regierungsrat/Staatskanzlei;2010;Staatskanzlei;;;3170.00;Reisekosten und Spesen;14000.0;12000.0;13993.7;2000.0;16.67;;114
20;Regierungsrat/Staatskanzlei;2010;Staatskanzlei;;;3181.00;Tatsächliche Forderungsverluste;3300.0;4000.0;3250.0;-700.0;-17.5;;114
20;Regierungsrat/Staatskanzlei;2010;Staatskanzlei;;;3199.00;Übriger Betriebsaufwand;12600.0;10000.0;12614.45;2600.0;26.0;;114
20;Regierungsrat/Staatskanzlei;2010;Staatskanzlei;;;3499.00;Übriger Finanzaufwand;1200.0;1200.0;407.0;;;;114
20;Regierungsrat/Staatskanzlei;2010;Staatskanzlei;;;3610.00;Entschädigungen an Bund;-20200.0;-13000.0;-20185.07;-7200.0;55.38;;114
20;Regierungsrat/Staatskanzlei;2010;Staatskanzlei;;;4210.00;Gebühren für Amtshandlungen;-220000.0;-179000.0;-222626.55;-41000.0;22.91;Erhöhte Nachfrage nach Apostillen und Überbeglaubigungen.;114
20;Regierungsrat/Staatskanzlei;2010;Staatskanzlei;;;4250.00;Verkäufe;-230000.0;-230000.0;-195667.65;;;;114
20;Regierungsrat/Staatskanzlei;2010;Staatskanzlei;;;4632.10;Laufende Betriebsbeiträge von innerkantonalen Gemeinden und Gemeindezweckverbände;-69000.0;-69000.0;-68928.0;;;;114
20;Regierungsrat/Staatskanzlei;2010;Staatskanzlei;;;4900.00;IV Material- und Warenbezüge;-12500.0;-17000.0;-12519.35;4500.0;-26.47;;114
20;Regierungsrat/Staatskanzlei;2010;Staatskanzlei;;;4910.00;IV Dienstleistungen;-32900.0;-32900.0;-28918.6;;;;114
20;Regierungsrat/Staatskanzlei;2030;Staatsarchiv;;;3010.00;Löhne des Verwaltungs- und Betriebspersonals;568000.0;565200.0;559020.0;2800.0;0.5;;114
20;Regierungsrat/Staatskanzlei;2030;Staatsarchiv;;;3010.95;Rückerstattungen Taggelder UV, EO, MSE, MV, IV für Verwaltungs- und Betriebspersonal;;;-18006.1;;;;114
20;Regierungsrat/Staatskanzlei;2030;Staatsarchiv;;;3050.00;AG-Beiträge AHV, IV, EO, ALV, Verwaltungskosten;36900.0;36700.0;36355.05;200.0;0.54;;114
20;Regierungsrat/Staatskanzlei;2030;Staatsarchiv;;;3052.00;AG-Beiträge an Pensionskassen;63000.0;75500.0;64829.4;-12500.0;-16.56;;114
20;Regierungsrat/Staatskanzlei;2030;Staatsarchiv;;;3053.00;AG-Beiträge an Unfallversicherungen;3500.0;3300.0;2938.7;200.0;6.06;;114
20;Regierungsrat/Staatskanzlei;2030;Staatsarchiv;;;3054.00;AG-Beiträge an Familienzulagekassen;6800.0;7300.0;7270.15;-500.0;-6.85;;114
20;Regierungsrat/Staatskanzlei;2030;Staatsarchiv;;;3059.10;AG-Beiträge Sozialfonds;500.0;400.0;447.25;100.0;25.0;;114
20;Regierungsrat/Staatskanzlei;2030;Staatsarchiv;;;3090.00;Aus- und Weiterbildung des eigenen Personals;5600.0;7000.0;1989.37;-1400.0;-20.0;;114
20;Regierungsrat/Staatskanzlei;2030;Staatsarchiv;;;3091.00;Personalwerbung;500.0;500.0;;;;;114
20;Regierungsrat/Staatskanzlei;2030;Staatsarchiv;;;3100.00;Büromaterial;2300.0;3000.0;2260.46;-700.0;-23.33;;114
20;Regierungsrat/Staatskanzlei;2030;Staatsarchiv;;;3101.00;Betriebs- und Verbrauchsmaterial;21100.0;20000.0;21138.3;1100.0;5.5;;114
20;Regierungsrat/Staatskanzlei;2030;Staatsarchiv;;;3103.00;Fachliteratur, Zeitschriften;4500.0;7000.0;4489.15;-2500.0;-35.71;;115
20;Regierungsrat/Staatskanzlei;2030;Staatsarchiv;;;3111.00;Maschinen, Geräte und Fahrzeuge;4700.0;3000.0;4734.61;1700.0;56.67;;115
20;Regierungsrat/Staatskanzlei;2030;Staatsarchiv;;;3113.00;Hardware;2100.0;11000.0;2113.6;-8900.0;-80.91;;115
20;Regierungsrat/Staatskanzlei;2030;Staatsarchiv;;;3118.00;Immaterielle Anlagen;15500.0;15500.0;324.3;;;;115
20;Regierungsrat/Staatskanzlei;2030;Staatsarchiv;;;3119.00;Übrige nicht aktivierbare Anlagen;;2000.0;;-2000.0;-100.0;;115
20;Regierungsrat/Staatskanzlei;2030;Staatsarchiv;;;3130.00;Dienstleistungen Dritter;100000.0;101000.0;63213.72;-1000.0;-0.99;;115
20;Regierungsrat/Staatskanzlei;2030;Staatsarchiv;;;3133.00;Informatik-Nutzungsaufwand;103700.0;125700.0;103657.0;-22000.0;-17.5;;115
20;Regierungsrat/Staatskanzlei;2030;Staatsarchiv;;;3151.00;Unterhalt Maschinen, Geräte, Fahrzeuge;200.0;500.0;184.0;-300.0;-60.0;;115
20;Regierungsrat/Staatskanzlei;2030;Staatsarchiv;;;3158.00;Unterhalt immaterielle Anlagen;15200.0;43900.0;15205.15;-28700.0;-65.38;;115
20;Regierungsrat/Staatskanzlei;2030;Staatsarchiv;;;3170.00;Reisekosten und Spesen;1600.0;4400.0;1613.5;-2800.0;-63.64;;115
20;Regierungsrat/Staatskanzlei;2030;Staatsarchiv;;;3320.00;Planmässige Abschreibungen immaterielle Anlagen;60200.0;56000.0;41807.0;4200.0;7.5;;115
20;Regierungsrat/Staatskanzlei;2030;Staatsarchiv;;;3631.00;Beiträge an Kantone und Konkordate;8000.0;7600.0;7902.0;400.0;5.26;;115
20;Regierungsrat/Staatskanzlei;2030;Staatsarchiv;;;3636.00;Beiträge an private Organisationen ohne Erwerbszweck;1000.0;1000.0;500.0;;;;115
20;Regierungsrat/Staatskanzlei;2030;Staatsarchiv;;;4240.00;Benützungsgebühren und Dienstleistungen;-100.0;-100.0;-106.0;;;;115
20;Regierungsrat/Staatskanzlei;2030;Staatsarchiv;;;4250.00;Verkäufe;-700.0;-700.0;-330.0;;;;115
20;Regierungsrat/Staatskanzlei;2050;Repräsentationskosten;;;3199.00;Übriger Betriebsaufwand;60000.0;70000.0;48119.5;-10000.0;-14.29;;115
20;Regierungsrat/Staatskanzlei;2060;Staatskeller;;;3010.00;Löhne des Verwaltungs- und Betriebspersonals;6000.0;6000.0;6238.55;;;;115
20;Regierungsrat/Staatskanzlei;2060;Staatskeller;;;3050.00;AG-Beiträge AHV, IV, EO, ALV, Verwaltungskosten;400.0;400.0;240.15;;;;115
20;Regierungsrat/Staatskanzlei;2060;Staatskeller;;;3052.00;AG-Beiträge an Pensionskassen;700.0;800.0;;-100.0;-12.5;;115
20;Regierungsrat/Staatskanzlei;2060;Staatskeller;;;3053.00;AG-Beiträge an Unfallversicherungen;;;9.1;;;;115
20;Regierungsrat/Staatskanzlei;2060;Staatskeller;;;3054.00;AG-Beiträge an Familienzulagekassen;100.0;100.0;48.05;;;;115
20;Regierungsrat/Staatskanzlei;2060;Staatskeller;;;3059.10;AG-Beiträge Sozialfonds;;;2.9;;;;115
20;Regierungsrat/Staatskanzlei;2060;Staatskeller;;;3109.00;Übriger Material- und Warenaufwand;47500.0;48000.0;47453.86;-500.0;-1.04;;115
20;Regierungsrat/Staatskanzlei;2060;Staatskeller;;;3199.00;Übriger Betriebsaufwand;30800.0;30000.0;30832.64;800.0;2.67;;115
20;Regierungsrat/Staatskanzlei;2090;Verschiedene Ausgaben;;;3069.00;Übrige Arbeitgeberleistungen;18500.0;18500.0;;;;;115
20;Regierungsrat/Staatskanzlei;2090;Verschiedene Ausgaben;;;3099.00;Übriger Personalaufwand;500.0;500.0;;;;;115
20;Regierungsrat/Staatskanzlei;2090;Verschiedene Ausgaben;;;3130.00;Dienstleistungen Dritter;1348600.0;1288500.0;1348571.06;60100.0;4.66;Höhere Portokosten beim Postversand.;115
20;Regierungsrat/Staatskanzlei;2090;Verschiedene Ausgaben;;;3132.00;Honorare externe Berater, Gutachter, Fachexperten etc.;40000.0;50000.0;22208.2;-10000.0;-20.0;;116
20;Regierungsrat/Staatskanzlei;2090;Verschiedene Ausgaben;;;3133.00;Informatik-Nutzungsaufwand;325000.0;259000.0;358863.49;66000.0;25.48;Zusatzkosten Ständerats- und Nationalratswahlen.;116
20;Regierungsrat/Staatskanzlei;2090;Verschiedene Ausgaben;;;3158.00;Unterhalt immaterielle Anlagen;4100.0;14000.0;4149.0;-9900.0;-70.71;;116
20;Regierungsrat/Staatskanzlei;2090;Verschiedene Ausgaben;;;3199.00;Übriger Betriebsaufwand;14000.0;19000.0;11742.9;-5000.0;-26.32;;116
20;Regierungsrat/Staatskanzlei;2090;Verschiedene Ausgaben;;;3631.00;Beiträge an Kantone und Konkordate;201000.0;196000.0;192335.25;5000.0;2.55;;116
20;Regierungsrat/Staatskanzlei;2090;Verschiedene Ausgaben;;;3638.00;Beiträge an das Ausland;39500.0;39500.0;35887.43;;;;116
20;Regierungsrat/Staatskanzlei;2090;Verschiedene Ausgaben;;;4631.00;Beiträge von Kantonen und Konkordaten;-30000.0;-30000.0;-30000.0;;;;116
20;Regierungsrat/Staatskanzlei;2090;Verschiedene Ausgaben;;;4910.00;IV Dienstleistungen;-272800.0;-272800.0;-283200.0;;;;116
21;Departement des Innern;2100;Sekretariat/Rechtsdienst Koordinationsstelle für Umweltschutz;;;3010.00;Löhne des Verwaltungs- und Betriebspersonals;1050000.0;1052400.0;791905.45;-2400.0;-0.23;;117
21;Departement des Innern;2100;Sekretariat/Rechtsdienst Koordinationsstelle für Umweltschutz;;;3010.95;Rückerstattungen Taggelder UV, EO, MSE, MV, IV für Verwaltungs- und Betriebspersonal;;;-5088.55;;;;117
21;Departement des Innern;2100;Sekretariat/Rechtsdienst Koordinationsstelle für Umweltschutz;;;3050.00;AG-Beiträge AHV, IV, EO, ALV, Verwaltungskosten;57200.0;68500.0;50742.0;-11300.0;-16.5;;117
21;Departement des Innern;2100;Sekretariat/Rechtsdienst Koordinationsstelle für Umweltschutz;;;3052.00;AG-Beiträge an Pensionskassen;97700.0;140600.0;99253.3;-42900.0;-30.51;;117
21;Departement des Innern;2100;Sekretariat/Rechtsdienst Koordinationsstelle für Umweltschutz;;;3053.00;AG-Beiträge an Unfallversicherungen;5400.0;6500.0;3981.55;-1100.0;-16.92;;117
21;Departement des Innern;2100;Sekretariat/Rechtsdienst Koordinationsstelle für Umweltschutz;;;3054.00;AG-Beiträge an Familienzulagekassen;10600.0;13700.0;10269.95;-3100.0;-22.63;;117
21;Departement des Innern;2100;Sekretariat/Rechtsdienst Koordinationsstelle für Umweltschutz;;;3059.10;AG-Beiträge Sozialfonds;700.0;800.0;587.3;-100.0;-12.5;;117
21;Departement des Innern;2100;Sekretariat/Rechtsdienst Koordinationsstelle für Umweltschutz;;;3090.00;Aus- und Weiterbildung des eigenen Personals;15000.0;15000.0;29442.04;;;;117
21;Departement des Innern;2100;Sekretariat/Rechtsdienst Koordinationsstelle für Umweltschutz;;;3091.00;Personalwerbung;800.0;800.0;;;;;117
21;Departement des Innern;2100;Sekretariat/Rechtsdienst Koordinationsstelle für Umweltschutz;;;3099.00;Übriger Personalaufwand;6300.0;6300.0;4758.35;;;;117
21;Departement des Innern;2100;Sekretariat/Rechtsdienst Koordinationsstelle für Umweltschutz;;;3100.00;Büromaterial;3500.0;3500.0;3519.98;;;;117
21;Departement des Innern;2100;Sekretariat/Rechtsdienst Koordinationsstelle für Umweltschutz;;;3102.00;Drucksachen, Publikationen;;1000.0;;-1000.0;-100.0;;117
21;Departement des Innern;2100;Sekretariat/Rechtsdienst Koordinationsstelle für Umweltschutz;;;3103.00;Fachliteratur, Zeitschriften;4300.0;4400.0;4328.1;-100.0;-2.27;;117
21;Departement des Innern;2100;Sekretariat/Rechtsdienst Koordinationsstelle für Umweltschutz;;;3110.00;Büromöbel und -geräte;;1500.0;;-1500.0;-100.0;;117
21;Departement des Innern;2100;Sekretariat/Rechtsdienst Koordinationsstelle für Umweltschutz;;;3113.00;Hardware;5000.0;3000.0;13293.0;2000.0;66.67;;117
21;Departement des Innern;2100;Sekretariat/Rechtsdienst Koordinationsstelle für Umweltschutz;;;3130.00;Dienstleistungen Dritter;35500.0;40000.0;35530.2;-4500.0;-11.25;;117
21;Departement des Innern;2100;Sekretariat/Rechtsdienst Koordinationsstelle für Umweltschutz;;;3133.00;Informatik-Nutzungsaufwand;47800.0;53400.0;49822.15;-5600.0;-10.49;;117
21;Departement des Innern;2100;Sekretariat/Rechtsdienst Koordinationsstelle für Umweltschutz;;;3161.00;Mieten, Benützungskosten Anlagen;;9300.0;;-9300.0;-100.0;;117
21;Departement des Innern;2100;Sekretariat/Rechtsdienst Koordinationsstelle für Umweltschutz;;;3170.00;Reisekosten und Spesen;3800.0;4500.0;3785.45;-700.0;-15.56;;117
21;Departement des Innern;2100;Sekretariat/Rechtsdienst Koordinationsstelle für Umweltschutz;;;3181.00;Tatsächliche Forderungsverluste;4000.0;4500.0;4000.0;-500.0;-11.11;;117
21;Departement des Innern;2100;Sekretariat/Rechtsdienst Koordinationsstelle für Umweltschutz;;;3199.00;Übriger Betriebsaufwand;2700.0;2000.0;2737.24;700.0;35.0;;117
21;Departement des Innern;2100;Sekretariat/Rechtsdienst Koordinationsstelle für Umweltschutz;;;3614.00;Entschädigungen an öffentliche Unternehmungen;10000.0;10000.0;10000.0;;;;117
21;Departement des Innern;2100;Sekretariat/Rechtsdienst Koordinationsstelle für Umweltschutz;;;3631.00;Beiträge an Kantone und Konkordate;83800.0;83800.0;78213.65;;;;117
21;Departement des Innern;2100;Sekretariat/Rechtsdienst Koordinationsstelle für Umweltschutz;;;3636.00;Beiträge an private Organisationen ohne Erwerbszweck;2000.0;2000.0;2000.0;;;;117
21;Departement des Innern;2100;Sekretariat/Rechtsdienst Koordinationsstelle für Umweltschutz;;;3910.00;IV Dienstleistungen;;;70.0;;;;117
21;Departement des Innern;2100;Sekretariat/Rechtsdienst Koordinationsstelle für Umweltschutz;;;4210.00;Gebühren für Amtshandlungen;-28000.0;-28000.0;-11838.0;;;;117
21;Departement des Innern;2100;Sekretariat/Rechtsdienst Koordinationsstelle für Umweltschutz;;;4240.00;Benützungsgebühren und Dienstleistungen;;;-8750.0;;;;117
21;Departement des Innern;2100;Sekretariat/Rechtsdienst Koordinationsstelle für Umweltschutz;;;4270.00;Bussen;-9000.0;-9000.0;-7195.0;;;;117
21;Departement des Innern;2100;Sekretariat/Rechtsdienst Koordinationsstelle für Umweltschutz;;;4910.00;IV Dienstleistungen;;;-5012.0;;;;118
21;Departement des Innern;2102;Lotterie und Spielbanken;;;3610.00;Entschädigungen an Bund;;2000.0;4100.0;-2000.0;-100.0;;118
21;Departement des Innern;2102;Lotterie und Spielbanken;;;3980.00;Übertragungen;35000.0;35000.0;345998.0;;;;118
21;Departement des Innern;2102;Lotterie und Spielbanken;;;4025.00;Spielbanken- und Spielautomatenabgabe;;;-1507564.1;;;;118
21;Departement des Innern;2102;Lotterie und Spielbanken;;;4130.00;Ertragsanteile an Lotterien, Sport-Toto, Wetten;-35000.0;-35000.0;-44485.2;;;;118
21;Departement des Innern;2102;Lotterie und Spielbanken;;;4210.00;Gebühren für Amtshandlungen;-2000.0;-2000.0;-2270.85;;;;118
21;Departement des Innern;2104;Jagd und Fischerei;;;3000.10;Sitzungsgelder Kommissionen;9000.0;9000.0;2380.0;;;;118
21;Departement des Innern;2104;Jagd und Fischerei;;;3010.00;Löhne des Verwaltungs- und Betriebspersonals;220000.0;221900.0;220673.0;-1900.0;-0.86;;118
21;Departement des Innern;2104;Jagd und Fischerei;;;3050.00;AG-Beiträge AHV, IV, EO, ALV, Verwaltungskosten;14900.0;15100.0;14330.0;-200.0;-1.32;;118
21;Departement des Innern;2104;Jagd und Fischerei;;;3052.00;AG-Beiträge an Pensionskassen;25400.0;29600.0;22724.0;-4200.0;-14.19;;118
21;Departement des Innern;2104;Jagd und Fischerei;;;3053.00;AG-Beiträge an Unfallversicherungen;1400.0;1500.0;1199.3;-100.0;-6.67;;118
21;Departement des Innern;2104;Jagd und Fischerei;;;3054.00;AG-Beiträge an Familienzulagekassen;2700.0;3100.0;2865.55;-400.0;-12.9;;118
21;Departement des Innern;2104;Jagd und Fischerei;;;3059.10;AG-Beiträge Sozialfonds;200.0;200.0;176.4;;;;118
21;Departement des Innern;2104;Jagd und Fischerei;;;3090.00;Aus- und Weiterbildung des eigenen Personals;3000.0;3000.0;800.0;;;;118
21;Departement des Innern;2104;Jagd und Fischerei;;;3100.00;Büromaterial;;1500.0;;-1500.0;-100.0;;118
21;Departement des Innern;2104;Jagd und Fischerei;;;3101.00;Betriebs- und Verbrauchsmaterial;10100.0;8000.0;10142.6;2100.0;26.25;;118
21;Departement des Innern;2104;Jagd und Fischerei;;;3102.00;Drucksachen, Publikationen;1000.0;300.0;964.8;700.0;233.33;;118
21;Departement des Innern;2104;Jagd und Fischerei;;;3103.00;Fachliteratur, Zeitschriften;1800.0;1000.0;1839.1;800.0;80.0;;118
21;Departement des Innern;2104;Jagd und Fischerei;;;3111.00;Maschinen, Geräte und Fahrzeuge;2300.0;8000.0;2286.6;-5700.0;-71.25;;118
21;Departement des Innern;2104;Jagd und Fischerei;;;3113.00;Hardware;2900.0;1000.0;2877.85;1900.0;190.0;;118
21;Departement des Innern;2104;Jagd und Fischerei;;;3118.00;Immaterielle Anlagen;14600.0;;14590.0;14600.0;;Anschaffung einer App-basierten Lösung für Dienstleistungen im Bereich Jagd und Fischerei (Patentkauf, Statistik usw.).;118
21;Departement des Innern;2104;Jagd und Fischerei;;;3120.00;Ver- und Entsorgung Liegenschaften VV;100.0;200.0;58.35;-100.0;-50.0;;118
21;Departement des Innern;2104;Jagd und Fischerei;;;3130.00;Dienstleistungen Dritter;8200.0;5000.0;8216.95;3200.0;64.0;;118
21;Departement des Innern;2104;Jagd und Fischerei;;;3133.00;Informatik-Nutzungsaufwand;18200.0;19000.0;18954.2;-800.0;-4.21;;118
21;Departement des Innern;2104;Jagd und Fischerei;;;3134.00;Sachversicherungsprämien;3000.0;3300.0;2980.02;-300.0;-9.09;;118
21;Departement des Innern;2104;Jagd und Fischerei;;;3138.00;Kurse, Prüfungen und Beratungen;6000.0;6000.0;900.0;;;;118
21;Departement des Innern;2104;Jagd und Fischerei;;;3151.00;Unterhalt Maschinen, Geräte, Fahrzeuge;1900.0;3000.0;1857.3;-1100.0;-36.67;;118
21;Departement des Innern;2104;Jagd und Fischerei;;;3158.00;Unterhalt immaterielle Anlagen;12700.0;15000.0;12748.55;-2300.0;-15.33;;119
21;Departement des Innern;2104;Jagd und Fischerei;;;3161.00;Mieten, Benützungskosten Anlagen;1300.0;1300.0;;;;;119
21;Departement des Innern;2104;Jagd und Fischerei;;;3170.00;Reisekosten und Spesen;7300.0;8000.0;7324.0;-700.0;-8.75;;119
21;Departement des Innern;2104;Jagd und Fischerei;;;3181.00;Tatsächliche Forderungsverluste;100.0;;107.15;100.0;;;119
21;Departement des Innern;2104;Jagd und Fischerei;;;3190.00;Schadenersatzleistungen;53100.0;45900.0;53123.3;7200.0;15.69;;119
21;Departement des Innern;2104;Jagd und Fischerei;;;3900.00;IV Material- und Warenbezüge;3500.0;3500.0;2473.8;;;;119
21;Departement des Innern;2104;Jagd und Fischerei;;;4100.10;Fischereiregal;-55000.0;-55000.0;-56635.0;;;;119
21;Departement des Innern;2104;Jagd und Fischerei;;;4100.11;Jagdregal;-30000.0;-30000.0;-27723.0;;;;119
21;Departement des Innern;2104;Jagd und Fischerei;;;4120.00;Konzessionen;-90000.0;-90000.0;-85624.0;;;;119
21;Departement des Innern;2104;Jagd und Fischerei;;;4210.00;Gebühren für Amtshandlungen;-1000.0;-1000.0;-9250.0;;;;119
21;Departement des Innern;2104;Jagd und Fischerei;;;4250.00;Verkäufe;-12000.0;-12000.0;-12241.6;;;;119
21;Departement des Innern;2104;Jagd und Fischerei;;;4260.00;Rückerstattungen und Kostenbeteiligungen Dritter;-3000.0;-3000.0;;;;;119
21;Departement des Innern;2104;Jagd und Fischerei;;;4290.00;Übrige Entgelte;;;-60.27;;;;119
21;Departement des Innern;2104;Jagd und Fischerei;;;4630.00;Beiträge vom Bund;-50000.0;-8000.0;-7045.35;-42000.0;525.0;Die Bundesbeiträge im Wildtierbereich wurden für die neue Programmperiode erhöht.;119
21;Departement des Innern;2122;Migrationsamt und Passbüro;;;3010.00;Löhne des Verwaltungs- und Betriebspersonals;1352000.0;1323200.0;1290910.3;28800.0;2.18;Ab dem 1. November 2026 müssen alle Identitätskarten (mit oder ohne Chip) beim kantonalen Passbüro beantragt werden. Dadurch entsteht zusätzlicher Personalaufwand im Umfang einer Vollzeitstelle, welche zunächst bis Ende 2028 befristet beantragt wird. Die zusätzlich anfallenden Personalkosten können mit den zusätzlichen Gebühreneinnahmen finanziert werden.;119
21;Departement des Innern;2122;Migrationsamt und Passbüro;;;3010.95;Rückerstattungen Taggelder UV, EO, MSE, MV, IV für Verwaltungs- und Betriebspersonal;;;-63946.05;;;;119
21;Departement des Innern;2122;Migrationsamt und Passbüro;;;3050.00;AG-Beiträge AHV, IV, EO, ALV, Verwaltungskosten;87900.0;86100.0;78775.05;1800.0;2.09;;119
21;Departement des Innern;2122;Migrationsamt und Passbüro;;;3052.00;AG-Beiträge an Pensionskassen;150100.0;176800.0;148574.95;-26700.0;-15.1;;119
21;Departement des Innern;2122;Migrationsamt und Passbüro;;;3053.00;AG-Beiträge an Unfallversicherungen;8200.0;8000.0;6297.25;200.0;2.5;;119
21;Departement des Innern;2122;Migrationsamt und Passbüro;;;3054.00;AG-Beiträge an Familienzulagekassen;16200.0;17300.0;15819.15;-1100.0;-6.36;;120
21;Departement des Innern;2122;Migrationsamt und Passbüro;;;3059.10;AG-Beiträge Sozialfonds;1100.0;1100.0;950.9;;;;120
21;Departement des Innern;2122;Migrationsamt und Passbüro;;;3090.00;Aus- und Weiterbildung des eigenen Personals;12200.0;12200.0;;;;;120
21;Departement des Innern;2122;Migrationsamt und Passbüro;;;3091.00;Personalwerbung;800.0;800.0;;;;;120
21;Departement des Innern;2122;Migrationsamt und Passbüro;;;3099.00;Übriger Personalaufwand;1600.0;1600.0;1440.0;;;;120
21;Departement des Innern;2122;Migrationsamt und Passbüro;;;3100.00;Büromaterial;6000.0;8000.0;5992.68;-2000.0;-25.0;;120
21;Departement des Innern;2122;Migrationsamt und Passbüro;;;3102.00;Drucksachen, Publikationen;3000.0;3000.0;3000.0;;;;120
21;Departement des Innern;2122;Migrationsamt und Passbüro;;;3103.00;Fachliteratur, Zeitschriften;2100.0;2400.0;2052.0;-300.0;-12.5;;120
21;Departement des Innern;2122;Migrationsamt und Passbüro;;;3113.00;Hardware;92300.0;45700.0;18254.3;46600.0;101.97;Im Jahr 2027 wird das Kommunikationsserversystem bei allen Biometrieerfassungsstationen in der Schweiz ersetzt. Dieses wird für die Biometriedatenerfassung für Schweizer Ausweise (Pässe und Identitätskarten) sowie für Ausländerausweise benötigt.;120
21;Departement des Innern;2122;Migrationsamt und Passbüro;;;3118.00;Immaterielle Anlagen;;;56817.36;;;;120
21;Departement des Innern;2122;Migrationsamt und Passbüro;;;3130.00;Dienstleistungen Dritter;491800.0;437900.0;561826.31;53900.0;12.31;Höhere Vollzugskosten (v. a. für Spezialfälle) und die Erhöhung der Gebühren für die Bundesdatenbank für alle Ausländerinnen und Ausländer (Zemis) führen zu Mehrausgaben.;120
21;Departement des Innern;2122;Migrationsamt und Passbüro;;;3133.00;Informatik-Nutzungsaufwand;146500.0;168300.0;166365.26;-21800.0;-12.95;Projektbezogene Kosten, die 2027 nicht mehr anfallen.;120
21;Departement des Innern;2122;Migrationsamt und Passbüro;;;3153.00;Informatik-Unterhalt (Hardware);18300.0;31400.0;18270.07;-13100.0;-41.72;Einmalige (Abschluss-)Wartungskosten für das bisherige Kommunikationsserversystem, welches Grundlage für die Biometriedatenerfassung bildet. Diese fallen 2027 nicht mehr an.;120
21;Departement des Innern;2122;Migrationsamt und Passbüro;;;3158.00;Unterhalt immaterielle Anlagen;4800.0;4800.0;3221.4;;;;120
21;Departement des Innern;2122;Migrationsamt und Passbüro;;;3161.00;Mieten, Benützungskosten Anlagen;1800.0;3600.0;1836.14;-1800.0;-50.0;;120
21;Departement des Innern;2122;Migrationsamt und Passbüro;;;3170.00;Reisekosten und Spesen;3200.0;6000.0;3188.95;-2800.0;-46.67;;120
21;Departement des Innern;2122;Migrationsamt und Passbüro;;;3181.00;Tatsächliche Forderungsverluste;5200.0;;5233.0;5200.0;;;120
21;Departement des Innern;2122;Migrationsamt und Passbüro;;;3199.00;Übriger Betriebsaufwand;7900.0;10000.0;7871.65;-2100.0;-21.0;;120
21;Departement des Innern;2122;Migrationsamt und Passbüro;;;3600.10;Anteil des Bundes an den ID- und Passgebühren;600000.0;550000.0;579693.2;50000.0;9.09;Siehe Kommentar zu Konto 2122.4210.12.;120
21;Departement des Innern;2122;Migrationsamt und Passbüro;;;3910.00;IV Dienstleistungen;;;1642.0;;;;121
21;Departement des Innern;2122;Migrationsamt und Passbüro;;;4210.11;Gebühren für fremdenpolizeiliche Bewilligungen;-1180000.0;-1180000.0;-918836.05;;;;121
21;Departement des Innern;2122;Migrationsamt und Passbüro;;;4210.12;Gebühren für Passausfertigungen;-1170000.0;-1070000.0;-1084879.6;-100000.0;9.35;Neu müssen alle Identitätskarten (mit und ohne Chip) beim kantonalen Passbüro beantragt werden. Infolge dieser Prozessanpassung wird mit Mehreinnahmen gerechnet.;121
21;Departement des Innern;2122;Migrationsamt und Passbüro;;;4290.00;Übrige Entgelte;;;-168.0;;;;121
21;Departement des Innern;2122;Migrationsamt und Passbüro;;;4610.00;Entschädigungen vom Bund;-216000.0;-216000.0;-182805.8;;;;121
21;Departement des Innern;2122;Migrationsamt und Passbüro;;;4910.00;IV Dienstleistungen;-7600.0;-7600.0;-7258.0;;;;121
21;Departement des Innern;2131;Gesundheitsamt/Kantonsärztlicher Dienst;;;3000.10;Sitzungsgelder Kommissionen;10000.0;10000.0;;;;;121
21;Departement des Innern;2131;Gesundheitsamt/Kantonsärztlicher Dienst;;;3010.00;Löhne des Verwaltungs- und Betriebspersonals;1840000.0;1924900.0;1981298.3;-84900.0;-4.41;Tiefere Aufwände aufgrund auslaufender, nicht verlängerter befristeter Arbeitsverhältnisse. Zudem fielen 2026 im Zusammenhang mit personellen Wechseln und der Sicherstellung einer geordneten Stellenübergabe vorübergehend zusätzliche Lohnkosten an.;121
21;Departement des Innern;2131;Gesundheitsamt/Kantonsärztlicher Dienst;;;3010.95;Rückerstattungen Taggelder UV, EO, MSE, MV, IV für Verwaltungs- und Betriebspersonal;;;-2482.15;;;;121
21;Departement des Innern;2131;Gesundheitsamt/Kantonsärztlicher Dienst;;;3050.00;AG-Beiträge AHV, IV, EO, ALV, Verwaltungskosten;120300.0;125800.0;126072.25;-5500.0;-4.37;;121
21;Departement des Innern;2131;Gesundheitsamt/Kantonsärztlicher Dienst;;;3052.00;AG-Beiträge an Pensionskassen;205400.0;257200.0;277051.3;-51800.0;-20.14;Vgl. Kommentar zu Konto 2131.3010.00. AG-Beiträge an Pensionskassen werden als Prozentsatz der Lohnsumme berechnet.;121
21;Departement des Innern;2131;Gesundheitsamt/Kantonsärztlicher Dienst;;;3053.00;AG-Beiträge an Unfallversicherungen;11300.0;11600.0;10400.95;-300.0;-2.59;;121
21;Departement des Innern;2131;Gesundheitsamt/Kantonsärztlicher Dienst;;;3054.00;AG-Beiträge an Familienzulagekassen;22200.0;25200.0;25483.4;-3000.0;-11.9;;121
21;Departement des Innern;2131;Gesundheitsamt/Kantonsärztlicher Dienst;;;3059.10;AG-Beiträge Sozialfonds;1500.0;1500.0;1472.45;;;;121
21;Departement des Innern;2131;Gesundheitsamt/Kantonsärztlicher Dienst;;;3090.00;Aus- und Weiterbildung des eigenen Personals;15100.0;15100.0;15242.03;;;;121
21;Departement des Innern;2131;Gesundheitsamt/Kantonsärztlicher Dienst;;;3099.00;Übriger Personalaufwand;8000.0;8000.0;8034.05;;;;121
21;Departement des Innern;2131;Gesundheitsamt/Kantonsärztlicher Dienst;;;3100.00;Büromaterial;4100.0;5000.0;4063.97;-900.0;-18.0;;121
21;Departement des Innern;2131;Gesundheitsamt/Kantonsärztlicher Dienst;;;3102.00;Drucksachen, Publikationen;600.0;7000.0;572.0;-6400.0;-91.43;;122
21;Departement des Innern;2131;Gesundheitsamt/Kantonsärztlicher Dienst;;;3103.00;Fachliteratur, Zeitschriften;1000.0;2000.0;953.35;-1000.0;-50.0;;122
21;Departement des Innern;2131;Gesundheitsamt/Kantonsärztlicher Dienst;;;3106.00;Medizinisches Material;93000.0;150000.0;200854.03;-57000.0;-38.0;Ab 2027 übernimmt der Kanton nur noch schulärztliche Impfungen. Das kantonale HPV-Impfprogramm endet per 31. Dezember 2026. Die entsprechenden Impfungen werden künftig über die Grundversicherung finanziert.;122
21;Departement des Innern;2131;Gesundheitsamt/Kantonsärztlicher Dienst;;;3113.00;Hardware;4400.0;3000.0;4414.5;1400.0;46.67;;122
21;Departement des Innern;2131;Gesundheitsamt/Kantonsärztlicher Dienst;;;3130.00;Dienstleistungen Dritter;456000.0;918000.0;293027.52;-462000.0;-50.33;Für das Budget 2027 wurde als Schätzer auf den Wert der Rechnung 2025 zurückgegriffen.;122
21;Departement des Innern;2131;Gesundheitsamt/Kantonsärztlicher Dienst;;;3132.00;Honorare externe Berater, Gutachter, Fachexperten etc.;304000.0;264000.0;201276.05;40000.0;15.15;Der Mehraufwand ist auf zusätzlich benötigte externe Unterstützung bei Fach- und Controllingaufgaben sowie auf einmalige Evaluationskosten für den Demenzkonsiliardienst zurückzuführen.;122
21;Departement des Innern;2131;Gesundheitsamt/Kantonsärztlicher Dienst;;;3133.00;Informatik-Nutzungsaufwand;259100.0;222800.0;145193.7;36300.0;16.29;Der Mehraufwand ist auf höhere IT- Betriebskosten sowie die Einführung einer neuen Software für das Bewilligungswesen zurückzuführen.;122
21;Departement des Innern;2131;Gesundheitsamt/Kantonsärztlicher Dienst;;;3161.00;Mieten, Benützungskosten Anlagen;;15000.0;;-15000.0;-100.0;Die Aufwände für die Miete von Druckern und Geräten der ITSH werden seit 2025 auf dem Konto 2131.3133.00 verbucht.;122
21;Departement des Innern;2131;Gesundheitsamt/Kantonsärztlicher Dienst;;;3170.00;Reisekosten und Spesen;14400.0;12000.0;14428.3;2400.0;20.0;;122
21;Departement des Innern;2131;Gesundheitsamt/Kantonsärztlicher Dienst;;;3199.00;Übriger Betriebsaufwand;;;7014.0;;;;122
21;Departement des Innern;2131;Gesundheitsamt/Kantonsärztlicher Dienst;;;3320.00;Planmässige Abschreibungen immaterielle Anlagen;108000.0;74000.0;;34000.0;45.95;;122
21;Departement des Innern;2131;Gesundheitsamt/Kantonsärztlicher Dienst;;;3611.00;Entschädigungen an Kantone und Konkordate;107000.0;107000.0;107200.0;;;;122
21;Departement des Innern;2131;Gesundheitsamt/Kantonsärztlicher Dienst;;;3614.00;Entschädigungen an öffentliche Unternehmungen;281000.0;176000.0;157579.11;105000.0;59.66;Der Mehraufwand resultiert aus dem neu abzuschliessenden Leistungsauftrag für den Aufsuchenden Dienst Forensic Nurses.;122
21;Departement des Innern;2131;Gesundheitsamt/Kantonsärztlicher Dienst;;;3616.00;Entschädigungen an private Organisationen ohne Erwerbszweck;;;105580.24;;;;122
21;Departement des Innern;2131;Gesundheitsamt/Kantonsärztlicher Dienst;;;3630.00;Beiträge an den Bund;45000.0;54000.0;53891.6;-9000.0;-16.67;;122
21;Departement des Innern;2131;Gesundheitsamt/Kantonsärztlicher Dienst;;;3631.00;Beiträge an Kantone und Konkordate;9000.0;9000.0;8927.97;;;;122
21;Departement des Innern;2131;Gesundheitsamt/Kantonsärztlicher Dienst;;;3632.10;Beiträge an innerkantonale Gemeinden und Gemeindezweckverbände;4000.0;4000.0;3958.4;;;;123
21;Departement des Innern;2131;Gesundheitsamt/Kantonsärztlicher Dienst;;;3636.00;Beiträge an private Organisationen ohne Erwerbszweck;169700.0;137700.0;132899.34;32000.0;23.24;Mehraufwand aufgrund steigender projektbezogener Ausgaben.;123
21;Departement des Innern;2131;Gesundheitsamt/Kantonsärztlicher Dienst;;;3910.00;IV Dienstleistungen;;;70.0;;;;123
21;Departement des Innern;2131;Gesundheitsamt/Kantonsärztlicher Dienst;;;3980.00;Übertragungen;396000.0;306000.0;181000.0;90000.0;29.41;Aufgrund des Wegfalls des Anteils an der kantonalen Spielbankenabgabe (Schliessung Casino Schaffhausen) erhöht sich der Beitrag des Kantons an den Fonds für Suchtprophylaxe und Gesundheitsförderung (vgl. Konto 2198.7213.4980.00).;123
21;Departement des Innern;2131;Gesundheitsamt/Kantonsärztlicher Dienst;;;4210.00;Gebühren für Amtshandlungen;-112000.0;-97000.0;-111428.0;-15000.0;15.46;Aufgrund einer höheren Anzahl an erteilten Bewilligungen wird mit Mehreinnahmen gerechnet.;123
21;Departement des Innern;2131;Gesundheitsamt/Kantonsärztlicher Dienst;;;4260.00;Rückerstattungen und Kostenbeteiligungen Dritter;-93000.0;-163000.0;-170836.05;70000.0;-42.94;Die erwartete Abnahme der Impfungen aufgrund wegfallender Finanzierung von HPV-Impfungen im Rahmen des kantonalen Impfprogramms per Ende 2026 führt zu tieferen Rückerstattungen durch die Krankenversicherungen (vgl. Konto 2131.3106.00).;123
21;Departement des Innern;2131;Gesundheitsamt/Kantonsärztlicher Dienst;;;4980.00;Übertragungen;-212000.0;-226000.0;-225350.4;14000.0;-6.19;;123
21;Departement des Innern;2132;Spitalversorgung;;;3634.01;Stationäre Spitalleistungen Akutsomatik;87231000.0;80662000.0;85792066.55;6569000.0;8.14;Höhere Basisfallpreise der Spitäler sowie generell höhere prognostizierte Fallzahlen.;123
21;Departement des Innern;2132;Spitalversorgung;;;3634.02;Stationäre Spitalleistungen Psychiatrie;17100000.0;15799000.0;16006857.5;1301000.0;8.23;Höhere Basisfallpreise der Spitäler sowie generell höhere prognostizierte Fallzahlen.;123
21;Departement des Innern;2132;Spitalversorgung;;;3634.03;Stationäre Spitalleistungen Rehabilitation;12100000.0;12121000.0;11899289.45;-21000.0;-0.17;Gegenüber dem Jahr 2025 wird ein leichter Anstieg erwartet, während im Vergleich zum Budget 2026 kaum eine Veränderung resultiert. Langfristig ist auch in der Rehabilitation mit steigenden Basisfallpreisen und Fallzahlen zu rechnen.;123
21;Departement des Innern;2132;Spitalversorgung;;;3634.30;Ambulante Leistungen Psychiatrie;3898000.0;3860000.0;3432421.0;38000.0;0.98;Neue Beiträge im Bereich der ambulanten Erwachsenenpsychiatrie zur Sicherstellung der ambulanten psychiatrischen Versorgung.;124
21;Departement des Innern;2132;Spitalversorgung;;;3634.40;Beiträge Sanitätsnotruf und Rettungswesen;1705000.0;1730000.0;1598725.0;-25000.0;-1.45;Die Reduktion der Beiträge ergibt sich aus dem Abschluss der Aufbauphase und dem Übergang in den ordentlichen Betrieb des First Responder-Systems.;124
21;Departement des Innern;2132;Spitalversorgung;;;3634.90;Weitere Beiträge Spitäler Schaffhausen gemäss Jahreskontrakt;5261000.0;4956000.0;6140200.0;305000.0;6.15;Der Beitrag des Kantons zum Ausgleich der kantonal gesteuerten Lohnentwicklung fällt leicht höher aus als im Vorjahr (Stand 10.08.2026). Der finale Wert ist erst nach Budgetbeschluss des Kantonsrats zur Lohnentwicklung bekannt. Zudem wurde der Kooperationsvertrag mit dem Kantonsspital Winterthur im Bereich Pädiatrie (Kindernotfall und Neonatologie) erneuert. Die höheren Kosten werden analog zu früheren Jahren vom Kanton übernommen.;124
21;Departement des Innern;2132;Spitalversorgung;;;3634.91;Weitere Beiträge Spitäler;150000.0;150000.0;97000.0;;;;124
21;Departement des Innern;2132;Spitalversorgung;;;3894.00;Einlagen in FIPOL;;;70000000.0;;;;124
21;Departement des Innern;2132;Spitalversorgung;;;4260.00;Rückerstattungen und Kostenbeteiligungen Dritter;-200000.0;-200000.0;-179373.0;;;;124
21;Departement des Innern;2134;Heime und Pflege;;;3612.10;Entschädigungen an innerkantonale Gemeinden und Gemeindezweckverbände;624000.0;605000.0;548499.5;19000.0;3.14;;124
21;Departement des Innern;2134;Heime und Pflege;;;3632.11;Beiträge an Gemeinden für Heime gem. Art. 12 AbPG;20028000.0;19556000.0;18500031.71;472000.0;2.41;Höhere Beiträge an die Gemeinden im Bereich Heime (kantonaler Anteil an den Restkosten der Pflege und an den ungedeckten Betriebskosten gem. Art. 12 AbPG) gemäss aktueller Einschätzung auf Basis der Erhebung bei den Gemeinden.;124
21;Departement des Innern;2134;Heime und Pflege;;;3632.12;Beiträge an Gemeinden für Pflege gem. Art. 12 AbPG;7080000.0;6727000.0;5935303.13;353000.0;5.25;Höhere Beiträge an die Gemeinden im Bereich Spitex (kantonaler Anteil an den Restkosten der Pflege und an den ungedeckten Betriebskosten gem. Art. 12 AbPG) gemäss aktueller Einschätzung auf Basis der Erhebung bei den Gemeinden.;125
21;Departement des Innern;2134;Heime und Pflege;;;3634.20;Beiträge Übergangs- und Langzeitpflege gem. Art. 2 Abs. 3 AbPG;3660000.0;3881000.0;3679226.25;-221000.0;-5.69;Die tieferen Beiträge ergeben sich aus einer von den Spitälern Schaffhausen erwarteten geringeren Anzahl Pflegetage in der psychiatrischen Langzeitpflege.;125
21;Departement des Innern;2134;Heime und Pflege;;;3635.00;Beiträge an private Unternehmungen;96000.0;100000.0;96000.0;-4000.0;-4.0;;125
21;Departement des Innern;2134;Heime und Pflege;;;3636.01;Beiträge an Organisationen gemäss Art. 2 Abs. 4 und 5 AbPG;646000.0;616000.0;619343.78;30000.0;4.87;Höhere Aufwände aufgrund von Anpassungen bei den vorhandenen Leistungsverträgen.;125
21;Departement des Innern;2134;Heime und Pflege;;;3636.04;Beiträge an Organisationen gemäss Art. 2 Abs. 3 und 4 AbPG;960000.0;960000.0;757430.7;;;;125
21;Departement des Innern;2134;Heime und Pflege;;;3660.20;Planmässige Abschreibungen Invest.beiträge an Gemeinden;499300.0;499300.0;499295.0;;;;125
21;Departement des Innern;2137;Aus- und Weiterbildung Gesundheitsberufe/Hausärzteversorgung;;;3634.50;Beiträge Ausbildung Gesundheitsberufe;2633000.0;2992000.0;1879536.42;-359000.0;-12.0;Die Beiträge für Vorhalteleistungen im Bildungsgang HF Pflege fallen aufgrund einer Neubeurteilung tiefer aus und werden künftig teilweise pauschal und teilweise in Abhängigkeit der durchgeführten Kurse ausgerichtet.;125
21;Departement des Innern;2137;Aus- und Weiterbildung Gesundheitsberufe/Hausärzteversorgung;;;3634.51;Beiträge ärztliche Weiterbildung;2950000.0;2710000.0;3431032.04;240000.0;8.86;Gemäss Schätzungen der Spitäler Schaffhausen wird aufgrund einer höheren Anzahl Assistenzärztinnen und Assistenzärzte sowie Psychologinnen und Psychologen mit höheren Weiterbildungsbeiträgen gerechnet.;125
21;Departement des Innern;2137;Aus- und Weiterbildung Gesundheitsberufe/Hausärzteversorgung;;;3634.55;Beiträge Hausärzteversorgung;464000.0;413000.0;433412.0;51000.0;12.35;Die höheren Beiträge an das Weiterbildungscurriculum Hausarztmedizin berücksichtigen den im Rahmen der Überarbeitung des Detailkonzepts ermittelten zusätzlichen Finanzierungsbedarf.;125
21;Departement des Innern;2137;Aus- und Weiterbildung Gesundheitsberufe/Hausärzteversorgung;;;3634.60;Beiträge an öffentliche Unternehmungen (Pflegeinitiative);680000.0;;;680000.0;;Vgl. Kommentar zu Konto 2137.4200.60.;126
21;Departement des Innern;2137;Aus- und Weiterbildung Gesundheitsberufe/Hausärzteversorgung;;;3635.60;Beiträge an private Unternehmungen (Pflegeinitiative);55000.0;;;55000.0;;Vgl. Kommentar zu Konto 2137.4200.60.;126
21;Departement des Innern;2137;Aus- und Weiterbildung Gesundheitsberufe/Hausärzteversorgung;;;3636.60;Beiträge an private Organisationen ohne Erwerbszweck (Pflegeinitiative);85000.0;;;85000.0;;Vgl. Kommentar zu Konto 2137.4200.60.;126
21;Departement des Innern;2137;Aus- und Weiterbildung Gesundheitsberufe/Hausärzteversorgung;;;4200.60;Ersatzabgabe Pflegeinitiative;-820000.0;;;-820000.0;;Im Budget 2027 werden erstmals die im Rahmen der Pflegeinitiative vorgesehenen Beiträge und Ersatzabgaben abgebildet. Dabei handelt es sich um ein Umverteilungssystem. Betriebe und Organisationen, welche ihre Ausbildungsverpflichtung nicht erfüllen, müssen eine Ersatzabgabe entrichten. Die einbezahlten Mittel werden an Betriebe und Organisationen ausgerichtet, welche ihre Ausbildungsverpflichtung übererfüllen. Vgl. Konten 2137.3634.60, 2137.3635.60 und 2137.3636.60.;126
21;Departement des Innern;2137;Aus- und Weiterbildung Gesundheitsberufe/Hausärzteversorgung;;;4630.00;Beiträge vom Bund;-265000.0;-265000.0;;;;;126
21;Departement des Innern;2143;Beiträge Krankenversicherung;;;;;;;;;;Es bestehen grosse Unsicherheiten bzgl. Budgetierung der individuellen Prämienverbilligung (IPV). Verlässliche Vergleichsdaten aus der Vergangenheit fehlen weitgehend. Die Höhe der Prämien und der IPV unterliegt Schwankungen und ist höchst volatil.;126
21;Departement des Innern;2143;Beiträge Krankenversicherung;;;3130.00;Dienstleistungen Dritter;1200000.0;1200000.0;966153.0;;;;127
21;Departement des Innern;2143;Beiträge Krankenversicherung;;;3637.01;Kantonsbeiträge an Prämienverbilligung Krankenkasse;15443000.0;14763000.0;13484523.19;680000.0;4.61;Vgl. Kommentar zu Finanzstelle 2143.;127
21;Departement des Innern;2143;Beiträge Krankenversicherung;;;3637.02;Kantonsbeiträge für Zahlungsausstände gemäss Art. 64a KVG;1050000.0;1050000.0;895605.01;;;Vgl. Kommentar zu Finanzstelle 2143.;127
21;Departement des Innern;2143;Beiträge Krankenversicherung;;;3707.01;Bundesbeiträge an Prämienverbilligung Krankenkasse;38784000.0;37301000.0;35781265.0;1483000.0;3.98;Vgl. Kommentar zu Finanzstelle 2143.;127
21;Departement des Innern;2143;Beiträge Krankenversicherung;;;3707.02;Gemeindebeiträge an Prämienverbilligung Krankenkasse;28681000.0;27418000.0;25042685.91;1263000.0;4.61;Vgl. Kommentar zu Finanzstelle 2143.;127
21;Departement des Innern;2143;Beiträge Krankenversicherung;;;3707.03;Gemeindebeiträge für Zahlungsausstände gemäss Art. 64a KVG;1950000.0;1950000.0;1663266.44;;;Vgl. Kommentar zu Finanzstelle 2143.;127
21;Departement des Innern;2143;Beiträge Krankenversicherung;;;4700.01;Durchlaufende Beiträge vom Bund an Prämienverbilligung Krankenkasse;-38784000.0;-37301000.0;-35781265.0;-1483000.0;3.98;Vgl. Kommentar zu Finanzstelle 2143.;127
21;Departement des Innern;2143;Beiträge Krankenversicherung;;;4702.11;Durchlaufende Beiträge von Gemeinden an Prämienverbilligung Krankenkasse;-28681000.0;-27418000.0;-25042685.91;-1263000.0;4.61;Vgl. Kommentar zu Finanzstelle 2143.;127
21;Departement des Innern;2143;Beiträge Krankenversicherung;;;4702.12;Durchlaufende Beiträge von Gemeinden für Zahlungsausstände gemäss Art. 64a KVG;-1950000.0;-1950000.0;-1663266.44;;;;127
21;Departement des Innern;2148;Veterinärwesen;;;3010.00;Löhne des Verwaltungs- und Betriebspersonals;567900.0;525900.0;547089.05;42000.0;7.99;Beförderung aufgrund Abschluss der für die Funktion erforderlichen Ausbildung.;127
21;Departement des Innern;2148;Veterinärwesen;;;3050.00;AG-Beiträge AHV, IV, EO, ALV, Verwaltungskosten;36900.0;34200.0;33807.9;2700.0;7.89;;128
21;Departement des Innern;2148;Veterinärwesen;;;3052.00;AG-Beiträge an Pensionskassen;63000.0;70300.0;81658.85;-7300.0;-10.38;;128
21;Departement des Innern;2148;Veterinärwesen;;;3053.00;AG-Beiträge an Unfallversicherungen;3500.0;3000.0;2554.1;500.0;16.67;;128
21;Departement des Innern;2148;Veterinärwesen;;;3054.00;AG-Beiträge an Familienzulagekassen;6800.0;6800.0;6887.05;;;;128
21;Departement des Innern;2148;Veterinärwesen;;;3059.10;AG-Beiträge Sozialfonds;500.0;400.0;379.75;100.0;25.0;;128
21;Departement des Innern;2148;Veterinärwesen;;;3090.00;Aus- und Weiterbildung des eigenen Personals;5900.0;5900.0;669.0;;;;128
21;Departement des Innern;2148;Veterinärwesen;;;3099.00;Übriger Personalaufwand;400.0;400.0;400.0;;;;128
21;Departement des Innern;2148;Veterinärwesen;;;3100.00;Büromaterial;300.0;800.0;286.7;-500.0;-62.5;;128
21;Departement des Innern;2148;Veterinärwesen;;;3101.00;Betriebs- und Verbrauchsmaterial;6400.0;7400.0;6445.68;-1000.0;-13.51;;128
21;Departement des Innern;2148;Veterinärwesen;;;3102.00;Drucksachen, Publikationen;1000.0;4000.0;963.25;-3000.0;-75.0;;128
21;Departement des Innern;2148;Veterinärwesen;;;3103.00;Fachliteratur, Zeitschriften;300.0;500.0;332.2;-200.0;-40.0;;128
21;Departement des Innern;2148;Veterinärwesen;;;3111.00;Maschinen, Geräte und Fahrzeuge;10700.0;12000.0;684.75;-1300.0;-10.83;;128
21;Departement des Innern;2148;Veterinärwesen;;;3112.00;Kleider, Wäsche, Vorhänge;;400.0;;-400.0;-100.0;;128
21;Departement des Innern;2148;Veterinärwesen;;;3113.00;Hardware;800.0;1000.0;826.8;-200.0;-20.0;;128
21;Departement des Innern;2148;Veterinärwesen;;;3118.00;Immaterielle Anlagen;600.0;800.0;559.45;-200.0;-25.0;;128
21;Departement des Innern;2148;Veterinärwesen;;;3130.00;Dienstleistungen Dritter;242000.0;250000.0;207046.9;-8000.0;-3.2;;128
21;Departement des Innern;2148;Veterinärwesen;;;3132.00;Honorare externe Berater, Gutachter, Fachexperten etc.;56700.0;68000.0;56655.55;-11300.0;-16.62;Budgetkürzung aufgrund des Werts aus der Staatsrechnung 2025. Der Wert hängt von der Anzahl Fälle ab.;128
21;Departement des Innern;2148;Veterinärwesen;;;3133.00;Informatik-Nutzungsaufwand;79400.0;55500.0;42336.35;23900.0;43.06;Der Bund kürzt seine Beiträge an die benötigten Fachapplikationen. Die Kantone müssen dementsprechend mehr bezahlen.;128
21;Departement des Innern;2148;Veterinärwesen;;;3137.00;Steuern und Abgaben;600.0;800.0;649.09;-200.0;-25.0;;128
21;Departement des Innern;2148;Veterinärwesen;;;3153.00;Informatik-Unterhalt (Hardware);;3000.0;;-3000.0;-100.0;;128
21;Departement des Innern;2148;Veterinärwesen;;;3158.00;Unterhalt immaterielle Anlagen;800.0;1000.0;811.0;-200.0;-20.0;;128
21;Departement des Innern;2148;Veterinärwesen;;;3161.00;Mieten, Benützungskosten Anlagen;5000.0;6900.0;;-1900.0;-27.54;;128
21;Departement des Innern;2148;Veterinärwesen;;;3170.00;Reisekosten und Spesen;15000.0;23000.0;15042.85;-8000.0;-34.78;;128
21;Departement des Innern;2148;Veterinärwesen;;;3181.00;Tatsächliche Forderungsverluste;18000.0;18000.0;7954.55;;;Die Zahlungsmoral und -fähigkeit der Rechtsunterworfenen sind schlecht und können nicht beeinflusst werden.;128
21;Departement des Innern;2148;Veterinärwesen;;;3190.00;Schadenersatzleistungen;56100.0;45000.0;56088.1;11100.0;24.67;Der Wert hängt von der Tierseuchensituation ab. Letztere hat Entschädigungszahlungen für Tierverluste gemäss Tierseuchengesetz zur Folge.;128
21;Departement des Innern;2148;Veterinärwesen;;;3199.00;Übriger Betriebsaufwand;2000.0;1000.0;2024.0;1000.0;100.0;;129
21;Departement des Innern;2148;Veterinärwesen;;;3611.00;Entschädigungen an Kantone und Konkordate;68000.0;68000.0;65162.0;;;;129
21;Departement des Innern;2148;Veterinärwesen;;;3631.00;Beiträge an Kantone und Konkordate;2000.0;2000.0;;;;;129
21;Departement des Innern;2148;Veterinärwesen;;;3635.00;Beiträge an private Unternehmungen;15000.0;15000.0;13891.2;;;;129
21;Departement des Innern;2148;Veterinärwesen;;;3636.00;Beiträge an private Organisationen ohne Erwerbszweck;40000.0;39900.0;35835.0;100.0;0.25;;129
21;Departement des Innern;2148;Veterinärwesen;;;3900.00;IV Material- und Warenbezüge;200.0;200.0;188.5;;;;129
21;Departement des Innern;2148;Veterinärwesen;;;4120.00;Konzessionen;-3400.0;-3400.0;-3060.0;;;;129
21;Departement des Innern;2148;Veterinärwesen;;;4210.00;Gebühren für Amtshandlungen;-62000.0;-62000.0;-86087.6;;;;129
21;Departement des Innern;2148;Veterinärwesen;;;4240.00;Benützungsgebühren und Dienstleistungen;;;-3120.0;;;;129
21;Departement des Innern;2148;Veterinärwesen;;;4260.00;Rückerstattungen und Kostenbeteiligungen Dritter;-90000.0;-90000.0;-109153.75;;;;129
21;Departement des Innern;2148;Veterinärwesen;;;4309.00;Übrige betriebliche Erträge;-300.0;-300.0;-474.0;;;;129
21;Departement des Innern;2148;Veterinärwesen;;;4610.00;Entschädigungen vom Bund;-600.0;-600.0;-4952.65;;;;129
21;Departement des Innern;2148;Veterinärwesen;;;4612.10;Entschädigungen von innerkantonalen Gemeinden und Gemeindezweckverbänden;-170000.0;-170000.0;-185324.2;;;;129
21;Departement des Innern;2150;Interkantonales Labor;;;3611.05;Entschädigung an Interkantonales Labor;1481400.0;1461800.0;1264400.0;19600.0;1.34;;129
21;Departement des Innern;2150;Interkantonales Labor;;;3611.06;Entschädigung an den Vollzug der Umweltschutzgesetzgebung im Kanton Schaffhausen;3054000.0;3071000.0;3118500.0;-17000.0;-0.55;;129
21;Departement des Innern;2150;Interkantonales Labor;;;3632.10;Beiträge an innerkantonale Gemeinden und Gemeindezweckverbände;;;419724.37;;;;129
21;Departement des Innern;2150;Interkantonales Labor;;;3702.10;Durchlaufende Beiträge an Gemeinden und Gemeindezweckverbände;;;162684.25;;;;129
21;Departement des Innern;2150;Interkantonales Labor;;;4610.00;Entschädigungen vom Bund;;;-976545.35;;;;129
21;Departement des Innern;2150;Interkantonales Labor;;;4700.00;Durchlaufende Beiträge vom Bund;;;-162684.25;;;;129
21;Departement des Innern;2170;Sozialamt;;;3010.00;Löhne des Verwaltungs- und Betriebspersonals;2037000.0;1996600.0;1666368.55;40400.0;2.02;In der Lohnsumme enthalten sind die Verstetigung der befristeten 80%- Stelle zur Umsetzung der UN-BRK sowie die Verlängerung der befristeten 90 Stellenprozente in der Fachstelle GGG um vier Jahre. Ebenso wird beim Rechtsdienst des kantonalen Sozialamtes eine auf zwei Jahre befristete 100%-Stelle geschaffen.;129
21;Departement des Innern;2170;Sozialamt;;;3010.95;Rückerstattungen Taggelder UV, EO, MSE, MV, IV für Verwaltungs- und Betriebspersonal;;;-429.05;;;;130
21;Departement des Innern;2170;Sozialamt;;;3050.00;AG-Beiträge AHV, IV, EO, ALV, Verwaltungskosten;123300.0;129800.0;108893.45;-6500.0;-5.01;;130
21;Departement des Innern;2170;Sozialamt;;;3052.00;AG-Beiträge an Pensionskassen;210600.0;266800.0;223845.4;-56200.0;-21.06;;130
21;Departement des Innern;2170;Sozialamt;;;3053.00;AG-Beiträge an Unfallversicherungen;11600.0;12000.0;8794.65;-400.0;-3.33;;130
21;Departement des Innern;2170;Sozialamt;;;3054.00;AG-Beiträge an Familienzulagekassen;22700.0;25900.0;21954.35;-3200.0;-12.36;;130
21;Departement des Innern;2170;Sozialamt;;;3059.10;AG-Beiträge Sozialfonds;1500.0;1600.0;1288.15;-100.0;-6.25;;130
21;Departement des Innern;2170;Sozialamt;;;3090.00;Aus- und Weiterbildung des eigenen Personals;45000.0;57000.0;17944.4;-12000.0;-21.05;Die geplanten Weiterbildungen für die Mitarbeitenden der Fachstelle GGG werden auf 2027 verschoben.;130
21;Departement des Innern;2170;Sozialamt;;;3091.00;Personalwerbung;2000.0;2000.0;;;;;130
21;Departement des Innern;2170;Sozialamt;;;3099.00;Übriger Personalaufwand;7000.0;7000.0;6526.01;;;;130
21;Departement des Innern;2170;Sozialamt;;;3100.00;Büromaterial;9700.0;9000.0;9725.98;700.0;7.78;;130
21;Departement des Innern;2170;Sozialamt;;;3102.00;Drucksachen, Publikationen;40000.0;24000.0;12332.1;16000.0;66.67;Fortsetzung der interkantonalen Gewaltpräventionskampagne «Toxic Love».;130
21;Departement des Innern;2170;Sozialamt;;;3103.00;Fachliteratur, Zeitschriften;3500.0;4500.0;3536.5;-1000.0;-22.22;;130
21;Departement des Innern;2170;Sozialamt;;;3110.00;Büromöbel und -geräte;13500.0;;13536.95;13500.0;;Beschaffung von fehlendem Mobiliar.;130
21;Departement des Innern;2170;Sozialamt;;;3113.00;Hardware;15000.0;15000.0;67609.5;;;;130
21;Departement des Innern;2170;Sozialamt;;;3118.00;Immaterielle Anlagen;180000.0;190300.0;330486.45;-10300.0;-5.41;Verzicht auf diverse Vorhaben zur Kompensation des Kontos 2170.3132.00.;130
21;Departement des Innern;2170;Sozialamt;;;3130.00;Dienstleistungen Dritter;368000.0;930000.0;367982.43;-562000.0;-60.43;Für das Budget 2027 wurde als Schätzer auf den Wert der Rechnung 2025 zurückgegriffen.;130
21;Departement des Innern;2170;Sozialamt;;;3132.00;Honorare externe Berater, Gutachter, Fachexperten etc.;210000.0;80000.0;70152.8;130000.0;162.5;Aufgrund fehlender personeller Ressourcen und spezifischen Fachwissens ist das Sozialamt auf die Unterstützung durch externe Fachpersonen angewiesen. Dies beispielsweise für externe IBB- Überprüfungen und die Weiterentwicklung des Tarifsystems IFEG. Ein Teil der Aufwände wird über das Konto 3118.00 kompensiert.;130
21;Departement des Innern;2170;Sozialamt;;;3133.00;Informatik-Nutzungsaufwand;1123500.0;983900.0;544575.2;139600.0;14.19;Mehraufwände im Rahmen der geplanten IT-Projekte zur weiteren Digitalisierung der Dienststelle. Diese umfassen die Erweiterung von CMI für die Finanzierung und Aufsicht von Bauten und Leistungsvereinbarungen, den Aufbau einer Business Intelligence (BI) sowie die Weiterentwicklung des Qualitätsmanagements in der Asyl- und Flüchtlingsbetreuung.;131
21;Departement des Innern;2170;Sozialamt;;;3137.00;Steuern und Abgaben;;;2191.99;;;;131
21;Departement des Innern;2170;Sozialamt;;;3158.00;Unterhalt immaterielle Anlagen;77900.0;119600.0;82859.3;-41700.0;-34.87;Gemäss Budget ITSH.;131
21;Departement des Innern;2170;Sozialamt;;;3160.00;Mieten und Pachten Liegenschaften;1300.0;5000.0;1345.0;-3700.0;-74.0;;131
21;Departement des Innern;2170;Sozialamt;;;3170.00;Reisekosten und Spesen;14400.0;15000.0;14449.35;-600.0;-4.0;;131
21;Departement des Innern;2170;Sozialamt;;;3199.00;Übriger Betriebsaufwand;22500.0;40000.0;22494.77;-17500.0;-43.75;Es wird mit einem geringeren Betriebsaufwand gerechnet. Dadurch können auch Aufwände anderer Konten kompensiert werden.;131
21;Departement des Innern;2170;Sozialamt;;;3320.00;Planmässige Abschreibungen immaterielle Anlagen;40000.0;100000.0;;-60000.0;-60.0;Die entsprechenden Investitionen wurden noch nicht getätigt. Daher sind keine Abschreibungen erforderlich.;131
21;Departement des Innern;2170;Sozialamt;;;3631.00;Beiträge an Kantone und Konkordate;5000.0;5000.0;2576.9;;;;131
21;Departement des Innern;2170;Sozialamt;;;3636.00;Beiträge an private Organisationen ohne Erwerbszweck;19000.0;19000.0;2930.0;;;;131
21;Departement des Innern;2170;Sozialamt;;;3910.00;IV Dienstleistungen;;;70.0;;;;131
21;Departement des Innern;2170;Sozialamt;;;3980.00;Übertragungen;950000.0;950000.0;950000.0;;;;131
21;Departement des Innern;2170;Sozialamt;;;4210.00;Gebühren für Amtshandlungen;-600.0;-200.0;;-400.0;200.0;;131
21;Departement des Innern;2181;Aufwendungen gem. SHEG Art. 35, 36 + 38;;;;;;;;;;Die budgetierten Ausgaben entsprechen einer realistischen Schätzung der für die Erfüllung der gesetzlichen Aufgaben erforderlichen Ausgaben. Kurzfristige Einsparungen sind nicht möglich. Die Zahlen entsprechen dem den Gemeinden zur Verfügung gestellten LAV-Budget.;131
21;Departement des Innern;2181;Aufwendungen gem. SHEG Art. 35, 36 + 38;;;3632.10;Beiträge an innerkantonale Gemeinden und Gemeindezweckverbände;7101000.0;7067000.0;6784980.86;34000.0;0.48;Vgl. Kommentar zu Finanzstelle 2181.;132
21;Departement des Innern;2181;Aufwendungen gem. SHEG Art. 35, 36 + 38;;;3636.00;Beiträge an private Organisationen ohne Erwerbszweck;2742000.0;2640000.0;2298235.05;102000.0;3.86;Vgl. Kommentar zu Finanzstelle 2181.;132
21;Departement des Innern;2181;Aufwendungen gem. SHEG Art. 35, 36 + 38;;;3637.00;Beiträge an private Haushalte;11050000.0;9580000.0;10790678.47;1470000.0;15.34;Vgl. Kommentar zu Finanzstelle 2181.;132
21;Departement des Innern;2181;Aufwendungen gem. SHEG Art. 35, 36 + 38;;;3980.00;Übertragungen;2034100.0;2034100.0;2093060.5;;;;132
21;Departement des Innern;2181;Aufwendungen gem. SHEG Art. 35, 36 + 38;;;4610.00;Entschädigungen vom Bund;-300000.0;-200000.0;-434675.0;-100000.0;50.0;Vgl. Kommentar zu Finanzstelle 2181.;132
21;Departement des Innern;2181;Aufwendungen gem. SHEG Art. 35, 36 + 38;;;4612.10;Entschädigungen von innerkantonalen Gemeinden und Gemeindezweckverbänden;-10082300.0;-8864000.0;-9268917.1;-1218300.0;13.74;Vgl. Kommentar zu Finanzstelle 2181.;132
21;Departement des Innern;2182;Übrige Staatsbeiträge an Gemeinden und Institutionen;;;3632.10;Beiträge an innerkantonale Gemeinden und Gemeindezweckverbände;275000.0;275000.0;268036.81;;;;132
21;Departement des Innern;2184;Soziale Einrichtungen;;;3634.00;Beiträge an öffentliche Unternehmungen;1800000.0;2000000.0;1697745.4;-200000.0;-10.0;Die budgetierten Ausgaben entsprechen einer realistischen Schätzung der für die Erfüllung der gesetzlichen Aufgaben erforderlichen Ausgaben. Kurzfristige Einsparungen sind nicht möglich.;132
21;Departement des Innern;2184;Soziale Einrichtungen;;;3635.00;Beiträge an private Unternehmungen;1500000.0;1200000.0;1487651.16;300000.0;25.0;Vgl. Kommentar zu Konto 2184.3634.00.;132
21;Departement des Innern;2184;Soziale Einrichtungen;;;3636.00;Beiträge an private Organisationen ohne Erwerbszweck;35268000.0;34620000.0;34246880.67;648000.0;1.87;Vgl. Kommentar zu Konto 2184.3634.00.;132
21;Departement des Innern;2184;Soziale Einrichtungen;;;3660.60;Planmässige Abschreibungen Invest.beiträge ab private Unternehmungen ohne Erwerbszweck;271100.0;150800.0;133348.0;120300.0;79.77;;132
21;Departement des Innern;2185;Pflegekinderwesen;;;;;;;;;;Neue Finanzstelle zur transparenten Abbildung der Kosten des Pflegefamilienwesens infolge der Aufgabenübertragung an das Sozialamt per 1.1.2026 aufgrund der Revision der kantonalen Pflegekinderverordnung.;132
21;Departement des Innern;2185;Pflegekinderwesen;;;3130.00;Dienstleistungen Dritter;80000.0;;;80000.0;;;132
21;Departement des Innern;2185;Pflegekinderwesen;;;3635.00;Beiträge an private Unternehmungen;70000.0;;;70000.0;;;132
21;Departement des Innern;2185;Pflegekinderwesen;;;3636.00;Beiträge an private Organisationen ohne Erwerbszweck;10000.0;;;10000.0;;;132
21;Departement des Innern;2185;Pflegekinderwesen;;;3637.00;Beiträge an private Haushalte;35000.0;;;35000.0;;;133
21;Departement des Innern;2185;Pflegekinderwesen;;;4210.00;Gebühren für Amtshandlungen;-1000.0;;;-1000.0;;;133
21;Departement des Innern;2186;Massnahmenvollzug nach Strafgesetz;;;3010.00;Löhne des Verwaltungs- und Betriebspersonals;5200.0;5200.0;1440.0;;;;133
21;Departement des Innern;2186;Massnahmenvollzug nach Strafgesetz;;;3050.00;AG-Beiträge AHV, IV, EO, ALV, Verwaltungskosten;300.0;300.0;;;;;133
21;Departement des Innern;2186;Massnahmenvollzug nach Strafgesetz;;;3052.00;AG-Beiträge an Pensionskassen;600.0;700.0;;-100.0;-14.29;;133
21;Departement des Innern;2186;Massnahmenvollzug nach Strafgesetz;;;3053.00;AG-Beiträge an Unfallversicherungen;;;2.05;;;;133
21;Departement des Innern;2186;Massnahmenvollzug nach Strafgesetz;;;3054.00;AG-Beiträge an Familienzulagekassen;100.0;100.0;;;;;133
21;Departement des Innern;2186;Massnahmenvollzug nach Strafgesetz;;;3130.00;Dienstleistungen Dritter;1670300.0;1500000.0;1670330.9;170300.0;11.35;Für das Budget 2027 wurde als Schätzer auf den Wert der Rechnung 2025 zurückgegriffen.;133
21;Departement des Innern;2186;Massnahmenvollzug nach Strafgesetz;;;3181.00;Tatsächliche Forderungsverluste;;5000.0;;-5000.0;-100.0;;133
21;Departement des Innern;2186;Massnahmenvollzug nach Strafgesetz;;;3614.00;Entschädigungen an öffentliche Unternehmungen;2100000.0;1750000.0;2353349.8;350000.0;20.0;Vgl. Kommentar zu Konto 2186.3130.00.;133
21;Departement des Innern;2186;Massnahmenvollzug nach Strafgesetz;;;3631.00;Beiträge an Kantone und Konkordate;115000.0;115000.0;111270.7;;;;133
21;Departement des Innern;2186;Massnahmenvollzug nach Strafgesetz;;;4260.00;Rückerstattungen und Kostenbeteiligungen Dritter;-50000.0;-50000.0;-60603.15;;;;133
21;Departement des Innern;2187;Opferhilfe;;;3130.00;Dienstleistungen Dritter;5000.0;12000.0;;-7000.0;-58.33;Vertrag mit der Swisscom betreffend die zentrale Opferhilfe- Telefonnummer.;133
21;Departement des Innern;2187;Opferhilfe;;;3611.00;Entschädigungen an Kantone und Konkordate;30000.0;30000.0;32070.0;;;;133
21;Departement des Innern;2187;Opferhilfe;;;3636.00;Beiträge an private Organisationen ohne Erwerbszweck;1247000.0;1039000.0;714275.35;208000.0;20.02;Die Mittel betreffen mehrheitlich Leistungsvereinbarungen zur Erfüllung gesetzlicher Aufgaben (u. a. Fachstelle für Gewaltbetroffene, Frauenhaus, Konflikt.Gewalt). Diese können nicht kurzfristig gekündigt oder gekürzt werden. Zudem sind Mittel für Massnahmen aus dem Aktionsplan zur Istanbul- Konvention enthalten.;133
21;Departement des Innern;2187;Opferhilfe;;;3637.00;Beiträge an private Haushalte;850000.0;2470000.0;434470.48;-1620000.0;-65.59;Es handelt sich um gebundene Ausgaben, die durch das Sozialamt nur bedingt steuerbar sind. Für das Budget 2027 wurde ein sich an der Rechnung 2025 orientierender Wert eingestellt.;133
21;Departement des Innern;2187;Opferhilfe;;;4260.00;Rückerstattungen und Kostenbeteiligungen Dritter;-8000.0;-8000.0;-5208.0;;;;134
21;Departement des Innern;2187;Opferhilfe;;;4611.00;Entschädigungen von Kantonen und Konkordaten;-7000.0;-7000.0;-13897.0;;;;134
21;Departement des Innern;2191;Staatsbeitrag Arbeitslosenhilfe und Familienausgleichskasse;;;3613.20;Erlassene AHV-Beiträge;400000.0;380000.0;409562.75;20000.0;5.26;;134
21;Departement des Innern;2191;Staatsbeitrag Arbeitslosenhilfe und Familienausgleichskasse;;;3614.00;Entschädigungen an öffentliche Unternehmungen;84700.0;82700.0;87304.04;2000.0;2.42;;134
21;Departement des Innern;2191;Staatsbeitrag Arbeitslosenhilfe und Familienausgleichskasse;;;3633.05;Kantonsbeitrag an den Sozialfonds;600000.0;600000.0;596812.05;;;;134
21;Departement des Innern;2191;Staatsbeitrag Arbeitslosenhilfe und Familienausgleichskasse;;;3633.10;Kantonsbeitrag an die Familienzulagen für Nichterwerbstätige;900000.0;750000.0;994922.0;150000.0;20.0;Die Budgetierung erfolgt unter Berücksichtigung der Vorjahre und der Hochrechnung der Zahlen der ersten vier Monate des Jahres 2026.;134
21;Departement des Innern;2191;Staatsbeitrag Arbeitslosenhilfe und Familienausgleichskasse;;;4630.00;Beiträge vom Bund;-60000.0;-57000.0;-60607.55;-3000.0;5.26;;134
21;Departement des Innern;2191;Staatsbeitrag Arbeitslosenhilfe und Familienausgleichskasse;;;4632.11;Beiträge von Gemeinden an die erlassenen AHV- Beiträge;-140000.0;-133000.0;-144174.0;-7000.0;5.26;;134
21;Departement des Innern;2192;Ergänzungsleistungen;;;;;;;;;;Die Zuteilung auf die einzelnen Konten erfolgt unter Berücksichtigung der Abrechnung des Bundes für das Vorjahr und basiert auf der Hochrechnung der Zahlen der ersten vier Monate des Jahres 2026. Die Budgetzahlen sind generell und insbesondere auf Kontoebene mit Unsicherheiten behaftet.;134
21;Departement des Innern;2192;Ergänzungsleistungen;;;3613.00;Entschädigungen an öffentliche Sozialversicherungen;2000000.0;1900000.0;1994670.7;100000.0;5.26;Die komplexen Abklärungen, die Zunahme der Gesuche und ein hoher Mutationsaufwand sind ressourcenintensiv. Die Budgeterhöhung stellt eine Anpassung an die Gegebenheiten dar.;134
21;Departement des Innern;2192;Ergänzungsleistungen;;;3637.10;Allgemeiner Lebensbedarf AHV;16800000.0;15100000.0;16226624.0;1700000.0;11.26;Vgl. Kommentar zu Finanzstelle 2192.;134
21;Departement des Innern;2192;Ergänzungsleistungen;;;3637.11;Heim- und Krankheitskosten AHV;14500000.0;16700000.0;14479579.56;-2200000.0;-13.17;Reduktion auf das Niveau von 2025. Es handelt sich um gebundene Ausgaben, die durch das SVA nicht steuerbar sind. Vgl. Kommentar zu Finanzstelle 2192.;135
21;Departement des Innern;2192;Ergänzungsleistungen;;;3637.15;Allgemeiner Lebensbedarf IV;16100000.0;15300000.0;15866596.8;800000.0;5.23;Es handelt sich um gebundene Ausgaben, die durch das SVA nicht steuerbar sind. Vgl. Kommentar zu Finanzstelle 2192.;135
21;Departement des Innern;2192;Ergänzungsleistungen;;;3637.16;Heim- und Krankheitskosten IV;7922000.0;8200000.0;7951506.39;-278000.0;-3.39;Reduktion auf das Niveau von 2025. Es handelt sich um gebundene Ausgaben, die durch das SVA nicht steuerbar sind. Vgl. Kommentar zu Finanzstelle 2192.;135
21;Departement des Innern;2192;Ergänzungsleistungen;;;4610.00;Entschädigungen vom Bund;-620000.0;-600000.0;-618960.0;-20000.0;3.33;Vgl. Kommentar zu Finanzstelle 2192.;135
21;Departement des Innern;2192;Ergänzungsleistungen;;;4630.10;Bundesbeitrag an Ergänzungsleistungen AHV;-10400000.0;-9600000.0;-10141640.0;-800000.0;8.33;Vgl. Kommentar zu Finanzstelle 2192.;135
21;Departement des Innern;2192;Ergänzungsleistungen;;;4630.15;Bundesbeitrag an Ergänzungsleistungen IV;-10000000.0;-9500000.0;-9916623.0;-500000.0;5.26;Vgl. Kommentar zu Finanzstelle 2192.;135
21;Departement des Innern;2196;Digitale Verwaltung Schaffhausen;;;3010.00;Löhne des Verwaltungs- und Betriebspersonals;700000.0;696200.0;289255.0;3800.0;0.55;;135
21;Departement des Innern;2196;Digitale Verwaltung Schaffhausen;;;3050.00;AG-Beiträge AHV, IV, EO, ALV, Verwaltungskosten;45500.0;45300.0;18807.7;200.0;0.44;;135
21;Departement des Innern;2196;Digitale Verwaltung Schaffhausen;;;3052.00;AG-Beiträge an Pensionskassen;77700.0;93000.0;44085.6;-15300.0;-16.45;;135
21;Departement des Innern;2196;Digitale Verwaltung Schaffhausen;;;3053.00;AG-Beiträge an Unfallversicherungen;4300.0;4400.0;1567.6;-100.0;-2.27;;135
21;Departement des Innern;2196;Digitale Verwaltung Schaffhausen;;;3054.00;AG-Beiträge an Familienzulagekassen;8400.0;9100.0;3761.2;-700.0;-7.69;;135
21;Departement des Innern;2196;Digitale Verwaltung Schaffhausen;;;3059.10;AG-Beiträge Sozialfonds;600.0;500.0;232.5;100.0;20.0;;135
21;Departement des Innern;2196;Digitale Verwaltung Schaffhausen;;;3118.00;Immaterielle Anlagen;93900.0;200000.0;16150.14;-106100.0;-53.05;Der budgetierte Wert nimmt ab, da die Anzahl neu angestossener Projekte rückläufig ist.;135
21;Departement des Innern;2196;Digitale Verwaltung Schaffhausen;;;3130.00;Dienstleistungen Dritter;154200.0;30000.0;152020.61;124200.0;414.0;Das Budget ist im Vergleich zu 2026 höher, da mit dem vermehrten Einsatz Externer für laufende Projekte gerechnet wird.;135
21;Departement des Innern;2196;Digitale Verwaltung Schaffhausen;;;3133.00;Informatik-Nutzungsaufwand;1166700.0;1845000.0;487748.43;-678300.0;-36.76;Der budgetierte Wert nimmt ab, da die Anzahl neu angestossener Projekte rückläufig ist.;135
21;Departement des Innern;2196;Digitale Verwaltung Schaffhausen;;;3170.00;Reisekosten und Spesen;100.0;;129.3;100.0;;;135
21;Departement des Innern;2196;Digitale Verwaltung Schaffhausen;;;3320.00;Planmässige Abschreibungen immaterielle Anlagen;316500.0;9000.0;;307500.0;3416.67;;136
21;Departement des Innern;2196;Digitale Verwaltung Schaffhausen;;;3631.00;Beiträge an Kantone und Konkordate;169600.0;137600.0;95107.0;32000.0;23.26;Die Kosten für die Partizipation an Bundesprojekten (z. B. E-ID) nehmen tendenziell zu.;136
21;Departement des Innern;2197;IT-Konzernprodukte;;;3133.00;Informatik-Nutzungsaufwand;5729600.0;6227300.0;5431983.85;-497700.0;-7.99;Aufgrund von Projektverschiebungen und des damit verbundenen späteren Anfalls von Betriebskosten werden geringere Aufwendungen erwartet. Zudem wird ein Grossteil der Aufwendungen für die Einführung von Microsoft 365 im Jahr 2026 anfallen.;136
21;Departement des Innern;2197;IT-Konzernprodukte;;;3158.00;Unterhalt immaterielle Anlagen;244500.0;274500.0;254340.2;-30000.0;-10.93;Aufgrund der zeitlichen Verschiebung der Einführung des Identity Access Managements (IAM) werden geringere Aufwendungen für die Wartung erwartet.;136
21;Departement des Innern;2197;IT-Konzernprodukte;;;3320.00;Planmässige Abschreibungen immaterielle Anlagen;102400.0;40300.0;102383.0;62100.0;154.09;Abschreibungen für das Investitionsprojekt zum Ausbau von CMI Axioma.;136
21;Departement des Innern;2197;IT-Konzernprodukte;;;4450.00;Erträge aus Darlehen VV;-60000.0;-154000.0;-57750.0;94000.0;-61.04;Aufgrund der Anpassung der erwarteten Zinseinnahmen aus dem langfristigen Darlehen an die ITSH an den aktuell gültigen SARON-Zinssatz, ist von Mindererträgen im Vergleich zum Vorjahresbudget auszugehen.;136
21;Departement des Innern;2197;IT-Konzernprodukte;;;4910.00;IV Dienstleistungen;-3500.0;-3500.0;-3220.8;;;;136
21;Departement des Innern;2198;;2198.7213;Fonds für Suchtprophylaxe und Gesundheitsförderung;3010.00;Löhne des Verwaltungs- und Betriebspersonals;10000.0;12000.0;6625.25;-2000.0;-16.67;;136
21;Departement des Innern;2198;;2198.7213;Fonds für Suchtprophylaxe und Gesundheitsförderung;3050.00;AG-Beiträge AHV, IV, EO, ALV, Verwaltungskosten;700.0;800.0;110.15;-100.0;-12.5;;136
21;Departement des Innern;2198;;2198.7213;Fonds für Suchtprophylaxe und Gesundheitsförderung;3052.00;AG-Beiträge an Pensionskassen;1100.0;1600.0;;-500.0;-31.25;;136
21;Departement des Innern;2198;;2198.7213;Fonds für Suchtprophylaxe und Gesundheitsförderung;3053.00;AG-Beiträge an Unfallversicherungen;100.0;100.0;7.0;;;;136
21;Departement des Innern;2198;;2198.7213;Fonds für Suchtprophylaxe und Gesundheitsförderung;3054.00;AG-Beiträge an Familienzulagekassen;100.0;200.0;22.05;-100.0;-50.0;;136
21;Departement des Innern;2198;;2198.7213;Fonds für Suchtprophylaxe und Gesundheitsförderung;3059.10;AG-Beiträge Sozialfonds;;;1.45;;;;136
21;Departement des Innern;2198;;2198.7213;Fonds für Suchtprophylaxe und Gesundheitsförderung;3101.00;Betriebs- und Verbrauchsmaterial;5000.0;17000.0;3450.32;-12000.0;-70.59;Tieferer Bedarf an Betriebs- und Verbrauchsmaterial gemäss den Erfahrungswerten aus den Vorjahren.;137
21;Departement des Innern;2198;;2198.7213;Fonds für Suchtprophylaxe und Gesundheitsförderung;3102.00;Drucksachen, Publikationen;3000.0;3000.0;1709.48;;;;137
21;Departement des Innern;2198;;2198.7213;Fonds für Suchtprophylaxe und Gesundheitsförderung;3130.00;Dienstleistungen Dritter;280000.0;303000.0;142295.6;-23000.0;-7.59;Schwankungen der Projektausgaben innerhalb der 4-Jahres-Programme.;137
21;Departement des Innern;2198;;2198.7213;Fonds für Suchtprophylaxe und Gesundheitsförderung;3170.00;Reisekosten und Spesen;1000.0;;236.85;1000.0;;;137
21;Departement des Innern;2198;;2198.7213;Fonds für Suchtprophylaxe und Gesundheitsförderung;3500.00;Einlagen in Spezialfinanzierungen des Fremdkapitals;;;129389.08;;;;137
21;Departement des Innern;2198;;2198.7213;Fonds für Suchtprophylaxe und Gesundheitsförderung;3636.00;Beiträge an private Organisationen ohne Erwerbszweck;614000.0;646600.0;630714.87;-32600.0;-5.04;Reduzierte projektbezogene Ausgaben.;137
21;Departement des Innern;2198;;2198.7213;Fonds für Suchtprophylaxe und Gesundheitsförderung;3980.00;Übertragungen;212000.0;226000.0;225350.4;-14000.0;-6.19;;137
21;Departement des Innern;2198;;2198.7213;Fonds für Suchtprophylaxe und Gesundheitsförderung;4120.00;Konzessionen;-125000.0;-125000.0;-125292.5;;;;137
21;Departement des Innern;2198;;2198.7213;Fonds für Suchtprophylaxe und Gesundheitsförderung;4260.00;Rückerstattungen und Kostenbeteiligungen Dritter;;;-250.0;;;;137
21;Departement des Innern;2198;;2198.7213;Fonds für Suchtprophylaxe und Gesundheitsförderung;4500.00;Entnahmen aus Spezialfinanzierungen des Fremdkapitals;-78000.0;-226300.0;;148300.0;-65.53;Die Konten 2198.7213.3500.00 und 2198.7213.4500.00 bilden das Fondsergebnis ab. Aufgrund des Wegfalls des Anteils an der kantonalen Spielbankenabgabe sowie geringerer Alkohol- und Tabakabgaben auf Stufe Bund erfolgt 2027 wiederum eine Entnahme aus der Spezialfinanzierung des Fremdkapitals.;137
21;Departement des Innern;2198;;2198.7213;Fonds für Suchtprophylaxe und Gesundheitsförderung;4600.30;Anteil am Ertrag der Eidg. Alkoholverwaltung;-250000.0;-265000.0;-246220.0;15000.0;-5.66;;137
21;Departement des Innern;2198;;2198.7213;Fonds für Suchtprophylaxe und Gesundheitsförderung;4630.00;Beiträge vom Bund;-44000.0;-52000.0;-46392.0;8000.0;-15.38;;137
21;Departement des Innern;2198;;2198.7213;Fonds für Suchtprophylaxe und Gesundheitsförderung;4636.00;Beiträge von privaten Organisationen ohne Erwerbszweck;-181000.0;-201000.0;-194760.0;20000.0;-9.95;Die Erträge vermindern sich aufgrund des Wegfalls des Beitrags an das Programm «Cool and Clean».;137
21;Departement des Innern;2198;;2198.7213;Fonds für Suchtprophylaxe und Gesundheitsförderung;4980.00;Übertragungen;-431000.0;-341000.0;-526998.0;-90000.0;26.39;Aufgrund des Wegfalls des Anteils an der kantonalen Spielbankenabgabe (Schliessung Casino Schaffhausen) erhöht sich der Beitrag des Kantons an den Fonds für Suchtprophylaxe und Gesundheitsförderung (vgl. Konto 2131.3980.00).;137
21;Departement des Innern;2198;;2198.7213;Fonds für Suchtprophylaxe und Gesundheitsförderung;9011.00;Abschluss Spezialfinanzierungen und Fonds des Eigenkapitals, Aufwandüberschuss;-18000.0;;;-18000.0;;;137
21;Departement des Innern;2198;;2198.7215;Fonds für Integrationsmassnahmen für Ausländerinnen und Ausländer;3010.00;Löhne des Verwaltungs- und Betriebspersonals;;2000.0;;-2000.0;-100.0;;138
21;Departement des Innern;2198;;2198.7215;Fonds für Integrationsmassnahmen für Ausländerinnen und Ausländer;3050.00;AG-Beiträge AHV, IV, EO, ALV, Verwaltungskosten;;100.0;;-100.0;-100.0;;138
21;Departement des Innern;2198;;2198.7215;Fonds für Integrationsmassnahmen für Ausländerinnen und Ausländer;3052.00;AG-Beiträge an Pensionskassen;;300.0;;-300.0;-100.0;;138
21;Departement des Innern;2198;;2198.7215;Fonds für Integrationsmassnahmen für Ausländerinnen und Ausländer;3102.00;Drucksachen, Publikationen;5000.0;10000.0;3716.5;-5000.0;-50.0;;138
21;Departement des Innern;2198;;2198.7215;Fonds für Integrationsmassnahmen für Ausländerinnen und Ausländer;3130.00;Dienstleistungen Dritter;10000.0;15000.0;3500.0;-5000.0;-33.33;;138
21;Departement des Innern;2198;;2198.7215;Fonds für Integrationsmassnahmen für Ausländerinnen und Ausländer;3137.00;Steuern und Abgaben;;;-2191.98;;;;138
21;Departement des Innern;2198;;2198.7215;Fonds für Integrationsmassnahmen für Ausländerinnen und Ausländer;3500.00;Einlagen in Spezialfinanzierungen des Fremdkapitals;;;63515.81;;;;138
21;Departement des Innern;2198;;2198.7215;Fonds für Integrationsmassnahmen für Ausländerinnen und Ausländer;3634.00;Beiträge an öffentliche Unternehmungen;5000.0;5000.0;2142.9;;;;138
21;Departement des Innern;2198;;2198.7215;Fonds für Integrationsmassnahmen für Ausländerinnen und Ausländer;3635.00;Beiträge an private Unternehmungen;60000.0;80000.0;25369.15;-20000.0;-25.0;Die an Arbeitgeber ausgerichteten finanziellen Zuschüsse zur Arbeitsmarktintegration von Flüchtlingen und vorläufig Aufgenommenen hängen stark vom Bedarf ab. Da die Ausgaben 2024 und 2025 tiefer ausfielen als budgetiert, wird das Budget angepasst.;138
21;Departement des Innern;2198;;2198.7215;Fonds für Integrationsmassnahmen für Ausländerinnen und Ausländer;3636.00;Beiträge an private Organisationen ohne Erwerbszweck;4300000.0;4300000.0;4495061.05;;;;138
21;Departement des Innern;2198;;2198.7215;Fonds für Integrationsmassnahmen für Ausländerinnen und Ausländer;3637.00;Beiträge an private Haushalte;950000.0;950000.0;972381.05;;;;138
21;Departement des Innern;2198;;2198.7215;Fonds für Integrationsmassnahmen für Ausländerinnen und Ausländer;4500.00;Entnahmen aus Spezialfinanzierungen des Fremdkapitals;-280000.0;-312400.0;;32400.0;-10.37;Der reduzierte Entnahmebetrag aus den Spezialfinanzierungen des Fremdkapitals bildet das Gegenstück zu den übrigen Anpassungen auf der Finanzstelle 2198.7215. Diese ist somit ausgeglichen.;138
21;Departement des Innern;2198;;2198.7215;Fonds für Integrationsmassnahmen für Ausländerinnen und Ausländer;4610.00;Entschädigungen vom Bund;-4100000.0;-4100000.0;-4613494.48;;;;138
21;Departement des Innern;2198;;2198.7215;Fonds für Integrationsmassnahmen für Ausländerinnen und Ausländer;4980.00;Übertragungen;-950000.0;-950000.0;-950000.0;;;;138
21;Departement des Innern;2198;;2198.7216;Fonds Asyl- und Flüchtlingswesen;3010.00;Löhne des Verwaltungs- und Betriebspersonals;7250000.0;7750000.0;7155079.95;-500000.0;-6.45;Reduktion auf das Niveau von 2025. Es handelt sich um Ausgaben, die durch das Sozialamt nur sehr beschränkt und zeitverzögert steuerbar sind.;138
21;Departement des Innern;2198;;2198.7216;Fonds Asyl- und Flüchtlingswesen;3050.00;AG-Beiträge AHV, IV, EO, ALV, Verwaltungskosten;471300.0;503800.0;469851.56;-32500.0;-6.45;;138
21;Departement des Innern;2198;;2198.7216;Fonds Asyl- und Flüchtlingswesen;3052.00;AG-Beiträge an Pensionskassen;804800.0;1035400.0;798242.3;-230600.0;-22.27;;138
21;Departement des Innern;2198;;2198.7216;Fonds Asyl- und Flüchtlingswesen;3053.00;AG-Beiträge an Unfallversicherungen;102400.0;105100.0;96891.55;-2700.0;-2.57;;138
21;Departement des Innern;2198;;2198.7216;Fonds Asyl- und Flüchtlingswesen;3054.00;AG-Beiträge an Familienzulagekassen;87000.0;100800.0;92936.59;-13800.0;-13.69;;139
21;Departement des Innern;2198;;2198.7216;Fonds Asyl- und Flüchtlingswesen;3059.10;AG-Beiträge Sozialfonds;5800.0;6200.0;;-400.0;-6.45;;139
21;Departement des Innern;2198;;2198.7216;Fonds Asyl- und Flüchtlingswesen;3090.00;Aus- und Weiterbildung des eigenen Personals;86000.0;86000.0;53513.45;;;;139
21;Departement des Innern;2198;;2198.7216;Fonds Asyl- und Flüchtlingswesen;3091.00;Personalwerbung;8000.0;8000.0;13270.1;;;;139
21;Departement des Innern;2198;;2198.7216;Fonds Asyl- und Flüchtlingswesen;3099.00;Übriger Personalaufwand;32000.0;32000.0;28502.19;;;;139
21;Departement des Innern;2198;;2198.7216;Fonds Asyl- und Flüchtlingswesen;3135.10;Dienstleistungsaufwand für Personen in Obhut Asylsuchende und Asylwesen;1546100.0;2000000.0;1546118.74;-453900.0;-22.7;Vgl. Kommentar zu Konto 2198.7216.3010.00.;139
21;Departement des Innern;2198;;2198.7216;Fonds Asyl- und Flüchtlingswesen;3631.00;Beiträge an Kantone und Konkordate;50000.0;50000.0;60607.55;;;;139
21;Departement des Innern;2198;;2198.7216;Fonds Asyl- und Flüchtlingswesen;3632.13;Beiträge an Gemeinden und Gemeindezweckverbände Asylsuchende und Asylwesen;14000.0;14000.0;14000.0;;;;139
21;Departement des Innern;2198;;2198.7216;Fonds Asyl- und Flüchtlingswesen;3636.00;Beiträge an private Organisationen ohne Erwerbszweck;100000.0;100000.0;;;;;139
21;Departement des Innern;2198;;2198.7216;Fonds Asyl- und Flüchtlingswesen;3637.30;Beiträge an private Haushalte Asylsuchende und Asylwesen;18800000.0;18800000.0;18321322.51;;;;139
21;Departement des Innern;2198;;2198.7216;Fonds Asyl- und Flüchtlingswesen;3637.31;Beiträge an private Haushalte anerkannte Flüchtlinge;5500000.0;7555000.0;5433424.06;-2055000.0;-27.2;Vgl. Kommentar zu Konto 2198.7216.3010.00.;139
21;Departement des Innern;2198;;2198.7216;Fonds Asyl- und Flüchtlingswesen;3920.00;IV Pacht, Mieten Benützungskosten;81000.0;30000.0;78088.8;51000.0;170.0;;139
21;Departement des Innern;2198;;2198.7216;Fonds Asyl- und Flüchtlingswesen;4260.10;Rückerstattungen und Kostenbeteiligungen Dritter Asylsuchende und Asylwesen;-725000.0;-725000.0;-599924.74;;;;139
21;Departement des Innern;2198;;2198.7216;Fonds Asyl- und Flüchtlingswesen;4610.40;Entschädigungen vom Bund Asylsuchende und Asylwesen;-19500000.0;-21100000.0;-18527085.0;1600000.0;-7.58;Vgl. Kommentar zu Konto 2198.7216.3010.00.;139
21;Departement des Innern;2198;;2198.7216;Fonds Asyl- und Flüchtlingswesen;4610.41;Entschädigungen vom Bund Anerkannte Flüchtlinge;-6900000.0;-8050000.0;-6841693.0;1150000.0;-14.29;Vgl. Kommentar zu Konto 2198.7216.3010.00.;139
21;Departement des Innern;2198;;2198.7216;Fonds Asyl- und Flüchtlingswesen;4612.00;Entschädigungen von Gemeinden und Gemeindezweckverbänden;-6462000.0;-6142200.0;-5987533.11;-319800.0;5.21;Vgl. Kommentar zu Konto 2198.7216.3010.00.;139
21;Departement des Innern;2198;;2198.7216;Fonds Asyl- und Flüchtlingswesen;4630.00;Beiträge vom Bund;-125000.0;-125000.0;-112553.0;;;;139
21;Departement des Innern;2198;;2198.7216;Fonds Asyl- und Flüchtlingswesen;4980.00;Übertragungen;-2034100.0;-2034100.0;-2093060.5;;;;139
21;Departement des Innern;2198;;2198.7216;Fonds Asyl- und Flüchtlingswesen;9010.00;Abschluss Spezialfinanzierungen und Fonds des Eigenkapitals, Ertragsüberschuss;807700.0;;;807700.0;;Vgl. Kommentar zu Konto 2198.7216.3010.00.;139
21;Departement des Innern;2198;;2198.7560;Anna-Katharina-Federli Fonds;3502.00;Einlagen in Legate und Stiftungen des Fremdkapitals;;;13.48;;;;139
21;Departement des Innern;2198;;2198.7560;Anna-Katharina-Federli Fonds;4940.00;IV Kalk. Zinsen und Finanzaufwand;;;-13.48;;;;139
22;Erziehungsdepartement;2201;Departementssekretariat;;;3000.10;Sitzungsgelder Kommissionen;27500.0;30000.0;24659.35;-2500.0;-8.33;;140
22;Erziehungsdepartement;2201;Departementssekretariat;;;3010.00;Löhne des Verwaltungs- und Betriebspersonals;974000.0;986200.0;966845.15;-12200.0;-1.24;;140
22;Erziehungsdepartement;2201;Departementssekretariat;;;3050.00;AG-Beiträge AHV, IV, EO, ALV, Verwaltungskosten;64900.0;66100.0;62763.25;-1200.0;-1.82;;140
22;Erziehungsdepartement;2201;Departementssekretariat;;;3052.00;AG-Beiträge an Pensionskassen;110900.0;131800.0;138050.6;-20900.0;-15.86;;140
22;Erziehungsdepartement;2201;Departementssekretariat;;;3053.00;AG-Beiträge an Unfallversicherungen;6100.0;6300.0;5031.25;-200.0;-3.17;;140
22;Erziehungsdepartement;2201;Departementssekretariat;;;3054.00;AG-Beiträge an Familienzulagekassen;11900.0;13200.0;12665.05;-1300.0;-9.85;;140
22;Erziehungsdepartement;2201;Departementssekretariat;;;3059.10;AG-Beiträge Sozialfonds;800.0;800.0;739.25;;;;140
22;Erziehungsdepartement;2201;Departementssekretariat;;;3090.00;Aus- und Weiterbildung des eigenen Personals;12000.0;16400.0;3828.35;-4400.0;-26.83;;140
22;Erziehungsdepartement;2201;Departementssekretariat;;;3099.00;Übriger Personalaufwand;8500.0;8500.0;8864.35;;;;140
22;Erziehungsdepartement;2201;Departementssekretariat;;;3100.00;Büromaterial;1000.0;2500.0;1026.17;-1500.0;-60.0;;140
22;Erziehungsdepartement;2201;Departementssekretariat;;;3102.00;Drucksachen, Publikationen;2400.0;2500.0;382.15;-100.0;-4.0;;140
22;Erziehungsdepartement;2201;Departementssekretariat;;;3103.00;Fachliteratur, Zeitschriften;3500.0;2000.0;3478.1;1500.0;75.0;;140
22;Erziehungsdepartement;2201;Departementssekretariat;;;3113.00;Hardware;1500.0;21700.0;1489.5;-20200.0;-93.09;Die Ausrüstung von zwei Sitzungszimmern mit Audio-Video- Systemen ist voraussichtlich abgeschlossen.;140
22;Erziehungsdepartement;2201;Departementssekretariat;;;3118.00;Immaterielle Anlagen;;1000.0;;-1000.0;-100.0;;140
22;Erziehungsdepartement;2201;Departementssekretariat;;;3130.00;Dienstleistungen Dritter;169000.0;171000.0;121158.65;-2000.0;-1.17;;140
22;Erziehungsdepartement;2201;Departementssekretariat;;;3133.00;Informatik-Nutzungsaufwand;61100.0;73200.0;62091.9;-12100.0;-16.53;;140
22;Erziehungsdepartement;2201;Departementssekretariat;;;3170.00;Reisekosten und Spesen;4700.0;7000.0;4661.95;-2300.0;-32.86;;140
22;Erziehungsdepartement;2201;Departementssekretariat;;;3181.00;Tatsächliche Forderungsverluste;300.0;;250.0;300.0;;;140
22;Erziehungsdepartement;2201;Departementssekretariat;;;3199.00;Übriger Betriebsaufwand;500.0;500.0;500.0;;;;140
22;Erziehungsdepartement;2201;Departementssekretariat;;;3612.10;Entschädigungen an innerkantonale Gemeinden und Gemeindezweckverbände;18000.0;18000.0;18000.0;;;;140
22;Erziehungsdepartement;2201;Departementssekretariat;;;3631.00;Beiträge an Kantone und Konkordate;291000.0;235400.0;271262.92;55600.0;23.62;Anpassung aufgrund der Kostenaufstellung und Budgets 2027 der Konkordate.;140
22;Erziehungsdepartement;2201;Departementssekretariat;;;3631.31;Beiträge an Randenkommission;21000.0;16000.0;5395.87;5000.0;31.25;;140
22;Erziehungsdepartement;2201;Departementssekretariat;;;3632.10;Beiträge an innerkantonale Gemeinden und Gemeindezweckverbände;200000.0;200000.0;238260.45;;;;140
22;Erziehungsdepartement;2201;Departementssekretariat;;;3636.00;Beiträge an private Organisationen ohne Erwerbszweck;3954900.0;3915000.0;3931549.0;39900.0;1.02;Die Staatsbeiträge an die Landeskirchen unterstehen dem Landesindex der Konsumentpreise, dieser ist zum Zeitpunkt der Budgetierung nicht bekannt. Anpassung aufgrund der Ergebnisse 2025.;141
22;Erziehungsdepartement;2201;Departementssekretariat;;;3638.00;Beiträge an das Ausland;9000.0;7200.0;6812.26;1800.0;25.0;;141
22;Erziehungsdepartement;2201;Departementssekretariat;;;3660.20;Planmässige Abschreibungen Invest.beiträge an Gemeinden;1763700.0;1543700.0;1343692.0;220000.0;14.25;;141
22;Erziehungsdepartement;2201;Departementssekretariat;;;3900.00;IV Material- und Warenbezüge;;;39.2;;;;141
22;Erziehungsdepartement;2201;Departementssekretariat;;;3910.00;IV Dienstleistungen;;;577.9;;;;141
22;Erziehungsdepartement;2201;Departementssekretariat;;;4210.00;Gebühren für Amtshandlungen;-10000.0;-8000.0;-9500.0;-2000.0;25.0;;141
22;Erziehungsdepartement;2215;Geschäftsleitung/Stabsdienste Bildung/Kindergarten, Primar- und Sekundarstufe I;;;3010.00;Löhne des Verwaltungs- und Betriebspersonals;1189000.0;1019600.0;992375.95;169400.0;16.61;Inklusive neue befristete Stelle ICT Projektleitung.;141
22;Erziehungsdepartement;2215;Geschäftsleitung/Stabsdienste Bildung/Kindergarten, Primar- und Sekundarstufe I;;;3010.95;Rückerstattungen Taggelder UV, EO, MSE, MV, IV für Verwaltungs- und Betriebspersonal;;;-1125.45;;;;141
22;Erziehungsdepartement;2215;Geschäftsleitung/Stabsdienste Bildung/Kindergarten, Primar- und Sekundarstufe I;;;3050.00;AG-Beiträge AHV, IV, EO, ALV, Verwaltungskosten;77300.0;66300.0;63470.9;11000.0;16.59;;141
22;Erziehungsdepartement;2215;Geschäftsleitung/Stabsdienste Bildung/Kindergarten, Primar- und Sekundarstufe I;;;3052.00;AG-Beiträge an Pensionskassen;132000.0;136200.0;131535.4;-4200.0;-3.08;;141
22;Erziehungsdepartement;2215;Geschäftsleitung/Stabsdienste Bildung/Kindergarten, Primar- und Sekundarstufe I;;;3053.00;AG-Beiträge an Unfallversicherungen;7300.0;6300.0;4906.5;1000.0;15.87;;141
22;Erziehungsdepartement;2215;Geschäftsleitung/Stabsdienste Bildung/Kindergarten, Primar- und Sekundarstufe I;;;3054.00;AG-Beiträge an Familienzulagekassen;14300.0;13200.0;12885.2;1100.0;8.33;;141
22;Erziehungsdepartement;2215;Geschäftsleitung/Stabsdienste Bildung/Kindergarten, Primar- und Sekundarstufe I;;;3059.10;AG-Beiträge Sozialfonds;1000.0;800.0;724.4;200.0;25.0;;141
22;Erziehungsdepartement;2215;Geschäftsleitung/Stabsdienste Bildung/Kindergarten, Primar- und Sekundarstufe I;;;3090.00;Aus- und Weiterbildung des eigenen Personals;47000.0;47000.0;38931.32;;;;141
22;Erziehungsdepartement;2215;Geschäftsleitung/Stabsdienste Bildung/Kindergarten, Primar- und Sekundarstufe I;;;3091.00;Personalwerbung;500.0;500.0;;;;;141
22;Erziehungsdepartement;2215;Geschäftsleitung/Stabsdienste Bildung/Kindergarten, Primar- und Sekundarstufe I;;;3099.00;Übriger Personalaufwand;206300.0;206300.0;202951.2;;;;141
22;Erziehungsdepartement;2215;Geschäftsleitung/Stabsdienste Bildung/Kindergarten, Primar- und Sekundarstufe I;;;3100.00;Büromaterial;9900.0;15300.0;9883.26;-5400.0;-35.29;;141
22;Erziehungsdepartement;2215;Geschäftsleitung/Stabsdienste Bildung/Kindergarten, Primar- und Sekundarstufe I;;;3102.00;Drucksachen, Publikationen;;1000.0;;-1000.0;-100.0;;141
22;Erziehungsdepartement;2215;Geschäftsleitung/Stabsdienste Bildung/Kindergarten, Primar- und Sekundarstufe I;;;3103.00;Fachliteratur, Zeitschriften;1100.0;1500.0;1085.8;-400.0;-26.67;;141
22;Erziehungsdepartement;2215;Geschäftsleitung/Stabsdienste Bildung/Kindergarten, Primar- und Sekundarstufe I;;;3113.00;Hardware;2000.0;2000.0;2285.89;;;;141
22;Erziehungsdepartement;2215;Geschäftsleitung/Stabsdienste Bildung/Kindergarten, Primar- und Sekundarstufe I;;;3130.00;Dienstleistungen Dritter;20000.0;80000.0;27418.65;-60000.0;-75.0;Die Digitalisierung der HR-Prozesse der Lehrpersonen wird verschoben.;141
22;Erziehungsdepartement;2215;Geschäftsleitung/Stabsdienste Bildung/Kindergarten, Primar- und Sekundarstufe I;;;3133.00;Informatik-Nutzungsaufwand;381100.0;225900.0;130222.65;155200.0;68.7;Ein neues Personal- und Lohnadministrations-System bringt höhere Betriebs- und Lizenzkosten mit sich. Zudem wird das Rekrutierungstool erneuert.;142
22;Erziehungsdepartement;2215;Geschäftsleitung/Stabsdienste Bildung/Kindergarten, Primar- und Sekundarstufe I;;;3153.00;Informatik-Unterhalt (Hardware);;12000.0;;-12000.0;-100.0;Anpassung aufgrund der Kosten in den Vorjahren.;142
22;Erziehungsdepartement;2215;Geschäftsleitung/Stabsdienste Bildung/Kindergarten, Primar- und Sekundarstufe I;;;3158.00;Unterhalt immaterielle Anlagen;10400.0;94000.0;11590.35;-83600.0;-88.94;Die Lizenzkosten des Personal- und Lohnadministrationssystems werden neu auf dem Konto 2215.3133.00 abgebildet. Weitere Anpassungen erfolgen aufgrund der Kosten in den Vorjahren.;142
22;Erziehungsdepartement;2215;Geschäftsleitung/Stabsdienste Bildung/Kindergarten, Primar- und Sekundarstufe I;;;3160.00;Mieten und Pachten Liegenschaften;200.0;1300.0;220.0;-1100.0;-84.62;;142
22;Erziehungsdepartement;2215;Geschäftsleitung/Stabsdienste Bildung/Kindergarten, Primar- und Sekundarstufe I;;;3170.00;Reisekosten und Spesen;6800.0;7700.0;6814.25;-900.0;-11.69;;142
22;Erziehungsdepartement;2215;Geschäftsleitung/Stabsdienste Bildung/Kindergarten, Primar- und Sekundarstufe I;;;3199.00;Übriger Betriebsaufwand;100.0;500.0;80.8;-400.0;-80.0;;142
22;Erziehungsdepartement;2215;Geschäftsleitung/Stabsdienste Bildung/Kindergarten, Primar- und Sekundarstufe I;;;3320.00;Planmässige Abschreibungen immaterielle Anlagen;278600.0;240700.0;32303.0;37900.0;15.75;;142
22;Erziehungsdepartement;2215;Geschäftsleitung/Stabsdienste Bildung/Kindergarten, Primar- und Sekundarstufe I;;;3910.00;IV Dienstleistungen;7600.0;7600.0;6448.0;;;;142
22;Erziehungsdepartement;2215;Geschäftsleitung/Stabsdienste Bildung/Kindergarten, Primar- und Sekundarstufe I;;;4210.00;Gebühren für Amtshandlungen;-6600.0;-6600.0;-14700.0;;;;142
22;Erziehungsdepartement;2215;Geschäftsleitung/Stabsdienste Bildung/Kindergarten, Primar- und Sekundarstufe I;;;4240.00;Benützungsgebühren und Dienstleistungen;-15000.0;-15000.0;-13645.15;;;;142
22;Erziehungsdepartement;2215;Geschäftsleitung/Stabsdienste Bildung/Kindergarten, Primar- und Sekundarstufe I;;;4309.00;Übrige betriebliche Erträge;-600.0;-600.0;-173.05;;;;142
22;Erziehungsdepartement;2215;Geschäftsleitung/Stabsdienste Bildung/Kindergarten, Primar- und Sekundarstufe I;;;4612.10;Entschädigungen von innerkantonalen Gemeinden und Gemeindezweckverbänden;-190000.0;-190000.0;-192564.0;;;;142
22;Erziehungsdepartement;2217;Verschiedene Finanzierungen und allgemeine Projekte K+P+S;;;3000.10;Sitzungsgelder Kommissionen;35000.0;35800.0;26250.0;-800.0;-2.23;;142
22;Erziehungsdepartement;2217;Verschiedene Finanzierungen und allgemeine Projekte K+P+S;;;3010.00;Löhne des Verwaltungs- und Betriebspersonals;130200.0;193600.0;45112.5;-63400.0;-32.75;Temporäre Anstellung im Projekt «Tragfähige Volksschule».;142
22;Erziehungsdepartement;2217;Verschiedene Finanzierungen und allgemeine Projekte K+P+S;;;3020.00;Löhne der Lehrpersonen;284200.0;282800.0;133671.05;1400.0;0.5;;142
22;Erziehungsdepartement;2217;Verschiedene Finanzierungen und allgemeine Projekte K+P+S;;;3050.00;AG-Beiträge AHV, IV, EO, ALV, Verwaltungskosten;29200.0;33300.0;12338.25;-4100.0;-12.31;;142
22;Erziehungsdepartement;2217;Verschiedene Finanzierungen und allgemeine Projekte K+P+S;;;3052.00;AG-Beiträge an Pensionskassen;49800.0;63700.0;6588.55;-13900.0;-21.82;;142
22;Erziehungsdepartement;2217;Verschiedene Finanzierungen und allgemeine Projekte K+P+S;;;3053.00;AG-Beiträge an Unfallversicherungen;2700.0;2900.0;985.2;-200.0;-6.9;;142
22;Erziehungsdepartement;2217;Verschiedene Finanzierungen und allgemeine Projekte K+P+S;;;3054.00;AG-Beiträge an Familienzulagekassen;5400.0;6600.0;2468.95;-1200.0;-18.18;;142
22;Erziehungsdepartement;2217;Verschiedene Finanzierungen und allgemeine Projekte K+P+S;;;3059.10;AG-Beiträge Sozialfonds;400.0;400.0;151.9;;;;142
22;Erziehungsdepartement;2217;Verschiedene Finanzierungen und allgemeine Projekte K+P+S;;;3090.00;Aus- und Weiterbildung des eigenen Personals;92000.0;92000.0;38301.0;;;;142
22;Erziehungsdepartement;2217;Verschiedene Finanzierungen und allgemeine Projekte K+P+S;;;3099.00;Übriger Personalaufwand;10000.0;10000.0;36238.1;;;;142
22;Erziehungsdepartement;2217;Verschiedene Finanzierungen und allgemeine Projekte K+P+S;;;3100.00;Büromaterial;;4500.0;;-4500.0;-100.0;;143
22;Erziehungsdepartement;2217;Verschiedene Finanzierungen und allgemeine Projekte K+P+S;;;3102.00;Drucksachen, Publikationen;5700.0;11000.0;5680.0;-5300.0;-48.18;;143
22;Erziehungsdepartement;2217;Verschiedene Finanzierungen und allgemeine Projekte K+P+S;;;3103.00;Fachliteratur, Zeitschriften;600.0;1000.0;618.1;-400.0;-40.0;;143
22;Erziehungsdepartement;2217;Verschiedene Finanzierungen und allgemeine Projekte K+P+S;;;3104.00;Lehrmittel;9800.0;11200.0;9840.65;-1400.0;-12.5;;143
22;Erziehungsdepartement;2217;Verschiedene Finanzierungen und allgemeine Projekte K+P+S;;;3113.00;Hardware;300.0;3000.0;272.6;-2700.0;-90.0;;143
22;Erziehungsdepartement;2217;Verschiedene Finanzierungen und allgemeine Projekte K+P+S;;;3118.00;Immaterielle Anlagen;12700.0;12600.0;12749.1;100.0;0.79;;143
22;Erziehungsdepartement;2217;Verschiedene Finanzierungen und allgemeine Projekte K+P+S;;;3130.00;Dienstleistungen Dritter;296000.0;441000.0;358948.84;-145000.0;-32.88;Anpassung aufgrund der Kosten in den Vorjahren.;143
22;Erziehungsdepartement;2217;Verschiedene Finanzierungen und allgemeine Projekte K+P+S;;;3133.00;Informatik-Nutzungsaufwand;138000.0;;;138000.0;;Projekt Erneuerungsbeschaffung Schulverwaltungssoftware.;143
22;Erziehungsdepartement;2217;Verschiedene Finanzierungen und allgemeine Projekte K+P+S;;;3158.00;Unterhalt immaterielle Anlagen;98900.0;160000.0;98920.08;-61100.0;-38.19;Anpassung aufgrund der Kosten in den Vorjahren.;143
22;Erziehungsdepartement;2217;Verschiedene Finanzierungen und allgemeine Projekte K+P+S;;;3160.00;Mieten und Pachten Liegenschaften;2200.0;3000.0;2200.0;-800.0;-26.67;;143
22;Erziehungsdepartement;2217;Verschiedene Finanzierungen und allgemeine Projekte K+P+S;;;3170.00;Reisekosten und Spesen;800.0;7000.0;788.25;-6200.0;-88.57;;143
22;Erziehungsdepartement;2217;Verschiedene Finanzierungen und allgemeine Projekte K+P+S;;;3614.00;Entschädigungen an öffentliche Unternehmungen;245000.0;415400.0;431600.6;-170400.0;-41.02;Die Mittel aus dem Verpflichtungskredit «Zusatzkredit Ready for teaching» (EPR0083-1) wurden neu auf die folgenden Jahre verteilt.;143
22;Erziehungsdepartement;2217;Verschiedene Finanzierungen und allgemeine Projekte K+P+S;;;3631.00;Beiträge an Kantone und Konkordate;11000.0;11000.0;9708.0;;;;143
22;Erziehungsdepartement;2217;Verschiedene Finanzierungen und allgemeine Projekte K+P+S;;;3636.00;Beiträge an private Organisationen ohne Erwerbszweck;5000.0;5000.0;6325.0;;;;143
22;Erziehungsdepartement;2217;Verschiedene Finanzierungen und allgemeine Projekte K+P+S;;;3707.00;Durchlaufende Beiträge an private Haushalte;;;28000.0;;;;143
22;Erziehungsdepartement;2217;Verschiedene Finanzierungen und allgemeine Projekte K+P+S;;;3910.00;IV Dienstleistungen;;;3245.7;;;;143
22;Erziehungsdepartement;2217;Verschiedene Finanzierungen und allgemeine Projekte K+P+S;;;4250.00;Verkäufe;-2000.0;-2000.0;;;;;143
22;Erziehungsdepartement;2217;Verschiedene Finanzierungen und allgemeine Projekte K+P+S;;;4309.00;Übrige betriebliche Erträge;-1000.0;-1000.0;;;;;143
22;Erziehungsdepartement;2217;Verschiedene Finanzierungen und allgemeine Projekte K+P+S;;;4612.00;Entschädigungen von Gemeinden und Gemeindezweckverbänden;-33000.0;-33000.0;-18157.6;;;;143
22;Erziehungsdepartement;2217;Verschiedene Finanzierungen und allgemeine Projekte K+P+S;;;4630.00;Beiträge vom Bund;;;-8938.0;;;;143
22;Erziehungsdepartement;2217;Verschiedene Finanzierungen und allgemeine Projekte K+P+S;;;4700.00;Durchlaufende Beiträge vom Bund;;;-28000.0;;;;143
22;Erziehungsdepartement;2218;Schultherapien;;;3020.00;Löhne der Lehrpersonen;3892500.0;3415200.0;3059923.3;477300.0;13.98;Erhöhung Stellenprozente für Logopädie und Psychomotorik für Schülerinnen und Schüler mit einem integrativen Sonderschulstatus in der Regelschule.;143
22;Erziehungsdepartement;2218;Schultherapien;;;3020.95;Rückerstattungen Taggelder UV, EO, MSE, MV, IV für Lehrpersonen;;;-952.4;;;;144
22;Erziehungsdepartement;2218;Schultherapien;;;3050.00;AG-Beiträge AHV, IV, EO, ALV, Verwaltungskosten;253000.0;222000.0;192646.2;31000.0;13.96;;144
22;Erziehungsdepartement;2218;Schultherapien;;;3052.00;AG-Beiträge an Pensionskassen;432100.0;456300.0;408984.9;-24200.0;-5.3;;144
22;Erziehungsdepartement;2218;Schultherapien;;;3053.00;AG-Beiträge an Unfallversicherungen;23800.0;20500.0;16318.35;3300.0;16.1;;144
22;Erziehungsdepartement;2218;Schultherapien;;;3054.00;AG-Beiträge an Familienzulagekassen;46700.0;44400.0;38977.1;2300.0;5.18;;144
22;Erziehungsdepartement;2218;Schultherapien;;;3059.10;AG-Beiträge Sozialfonds;3100.0;2700.0;2232.15;400.0;14.81;;144
22;Erziehungsdepartement;2218;Schultherapien;;;3064.00;Überbrückungsrenten;;;5934.25;;;;144
22;Erziehungsdepartement;2218;Schultherapien;;;3090.00;Aus- und Weiterbildung des eigenen Personals;36000.0;30000.0;12985.27;6000.0;20.0;;144
22;Erziehungsdepartement;2218;Schultherapien;;;3091.00;Personalwerbung;3000.0;3000.0;1350.0;;;;144
22;Erziehungsdepartement;2218;Schultherapien;;;3099.00;Übriger Personalaufwand;5000.0;5000.0;3927.8;;;;144
22;Erziehungsdepartement;2218;Schultherapien;;;3100.00;Büromaterial;900.0;1500.0;927.75;-600.0;-40.0;;144
22;Erziehungsdepartement;2218;Schultherapien;;;3103.00;Fachliteratur, Zeitschriften;100.0;200.0;69.0;-100.0;-50.0;;144
22;Erziehungsdepartement;2218;Schultherapien;;;3104.00;Lehrmittel;86500.0;61000.0;71717.62;25500.0;41.8;Einrichtung neuer Therapieräume für Logopädie und Psychomotorik, um den steigenden Schülerinnen- und Schülerzahlen gerecht zu werden.;144
22;Erziehungsdepartement;2218;Schultherapien;;;3113.00;Hardware;13700.0;50000.0;13746.46;-36300.0;-72.6;Ausstattung des Therapiepersonals mit neuen Laptops ist abgeschlossen.;144
22;Erziehungsdepartement;2218;Schultherapien;;;3118.00;Immaterielle Anlagen;2900.0;3000.0;2931.66;-100.0;-3.33;;144
22;Erziehungsdepartement;2218;Schultherapien;;;3130.00;Dienstleistungen Dritter;57000.0;82000.0;61701.13;-25000.0;-30.49;Die Einrichtung neuer Laptops ist abgeschlossen. IT-Support für Therapiepersonal wird neu auf Konto 2218.3133.00 budgetiert. Entschädigungen für Transportkosten Therapien (Fr. 7'000) werden neu auf Konto 2218.3615.50 budgetiert (gemäss HRM2).;144
22;Erziehungsdepartement;2218;Schultherapien;;;3133.00;Informatik-Nutzungsaufwand;13400.0;800.0;790.0;12600.0;1575.0;Inkl. Vorarbeiten für die Digitalisierung der Therapiedokumentation. Neu wird IT-Support für Therapiepersonal auf diesem Konto budgertiert (Verschiebung von Konto 2218.3130.00).;144
22;Erziehungsdepartement;2218;Schultherapien;;;3153.00;Informatik-Unterhalt (Hardware);100.0;;95.0;100.0;;;144
22;Erziehungsdepartement;2218;Schultherapien;;;3170.00;Reisekosten und Spesen;1800.0;4000.0;1827.0;-2200.0;-55.0;;144
22;Erziehungsdepartement;2218;Schultherapien;;;3615.50;Entschädigungen Transportkosten Sonderschulung und Therapie;7000.0;;;7000.0;;;144
22;Erziehungsdepartement;2218;Schultherapien;;;4612.01;Gemeindebeitrag an den Übergangsrenten Lehrpersonen Volksschulen;;;-2091.0;;;;145
22;Erziehungsdepartement;2219;Aufsicht Sonderschulung und Therapien;;;3010.00;Löhne des Verwaltungs- und Betriebspersonals;460500.0;463400.0;448639.2;-2900.0;-0.63;;145
22;Erziehungsdepartement;2219;Aufsicht Sonderschulung und Therapien;;;3050.00;AG-Beiträge AHV, IV, EO, ALV, Verwaltungskosten;29900.0;30100.0;29159.5;-200.0;-0.66;;145
22;Erziehungsdepartement;2219;Aufsicht Sonderschulung und Therapien;;;3052.00;AG-Beiträge an Pensionskassen;51100.0;61900.0;65698.5;-10800.0;-17.45;;145
22;Erziehungsdepartement;2219;Aufsicht Sonderschulung und Therapien;;;3053.00;AG-Beiträge an Unfallversicherungen;2800.0;2700.0;2431.7;100.0;3.7;;145
22;Erziehungsdepartement;2219;Aufsicht Sonderschulung und Therapien;;;3054.00;AG-Beiträge an Familienzulagekassen;5500.0;6000.0;5831.4;-500.0;-8.33;;145
22;Erziehungsdepartement;2219;Aufsicht Sonderschulung und Therapien;;;3059.10;AG-Beiträge Sozialfonds;400.0;400.0;359.65;;;;145
22;Erziehungsdepartement;2219;Aufsicht Sonderschulung und Therapien;;;3099.00;Übriger Personalaufwand;500.0;500.0;460.0;;;;145
22;Erziehungsdepartement;2219;Aufsicht Sonderschulung und Therapien;;;3103.00;Fachliteratur, Zeitschriften;100.0;200.0;52.6;-100.0;-50.0;;145
22;Erziehungsdepartement;2219;Aufsicht Sonderschulung und Therapien;;;3113.00;Hardware;1500.0;2000.0;1496.5;-500.0;-25.0;;145
22;Erziehungsdepartement;2219;Aufsicht Sonderschulung und Therapien;;;3118.00;Immaterielle Anlagen;1500.0;10500.0;1488.8;-9000.0;-85.71;;145
22;Erziehungsdepartement;2219;Aufsicht Sonderschulung und Therapien;;;3130.00;Dienstleistungen Dritter;5000.0;25200.0;1769.5;-20200.0;-80.16;Eine Weiterentwicklung der Abteilung Aufsicht Sonderschulung und Therapien konnte abgeschlossen werden.;145
22;Erziehungsdepartement;2219;Aufsicht Sonderschulung und Therapien;;;3133.00;Informatik-Nutzungsaufwand;65400.0;17800.0;23388.4;47600.0;267.42;Digitalisierungsprojekt Antrags- und Verlängerungsprozess für Sonderschulungen und entsprechende Softwarelizenzen CMI.;145
22;Erziehungsdepartement;2219;Aufsicht Sonderschulung und Therapien;;;3158.00;Unterhalt immaterielle Anlagen;10000.0;20000.0;15208.85;-10000.0;-50.0;;145
22;Erziehungsdepartement;2219;Aufsicht Sonderschulung und Therapien;;;3170.00;Reisekosten und Spesen;1000.0;2000.0;1036.55;-1000.0;-50.0;;145
22;Erziehungsdepartement;2221;Aufsicht, Schulentwicklung;;;3010.00;Löhne des Verwaltungs- und Betriebspersonals;1256600.0;1258800.0;1147670.9;-2200.0;-0.17;;145
22;Erziehungsdepartement;2221;Aufsicht, Schulentwicklung;;;3050.00;AG-Beiträge AHV, IV, EO, ALV, Verwaltungskosten;81700.0;81800.0;74405.0;-100.0;-0.12;;145
22;Erziehungsdepartement;2221;Aufsicht, Schulentwicklung;;;3052.00;AG-Beiträge an Pensionskassen;139500.0;168200.0;161775.6;-28700.0;-17.06;;145
22;Erziehungsdepartement;2221;Aufsicht, Schulentwicklung;;;3053.00;AG-Beiträge an Unfallversicherungen;7700.0;7400.0;6260.4;300.0;4.05;;145
22;Erziehungsdepartement;2221;Aufsicht, Schulentwicklung;;;3054.00;AG-Beiträge an Familienzulagekassen;15100.0;16300.0;14920.1;-1200.0;-7.36;;145
22;Erziehungsdepartement;2221;Aufsicht, Schulentwicklung;;;3059.10;AG-Beiträge Sozialfonds;1000.0;1000.0;903.35;;;;145
22;Erziehungsdepartement;2221;Aufsicht, Schulentwicklung;;;3090.00;Aus- und Weiterbildung des eigenen Personals;;;880.0;;;;145
22;Erziehungsdepartement;2221;Aufsicht, Schulentwicklung;;;3091.00;Personalwerbung;500.0;500.0;;;;;145
22;Erziehungsdepartement;2221;Aufsicht, Schulentwicklung;;;3099.00;Übriger Personalaufwand;500.0;500.0;1120.0;;;;146
22;Erziehungsdepartement;2221;Aufsicht, Schulentwicklung;;;3100.00;Büromaterial;;;188.85;;;;146
22;Erziehungsdepartement;2221;Aufsicht, Schulentwicklung;;;3104.00;Lehrmittel;2000.0;2000.0;195.0;;;;146
22;Erziehungsdepartement;2221;Aufsicht, Schulentwicklung;;;3113.00;Hardware;3000.0;3000.0;4066.0;;;;146
22;Erziehungsdepartement;2221;Aufsicht, Schulentwicklung;;;3130.00;Dienstleistungen Dritter;1900.0;10000.0;1897.15;-8100.0;-81.0;;146
22;Erziehungsdepartement;2221;Aufsicht, Schulentwicklung;;;3133.00;Informatik-Nutzungsaufwand;107200.0;148700.0;119288.2;-41500.0;-27.91;Tiefere Kosten für Schulverwaltungssoftware wurden durch ITSH budgetiert.;146
22;Erziehungsdepartement;2221;Aufsicht, Schulentwicklung;;;3158.00;Unterhalt immaterielle Anlagen;;;242.65;;;;146
22;Erziehungsdepartement;2221;Aufsicht, Schulentwicklung;;;3160.00;Mieten und Pachten Liegenschaften;;;720.0;;;;146
22;Erziehungsdepartement;2221;Aufsicht, Schulentwicklung;;;3161.00;Mieten, Benützungskosten Anlagen;;1500.0;;-1500.0;-100.0;;146
22;Erziehungsdepartement;2221;Aufsicht, Schulentwicklung;;;3170.00;Reisekosten und Spesen;14100.0;20000.0;14144.8;-5900.0;-29.5;;146
22;Erziehungsdepartement;2221;Aufsicht, Schulentwicklung;;;4612.00;Entschädigungen von Gemeinden und Gemeindezweckverbänden;;;-1247.5;;;;146
22;Erziehungsdepartement;2224;Schulische Abklärung und Beratung;;;3010.00;Löhne des Verwaltungs- und Betriebspersonals;1056400.0;1179900.0;1042803.25;-123500.0;-10.47;Tiefere Kosten aufgrund von Mutationsgewinnen.;146
22;Erziehungsdepartement;2224;Schulische Abklärung und Beratung;;;3010.95;Rückerstattungen Taggelder UV, EO, MSE, MV, IV für Verwaltungs- und Betriebspersonal;;;-23009.2;;;;146
22;Erziehungsdepartement;2224;Schulische Abklärung und Beratung;;;3050.00;AG-Beiträge AHV, IV, EO, ALV, Verwaltungskosten;68700.0;76600.0;65247.55;-7900.0;-10.31;;146
22;Erziehungsdepartement;2224;Schulische Abklärung und Beratung;;;3052.00;AG-Beiträge an Pensionskassen;117300.0;157600.0;142744.85;-40300.0;-25.57;;146
22;Erziehungsdepartement;2224;Schulische Abklärung und Beratung;;;3053.00;AG-Beiträge an Unfallversicherungen;6400.0;6800.0;5465.85;-400.0;-5.88;;146
22;Erziehungsdepartement;2224;Schulische Abklärung und Beratung;;;3054.00;AG-Beiträge an Familienzulagekassen;12700.0;15300.0;13292.35;-2600.0;-16.99;;146
22;Erziehungsdepartement;2224;Schulische Abklärung und Beratung;;;3059.10;AG-Beiträge Sozialfonds;800.0;900.0;730.2;-100.0;-11.11;;146
22;Erziehungsdepartement;2224;Schulische Abklärung und Beratung;;;3090.00;Aus- und Weiterbildung des eigenen Personals;;;14495.0;;;;146
22;Erziehungsdepartement;2224;Schulische Abklärung und Beratung;;;3091.00;Personalwerbung;1000.0;1000.0;;;;;146
22;Erziehungsdepartement;2224;Schulische Abklärung und Beratung;;;3099.00;Übriger Personalaufwand;1700.0;1700.0;1040.0;;;;146
22;Erziehungsdepartement;2224;Schulische Abklärung und Beratung;;;3100.00;Büromaterial;4100.0;5500.0;4141.29;-1400.0;-25.45;;146
22;Erziehungsdepartement;2224;Schulische Abklärung und Beratung;;;3102.00;Drucksachen, Publikationen;;700.0;;-700.0;-100.0;;146
22;Erziehungsdepartement;2224;Schulische Abklärung und Beratung;;;3103.00;Fachliteratur, Zeitschriften;700.0;1000.0;691.95;-300.0;-30.0;;146
22;Erziehungsdepartement;2224;Schulische Abklärung und Beratung;;;3104.00;Lehrmittel;22900.0;23000.0;22857.91;-100.0;-0.43;;146
22;Erziehungsdepartement;2224;Schulische Abklärung und Beratung;;;3113.00;Hardware;4200.0;700.0;4190.0;3500.0;500.0;;146
22;Erziehungsdepartement;2224;Schulische Abklärung und Beratung;;;3130.00;Dienstleistungen Dritter;24600.0;35000.0;24646.5;-10400.0;-29.71;Anpassung aufgrund der Erfahrung der Vorjahre.;146
22;Erziehungsdepartement;2224;Schulische Abklärung und Beratung;;;3133.00;Informatik-Nutzungsaufwand;68700.0;61500.0;50547.75;7200.0;11.71;;147
22;Erziehungsdepartement;2224;Schulische Abklärung und Beratung;;;3160.00;Mieten und Pachten Liegenschaften;300.0;600.0;320.0;-300.0;-50.0;;147
22;Erziehungsdepartement;2224;Schulische Abklärung und Beratung;;;3170.00;Reisekosten und Spesen;9000.0;7000.0;1433.85;2000.0;28.57;;147
22;Erziehungsdepartement;2232;Kindergärten;;;3020.00;Löhne der Lehrpersonen;14845300.0;14560300.0;14768657.35;285000.0;1.96;Abhängig von der Schülerinnen- und Schülerzahl.;147
22;Erziehungsdepartement;2232;Kindergärten;;;3020.95;Rückerstattungen Taggelder UV, EO, MSE, MV, IV für Lehrpersonen;;;-92856.15;;;;147
22;Erziehungsdepartement;2232;Kindergärten;;;3050.00;AG-Beiträge AHV, IV, EO, ALV, Verwaltungskosten;964900.0;946400.0;950211.45;18500.0;1.95;;147
22;Erziehungsdepartement;2232;Kindergärten;;;3052.00;AG-Beiträge an Pensionskassen;1647800.0;1945300.0;2027960.75;-297500.0;-15.29;;147
22;Erziehungsdepartement;2232;Kindergärten;;;3053.00;AG-Beiträge an Unfallversicherungen;90600.0;87100.0;78209.2;3500.0;4.02;;147
22;Erziehungsdepartement;2232;Kindergärten;;;3054.00;AG-Beiträge an Familienzulagekassen;178100.0;189300.0;190358.8;-11200.0;-5.92;;147
22;Erziehungsdepartement;2232;Kindergärten;;;3059.10;AG-Beiträge Sozialfonds;11800.0;11700.0;11583.1;100.0;0.85;;147
22;Erziehungsdepartement;2232;Kindergärten;;;3064.00;Überbrückungsrenten;25100.0;23900.0;110093.85;1200.0;5.02;;147
22;Erziehungsdepartement;2232;Kindergärten;;;4612.00;Entschädigungen von Gemeinden und Gemeindezweckverbänden;-10262300.0;-10188300.0;-10594390.05;-74000.0;0.73;Tiefere Gemeindeanteile aufgrund der kantonalen Mitfinanzierung der Schulleitungen.;147
22;Erziehungsdepartement;2232;Kindergärten;;;4612.01;Gemeindebeitrag an den Übergangsrenten Lehrpersonen Volksschulen;;;-68419.85;;;;147
22;Erziehungsdepartement;2234;Primarschulen;;;3020.00;Löhne der Lehrpersonen;49933000.0;52347900.0;49803735.45;-2414900.0;-4.61;Abhängig von der Schülerinnen- und Schülerzahl.;147
22;Erziehungsdepartement;2234;Primarschulen;;;3020.95;Rückerstattungen Taggelder UV, EO, MSE, MV, IV für Lehrpersonen;-400000.0;-400000.0;-309798.75;;;;147
22;Erziehungsdepartement;2234;Primarschulen;;;3050.00;AG-Beiträge AHV, IV, EO, ALV, Verwaltungskosten;3245600.0;3402800.0;3203101.25;-157200.0;-4.62;;147
22;Erziehungsdepartement;2234;Primarschulen;;;3052.00;AG-Beiträge an Pensionskassen;5542600.0;6994000.0;6177110.5;-1451400.0;-20.75;;147
22;Erziehungsdepartement;2234;Primarschulen;;;3053.00;AG-Beiträge an Unfallversicherungen;304600.0;314700.0;265499.8;-10100.0;-3.21;;147
22;Erziehungsdepartement;2234;Primarschulen;;;3054.00;AG-Beiträge an Familienzulagekassen;599200.0;680600.0;641981.55;-81400.0;-11.96;;147
22;Erziehungsdepartement;2234;Primarschulen;;;3059.10;AG-Beiträge Sozialfonds;39900.0;41900.0;38954.8;-2000.0;-4.77;;147
22;Erziehungsdepartement;2234;Primarschulen;;;3064.00;Überbrückungsrenten;227200.0;217200.0;142186.65;10000.0;4.6;;147
22;Erziehungsdepartement;2234;Primarschulen;;;4612.00;Entschädigungen von Gemeinden und Gemeindezweckverbänden;-34517000.0;-36635500.0;-35708326.9;2118500.0;-5.78;Tiefere Gemeindeanteile aufgrund der kantonalen Mitfinanzierung der Schulleitungen.;147
22;Erziehungsdepartement;2234;Primarschulen;;;4612.01;Gemeindebeitrag an den Übergangsrenten Lehrpersonen Volksschulen;;;-138494.2;;;;148
22;Erziehungsdepartement;2238;Sekundarstufe I;;;3020.00;Löhne der Lehrpersonen;28703000.0;30262400.0;28461376.3;-1559400.0;-5.15;Abhängig von der Schülerinnen- und Schülerzahl.;148
22;Erziehungsdepartement;2238;Sekundarstufe I;;;3020.95;Rückerstattungen Taggelder UV, EO, MSE, MV, IV für Lehrpersonen;;;-84388.95;;;;148
22;Erziehungsdepartement;2238;Sekundarstufe I;;;3050.00;AG-Beiträge AHV, IV, EO, ALV, Verwaltungskosten;1865700.0;1967000.0;1829058.55;-101300.0;-5.15;;148
22;Erziehungsdepartement;2238;Sekundarstufe I;;;3052.00;AG-Beiträge an Pensionskassen;3186000.0;4043000.0;3766777.2;-857000.0;-21.2;;148
22;Erziehungsdepartement;2238;Sekundarstufe I;;;3053.00;AG-Beiträge an Unfallversicherungen;175100.0;180700.0;152811.65;-5600.0;-3.1;;148
22;Erziehungsdepartement;2238;Sekundarstufe I;;;3054.00;AG-Beiträge an Familienzulagekassen;344400.0;393400.0;367480.75;-49000.0;-12.46;;148
22;Erziehungsdepartement;2238;Sekundarstufe I;;;3059.10;AG-Beiträge Sozialfonds;22900.0;24200.0;21979.0;-1300.0;-5.37;;148
22;Erziehungsdepartement;2238;Sekundarstufe I;;;3064.00;Überbrückungsrenten;114100.0;109000.0;130823.95;5100.0;4.68;;148
22;Erziehungsdepartement;2238;Sekundarstufe I;;;4612.00;Entschädigungen von Gemeinden und Gemeindezweckverbänden;-19841500.0;-21178900.0;-20471632.25;1337400.0;-6.31;Tiefere Gemeindeanteile aufgrund der kantonalen Mitfinanzierung der Schulleitungen.;148
22;Erziehungsdepartement;2238;Sekundarstufe I;;;4612.01;Gemeindebeitrag an den Übergangsrenten Lehrpersonen Volksschulen;;;-108723.6;;;;148
22;Erziehungsdepartement;2249;Sonderschulung;;;;;;;;;;Steigende Schülerzahlen im Bereich Sonderschulung. Die Verbuchung in den Aufwandkonten erfolgt je nach Rechtsform der Institution (öffentlich oder privat).;148
22;Erziehungsdepartement;2249;Sonderschulung;;;3130.00;Dienstleistungen Dritter;;140000.0;149072.15;-140000.0;-100.0;Entschädigungen für Transportkosten von Sonderschülerinnen und Sonderschülern werden neu auf Konto 2249.3615.50 budgetiert (gemäss HRM2).;148
22;Erziehungsdepartement;2249;Sonderschulung;;;3130.10;Entschädigungen an private Sonderschulen;;3604000.0;5177755.98;-3604000.0;-100.0;Entschädigungen an private Sonderschulen werden neu auf Konto 2249.3615.00 budgetiert (gemäss HRM2).;148
22;Erziehungsdepartement;2249;Sonderschulung;;;3181.00;Tatsächliche Forderungsverluste;1700.0;2000.0;1735.0;-300.0;-15.0;;148
22;Erziehungsdepartement;2249;Sonderschulung;;;3614.00;Entschädigungen an öffentliche Unternehmungen;34303800.0;32094600.0;29091437.65;2209200.0;6.88;Steigende Anzahl Schülerinnen und Schüler.;148
22;Erziehungsdepartement;2249;Sonderschulung;;;3615.00;Entschädigungen an private Unternehmen;4300000.0;;;4300000.0;;Neu werden Entschädigungen an private Sonderschulen auf diesem Konto budgetiert (Verschiebung von Konto 2249.3130.10). Steigende Anzahl Schülerinnen und Schüler und mehr Spitalschulungen.;149
22;Erziehungsdepartement;2249;Sonderschulung;;;3615.50;Entschädigungen Transportkosten Sonderschulung und Therapie;149100.0;;;149100.0;;Neu werden Entschädigungen für Transportkosten von Sonderschülerinnen und Sonderschülern auf diesem Konto budgetiert (Verschiebung von Konto 2249.3130.00).;149
22;Erziehungsdepartement;2249;Sonderschulung;;;4260.00;Rückerstattungen und Kostenbeteiligungen Dritter;-45000.0;-37000.0;-34880.0;-8000.0;21.62;;149
22;Erziehungsdepartement;2249;Sonderschulung;;;4612.10;Entschädigungen von innerkantonalen Gemeinden und Gemeindezweckverbänden;-8900000.0;-8750000.0;-8963405.05;-150000.0;1.71;Höherer Gemeindebeitrag im Schuljahr 2026/2027 und mehr Sonderschulungen.;149
22;Erziehungsdepartement;2250;Musikschulen;;;3636.00;Beiträge an private Organisationen ohne Erwerbszweck;1100000.0;1100000.0;1043974.72;;;;149
22;Erziehungsdepartement;2251;Staatsbeiträge an die Zahnbehandlungen;;;3637.00;Beiträge an private Haushalte;50000.0;50000.0;31336.35;;;;149
22;Erziehungsdepartement;2255;Schulzahnklinik;;;3010.00;Löhne des Verwaltungs- und Betriebspersonals;1688200.0;1685400.0;1741017.9;2800.0;0.17;;149
22;Erziehungsdepartement;2255;Schulzahnklinik;;;3010.95;Rückerstattungen Taggelder UV, EO, MSE, MV, IV für Verwaltungs- und Betriebspersonal;;;-18961.7;;;;149
22;Erziehungsdepartement;2255;Schulzahnklinik;;;3049.00;Übrige Zulagen;;;10860.0;;;;149
22;Erziehungsdepartement;2255;Schulzahnklinik;;;3050.00;AG-Beiträge AHV, IV, EO, ALV, Verwaltungskosten;109700.0;109500.0;112660.6;200.0;0.18;;149
22;Erziehungsdepartement;2255;Schulzahnklinik;;;3052.00;AG-Beiträge an Pensionskassen;187400.0;225200.0;220117.0;-37800.0;-16.79;;149
22;Erziehungsdepartement;2255;Schulzahnklinik;;;3053.00;AG-Beiträge an Unfallversicherungen;10300.0;10200.0;9142.75;100.0;0.98;;149
22;Erziehungsdepartement;2255;Schulzahnklinik;;;3054.00;AG-Beiträge an Familienzulagekassen;20300.0;21900.0;22574.25;-1600.0;-7.31;;149
22;Erziehungsdepartement;2255;Schulzahnklinik;;;3059.10;AG-Beiträge Sozialfonds;1400.0;1300.0;1372.4;100.0;7.69;;149
22;Erziehungsdepartement;2255;Schulzahnklinik;;;3090.00;Aus- und Weiterbildung des eigenen Personals;30200.0;34200.0;22306.73;-4000.0;-11.7;;149
22;Erziehungsdepartement;2255;Schulzahnklinik;;;3099.00;Übriger Personalaufwand;1900.0;2400.0;4913.7;-500.0;-20.83;;149
22;Erziehungsdepartement;2255;Schulzahnklinik;;;3100.00;Büromaterial;6900.0;8000.0;6874.79;-1100.0;-13.75;;149
22;Erziehungsdepartement;2255;Schulzahnklinik;;;3102.00;Drucksachen, Publikationen;2300.0;1500.0;2281.3;800.0;53.33;;149
22;Erziehungsdepartement;2255;Schulzahnklinik;;;3103.00;Fachliteratur, Zeitschriften;2600.0;2500.0;2555.8;100.0;4.0;;150
22;Erziehungsdepartement;2255;Schulzahnklinik;;;3106.00;Medizinisches Material;221500.0;230000.0;221471.26;-8500.0;-3.7;;150
22;Erziehungsdepartement;2255;Schulzahnklinik;;;3110.00;Büromöbel und -geräte;;500.0;;-500.0;-100.0;;150
22;Erziehungsdepartement;2255;Schulzahnklinik;;;3111.00;Maschinen, Geräte und Fahrzeuge;195200.0;;174.83;195200.0;;Ersatzanschaffung Klinikbus für Schuluntersuchungen.;150
22;Erziehungsdepartement;2255;Schulzahnklinik;;;3113.00;Hardware;500.0;2500.0;3165.8;-2000.0;-80.0;;150
22;Erziehungsdepartement;2255;Schulzahnklinik;;;3116.00;Medizinische Geräte;21100.0;60000.0;111071.92;-38900.0;-64.83;Ersatzanschaffungen veralteter oder defekter Geräte erfolgte in den Jahren 2025/2026.;150
22;Erziehungsdepartement;2255;Schulzahnklinik;;;3118.00;Immaterielle Anlagen;;;7058.95;;;;150
22;Erziehungsdepartement;2255;Schulzahnklinik;;;3120.00;Ver- und Entsorgung Liegenschaften VV;9300.0;10600.0;9277.7;-1300.0;-12.26;;150
22;Erziehungsdepartement;2255;Schulzahnklinik;;;3130.00;Dienstleistungen Dritter;278200.0;322500.0;278193.81;-44300.0;-13.74;Das Budget für Laboraufträge wurde an den voraussichtlichen Bedarf im Bereich der Kieferorthopädie angepasst.;150
22;Erziehungsdepartement;2255;Schulzahnklinik;;;3133.00;Informatik-Nutzungsaufwand;152700.0;107200.0;111321.0;45500.0;42.44;Höhere Informatikkosten im Zusammenhang mit verschiedenen Digitalisierungsmassnahmen und damit verbundenen Umstellungen.;150
22;Erziehungsdepartement;2255;Schulzahnklinik;;;3134.00;Sachversicherungsprämien;200.0;500.0;166.02;-300.0;-60.0;;150
22;Erziehungsdepartement;2255;Schulzahnklinik;;;3137.00;Steuern und Abgaben;2200.0;2000.0;2185.98;200.0;10.0;;150
22;Erziehungsdepartement;2255;Schulzahnklinik;;;3144.00;Unterhalt Hochbauten, Gebäude;4700.0;;4735.9;4700.0;;;150
22;Erziehungsdepartement;2255;Schulzahnklinik;;;3151.00;Unterhalt Maschinen, Geräte, Fahrzeuge;;4000.0;;-4000.0;-100.0;;150
22;Erziehungsdepartement;2255;Schulzahnklinik;;;3153.00;Informatik-Unterhalt (Hardware);;1900.0;;-1900.0;-100.0;;150
22;Erziehungsdepartement;2255;Schulzahnklinik;;;3156.00;Unterhalt medizinische Geräte;26800.0;35000.0;26820.34;-8200.0;-23.43;;150
22;Erziehungsdepartement;2255;Schulzahnklinik;;;3158.00;Unterhalt immaterielle Anlagen;24000.0;24000.0;35021.35;;;;150
22;Erziehungsdepartement;2255;Schulzahnklinik;;;3170.00;Reisekosten und Spesen;9200.0;10000.0;9162.4;-800.0;-8.0;;150
22;Erziehungsdepartement;2255;Schulzahnklinik;;;3181.00;Tatsächliche Forderungsverluste;5800.0;13000.0;5846.55;-7200.0;-55.38;;150
22;Erziehungsdepartement;2255;Schulzahnklinik;;;3192.00;Abgeltung von Rechten;200.0;200.0;227.6;;;;150
22;Erziehungsdepartement;2255;Schulzahnklinik;;;3199.00;Übriger Betriebsaufwand;1300.0;;1275.0;1300.0;;;150
22;Erziehungsdepartement;2255;Schulzahnklinik;;;3610.00;Entschädigungen an Bund;;;354.37;;;;150
22;Erziehungsdepartement;2255;Schulzahnklinik;;;3910.00;IV Dienstleistungen;4000.0;4000.0;2448.85;;;;150
22;Erziehungsdepartement;2255;Schulzahnklinik;;;4220.00;Taxen und Kostgelder;-2000000.0;-2000000.0;-1835632.29;;;;150
22;Erziehungsdepartement;2255;Schulzahnklinik;;;4250.00;Verkäufe;-80000.0;-80000.0;-66179.16;;;;150
22;Erziehungsdepartement;2255;Schulzahnklinik;;;4260.00;Rückerstattungen und Kostenbeteiligungen Dritter;-160000.0;-160000.0;-124412.4;;;;150
22;Erziehungsdepartement;2255;Schulzahnklinik;;;4290.00;Übrige Entgelte;;;-149.4;;;;151
22;Erziehungsdepartement;2272;Stipendien;;;3181.00;Tatsächliche Forderungsverluste;1500.0;1000.0;1510.0;500.0;50.0;;151
22;Erziehungsdepartement;2272;Stipendien;;;3637.20;Stipendien;3200000.0;3350000.0;2817438.63;-150000.0;-4.48;Anpassung aufgrund effektiver Auszahlungen im Vorjahr.;151
22;Erziehungsdepartement;2272;Stipendien;;;3637.22;Ausbildungsbeiträge an Studierende HF/FH;770000.0;770000.0;370500.0;;;;151
22;Erziehungsdepartement;2272;Stipendien;;;3640.70;Wertberichtigungen Darlehen an private Haushalte;5000.0;5000.0;;;;;151
22;Erziehungsdepartement;2272;Stipendien;;;4290.00;Übrige Entgelte;;;-55.0;;;;151
22;Erziehungsdepartement;2272;Stipendien;;;4401.00;Zinsen Forderungen und Kontokorrente;-7500.0;-7500.0;-5980.75;;;;151
22;Erziehungsdepartement;2272;Stipendien;;;4630.00;Beiträge vom Bund;-540000.0;-540000.0;-274063.0;;;;151
22;Erziehungsdepartement;2272;Stipendien;;;4637.20;Rückzahlungen von Stipendien;-20000.0;-20000.0;-23201.65;;;;151
22;Erziehungsdepartement;2273;Beiträge Hochschulen, Fachhochschulen, Gymnasien, Weiterbildung;;;3611.10;Entschädigungen an Hochschulen;7400000.0;7500000.0;7416308.75;-100000.0;-1.33;;151
22;Erziehungsdepartement;2273;Beiträge Hochschulen, Fachhochschulen, Gymnasien, Weiterbildung;;;3611.20;Entschädigungen an Fachhochschulen;10500000.0;9900000.0;10218805.52;600000.0;6.06;Anpassung aufgrund Rechnung 2025 und bereits bekannter Kosten 2026.;151
22;Erziehungsdepartement;2273;Beiträge Hochschulen, Fachhochschulen, Gymnasien, Weiterbildung;;;3611.30;Entschädigungen an ausserkantonale Gymnasien;600000.0;800000.0;574980.0;-200000.0;-25.0;Anpassung aufgrund der Vorjahre.;151
22;Erziehungsdepartement;2273;Beiträge Hochschulen, Fachhochschulen, Gymnasien, Weiterbildung;;;3611.40;Entschädigungen an Schulen für Hochbegabte;275000.0;275000.0;344591.55;;;;151
22;Erziehungsdepartement;2273;Beiträge Hochschulen, Fachhochschulen, Gymnasien, Weiterbildung;;;3614.00;Entschädigungen an öffentliche Unternehmungen;2300000.0;1800000.0;2332600.0;500000.0;27.78;Anpassung an die effektiven Kosten der Vorjahre.;151
22;Erziehungsdepartement;2273;Beiträge Hochschulen, Fachhochschulen, Gymnasien, Weiterbildung;;;3614.40;Entschädigungen an PHSH;7666600.0;9203300.0;6978500.0;-1536700.0;-16.7;Im Vorjahr waren die einmaligen Kosten für den Umzug budgetiert.;151
22;Erziehungsdepartement;2273;Beiträge Hochschulen, Fachhochschulen, Gymnasien, Weiterbildung;;;3631.10;Beiträge an Hochschulen;700000.0;600000.0;443443.0;100000.0;16.67;Mehraufwand infolge höherer Studierendenzahlen an der Interkantonalen Hochschule für Heilpädagogik (HfH).;151
22;Erziehungsdepartement;2273;Beiträge Hochschulen, Fachhochschulen, Gymnasien, Weiterbildung;;;3631.20;Beiträge an TG-SH Maturitätsschule für Erwachsene und AKAD ZH;202000.0;202000.0;245480.0;;;;151
22;Erziehungsdepartement;2273;Beiträge Hochschulen, Fachhochschulen, Gymnasien, Weiterbildung;;;3631.30;Beiträge an Höhere Fachschulen;41000.0;41000.0;41830.4;;;;151
22;Erziehungsdepartement;2275;Berufsbildungszentrum;;;;;;;;;;Ab Budget 2027 ist die Finanzstelle 2276 «Höhere Fachschulen» in der Finanzstelle 2275 «BBZ» integriert. Das führt zu einer allgemeinen Erhöhung des Budgets in der Finanzstelle 2275.;151
22;Erziehungsdepartement;2275;Berufsbildungszentrum;;;3000.10;Sitzungsgelder Kommissionen;15000.0;15000.0;12950.0;;;;152
22;Erziehungsdepartement;2275;Berufsbildungszentrum;;;3010.00;Löhne des Verwaltungs- und Betriebspersonals;2564500.0;2583400.0;2413653.25;-18900.0;-0.73;;152
22;Erziehungsdepartement;2275;Berufsbildungszentrum;;;3010.95;Rückerstattungen Taggelder UV, EO, MSE, MV, IV für Verwaltungs- und Betriebspersonal;;;-36388.2;;;;152
22;Erziehungsdepartement;2275;Berufsbildungszentrum;;;3020.00;Löhne der Lehrpersonen;12410000.0;11080000.0;11180468.1;1330000.0;12.0;Es werden mehr Klassen in der beruflichen Grundbildung aufgrund der zusätzlichen Beschulung von Berufen am BBZ (bisher Schulstandort Kanton Zürich) und aufgrund höherer Lernendenzahlen in den bereits am BBZ beschulten Berufen erwartet.;152
22;Erziehungsdepartement;2275;Berufsbildungszentrum;;;3020.95;Rückerstattungen Taggelder UV, EO, MSE, MV, IV für Lehrpersonen;-50000.0;-50000.0;-88213.4;;;;152
22;Erziehungsdepartement;2275;Berufsbildungszentrum;;;3049.00;Übrige Zulagen;45000.0;40000.0;33650.0;5000.0;12.5;;152
22;Erziehungsdepartement;2275;Berufsbildungszentrum;;;3050.00;AG-Beiträge AHV, IV, EO, ALV, Verwaltungskosten;974300.0;889100.0;880816.95;85200.0;9.58;;152
22;Erziehungsdepartement;2275;Berufsbildungszentrum;;;3052.00;AG-Beiträge an Pensionskassen;1663800.0;1825400.0;1850221.35;-161600.0;-8.85;;152
22;Erziehungsdepartement;2275;Berufsbildungszentrum;;;3053.00;AG-Beiträge an Unfallversicherungen;91400.0;81300.0;69039.1;10100.0;12.42;;152
22;Erziehungsdepartement;2275;Berufsbildungszentrum;;;3054.00;AG-Beiträge an Familienzulagekassen;179900.0;177800.0;176841.5;2100.0;1.18;;152
22;Erziehungsdepartement;2275;Berufsbildungszentrum;;;3059.10;AG-Beiträge Sozialfonds;12000.0;11000.0;10564.5;1000.0;9.09;;152
22;Erziehungsdepartement;2275;Berufsbildungszentrum;;;3064.00;Überbrückungsrenten;50000.0;20000.0;55882.3;30000.0;150.0;Anpassung aufgrund der Kosten in den Vorjahren.;152
22;Erziehungsdepartement;2275;Berufsbildungszentrum;;;3090.00;Aus- und Weiterbildung des eigenen Personals;144300.0;144300.0;79842.35;;;;152
22;Erziehungsdepartement;2275;Berufsbildungszentrum;;;3091.00;Personalwerbung;21200.0;20200.0;16820.35;1000.0;4.95;;152
22;Erziehungsdepartement;2275;Berufsbildungszentrum;;;3099.00;Übriger Personalaufwand;37500.0;37500.0;44221.25;;;;152
22;Erziehungsdepartement;2275;Berufsbildungszentrum;;;3100.00;Büromaterial;16400.0;25500.0;16393.65;-9100.0;-35.69;;152
22;Erziehungsdepartement;2275;Berufsbildungszentrum;;;3101.00;Betriebs- und Verbrauchsmaterial;164000.0;180800.0;164020.87;-16800.0;-9.29;Anpassung aufgrund der Kosten in den Vorjahren.;152
22;Erziehungsdepartement;2275;Berufsbildungszentrum;;;3102.00;Drucksachen, Publikationen;47600.0;50200.0;28286.95;-2600.0;-5.18;;152
22;Erziehungsdepartement;2275;Berufsbildungszentrum;;;3103.00;Fachliteratur, Zeitschriften;13400.0;24900.0;10681.19;-11500.0;-46.18;Anpassung aufgrund der Kosten in den Vorjahren.;152
22;Erziehungsdepartement;2275;Berufsbildungszentrum;;;3104.00;Lehrmittel;252200.0;176700.0;139838.29;75500.0;42.73;Es entsteht ein Mehraufwand infolge Berufsreformen.;152
22;Erziehungsdepartement;2275;Berufsbildungszentrum;;;3105.00;Lebensmittel;720000.0;716500.0;720116.15;3500.0;0.49;;152
22;Erziehungsdepartement;2275;Berufsbildungszentrum;;;3106.00;Medizinisches Material;4700.0;13500.0;4701.4;-8800.0;-65.19;;152
22;Erziehungsdepartement;2275;Berufsbildungszentrum;;;3110.00;Büromöbel und -geräte;275500.0;229200.0;174117.6;46300.0;20.2;Der Aufwand wird aufgrund der Erneuerung der Infrastruktur im Zuge der Digitalisierung höher ausfallen. Ein grosser Teil des Projekts «audio- visuelle Anlagen» wird ins Jahr 2027 verschoben.;153
22;Erziehungsdepartement;2275;Berufsbildungszentrum;;;3111.00;Maschinen, Geräte und Fahrzeuge;167500.0;204400.0;151964.66;-36900.0;-18.05;Anpassung aufgrund der Kosten in den Vorjahren.;153
22;Erziehungsdepartement;2275;Berufsbildungszentrum;;;3112.00;Kleider, Wäsche, Vorhänge;6600.0;36000.0;6637.7;-29400.0;-81.67;Nach Abschluss des 150-Jahre- Jubiläums wird sich der Aufwand reduzieren.;153
22;Erziehungsdepartement;2275;Berufsbildungszentrum;;;3113.00;Hardware;677500.0;611400.0;248188.89;66100.0;10.81;Der Aufwand wird aufgrund der Erneuerung der Infrastruktur im Zuge der Digitalisierung höher ausfallen. Ein grosser Teil des Projekts «audio- visuelle Anlagen» wird ins Jahr 2027 verschoben.;153
22;Erziehungsdepartement;2275;Berufsbildungszentrum;;;3115.00;Viehhabe;400.0;3000.0;362.55;-2600.0;-86.67;;153
22;Erziehungsdepartement;2275;Berufsbildungszentrum;;;3118.00;Immaterielle Anlagen;;249700.0;103297.84;-249700.0;-100.0;"Neue Kontierungsvorgaben; höherer Aufwand auf Konto 2275.3133.00.";153
22;Erziehungsdepartement;2275;Berufsbildungszentrum;;;3120.00;Ver- und Entsorgung Liegenschaften VV;306000.0;388000.0;315115.36;-82000.0;-21.13;Anpassung aufgrund der Kosten in den Vorjahren.;153
22;Erziehungsdepartement;2275;Berufsbildungszentrum;;;3130.00;Dienstleistungen Dritter;605000.0;831400.0;712676.77;-226400.0;-27.23;Nach Abschluss des 150-Jahre- Jubiläums wird sich der Aufwand reduzieren.;153
22;Erziehungsdepartement;2275;Berufsbildungszentrum;;;3133.00;Informatik-Nutzungsaufwand;511100.0;140300.0;141148.9;370800.0;264.29;"Neue Kontierungsvorgaben; tieferer Aufwand auf Konto 2275.3118.00. Der höhere Aufwand ist zudem auf die Beschaffung neuer Multifunktionsgeräte sowie auf zusätzliche Lizenzkosten zurückzuführen.";153
22;Erziehungsdepartement;2275;Berufsbildungszentrum;;;3134.00;Sachversicherungsprämien;1100.0;1400.0;1105.12;-300.0;-21.43;;153
22;Erziehungsdepartement;2275;Berufsbildungszentrum;;;3137.00;Steuern und Abgaben;56400.0;58500.0;59653.9;-2100.0;-3.59;;153
22;Erziehungsdepartement;2275;Berufsbildungszentrum;;;3151.00;Unterhalt Maschinen, Geräte, Fahrzeuge;33900.0;47600.0;19409.91;-13700.0;-28.78;Anpassung aufgrund der Kosten in den Vorjahren.;153
22;Erziehungsdepartement;2275;Berufsbildungszentrum;;;3153.00;Informatik-Unterhalt (Hardware);;;560.6;;;;153
22;Erziehungsdepartement;2275;Berufsbildungszentrum;;;3158.00;Unterhalt immaterielle Anlagen;10000.0;;73388.16;10000.0;;;153
22;Erziehungsdepartement;2275;Berufsbildungszentrum;;;3160.00;Mieten und Pachten Liegenschaften;40000.0;61000.0;15025.0;-21000.0;-34.43;"Anpassung der Kontierung; höherer Aufwand in Konto 2275.3161.00.";153
22;Erziehungsdepartement;2275;Berufsbildungszentrum;;;3161.00;Mieten, Benützungskosten Anlagen;82700.0;56500.0;87775.35;26200.0;46.37;"Anpassung der Kontierung; tieferer Aufwand in Konto 2275.3160.00.";154
22;Erziehungsdepartement;2275;Berufsbildungszentrum;;;3170.00;Reisekosten und Spesen;14200.0;28400.0;13190.15;-14200.0;-50.0;Anpassung aufgrund der Kosten in den Vorjahren.;154
22;Erziehungsdepartement;2275;Berufsbildungszentrum;;;3171.00;Exkursionen, Schulreisen und Lager;106300.0;204000.0;67205.98;-97700.0;-47.89;Anpassung aufgrund der Kosten in den Vorjahren.;154
22;Erziehungsdepartement;2275;Berufsbildungszentrum;;;3181.00;Tatsächliche Forderungsverluste;800.0;5000.0;756.9;-4200.0;-84.0;;154
22;Erziehungsdepartement;2275;Berufsbildungszentrum;;;3199.00;Übriger Betriebsaufwand;4000.0;5300.0;3792.9;-1300.0;-24.53;;154
22;Erziehungsdepartement;2275;Berufsbildungszentrum;;;3300.60;Planmässige Abschreibungen Mobilien;170000.0;;;170000.0;;;154
22;Erziehungsdepartement;2275;Berufsbildungszentrum;;;3910.00;IV Dienstleistungen;;;70.0;;;;154
22;Erziehungsdepartement;2275;Berufsbildungszentrum;;;4230.00;Schulgelder;-327000.0;-30000.0;-25400.0;-297000.0;990.0;Fr. 300'000 wurden aus der Finanzstelle 2276 «Höhere Fachschulen» übertragen.;154
22;Erziehungsdepartement;2275;Berufsbildungszentrum;;;4231.00;Kursgelder;-5000.0;;;-5000.0;;Fr. 5'000 wurden aus der Finanzstelle 2276 «Höhere Fachschulen» übertragen.;154
22;Erziehungsdepartement;2275;Berufsbildungszentrum;;;4240.00;Benützungsgebühren und Dienstleistungen;;;-411.2;;;;154
22;Erziehungsdepartement;2275;Berufsbildungszentrum;;;4250.00;Verkäufe;-1190000.0;-1181300.0;-1175200.89;-8700.0;0.74;;154
22;Erziehungsdepartement;2275;Berufsbildungszentrum;;;4260.00;Rückerstattungen und Kostenbeteiligungen Dritter;-159000.0;-128500.0;-72286.35;-30500.0;23.74;Das Budget wurde aufgrund der effektiven Vorjahreswerte und des ausgewiesenen Mehrertrags im Jahr 2025 erhöht.;154
22;Erziehungsdepartement;2275;Berufsbildungszentrum;;;4270.00;Bussen;-1200.0;;-1250.0;-1200.0;;;154
22;Erziehungsdepartement;2275;Berufsbildungszentrum;;;4471.00;Vergütungen Dienstwohnungen VV;-11500.0;-25000.0;-11496.0;13500.0;-54.0;Das Budget wurde aufgrund der effektiven Vorjahreswerte und des ausgewiesenen Minderertrags im Jahr 2025 reduziert.;154
22;Erziehungsdepartement;2275;Berufsbildungszentrum;;;4472.00;Vergütung für Benützungen Liegenschaften VV;-90000.0;-80000.0;-97315.5;-10000.0;12.5;Das Budget wurde aufgrund der effektiven Vorjahreswerte und des ausgewiesenen Mehrertrags im Jahr 2025 erhöht.;154
22;Erziehungsdepartement;2275;Berufsbildungszentrum;;;4479.00;Übrige Erträge Liegenschaften VV;;-6500.0;-2084.1;6500.0;-100.0;;154
22;Erziehungsdepartement;2275;Berufsbildungszentrum;;;4611.00;Entschädigungen von Kantonen und Konkordaten;-2100000.0;-1700000.0;-1657325.0;-400000.0;23.53;Erhöhung aufgrund der Zusammenlegung der Finanzstelle 2275 «BBZ» und der Finanzstelle 2276 «Höhere Fachschulen».;154
22;Erziehungsdepartement;2276;Höhere Fachschulen BBZ;;;;;;;;;;Ab Budget 2027 ist die Finanzstelle 2276 «Höhere Fachschulen» in der Finanzstelle 2275 «BBZ» integriert. Das führt zu einer allgemeinen Erhöhung des Budgets der Finanzstelle 2275.;155
22;Erziehungsdepartement;2276;Höhere Fachschulen BBZ;;;3000.10;Sitzungsgelder Kommissionen;;12000.0;150.0;-12000.0;-100.0;;155
22;Erziehungsdepartement;2276;Höhere Fachschulen BBZ;;;3020.00;Löhne der Lehrpersonen;;1101400.0;1190538.15;-1101400.0;-100.0;;155
22;Erziehungsdepartement;2276;Höhere Fachschulen BBZ;;;3049.00;Übrige Zulagen;;5000.0;1200.0;-5000.0;-100.0;;155
22;Erziehungsdepartement;2276;Höhere Fachschulen BBZ;;;3050.00;AG-Beiträge AHV, IV, EO, ALV, Verwaltungskosten;;72400.0;74948.65;-72400.0;-100.0;;155
22;Erziehungsdepartement;2276;Höhere Fachschulen BBZ;;;3052.00;AG-Beiträge an Pensionskassen;;147100.0;153435.95;-147100.0;-100.0;;155
22;Erziehungsdepartement;2276;Höhere Fachschulen BBZ;;;3053.00;AG-Beiträge an Unfallversicherungen;;6600.0;5599.0;-6600.0;-100.0;;155
22;Erziehungsdepartement;2276;Höhere Fachschulen BBZ;;;3054.00;AG-Beiträge an Familienzulagekassen;;14500.0;15044.7;-14500.0;-100.0;;155
22;Erziehungsdepartement;2276;Höhere Fachschulen BBZ;;;3059.10;AG-Beiträge Sozialfonds;;900.0;905.55;-900.0;-100.0;;155
22;Erziehungsdepartement;2276;Höhere Fachschulen BBZ;;;3090.00;Aus- und Weiterbildung des eigenen Personals;;15000.0;6398.94;-15000.0;-100.0;;155
22;Erziehungsdepartement;2276;Höhere Fachschulen BBZ;;;3091.00;Personalwerbung;;200.0;675.1;-200.0;-100.0;;155
22;Erziehungsdepartement;2276;Höhere Fachschulen BBZ;;;3099.00;Übriger Personalaufwand;;;69.4;;;;155
22;Erziehungsdepartement;2276;Höhere Fachschulen BBZ;;;3100.00;Büromaterial;;1500.0;;-1500.0;-100.0;;155
22;Erziehungsdepartement;2276;Höhere Fachschulen BBZ;;;3101.00;Betriebs- und Verbrauchsmaterial;;2000.0;;-2000.0;-100.0;;155
22;Erziehungsdepartement;2276;Höhere Fachschulen BBZ;;;3102.00;Drucksachen, Publikationen;;11000.0;19342.8;-11000.0;-100.0;;155
22;Erziehungsdepartement;2276;Höhere Fachschulen BBZ;;;3103.00;Fachliteratur, Zeitschriften;;7000.0;2704.79;-7000.0;-100.0;;155
22;Erziehungsdepartement;2276;Höhere Fachschulen BBZ;;;3104.00;Lehrmittel;;90000.0;56805.93;-90000.0;-100.0;;155
22;Erziehungsdepartement;2276;Höhere Fachschulen BBZ;;;3105.00;Lebensmittel;;;174.45;;;;155
22;Erziehungsdepartement;2276;Höhere Fachschulen BBZ;;;3110.00;Büromöbel und -geräte;;;699.35;;;;155
22;Erziehungsdepartement;2276;Höhere Fachschulen BBZ;;;3111.00;Maschinen, Geräte und Fahrzeuge;;30000.0;2119.85;-30000.0;-100.0;;155
22;Erziehungsdepartement;2276;Höhere Fachschulen BBZ;;;3113.00;Hardware;;3000.0;599.75;-3000.0;-100.0;;155
22;Erziehungsdepartement;2276;Höhere Fachschulen BBZ;;;3130.00;Dienstleistungen Dritter;;105000.0;80066.5;-105000.0;-100.0;;155
22;Erziehungsdepartement;2276;Höhere Fachschulen BBZ;;;3137.00;Steuern und Abgaben;;;1523.04;;;;155
22;Erziehungsdepartement;2276;Höhere Fachschulen BBZ;;;3160.00;Mieten und Pachten Liegenschaften;;10000.0;8000.0;-10000.0;-100.0;;155
22;Erziehungsdepartement;2276;Höhere Fachschulen BBZ;;;3170.00;Reisekosten und Spesen;;3500.0;1175.9;-3500.0;-100.0;;155
22;Erziehungsdepartement;2276;Höhere Fachschulen BBZ;;;3171.00;Exkursionen, Schulreisen und Lager;;12200.0;12146.75;-12200.0;-100.0;;155
22;Erziehungsdepartement;2276;Höhere Fachschulen BBZ;;;3199.00;Übriger Betriebsaufwand;;;235.3;;;;155
22;Erziehungsdepartement;2276;Höhere Fachschulen BBZ;;;4230.00;Schulgelder;;-300000.0;-247100.0;300000.0;-100.0;;155
22;Erziehungsdepartement;2276;Höhere Fachschulen BBZ;;;4231.00;Kursgelder;;-5000.0;-5875.0;5000.0;-100.0;;156
22;Erziehungsdepartement;2276;Höhere Fachschulen BBZ;;;4260.00;Rückerstattungen und Kostenbeteiligungen Dritter;;-10000.0;-10776.0;10000.0;-100.0;;156
22;Erziehungsdepartement;2276;Höhere Fachschulen BBZ;;;4610.00;Entschädigungen vom Bund;;-50000.0;;50000.0;-100.0;;156
22;Erziehungsdepartement;2276;Höhere Fachschulen BBZ;;;4611.00;Entschädigungen von Kantonen und Konkordaten;;-400000.0;-307400.0;400000.0;-100.0;;156
22;Erziehungsdepartement;2281;Kantonsschule;;;3000.10;Sitzungsgelder Kommissionen;20000.0;25000.0;19950.0;-5000.0;-20.0;;156
22;Erziehungsdepartement;2281;Kantonsschule;;;3010.00;Löhne des Verwaltungs- und Betriebspersonals;1700000.0;1664500.0;1688706.95;35500.0;2.13;Anpassung aufgrund der Verschiebung einer Stelle vom Lehrpersonal zum Verwaltungspersonal.;156
22;Erziehungsdepartement;2281;Kantonsschule;;;3010.95;Rückerstattungen Taggelder UV, EO, MSE, MV, IV für Verwaltungs- und Betriebspersonal;;;-6886.3;;;;156
22;Erziehungsdepartement;2281;Kantonsschule;;;3020.00;Löhne der Lehrpersonen;12821000.0;12695700.0;12427523.15;125300.0;0.99;Abhängig von Schülerinnen- und Schülerzahlen.;156
22;Erziehungsdepartement;2281;Kantonsschule;;;3020.95;Rückerstattungen Taggelder UV, EO, MSE, MV, IV für Lehrpersonen;-80000.0;-50000.0;-47071.2;-30000.0;60.0;;156
22;Erziehungsdepartement;2281;Kantonsschule;;;3049.00;Übrige Zulagen;5000.0;5000.0;;;;;156
22;Erziehungsdepartement;2281;Kantonsschule;;;3050.00;AG-Beiträge AHV, IV, EO, ALV, Verwaltungskosten;945200.0;935000.0;904939.55;10200.0;1.09;;156
22;Erziehungsdepartement;2281;Kantonsschule;;;3052.00;AG-Beiträge an Pensionskassen;1614100.0;1918500.0;2021260.35;-304400.0;-15.87;;156
22;Erziehungsdepartement;2281;Kantonsschule;;;3053.00;AG-Beiträge an Unfallversicherungen;88700.0;85500.0;72415.35;3200.0;3.74;;156
22;Erziehungsdepartement;2281;Kantonsschule;;;3054.00;AG-Beiträge an Familienzulagekassen;174500.0;187000.0;181709.9;-12500.0;-6.68;;156
22;Erziehungsdepartement;2281;Kantonsschule;;;3059.10;AG-Beiträge Sozialfonds;11600.0;11500.0;10785.15;100.0;0.87;;156
22;Erziehungsdepartement;2281;Kantonsschule;;;3064.00;Überbrückungsrenten;25000.0;40000.0;66544.75;-15000.0;-37.5;;156
22;Erziehungsdepartement;2281;Kantonsschule;;;3090.00;Aus- und Weiterbildung des eigenen Personals;50000.0;82000.0;30738.2;-32000.0;-39.02;Weil das Projekt «Weiterentwicklung der gymnasialen Maturität» weit fortgeschritten ist, fallen weniger Weiterbildungskosten an als 2026 budgetiert.;156
22;Erziehungsdepartement;2281;Kantonsschule;;;3091.00;Personalwerbung;3000.0;20000.0;2632.3;-17000.0;-85.0;Anpassung aufgrund der Erfahrung der Vorjahre.;156
22;Erziehungsdepartement;2281;Kantonsschule;;;3099.00;Übriger Personalaufwand;40800.0;63800.0;62835.05;-23000.0;-36.05;Anpassung aufgrund der Erfahrung der Vorjahre.;156
22;Erziehungsdepartement;2281;Kantonsschule;;;3100.00;Büromaterial;26700.0;38000.0;26749.65;-11300.0;-29.74;Anpassung aufgrund der Erfahrung der Vorjahre.;156
22;Erziehungsdepartement;2281;Kantonsschule;;;3101.00;Betriebs- und Verbrauchsmaterial;79900.0;77000.0;79898.66;2900.0;3.77;;156
22;Erziehungsdepartement;2281;Kantonsschule;;;3102.00;Drucksachen, Publikationen;19100.0;25000.0;19127.45;-5900.0;-23.6;;156
22;Erziehungsdepartement;2281;Kantonsschule;;;3103.00;Fachliteratur, Zeitschriften;34600.0;38700.0;34559.3;-4100.0;-10.59;;157
22;Erziehungsdepartement;2281;Kantonsschule;;;3104.00;Lehrmittel;187800.0;211200.0;187824.65;-23400.0;-11.08;Anpassung aufgrund der Erfahrung der Vorjahre.;157
22;Erziehungsdepartement;2281;Kantonsschule;;;3110.00;Büromöbel und -geräte;130000.0;134000.0;136974.3;-4000.0;-2.99;;157
22;Erziehungsdepartement;2281;Kantonsschule;;;3111.00;Maschinen, Geräte und Fahrzeuge;17700.0;27000.0;17701.69;-9300.0;-34.44;;157
22;Erziehungsdepartement;2281;Kantonsschule;;;3112.00;Kleider, Wäsche, Vorhänge;200.0;200.0;;;;;157
22;Erziehungsdepartement;2281;Kantonsschule;;;3113.00;Hardware;110000.0;119600.0;107285.22;-9600.0;-8.03;;157
22;Erziehungsdepartement;2281;Kantonsschule;;;3118.00;Immaterielle Anlagen;20700.0;140700.0;101743.93;-120000.0;-85.29;IT-Nutzungskosten werden neu im Konto 3133.00 budgetiert.;157
22;Erziehungsdepartement;2281;Kantonsschule;;;3120.00;Ver- und Entsorgung Liegenschaften VV;381700.0;250500.0;381705.79;131200.0;52.38;Anpassung aufgrund der Erfahrung der Vorjahre.;157
22;Erziehungsdepartement;2281;Kantonsschule;;;3130.00;Dienstleistungen Dritter;105300.0;179300.0;105452.53;-74000.0;-41.27;Anpassung aufgrund der Erfahrung der Vorjahre.;157
22;Erziehungsdepartement;2281;Kantonsschule;;;3133.00;Informatik-Nutzungsaufwand;491900.0;183300.0;145168.85;308600.0;168.36;Alle IT-Nutzungskosten werden neu in diesem Konto budgetiert (früher auf Konten 2281.3118, 2281.3130, 2281.3158 und 2281.3161 verteilt).;157
22;Erziehungsdepartement;2281;Kantonsschule;;;3134.00;Sachversicherungsprämien;100.0;;75.5;100.0;;;157
22;Erziehungsdepartement;2281;Kantonsschule;;;3137.00;Steuern und Abgaben;;1000.0;;-1000.0;-100.0;;157
22;Erziehungsdepartement;2281;Kantonsschule;;;3150.00;Unterhalt Büromöbel und -geräte;2000.0;3000.0;;-1000.0;-33.33;;157
22;Erziehungsdepartement;2281;Kantonsschule;;;3151.00;Unterhalt Maschinen, Geräte, Fahrzeuge;20000.0;23500.0;33633.54;-3500.0;-14.89;;157
22;Erziehungsdepartement;2281;Kantonsschule;;;3158.00;Unterhalt immaterielle Anlagen;35000.0;115000.0;59020.45;-80000.0;-69.57;Reduzierte Kosten aufgrund neuer Schulverwaltungssoftware.;157
22;Erziehungsdepartement;2281;Kantonsschule;;;3160.00;Mieten und Pachten Liegenschaften;76800.0;77000.0;76843.5;-200.0;-0.26;;157
22;Erziehungsdepartement;2281;Kantonsschule;;;3161.00;Mieten, Benützungskosten Anlagen;12400.0;27000.0;12444.7;-14600.0;-54.07;Anpassung aufgrund der Erfahrung der Vorjahre.;157
22;Erziehungsdepartement;2281;Kantonsschule;;;3170.00;Reisekosten und Spesen;39800.0;65000.0;39833.22;-25200.0;-38.77;Anpassung aufgrund der Erfahrung der Vorjahre.;157
22;Erziehungsdepartement;2281;Kantonsschule;;;3171.00;Exkursionen, Schulreisen und Lager;419200.0;421700.0;419150.05;-2500.0;-0.59;;157
22;Erziehungsdepartement;2281;Kantonsschule;;;3199.00;Übriger Betriebsaufwand;12700.0;36000.0;12728.75;-23300.0;-64.72;Anpassung aufgrund der Erfahrung der Vorjahre.;157
22;Erziehungsdepartement;2281;Kantonsschule;;;3320.00;Planmässige Abschreibungen immaterielle Anlagen;53200.0;53200.0;;;;;157
22;Erziehungsdepartement;2281;Kantonsschule;;;3611.00;Entschädigungen an Kantone und Konkordate;7200.0;10800.0;6000.0;-3600.0;-33.33;;157
22;Erziehungsdepartement;2281;Kantonsschule;;;3635.00;Beiträge an private Unternehmungen;20000.0;20000.0;17151.9;;;;157
22;Erziehungsdepartement;2281;Kantonsschule;;;4210.00;Gebühren für Amtshandlungen;-5000.0;-2500.0;-8673.9;-2500.0;100.0;;157
22;Erziehungsdepartement;2281;Kantonsschule;;;4240.00;Benützungsgebühren und Dienstleistungen;-100.0;-100.0;-362.7;;;;157
22;Erziehungsdepartement;2281;Kantonsschule;;;4270.00;Bussen;-1000.0;-1000.0;-600.0;;;;158
22;Erziehungsdepartement;2281;Kantonsschule;;;4309.00;Übrige betriebliche Erträge;-50000.0;-60000.0;-43596.4;10000.0;-16.67;;158
22;Erziehungsdepartement;2281;Kantonsschule;;;4470.00;Pacht- und Mietzinse Liegenschaften VV;-10800.0;-10800.0;-11700.0;;;;158
22;Erziehungsdepartement;2281;Kantonsschule;;;4471.00;Vergütungen Dienstwohnungen VV;-14400.0;-14400.0;-15600.0;;;;158
22;Erziehungsdepartement;2281;Kantonsschule;;;4472.00;Vergütung für Benützungen Liegenschaften VV;-15000.0;-8000.0;-17340.0;-7000.0;87.5;;158
22;Erziehungsdepartement;2281;Kantonsschule;;;4611.00;Entschädigungen von Kantonen und Konkordaten;-2078800.0;-2078800.0;-2081700.0;;;;158
22;Erziehungsdepartement;2281;Kantonsschule;;;4612.30;Entschädigungen von Gemeinden und Gemeindezweckverbänden des benachbarten Auslands;-100000.0;-97700.0;-93200.0;-2300.0;2.35;;158
22;Erziehungsdepartement;2283;Sporthalle Munot;;;3010.00;Löhne des Verwaltungs- und Betriebspersonals;50000.0;86000.0;93534.9;-36000.0;-41.86;Hausdienstkosten werden künftig über Konto 2281.3010.00 abgerechnet.;158
22;Erziehungsdepartement;2283;Sporthalle Munot;;;3010.95;Rückerstattungen Taggelder UV, EO, MSE, MV, IV für Verwaltungs- und Betriebspersonal;;;-3640.4;;;;158
22;Erziehungsdepartement;2283;Sporthalle Munot;;;3050.00;AG-Beiträge AHV, IV, EO, ALV, Verwaltungskosten;3300.0;5600.0;5929.0;-2300.0;-41.07;;158
22;Erziehungsdepartement;2283;Sporthalle Munot;;;3052.00;AG-Beiträge an Pensionskassen;5600.0;11500.0;10188.6;-5900.0;-51.3;;158
22;Erziehungsdepartement;2283;Sporthalle Munot;;;3053.00;AG-Beiträge an Unfallversicherungen;300.0;500.0;446.65;-200.0;-40.0;;158
22;Erziehungsdepartement;2283;Sporthalle Munot;;;3054.00;AG-Beiträge an Familienzulagekassen;600.0;1100.0;1185.05;-500.0;-45.45;;158
22;Erziehungsdepartement;2283;Sporthalle Munot;;;3059.10;AG-Beiträge Sozialfonds;;100.0;72.95;-100.0;-100.0;;158
22;Erziehungsdepartement;2283;Sporthalle Munot;;;3101.00;Betriebs- und Verbrauchsmaterial;4000.0;3500.0;4768.15;500.0;14.29;;158
22;Erziehungsdepartement;2283;Sporthalle Munot;;;3104.00;Lehrmittel;6500.0;6500.0;6102.3;;;;158
22;Erziehungsdepartement;2283;Sporthalle Munot;;;3120.00;Ver- und Entsorgung Liegenschaften VV;30000.0;27000.0;29762.8;3000.0;11.11;;158
22;Erziehungsdepartement;2283;Sporthalle Munot;;;3151.00;Unterhalt Maschinen, Geräte, Fahrzeuge;10000.0;15000.0;9681.05;-5000.0;-33.33;;158
22;Erziehungsdepartement;2283;Sporthalle Munot;;;3160.00;Mieten und Pachten Liegenschaften;30800.0;38800.0;30783.9;-8000.0;-20.62;;158
22;Erziehungsdepartement;2283;Sporthalle Munot;;;3199.00;Übriger Betriebsaufwand;1700.0;;1734.45;1700.0;;;158
22;Erziehungsdepartement;2283;Sporthalle Munot;;;3612.10;Entschädigungen an innerkantonale Gemeinden und Gemeindezweckverbände;20400.0;20400.0;;;;;158
22;Erziehungsdepartement;2283;Sporthalle Munot;;;4632.10;Laufende Betriebsbeiträge von innerkantonalen Gemeinden und Gemeindezweckverbände;-120000.0;-150000.0;-116072.0;30000.0;-20.0;Anpassung aufgrund der Erfahrung der Vorjahre.;158
22;Erziehungsdepartement;2283;Sporthalle Munot;;;4635.00;Beiträge von privaten Unternehmungen;-90000.0;-112500.0;-87054.0;22500.0;-20.0;Anpassung aufgrund der Erfahrung der Vorjahre.;158
22;Erziehungsdepartement;2285;Berufsbildung;;;3000.10;Sitzungsgelder Kommissionen;14600.0;14600.0;10707.0;;;;158
22;Erziehungsdepartement;2285;Berufsbildung;;;3010.00;Löhne des Verwaltungs- und Betriebspersonals;1614500.0;1699700.0;1518478.9;-85200.0;-5.01;Tiefere Lohnkosten aufgrund Rotationsgewinn.;159
22;Erziehungsdepartement;2285;Berufsbildung;;;3010.10;Löhne der Prüfungsexperten;1450000.0;1400000.0;1397752.05;50000.0;3.57;Voraussichtlich leicht mehr Prüfungskandidatinnen und - kandidaten.;159
22;Erziehungsdepartement;2285;Berufsbildung;;;3010.95;Rückerstattungen Taggelder UV, EO, MSE, MV, IV für Verwaltungs- und Betriebspersonal;;;-20745.4;;;;159
22;Erziehungsdepartement;2285;Berufsbildung;;;3050.00;AG-Beiträge AHV, IV, EO, ALV, Verwaltungskosten;200100.0;202400.0;158022.65;-2300.0;-1.14;;159
22;Erziehungsdepartement;2285;Berufsbildung;;;3052.00;AG-Beiträge an Pensionskassen;341800.0;414100.0;197543.7;-72300.0;-17.46;;159
22;Erziehungsdepartement;2285;Berufsbildung;;;3053.00;AG-Beiträge an Unfallversicherungen;18800.0;18100.0;10255.15;700.0;3.87;;159
22;Erziehungsdepartement;2285;Berufsbildung;;;3054.00;AG-Beiträge an Familienzulagekassen;37000.0;40500.0;31679.8;-3500.0;-8.64;;159
22;Erziehungsdepartement;2285;Berufsbildung;;;3059.10;AG-Beiträge Sozialfonds;2500.0;2500.0;1918.9;;;;159
22;Erziehungsdepartement;2285;Berufsbildung;;;3090.00;Aus- und Weiterbildung des eigenen Personals;54200.0;71700.0;18376.1;-17500.0;-24.41;Weniger Weiterbildungen geplant.;159
22;Erziehungsdepartement;2285;Berufsbildung;;;3091.00;Personalwerbung;;1000.0;;-1000.0;-100.0;;159
22;Erziehungsdepartement;2285;Berufsbildung;;;3099.00;Übriger Personalaufwand;5000.0;4700.0;8221.8;300.0;6.38;;159
22;Erziehungsdepartement;2285;Berufsbildung;;;3100.00;Büromaterial;4800.0;6800.0;4882.22;-2000.0;-29.41;;159
22;Erziehungsdepartement;2285;Berufsbildung;;;3102.00;Drucksachen, Publikationen;3800.0;1700.0;6589.75;2100.0;123.53;;159
22;Erziehungsdepartement;2285;Berufsbildung;;;3103.00;Fachliteratur, Zeitschriften;2400.0;2400.0;2212.3;;;;159
22;Erziehungsdepartement;2285;Berufsbildung;;;3109.00;Übriger Material- und Warenaufwand;1000.0;500.0;1172.75;500.0;100.0;;159
22;Erziehungsdepartement;2285;Berufsbildung;;;3110.00;Büromöbel und -geräte;;1000.0;;-1000.0;-100.0;;159
22;Erziehungsdepartement;2285;Berufsbildung;;;3113.00;Hardware;7000.0;20800.0;8069.7;-13800.0;-66.35;2026 wurden Hardware- Anschaffungen infolge der Umstellung auf M365 budgetiert, diese entfallen.;159
22;Erziehungsdepartement;2285;Berufsbildung;;;3118.00;Immaterielle Anlagen;6200.0;9100.0;2562.1;-2900.0;-31.87;;159
22;Erziehungsdepartement;2285;Berufsbildung;;;3130.00;Dienstleistungen Dritter;428200.0;493500.0;279083.55;-65300.0;-13.23;Anpassung aufgrund der Erfahrung der Vorjahre.;159
22;Erziehungsdepartement;2285;Berufsbildung;;;3130.11;Dienstleistungen Dritter (ED - Case Management);90000.0;90000.0;24626.37;;;;159
22;Erziehungsdepartement;2285;Berufsbildung;;;3132.00;Honorare externe Berater, Gutachter, Fachexperten etc.;80000.0;80000.0;75573.52;;;;159
22;Erziehungsdepartement;2285;Berufsbildung;;;3133.00;Informatik-Nutzungsaufwand;116700.0;150000.0;152728.85;-33300.0;-22.2;Miet- und Unterhaltskosten fallen tiefer aus.;159
22;Erziehungsdepartement;2285;Berufsbildung;;;3139.00;Lehrlingsprüfungen;730400.0;618700.0;670397.65;111700.0;18.05;Höhere Kosten für ausserkantonale Prüfungen.;159
22;Erziehungsdepartement;2285;Berufsbildung;;;3158.00;Unterhalt immaterielle Anlagen;222900.0;200800.0;128121.95;22100.0;11.01;Preisanpassungen bei ausserkantonalen Anbietern.;159
22;Erziehungsdepartement;2285;Berufsbildung;;;3160.00;Mieten und Pachten Liegenschaften;2300.0;2300.0;2080.0;;;;159
22;Erziehungsdepartement;2285;Berufsbildung;;;3161.00;Mieten, Benützungskosten Anlagen;;15000.0;;-15000.0;-100.0;Wird unter Konto 2285.3133.00 verbucht.;160
22;Erziehungsdepartement;2285;Berufsbildung;;;3170.00;Reisekosten und Spesen;17700.0;17500.0;14347.65;200.0;1.14;;160
22;Erziehungsdepartement;2285;Berufsbildung;;;3181.00;Tatsächliche Forderungsverluste;3000.0;3000.0;504.35;;;;160
22;Erziehungsdepartement;2285;Berufsbildung;;;3199.00;Übriger Betriebsaufwand;17000.0;19000.0;11280.2;-2000.0;-10.53;;160
22;Erziehungsdepartement;2285;Berufsbildung;;;3199.10;Entschädigung Teilnahme Instruktionskurs;56000.0;80000.0;50000.0;-24000.0;-30.0;Anpassung aufgrund der Erfahrung der Vorjahre.;160
22;Erziehungsdepartement;2285;Berufsbildung;;;3611.00;Entschädigungen an Kantone und Konkordate;624500.0;644500.0;589026.05;-20000.0;-3.1;Weniger Lernende mit ausserkantonalem Qualifikationsverfahren.;160
22;Erziehungsdepartement;2285;Berufsbildung;;;3611.50;Entschädigungen an ausserkantonale Berufsfachschulen;5500000.0;5376600.0;5612897.0;123400.0;2.3;Leicht mehr Lernende an ausserkantonalen Berufsfachschulen.;160
22;Erziehungsdepartement;2285;Berufsbildung;;;3616.20;Entschädigungen an HKV SH;7312000.0;6995000.0;7088380.0;317000.0;4.53;Es wird mit mehr Lernenden gerechnet.;160
22;Erziehungsdepartement;2285;Berufsbildung;;;3631.00;Beiträge an Kantone und Konkordate;176300.0;176300.0;176718.0;;;;160
22;Erziehungsdepartement;2285;Berufsbildung;;;3635.20;Beiträge an überbetriebliche Kurse;1495000.0;1425000.0;1636410.0;70000.0;4.91;Anpassung an die effektiven Kosten des Vorjahres.;160
22;Erziehungsdepartement;2285;Berufsbildung;;;3636.00;Beiträge an private Organisationen ohne Erwerbszweck;84000.0;84000.0;69200.0;;;;160
22;Erziehungsdepartement;2285;Berufsbildung;;;3637.00;Beiträge an private Haushalte;15000.0;15000.0;600.0;;;;160
22;Erziehungsdepartement;2285;Berufsbildung;;;4210.00;Gebühren für Amtshandlungen;-18100.0;-18100.0;-11000.0;;;;160
22;Erziehungsdepartement;2285;Berufsbildung;;;4260.00;Rückerstattungen und Kostenbeteiligungen Dritter;-1700000.0;-1600000.0;-1710976.15;-100000.0;6.25;Erhöhung der Bundespauschale zugunsten von viamia.;160
22;Erziehungsdepartement;2285;Berufsbildung;;;4630.00;Beiträge vom Bund;-8368300.0;-8230500.0;-7737687.0;-137800.0;1.67;Rückerstattungspauschale für Lehrbetriebe erhöht aufgrund gestiegener Raum- und Materialkosten beim Qualifikationsverfahren.;160
22;Erziehungsdepartement;2285;Berufsbildung;;;4633.00;Beiträge von öffentlichen Sozialversicherungen;-100000.0;-100000.0;-86362.3;;;;160
22;Erziehungsdepartement;2285;Berufsbildung;;;4896.00;Entnahmen aus Neubewertungsreserven;;;-500000.0;;;;160
22;Erziehungsdepartement;2286;Berufs-, Studien- und Laufbahnberatung;;;3010.00;Löhne des Verwaltungs- und Betriebspersonals;979300.0;1022900.0;985386.6;-43600.0;-4.26;Die Lohnkosten fallen aufgrund von Mutationsgewinnen tiefer aus.;160
22;Erziehungsdepartement;2286;Berufs-, Studien- und Laufbahnberatung;;;3010.95;Rückerstattungen Taggelder UV, EO, MSE, MV, IV für Verwaltungs- und Betriebspersonal;;;-965.3;;;;160
22;Erziehungsdepartement;2286;Berufs-, Studien- und Laufbahnberatung;;;3050.00;AG-Beiträge AHV, IV, EO, ALV, Verwaltungskosten;63500.0;65000.0;63058.95;-1500.0;-2.31;;160
22;Erziehungsdepartement;2286;Berufs-, Studien- und Laufbahnberatung;;;3052.00;AG-Beiträge an Pensionskassen;109500.0;133800.0;157537.6;-24300.0;-18.16;;160
22;Erziehungsdepartement;2286;Berufs-, Studien- und Laufbahnberatung;;;3053.00;AG-Beiträge an Unfallversicherungen;5900.0;5700.0;5226.1;200.0;3.51;;161
22;Erziehungsdepartement;2286;Berufs-, Studien- und Laufbahnberatung;;;3054.00;AG-Beiträge an Familienzulagekassen;11800.0;13000.0;12625.05;-1200.0;-9.23;;161
22;Erziehungsdepartement;2286;Berufs-, Studien- und Laufbahnberatung;;;3059.10;AG-Beiträge Sozialfonds;700.0;800.0;771.7;-100.0;-12.5;;161
22;Erziehungsdepartement;2286;Berufs-, Studien- und Laufbahnberatung;;;3090.00;Aus- und Weiterbildung des eigenen Personals;16200.0;10000.0;4525.0;6200.0;62.0;;161
22;Erziehungsdepartement;2286;Berufs-, Studien- und Laufbahnberatung;;;3099.00;Übriger Personalaufwand;2000.0;2000.0;3432.0;;;;161
22;Erziehungsdepartement;2286;Berufs-, Studien- und Laufbahnberatung;;;3100.00;Büromaterial;4300.0;5000.0;4316.52;-700.0;-14.0;;161
22;Erziehungsdepartement;2286;Berufs-, Studien- und Laufbahnberatung;;;3102.00;Drucksachen, Publikationen;15600.0;30000.0;15648.25;-14400.0;-48.0;Durch die verstärkte Nutzung digitaler Medien werden weniger Drucksachen benötigt.;161
22;Erziehungsdepartement;2286;Berufs-, Studien- und Laufbahnberatung;;;3103.00;Fachliteratur, Zeitschriften;1300.0;2000.0;1250.35;-700.0;-35.0;;161
22;Erziehungsdepartement;2286;Berufs-, Studien- und Laufbahnberatung;;;3109.00;Übriger Material- und Warenaufwand;400.0;1000.0;411.72;-600.0;-60.0;;161
22;Erziehungsdepartement;2286;Berufs-, Studien- und Laufbahnberatung;;;3110.00;Büromöbel und -geräte;100.0;1500.0;79.4;-1400.0;-93.33;;161
22;Erziehungsdepartement;2286;Berufs-, Studien- und Laufbahnberatung;;;3113.00;Hardware;300.0;5000.0;298.0;-4700.0;-94.0;;161
22;Erziehungsdepartement;2286;Berufs-, Studien- und Laufbahnberatung;;;3130.00;Dienstleistungen Dritter;11400.0;45000.0;19076.5;-33600.0;-74.67;Die Kosten im Zusammenhang mit Digitalisierungsvorhaben fallen tiefer aus.;161
22;Erziehungsdepartement;2286;Berufs-, Studien- und Laufbahnberatung;;;3133.00;Informatik-Nutzungsaufwand;112400.0;130300.0;97858.15;-17900.0;-13.74;Das Redesign von berufberatung.ch verursacht geringere Kosten als ursprünglich angenommen.;161
22;Erziehungsdepartement;2286;Berufs-, Studien- und Laufbahnberatung;;;3153.00;Informatik-Unterhalt (Hardware);800.0;1500.0;264.0;-700.0;-46.67;;161
22;Erziehungsdepartement;2286;Berufs-, Studien- und Laufbahnberatung;;;3158.00;Unterhalt immaterielle Anlagen;2700.0;6000.0;744.0;-3300.0;-55.0;;161
22;Erziehungsdepartement;2286;Berufs-, Studien- und Laufbahnberatung;;;3161.00;Mieten, Benützungskosten Anlagen;800.0;5000.0;765.15;-4200.0;-84.0;;161
22;Erziehungsdepartement;2286;Berufs-, Studien- und Laufbahnberatung;;;3170.00;Reisekosten und Spesen;5200.0;8000.0;5225.8;-2800.0;-35.0;;161
22;Erziehungsdepartement;2286;Berufs-, Studien- und Laufbahnberatung;;;3199.00;Übriger Betriebsaufwand;300.0;500.0;253.8;-200.0;-40.0;;161
22;Erziehungsdepartement;2286;Berufs-, Studien- und Laufbahnberatung;;;3631.00;Beiträge an Kantone und Konkordate;3000.0;3000.0;2400.0;;;;161
22;Erziehungsdepartement;2286;Berufs-, Studien- und Laufbahnberatung;;;3636.00;Beiträge an private Organisationen ohne Erwerbszweck;320000.0;279000.0;183430.0;41000.0;14.7;Aufgrund der höheren Nachfrage steigt die Anzahl Bildungsgutscheine «EPR0099-1» Zusatzkredit (Verpflichtungskredit) Förderung Grundkompetenzen Erwachsener Bildungsgutscheine. Gleichzeitig fallen die Bundesbeiträge im Konto 2286.4630.00 höher aus.;161
22;Erziehungsdepartement;2286;Berufs-, Studien- und Laufbahnberatung;;;4240.00;Benützungsgebühren und Dienstleistungen;-10000.0;-10000.0;-10007.8;;;;161
22;Erziehungsdepartement;2286;Berufs-, Studien- und Laufbahnberatung;;;4630.00;Beiträge vom Bund;-157900.0;-141000.0;-250860.35;-16900.0;11.99;Die Beiträge des Bundes fallen aufgrund der gestiegenen Anzahl Bildungsgutscheine höher aus.;161
22;Erziehungsdepartement;2286;Berufs-, Studien- und Laufbahnberatung;;;4910.00;IV Dienstleistungen;-16000.0;-16000.0;-11142.0;;;;162
22;Erziehungsdepartement;2291;Sport;;;3000.10;Sitzungsgelder Kommissionen;1000.0;1000.0;150.0;;;;162
22;Erziehungsdepartement;2291;Sport;;;3010.00;Löhne des Verwaltungs- und Betriebspersonals;260000.0;261600.0;275956.0;-1600.0;-0.61;;162
22;Erziehungsdepartement;2291;Sport;;;3020.00;Löhne der Lehrpersonen;100000.0;100300.0;73165.0;-300.0;-0.3;;162
22;Erziehungsdepartement;2291;Sport;;;3050.00;AG-Beiträge AHV, IV, EO, ALV, Verwaltungskosten;23500.0;23600.0;20190.55;-100.0;-0.42;;162
22;Erziehungsdepartement;2291;Sport;;;3052.00;AG-Beiträge an Pensionskassen;40100.0;48400.0;31204.9;-8300.0;-17.15;;162
22;Erziehungsdepartement;2291;Sport;;;3053.00;AG-Beiträge an Unfallversicherungen;2200.0;2000.0;1550.7;200.0;10.0;;162
22;Erziehungsdepartement;2291;Sport;;;3054.00;AG-Beiträge an Familienzulagekassen;4300.0;4700.0;4037.6;-400.0;-8.51;;162
22;Erziehungsdepartement;2291;Sport;;;3059.10;AG-Beiträge Sozialfonds;300.0;300.0;249.6;;;;162
22;Erziehungsdepartement;2291;Sport;;;3100.00;Büromaterial;800.0;1000.0;762.19;-200.0;-20.0;;162
22;Erziehungsdepartement;2291;Sport;;;3101.00;Betriebs- und Verbrauchsmaterial;900.0;;892.65;900.0;;;162
22;Erziehungsdepartement;2291;Sport;;;3102.00;Drucksachen, Publikationen;;1000.0;;-1000.0;-100.0;;162
22;Erziehungsdepartement;2291;Sport;;;3103.00;Fachliteratur, Zeitschriften;100.0;;99.3;100.0;;;162
22;Erziehungsdepartement;2291;Sport;;;3113.00;Hardware;;2000.0;;-2000.0;-100.0;;162
22;Erziehungsdepartement;2291;Sport;;;3130.00;Dienstleistungen Dritter;7100.0;28500.0;7123.0;-21400.0;-75.09;Anpassung aufgrund von Erfahrungswerten.;162
22;Erziehungsdepartement;2291;Sport;;;3133.00;Informatik-Nutzungsaufwand;50500.0;29800.0;54317.34;20700.0;69.46;Anpassung aufgrund von Erfahrungswerten.;162
22;Erziehungsdepartement;2291;Sport;;;3138.00;Kurse, Prüfungen und Beratungen;69300.0;100000.0;69307.02;-30700.0;-30.7;Anpassung aufgrund von Erfahrungswerten.;162
22;Erziehungsdepartement;2291;Sport;;;3160.00;Mieten und Pachten Liegenschaften;2500.0;5000.0;2481.25;-2500.0;-50.0;;162
22;Erziehungsdepartement;2291;Sport;;;3161.00;Mieten, Benützungskosten Anlagen;;2000.0;;-2000.0;-100.0;;162
22;Erziehungsdepartement;2291;Sport;;;3170.00;Reisekosten und Spesen;3400.0;4000.0;3420.7;-600.0;-15.0;;162
22;Erziehungsdepartement;2291;Sport;;;3181.00;Tatsächliche Forderungsverluste;300.0;500.0;250.0;-200.0;-40.0;;162
22;Erziehungsdepartement;2291;Sport;;;3199.00;Übriger Betriebsaufwand;200.0;1000.0;240.0;-800.0;-80.0;;162
22;Erziehungsdepartement;2291;Sport;;;3660.50;Planmässige Abschreibungen Invest.beiträge an private Unternehmungen;12000.0;12000.0;12000.0;;;;162
22;Erziehungsdepartement;2291;Sport;;;4231.00;Kursgelder;-45000.0;-60000.0;-45670.0;15000.0;-25.0;Anpassung aufgrund von Erfahrungswerten.;162
22;Erziehungsdepartement;2291;Sport;;;4630.00;Beiträge vom Bund;-45000.0;-30000.0;-51400.03;-15000.0;50.0;Anpassung aufgrund von Erfahrungswerten.;162
22;Erziehungsdepartement;2292;Familie und Jugend;;;3000.10;Sitzungsgelder Kommissionen;9000.0;14000.0;2725.0;-5000.0;-35.71;;163
22;Erziehungsdepartement;2292;Familie und Jugend;;;3010.00;Löhne des Verwaltungs- und Betriebspersonals;1474900.0;1374200.0;1233234.1;100700.0;7.33;Inkl. beantragte Pensen sowie temporäre Aufstockung im Bereich Kinder mit besonderen Bedürfnissen.;163
22;Erziehungsdepartement;2292;Familie und Jugend;;;3010.95;Rückerstattungen Taggelder UV, EO, MSE, MV, IV für Verwaltungs- und Betriebspersonal;;;-1346.6;;;;163
22;Erziehungsdepartement;2292;Familie und Jugend;;;3050.00;AG-Beiträge AHV, IV, EO, ALV, Verwaltungskosten;96500.0;90200.0;80163.9;6300.0;6.98;;163
22;Erziehungsdepartement;2292;Familie und Jugend;;;3052.00;AG-Beiträge an Pensionskassen;164700.0;183600.0;161255.5;-18900.0;-10.29;;163
22;Erziehungsdepartement;2292;Familie und Jugend;;;3053.00;AG-Beiträge an Unfallversicherungen;9000.0;8100.0;6661.45;900.0;11.11;;163
22;Erziehungsdepartement;2292;Familie und Jugend;;;3054.00;AG-Beiträge an Familienzulagekassen;17900.0;18000.0;16031.45;-100.0;-0.56;;163
22;Erziehungsdepartement;2292;Familie und Jugend;;;3059.10;AG-Beiträge Sozialfonds;1200.0;1100.0;985.9;100.0;9.09;;163
22;Erziehungsdepartement;2292;Familie und Jugend;;;3090.00;Aus- und Weiterbildung des eigenen Personals;25300.0;25300.0;11265.0;;;;163
22;Erziehungsdepartement;2292;Familie und Jugend;;;3091.00;Personalwerbung;;;297.3;;;;163
22;Erziehungsdepartement;2292;Familie und Jugend;;;3099.00;Übriger Personalaufwand;6100.0;6100.0;1600.0;;;;163
22;Erziehungsdepartement;2292;Familie und Jugend;;;3100.00;Büromaterial;3000.0;1500.0;2969.23;1500.0;100.0;;163
22;Erziehungsdepartement;2292;Familie und Jugend;;;3102.00;Drucksachen, Publikationen;5100.0;9600.0;5081.95;-4500.0;-46.88;;163
22;Erziehungsdepartement;2292;Familie und Jugend;;;3103.00;Fachliteratur, Zeitschriften;1100.0;2400.0;1053.35;-1300.0;-54.17;;163
22;Erziehungsdepartement;2292;Familie und Jugend;;;3110.00;Büromöbel und -geräte;2000.0;2000.0;12308.35;;;;163
22;Erziehungsdepartement;2292;Familie und Jugend;;;3113.00;Hardware;6800.0;6800.0;14420.55;;;;163
22;Erziehungsdepartement;2292;Familie und Jugend;;;3118.00;Immaterielle Anlagen;;120000.0;;-120000.0;-100.0;Softwareeinführung wurde zeitlich nach hinten verschoben.;163
22;Erziehungsdepartement;2292;Familie und Jugend;;;3130.00;Dienstleistungen Dritter;338900.0;415000.0;195763.77;-76100.0;-18.34;Anpassung aufgrund von Erfahrungswerten.;163
22;Erziehungsdepartement;2292;Familie und Jugend;;;3133.00;Informatik-Nutzungsaufwand;94400.0;89500.0;65432.45;4900.0;5.47;;163
22;Erziehungsdepartement;2292;Familie und Jugend;;;3158.00;Unterhalt immaterielle Anlagen;;12000.0;;-12000.0;-100.0;Da sich die Einführung einer Software zeitlich verschiebt, fallen noch keine Wartungskosten an.;163
22;Erziehungsdepartement;2292;Familie und Jugend;;;3160.00;Mieten und Pachten Liegenschaften;100.0;3200.0;80.0;-3100.0;-96.88;;163
22;Erziehungsdepartement;2292;Familie und Jugend;;;3161.00;Mieten, Benützungskosten Anlagen;800.0;4500.0;795.2;-3700.0;-82.22;;163
22;Erziehungsdepartement;2292;Familie und Jugend;;;3170.00;Reisekosten und Spesen;11200.0;8600.0;11207.0;2600.0;30.23;;163
22;Erziehungsdepartement;2292;Familie und Jugend;;;3612.10;Entschädigungen an innerkantonale Gemeinden und Gemeindezweckverbände;870000.0;600000.0;548734.6;270000.0;45.0;Zusätzliche gebundene Ausgaben durch neue Betreuungseinrichtungen und Anpassung der gesetzlichen Grundlagen.;163
22;Erziehungsdepartement;2292;Familie und Jugend;;;3635.00;Beiträge an private Unternehmungen;121300.0;122500.0;116596.0;-1200.0;-0.98;;163
22;Erziehungsdepartement;2292;Familie und Jugend;;;3637.00;Beiträge an private Haushalte;1928300.0;1750000.0;1560030.0;178300.0;10.19;Start Subventionierung «Kinder mit besonderen Bedürfnissen» ab Mitte 2027.;164
22;Erziehungsdepartement;2292;Familie und Jugend;;;3707.00;Durchlaufende Beiträge an private Haushalte;;;219260.0;;;;164
22;Erziehungsdepartement;2292;Familie und Jugend;;;4210.00;Gebühren für Amtshandlungen;-5000.0;-5000.0;-4750.0;;;;164
22;Erziehungsdepartement;2292;Familie und Jugend;;;4612.10;Entschädigungen von innerkantonalen Gemeinden und Gemeindezweckverbänden;-45000.0;-45000.0;-29720.0;;;;164
22;Erziehungsdepartement;2292;Familie und Jugend;;;4700.00;Durchlaufende Beiträge vom Bund;;;-219260.0;;;;164
22;Erziehungsdepartement;2292;Familie und Jugend;;;4894.00;Entnahme aus FIPOL;-1928300.0;-2006500.0;-1560030.0;78200.0;-3.9;Die (Rest-)Entnahme aus der finanzpolitischen Reserve entspricht dem Betrag auf Konto 2292.3637.00.;164
22;Erziehungsdepartement;2293;Kultur;;;3010.00;Löhne des Verwaltungs- und Betriebspersonals;86200.0;86800.0;95345.6;-600.0;-0.69;;164
22;Erziehungsdepartement;2293;Kultur;;;3050.00;AG-Beiträge AHV, IV, EO, ALV, Verwaltungskosten;5600.0;5600.0;6075.4;;;;164
22;Erziehungsdepartement;2293;Kultur;;;3052.00;AG-Beiträge an Pensionskassen;9600.0;11600.0;13242.0;-2000.0;-17.24;;164
22;Erziehungsdepartement;2293;Kultur;;;3053.00;AG-Beiträge an Unfallversicherungen;500.0;500.0;509.1;;;;164
22;Erziehungsdepartement;2293;Kultur;;;3054.00;AG-Beiträge an Familienzulagekassen;1000.0;1100.0;1215.5;-100.0;-9.09;;164
22;Erziehungsdepartement;2293;Kultur;;;3059.10;AG-Beiträge Sozialfonds;100.0;100.0;74.85;;;;164
22;Erziehungsdepartement;2293;Kultur;;;3090.00;Aus- und Weiterbildung des eigenen Personals;1000.0;;;1000.0;;;164
22;Erziehungsdepartement;2293;Kultur;;;3099.00;Übriger Personalaufwand;100.0;100.0;;;;;164
22;Erziehungsdepartement;2293;Kultur;;;3100.00;Büromaterial;100.0;100.0;144.7;;;;164
22;Erziehungsdepartement;2293;Kultur;;;3103.00;Fachliteratur, Zeitschriften;;500.0;;-500.0;-100.0;;164
22;Erziehungsdepartement;2293;Kultur;;;3130.00;Dienstleistungen Dritter;27000.0;27000.0;8170.0;;;;164
22;Erziehungsdepartement;2293;Kultur;;;3133.00;Informatik-Nutzungsaufwand;68300.0;10500.0;;57800.0;550.48;Die Datenbank für die kantonale Kunstsammlung muss neu programmiert werden. Im Bereich Gesuche soll eine digitale Schnittstelle zur Zahlungsabwicklung erstellt werden.;164
22;Erziehungsdepartement;2293;Kultur;;;3170.00;Reisekosten und Spesen;2100.0;2000.0;2085.05;100.0;5.0;;164
22;Erziehungsdepartement;2293;Kultur;;;4610.00;Entschädigungen vom Bund;;;-80844.02;;;;164
22;Erziehungsdepartement;2298;;2298.7221;Kantonaler Sportfonds;3000.10;Sitzungsgelder Kommissionen;5000.0;5000.0;5040.0;;;;164
22;Erziehungsdepartement;2298;;2298.7221;Kantonaler Sportfonds;3010.00;Löhne des Verwaltungs- und Betriebspersonals;5000.0;5000.0;4935.0;;;;164
22;Erziehungsdepartement;2298;;2298.7221;Kantonaler Sportfonds;3050.00;AG-Beiträge AHV, IV, EO, ALV, Verwaltungskosten;700.0;700.0;67.95;;;;165
22;Erziehungsdepartement;2298;;2298.7221;Kantonaler Sportfonds;3052.00;AG-Beiträge an Pensionskassen;1100.0;700.0;;400.0;57.14;;165
22;Erziehungsdepartement;2298;;2298.7221;Kantonaler Sportfonds;3053.00;AG-Beiträge an Unfallversicherungen;100.0;100.0;21.5;;;;165
22;Erziehungsdepartement;2298;;2298.7221;Kantonaler Sportfonds;3054.00;AG-Beiträge an Familienzulagekassen;100.0;100.0;13.55;;;;165
22;Erziehungsdepartement;2298;;2298.7221;Kantonaler Sportfonds;3059.10;AG-Beiträge Sozialfonds;;;0.8;;;;165
22;Erziehungsdepartement;2298;;2298.7221;Kantonaler Sportfonds;3099.00;Übriger Personalaufwand;1000.0;1000.0;943.0;;;;165
22;Erziehungsdepartement;2298;;2298.7221;Kantonaler Sportfonds;3101.00;Betriebs- und Verbrauchsmaterial;;5000.0;;-5000.0;-100.0;;165
22;Erziehungsdepartement;2298;;2298.7221;Kantonaler Sportfonds;3130.00;Dienstleistungen Dritter;1000.0;;1020.0;1000.0;;;165
22;Erziehungsdepartement;2298;;2298.7221;Kantonaler Sportfonds;3170.00;Reisekosten und Spesen;1300.0;4000.0;1330.0;-2700.0;-67.5;;165
22;Erziehungsdepartement;2298;;2298.7221;Kantonaler Sportfonds;3501.00;Einlagen in Fonds des Fremdkapitals;30700.0;24400.0;43616.32;6300.0;25.82;;165
22;Erziehungsdepartement;2298;;2298.7221;Kantonaler Sportfonds;3632.10;Beiträge an innerkantonale Gemeinden und Gemeindezweckverbände;250000.0;250000.0;199562.0;;;;165
22;Erziehungsdepartement;2298;;2298.7221;Kantonaler Sportfonds;3635.00;Beiträge an private Unternehmungen;150000.0;150000.0;141188.25;;;;165
22;Erziehungsdepartement;2298;;2298.7221;Kantonaler Sportfonds;3636.00;Beiträge an private Organisationen ohne Erwerbszweck;650000.0;650000.0;810975.2;;;;165
22;Erziehungsdepartement;2298;;2298.7221;Kantonaler Sportfonds;3637.00;Beiträge an private Haushalte;50000.0;50000.0;25373.0;;;;165
22;Erziehungsdepartement;2298;;2298.7221;Kantonaler Sportfonds;4130.00;Ertragsanteile an Lotterien, Sport-Toto, Wetten;-1126000.0;-1126000.0;-1217414.88;;;;165
22;Erziehungsdepartement;2298;;2298.7221;Kantonaler Sportfonds;4630.00;Beiträge vom Bund;-20000.0;-20000.0;-16671.69;;;;165
22;Erziehungsdepartement;2298;;2298.7251;Lotteriegewinn-Fonds;3010.00;Löhne des Verwaltungs- und Betriebspersonals;;;480.0;;;;165
22;Erziehungsdepartement;2298;;2298.7251;Lotteriegewinn-Fonds;3050.00;AG-Beiträge AHV, IV, EO, ALV, Verwaltungskosten;;;171.65;;;;165
22;Erziehungsdepartement;2298;;2298.7251;Lotteriegewinn-Fonds;3053.00;AG-Beiträge an Unfallversicherungen;;;14.25;;;;165
22;Erziehungsdepartement;2298;;2298.7251;Lotteriegewinn-Fonds;3054.00;AG-Beiträge an Familienzulagekassen;;;34.35;;;;165
22;Erziehungsdepartement;2298;;2298.7251;Lotteriegewinn-Fonds;3059.10;AG-Beiträge Sozialfonds;;;2.1;;;;165
22;Erziehungsdepartement;2298;;2298.7251;Lotteriegewinn-Fonds;3099.00;Übriger Personalaufwand;;;24.2;;;;165
22;Erziehungsdepartement;2298;;2298.7251;Lotteriegewinn-Fonds;3130.00;Dienstleistungen Dritter;166500.0;7500.0;7500.0;159000.0;2120.0;Aufbereitung der Fotosammlung Sternegg durch das Staatsarchiv sowie EPR0182 (Projekt «ARCASTRA»).;165
22;Erziehungsdepartement;2298;;2298.7251;Lotteriegewinn-Fonds;3501.00;Einlagen in Fonds des Fremdkapitals;157100.0;;591767.48;157100.0;;;165
22;Erziehungsdepartement;2298;;2298.7251;Lotteriegewinn-Fonds;3631.22;Beiträge an Kantone und Konkordate (ED, Funktion 329);145300.0;132400.0;130653.65;12900.0;9.74;Zweites reguläres Projekt in der koordinierten Kulturförderung der Ost- Kantone.;165
22;Erziehungsdepartement;2298;;2298.7251;Lotteriegewinn-Fonds;3632.51;Beiträge an innerkantonale Gemeinden und Gemeindezweckverbände (StK, Funktion 012);10000.0;10000.0;;;;;165
22;Erziehungsdepartement;2298;;2298.7251;Lotteriegewinn-Fonds;3632.54;Beiträge an innerkantonale Gemeinden und Gemeindezweckverbände (ED, Funktion 311);220000.0;220000.0;220000.0;;;;166
22;Erziehungsdepartement;2298;;2298.7251;Lotteriegewinn-Fonds;3632.55;Beiträge an innerkantonale Gemeinden und Gemeindezweckverbände (ED, Funktion 322);265000.0;335000.0;355000.0;-70000.0;-20.9;Die Schaffhauser Kulturtage werden neu unter Konto 2298.7251.3636.21 budgetiert.;166
22;Erziehungsdepartement;2298;;2298.7251;Lotteriegewinn-Fonds;3632.56;Beiträge an innerkantonale Gemeinden und Gemeindezweckverbände (ED, Funktion 329);378800.0;346800.0;337120.0;32000.0;9.23;Erhöhung LV-Beitrag für die Stadtbibliothek und Anpassung Beitrag für Jugendtreff-Angebote im Kanton.;166
22;Erziehungsdepartement;2298;;2298.7251;Lotteriegewinn-Fonds;3636.06;Beiträge an private Organisationen ohne Erwerbszweck (KR, Funktion 034);25000.0;25000.0;25000.0;;;;166
22;Erziehungsdepartement;2298;;2298.7251;Lotteriegewinn-Fonds;3636.07;Beiträge an private Organisationen ohne Erwerbszweck (StK, Funktion 329);20000.0;20000.0;14857.5;;;;166
22;Erziehungsdepartement;2298;;2298.7251;Lotteriegewinn-Fonds;3636.08;Beiträge an private Organisationen ohne Erwerbszweck (StK, Funktion 321);41700.0;41700.0;41670.0;;;;166
22;Erziehungsdepartement;2298;;2298.7251;Lotteriegewinn-Fonds;3636.11;Beiträge an private Organisationen ohne Erwerbszweck (DI Soziales, Funktion 579);330000.0;600000.0;735418.35;-270000.0;-45.0;Minderaufwand infolge Wegfall eines Projekts im Jahr 2026.;166
22;Erziehungsdepartement;2298;;2298.7251;Lotteriegewinn-Fonds;3636.12;Beiträge an private Organisationen ohne Erwerbszweck (DI Gesundheit, Funktion 490);85000.0;75000.0;45091.0;10000.0;13.33;;166
22;Erziehungsdepartement;2298;;2298.7251;Lotteriegewinn-Fonds;3636.13;Beiträge an private Organisationen ohne Erwerbszweck (DI Umwelt, Funktion 779);30000.0;60000.0;14800.0;-30000.0;-50.0;Minderaufwand infolge Wegfall eines Projekts im Jahr 2026.;166
22;Erziehungsdepartement;2298;;2298.7251;Lotteriegewinn-Fonds;3636.21;Beiträge an private Organisationen ohne Erwerbszweck (ED, Funktion 329);2127000.0;1895100.0;1826918.37;231900.0;12.24;Diverse Erhöhungen bei Leistungsvereinbarungen, hauptsächlich zur Berücksichtigung von Honorarrichtlinien.;166
22;Erziehungsdepartement;2298;;2298.7251;Lotteriegewinn-Fonds;3636.31;Beiträge an private Organisationen ohne Erwerbszweck (BD, Funktion 312);10000.0;10000.0;8490.55;;;;166
22;Erziehungsdepartement;2298;;2298.7251;Lotteriegewinn-Fonds;3636.32;Beiträge an private Organisationen ohne Erwerbszweck (BD, Funktion 329);105000.0;165000.0;147695.6;-60000.0;-36.36;Die Höhe der Beiträge an private Organisationen hängt von der Anzahl und der konkreten Höhe der jeweiligen Gesuche ab. Diese schwanken von Jahr zu Jahr.;166
22;Erziehungsdepartement;2298;;2298.7251;Lotteriegewinn-Fonds;3636.33;Beiträge an private Organisationen ohne Erwerbszweck (BD, Funktion 782);50000.0;50000.0;6390.0;;;;166
22;Erziehungsdepartement;2298;;2298.7251;Lotteriegewinn-Fonds;3636.41;Beiträge an private Organisationen ohne Erwerbszweck (VD, Funktion 329);35000.0;30000.0;30000.0;5000.0;16.67;;166
22;Erziehungsdepartement;2298;;2298.7251;Lotteriegewinn-Fonds;3636.42;Beiträge an private Organisationen ohne Erwerbszweck (VD, Funktion 840);31500.0;31500.0;31311.7;;;;166
22;Erziehungsdepartement;2298;;2298.7251;Lotteriegewinn-Fonds;3636.43;Beiträge an private Organisationen ohne Erwerbszweck (VD, Funktion 890);180000.0;180000.0;152778.24;;;;166
22;Erziehungsdepartement;2298;;2298.7251;Lotteriegewinn-Fonds;3636.51;Beiträge an private Organisationen ohne Erwerbszweck (FD, Funktion 329);5000.0;5000.0;1850.0;;;;167
22;Erziehungsdepartement;2298;;2298.7251;Lotteriegewinn-Fonds;3637.07;Beiträge an private Haushalte (StK, Funktion 329);10000.0;10000.0;;;;;167
22;Erziehungsdepartement;2298;;2298.7251;Lotteriegewinn-Fonds;3637.21;Beiträge an private Haushalte (ED, Funktion 329);241100.0;210000.0;241049.65;31100.0;14.81;Berücksichtigung von Richtgagen im Bereich der populären Musik und der Bildenden Kunst.;167
22;Erziehungsdepartement;2298;;2298.7251;Lotteriegewinn-Fonds;3637.32;Beiträge an private Haushalte (BD, Funktion 312);185000.0;327100.0;269780.45;-142100.0;-43.44;Geringerer Betrag als im Vorjahr budgetiert, da das Auswertungsprojekt Stein am Rhein- Obere Stube auf Ende 2026 abgeschlossen wird. Zusätzlich entfällt im Jahr 2027 der Beitrag von Fr. 14'000 an das interkantonale Vermittlungsprojekt Archäomobil. Dessen Betrieb wird mit Finanzreserven fortgesetzt.;167
22;Erziehungsdepartement;2298;;2298.7251;Lotteriegewinn-Fonds;3638.11;Beiträge an das Ausland (DI, Funktion 593);180000.0;200000.0;223000.0;-20000.0;-10.0;;167
22;Erziehungsdepartement;2298;;2298.7251;Lotteriegewinn-Fonds;3638.21;Beiträge an das Ausland (ED, Funktion 329);95000.0;85000.0;87132.03;10000.0;11.76;Höhere Kosten bei den Atelierstipendien.;167
22;Erziehungsdepartement;2298;;2298.7251;Lotteriegewinn-Fonds;4130.00;Ertragsanteile an Lotterien, Sport-Toto, Wetten;-5129000.0;-4530000.0;-5546001.12;-599000.0;13.22;;167
22;Erziehungsdepartement;2298;;2298.7251;Lotteriegewinn-Fonds;4501.00;Entnahmen aus Fonds des Fremdkapitals;;-522100.0;;522100.0;-100.0;;167
22;Erziehungsdepartement;2298;;2298.7615;Pestalozzifonds;3637.00;Beiträge an private Haushalte;;;2500.0;;;;167
22;Erziehungsdepartement;2298;;2298.7615;Pestalozzifonds;9011.00;Abschluss Spezialfinanzierungen und Fonds des Eigenkapitals, Aufwandüberschuss;;;-2500.0;;;;167
22;Erziehungsdepartement;2298;;2298.7620;Lehrlingsunterstützungsfonds;3502.00;Einlagen in Legate und Stiftungen des Fremdkapitals;;;2.77;;;;167
22;Erziehungsdepartement;2298;;2298.7620;Lehrlingsunterstützungsfonds;4940.00;IV Kalk. Zinsen und Finanzaufwand;;;-2.77;;;;167
22;Erziehungsdepartement;2298;;2298.7705;Hermann-Uehlinger-Fonds Charlottenfels;3502.00;Einlagen in Legate und Stiftungen des Fremdkapitals;;;13.35;;;;167
22;Erziehungsdepartement;2298;;2298.7705;Hermann-Uehlinger-Fonds Charlottenfels;4940.00;IV Kalk. Zinsen und Finanzaufwand;;;-13.35;;;;167
23;Baudepartement;2300;Sekretariat/Rechtsdienst;;;3000.10;Sitzungsgelder Kommissionen;60000.0;60000.0;44300.0;;;;168
23;Baudepartement;2300;Sekretariat/Rechtsdienst;;;3010.00;Löhne des Verwaltungs- und Betriebspersonals;991000.0;1028400.0;813524.65;-37400.0;-3.64;Effektive Lohnkosten leicht unter Budget 2026.;168
23;Baudepartement;2300;Sekretariat/Rechtsdienst;;;3010.95;Rückerstattungen Taggelder UV, EO, MSE, MV, IV für Verwaltungs- und Betriebspersonal;;;-6171.95;;;;168
23;Baudepartement;2300;Sekretariat/Rechtsdienst;;;3050.00;AG-Beiträge AHV, IV, EO, ALV, Verwaltungskosten;68300.0;70700.0;53248.5;-2400.0;-3.39;;168
23;Baudepartement;2300;Sekretariat/Rechtsdienst;;;3052.00;AG-Beiträge an Pensionskassen;116700.0;137400.0;117081.8;-20700.0;-15.07;;168
23;Baudepartement;2300;Sekretariat/Rechtsdienst;;;3053.00;AG-Beiträge an Unfallversicherungen;6400.0;6500.0;4063.4;-100.0;-1.54;;168
23;Baudepartement;2300;Sekretariat/Rechtsdienst;;;3054.00;AG-Beiträge an Familienzulagekassen;12600.0;14100.0;10791.7;-1500.0;-10.64;;168
23;Baudepartement;2300;Sekretariat/Rechtsdienst;;;3059.10;AG-Beiträge Sozialfonds;800.0;900.0;613.7;-100.0;-11.11;;168
23;Baudepartement;2300;Sekretariat/Rechtsdienst;;;3064.00;Überbrückungsrenten;;45000.0;;-45000.0;-100.0;Keine neuen Überbrückungsrenten.;168
23;Baudepartement;2300;Sekretariat/Rechtsdienst;;;3090.00;Aus- und Weiterbildung des eigenen Personals;150000.0;130000.0;107879.81;20000.0;15.38;Fr. 1'000 pro Mitarbeitende.;168
23;Baudepartement;2300;Sekretariat/Rechtsdienst;;;3091.00;Personalwerbung;1000.0;1000.0;;;;;168
23;Baudepartement;2300;Sekretariat/Rechtsdienst;;;3099.00;Übriger Personalaufwand;15000.0;12000.0;12837.65;3000.0;25.0;;168
23;Baudepartement;2300;Sekretariat/Rechtsdienst;;;3100.00;Büromaterial;5000.0;6000.0;3753.5;-1000.0;-16.67;;168
23;Baudepartement;2300;Sekretariat/Rechtsdienst;;;3103.00;Fachliteratur, Zeitschriften;4000.0;6000.0;2923.75;-2000.0;-33.33;;168
23;Baudepartement;2300;Sekretariat/Rechtsdienst;;;3110.00;Büromöbel und -geräte;4000.0;3000.0;;1000.0;33.33;;168
23;Baudepartement;2300;Sekretariat/Rechtsdienst;;;3113.00;Hardware;5000.0;4000.0;1509.9;1000.0;25.0;;168
23;Baudepartement;2300;Sekretariat/Rechtsdienst;;;3130.00;Dienstleistungen Dritter;40000.0;50000.0;112683.25;-10000.0;-20.0;;168
23;Baudepartement;2300;Sekretariat/Rechtsdienst;;;3133.00;Informatik-Nutzungsaufwand;62900.0;55200.0;55436.7;7700.0;13.95;;168
23;Baudepartement;2300;Sekretariat/Rechtsdienst;;;3153.00;Informatik-Unterhalt (Hardware);2000.0;2000.0;;;;;168
23;Baudepartement;2300;Sekretariat/Rechtsdienst;;;3158.00;Unterhalt immaterielle Anlagen;;5000.0;;-5000.0;-100.0;;168
23;Baudepartement;2300;Sekretariat/Rechtsdienst;;;3160.00;Mieten und Pachten Liegenschaften;5000.0;4000.0;648.6;1000.0;25.0;;168
23;Baudepartement;2300;Sekretariat/Rechtsdienst;;;3161.00;Mieten, Benützungskosten Anlagen;5000.0;8000.0;;-3000.0;-37.5;;168
23;Baudepartement;2300;Sekretariat/Rechtsdienst;;;3170.00;Reisekosten und Spesen;7000.0;5000.0;5276.65;2000.0;40.0;;168
23;Baudepartement;2300;Sekretariat/Rechtsdienst;;;3199.00;Übriger Betriebsaufwand;5000.0;5000.0;3834.2;;;;168
23;Baudepartement;2300;Sekretariat/Rechtsdienst;;;3631.00;Beiträge an Kantone und Konkordate;15000.0;14000.0;13395.0;1000.0;7.14;;168
23;Baudepartement;2300;Sekretariat/Rechtsdienst;;;3980.00;Übertragungen;6500000.0;5300000.0;1000000.0;1200000.0;22.64;Einlage in Energie- und Klimafonds zur Sicherstellung gesetzlicher Untergrenze. 5.5 Mio. Franken für Klimaschutz (Konto 2398.7236) und 1 Mio. Franken für Klimaanpassung (Konto 2398.7237).;169
23;Baudepartement;2301;Energiefachstelle;;;3130.00;Dienstleistungen Dritter;70000.0;70000.0;64170.5;;;;169
23;Baudepartement;2301;Energiefachstelle;;;3611.00;Entschädigungen an Kantone und Konkordate;1181000.0;1225000.0;1216581.25;-44000.0;-3.59;Die Sparbemühungen des Bundes (EP27) greifen bereits 2027 und haben Anpassungen beim Förderprogramm zur Folge. Dadurch sinkt die Zahl der Fördergesuche, wodurch auch die Entschädigungen zurückgehen.;169
23;Baudepartement;2301;Energiefachstelle;;;3660.20;Planmässige Abschreibungen Invest.beiträge an Gemeinden;7100.0;7100.0;7146.0;;;;169
23;Baudepartement;2301;Energiefachstelle;;;3660.40;Planmässige Abschreibungen Invest.beiträge an öffentliche Unternehmungen;2900.0;2900.0;2850.0;;;;169
23;Baudepartement;2301;Energiefachstelle;;;3660.50;Planmässige Abschreibungen Invest.beiträge an private Unternehmungen;88900.0;88900.0;88930.0;;;;169
23;Baudepartement;2301;Energiefachstelle;;;3660.60;Planmässige Abschreibungen Invest.beiträge ab private Unternehmungen ohne Erwerbszweck;9900.0;9900.0;9935.0;;;;169
23;Baudepartement;2301;Energiefachstelle;;;3660.70;Planmässige Abschreibungen Invest.beiträge an private Haushalte;1257800.0;1257800.0;1257795.0;;;;169
23;Baudepartement;2301;Energiefachstelle;;;3702.10;Durchlaufende Beiträge an Gemeinden und Gemeindezweckverbände;;;17480.94;;;;169
23;Baudepartement;2301;Energiefachstelle;;;3705.00;Durchlaufende Beiträge an private Unternehmungen;;;27000.0;;;;169
23;Baudepartement;2301;Energiefachstelle;;;3706.00;Durchlaufende Beiträge an private Organisationen ohne Erwerbszweck;;;20800.0;;;;169
23;Baudepartement;2301;Energiefachstelle;;;3707.00;Durchlaufende Beiträge an private Haushalte;1000000.0;1600000.0;55350.0;-600000.0;-37.5;Der Kanton verwaltet das Impulsprogramm des Bundes. Unterstützt wird der Heizungsersatz und Gebäudesanierungen. Die Auszahlungen erfolgen verzögert. Im Budget 2027 werden die Auszahlungen dargestellt, nicht die Verpflichtungen.;169
23;Baudepartement;2301;Energiefachstelle;;;4611.00;Entschädigungen von Kantonen und Konkordaten;-250000.0;-275000.0;-277379.25;25000.0;-9.09;Aufgrund der Sparbemühungen des Bundes (EP27) gibt es Anpassungen beim Energieförderprogramm. Dadurch sinkt die Anzahl Fördergesuche. Ebenso gehen die Minergie-Zertifizierungen zurück.;170
23;Baudepartement;2301;Energiefachstelle;;;4700.00;Durchlaufende Beiträge vom Bund;-1000000.0;-1600000.0;-120630.94;600000.0;-37.5;Dies ist das Gegenkonto zu Konto 2301.3707.00. Die entsprechende Erläuterung gilt deshalb auch für das Konto 2301.4700.00.;170
23;Baudepartement;2306;Raumplanung, Naturschutz, Bauinspektorat;;;3010.00;Löhne des Verwaltungs- und Betriebspersonals;2016900.0;1678600.0;1497610.7;338300.0;20.15;Erhöhung aufgrund vakanter und neuer Stellen.;170
23;Baudepartement;2306;Raumplanung, Naturschutz, Bauinspektorat;;;3010.95;Rückerstattungen Taggelder UV, EO, MSE, MV, IV für Verwaltungs- und Betriebspersonal;;;-2836.25;;;;170
23;Baudepartement;2306;Raumplanung, Naturschutz, Bauinspektorat;;;3049.00;Übrige Zulagen;700.0;700.0;;;;;170
23;Baudepartement;2306;Raumplanung, Naturschutz, Bauinspektorat;;;3050.00;AG-Beiträge AHV, IV, EO, ALV, Verwaltungskosten;131100.0;109100.0;96677.65;22000.0;20.16;Erhöhung aufgrund vakanter und neuer Stellen.;170
23;Baudepartement;2306;Raumplanung, Naturschutz, Bauinspektorat;;;3052.00;AG-Beiträge an Pensionskassen;223900.0;224300.0;204933.5;-400.0;-0.18;;170
23;Baudepartement;2306;Raumplanung, Naturschutz, Bauinspektorat;;;3053.00;AG-Beiträge an Unfallversicherungen;12600.0;13800.0;9819.85;-1200.0;-8.7;;170
23;Baudepartement;2306;Raumplanung, Naturschutz, Bauinspektorat;;;3054.00;AG-Beiträge an Familienzulagekassen;24200.0;21800.0;19379.2;2400.0;11.01;;170
23;Baudepartement;2306;Raumplanung, Naturschutz, Bauinspektorat;;;3059.10;AG-Beiträge Sozialfonds;1600.0;1300.0;1177.5;300.0;23.08;;170
23;Baudepartement;2306;Raumplanung, Naturschutz, Bauinspektorat;;;3064.00;Überbrückungsrenten;;;18150.0;;;;170
23;Baudepartement;2306;Raumplanung, Naturschutz, Bauinspektorat;;;3091.00;Personalwerbung;5000.0;5000.0;130.0;;;;170
23;Baudepartement;2306;Raumplanung, Naturschutz, Bauinspektorat;;;3099.00;Übriger Personalaufwand;8400.0;7800.0;6283.05;600.0;7.69;;170
23;Baudepartement;2306;Raumplanung, Naturschutz, Bauinspektorat;;;3100.00;Büromaterial;4000.0;6000.0;3964.09;-2000.0;-33.33;;170
23;Baudepartement;2306;Raumplanung, Naturschutz, Bauinspektorat;;;3101.00;Betriebs- und Verbrauchsmaterial;500.0;;495.4;500.0;;;170
23;Baudepartement;2306;Raumplanung, Naturschutz, Bauinspektorat;;;3102.00;Drucksachen, Publikationen;100.0;5000.0;56.9;-4900.0;-98.0;;170
23;Baudepartement;2306;Raumplanung, Naturschutz, Bauinspektorat;;;3103.00;Fachliteratur, Zeitschriften;1100.0;2000.0;1102.8;-900.0;-45.0;;170
23;Baudepartement;2306;Raumplanung, Naturschutz, Bauinspektorat;;;3109.00;Übriger Material- und Warenaufwand;100.0;;69.89;100.0;;;170
23;Baudepartement;2306;Raumplanung, Naturschutz, Bauinspektorat;;;3110.00;Büromöbel und -geräte;200.0;;212.85;200.0;;;170
23;Baudepartement;2306;Raumplanung, Naturschutz, Bauinspektorat;;;3111.00;Maschinen, Geräte und Fahrzeuge;6000.0;5000.0;6032.9;1000.0;20.0;;170
23;Baudepartement;2306;Raumplanung, Naturschutz, Bauinspektorat;;;3113.00;Hardware;8900.0;8000.0;8924.45;900.0;11.25;;170
23;Baudepartement;2306;Raumplanung, Naturschutz, Bauinspektorat;;;3118.00;Immaterielle Anlagen;36600.0;50000.0;2863.15;-13400.0;-26.8;Senkung aufgrund Wegfall FME-Form (Software für Geodatenaustausch), sowie Anpassung Finanzplan VK IT- Projekt «GEVER».;171
23;Baudepartement;2306;Raumplanung, Naturschutz, Bauinspektorat;;;3130.00;Dienstleistungen Dritter;740900.0;619000.0;524168.8;121900.0;19.69;Erhöhung aufgrund eines neuen Verpflichtungskredites oder Zusatzkredites sowie Anpassung bestehender Verpflichtungskredite.;171
23;Baudepartement;2306;Raumplanung, Naturschutz, Bauinspektorat;;;3132.00;Honorare externe Berater, Gutachter, Fachexperten etc.;2800.0;12000.0;2834.3;-9200.0;-76.67;;171
23;Baudepartement;2306;Raumplanung, Naturschutz, Bauinspektorat;;;3133.00;Informatik-Nutzungsaufwand;195100.0;103500.0;84285.85;91600.0;88.5;Erhöhung aufgrund vakanter und neuer Stellen sowie zwei IT-Projekten zur Einführung der Geschäftsverwaltung im Amt.;171
23;Baudepartement;2306;Raumplanung, Naturschutz, Bauinspektorat;;;3134.00;Sachversicherungsprämien;300.0;500.0;317.86;-200.0;-40.0;;171
23;Baudepartement;2306;Raumplanung, Naturschutz, Bauinspektorat;;;3158.00;Unterhalt immaterielle Anlagen;8800.0;9100.0;8765.75;-300.0;-3.3;;171
23;Baudepartement;2306;Raumplanung, Naturschutz, Bauinspektorat;;;3160.00;Mieten und Pachten Liegenschaften;700.0;1000.0;730.0;-300.0;-30.0;;171
23;Baudepartement;2306;Raumplanung, Naturschutz, Bauinspektorat;;;3161.00;Mieten, Benützungskosten Anlagen;2100.0;5000.0;2100.0;-2900.0;-58.0;;171
23;Baudepartement;2306;Raumplanung, Naturschutz, Bauinspektorat;;;3170.00;Reisekosten und Spesen;11400.0;12000.0;11408.0;-600.0;-5.0;;171
23;Baudepartement;2306;Raumplanung, Naturschutz, Bauinspektorat;;;3181.00;Tatsächliche Forderungsverluste;600.0;;550.0;600.0;;;171
23;Baudepartement;2306;Raumplanung, Naturschutz, Bauinspektorat;;;3199.00;Übriger Betriebsaufwand;4600.0;8000.0;4574.15;-3400.0;-42.5;;171
23;Baudepartement;2306;Raumplanung, Naturschutz, Bauinspektorat;;;3611.00;Entschädigungen an Kantone und Konkordate;35000.0;35000.0;30000.0;;;;171
23;Baudepartement;2306;Raumplanung, Naturschutz, Bauinspektorat;;;3612.10;Entschädigungen an innerkantonale Gemeinden und Gemeindezweckverbände;;;112974.4;;;;171
23;Baudepartement;2306;Raumplanung, Naturschutz, Bauinspektorat;;;3631.00;Beiträge an Kantone und Konkordate;14000.0;14000.0;16649.0;;;;171
23;Baudepartement;2306;Raumplanung, Naturschutz, Bauinspektorat;;;3634.00;Beiträge an öffentliche Unternehmungen;;;420.0;;;;171
23;Baudepartement;2306;Raumplanung, Naturschutz, Bauinspektorat;;;3635.00;Beiträge an private Unternehmungen;;;285.4;;;;171
23;Baudepartement;2306;Raumplanung, Naturschutz, Bauinspektorat;;;3636.00;Beiträge an private Organisationen ohne Erwerbszweck;1500.0;1500.0;1450.0;;;;171
23;Baudepartement;2306;Raumplanung, Naturschutz, Bauinspektorat;;;3910.00;IV Dienstleistungen;;;31.0;;;;171
23;Baudepartement;2306;Raumplanung, Naturschutz, Bauinspektorat;;;3980.00;Übertragungen;800000.0;800000.0;800000.0;;;;171
23;Baudepartement;2306;Raumplanung, Naturschutz, Bauinspektorat;;;4210.00;Gebühren für Amtshandlungen;-400000.0;-400000.0;-328620.0;;;;171
23;Baudepartement;2306;Raumplanung, Naturschutz, Bauinspektorat;;;4270.00;Bussen;-6000.0;-6000.0;-7800.0;;;;171
23;Baudepartement;2306;Raumplanung, Naturschutz, Bauinspektorat;;;4612.10;Entschädigungen von innerkantonalen Gemeinden und Gemeindezweckverbänden;-3000.0;-3000.0;;;;;171
23;Baudepartement;2306;Raumplanung, Naturschutz, Bauinspektorat;;;4630.00;Beiträge vom Bund;-90000.0;-89000.0;-94539.73;-1000.0;1.12;;171
23;Baudepartement;2306;Raumplanung, Naturschutz, Bauinspektorat;;;4638.00;Beiträge aus dem Ausland;;;-18030.5;;;;171
23;Baudepartement;2308;Sachaufwand Naturschutz;;;3010.00;Löhne des Verwaltungs- und Betriebspersonals;60000.0;60200.0;20425.6;-200.0;-0.33;;172
23;Baudepartement;2308;Sachaufwand Naturschutz;;;3050.00;AG-Beiträge AHV, IV, EO, ALV, Verwaltungskosten;3900.0;3900.0;1328.4;;;;172
23;Baudepartement;2308;Sachaufwand Naturschutz;;;3052.00;AG-Beiträge an Pensionskassen;6700.0;8000.0;1142.95;-1300.0;-16.25;;172
23;Baudepartement;2308;Sachaufwand Naturschutz;;;3053.00;AG-Beiträge an Unfallversicherungen;400.0;300.0;-88.5;100.0;33.33;;172
23;Baudepartement;2308;Sachaufwand Naturschutz;;;3054.00;AG-Beiträge an Familienzulagekassen;700.0;800.0;266.1;-100.0;-12.5;;172
23;Baudepartement;2308;Sachaufwand Naturschutz;;;3059.10;AG-Beiträge Sozialfonds;;;16.0;;;;172
23;Baudepartement;2308;Sachaufwand Naturschutz;;;3101.00;Betriebs- und Verbrauchsmaterial;5200.0;14000.0;5635.85;-8800.0;-62.86;;172
23;Baudepartement;2308;Sachaufwand Naturschutz;;;3102.00;Drucksachen, Publikationen;;7000.0;;-7000.0;-100.0;;172
23;Baudepartement;2308;Sachaufwand Naturschutz;;;3103.00;Fachliteratur, Zeitschriften;300.0;1000.0;268.8;-700.0;-70.0;;172
23;Baudepartement;2308;Sachaufwand Naturschutz;;;3111.00;Maschinen, Geräte und Fahrzeuge;100.0;6000.0;141.05;-5900.0;-98.33;;172
23;Baudepartement;2308;Sachaufwand Naturschutz;;;3112.00;Kleider, Wäsche, Vorhänge;600.0;1000.0;624.05;-400.0;-40.0;;172
23;Baudepartement;2308;Sachaufwand Naturschutz;;;3118.00;Immaterielle Anlagen;45600.0;75000.0;;-29400.0;-39.2;Senkung aufgrund Anpassung Finanzplan VK IT-Projekt «Naturschutzportal».;172
23;Baudepartement;2308;Sachaufwand Naturschutz;;;3130.00;Dienstleistungen Dritter;5000.0;;;5000.0;;;172
23;Baudepartement;2308;Sachaufwand Naturschutz;;;3132.00;Honorare externe Berater, Gutachter, Fachexperten etc.;;10000.0;;-10000.0;-100.0;;172
23;Baudepartement;2308;Sachaufwand Naturschutz;;;3133.00;Informatik-Nutzungsaufwand;7200.0;7200.0;;;;;172
23;Baudepartement;2308;Sachaufwand Naturschutz;;;3137.00;Steuern und Abgaben;1700.0;1700.0;1670.0;;;;172
23;Baudepartement;2308;Sachaufwand Naturschutz;;;3140.00;Unterhalt Grundstücke;100000.0;110000.0;7331.0;-10000.0;-9.09;;172
23;Baudepartement;2308;Sachaufwand Naturschutz;;;3151.00;Unterhalt Maschinen, Geräte, Fahrzeuge;8900.0;15000.0;8890.2;-6100.0;-40.67;;172
23;Baudepartement;2308;Sachaufwand Naturschutz;;;3161.00;Mieten, Benützungskosten Anlagen;1000.0;;;1000.0;;;172
23;Baudepartement;2308;Sachaufwand Naturschutz;;;3611.00;Entschädigungen an Kantone und Konkordate;2000.0;2000.0;;;;;172
23;Baudepartement;2308;Sachaufwand Naturschutz;;;3612.10;Entschädigungen an innerkantonale Gemeinden und Gemeindezweckverbände;200000.0;200000.0;70596.3;;;;172
23;Baudepartement;2308;Sachaufwand Naturschutz;;;3630.00;Beiträge an den Bund;;;50.0;;;;172
23;Baudepartement;2308;Sachaufwand Naturschutz;;;3635.00;Beiträge an private Unternehmungen;360000.0;360000.0;311640.94;;;;172
23;Baudepartement;2308;Sachaufwand Naturschutz;;;3636.00;Beiträge an private Organisationen ohne Erwerbszweck;50000.0;50000.0;72720.59;;;;172
23;Baudepartement;2308;Sachaufwand Naturschutz;;;3637.00;Beiträge an private Haushalte;;;67.5;;;;172
23;Baudepartement;2308;Sachaufwand Naturschutz;;;3638.00;Beiträge an das Ausland;5000.0;5000.0;5920.0;;;;172
23;Baudepartement;2308;Sachaufwand Naturschutz;;;3702.10;Durchlaufende Beiträge an Gemeinden und Gemeindezweckverbände;350000.0;350000.0;86911.75;;;;172
23;Baudepartement;2308;Sachaufwand Naturschutz;;;3705.00;Durchlaufende Beiträge an private Unternehmungen;550000.0;550000.0;406223.13;;;;172
23;Baudepartement;2308;Sachaufwand Naturschutz;;;3706.00;Durchlaufende Beiträge an private Organisationen ohne Erwerbszweck;80000.0;80000.0;142947.2;;;;173
23;Baudepartement;2308;Sachaufwand Naturschutz;;;3707.00;Durchlaufende Beiträge an private Haushalte;60000.0;60000.0;2091.26;;;;173
23;Baudepartement;2308;Sachaufwand Naturschutz;;;3708.00;Durchlaufende Beiträge an das Ausland;20000.0;20000.0;;;;;173
23;Baudepartement;2308;Sachaufwand Naturschutz;;;3910.00;IV Dienstleistungen;;;2567.75;;;;173
23;Baudepartement;2308;Sachaufwand Naturschutz;;;4430.00;Pacht- und Mietzinse Liegenschaften FV;-1000.0;-1000.0;-948.5;;;;173
23;Baudepartement;2308;Sachaufwand Naturschutz;;;4610.00;Entschädigungen vom Bund;;;-12277.15;;;;173
23;Baudepartement;2308;Sachaufwand Naturschutz;;;4630.00;Beiträge vom Bund;;;-22948.97;;;;173
23;Baudepartement;2308;Sachaufwand Naturschutz;;;4700.00;Durchlaufende Beiträge vom Bund;-1060000.0;-1060000.0;-638173.34;;;;173
23;Baudepartement;2308;Sachaufwand Naturschutz;;;4910.00;IV Dienstleistungen;;;-4894.8;;;;173
23;Baudepartement;2320;Verwaltung und Projektierung TSH;;;3010.00;Löhne des Verwaltungs- und Betriebspersonals;2028800.0;1763700.0;1681844.15;265100.0;15.03;Basis: Lohnliste Personalamt, Erhöhung Stellenplan um 1.5 Stellen gemäss Antrag.;173
23;Baudepartement;2320;Verwaltung und Projektierung TSH;;;3050.00;AG-Beiträge AHV, IV, EO, ALV, Verwaltungskosten;113000.0;113600.0;108418.45;-600.0;-0.53;;173
23;Baudepartement;2320;Verwaltung und Projektierung TSH;;;3052.00;AG-Beiträge an Pensionskassen;276000.0;277300.0;250882.75;-1300.0;-0.47;;173
23;Baudepartement;2320;Verwaltung und Projektierung TSH;;;3053.00;AG-Beiträge an Unfallversicherungen;20300.0;15100.0;10140.85;5200.0;34.44;;173
23;Baudepartement;2320;Verwaltung und Projektierung TSH;;;3054.00;AG-Beiträge an Familienzulagekassen;22700.0;22800.0;21863.4;-100.0;-0.44;;173
23;Baudepartement;2320;Verwaltung und Projektierung TSH;;;3059.10;AG-Beiträge Sozialfonds;1300.0;1300.0;1281.55;;;;173
23;Baudepartement;2320;Verwaltung und Projektierung TSH;;;3099.00;Übriger Personalaufwand;15000.0;10000.0;13347.9;5000.0;50.0;;173
23;Baudepartement;2320;Verwaltung und Projektierung TSH;;;3100.00;Büromaterial;12100.0;10000.0;12097.55;2100.0;21.0;;173
23;Baudepartement;2320;Verwaltung und Projektierung TSH;;;3101.00;Betriebs- und Verbrauchsmaterial;;;4660.7;;;;173
23;Baudepartement;2320;Verwaltung und Projektierung TSH;;;3102.00;Drucksachen, Publikationen;;2000.0;;-2000.0;-100.0;;173
23;Baudepartement;2320;Verwaltung und Projektierung TSH;;;3103.00;Fachliteratur, Zeitschriften;11000.0;15000.0;10996.25;-4000.0;-26.67;;173
23;Baudepartement;2320;Verwaltung und Projektierung TSH;;;3110.00;Büromöbel und -geräte;;2000.0;;-2000.0;-100.0;;173
23;Baudepartement;2320;Verwaltung und Projektierung TSH;;;3111.00;Maschinen, Geräte und Fahrzeuge;;;391.25;;;;173
23;Baudepartement;2320;Verwaltung und Projektierung TSH;;;3113.00;Hardware;6100.0;8500.0;6094.95;-2400.0;-28.24;;173
23;Baudepartement;2320;Verwaltung und Projektierung TSH;;;3118.00;Immaterielle Anlagen;3200.0;5000.0;3150.71;-1800.0;-36.0;;173
23;Baudepartement;2320;Verwaltung und Projektierung TSH;;;3130.00;Dienstleistungen Dritter;80700.0;75000.0;80692.46;5700.0;7.6;;173
23;Baudepartement;2320;Verwaltung und Projektierung TSH;;;3131.00;Planungen und Projektierungen Dritter;1245300.0;1540000.0;1386547.73;-294700.0;-19.14;Planungen bis zur Kreditbewilligung von Projekten werden in der Erfolgsrechnung verbucht: Fr. 75'000 Agglomerationsprogramm 6.;173
23;Baudepartement;2320;Verwaltung und Projektierung TSH;;;3132.00;Honorare externe Berater, Gutachter, Fachexperten etc.;;10000.0;;-10000.0;-100.0;;174
23;Baudepartement;2320;Verwaltung und Projektierung TSH;;;3133.00;Informatik-Nutzungsaufwand;117900.0;135400.0;125651.15;-17500.0;-12.92;Reduktion Sachaufwand gemäss Budgetangabe ITSH.;174
23;Baudepartement;2320;Verwaltung und Projektierung TSH;;;3134.00;Sachversicherungsprämien;;1000.0;44.5;-1000.0;-100.0;;174
23;Baudepartement;2320;Verwaltung und Projektierung TSH;;;3137.00;Steuern und Abgaben;81100.0;82700.0;81124.75;-1600.0;-1.93;;174
23;Baudepartement;2320;Verwaltung und Projektierung TSH;;;3151.00;Unterhalt Maschinen, Geräte, Fahrzeuge;7600.0;10000.0;7590.52;-2400.0;-24.0;;174
23;Baudepartement;2320;Verwaltung und Projektierung TSH;;;3158.00;Unterhalt immaterielle Anlagen;27300.0;26000.0;27294.55;1300.0;5.0;;174
23;Baudepartement;2320;Verwaltung und Projektierung TSH;;;3161.00;Mieten, Benützungskosten Anlagen;;10000.0;;-10000.0;-100.0;;174
23;Baudepartement;2320;Verwaltung und Projektierung TSH;;;3170.00;Reisekosten und Spesen;8500.0;12000.0;8462.05;-3500.0;-29.17;;174
23;Baudepartement;2320;Verwaltung und Projektierung TSH;;;3199.00;Übriger Betriebsaufwand;10000.0;10000.0;28473.05;;;;174
23;Baudepartement;2320;Verwaltung und Projektierung TSH;;;3610.00;Entschädigungen an Bund;;40000.0;;-40000.0;-100.0;Im Rahmen des Nationalstrassenprojekts waren Leistungen des Bundes für den Kanton und die Stadt Schaffhausen geplant, die aufgrund des Volksentscheids zum Nationalstrassenausbau A4 nicht in Anspruch genommen werden müssen.;174
23;Baudepartement;2320;Verwaltung und Projektierung TSH;;;3612.10;Entschädigungen an innerkantonale Gemeinden und Gemeindezweckverbände;;25000.0;;-25000.0;-100.0;Es werden keine Leistungen der Stadt Schaffhausen mehr rückvergütet (Planung Flankierende Massnahmen zum Fäsenstaubtunnel II), da die Planungen bereits abgeschlossen sind.;175
23;Baudepartement;2320;Verwaltung und Projektierung TSH;;;3702.10;Durchlaufende Beiträge an Gemeinden und Gemeindezweckverbände;50000.0;50000.0;36973.1;;;;175
23;Baudepartement;2320;Verwaltung und Projektierung TSH;;;3910.00;IV Dienstleistungen;1500.0;1500.0;10236.24;;;;175
23;Baudepartement;2320;Verwaltung und Projektierung TSH;;;3930.00;IV Betriebs- und Verwaltungskosten;3000.0;3000.0;;;;;175
23;Baudepartement;2320;Verwaltung und Projektierung TSH;;;4250.00;Verkäufe;-1000.0;-1000.0;;;;;175
23;Baudepartement;2320;Verwaltung und Projektierung TSH;;;4309.00;Übrige betriebliche Erträge;-1000.0;-1000.0;-5190.05;;;;175
23;Baudepartement;2320;Verwaltung und Projektierung TSH;;;4610.00;Entschädigungen vom Bund;-30000.0;-15000.0;-30204.5;-15000.0;100.0;Weniger Beiträge des Bundes an Lärmschutzmassnahmen (geringerer Leistungsumfang).;175
23;Baudepartement;2320;Verwaltung und Projektierung TSH;;;4612.10;Entschädigungen von innerkantonalen Gemeinden und Gemeindezweckverbänden;-1400000.0;-1500000.0;-1398593.85;100000.0;-6.67;Anpassung aufgrund der Erfahrungen aus den Vorjahren.;175
23;Baudepartement;2320;Verwaltung und Projektierung TSH;;;4700.00;Durchlaufende Beiträge vom Bund;-50000.0;-50000.0;-36973.1;;;;175
23;Baudepartement;2320;Verwaltung und Projektierung TSH;;;4930.00;IV Betriebs- und Verwaltungskosten;-15000.0;-15000.0;-19607.98;;;;175
23;Baudepartement;2320;Verwaltung und Projektierung TSH;;;4980.00;Übertragungen;-2645400.0;-2683200.0;-2427691.08;37800.0;-1.41;Ausgleich der Finanzstelle über den Fonds für den Bau, Betrieb und Unterhalt der Kantonsstrassen.;175
23;Baudepartement;2322;Unterhaltsdienst und Strassenerhaltung;;;3010.00;Löhne des Verwaltungs- und Betriebspersonals;4367700.0;4403200.0;4323665.55;-35500.0;-0.81;Basis: Lohnliste Personalamt.;175
23;Baudepartement;2322;Unterhaltsdienst und Strassenerhaltung;;;3010.95;Rückerstattungen Taggelder UV, EO, MSE, MV, IV für Verwaltungs- und Betriebspersonal;-25500.0;-40000.0;-25532.9;14500.0;-36.25;Basis: Rechnung 2025.;175
23;Baudepartement;2322;Unterhaltsdienst und Strassenerhaltung;;;3050.00;AG-Beiträge AHV, IV, EO, ALV, Verwaltungskosten;282700.0;284500.0;279361.7;-1800.0;-0.63;;175
23;Baudepartement;2322;Unterhaltsdienst und Strassenerhaltung;;;3052.00;AG-Beiträge an Pensionskassen;598600.0;602300.0;575034.85;-3700.0;-0.61;;175
23;Baudepartement;2322;Unterhaltsdienst und Strassenerhaltung;;;3053.00;AG-Beiträge an Unfallversicherungen;109900.0;113700.0;98178.55;-3800.0;-3.34;;175
23;Baudepartement;2322;Unterhaltsdienst und Strassenerhaltung;;;3054.00;AG-Beiträge an Familienzulagekassen;56600.0;57000.0;55959.05;-400.0;-0.7;;175
23;Baudepartement;2322;Unterhaltsdienst und Strassenerhaltung;;;3059.10;AG-Beiträge Sozialfonds;3500.0;3500.0;3409.0;;;;175
23;Baudepartement;2322;Unterhaltsdienst und Strassenerhaltung;;;3099.00;Übriger Personalaufwand;15500.0;15500.0;12990.6;;;;175
23;Baudepartement;2322;Unterhaltsdienst und Strassenerhaltung;;;3100.00;Büromaterial;;;39.01;;;;175
23;Baudepartement;2322;Unterhaltsdienst und Strassenerhaltung;;;3101.00;Betriebs- und Verbrauchsmaterial;427100.0;640000.0;427102.26;-212900.0;-33.27;Basis: Rechnung 2025, geringer Aufwand für Betriebsmittel Winterdienst.;175
23;Baudepartement;2322;Unterhaltsdienst und Strassenerhaltung;;;3103.00;Fachliteratur, Zeitschriften;1000.0;2500.0;958.4;-1500.0;-60.0;;176
23;Baudepartement;2322;Unterhaltsdienst und Strassenerhaltung;;;3111.00;Maschinen, Geräte und Fahrzeuge;285000.0;220000.0;307755.59;65000.0;29.55;"Fr. 45'000 Ersatz Tiguan 2018/195'000 km; Fr. 45'000 Ersatz Tiguan 2018/220'000 km; Fr. 60'000 Ersatz VWT5 2017/145'000 km; Fr. 70'000 Ersatz VW T6 2017/150'000 km, Fr. 65'000 Ersatz Salzstreuer MB Acros. Übertrag Fr. 22'800 an Konto 2322.3141.00.";176
23;Baudepartement;2322;Unterhaltsdienst und Strassenerhaltung;;;3112.00;Kleider, Wäsche, Vorhänge;49300.0;58000.0;49250.88;-8700.0;-15.0;;176
23;Baudepartement;2322;Unterhaltsdienst und Strassenerhaltung;;;3113.00;Hardware;1900.0;3000.0;1889.0;-1100.0;-36.67;;176
23;Baudepartement;2322;Unterhaltsdienst und Strassenerhaltung;;;3119.00;Übrige nicht aktivierbare Anlagen;152200.0;180000.0;152181.73;-27800.0;-15.44;Basis: Rechnung 2025, weniger baulicher Unterhalt der Werkhofanlagen wie im Vorjahr.;176
23;Baudepartement;2322;Unterhaltsdienst und Strassenerhaltung;;;3120.00;Ver- und Entsorgung Liegenschaften VV;133500.0;130000.0;133494.22;3500.0;2.69;;176
23;Baudepartement;2322;Unterhaltsdienst und Strassenerhaltung;;;3130.00;Dienstleistungen Dritter;95300.0;140000.0;95342.73;-44700.0;-31.93;Basis: Rechnung 2025, weniger Dienstleistungen durch Dritte wie im Vorjahr.;176
23;Baudepartement;2322;Unterhaltsdienst und Strassenerhaltung;;;3133.00;Informatik-Nutzungsaufwand;95500.0;88200.0;85647.8;7300.0;8.28;;176
23;Baudepartement;2322;Unterhaltsdienst und Strassenerhaltung;;;3134.00;Sachversicherungsprämien;500.0;20000.0;489.55;-19500.0;-97.5;Basis: Rechnung 2025.;176
23;Baudepartement;2322;Unterhaltsdienst und Strassenerhaltung;;;3137.00;Steuern und Abgaben;311800.0;347100.0;311830.95;-35300.0;-10.17;Basis: Rechnung 2025. Abführung der Mehrwertsteuer.;176
23;Baudepartement;2322;Unterhaltsdienst und Strassenerhaltung;;;3141.00;Unterhalt Strassen;3513400.0;3695000.0;3490625.65;-181600.0;-4.91;Basis: Rechnung 2025, geringerer Betriebsaufwand an den Kantonsstrassen wie im Vorjahr.;176
23;Baudepartement;2322;Unterhaltsdienst und Strassenerhaltung;;;3144.00;Unterhalt Hochbauten, Gebäude;208900.0;220000.0;208873.1;-11100.0;-5.05;;176
23;Baudepartement;2322;Unterhaltsdienst und Strassenerhaltung;;;3151.00;Unterhalt Maschinen, Geräte, Fahrzeuge;347800.0;500000.0;347830.42;-152200.0;-30.44;Basis: Rechnung 2025, geringerer Aufwand für den Unterhalt von Fahrzeugen und Geräten wie im Vorjahr.;176
23;Baudepartement;2322;Unterhaltsdienst und Strassenerhaltung;;;3158.00;Unterhalt immaterielle Anlagen;600.0;4800.0;600.0;-4200.0;-87.5;;176
23;Baudepartement;2322;Unterhaltsdienst und Strassenerhaltung;;;3160.00;Mieten und Pachten Liegenschaften;1800.0;2000.0;1800.0;-200.0;-10.0;;176
23;Baudepartement;2322;Unterhaltsdienst und Strassenerhaltung;;;3161.00;Mieten, Benützungskosten Anlagen;2100.0;14300.0;2133.2;-12200.0;-85.31;ITSH rechnet die Mieten für Hardware nicht mehr über dieses Konto ab.;176
23;Baudepartement;2322;Unterhaltsdienst und Strassenerhaltung;;;3170.00;Reisekosten und Spesen;18000.0;20000.0;17963.65;-2000.0;-10.0;;176
23;Baudepartement;2322;Unterhaltsdienst und Strassenerhaltung;;;3181.00;Tatsächliche Forderungsverluste;1500.0;;1500.0;1500.0;;;176
23;Baudepartement;2322;Unterhaltsdienst und Strassenerhaltung;;;3199.00;Übriger Betriebsaufwand;8400.0;5000.0;8360.7;3400.0;68.0;;176
23;Baudepartement;2322;Unterhaltsdienst und Strassenerhaltung;;;3910.00;IV Dienstleistungen;53200.0;52100.0;59066.17;1100.0;2.11;;176
23;Baudepartement;2322;Unterhaltsdienst und Strassenerhaltung;;;3920.00;IV Pacht, Mieten Benützungskosten;1000.0;1000.0;;;;;177
23;Baudepartement;2322;Unterhaltsdienst und Strassenerhaltung;;;4240.00;Benützungsgebühren und Dienstleistungen;;;-2916.0;;;;177
23;Baudepartement;2322;Unterhaltsdienst und Strassenerhaltung;;;4250.00;Verkäufe;-155400.0;-200000.0;-155421.9;44600.0;-22.3;Keine Verkäufe von Grossfahrzeugen geplant, weniger Treibstoffverkäufe.;177
23;Baudepartement;2322;Unterhaltsdienst und Strassenerhaltung;;;4309.00;Übrige betriebliche Erträge;-100000.0;-100000.0;-91269.98;;;;177
23;Baudepartement;2322;Unterhaltsdienst und Strassenerhaltung;;;4470.00;Pacht- und Mietzinse Liegenschaften VV;-50000.0;-50000.0;-45053.05;;;;177
23;Baudepartement;2322;Unterhaltsdienst und Strassenerhaltung;;;4479.00;Übrige Erträge Liegenschaften VV;-50000.0;-3000.0;-49788.65;-47000.0;1566.67;Mehrerträge aus Strom- und Wärmelieferungen an die Entsorgung der Stadt Schaffhausen und SH Power.;177
23;Baudepartement;2322;Unterhaltsdienst und Strassenerhaltung;;;4611.00;Entschädigungen von Kantonen und Konkordaten;-2439000.0;-2439000.0;-2446937.25;;;;177
23;Baudepartement;2322;Unterhaltsdienst und Strassenerhaltung;;;4612.10;Entschädigungen von innerkantonalen Gemeinden und Gemeindezweckverbänden;-4650000.0;-4650000.0;-4247231.45;;;;177
23;Baudepartement;2322;Unterhaltsdienst und Strassenerhaltung;;;4630.00;Beiträge vom Bund;-772000.0;-788000.0;-771126.0;16000.0;-2.03;;177
23;Baudepartement;2322;Unterhaltsdienst und Strassenerhaltung;;;4900.00;IV Material- und Warenbezüge;-56300.0;-56300.0;-41432.1;;;;177
23;Baudepartement;2322;Unterhaltsdienst und Strassenerhaltung;;;4910.00;IV Dienstleistungen;-74000.0;-89500.0;-94664.87;15500.0;-17.32;;177
23;Baudepartement;2322;Unterhaltsdienst und Strassenerhaltung;;;4930.00;IV Betriebs- und Verwaltungskosten;-340000.0;-308000.0;-347241.05;-32000.0;10.39;;177
23;Baudepartement;2322;Unterhaltsdienst und Strassenerhaltung;;;4980.00;Übertragungen;-2432100.0;-3062800.0;-2734719.11;630700.0;-20.59;Ausgleich der Finanzstelle über den Fonds für den Bau, Betrieb und Unterhalt der Kantonsstrassen.;177
23;Baudepartement;2324;Abschreibungen/Beiträge Strassenbau;;;3300.10;Planmässige Abschreibungen Tiefbauten;3961500.0;3965400.0;3575888.0;-3900.0;-0.1;;177
23;Baudepartement;2324;Abschreibungen/Beiträge Strassenbau;;;3300.40;Planmässige Abschreibungen Hochbauten;569700.0;530100.0;442152.0;39600.0;7.47;;177
23;Baudepartement;2324;Abschreibungen/Beiträge Strassenbau;;;3300.60;Planmässige Abschreibungen Mobilien;717600.0;746600.0;576667.0;-29000.0;-3.88;;177
23;Baudepartement;2324;Abschreibungen/Beiträge Strassenbau;;;3660.20;Planmässige Abschreibungen Invest.beiträge an Gemeinden;218600.0;143600.0;89373.0;75000.0;52.23;;177
23;Baudepartement;2324;Abschreibungen/Beiträge Strassenbau;;;4893.00;Entnahmen aus Vorfinanzierungen des EK;-115500.0;-115500.0;-115500.0;;;;177
23;Baudepartement;2324;Abschreibungen/Beiträge Strassenbau;;;4980.00;Übertragungen;-5351900.0;-5270200.0;-4568580.0;-81700.0;1.55;;177
23;Baudepartement;2326;Wasserbau;;;3010.00;Löhne des Verwaltungs- und Betriebspersonals;745800.0;781400.0;649306.65;-35600.0;-4.56;Basis: Lohnliste Personalamt.;177
23;Baudepartement;2326;Wasserbau;;;3010.95;Rückerstattungen Taggelder UV, EO, MSE, MV, IV für Verwaltungs- und Betriebspersonal;;;-5281.45;;;;177
23;Baudepartement;2326;Wasserbau;;;3050.00;AG-Beiträge AHV, IV, EO, ALV, Verwaltungskosten;48500.0;49300.0;40596.75;-800.0;-1.62;;177
23;Baudepartement;2326;Wasserbau;;;3052.00;AG-Beiträge an Pensionskassen;82800.0;108500.0;87651.05;-25700.0;-23.69;Basis: Lohnliste Personalamt.;177
23;Baudepartement;2326;Wasserbau;;;3053.00;AG-Beiträge an Unfallversicherungen;7500.0;6900.0;3852.1;600.0;8.7;;178
23;Baudepartement;2326;Wasserbau;;;3054.00;AG-Beiträge an Familienzulagekassen;9800.0;9900.0;8152.75;-100.0;-1.01;;178
23;Baudepartement;2326;Wasserbau;;;3059.10;AG-Beiträge Sozialfonds;600.0;600.0;490.25;;;;178
23;Baudepartement;2326;Wasserbau;;;3099.00;Übriger Personalaufwand;2000.0;2000.0;480.0;;;;178
23;Baudepartement;2326;Wasserbau;;;3100.00;Büromaterial;;;40.0;;;;178
23;Baudepartement;2326;Wasserbau;;;3101.00;Betriebs- und Verbrauchsmaterial;200.0;1000.0;175.4;-800.0;-80.0;;178
23;Baudepartement;2326;Wasserbau;;;3103.00;Fachliteratur, Zeitschriften;600.0;1000.0;595.28;-400.0;-40.0;;178
23;Baudepartement;2326;Wasserbau;;;3111.00;Maschinen, Geräte und Fahrzeuge;1800.0;1000.0;1785.0;800.0;80.0;;178
23;Baudepartement;2326;Wasserbau;;;3113.00;Hardware;2500.0;3000.0;2458.55;-500.0;-16.67;;178
23;Baudepartement;2326;Wasserbau;;;3130.00;Dienstleistungen Dritter;9800.0;10000.0;9834.45;-200.0;-2.0;;178
23;Baudepartement;2326;Wasserbau;;;3131.00;Planungen und Projektierungen Dritter;370000.0;620000.0;120331.1;-250000.0;-40.32;Überarbeitung Gefahrenkarte (Fr. 200'000), Projektentwicklungen Hochwasserschutz und Revitalisierungen an Rhein, Biber und Wutach (Fr. 70'000), Grundlagenstudien Grundwasser und Naturgefahren (Fr. 100'000).;178
23;Baudepartement;2326;Wasserbau;;;3132.00;Honorare externe Berater, Gutachter, Fachexperten etc.;165700.0;300000.0;185128.28;-134300.0;-44.77;Planung Heimfall Rheinfallkraftwerk Neuhausen.;178
23;Baudepartement;2326;Wasserbau;;;3133.00;Informatik-Nutzungsaufwand;34800.0;29300.0;29531.1;5500.0;18.77;;178
23;Baudepartement;2326;Wasserbau;;;3134.00;Sachversicherungsprämien;800.0;1000.0;779.82;-200.0;-20.0;;178
23;Baudepartement;2326;Wasserbau;;;3137.00;Steuern und Abgaben;13500.0;11000.0;13474.15;2500.0;22.73;;178
23;Baudepartement;2326;Wasserbau;;;3142.00;Unterhalt Wasserbau;400000.0;820000.0;206560.48;-420000.0;-51.22;Basis Rechnung 2025: geringerer Unterhaltsaufwand wie im Vorjahr.;178
23;Baudepartement;2326;Wasserbau;;;3151.00;Unterhalt Maschinen, Geräte, Fahrzeuge;;3000.0;;-3000.0;-100.0;;178
23;Baudepartement;2326;Wasserbau;;;3158.00;Unterhalt immaterielle Anlagen;;4600.0;;-4600.0;-100.0;;178
23;Baudepartement;2326;Wasserbau;;;3161.00;Mieten, Benützungskosten Anlagen;;8000.0;;-8000.0;-100.0;;178
23;Baudepartement;2326;Wasserbau;;;3170.00;Reisekosten und Spesen;5400.0;3000.0;5380.6;2400.0;80.0;;178
23;Baudepartement;2326;Wasserbau;;;3199.00;Übriger Betriebsaufwand;5100.0;1000.0;5060.0;4100.0;410.0;;178
23;Baudepartement;2326;Wasserbau;;;3300.10;Planmässige Abschreibungen Tiefbauten;3000.0;3000.0;2979.0;;;;178
23;Baudepartement;2326;Wasserbau;;;3630.00;Beiträge an den Bund;35000.0;35000.0;22591.55;;;;178
23;Baudepartement;2326;Wasserbau;;;3632.10;Beiträge an innerkantonale Gemeinden und Gemeindezweckverbände;360000.0;360000.0;-41551.91;;;;178
23;Baudepartement;2326;Wasserbau;;;3660.20;Planmässige Abschreibungen Invest.beiträge an Gemeinden;11200.0;11200.0;11153.0;;;;178
23;Baudepartement;2326;Wasserbau;;;3702.10;Durchlaufende Beiträge an Gemeinden und Gemeindezweckverbände;885000.0;885000.0;851143.68;;;;179
23;Baudepartement;2326;Wasserbau;;;3910.00;IV Dienstleistungen;50000.0;50000.0;65816.28;;;;179
23;Baudepartement;2326;Wasserbau;;;4120.00;Konzessionen;-4543000.0;-4543000.0;-3965608.81;;;;179
23;Baudepartement;2326;Wasserbau;;;4260.00;Rückerstattungen und Kostenbeteiligungen Dritter;;;-7471.1;;;;179
23;Baudepartement;2326;Wasserbau;;;4309.00;Übrige betriebliche Erträge;-8600.0;-8600.0;-2206.8;;;;179
23;Baudepartement;2326;Wasserbau;;;4470.00;Pacht- und Mietzinse Liegenschaften VV;-7200.0;-7200.0;-7077.0;;;;179
23;Baudepartement;2326;Wasserbau;;;4610.00;Entschädigungen vom Bund;-2100.0;-32100.0;;30000.0;-93.46;Keine Leistungen für den Bund geplant.;179
23;Baudepartement;2326;Wasserbau;;;4612.10;Entschädigungen von innerkantonalen Gemeinden und Gemeindezweckverbänden;-212000.0;-225000.0;-212022.05;13000.0;-5.78;;179
23;Baudepartement;2326;Wasserbau;;;4700.00;Durchlaufende Beiträge vom Bund;-885000.0;-885000.0;-851143.68;;;;179
23;Baudepartement;2326;Wasserbau;;;4930.00;IV Betriebs- und Verwaltungskosten;-58000.0;-58000.0;-62110.77;;;;179
23;Baudepartement;2330;Verwaltung (Hochbau);;;3010.00;Löhne des Verwaltungs- und Betriebspersonals;2422900.0;2438500.0;2413659.9;-15600.0;-0.64;;179
23;Baudepartement;2330;Verwaltung (Hochbau);;;3010.95;Rückerstattungen Taggelder UV, EO, MSE, MV, IV für Verwaltungs- und Betriebspersonal;;;-3277.1;;;;179
23;Baudepartement;2330;Verwaltung (Hochbau);;;3050.00;AG-Beiträge AHV, IV, EO, ALV, Verwaltungskosten;157500.0;158500.0;156174.3;-1000.0;-0.63;;179
23;Baudepartement;2330;Verwaltung (Hochbau);;;3052.00;AG-Beiträge an Pensionskassen;268900.0;325800.0;325233.15;-56900.0;-17.46;;179
23;Baudepartement;2330;Verwaltung (Hochbau);;;3053.00;AG-Beiträge an Unfallversicherungen;36900.0;38100.0;22426.65;-1200.0;-3.15;;179
23;Baudepartement;2330;Verwaltung (Hochbau);;;3054.00;AG-Beiträge an Familienzulagekassen;29100.0;31700.0;31287.6;-2600.0;-8.2;;179
23;Baudepartement;2330;Verwaltung (Hochbau);;;3059.10;AG-Beiträge Sozialfonds;1900.0;1900.0;1905.1;;;;179
23;Baudepartement;2330;Verwaltung (Hochbau);;;3099.00;Übriger Personalaufwand;2500.0;2500.0;7269.8;;;;179
23;Baudepartement;2330;Verwaltung (Hochbau);;;3100.00;Büromaterial;7100.0;9000.0;7053.43;-1900.0;-21.11;;179
23;Baudepartement;2330;Verwaltung (Hochbau);;;3101.00;Betriebs- und Verbrauchsmaterial;400.0;1000.0;374.75;-600.0;-60.0;;179
23;Baudepartement;2330;Verwaltung (Hochbau);;;3102.00;Drucksachen, Publikationen;5700.0;3000.0;5737.2;2700.0;90.0;;179
23;Baudepartement;2330;Verwaltung (Hochbau);;;3103.00;Fachliteratur, Zeitschriften;4500.0;4500.0;3579.35;;;;179
23;Baudepartement;2330;Verwaltung (Hochbau);;;3111.00;Maschinen, Geräte und Fahrzeuge;49100.0;20000.0;49120.76;29100.0;145.5;Beschaffung eines zusätzlichen Elektrofahrzeugs zur Deckung des gestiegenen Bedarfs an dienstlichen Fahrten. Aufgrund der Zunahme von Aussenstandorten müssen Mitarbeitende des Hochbauamts vermehrt private Fahrzeuge für dienstliche Einsätze nutzen.;179
23;Baudepartement;2330;Verwaltung (Hochbau);;;3112.00;Kleider, Wäsche, Vorhänge;5000.0;5000.0;6104.15;;;;180
23;Baudepartement;2330;Verwaltung (Hochbau);;;3113.00;Hardware;9000.0;9000.0;9020.7;;;;180
23;Baudepartement;2330;Verwaltung (Hochbau);;;3118.00;Immaterielle Anlagen;3000.0;3000.0;9256.3;;;;180
23;Baudepartement;2330;Verwaltung (Hochbau);;;3130.00;Dienstleistungen Dritter;12700.0;12700.0;14801.75;;;;180
23;Baudepartement;2330;Verwaltung (Hochbau);;;3133.00;Informatik-Nutzungsaufwand;135500.0;117600.0;113318.95;17900.0;15.22;Die Kosten für die Anmietung der Drucker werden neu über das Konto 2330.3133.00 verbucht. Bisher erfolgte die Verbuchung über das Konto 2330.3161.00. Zudem mussten im Hinblick auf die Einführung von Microsoft 365 ältere Notebooks und Mini-PCs durch neue Notebooks ersetzt werden.;180
23;Baudepartement;2330;Verwaltung (Hochbau);;;3151.00;Unterhalt Maschinen, Geräte, Fahrzeuge;;;367.8;;;;180
23;Baudepartement;2330;Verwaltung (Hochbau);;;3158.00;Unterhalt immaterielle Anlagen;35200.0;33500.0;33599.43;1700.0;5.07;;180
23;Baudepartement;2330;Verwaltung (Hochbau);;;3161.00;Mieten, Benützungskosten Anlagen;;11600.0;;-11600.0;-100.0;Die Kosten für die Anmietung der Drucker werden neu zentral durch die Informatik Schaffhausen verrechnet und auf dem Konto 2330.3133.00 ausgewiesen.;180
23;Baudepartement;2330;Verwaltung (Hochbau);;;3170.00;Reisekosten und Spesen;5200.0;2000.0;5224.4;3200.0;160.0;;180
23;Baudepartement;2330;Verwaltung (Hochbau);;;3199.00;Übriger Betriebsaufwand;1400.0;3000.0;1405.45;-1600.0;-53.33;;180
23;Baudepartement;2330;Verwaltung (Hochbau);;;4910.00;IV Dienstleistungen;-110000.0;-115000.0;-105782.24;5000.0;-4.35;;180
23;Baudepartement;2332;Liegenschaften Verwaltungsvermögen;;;3101.00;Betriebs- und Verbrauchsmaterial;125000.0;125000.0;167172.65;;;;180
23;Baudepartement;2332;Liegenschaften Verwaltungsvermögen;;;3110.00;Büromöbel und -geräte;424500.0;300000.0;424495.33;124500.0;41.5;Infolge der Einführung von Justitia 4.0 sind Anpassungen der Infrastruktur des Kantonsgerichts erforderlich. Das Mobiliar der Gerichtssäle und Nebenräume muss teilweise ersetzt und aufgrund angepasster Prozessabläufe ergänzt werden. Die Audio- und Videotechnik wird künftig in das Mobiliar integriert, weshalb entsprechende Neuanschaffungen erforderlich sind.;180
23;Baudepartement;2332;Liegenschaften Verwaltungsvermögen;;;3111.00;Maschinen, Geräte und Fahrzeuge;;;422.85;;;;180
23;Baudepartement;2332;Liegenschaften Verwaltungsvermögen;;;3113.00;Hardware;10000.0;20000.0;22393.1;-10000.0;-50.0;Die Präsentationstechnik für Sitzungszimmer wird neu über den Produktekatalog der Informatik Schaffhausen beschafft. Die bisher durch das Hochbauamt budgetierten Aufwendungen für die Ausstattung von Sitzungszimmern entfallen deshalb.;181
23;Baudepartement;2332;Liegenschaften Verwaltungsvermögen;;;3119.00;Übrige nicht aktivierbare Anlagen;;;81075.0;;;;181
23;Baudepartement;2332;Liegenschaften Verwaltungsvermögen;;;3120.00;Ver- und Entsorgung Liegenschaften VV;1381400.0;1650000.0;1381395.23;-268600.0;-16.28;Infolge der durchschnittlichen Verbrauchswerte der vergangenen Jahre wird bei den Strom- und Heizkosten von einem tieferen Aufwand ausgegangen als im Vorjahr budgetiert.;181
23;Baudepartement;2332;Liegenschaften Verwaltungsvermögen;;;3130.00;Dienstleistungen Dritter;813400.0;900000.0;813438.24;-86600.0;-9.62;Der Aufwand umfasst insbesondere die Unterhaltsreinigung der Verwaltungsliegenschaften (Fr. 500'000), die Digitalisierung von Gebäudeaufnahmen und CAD- Grundlagen (Fr. 70'000) sowie externe Planungs- und Beratungsleistungen (Fr. 100'000). Zusätzlich sind Mittel für administrative Unterstützungsleistungen und weitere betriebliche Dienstleistungen vorgesehen.;181
23;Baudepartement;2332;Liegenschaften Verwaltungsvermögen;;;3131.00;Planungen und Projektierungen Dritter;913500.0;955000.0;404518.31;-41500.0;-4.35;Der Aufwand umfasst insbesondere allgemeine Planungsarbeiten (Fr. 290'000), Projekte der Gebietsentwicklung und Architektur (Fr. 150'000), Studien und Vorprojekte für den Ersatz von Wärmeerzeugungen (Fr. 80'000) sowie die Studie und das Ausschreibungsverfahren für die Liegenschaft Krebsbachstrasse (Fr. 100'000). Zusätzlich beinhaltet das Budget weitere Vorprojekte und fachliche Unterstützungsleistungen.;181
23;Baudepartement;2332;Liegenschaften Verwaltungsvermögen;;;3132.00;Honorare externe Berater, Gutachter, Fachexperten etc.;160000.0;250000.0;163118.7;-90000.0;-36.0;Der Aufwand umfasst insbesondere die Überarbeitung der Erdbebenberichte für kantonale Liegenschaften (Fr. 100'000) sowie externe Fachberatungen, Gutachten und Expertisen. Weitere Aufwendungen entfallen auf Studien und rechtliche Abklärungen.;182
23;Baudepartement;2332;Liegenschaften Verwaltungsvermögen;;;3133.00;Informatik-Nutzungsaufwand;92400.0;88600.0;88403.9;3800.0;4.29;;182
23;Baudepartement;2332;Liegenschaften Verwaltungsvermögen;;;3134.00;Sachversicherungsprämien;135000.0;135000.0;150953.15;;;;182
23;Baudepartement;2332;Liegenschaften Verwaltungsvermögen;;;3140.00;Unterhalt Grundstücke;239200.0;280000.0;239187.25;-40800.0;-14.57;Aufgrund der Erfahrungswerte der vergangenen zwei Jahre wurde das Budget für den Unterhalt der Grundstücke rund um die kantonalen Liegenschaften an den effektiven Bedarf von rund Fr. 240'000 angepasst.;182
23;Baudepartement;2332;Liegenschaften Verwaltungsvermögen;;;3143.00;Unterhalt übrige Tiefbauten;100000.0;100000.0;192422.35;;;;182
23;Baudepartement;2332;Liegenschaften Verwaltungsvermögen;;;3144.00;Unterhalt Hochbauten, Gebäude;5000000.0;3950000.0;5019616.59;1050000.0;26.58;Für die Werterhaltung und den zeitgemässen Unterhalt der kantonalen Liegenschaften sind Mittel für Instandsetzungen, Wartungen, Inspektionen und Verbesserungen eingestellt. Diese umfassen Fr. 1,95 Mio. für Verwaltungsliegenschaften, Fr. 1,66 Mio. für die BBZ und die Kantonsschule, Fr. 400'000 für die Liegenschaften des Sozialamts sowie Fr. 940'000 für weitere kantonale Liegenschaften.;182
23;Baudepartement;2332;Liegenschaften Verwaltungsvermögen;;;3150.00;Unterhalt Büromöbel und -geräte;10300.0;10000.0;10307.68;300.0;3.0;;182
23;Baudepartement;2332;Liegenschaften Verwaltungsvermögen;;;3151.00;Unterhalt Maschinen, Geräte, Fahrzeuge;900.0;6000.0;894.05;-5100.0;-85.0;;182
23;Baudepartement;2332;Liegenschaften Verwaltungsvermögen;;;3160.00;Mieten und Pachten Liegenschaften;2123400.0;2142300.0;2123375.76;-18900.0;-0.88;;182
23;Baudepartement;2332;Liegenschaften Verwaltungsvermögen;;;3300.10;Planmässige Abschreibungen Tiefbauten;6700.0;6700.0;6667.0;;;;182
23;Baudepartement;2332;Liegenschaften Verwaltungsvermögen;;;3300.40;Planmässige Abschreibungen Hochbauten;5019900.0;4608400.0;4092352.0;411500.0;8.93;;182
23;Baudepartement;2332;Liegenschaften Verwaltungsvermögen;;;3300.60;Planmässige Abschreibungen Mobilien;125400.0;125400.0;77437.0;;;;182
23;Baudepartement;2332;Liegenschaften Verwaltungsvermögen;;;3301.40;Ausserplanmässige Abschreibungen Hochbauten;;;183999.0;;;;182
23;Baudepartement;2332;Liegenschaften Verwaltungsvermögen;;;3499.00;Übriger Finanzaufwand;;;39.11;;;;183
23;Baudepartement;2332;Liegenschaften Verwaltungsvermögen;;;3900.00;IV Material- und Warenbezüge;2000.0;2000.0;2371.55;;;;183
23;Baudepartement;2332;Liegenschaften Verwaltungsvermögen;;;3910.00;IV Dienstleistungen;10000.0;15000.0;23196.85;-5000.0;-33.33;;183
23;Baudepartement;2332;Liegenschaften Verwaltungsvermögen;;;4260.00;Rückerstattungen und Kostenbeteiligungen Dritter;-75000.0;-75000.0;-96649.8;;;;183
23;Baudepartement;2332;Liegenschaften Verwaltungsvermögen;;;4391.00;Aufwertungen VV;;;-7250000.0;;;;183
23;Baudepartement;2332;Liegenschaften Verwaltungsvermögen;;;4470.00;Pacht- und Mietzinse Liegenschaften VV;-1710000.0;-880000.0;-626483.5;-830000.0;94.32;Die höheren Erträge resultieren aus dem Baurechtsvertrag mit den Spitälern Schaffhausen sowie aus Mieterträgen der Pädagogischen Hochschule im Kammgarn.;183
23;Baudepartement;2332;Liegenschaften Verwaltungsvermögen;;;4472.00;Vergütung für Benützungen Liegenschaften VV;;;-10475.0;;;;183
23;Baudepartement;2332;Liegenschaften Verwaltungsvermögen;;;4610.00;Entschädigungen vom Bund;-160000.0;-220000.0;-160000.0;60000.0;-27.27;Die Erträge aus der Pauschalvereinbarung mit dem ASTRA für die Bewirtschaftung der Mietflächen durch das Hochbauamt fallen tiefer aus als ursprünglich budgetiert. Das Budget 2027 wurde entsprechend angepasst.;183
23;Baudepartement;2332;Liegenschaften Verwaltungsvermögen;;;4893.00;Entnahmen aus Vorfinanzierungen des EK;-73400.0;-73400.0;-73438.0;;;;183
23;Baudepartement;2332;Liegenschaften Verwaltungsvermögen;;;4910.00;IV Dienstleistungen;-2500.0;;-2884.0;-2500.0;;;183
23;Baudepartement;2332;Liegenschaften Verwaltungsvermögen;;;4920.00;IV Pacht, Mieten, Benützungskosten;-205000.0;-154000.0;-201607.8;-51000.0;33.12;Höhere Erträge aus der jährlichen Umbuchung der Fremdvermietung des Sozialamts.;183
23;Baudepartement;2332;Liegenschaften Verwaltungsvermögen;;;4930.00;IV Betriebs- und Verwaltungskosten;-80000.0;-80000.0;-98549.45;;;;183
23;Baudepartement;2333;Liegenschaften Finanzvermögen;;;3131.00;Planungen und Projektierungen Dritter;150000.0;450000.0;;-300000.0;-66.67;Aufwendungen für die Übernahme der Projektträgerschaft der «Entwicklung Parzelle Beringen GB-Nr. 3381» im Rahmen eines Pilotprojekts zur Arbeitszonenbewirtschaftung.;183
23;Baudepartement;2333;Liegenschaften Finanzvermögen;;;3411.00;Realisierte Verluste auf Sach- und immateriellen Anlagen FV;;;76.99;;;;183
23;Baudepartement;2333;Liegenschaften Finanzvermögen;;;3430.00;Baulicher Unterhalt Liegenschaften FV;170000.0;170000.0;341748.61;;;;183
23;Baudepartement;2333;Liegenschaften Finanzvermögen;;;3431.00;Nicht baulicher Unterhalt Liegenschaften FV;40000.0;40000.0;54352.44;;;;183
23;Baudepartement;2333;Liegenschaften Finanzvermögen;;;3439.00;Übriger Liegenschaftsaufwand FV;270000.0;270000.0;72640.64;;;;183
23;Baudepartement;2333;Liegenschaften Finanzvermögen;;;3441.00;Wertberichtigung Sach- und immaterielle Anlagen FV;;;570000.0;;;;183
23;Baudepartement;2333;Liegenschaften Finanzvermögen;;;4260.00;Rückerstattungen und Kostenbeteiligungen Dritter;-270000.0;-265000.0;-259452.91;-5000.0;1.89;;183
23;Baudepartement;2333;Liegenschaften Finanzvermögen;;;4411.00;Gewinne aus Verkäufen von Grundstücken FV;;;-198.99;;;;184
23;Baudepartement;2333;Liegenschaften Finanzvermögen;;;4430.00;Pacht- und Mietzinse Liegenschaften FV;-900000.0;-900000.0;-834555.61;;;;184
23;Baudepartement;2333;Liegenschaften Finanzvermögen;;;4896.00;Entnahmen aus Neubewertungsreserven;;;-570000.0;;;;184
23;Baudepartement;2337;Archäologie;;;3010.00;Löhne des Verwaltungs- und Betriebspersonals;1381800.0;1682200.0;1746664.95;-300400.0;-17.86;Die Lohnkosten fallen in Abhängigkeit von projektierten Rettungsgrabungen von Jahr zu Jahr unterschiedlich hoch aus. Für das Jahr 2027 sind keine projektierten grossen Rettungsgrabungen angekündigt. Die übrigen geplanten Massnahmen können mit dem 2026 aufgestockten Personal bewältigt werden.;184
23;Baudepartement;2337;Archäologie;;;3010.95;Rückerstattungen Taggelder UV, EO, MSE, MV, IV für Verwaltungs- und Betriebspersonal;;;-21810.0;;;;184
23;Baudepartement;2337;Archäologie;;;3050.00;AG-Beiträge AHV, IV, EO, ALV, Verwaltungskosten;89800.0;109300.0;113368.45;-19500.0;-17.84;;184
23;Baudepartement;2337;Archäologie;;;3052.00;AG-Beiträge an Pensionskassen;153400.0;224700.0;200005.5;-71300.0;-31.73;;184
23;Baudepartement;2337;Archäologie;;;3053.00;AG-Beiträge an Unfallversicherungen;21000.0;20800.0;21572.9;200.0;0.96;;184
23;Baudepartement;2337;Archäologie;;;3054.00;AG-Beiträge an Familienzulagekassen;16600.0;21900.0;22677.5;-5300.0;-24.2;;184
23;Baudepartement;2337;Archäologie;;;3059.10;AG-Beiträge Sozialfonds;1100.0;1300.0;1391.1;-200.0;-15.38;;184
23;Baudepartement;2337;Archäologie;;;3099.00;Übriger Personalaufwand;1500.0;1500.0;3646.0;;;;184
23;Baudepartement;2337;Archäologie;;;3100.00;Büromaterial;3500.0;4700.0;2232.85;-1200.0;-25.53;;184
23;Baudepartement;2337;Archäologie;;;3101.00;Betriebs- und Verbrauchsmaterial;6000.0;8500.0;26783.09;-2500.0;-29.41;;184
23;Baudepartement;2337;Archäologie;;;3102.00;Drucksachen, Publikationen;500.0;1000.0;474.7;-500.0;-50.0;;184
23;Baudepartement;2337;Archäologie;;;3103.00;Fachliteratur, Zeitschriften;1400.0;1500.0;1435.59;-100.0;-6.67;;184
23;Baudepartement;2337;Archäologie;;;3111.00;Maschinen, Geräte und Fahrzeuge;9600.0;15000.0;9586.95;-5400.0;-36.0;;184
23;Baudepartement;2337;Archäologie;;;3112.00;Kleider, Wäsche, Vorhänge;2500.0;2500.0;698.9;;;;184
23;Baudepartement;2337;Archäologie;;;3113.00;Hardware;7400.0;4700.0;7434.2;2700.0;57.45;;184
23;Baudepartement;2337;Archäologie;;;3118.00;Immaterielle Anlagen;5400.0;4500.0;5435.14;900.0;20.0;;184
23;Baudepartement;2337;Archäologie;;;3130.00;Dienstleistungen Dritter;398400.0;532300.0;403787.32;-133900.0;-25.15;Aufträge an Dritte fallen in Abhängigkeit von projektierten Rettungsgrabungen von Jahr zu Jahr unterschiedlich aus.;184
23;Baudepartement;2337;Archäologie;;;3132.00;Honorare externe Berater, Gutachter, Fachexperten etc.;;1000.0;;-1000.0;-100.0;;185
23;Baudepartement;2337;Archäologie;;;3133.00;Informatik-Nutzungsaufwand;109900.0;104200.0;90290.25;5700.0;5.47;;185
23;Baudepartement;2337;Archäologie;;;3134.00;Sachversicherungsprämien;200.0;200.0;166.02;;;;185
23;Baudepartement;2337;Archäologie;;;3137.00;Steuern und Abgaben;6300.0;;6337.12;6300.0;;;185
23;Baudepartement;2337;Archäologie;;;3151.00;Unterhalt Maschinen, Geräte, Fahrzeuge;4000.0;10000.0;4036.29;-6000.0;-60.0;;185
23;Baudepartement;2337;Archäologie;;;3153.00;Informatik-Unterhalt (Hardware);500.0;500.0;5249.05;;;;185
23;Baudepartement;2337;Archäologie;;;3158.00;Unterhalt immaterielle Anlagen;5500.0;5500.0;4759.1;;;;185
23;Baudepartement;2337;Archäologie;;;3160.00;Mieten und Pachten Liegenschaften;23700.0;23200.0;23167.45;500.0;2.16;;185
23;Baudepartement;2337;Archäologie;;;3161.00;Mieten, Benützungskosten Anlagen;9500.0;28500.0;52987.25;-19000.0;-66.67;Für das Jahr 2027 sind keine grossen projektierten Rettungsgrabungen angekündigt. Entsprechend geringer fallen die Kosten für die Miete von Grabungsinfrastruktur aus.;185
23;Baudepartement;2337;Archäologie;;;3170.00;Reisekosten und Spesen;6700.0;5000.0;27926.3;1700.0;34.0;;185
23;Baudepartement;2337;Archäologie;;;3910.00;IV Dienstleistungen;500.0;500.0;2456.2;;;;185
23;Baudepartement;2337;Archäologie;;;4250.00;Verkäufe;-2000.0;-2000.0;-1003.0;;;;185
23;Baudepartement;2337;Archäologie;;;4632.10;Laufende Betriebsbeiträge von innerkantonalen Gemeinden und Gemeindezweckverbände;;-35500.0;-272129.6;35500.0;-100.0;Für das Jahr 2027 sind keine projektierten grossen Rettungsgrabungen angekündigt, für welche Beiträge von Gemeinden budgetiert werden könnten.;185
23;Baudepartement;2337;Archäologie;;;4636.00;Beiträge von privaten Organisationen ohne Erwerbszweck;-250300.0;-219000.0;-51460.65;-31300.0;14.29;Die Einnahmen entsprechen den budgetierten Ausgaben für den Verpflichtungskredit «EPR116» Publikation römisches Kastell und Gräberfeld Stein am Rhein.;185
23;Baudepartement;2338;Denkmalpflege;;;3010.00;Löhne des Verwaltungs- und Betriebspersonals;804000.0;685900.0;657299.2;118100.0;17.22;Enthält Lohnkosten von Verpflichtungskredit Revision Ortsbilder «EPR0135» Fr. 57'000. Enthält Lohnkosten neue Projektleiterstelle Innere Verdichtung und Neubauplanungen im Ortskern sowie Denkmalpflege Fr. 115'000.;186
23;Baudepartement;2338;Denkmalpflege;;;3050.00;AG-Beiträge AHV, IV, EO, ALV, Verwaltungskosten;52300.0;44600.0;42418.55;7700.0;17.26;;186
23;Baudepartement;2338;Denkmalpflege;;;3052.00;AG-Beiträge an Pensionskassen;89200.0;91600.0;90577.2;-2400.0;-2.62;;186
23;Baudepartement;2338;Denkmalpflege;;;3053.00;AG-Beiträge an Unfallversicherungen;8400.0;9700.0;7463.25;-1300.0;-13.4;;186
23;Baudepartement;2338;Denkmalpflege;;;3054.00;AG-Beiträge an Familienzulagekassen;9700.0;8900.0;8544.75;800.0;8.99;;186
23;Baudepartement;2338;Denkmalpflege;;;3059.10;AG-Beiträge Sozialfonds;600.0;500.0;503.4;100.0;20.0;;186
23;Baudepartement;2338;Denkmalpflege;;;3090.00;Aus- und Weiterbildung des eigenen Personals;;;4107.0;;;;186
23;Baudepartement;2338;Denkmalpflege;;;3091.00;Personalwerbung;500.0;500.0;;;;;186
23;Baudepartement;2338;Denkmalpflege;;;3099.00;Übriger Personalaufwand;1500.0;1500.0;2702.0;;;;186
23;Baudepartement;2338;Denkmalpflege;;;3100.00;Büromaterial;2600.0;5000.0;2604.21;-2400.0;-48.0;;186
23;Baudepartement;2338;Denkmalpflege;;;3102.00;Drucksachen, Publikationen;4600.0;4000.0;4648.95;600.0;15.0;;186
23;Baudepartement;2338;Denkmalpflege;;;3103.00;Fachliteratur, Zeitschriften;2600.0;2500.0;2562.74;100.0;4.0;;186
23;Baudepartement;2338;Denkmalpflege;;;3111.00;Maschinen, Geräte und Fahrzeuge;400.0;2500.0;363.2;-2100.0;-84.0;;186
23;Baudepartement;2338;Denkmalpflege;;;3113.00;Hardware;2200.0;2500.0;2155.75;-300.0;-12.0;;186
23;Baudepartement;2338;Denkmalpflege;;;3118.00;Immaterielle Anlagen;44000.0;13000.0;6323.85;31000.0;238.46;Noch nicht verwendete Gelder Verpflichtungskredit «ITP0094». Verschiebung aufgrund Rolloutprogramm GEVER-System CMI.;186
23;Baudepartement;2338;Denkmalpflege;;;3130.00;Dienstleistungen Dritter;183900.0;185000.0;173892.13;-1100.0;-0.59;;186
23;Baudepartement;2338;Denkmalpflege;;;3133.00;Informatik-Nutzungsaufwand;160500.0;153800.0;102815.9;6700.0;4.36;;186
23;Baudepartement;2338;Denkmalpflege;;;3137.00;Steuern und Abgaben;1700.0;1500.0;1717.2;200.0;13.33;;186
23;Baudepartement;2338;Denkmalpflege;;;3151.00;Unterhalt Maschinen, Geräte, Fahrzeuge;300.0;300.0;;;;;186
23;Baudepartement;2338;Denkmalpflege;;;3153.00;Informatik-Unterhalt (Hardware);100.0;;98.0;100.0;;;186
23;Baudepartement;2338;Denkmalpflege;;;3158.00;Unterhalt immaterielle Anlagen;10400.0;6800.0;10400.0;3600.0;52.94;;186
23;Baudepartement;2338;Denkmalpflege;;;3161.00;Mieten, Benützungskosten Anlagen;400.0;;382.4;400.0;;;186
23;Baudepartement;2338;Denkmalpflege;;;3170.00;Reisekosten und Spesen;7000.0;7000.0;7029.7;;;;186
23;Baudepartement;2338;Denkmalpflege;;;3199.00;Übriger Betriebsaufwand;300.0;2900.0;263.15;-2600.0;-89.66;;186
23;Baudepartement;2338;Denkmalpflege;;;3631.00;Beiträge an Kantone und Konkordate;3500.0;3500.0;3530.0;;;;186
23;Baudepartement;2338;Denkmalpflege;;;3702.10;Durchlaufende Beiträge an Gemeinden und Gemeindezweckverbände;120000.0;120000.0;57313.0;;;;187
23;Baudepartement;2338;Denkmalpflege;;;3705.00;Durchlaufende Beiträge an private Unternehmungen;29000.0;29000.0;11560.0;;;;187
23;Baudepartement;2338;Denkmalpflege;;;3706.00;Durchlaufende Beiträge an private Organisationen ohne Erwerbszweck;40000.0;40000.0;181963.0;;;;187
23;Baudepartement;2338;Denkmalpflege;;;3707.00;Durchlaufende Beiträge an private Haushalte;120000.0;120000.0;99434.0;;;;187
23;Baudepartement;2338;Denkmalpflege;;;3910.00;IV Dienstleistungen;200.0;;141.5;200.0;;;187
23;Baudepartement;2338;Denkmalpflege;;;4612.10;Entschädigungen von innerkantonalen Gemeinden und Gemeindezweckverbänden;-326000.0;-320000.0;-326500.0;-6000.0;1.88;;187
23;Baudepartement;2338;Denkmalpflege;;;4700.00;Durchlaufende Beiträge vom Bund;-309000.0;-309000.0;-350270.0;;;;187
23;Baudepartement;2340;Kantonsforstamt;;;3010.00;Löhne des Verwaltungs- und Betriebspersonals;626900.0;630900.0;632346.0;-4000.0;-0.63;;187
23;Baudepartement;2340;Kantonsforstamt;;;3010.95;Rückerstattungen Taggelder UV, EO, MSE, MV, IV für Verwaltungs- und Betriebspersonal;;;-2026.6;;;;187
23;Baudepartement;2340;Kantonsforstamt;;;3050.00;AG-Beiträge AHV, IV, EO, ALV, Verwaltungskosten;40700.0;41000.0;40769.85;-300.0;-0.73;;187
23;Baudepartement;2340;Kantonsforstamt;;;3052.00;AG-Beiträge an Pensionskassen;69600.0;84200.0;97420.45;-14600.0;-17.34;;187
23;Baudepartement;2340;Kantonsforstamt;;;3053.00;AG-Beiträge an Unfallversicherungen;4400.0;4700.0;4156.3;-300.0;-6.38;;187
23;Baudepartement;2340;Kantonsforstamt;;;3054.00;AG-Beiträge an Familienzulagekassen;7500.0;8200.0;8220.45;-700.0;-8.54;;187
23;Baudepartement;2340;Kantonsforstamt;;;3059.10;AG-Beiträge Sozialfonds;500.0;500.0;481.95;;;;187
23;Baudepartement;2340;Kantonsforstamt;;;3099.00;Übriger Personalaufwand;1000.0;1000.0;480.0;;;;187
23;Baudepartement;2340;Kantonsforstamt;;;3100.00;Büromaterial;1200.0;500.0;1159.91;700.0;140.0;;187
23;Baudepartement;2340;Kantonsforstamt;;;3101.00;Betriebs- und Verbrauchsmaterial;600.0;1500.0;564.7;-900.0;-60.0;;187
23;Baudepartement;2340;Kantonsforstamt;;;3103.00;Fachliteratur, Zeitschriften;1300.0;1500.0;1326.1;-200.0;-13.33;;187
23;Baudepartement;2340;Kantonsforstamt;;;3111.00;Maschinen, Geräte und Fahrzeuge;800.0;2000.0;797.75;-1200.0;-60.0;;187
23;Baudepartement;2340;Kantonsforstamt;;;3112.00;Kleider, Wäsche, Vorhänge;1100.0;1000.0;1064.25;100.0;10.0;;187
23;Baudepartement;2340;Kantonsforstamt;;;3113.00;Hardware;2100.0;2000.0;2122.76;100.0;5.0;;187
23;Baudepartement;2340;Kantonsforstamt;;;3118.00;Immaterielle Anlagen;22300.0;36000.0;22327.4;-13700.0;-38.06;Einzelne Beträge werden neu auf das Konto 2340.3133.00 verbucht.;187
23;Baudepartement;2340;Kantonsforstamt;;;3130.00;Dienstleistungen Dritter;27500.0;130000.0;27505.23;-102500.0;-78.85;Der Aufwand wurde angepasst aufgrund der Rechnung 2025.;187
23;Baudepartement;2340;Kantonsforstamt;;;3133.00;Informatik-Nutzungsaufwand;56900.0;43200.0;46341.45;13700.0;31.71;Einzelne Beträge werden neu auf das Konto 2340.3133.00 verbucht (früher 2340.3118.00).;187
23;Baudepartement;2340;Kantonsforstamt;;;3137.00;Steuern und Abgaben;;500.0;;-500.0;-100.0;;187
23;Baudepartement;2340;Kantonsforstamt;;;3144.00;Unterhalt Hochbauten, Gebäude;;2000.0;;-2000.0;-100.0;;188
23;Baudepartement;2340;Kantonsforstamt;;;3151.00;Unterhalt Maschinen, Geräte, Fahrzeuge;2500.0;2500.0;2510.5;;;;188
23;Baudepartement;2340;Kantonsforstamt;;;3158.00;Unterhalt immaterielle Anlagen;18700.0;19000.0;13541.1;-300.0;-1.58;;188
23;Baudepartement;2340;Kantonsforstamt;;;3161.00;Mieten, Benützungskosten Anlagen;100.0;3000.0;62.25;-2900.0;-96.67;;188
23;Baudepartement;2340;Kantonsforstamt;;;3170.00;Reisekosten und Spesen;3700.0;5000.0;3662.35;-1300.0;-26.0;;188
23;Baudepartement;2340;Kantonsforstamt;;;3199.00;Übriger Betriebsaufwand;800.0;3000.0;808.4;-2200.0;-73.33;;188
23;Baudepartement;2340;Kantonsforstamt;;;3910.00;IV Dienstleistungen;;;906.5;;;;188
23;Baudepartement;2340;Kantonsforstamt;;;4210.00;Gebühren für Amtshandlungen;-1000.0;-1000.0;-2700.0;;;;188
23;Baudepartement;2340;Kantonsforstamt;;;4309.00;Übrige betriebliche Erträge;;;-10000.0;;;;188
23;Baudepartement;2340;Kantonsforstamt;;;4470.00;Pacht- und Mietzinse Liegenschaften VV;-50000.0;-50000.0;-50321.55;;;;188
23;Baudepartement;2341;Beiträge Kantonsforstamt;;;3160.00;Mieten und Pachten Liegenschaften;2600.0;3500.0;2560.0;-900.0;-25.71;;188
23;Baudepartement;2341;Beiträge Kantonsforstamt;;;3612.10;Entschädigungen an innerkantonale Gemeinden und Gemeindezweckverbände;20000.0;20000.0;;;;;188
23;Baudepartement;2341;Beiträge Kantonsforstamt;;;3630.00;Beiträge an den Bund;6000.0;6000.0;5939.0;;;;188
23;Baudepartement;2341;Beiträge Kantonsforstamt;;;3631.00;Beiträge an Kantone und Konkordate;280000.0;240000.0;-230642.3;40000.0;16.67;Aufgrund einer Anpassung des Kostenverteilers für die Jahre 2027– 2031 aufgrund höherer Schülerzahlen aus dem Kanton Schaffhausen wird der Beitrag an die Försterschule Maienfeld erhöht.;188
23;Baudepartement;2341;Beiträge Kantonsforstamt;;;3632.10;Beiträge an innerkantonale Gemeinden und Gemeindezweckverbände;1005000.0;1005000.0;510620.9;;;;188
23;Baudepartement;2341;Beiträge Kantonsforstamt;;;3635.00;Beiträge an private Unternehmungen;20000.0;20000.0;;;;;188
23;Baudepartement;2341;Beiträge Kantonsforstamt;;;3636.00;Beiträge an private Organisationen ohne Erwerbszweck;100000.0;100000.0;77455.3;;;;188
23;Baudepartement;2341;Beiträge Kantonsforstamt;;;3637.00;Beiträge an private Haushalte;80000.0;80000.0;30167.55;;;;188
23;Baudepartement;2341;Beiträge Kantonsforstamt;;;3701.00;Durchlaufende Beiträge an Kantone und Konkordate;180000.0;200000.0;;-20000.0;-10.0;;188
23;Baudepartement;2341;Beiträge Kantonsforstamt;;;3702.10;Durchlaufende Beiträge an Gemeinden und Gemeindezweckverbände;810000.0;900000.0;485126.1;-90000.0;-10.0;Die Bundesbeiträge wurden um 10% gekürzt.;188
23;Baudepartement;2341;Beiträge Kantonsforstamt;;;3705.00;Durchlaufende Beiträge an private Unternehmungen;18000.0;20000.0;;-2000.0;-10.0;;188
23;Baudepartement;2341;Beiträge Kantonsforstamt;;;3706.00;Durchlaufende Beiträge an private Organisationen ohne Erwerbszweck;72000.0;80000.0;26718.1;-8000.0;-10.0;;188
23;Baudepartement;2341;Beiträge Kantonsforstamt;;;3707.00;Durchlaufende Beiträge an private Haushalte;45000.0;50000.0;29054.15;-5000.0;-10.0;;188
23;Baudepartement;2341;Beiträge Kantonsforstamt;;;3910.00;IV Dienstleistungen;;;381996.65;;;;188
23;Baudepartement;2341;Beiträge Kantonsforstamt;;;4632.10;Laufende Betriebsbeiträge von innerkantonalen Gemeinden und Gemeindezweckverbände;-60000.0;-60000.0;;;;;189
23;Baudepartement;2341;Beiträge Kantonsforstamt;;;4700.00;Durchlaufende Beiträge vom Bund;-1125000.0;-1250000.0;-540898.35;125000.0;-10.0;Die Bundesbeiträge wurden um 10% gekürzt.;189
23;Baudepartement;2341;Beiträge Kantonsforstamt;;;4980.00;Übertragungen;-180000.0;-176700.0;-180621.95;-3300.0;1.87;;189
23;Baudepartement;2352;Erholungseinrichtungen, inkl. Rast-, Grillplätze, VitaParcours, etc.;;;3101.00;Betriebs- und Verbrauchsmaterial;2100.0;15000.0;2104.95;-12900.0;-86.0;Der Aufwand wurde angepasst aufgrund der Rechnung 2025.;189
23;Baudepartement;2352;Erholungseinrichtungen, inkl. Rast-, Grillplätze, VitaParcours, etc.;;;3130.00;Dienstleistungen Dritter;11900.0;4000.0;11915.0;7900.0;197.5;;189
23;Baudepartement;2352;Erholungseinrichtungen, inkl. Rast-, Grillplätze, VitaParcours, etc.;;;3161.00;Mieten, Benützungskosten Anlagen;4300.0;7000.0;4310.4;-2700.0;-38.57;;189
23;Baudepartement;2360;Kantonsforstbetrieb;;;3010.00;Löhne des Verwaltungs- und Betriebspersonals;818700.0;824400.0;806913.45;-5700.0;-0.69;;189
23;Baudepartement;2360;Kantonsforstbetrieb;;;3010.95;Rückerstattungen Taggelder UV, EO, MSE, MV, IV für Verwaltungs- und Betriebspersonal;;;-1729.4;;;;189
23;Baudepartement;2360;Kantonsforstbetrieb;;;3042.00;Verpflegungszulagen;31000.0;30900.0;26500.0;100.0;0.32;;189
23;Baudepartement;2360;Kantonsforstbetrieb;;;3049.00;Übrige Zulagen;1600.0;1600.0;1440.0;;;;189
23;Baudepartement;2360;Kantonsforstbetrieb;;;3050.00;AG-Beiträge AHV, IV, EO, ALV, Verwaltungskosten;53200.0;53600.0;51515.55;-400.0;-0.75;;189
23;Baudepartement;2360;Kantonsforstbetrieb;;;3052.00;AG-Beiträge an Pensionskassen;90900.0;110200.0;107126.8;-19300.0;-17.51;;189
23;Baudepartement;2360;Kantonsforstbetrieb;;;3053.00;AG-Beiträge an Unfallversicherungen;42000.0;42400.0;37414.65;-400.0;-0.94;;189
23;Baudepartement;2360;Kantonsforstbetrieb;;;3054.00;AG-Beiträge an Familienzulagekassen;9800.0;10700.0;10302.7;-900.0;-8.41;;189
23;Baudepartement;2360;Kantonsforstbetrieb;;;3059.10;AG-Beiträge Sozialfonds;700.0;700.0;633.85;;;;189
23;Baudepartement;2360;Kantonsforstbetrieb;;;3090.00;Aus- und Weiterbildung des eigenen Personals;5000.0;5000.0;4882.0;;;;189
23;Baudepartement;2360;Kantonsforstbetrieb;;;3091.00;Personalwerbung;;;700.5;;;;189
23;Baudepartement;2360;Kantonsforstbetrieb;;;3099.00;Übriger Personalaufwand;1500.0;1500.0;800.0;;;;189
23;Baudepartement;2360;Kantonsforstbetrieb;;;3100.00;Büromaterial;1100.0;1000.0;1062.3;100.0;10.0;;189
23;Baudepartement;2360;Kantonsforstbetrieb;;;3101.00;Betriebs- und Verbrauchsmaterial;45400.0;52300.0;45410.76;-6900.0;-13.19;;189
23;Baudepartement;2360;Kantonsforstbetrieb;;;3103.00;Fachliteratur, Zeitschriften;;500.0;;-500.0;-100.0;;189
23;Baudepartement;2360;Kantonsforstbetrieb;;;3111.00;Maschinen, Geräte und Fahrzeuge;83500.0;80000.0;83516.25;3500.0;4.38;;189
23;Baudepartement;2360;Kantonsforstbetrieb;;;3112.00;Kleider, Wäsche, Vorhänge;12100.0;18000.0;12137.9;-5900.0;-32.78;;189
23;Baudepartement;2360;Kantonsforstbetrieb;;;3113.00;Hardware;1700.0;;1680.0;1700.0;;;189
23;Baudepartement;2360;Kantonsforstbetrieb;;;3118.00;Immaterielle Anlagen;500.0;2500.0;518.9;-2000.0;-80.0;;189
23;Baudepartement;2360;Kantonsforstbetrieb;;;3120.00;Ver- und Entsorgung Liegenschaften VV;1800.0;1000.0;1757.54;800.0;80.0;;189
23;Baudepartement;2360;Kantonsforstbetrieb;;;3130.00;Dienstleistungen Dritter;12000.0;28700.0;12022.92;-16700.0;-58.19;Der Aufwand wurde angepasst aufgrund der Rechnung 2025.;190
23;Baudepartement;2360;Kantonsforstbetrieb;;;3133.00;Informatik-Nutzungsaufwand;7500.0;6200.0;5611.7;1300.0;20.97;;190
23;Baudepartement;2360;Kantonsforstbetrieb;;;3134.00;Sachversicherungsprämien;14300.0;16000.0;14332.51;-1700.0;-10.63;;190
23;Baudepartement;2360;Kantonsforstbetrieb;;;3137.00;Steuern und Abgaben;8700.0;10000.0;8672.73;-1300.0;-13.0;;190
23;Baudepartement;2360;Kantonsforstbetrieb;;;3141.00;Unterhalt Strassen;33900.0;70000.0;33943.9;-36100.0;-51.57;Der Aufwand wurde angepasst aufgrund der Rechnung 2025.;190
23;Baudepartement;2360;Kantonsforstbetrieb;;;3144.00;Unterhalt Hochbauten, Gebäude;;5000.0;;-5000.0;-100.0;;190
23;Baudepartement;2360;Kantonsforstbetrieb;;;3145.00;Unterhalt Wald;850000.0;850000.0;621411.69;;;;190
23;Baudepartement;2360;Kantonsforstbetrieb;;;3151.00;Unterhalt Maschinen, Geräte, Fahrzeuge;43200.0;60000.0;43211.75;-16800.0;-28.0;Der Aufwand wurde angepasst aufgrund der Rechnung 2025.;190
23;Baudepartement;2360;Kantonsforstbetrieb;;;3161.00;Mieten, Benützungskosten Anlagen;100.0;5500.0;143.9;-5400.0;-98.18;;190
23;Baudepartement;2360;Kantonsforstbetrieb;;;3170.00;Reisekosten und Spesen;700.0;1000.0;720.6;-300.0;-30.0;;190
23;Baudepartement;2360;Kantonsforstbetrieb;;;3199.00;Übriger Betriebsaufwand;100.0;1000.0;106.4;-900.0;-90.0;;190
23;Baudepartement;2360;Kantonsforstbetrieb;;;3300.60;Planmässige Abschreibungen Mobilien;29100.0;29100.0;29067.0;;;;190
23;Baudepartement;2360;Kantonsforstbetrieb;;;3630.00;Beiträge an den Bund;300.0;300.0;252.0;;;;190
23;Baudepartement;2360;Kantonsforstbetrieb;;;3900.00;IV Material- und Warenbezüge;40000.0;40000.0;32077.45;;;;190
23;Baudepartement;2360;Kantonsforstbetrieb;;;3910.00;IV Dienstleistungen;15000.0;15000.0;12765.95;;;;190
23;Baudepartement;2360;Kantonsforstbetrieb;;;4240.00;Benützungsgebühren und Dienstleistungen;-500.0;-500.0;-528.0;;;;190
23;Baudepartement;2360;Kantonsforstbetrieb;;;4250.00;Verkäufe;-1500000.0;-1281500.0;-1672936.01;-218500.0;17.05;Aufgrund einer höheren Holznutzung wird ein zusätzlicher höherer Erlös möglich.;190
23;Baudepartement;2360;Kantonsforstbetrieb;;;4260.00;Rückerstattungen und Kostenbeteiligungen Dritter;-10000.0;-10000.0;-8864.4;;;;190
23;Baudepartement;2360;Kantonsforstbetrieb;;;4309.00;Übrige betriebliche Erträge;-20000.0;-20000.0;-45887.25;;;;190
23;Baudepartement;2360;Kantonsforstbetrieb;;;4470.00;Pacht- und Mietzinse Liegenschaften VV;-28000.0;-28000.0;-28028.14;;;;190
23;Baudepartement;2360;Kantonsforstbetrieb;;;4610.00;Entschädigungen vom Bund;-15000.0;-15000.0;-3348.95;;;;190
23;Baudepartement;2360;Kantonsforstbetrieb;;;4630.00;Beiträge vom Bund;-220000.0;-200000.0;-293016.57;-20000.0;10.0;;190
23;Baudepartement;2360;Kantonsforstbetrieb;;;4631.00;Beiträge von Kantonen und Konkordaten;-230000.0;-230000.0;-67164.43;;;;190
23;Baudepartement;2360;Kantonsforstbetrieb;;;4910.00;IV Dienstleistungen;-30000.0;-30000.0;-464698.87;;;;190
23;Baudepartement;2360;Kantonsforstbetrieb;;;4920.00;IV Pacht, Mieten, Benützungskosten;-1000.0;-1000.0;;;;;190
23;Baudepartement;2360;Kantonsforstbetrieb;;;4930.00;IV Betriebs- und Verwaltungskosten;-14000.0;-14000.0;-4000.0;;;;190
23;Baudepartement;2371;Strassenverkehrs- und Schifffahrtsamt;;;3010.00;Löhne des Verwaltungs- und Betriebspersonals;3162800.0;3178000.0;3136402.95;-15200.0;-0.48;;190
23;Baudepartement;2371;Strassenverkehrs- und Schifffahrtsamt;;;3010.95;Rückerstattungen Taggelder UV, EO, MSE, MV, IV für Verwaltungs- und Betriebspersonal;;;-17652.15;;;;191
23;Baudepartement;2371;Strassenverkehrs- und Schifffahrtsamt;;;3049.00;Übrige Zulagen;2900.0;2900.0;2676.7;;;;191
23;Baudepartement;2371;Strassenverkehrs- und Schifffahrtsamt;;;3050.00;AG-Beiträge AHV, IV, EO, ALV, Verwaltungskosten;205600.0;206600.0;202880.95;-1000.0;-0.48;;191
23;Baudepartement;2371;Strassenverkehrs- und Schifffahrtsamt;;;3052.00;AG-Beiträge an Pensionskassen;351100.0;424500.0;428939.7;-73400.0;-17.29;Die Reduktion der Arbeitgeberbeiträge an die Pensionskasse resultiert aus der voraussichtlichen Senkung des Stabilisierungsbeitrags.;191
23;Baudepartement;2371;Strassenverkehrs- und Schifffahrtsamt;;;3053.00;AG-Beiträge an Unfallversicherungen;19300.0;18900.0;16504.9;400.0;2.12;;191
23;Baudepartement;2371;Strassenverkehrs- und Schifffahrtsamt;;;3054.00;AG-Beiträge an Familienzulagekassen;38000.0;41300.0;40731.75;-3300.0;-7.99;;191
23;Baudepartement;2371;Strassenverkehrs- und Schifffahrtsamt;;;3059.10;AG-Beiträge Sozialfonds;2500.0;2500.0;2450.65;;;;191
23;Baudepartement;2371;Strassenverkehrs- und Schifffahrtsamt;;;3090.00;Aus- und Weiterbildung des eigenen Personals;;15000.0;860.0;-15000.0;-100.0;Die zentral auf Stufe Departement budgetierten Weiterbildungsaufwände decken den Bedarf der Dienststelle im Jahr 2027 ab.;191
23;Baudepartement;2371;Strassenverkehrs- und Schifffahrtsamt;;;3091.00;Personalwerbung;1300.0;1300.0;;;;;191
23;Baudepartement;2371;Strassenverkehrs- und Schifffahrtsamt;;;3099.00;Übriger Personalaufwand;3900.0;3900.0;5749.4;;;;191
23;Baudepartement;2371;Strassenverkehrs- und Schifffahrtsamt;;;3100.00;Büromaterial;18500.0;25000.0;18545.72;-6500.0;-26.0;;191
23;Baudepartement;2371;Strassenverkehrs- und Schifffahrtsamt;;;3101.00;Betriebs- und Verbrauchsmaterial;95200.0;95000.0;95246.57;200.0;0.21;;191
23;Baudepartement;2371;Strassenverkehrs- und Schifffahrtsamt;;;3102.00;Drucksachen, Publikationen;75100.0;60000.0;75072.4;15100.0;25.17;Der Mehraufwand resultiert hauptsächlich aus der Zunahme des Massendrucks.;191
23;Baudepartement;2371;Strassenverkehrs- und Schifffahrtsamt;;;3103.00;Fachliteratur, Zeitschriften;2800.0;3700.0;2825.21;-900.0;-24.32;;191
23;Baudepartement;2371;Strassenverkehrs- und Schifffahrtsamt;;;3110.00;Büromöbel und -geräte;;4000.0;;-4000.0;-100.0;;191
23;Baudepartement;2371;Strassenverkehrs- und Schifffahrtsamt;;;3111.00;Maschinen, Geräte und Fahrzeuge;18700.0;70500.0;5691.85;-51800.0;-73.48;Die im Jahr 2026 budgetierte Anschaffung eines Elektroautos entfällt im Jahr 2027.;191
23;Baudepartement;2371;Strassenverkehrs- und Schifffahrtsamt;;;3112.00;Kleider, Wäsche, Vorhänge;4600.0;4000.0;4555.65;600.0;15.0;;191
23;Baudepartement;2371;Strassenverkehrs- und Schifffahrtsamt;;;3113.00;Hardware;9500.0;9000.0;13460.2;500.0;5.56;;191
23;Baudepartement;2371;Strassenverkehrs- und Schifffahrtsamt;;;3118.00;Immaterielle Anlagen;213000.0;200000.0;98875.7;13000.0;6.5;;191
23;Baudepartement;2371;Strassenverkehrs- und Schifffahrtsamt;;;3120.00;Ver- und Entsorgung Liegenschaften VV;;;2647.4;;;;191
23;Baudepartement;2371;Strassenverkehrs- und Schifffahrtsamt;;;3130.00;Dienstleistungen Dritter;97300.0;99600.0;141810.78;-2300.0;-2.31;;191
23;Baudepartement;2371;Strassenverkehrs- und Schifffahrtsamt;;;3133.00;Informatik-Nutzungsaufwand;964700.0;925400.0;829363.11;39300.0;4.25;Der höhere Informatik- Nutzungsaufwand resultiert hauptsächlich aus der stetigen Zunahme des Fahrzeugbestandes und dem Betrieb von eGov- Applikationen sowie aus Aufwendungen der ITSH für IT- Projekte.;192
23;Baudepartement;2371;Strassenverkehrs- und Schifffahrtsamt;;;3134.00;Sachversicherungsprämien;185700.0;180000.0;185703.02;5700.0;3.17;;192
23;Baudepartement;2371;Strassenverkehrs- und Schifffahrtsamt;;;3137.00;Steuern und Abgaben;8000.0;12000.0;8014.9;-4000.0;-33.33;;192
23;Baudepartement;2371;Strassenverkehrs- und Schifffahrtsamt;;;3150.00;Unterhalt Büromöbel und -geräte;;2000.0;;-2000.0;-100.0;;192
23;Baudepartement;2371;Strassenverkehrs- und Schifffahrtsamt;;;3151.00;Unterhalt Maschinen, Geräte, Fahrzeuge;20000.0;20000.0;23647.3;;;;192
23;Baudepartement;2371;Strassenverkehrs- und Schifffahrtsamt;;;3158.00;Unterhalt immaterielle Anlagen;8000.0;16900.0;5504.1;-8900.0;-52.66;;192
23;Baudepartement;2371;Strassenverkehrs- und Schifffahrtsamt;;;3160.00;Mieten und Pachten Liegenschaften;;;3937.5;;;;192
23;Baudepartement;2371;Strassenverkehrs- und Schifffahrtsamt;;;3161.00;Mieten, Benützungskosten Anlagen;5900.0;19900.0;14061.9;-14000.0;-70.35;Der Minderaufwand resultiert aus der Verlagerung der Miete für IT- Hardware (Multifunktionsgeräte, Netzwerkdrucker usw.), welche gesamthaft unter dem Konto 2371.3133.00 budgetiert ist.;192
23;Baudepartement;2371;Strassenverkehrs- und Schifffahrtsamt;;;3170.00;Reisekosten und Spesen;30000.0;34000.0;32998.17;-4000.0;-11.76;;192
23;Baudepartement;2371;Strassenverkehrs- und Schifffahrtsamt;;;3181.00;Tatsächliche Forderungsverluste;10000.0;10000.0;22937.87;;;;192
23;Baudepartement;2371;Strassenverkehrs- und Schifffahrtsamt;;;3199.00;Übriger Betriebsaufwand;3500.0;3500.0;4452.4;;;;192
23;Baudepartement;2371;Strassenverkehrs- und Schifffahrtsamt;;;3610.00;Entschädigungen an Bund;5000.0;5000.0;5028.0;;;;192
23;Baudepartement;2371;Strassenverkehrs- und Schifffahrtsamt;;;3614.00;Entschädigungen an öffentliche Unternehmungen;;;8750.0;;;;192
23;Baudepartement;2371;Strassenverkehrs- und Schifffahrtsamt;;;3630.00;Beiträge an den Bund;100.0;100.0;84.0;;;;192
23;Baudepartement;2371;Strassenverkehrs- und Schifffahrtsamt;;;3631.00;Beiträge an Kantone und Konkordate;1800.0;1800.0;970.0;;;;192
23;Baudepartement;2371;Strassenverkehrs- und Schifffahrtsamt;;;3634.00;Beiträge an öffentliche Unternehmungen;;;400000.0;;;;192
23;Baudepartement;2371;Strassenverkehrs- und Schifffahrtsamt;;;3910.00;IV Dienstleistungen;200000.0;200000.0;200000.0;;;;192
23;Baudepartement;2371;Strassenverkehrs- und Schifffahrtsamt;;;3910.10;IV Betreibungskosten;25000.0;12000.0;29621.65;13000.0;108.33;Der Mehraufwand resultiert aus der Zunahme der Betreibungskosten.;192
23;Baudepartement;2371;Strassenverkehrs- und Schifffahrtsamt;;;4210.00;Gebühren für Amtshandlungen;-5007000.0;-4970000.0;-4791889.7;-37000.0;0.74;Die Mehreinnahmen resultieren hauptsächlich aus der Zunahme der Fahrzeug- und Führerprüfungen sowie der Führer- und Fahrzeugausweise.;192
23;Baudepartement;2371;Strassenverkehrs- und Schifffahrtsamt;;;4250.00;Verkäufe;-266000.0;-262000.0;-321056.3;-4000.0;1.53;;192
23;Baudepartement;2371;Strassenverkehrs- und Schifffahrtsamt;;;4260.00;Rückerstattungen und Kostenbeteiligungen Dritter;-210000.0;-205000.0;-215307.85;-5000.0;2.44;;192
23;Baudepartement;2371;Strassenverkehrs- und Schifffahrtsamt;;;4290.00;Übrige Entgelte;-2000.0;-2000.0;-862.0;;;;193
23;Baudepartement;2371;Strassenverkehrs- und Schifffahrtsamt;;;4309.00;Übrige betriebliche Erträge;-55000.0;-50000.0;-64923.2;-5000.0;10.0;;193
23;Baudepartement;2371;Strassenverkehrs- und Schifffahrtsamt;;;4600.90;Anteil am Ertrag übriger Bundeseinnahmen;-95000.0;-114000.0;-127891.4;19000.0;-16.67;Die Mindereinnahmen resultieren aus dem Rückgang der Vergütung für die Verkäufe der Autobahnvignetten, infolge Einführung der E-Vignette per 1. August 2023.;193
23;Baudepartement;2371;Strassenverkehrs- und Schifffahrtsamt;;;4610.00;Entschädigungen vom Bund;-85000.0;-90000.0;-183969.0;5000.0;-5.56;;193
23;Baudepartement;2371;Strassenverkehrs- und Schifffahrtsamt;;;4910.00;IV Dienstleistungen;-20000.0;-20000.0;-20000.0;;;;193
23;Baudepartement;2371;Strassenverkehrs- und Schifffahrtsamt;;;4930.00;IV Betriebs- und Verwaltungskosten;-986000.0;-866000.0;-806000.0;-120000.0;13.86;Der Verwaltungsaufwand für die Erhebung der Strassenverkehrssteuern wurde gemäss § 25a Abs. 2 Strassenverordnung (SHR 725.101) aktualisiert.;193
23;Baudepartement;2375;Öffentlicher Verkehr;;;3010.00;Löhne des Verwaltungs- und Betriebspersonals;429800.0;428400.0;426644.0;1400.0;0.33;;193
23;Baudepartement;2375;Öffentlicher Verkehr;;;3050.00;AG-Beiträge AHV, IV, EO, ALV, Verwaltungskosten;27900.0;27900.0;27471.5;;;;193
23;Baudepartement;2375;Öffentlicher Verkehr;;;3052.00;AG-Beiträge an Pensionskassen;47700.0;57300.0;64788.6;-9600.0;-16.75;;193
23;Baudepartement;2375;Öffentlicher Verkehr;;;3053.00;AG-Beiträge an Unfallversicherungen;2600.0;2500.0;2185.9;100.0;4.0;;193
23;Baudepartement;2375;Öffentlicher Verkehr;;;3054.00;AG-Beiträge an Familienzulagekassen;5200.0;5500.0;5545.65;-300.0;-5.45;;193
23;Baudepartement;2375;Öffentlicher Verkehr;;;3059.10;AG-Beiträge Sozialfonds;300.0;300.0;323.7;;;;193
23;Baudepartement;2375;Öffentlicher Verkehr;;;3099.00;Übriger Personalaufwand;800.0;800.0;420.0;;;;193
23;Baudepartement;2375;Öffentlicher Verkehr;;;3100.00;Büromaterial;1600.0;1800.0;1637.87;-200.0;-11.11;;193
23;Baudepartement;2375;Öffentlicher Verkehr;;;3102.00;Drucksachen, Publikationen;500.0;20000.0;486.45;-19500.0;-97.5;Reduktion Sachaufwand.;193
23;Baudepartement;2375;Öffentlicher Verkehr;;;3103.00;Fachliteratur, Zeitschriften;2700.0;2500.0;2735.1;200.0;8.0;;193
23;Baudepartement;2375;Öffentlicher Verkehr;;;3113.00;Hardware;1600.0;1500.0;1630.15;100.0;6.67;;193
23;Baudepartement;2375;Öffentlicher Verkehr;;;3118.00;Immaterielle Anlagen;;1500.0;;-1500.0;-100.0;;193
23;Baudepartement;2375;Öffentlicher Verkehr;;;3130.00;Dienstleistungen Dritter;269400.0;290000.0;78379.73;-20600.0;-7.1;Reduktion Sachaufwand.;193
23;Baudepartement;2375;Öffentlicher Verkehr;;;3133.00;Informatik-Nutzungsaufwand;24400.0;25000.0;24230.35;-600.0;-2.4;;193
23;Baudepartement;2375;Öffentlicher Verkehr;;;3153.00;Informatik-Unterhalt (Hardware);700.0;1500.0;682.0;-800.0;-53.33;;193
23;Baudepartement;2375;Öffentlicher Verkehr;;;3158.00;Unterhalt immaterielle Anlagen;10200.0;13600.0;10183.0;-3400.0;-25.0;;193
23;Baudepartement;2375;Öffentlicher Verkehr;;;3160.00;Mieten und Pachten Liegenschaften;3400.0;3500.0;3370.2;-100.0;-2.86;;193
23;Baudepartement;2375;Öffentlicher Verkehr;;;3161.00;Mieten, Benützungskosten Anlagen;200.0;4000.0;186.65;-3800.0;-95.0;;193
23;Baudepartement;2375;Öffentlicher Verkehr;;;3170.00;Reisekosten und Spesen;8600.0;12000.0;8623.7;-3400.0;-28.33;;194
23;Baudepartement;2375;Öffentlicher Verkehr;;;3199.00;Übriger Betriebsaufwand;100.0;1500.0;109.0;-1400.0;-93.33;;194
23;Baudepartement;2375;Öffentlicher Verkehr;;;3630.00;Beiträge an den Bund;5905400.0;5233000.0;5282675.0;672400.0;12.85;Erhöhung aufgrund Bekanntgabe des provisorischen Beteiligungsschlüssels für den BIF (Bahninfrastrukturfonds) seitens Bundesamt für Verkehr.;194
23;Baudepartement;2375;Öffentlicher Verkehr;;;3631.00;Beiträge an Kantone und Konkordate;12000.0;12000.0;9964.0;;;;194
23;Baudepartement;2375;Öffentlicher Verkehr;;;3634.00;Beiträge an öffentliche Unternehmungen;14008000.0;13050000.0;12027487.21;958000.0;7.34;Erhöhung aufgrund gestiegener Abgeltungen bei den Offerten der Transportunternehmen und tieferer Kantonsquote seitens Bundesamt für Verkehr.;194
23;Baudepartement;2375;Öffentlicher Verkehr;;;3635.00;Beiträge an private Unternehmungen;320500.0;180500.0;150390.0;140000.0;77.56;Erhöhung aufgrund steigendem Beitrag für die Schifffahrtsgesellschaft Untersee & Rhein AG (Gesuch URh Mai 2026).;194
23;Baudepartement;2375;Öffentlicher Verkehr;;;3638.00;Beiträge an das Ausland;3050000.0;2530000.0;2608996.15;520000.0;20.55;Im Jahr 2027 fallen erste Kosten für die Vorbereitung der Einführung des Hochrhein-Bodensee-Express an (Einführung per 12.2027), beispielsweise Ausbildung der Lokführer.;194
23;Baudepartement;2375;Öffentlicher Verkehr;;;3660.20;Planmässige Abschreibungen Invest.beiträge an Gemeinden;71700.0;;;71700.0;;;194
23;Baudepartement;2375;Öffentlicher Verkehr;;;3660.40;Planmässige Abschreibungen Invest.beiträge an öffentliche Unternehmungen;1530900.0;1530900.0;1530913.0;;;;194
23;Baudepartement;2375;Öffentlicher Verkehr;;;3660.80;Planmässige Abschreibungen Invest.beiträge an Ausland;677600.0;677600.0;677605.0;;;;194
23;Baudepartement;2375;Öffentlicher Verkehr;;;4614.00;Entschädigungen von öffentlichen Unternehmungen;;;-15901.0;;;;194
23;Baudepartement;2375;Öffentlicher Verkehr;;;4630.00;Beiträge vom Bund;-430000.0;-430000.0;-394276.0;;;;194
23;Baudepartement;2375;Öffentlicher Verkehr;;;4632.10;Laufende Betriebsbeiträge von innerkantonalen Gemeinden und Gemeindezweckverbände;-3000000.0;-2500000.0;-2905505.0;-500000.0;20.0;Aufgrund gestiegener Abgeltungen steigen auch die Gemeindebeiträge entsprechend an.;194
23;Baudepartement;2375;Öffentlicher Verkehr;;;4980.00;Übertragungen;-2700000.0;-2695800.0;-2709328.8;-4200.0;0.16;Tiefere Zuscheidung der LSVA.;194
23;Baudepartement;2380;Rheinfall;;;3101.00;Betriebs- und Verbrauchsmaterial;2000.0;2000.0;2000.0;;;;195
23;Baudepartement;2380;Rheinfall;;;3120.00;Ver- und Entsorgung Liegenschaften VV;39200.0;32000.0;39244.63;7200.0;22.5;;195
23;Baudepartement;2380;Rheinfall;;;3130.00;Dienstleistungen Dritter;375600.0;300000.0;375597.54;75600.0;25.2;Der Aufwand umfasst Beträge an die Rheinfallentwicklung, externe Aufträge sowie Entschädigungen für Begleitkommissionen und Fachexperten. Zusätzlich sind Mittel für den Betrieb und die Nutzung von Debitkarten eingestellt.;195
23;Baudepartement;2380;Rheinfall;;;3131.00;Planungen und Projektierungen Dritter;674800.0;670000.0;293409.85;4800.0;0.72;;195
23;Baudepartement;2380;Rheinfall;;;3134.00;Sachversicherungsprämien;1400.0;1400.0;1379.31;;;;195
23;Baudepartement;2380;Rheinfall;;;3137.00;Steuern und Abgaben;104800.0;103600.0;104754.01;1200.0;1.16;;195
23;Baudepartement;2380;Rheinfall;;;3144.00;Unterhalt Hochbauten, Gebäude;39700.0;50000.0;39693.45;-10300.0;-20.6;Aufgrund der in den vergangenen Jahren erhöhten Ausgaben für Unterhalts- und Instandsetzungsmassnahmen an den Liegenschaften des Verwaltungsvermögens kann der Aufwand im Budget 2027 wieder etwas reduziert werden.;195
23;Baudepartement;2380;Rheinfall;;;3300.60;Planmässige Abschreibungen Mobilien;55200.0;55200.0;55226.0;;;;195
23;Baudepartement;2380;Rheinfall;;;3320.00;Planmässige Abschreibungen immaterielle Anlagen;24200.0;24200.0;24152.0;;;;195
23;Baudepartement;2380;Rheinfall;;;3430.00;Baulicher Unterhalt Liegenschaften FV;3800000.0;4890000.0;1133769.01;-1090000.0;-22.29;Für 2027 sind verschiedene Unterhalts- und Erneuerungsmassnahmen an den Liegenschaften am Rheinfall vorgesehen. Dazu gehören die Sanierung des Dachstuhls des Schlössli Wörth einschliesslich der Erneuerung der Kälte- und Lüftungsanlagen, der Innenausbau des Mühlenradhauses, die Aufwertung des Vorplatzes im Zusammenhang mit der Neuerschliessung der Liegenschaft sowie der Ersatz der Wärme- und Kälteerzeugung im Restaurant Park.;196
23;Baudepartement;2380;Rheinfall;;;3430.10;Baulicher Unterhalt Liegenschaften FV - Rheinfallflächen;120000.0;100000.0;120104.6;20000.0;20.0;Basis: Rechnung 2025.;196
23;Baudepartement;2380;Rheinfall;;;3431.00;Nicht baulicher Unterhalt Liegenschaften FV;10000.0;10000.0;2360.35;;;;196
23;Baudepartement;2380;Rheinfall;;;3431.10;Nicht baulicher Unterhalt Liegenschaften FV - Parkierungsanlagen;760000.0;660000.0;659156.65;100000.0;15.15;Anpassungen der Dienstleistungen in der Parkplatz- und Flächenbewirtschaftung aufgrund von Reklamationen.;196
23;Baudepartement;2380;Rheinfall;;;3439.00;Übriger Liegenschaftsaufwand FV;89000.0;89000.0;99004.55;;;;196
23;Baudepartement;2380;Rheinfall;;;3499.00;Übriger Finanzaufwand;;;14409.29;;;;196
23;Baudepartement;2380;Rheinfall;;;3631.00;Beiträge an Kantone und Konkordate;90000.0;90000.0;90000.0;;;;196
23;Baudepartement;2380;Rheinfall;;;3635.00;Beiträge an private Unternehmungen;45000.0;45000.0;43824.0;;;;196
23;Baudepartement;2380;Rheinfall;;;3910.00;IV Dienstleistungen;80000.0;80000.0;74010.45;;;;196
23;Baudepartement;2380;Rheinfall;;;3930.00;IV Betriebs- und Verwaltungskosten;352000.0;320000.0;370959.8;32000.0;10.0;Anpassungen der Leistungen von Tiefbau Schaffhausen aufgrund von Reklamationen.;196
23;Baudepartement;2380;Rheinfall;;;4260.00;Rückerstattungen und Kostenbeteiligungen Dritter;-22000.0;-22000.0;-9708.9;;;;196
23;Baudepartement;2380;Rheinfall;;;4430.00;Pacht- und Mietzinse Liegenschaften FV;-1524800.0;-1324800.0;-1129215.35;-200000.0;15.1;Die höheren Erträge resultieren aus der Wiederinbetriebnahme des Gastronomiebetriebs im Restaurant Park.;196
23;Baudepartement;2380;Rheinfall;;;4430.10;Einnahmen Parking Rheinfall;-1955200.0;-1955200.0;-1881430.14;;;;196
23;Baudepartement;2380;Rheinfall;;;4635.00;Beiträge von privaten Unternehmungen;-45000.0;-45000.0;-50807.0;;;;196
23;Baudepartement;2398;;2398.7214;Liegenschaften Areal Breitenau, Nutzung Spitäler Schaffhausen;3130.00;Dienstleistungen Dritter;100.0;;65.27;100.0;;;197
23;Baudepartement;2398;;2398.7214;Liegenschaften Areal Breitenau, Nutzung Spitäler Schaffhausen;3134.00;Sachversicherungsprämien;42900.0;44000.0;42871.2;-1100.0;-2.5;;197
23;Baudepartement;2398;;2398.7214;Liegenschaften Areal Breitenau, Nutzung Spitäler Schaffhausen;3137.00;Steuern und Abgaben;300.0;300.0;285.2;;;;197
23;Baudepartement;2398;;2398.7214;Liegenschaften Areal Breitenau, Nutzung Spitäler Schaffhausen;3144.00;Unterhalt Hochbauten, Gebäude;317700.0;350000.0;317717.9;-32300.0;-9.23;Der Aufwand umfasst verschiedene Unterhalts- und Instandsetzungsmassnahmen, insbesondere die Behebung von Feuchtigkeitsschäden im Untergeschoss des Hauptgebäudes, die Instandhaltung und Instandsetzung der bestehenden Heizungsanlage, den Ersatz von Dachfenstern sowie die Erneuerung von Kälteanlagen und Elektroinstallationen.;197
23;Baudepartement;2398;;2398.7214;Liegenschaften Areal Breitenau, Nutzung Spitäler Schaffhausen;3300.40;Planmässige Abschreibungen Hochbauten;;24000.0;;-24000.0;-100.0;;197
23;Baudepartement;2398;;2398.7214;Liegenschaften Areal Breitenau, Nutzung Spitäler Schaffhausen;3431.00;Nicht baulicher Unterhalt Liegenschaften FV;;;194.6;;;;197
23;Baudepartement;2398;;2398.7214;Liegenschaften Areal Breitenau, Nutzung Spitäler Schaffhausen;3499.00;Übriger Finanzaufwand;;;37.39;;;;197
23;Baudepartement;2398;;2398.7214;Liegenschaften Areal Breitenau, Nutzung Spitäler Schaffhausen;3910.00;IV Dienstleistungen;35000.0;35000.0;31771.79;;;;197
23;Baudepartement;2398;;2398.7214;Liegenschaften Areal Breitenau, Nutzung Spitäler Schaffhausen;4470.00;Pacht- und Mietzinse Liegenschaften VV;-905000.0;-905000.0;-905380.0;;;;197
23;Baudepartement;2398;;2398.7214;Liegenschaften Areal Breitenau, Nutzung Spitäler Schaffhausen;9010.00;Abschluss Spezialfinanzierungen und Fonds des Eigenkapitals, Ertragsüberschuss;509000.0;451700.0;512436.65;57300.0;12.69;;197
23;Baudepartement;2398;;2398.7231;Fonds zur Finanzierung von Massnahmen im Interesse des Natur- und Heimatschutzes;3632.15;Beiträge an Gemeinden und Gemeindezweckverbände Denkmalpflege und Heimatschutz;180000.0;180000.0;121865.0;;;;197
23;Baudepartement;2398;;2398.7231;Fonds zur Finanzierung von Massnahmen im Interesse des Natur- und Heimatschutzes;3632.17;Beiträge an Gemeinden und Gemeindezweckverbände Naturschutz;124000.0;124000.0;1609.65;;;;197
23;Baudepartement;2398;;2398.7231;Fonds zur Finanzierung von Massnahmen im Interesse des Natur- und Heimatschutzes;3635.12;Beiträge an private Unternehmungen Denkmalpflege und Heimatschutz;20000.0;20000.0;131036.0;;;;197
23;Baudepartement;2398;;2398.7231;Fonds zur Finanzierung von Massnahmen im Interesse des Natur- und Heimatschutzes;3635.13;Beiträge an private Unternehmungen Naturschutz;25000.0;25000.0;3157.5;;;;197
23;Baudepartement;2398;;2398.7231;Fonds zur Finanzierung von Massnahmen im Interesse des Natur- und Heimatschutzes;3636.03;Beiträge an private Organisationen ohne Erwerbszweck Denkmalpflege und Heimatschutz;10000.0;10000.0;196732.0;;;;197
23;Baudepartement;2398;;2398.7231;Fonds zur Finanzierung von Massnahmen im Interesse des Natur- und Heimatschutzes;3636.05;Beiträge an private Organisationen ohne Erwerbszweck Naturschutz;11000.0;11000.0;28678.93;;;;197
23;Baudepartement;2398;;2398.7231;Fonds zur Finanzierung von Massnahmen im Interesse des Natur- und Heimatschutzes;3637.04;Beiträge an Private Haushalte Denkmalpflege und Heimatschutz;190000.0;190000.0;222951.0;;;;198
23;Baudepartement;2398;;2398.7231;Fonds zur Finanzierung von Massnahmen im Interesse des Natur- und Heimatschutzes;3637.05;Beiträge an Private Haushalte Naturschutz;175000.0;175000.0;;;;;198
23;Baudepartement;2398;;2398.7231;Fonds zur Finanzierung von Massnahmen im Interesse des Natur- und Heimatschutzes;3910.00;IV Dienstleistungen;1500.0;1000.0;1725.0;500.0;50.0;;198
23;Baudepartement;2398;;2398.7231;Fonds zur Finanzierung von Massnahmen im Interesse des Natur- und Heimatschutzes;3980.00;Übertragungen;65000.0;65000.0;64793.8;;;;198
23;Baudepartement;2398;;2398.7231;Fonds zur Finanzierung von Massnahmen im Interesse des Natur- und Heimatschutzes;4980.00;Übertragungen;-800000.0;-800000.0;-800000.0;;;;198
23;Baudepartement;2398;;2398.7231;Fonds zur Finanzierung von Massnahmen im Interesse des Natur- und Heimatschutzes;9010.00;Abschluss Spezialfinanzierungen und Fonds des Eigenkapitals, Ertragsüberschuss;;;27451.12;;;;198
23;Baudepartement;2398;;2398.7231;Fonds zur Finanzierung von Massnahmen im Interesse des Natur- und Heimatschutzes;9011.00;Abschluss Spezialfinanzierungen und Fonds des Eigenkapitals, Aufwandüberschuss;-1500.0;-1000.0;;-500.0;50.0;;198
23;Baudepartement;2398;;2398.7236;Klimafonds (Bereich Energie/Klimaschutz);3130.41;Dienstleistungen Dritter (BD-ÖV);;;142542.44;;;;198
23;Baudepartement;2398;;2398.7236;Klimafonds (Bereich Energie/Klimaschutz);3632.40;Beiträge an innerkantonale Gemeinden und Gemeindezweckverbände (BD-EF);;;87119.99;;;;198
23;Baudepartement;2398;;2398.7236;Klimafonds (Bereich Energie/Klimaschutz);3634.41;Beiträge an öffentliche Unternehmungen (BD-EF);;;89481.4;;;;198
23;Baudepartement;2398;;2398.7236;Klimafonds (Bereich Energie/Klimaschutz);3635.40;Beiträge an private Unternehmungen (BD-EF);;;1668566.2;;;;198
23;Baudepartement;2398;;2398.7236;Klimafonds (Bereich Energie/Klimaschutz);3636.00;Beiträge an private Organisationen ohne Erwerbszweck;;60500.0;;-60500.0;-100.0;Die Klimastrategiemassnahme «Netzwerk Zirkuläres Bauen» (M03.6) wurde 2026 einmalig mit einem Beitrag von Fr. 60'500 unterstützt.;198
23;Baudepartement;2398;;2398.7236;Klimafonds (Bereich Energie/Klimaschutz);3636.40;Beiträge an private Organisationen ohne Erwerbszweck (BD-EF);;;124649.94;;;;198
23;Baudepartement;2398;;2398.7236;Klimafonds (Bereich Energie/Klimaschutz);3637.40;Beiträge an Private Haushalte (BD-EF);5500000.0;4300000.0;2129522.11;1200000.0;27.91;Aufgrund der Sparbemühungen des Bundes (EP27) werden die Bundesmittel am Energieförderprogramm (M03.2) um rund 20% gekürzt. Diese Kürzung greift bereits 2027 und soll durch Kantonsmittel kompensiert werden.;198
23;Baudepartement;2398;;2398.7236;Klimafonds (Bereich Energie/Klimaschutz);3702.40;Durchlaufende Beiträge an innerkantonale Gemeinden und Gemeindezweckverbände (BD-EF);;;316868.07;;;;198
23;Baudepartement;2398;;2398.7236;Klimafonds (Bereich Energie/Klimaschutz);3704.40;Durchlaufende Beiträge an öffentliche Unternehmungen (BD-EF);;;90984.6;;;;198
23;Baudepartement;2398;;2398.7236;Klimafonds (Bereich Energie/Klimaschutz);3705.40;Durchlaufende Beiträge an private Unternehmungen (BD-EF);;;2526247.8;;;;198
23;Baudepartement;2398;;2398.7236;Klimafonds (Bereich Energie/Klimaschutz);3706.40;Durchlaufende Beiträge an private Organisationen ohne Erwerbszweck (BD-EF);;;190289.06;;;;198
23;Baudepartement;2398;;2398.7236;Klimafonds (Bereich Energie/Klimaschutz);3707.40;Durchlaufende Beiträge an Private Haushalte (BD-EF);3500000.0;4000000.0;2718231.59;-500000.0;-12.5;Aufgrund der Sparbemühungen des Bundes (EP27) werden die Bundesmittel am Energieförderprogramm (M03.2) um rund 20% gekürzt. Bei den budgetierten Auszahlungen zeigt sich die Kürzung zeitlich verzögert.;199
23;Baudepartement;2398;;2398.7236;Klimafonds (Bereich Energie/Klimaschutz);4632.40;Laufende Betriebsbeiträge von innerkantonalen Gemeinden und Gemeindezweckverbände (BD-EF);;;-320884.05;;;;199
23;Baudepartement;2398;;2398.7236;Klimafonds (Bereich Energie/Klimaschutz);4700.40;Durchlaufende Beiträge (BD-EF);-3500000.0;-4000000.0;-5842621.12;500000.0;-12.5;Dies ist das Gegenkonto zum Konto 2398.7236.3707.40. Die entsprechenden Erläuterungen gelten sinngemäss.;199
23;Baudepartement;2398;;2398.7236;Klimafonds (Bereich Energie/Klimaschutz);4980.00;Übertragungen;-5500000.0;-4000000.0;-1000000.0;-1500000.0;37.5;Da der Bund spart, müssen die Kantonsmittel erhöht werde (vgl. Erläuterung zu 2398.7236.3637.40). Dadurch erhöht sich die Einlage in den Energie- und Klimafonds, um die gesetzlich definierten Grenzen einzuhalten.;199
23;Baudepartement;2398;;2398.7236;Klimafonds (Bereich Energie/Klimaschutz);9011.00;Abschluss Spezialfinanzierungen und Fonds des Eigenkapitals, Aufwandüberschuss;;-360500.0;-2920998.03;360500.0;-100.0;;199
23;Baudepartement;2398;;2398.7237;Klimafonds (Bereich Klimaanpassung);3090.46;Aus- und Weiterbildung des eigenen Personals (BD- Forst);;10000.0;;-10000.0;-100.0;;199
23;Baudepartement;2398;;2398.7237;Klimafonds (Bereich Klimaanpassung);3101.46;Betriebs- und Verbrauchsmaterial (BD-Forst);;;11823.13;;;;199
23;Baudepartement;2398;;2398.7237;Klimafonds (Bereich Klimaanpassung);3130.42;Dienstleistungen Dritter (DI-Fischerei);8200.0;20000.0;8236.8;-11800.0;-59.0;Diverse Massnahmen müssen jährlich durchgeführt werden. Diese können gemäss Fondsreglement nicht mehr über den Energie- und Klimafonds finanziert werden.;199
23;Baudepartement;2398;;2398.7237;Klimafonds (Bereich Klimaanpassung);3130.43;Dienstleistungen Dritter (BD-Raumplanung);125000.0;51000.0;31799.1;74000.0;145.1;Bei der Pilotuntersuchung in Beringen ergeben sich neue Fragen. Es wird ein Zusatzkredit beantragt.;199
23;Baudepartement;2398;;2398.7237;Klimafonds (Bereich Klimaanpassung);3130.44;Dienstleistungen Dritter (BD-Naturschutz);50000.0;60000.0;34239.5;-10000.0;-16.67;Erhöhung aufgrund des Finanzplans des Verpflichtungskredites.;199
23;Baudepartement;2398;;2398.7237;Klimafonds (Bereich Klimaanpassung);3130.45;Dienstleistungen Dritter (BD-Tiefbauamt);50000.0;50000.0;;;;;199
23;Baudepartement;2398;;2398.7237;Klimafonds (Bereich Klimaanpassung);3130.46;Dienstleistungen Dritter (BD-Forst);25000.0;125000.0;4500.7;-100000.0;-80.0;;199
23;Baudepartement;2398;;2398.7237;Klimafonds (Bereich Klimaanpassung);3131.45;Planungen und Projektierungen Dritter (BD-Wasserbau);125000.0;100000.0;3687.65;25000.0;25.0;2027 sind Mehrausgaben für die Grundwassermodelle geplant.;199
23;Baudepartement;2398;;2398.7237;Klimafonds (Bereich Klimaanpassung);3142.45;Unterhalt Wasserbau (BD-Wasserbau);157500.0;147500.0;126562.78;10000.0;6.78;;200
23;Baudepartement;2398;;2398.7237;Klimafonds (Bereich Klimaanpassung);3611.05;Entschädigung an Interkantonales Labor;568000.0;515000.0;350805.44;53000.0;10.29;Projektgebundene Mehrausgaben.;200
23;Baudepartement;2398;;2398.7237;Klimafonds (Bereich Klimaanpassung);3631.46;Beiträge an Kantone und Konkordate (BD-Forst);30000.0;20000.0;37.4;10000.0;50.0;;200
23;Baudepartement;2398;;2398.7237;Klimafonds (Bereich Klimaanpassung);3632.46;Beiträge an innerkantonale Gemeinden und Gemeindezweckverbände (BD-Forst);146000.0;96000.0;49812.9;50000.0;52.08;;200
23;Baudepartement;2398;;2398.7237;Klimafonds (Bereich Klimaanpassung);3636.46;Beiträge an private Organisationen ohne Erwerbszweck (BD-Forst);2000.0;2000.0;;;;;200
23;Baudepartement;2398;;2398.7237;Klimafonds (Bereich Klimaanpassung);3637.46;Beiträge an Private Haushalte (BD-Forst);2000.0;2000.0;3776.5;;;;200
23;Baudepartement;2398;;2398.7237;Klimafonds (Bereich Klimaanpassung);3910.00;IV Dienstleistungen;;;59927.05;;;;200
23;Baudepartement;2398;;2398.7237;Klimafonds (Bereich Klimaanpassung);4980.00;Übertragungen;-1000000.0;-1300000.0;;300000.0;-23.08;Der Äufnungsbetrag wird so festgelegt, dass die gesetzlich vorgegebenen Schwellen im Bereich Klimaanpassung eingehalten werden.;200
23;Baudepartement;2398;;2398.7237;Klimafonds (Bereich Klimaanpassung);9010.00;Abschluss Spezialfinanzierungen und Fonds des Eigenkapitals, Ertragsüberschuss;;101500.0;;-101500.0;-100.0;;200
23;Baudepartement;2398;;2398.7237;Klimafonds (Bereich Klimaanpassung);9011.00;Abschluss Spezialfinanzierungen und Fonds des Eigenkapitals, Aufwandüberschuss;-288700.0;;-685208.95;-288700.0;;;200
23;Baudepartement;2398;;2398.7238;Mehrwertausgleichsfonds;3132.00;Honorare externe Berater, Gutachter, Fachexperten etc.;2000.0;2000.0;;;;;200
23;Baudepartement;2398;;2398.7238;Mehrwertausgleichsfonds;9011.00;Abschluss Spezialfinanzierungen und Fonds des Eigenkapitals, Aufwandüberschuss;-2000.0;-2000.0;;;;;200
23;Baudepartement;2398;;2398.7239;Kantonaler Strassenfonds;3632.10;Beiträge an innerkantonale Gemeinden und Gemeindezweckverbände;750600.0;421600.0;1891536.21;329000.0;78.04;;200
23;Baudepartement;2398;;2398.7239;Kantonaler Strassenfonds;3930.00;IV Betriebs- und Verwaltungskosten;960000.0;840000.0;780000.0;120000.0;14.29;;200
23;Baudepartement;2398;;2398.7239;Kantonaler Strassenfonds;3980.00;Übertragungen;11989400.0;12577000.0;11289124.39;-587600.0;-4.67;;200
23;Baudepartement;2398;;2398.7239;Kantonaler Strassenfonds;4980.00;Übertragungen;-13700000.0;-13838600.0;-13960660.6;138600.0;-1.0;;200
24;Volkswirtschaftsdepartement;2400;Sekretariat;;;3010.00;Löhne des Verwaltungs- und Betriebspersonals;284700.0;284100.0;307206.85;600.0;0.21;;201
24;Volkswirtschaftsdepartement;2400;Sekretariat;;;3050.00;AG-Beiträge AHV, IV, EO, ALV, Verwaltungskosten;18500.0;18500.0;17359.25;;;;201
24;Volkswirtschaftsdepartement;2400;Sekretariat;;;3052.00;AG-Beiträge an Pensionskassen;31600.0;38000.0;27393.8;-6400.0;-16.84;;201
24;Volkswirtschaftsdepartement;2400;Sekretariat;;;3053.00;AG-Beiträge an Unfallversicherungen;1700.0;1600.0;403.65;100.0;6.25;;201
24;Volkswirtschaftsdepartement;2400;Sekretariat;;;3054.00;AG-Beiträge an Familienzulagekassen;3400.0;3700.0;3993.5;-300.0;-8.11;;201
24;Volkswirtschaftsdepartement;2400;Sekretariat;;;3059.10;AG-Beiträge Sozialfonds;200.0;200.0;58.55;;;;201
24;Volkswirtschaftsdepartement;2400;Sekretariat;;;3090.00;Aus- und Weiterbildung des eigenen Personals;1500.0;1500.0;;;;;201
24;Volkswirtschaftsdepartement;2400;Sekretariat;;;3099.00;Übriger Personalaufwand;2000.0;2000.0;1300.0;;;;201
24;Volkswirtschaftsdepartement;2400;Sekretariat;;;3100.00;Büromaterial;1300.0;3000.0;1256.65;-1700.0;-56.67;;201
24;Volkswirtschaftsdepartement;2400;Sekretariat;;;3103.00;Fachliteratur, Zeitschriften;1300.0;2000.0;1288.0;-700.0;-35.0;;201
24;Volkswirtschaftsdepartement;2400;Sekretariat;;;3113.00;Hardware;400.0;2000.0;371.3;-1600.0;-80.0;;201
24;Volkswirtschaftsdepartement;2400;Sekretariat;;;3130.00;Dienstleistungen Dritter;19200.0;32100.0;19173.41;-12900.0;-40.19;Es wird mit Ausgaben analog Rechnungsjahr 2025 gerechnet.;201
24;Volkswirtschaftsdepartement;2400;Sekretariat;;;3133.00;Informatik-Nutzungsaufwand;19800.0;17700.0;16553.8;2100.0;11.86;;201
24;Volkswirtschaftsdepartement;2400;Sekretariat;;;3161.00;Mieten, Benützungskosten Anlagen;1300.0;3000.0;1345.87;-1700.0;-56.67;;201
24;Volkswirtschaftsdepartement;2400;Sekretariat;;;3170.00;Reisekosten und Spesen;1400.0;2500.0;1385.8;-1100.0;-44.0;;201
24;Volkswirtschaftsdepartement;2400;Sekretariat;;;3199.00;Übriger Betriebsaufwand;7500.0;4000.0;7475.25;3500.0;87.5;;201
24;Volkswirtschaftsdepartement;2400;Sekretariat;;;3611.00;Entschädigungen an Kantone und Konkordate;;;3460.0;;;;201
24;Volkswirtschaftsdepartement;2400;Sekretariat;;;3631.00;Beiträge an Kantone und Konkordate;27500.0;25000.0;27243.8;2500.0;10.0;;201
24;Volkswirtschaftsdepartement;2400;Sekretariat;;;4039.10;Kurtaxe;;;-1395.0;;;;201
24;Volkswirtschaftsdepartement;2402;Datenschutz;;;3010.00;Löhne des Verwaltungs- und Betriebspersonals;198000.0;198600.0;171803.2;-600.0;-0.3;;201
24;Volkswirtschaftsdepartement;2402;Datenschutz;;;3050.00;AG-Beiträge AHV, IV, EO, ALV, Verwaltungskosten;12900.0;12900.0;11170.45;;;;201
24;Volkswirtschaftsdepartement;2402;Datenschutz;;;3052.00;AG-Beiträge an Pensionskassen;22000.0;26600.0;25983.6;-4600.0;-17.29;;201
24;Volkswirtschaftsdepartement;2402;Datenschutz;;;3053.00;AG-Beiträge an Unfallversicherungen;1200.0;1100.0;386.3;100.0;9.09;;201
24;Volkswirtschaftsdepartement;2402;Datenschutz;;;3054.00;AG-Beiträge an Familienzulagekassen;2400.0;2600.0;2233.55;-200.0;-7.69;;201
24;Volkswirtschaftsdepartement;2402;Datenschutz;;;3059.10;AG-Beiträge Sozialfonds;200.0;200.0;137.55;;;;201
24;Volkswirtschaftsdepartement;2402;Datenschutz;;;3090.00;Aus- und Weiterbildung des eigenen Personals;2000.0;2000.0;700.0;;;;201
24;Volkswirtschaftsdepartement;2402;Datenschutz;;;3100.00;Büromaterial;400.0;900.0;383.1;-500.0;-55.56;;201
24;Volkswirtschaftsdepartement;2402;Datenschutz;;;3103.00;Fachliteratur, Zeitschriften;;500.0;;-500.0;-100.0;;202
24;Volkswirtschaftsdepartement;2402;Datenschutz;;;3130.00;Dienstleistungen Dritter;3500.0;2400.0;3471.0;1100.0;45.83;;202
24;Volkswirtschaftsdepartement;2402;Datenschutz;;;3132.00;Honorare externe Berater, Gutachter, Fachexperten etc.;20000.0;20000.0;24320.0;;;;202
24;Volkswirtschaftsdepartement;2402;Datenschutz;;;3133.00;Informatik-Nutzungsaufwand;100.0;400.0;73.2;-300.0;-75.0;;202
24;Volkswirtschaftsdepartement;2402;Datenschutz;;;3161.00;Mieten, Benützungskosten Anlagen;400.0;;418.83;400.0;;;202
24;Volkswirtschaftsdepartement;2402;Datenschutz;;;3170.00;Reisekosten und Spesen;300.0;2000.0;298.8;-1700.0;-85.0;;202
24;Volkswirtschaftsdepartement;2403;Wirtschaftsamt;;;3000.10;Sitzungsgelder Kommissionen;3000.0;3000.0;2400.0;;;;202
24;Volkswirtschaftsdepartement;2403;Wirtschaftsamt;;;3010.00;Löhne des Verwaltungs- und Betriebspersonals;338700.0;321400.0;329979.3;17300.0;5.38;;202
24;Volkswirtschaftsdepartement;2403;Wirtschaftsamt;;;3050.00;AG-Beiträge AHV, IV, EO, ALV, Verwaltungskosten;22200.0;21100.0;21620.3;1100.0;5.21;;202
24;Volkswirtschaftsdepartement;2403;Wirtschaftsamt;;;3052.00;AG-Beiträge an Pensionskassen;37900.0;43000.0;43196.0;-5100.0;-11.86;;202
24;Volkswirtschaftsdepartement;2403;Wirtschaftsamt;;;3053.00;AG-Beiträge an Unfallversicherungen;2100.0;1900.0;1796.25;200.0;10.53;;202
24;Volkswirtschaftsdepartement;2403;Wirtschaftsamt;;;3054.00;AG-Beiträge an Familienzulagekassen;4100.0;4200.0;4327.85;-100.0;-2.38;;202
24;Volkswirtschaftsdepartement;2403;Wirtschaftsamt;;;3059.10;AG-Beiträge Sozialfonds;300.0;300.0;265.0;;;;202
24;Volkswirtschaftsdepartement;2403;Wirtschaftsamt;;;3090.00;Aus- und Weiterbildung des eigenen Personals;2700.0;2700.0;2420.0;;;;202
24;Volkswirtschaftsdepartement;2403;Wirtschaftsamt;;;3099.00;Übriger Personalaufwand;2400.0;2400.0;;;;;202
24;Volkswirtschaftsdepartement;2403;Wirtschaftsamt;;;3100.00;Büromaterial;;1500.0;;-1500.0;-100.0;;202
24;Volkswirtschaftsdepartement;2403;Wirtschaftsamt;;;3103.00;Fachliteratur, Zeitschriften;;1500.0;;-1500.0;-100.0;;202
24;Volkswirtschaftsdepartement;2403;Wirtschaftsamt;;;3113.00;Hardware;;2000.0;;-2000.0;-100.0;;202
24;Volkswirtschaftsdepartement;2403;Wirtschaftsamt;;;3130.00;Dienstleistungen Dritter;72000.0;277000.0;132567.75;-205000.0;-74.01;Die im Jahr 2026 budgetierten Projekte sollten bis Ende 2026 weitgehend abgeschlossen sein.;202
24;Volkswirtschaftsdepartement;2403;Wirtschaftsamt;;;3133.00;Informatik-Nutzungsaufwand;41800.0;68800.0;37309.3;-27000.0;-39.24;Vgl. Konto 2403.3130.00.;202
24;Volkswirtschaftsdepartement;2403;Wirtschaftsamt;;;3161.00;Mieten, Benützungskosten Anlagen;;2100.0;;-2100.0;-100.0;;202
24;Volkswirtschaftsdepartement;2403;Wirtschaftsamt;;;3170.00;Reisekosten und Spesen;700.0;1500.0;653.3;-800.0;-53.33;;202
24;Volkswirtschaftsdepartement;2403;Wirtschaftsamt;;;3199.00;Übriger Betriebsaufwand;6500.0;1200.0;6525.85;5300.0;441.67;;202
24;Volkswirtschaftsdepartement;2403;Wirtschaftsamt;;;3604.10;Weiterleitung Kurtaxe an SHLT;390000.0;390000.0;358707.5;;;;202
24;Volkswirtschaftsdepartement;2403;Wirtschaftsamt;;;3631.00;Beiträge an Kantone und Konkordate;3000.0;3000.0;500.0;;;;202
24;Volkswirtschaftsdepartement;2403;Wirtschaftsamt;;;3634.00;Beiträge an öffentliche Unternehmungen;2000.0;2000.0;1945.8;;;;202
24;Volkswirtschaftsdepartement;2403;Wirtschaftsamt;;;3635.00;Beiträge an private Unternehmungen;;;740776.1;;;;202
24;Volkswirtschaftsdepartement;2403;Wirtschaftsamt;;;3636.00;Beiträge an private Organisationen ohne Erwerbszweck;325000.0;325000.0;320757.5;;;;202
24;Volkswirtschaftsdepartement;2403;Wirtschaftsamt;;;3636.02;Staatsbeitrag an Tourismusförderung;250000.0;250000.0;250000.0;;;;202
24;Volkswirtschaftsdepartement;2403;Wirtschaftsamt;;;3706.00;Durchlaufende Beiträge an private Organisationen ohne Erwerbszweck;290000.0;290000.0;287164.0;;;;203
24;Volkswirtschaftsdepartement;2403;Wirtschaftsamt;;;4039.10;Kurtaxe;-390000.0;-390000.0;-358707.5;;;;203
24;Volkswirtschaftsdepartement;2403;Wirtschaftsamt;;;4702.10;Durchlaufende Beiträge von innerkantonalen Gemeinden und Gemeindezweckverbänden;-290000.0;-290000.0;-287164.0;;;;203
24;Volkswirtschaftsdepartement;2405;Wirtschaftsförderung;;;3130.00;Dienstleistungen Dritter;3080000.0;3080000.0;3098094.94;;;;203
24;Volkswirtschaftsdepartement;2405;Wirtschaftsförderung;;;3181.00;Tatsächliche Forderungsverluste;;;150000.0;;;;203
24;Volkswirtschaftsdepartement;2405;Wirtschaftsförderung;;;3634.00;Beiträge an öffentliche Unternehmungen;50000.0;;;50000.0;;Beiträge gemäss Art. 5 Abs. 2 des Wirtschaftsförderungsgesetz.;203
24;Volkswirtschaftsdepartement;2405;Wirtschaftsförderung;;;3635.00;Beiträge an private Unternehmungen;1450000.0;1359300.0;346800.0;90700.0;6.67;Einzelbetriebliche Förderbeiträge.;203
24;Volkswirtschaftsdepartement;2405;Wirtschaftsförderung;;;3660.50;Planmässige Abschreibungen Invest.beiträge an private Unternehmungen;987100.0;725000.0;503970.0;262100.0;36.15;;203
24;Volkswirtschaftsdepartement;2405;Wirtschaftsförderung;;;4260.00;Rückerstattungen und Kostenbeteiligungen Dritter;;;-522823.5;;;;203
24;Volkswirtschaftsdepartement;2408;Handelsregisteramt;;;3010.00;Löhne des Verwaltungs- und Betriebspersonals;549000.0;546900.0;544936.0;2100.0;0.38;;203
24;Volkswirtschaftsdepartement;2408;Handelsregisteramt;;;3050.00;AG-Beiträge AHV, IV, EO, ALV, Verwaltungskosten;35700.0;35500.0;35210.1;200.0;0.56;;203
24;Volkswirtschaftsdepartement;2408;Handelsregisteramt;;;3052.00;AG-Beiträge an Pensionskassen;60900.0;73100.0;73841.8;-12200.0;-16.69;;203
24;Volkswirtschaftsdepartement;2408;Handelsregisteramt;;;3053.00;AG-Beiträge an Unfallversicherungen;3300.0;3200.0;2847.25;100.0;3.13;;203
24;Volkswirtschaftsdepartement;2408;Handelsregisteramt;;;3054.00;AG-Beiträge an Familienzulagekassen;6600.0;7100.0;7084.15;-500.0;-7.04;;203
24;Volkswirtschaftsdepartement;2408;Handelsregisteramt;;;3059.10;AG-Beiträge Sozialfonds;400.0;400.0;420.6;;;;203
24;Volkswirtschaftsdepartement;2408;Handelsregisteramt;;;3090.00;Aus- und Weiterbildung des eigenen Personals;10000.0;4700.0;1985.9;5300.0;112.77;;203
24;Volkswirtschaftsdepartement;2408;Handelsregisteramt;;;3099.00;Übriger Personalaufwand;1700.0;1700.0;980.0;;;;203
24;Volkswirtschaftsdepartement;2408;Handelsregisteramt;;;3100.00;Büromaterial;2400.0;6000.0;2396.95;-3600.0;-60.0;;203
24;Volkswirtschaftsdepartement;2408;Handelsregisteramt;;;3102.00;Drucksachen, Publikationen;900.0;2000.0;900.0;-1100.0;-55.0;;203
24;Volkswirtschaftsdepartement;2408;Handelsregisteramt;;;3103.00;Fachliteratur, Zeitschriften;2000.0;2500.0;1953.55;-500.0;-20.0;;203
24;Volkswirtschaftsdepartement;2408;Handelsregisteramt;;;3113.00;Hardware;100.0;1500.0;65.0;-1400.0;-93.33;;203
24;Volkswirtschaftsdepartement;2408;Handelsregisteramt;;;3118.00;Immaterielle Anlagen;1100.0;;1081.0;1100.0;;;203
24;Volkswirtschaftsdepartement;2408;Handelsregisteramt;;;3130.00;Dienstleistungen Dritter;700.0;2000.0;695.8;-1300.0;-65.0;;203
24;Volkswirtschaftsdepartement;2408;Handelsregisteramt;;;3133.00;Informatik-Nutzungsaufwand;184300.0;122800.0;69218.1;61500.0;50.08;Inklusive Einführung Personenreferenzregister, Personentransparenzregister und Onlineschalter.;203
24;Volkswirtschaftsdepartement;2408;Handelsregisteramt;;;3137.00;Steuern und Abgaben;16300.0;22000.0;16338.81;-5700.0;-25.91;;204
24;Volkswirtschaftsdepartement;2408;Handelsregisteramt;;;3153.00;Informatik-Unterhalt (Hardware);2000.0;2000.0;;;;;204
24;Volkswirtschaftsdepartement;2408;Handelsregisteramt;;;3158.00;Unterhalt immaterielle Anlagen;7000.0;7000.0;;;;;204
24;Volkswirtschaftsdepartement;2408;Handelsregisteramt;;;3161.00;Mieten, Benützungskosten Anlagen;;1000.0;;-1000.0;-100.0;;204
24;Volkswirtschaftsdepartement;2408;Handelsregisteramt;;;3170.00;Reisekosten und Spesen;1300.0;1600.0;1300.95;-300.0;-18.75;;204
24;Volkswirtschaftsdepartement;2408;Handelsregisteramt;;;3181.00;Tatsächliche Forderungsverluste;300.0;1500.0;330.0;-1200.0;-80.0;;204
24;Volkswirtschaftsdepartement;2408;Handelsregisteramt;;;3199.00;Übriger Betriebsaufwand;;1000.0;;-1000.0;-100.0;;204
24;Volkswirtschaftsdepartement;2408;Handelsregisteramt;;;3600.00;Ertragsanteile an Bund;40000.0;40000.0;35935.0;;;;204
24;Volkswirtschaftsdepartement;2408;Handelsregisteramt;;;4210.00;Gebühren für Amtshandlungen;-710000.0;-660000.0;-716309.95;-50000.0;7.58;Es wird mit Einnahmen analog Rechnungsjahr 2025 gerechnet.;204
24;Volkswirtschaftsdepartement;2410;Grundbuchamt;;;3010.00;Löhne des Verwaltungs- und Betriebspersonals;1860000.0;1876700.0;1837949.85;-16700.0;-0.89;;204
24;Volkswirtschaftsdepartement;2410;Grundbuchamt;;;3010.95;Rückerstattungen Taggelder UV, EO, MSE, MV, IV für Verwaltungs- und Betriebspersonal;;;-8538.6;;;;204
24;Volkswirtschaftsdepartement;2410;Grundbuchamt;;;3050.00;AG-Beiträge AHV, IV, EO, ALV, Verwaltungskosten;120900.0;122000.0;117718.2;-1100.0;-0.9;;204
24;Volkswirtschaftsdepartement;2410;Grundbuchamt;;;3052.00;AG-Beiträge an Pensionskassen;206500.0;250700.0;233321.75;-44200.0;-17.63;;204
24;Volkswirtschaftsdepartement;2410;Grundbuchamt;;;3053.00;AG-Beiträge an Unfallversicherungen;11300.0;11300.0;9741.65;;;;204
24;Volkswirtschaftsdepartement;2410;Grundbuchamt;;;3054.00;AG-Beiträge an Familienzulagekassen;22300.0;24400.0;23670.4;-2100.0;-8.61;;204
24;Volkswirtschaftsdepartement;2410;Grundbuchamt;;;3059.10;AG-Beiträge Sozialfonds;1500.0;1500.0;1410.45;;;;204
24;Volkswirtschaftsdepartement;2410;Grundbuchamt;;;3090.00;Aus- und Weiterbildung des eigenen Personals;16600.0;16600.0;10602.65;;;;204
24;Volkswirtschaftsdepartement;2410;Grundbuchamt;;;3091.00;Personalwerbung;5000.0;5000.0;;;;;204
24;Volkswirtschaftsdepartement;2410;Grundbuchamt;;;3099.00;Übriger Personalaufwand;4500.0;4500.0;4630.5;;;;204
24;Volkswirtschaftsdepartement;2410;Grundbuchamt;;;3100.00;Büromaterial;10000.0;10000.0;10049.93;;;;204
24;Volkswirtschaftsdepartement;2410;Grundbuchamt;;;3103.00;Fachliteratur, Zeitschriften;3100.0;4000.0;3053.35;-900.0;-22.5;;204
24;Volkswirtschaftsdepartement;2410;Grundbuchamt;;;3110.00;Büromöbel und -geräte;;500.0;;-500.0;-100.0;;204
24;Volkswirtschaftsdepartement;2410;Grundbuchamt;;;3113.00;Hardware;200.0;1000.0;200.0;-800.0;-80.0;;204
24;Volkswirtschaftsdepartement;2410;Grundbuchamt;;;3130.00;Dienstleistungen Dritter;700.0;1000.0;743.19;-300.0;-30.0;;204
24;Volkswirtschaftsdepartement;2410;Grundbuchamt;;;3133.00;Informatik-Nutzungsaufwand;393300.0;373800.0;290425.86;19500.0;5.22;Neu inklusive Kosten Wartungsvertrag.;204
24;Volkswirtschaftsdepartement;2410;Grundbuchamt;;;3137.00;Steuern und Abgaben;141600.0;120000.0;141609.91;21600.0;18.0;Mehrwertsteuer auf Notariatsgebühren.;204
24;Volkswirtschaftsdepartement;2410;Grundbuchamt;;;3158.00;Unterhalt immaterielle Anlagen;50000.0;110000.0;22489.65;-60000.0;-54.55;Erforderlicher Release der Grundbuchsoftware.;204
24;Volkswirtschaftsdepartement;2410;Grundbuchamt;;;3170.00;Reisekosten und Spesen;500.0;3000.0;474.85;-2500.0;-83.33;;205
24;Volkswirtschaftsdepartement;2410;Grundbuchamt;;;3181.00;Tatsächliche Forderungsverluste;;10000.0;46.0;-10000.0;-100.0;;205
24;Volkswirtschaftsdepartement;2410;Grundbuchamt;;;3499.00;Übriger Finanzaufwand;1000.0;1000.0;134.97;;;;205
24;Volkswirtschaftsdepartement;2410;Grundbuchamt;;;3610.00;Entschädigungen an Bund;400.0;400.0;360.0;;;;205
24;Volkswirtschaftsdepartement;2410;Grundbuchamt;;;3910.00;IV Dienstleistungen;;;632.85;;;;205
24;Volkswirtschaftsdepartement;2410;Grundbuchamt;;;4210.00;Gebühren für Amtshandlungen;-10500000.0;-10500000.0;-10025046.27;;;;205
24;Volkswirtschaftsdepartement;2410;Grundbuchamt;;;4910.00;IV Dienstleistungen;-5500.0;-5000.0;-10875.2;-500.0;10.0;;205
24;Volkswirtschaftsdepartement;2412;Amt für Geoinformation;;;3010.00;Löhne des Verwaltungs- und Betriebspersonals;1878500.0;1891000.0;1595073.9;-12500.0;-0.66;;205
24;Volkswirtschaftsdepartement;2412;Amt für Geoinformation;;;3010.95;Rückerstattungen Taggelder UV, EO, MSE, MV, IV für Verwaltungs- und Betriebspersonal;;;-21969.45;;;;205
24;Volkswirtschaftsdepartement;2412;Amt für Geoinformation;;;3050.00;AG-Beiträge AHV, IV, EO, ALV, Verwaltungskosten;122100.0;122900.0;102415.45;-800.0;-0.65;;205
24;Volkswirtschaftsdepartement;2412;Amt für Geoinformation;;;3052.00;AG-Beiträge an Pensionskassen;208500.0;252700.0;222868.0;-44200.0;-17.49;;205
24;Volkswirtschaftsdepartement;2412;Amt für Geoinformation;;;3053.00;AG-Beiträge an Unfallversicherungen;11500.0;11100.0;10009.8;400.0;3.6;;205
24;Volkswirtschaftsdepartement;2412;Amt für Geoinformation;;;3054.00;AG-Beiträge an Familienzulagekassen;22500.0;24700.0;20580.05;-2200.0;-8.91;;205
24;Volkswirtschaftsdepartement;2412;Amt für Geoinformation;;;3059.10;AG-Beiträge Sozialfonds;1500.0;1500.0;1231.4;;;;205
24;Volkswirtschaftsdepartement;2412;Amt für Geoinformation;;;3064.00;Überbrückungsrenten;;3200.0;4536.0;-3200.0;-100.0;;205
24;Volkswirtschaftsdepartement;2412;Amt für Geoinformation;;;3090.00;Aus- und Weiterbildung des eigenen Personals;18000.0;18000.0;12572.26;;;;205
24;Volkswirtschaftsdepartement;2412;Amt für Geoinformation;;;3099.00;Übriger Personalaufwand;1600.0;3200.0;1700.0;-1600.0;-50.0;;205
24;Volkswirtschaftsdepartement;2412;Amt für Geoinformation;;;3100.00;Büromaterial;6500.0;7000.0;6513.44;-500.0;-7.14;;205
24;Volkswirtschaftsdepartement;2412;Amt für Geoinformation;;;3101.00;Betriebs- und Verbrauchsmaterial;14400.0;15000.0;14420.75;-600.0;-4.0;;205
24;Volkswirtschaftsdepartement;2412;Amt für Geoinformation;;;3103.00;Fachliteratur, Zeitschriften;900.0;1000.0;878.25;-100.0;-10.0;;205
24;Volkswirtschaftsdepartement;2412;Amt für Geoinformation;;;3111.00;Maschinen, Geräte und Fahrzeuge;17700.0;45000.0;17657.61;-27300.0;-60.67;Der Ersatz eines Vermessungsbusses (Jahrgang 2013) inkl. Einbauten wird um ein weiteres Jahr verschoben (Finanzplanjahr 2028).;205
24;Volkswirtschaftsdepartement;2412;Amt für Geoinformation;;;3112.00;Kleider, Wäsche, Vorhänge;700.0;2000.0;678.81;-1300.0;-65.0;;205
24;Volkswirtschaftsdepartement;2412;Amt für Geoinformation;;;3113.00;Hardware;17800.0;15000.0;17821.76;2800.0;18.67;;205
24;Volkswirtschaftsdepartement;2412;Amt für Geoinformation;;;3118.00;Immaterielle Anlagen;2000.0;42000.0;;-40000.0;-95.24;Vermessungssoftware für Lernende.;205
24;Volkswirtschaftsdepartement;2412;Amt für Geoinformation;;;3130.00;Dienstleistungen Dritter;44200.0;70000.0;44158.8;-25800.0;-36.86;Kleinerer Aufwand bei der Nachführung der amtlichen Vermessung verursacht tiefere Kosten für externe Vermarkungsarbeiten (Steinsatz). Zusätzlich ist der in den Vorjahren budgetierte Aufwand für Mängelbehebungen an der Landesgrenze nicht notwändig, eine Landesgrenzbegehung nur alle 6 Jahre stattfindet.;206
24;Volkswirtschaftsdepartement;2412;Amt für Geoinformation;;;3132.00;Honorare externe Berater, Gutachter, Fachexperten etc.;;1000.0;;-1000.0;-100.0;;206
24;Volkswirtschaftsdepartement;2412;Amt für Geoinformation;;;3133.00;Informatik-Nutzungsaufwand;403500.0;334500.0;352486.44;69000.0;20.63;Teilweise Budgetierung von Kosten, die bisher unter Konto 2412.3158.00 budgetiert wurden, sowie Inklusive LIDAR-Projekt «ITP0126».;206
24;Volkswirtschaftsdepartement;2412;Amt für Geoinformation;;;3134.00;Sachversicherungsprämien;2300.0;2700.0;2273.44;-400.0;-14.81;;206
24;Volkswirtschaftsdepartement;2412;Amt für Geoinformation;;;3137.00;Steuern und Abgaben;47000.0;34000.0;46953.92;13000.0;38.24;Steuern und Abgaben hängen direkt mit den Einnahmen in 4210.00 und 4240.00 zusammen.;206
24;Volkswirtschaftsdepartement;2412;Amt für Geoinformation;;;3151.00;Unterhalt Maschinen, Geräte, Fahrzeuge;700.0;8000.0;665.4;-7300.0;-91.25;;206
24;Volkswirtschaftsdepartement;2412;Amt für Geoinformation;;;3153.00;Informatik-Unterhalt (Hardware);7200.0;7000.0;240.0;200.0;2.86;;206
24;Volkswirtschaftsdepartement;2412;Amt für Geoinformation;;;3158.00;Unterhalt immaterielle Anlagen;213500.0;386400.0;160526.9;-172900.0;-44.75;Vergleiche Konto 2412.3133.00.;206
24;Volkswirtschaftsdepartement;2412;Amt für Geoinformation;;;3160.00;Mieten und Pachten Liegenschaften;;500.0;;-500.0;-100.0;;206
24;Volkswirtschaftsdepartement;2412;Amt für Geoinformation;;;3170.00;Reisekosten und Spesen;24200.0;28000.0;24245.25;-3800.0;-13.57;;206
24;Volkswirtschaftsdepartement;2412;Amt für Geoinformation;;;3181.00;Tatsächliche Forderungsverluste;;1000.0;;-1000.0;-100.0;;206
24;Volkswirtschaftsdepartement;2412;Amt für Geoinformation;;;3199.00;Übriger Betriebsaufwand;5000.0;2000.0;3019.75;3000.0;150.0;;206
24;Volkswirtschaftsdepartement;2412;Amt für Geoinformation;;;3300.90;Planmässige Abschreibungen übrige Sachanlagen;301000.0;301000.0;300964.0;;;;206
24;Volkswirtschaftsdepartement;2412;Amt für Geoinformation;;;3630.00;Beiträge an den Bund;300.0;300.0;444.0;;;;206
24;Volkswirtschaftsdepartement;2412;Amt für Geoinformation;;;3631.00;Beiträge an Kantone und Konkordate;11000.0;11000.0;14255.45;;;;206
24;Volkswirtschaftsdepartement;2412;Amt für Geoinformation;;;3900.00;IV Material- und Warenbezüge;5000.0;5000.0;2571.8;;;;206
24;Volkswirtschaftsdepartement;2412;Amt für Geoinformation;;;3910.00;IV Dienstleistungen;5000.0;5000.0;2192.8;;;;206
24;Volkswirtschaftsdepartement;2412;Amt für Geoinformation;;;4210.00;Gebühren für Amtshandlungen;-60000.0;-60000.0;-61762.9;;;;206
24;Volkswirtschaftsdepartement;2412;Amt für Geoinformation;;;4240.00;Benützungsgebühren und Dienstleistungen;-700000.0;-700000.0;-697192.2;;;;206
24;Volkswirtschaftsdepartement;2412;Amt für Geoinformation;;;4250.00;Verkäufe;;;-20.0;;;;206
24;Volkswirtschaftsdepartement;2412;Amt für Geoinformation;;;4612.10;Entschädigungen von innerkantonalen Gemeinden und Gemeindezweckverbänden;-40000.0;-40000.0;-38105.75;;;;206
24;Volkswirtschaftsdepartement;2412;Amt für Geoinformation;;;4630.00;Beiträge vom Bund;-167000.0;-63000.0;-73941.0;-104000.0;165.08;Bundesbeitrag für den Datenmodellwechsel der amtlichen Vermessung.;207
24;Volkswirtschaftsdepartement;2412;Amt für Geoinformation;;;4910.00;IV Dienstleistungen;-20000.0;-20000.0;-33011.95;;;;207
24;Volkswirtschaftsdepartement;2414;Amt für Grundstückschätzungen;;;3010.00;Löhne des Verwaltungs- und Betriebspersonals;1296000.0;1296900.0;1415570.95;-900.0;-0.07;;207
24;Volkswirtschaftsdepartement;2414;Amt für Grundstückschätzungen;;;3050.00;AG-Beiträge AHV, IV, EO, ALV, Verwaltungskosten;84200.0;84300.0;85040.0;-100.0;-0.12;;207
24;Volkswirtschaftsdepartement;2414;Amt für Grundstückschätzungen;;;3052.00;AG-Beiträge an Pensionskassen;143900.0;173200.0;191775.6;-29300.0;-16.92;;207
24;Volkswirtschaftsdepartement;2414;Amt für Grundstückschätzungen;;;3053.00;AG-Beiträge an Unfallversicherungen;7900.0;7500.0;6611.0;400.0;5.33;;207
24;Volkswirtschaftsdepartement;2414;Amt für Grundstückschätzungen;;;3054.00;AG-Beiträge an Familienzulagekassen;15600.0;16900.0;17435.25;-1300.0;-7.69;;207
24;Volkswirtschaftsdepartement;2414;Amt für Grundstückschätzungen;;;3059.10;AG-Beiträge Sozialfonds;1000.0;1000.0;918.15;;;;207
24;Volkswirtschaftsdepartement;2414;Amt für Grundstückschätzungen;;;3090.00;Aus- und Weiterbildung des eigenen Personals;7000.0;7000.0;3932.0;;;;207
24;Volkswirtschaftsdepartement;2414;Amt für Grundstückschätzungen;;;3099.00;Übriger Personalaufwand;2100.0;2100.0;2160.0;;;;207
24;Volkswirtschaftsdepartement;2414;Amt für Grundstückschätzungen;;;3100.00;Büromaterial;4000.0;4500.0;3981.94;-500.0;-11.11;;207
24;Volkswirtschaftsdepartement;2414;Amt für Grundstückschätzungen;;;3103.00;Fachliteratur, Zeitschriften;1000.0;2000.0;973.85;-1000.0;-50.0;;207
24;Volkswirtschaftsdepartement;2414;Amt für Grundstückschätzungen;;;3111.00;Maschinen, Geräte und Fahrzeuge;400.0;1000.0;358.0;-600.0;-60.0;;207
24;Volkswirtschaftsdepartement;2414;Amt für Grundstückschätzungen;;;3113.00;Hardware;1300.0;3000.0;1345.0;-1700.0;-56.67;;207
24;Volkswirtschaftsdepartement;2414;Amt für Grundstückschätzungen;;;3130.00;Dienstleistungen Dritter;53400.0;51700.0;33399.7;1700.0;3.29;;207
24;Volkswirtschaftsdepartement;2414;Amt für Grundstückschätzungen;;;3133.00;Informatik-Nutzungsaufwand;61600.0;56700.0;56632.15;4900.0;8.64;;207
24;Volkswirtschaftsdepartement;2414;Amt für Grundstückschätzungen;;;3153.00;Informatik-Unterhalt (Hardware);1200.0;1200.0;;;;;207
24;Volkswirtschaftsdepartement;2414;Amt für Grundstückschätzungen;;;3158.00;Unterhalt immaterielle Anlagen;173000.0;130000.0;;43000.0;33.08;Mit der Einführung der neuen Schätzersoftware fallen wieder Wartungskosten an.;207
24;Volkswirtschaftsdepartement;2414;Amt für Grundstückschätzungen;;;3161.00;Mieten, Benützungskosten Anlagen;;10000.0;;-10000.0;-100.0;;207
24;Volkswirtschaftsdepartement;2414;Amt für Grundstückschätzungen;;;3170.00;Reisekosten und Spesen;38200.0;35000.0;38181.15;3200.0;9.14;;207
24;Volkswirtschaftsdepartement;2414;Amt für Grundstückschätzungen;;;3199.00;Übriger Betriebsaufwand;200.0;1000.0;162.15;-800.0;-80.0;;207
24;Volkswirtschaftsdepartement;2414;Amt für Grundstückschätzungen;;;3320.00;Planmässige Abschreibungen immaterielle Anlagen;615500.0;518000.0;;97500.0;18.82;;207
24;Volkswirtschaftsdepartement;2414;Amt für Grundstückschätzungen;;;3910.00;IV Dienstleistungen;1500.0;1500.0;388.0;;;;207
24;Volkswirtschaftsdepartement;2414;Amt für Grundstückschätzungen;;;4210.00;Gebühren für Amtshandlungen;-35000.0;-35000.0;-22430.0;;;;207
24;Volkswirtschaftsdepartement;2414;Amt für Grundstückschätzungen;;;4240.00;Benützungsgebühren und Dienstleistungen;-800000.0;-800000.0;-793867.0;;;;207
24;Volkswirtschaftsdepartement;2414;Amt für Grundstückschätzungen;;;4910.00;IV Dienstleistungen;-30000.0;-30000.0;-53808.9;;;;207
24;Volkswirtschaftsdepartement;2420;Kantonales Arbeitsamt;;;3010.00;Löhne des Verwaltungs- und Betriebspersonals;556000.0;517800.0;491101.5;38200.0;7.38;Neue Aufgabenteilung. Vergleiche Konten 2423.3010.00 und 2424.3010.00.;208
24;Volkswirtschaftsdepartement;2420;Kantonales Arbeitsamt;;;3050.00;AG-Beiträge AHV, IV, EO, ALV, Verwaltungskosten;36100.0;33700.0;31328.6;2400.0;7.12;;208
24;Volkswirtschaftsdepartement;2420;Kantonales Arbeitsamt;;;3052.00;AG-Beiträge an Pensionskassen;61700.0;69100.0;59297.6;-7400.0;-10.71;;208
24;Volkswirtschaftsdepartement;2420;Kantonales Arbeitsamt;;;3053.00;AG-Beiträge an Unfallversicherungen;3400.0;3100.0;2398.15;300.0;9.68;;208
24;Volkswirtschaftsdepartement;2420;Kantonales Arbeitsamt;;;3054.00;AG-Beiträge an Familienzulagekassen;6700.0;6800.0;6369.8;-100.0;-1.47;;208
24;Volkswirtschaftsdepartement;2420;Kantonales Arbeitsamt;;;3059.10;AG-Beiträge Sozialfonds;400.0;400.0;354.05;;;;208
24;Volkswirtschaftsdepartement;2420;Kantonales Arbeitsamt;;;3064.00;Überbrückungsrenten;15400.0;;7560.0;15400.0;;;208
24;Volkswirtschaftsdepartement;2420;Kantonales Arbeitsamt;;;3090.00;Aus- und Weiterbildung des eigenen Personals;4700.0;4700.0;11800.0;;;;208
24;Volkswirtschaftsdepartement;2420;Kantonales Arbeitsamt;;;3099.00;Übriger Personalaufwand;4000.0;4000.0;1493.8;;;;208
24;Volkswirtschaftsdepartement;2420;Kantonales Arbeitsamt;;;3100.00;Büromaterial;1400.0;1200.0;1436.98;200.0;16.67;;208
24;Volkswirtschaftsdepartement;2420;Kantonales Arbeitsamt;;;3101.00;Betriebs- und Verbrauchsmaterial;;400.0;;-400.0;-100.0;;208
24;Volkswirtschaftsdepartement;2420;Kantonales Arbeitsamt;;;3102.00;Drucksachen, Publikationen;;200.0;;-200.0;-100.0;;208
24;Volkswirtschaftsdepartement;2420;Kantonales Arbeitsamt;;;3103.00;Fachliteratur, Zeitschriften;4200.0;4200.0;4191.0;;;;208
24;Volkswirtschaftsdepartement;2420;Kantonales Arbeitsamt;;;3110.00;Büromöbel und -geräte;400.0;;390.6;400.0;;;208
24;Volkswirtschaftsdepartement;2420;Kantonales Arbeitsamt;;;3113.00;Hardware;500.0;3000.0;486.8;-2500.0;-83.33;;208
24;Volkswirtschaftsdepartement;2420;Kantonales Arbeitsamt;;;3118.00;Immaterielle Anlagen;4000.0;24200.0;12161.25;-20200.0;-83.47;Die 2025 budgetierte Einführung eines Chatbots konnte erfolgreich umgesetzt werden, sodass nur noch Weiterentwicklungskosten anfallen.;208
24;Volkswirtschaftsdepartement;2420;Kantonales Arbeitsamt;;;3130.00;Dienstleistungen Dritter;7700.0;10000.0;7691.83;-2300.0;-23.0;;208
24;Volkswirtschaftsdepartement;2420;Kantonales Arbeitsamt;;;3133.00;Informatik-Nutzungsaufwand;40000.0;40000.0;51362.8;;;;208
24;Volkswirtschaftsdepartement;2420;Kantonales Arbeitsamt;;;3158.00;Unterhalt immaterielle Anlagen;15500.0;35000.0;;-19500.0;-55.71;Wartungskosten Chatbot. Vergleiche Konto 2420.3118.00.;208
24;Volkswirtschaftsdepartement;2420;Kantonales Arbeitsamt;;;3160.00;Mieten und Pachten Liegenschaften;100.0;;80.0;100.0;;;208
24;Volkswirtschaftsdepartement;2420;Kantonales Arbeitsamt;;;3161.00;Mieten, Benützungskosten Anlagen;1000.0;6500.0;1002.2;-5500.0;-84.62;;208
24;Volkswirtschaftsdepartement;2420;Kantonales Arbeitsamt;;;3170.00;Reisekosten und Spesen;2500.0;2000.0;2543.75;500.0;25.0;;208
24;Volkswirtschaftsdepartement;2420;Kantonales Arbeitsamt;;;3181.00;Tatsächliche Forderungsverluste;;25000.0;6310.65;-25000.0;-100.0;"Neu Verbuchung auf Konto 2424.3181.00 (Arbeitsmarktbeobachtung; Bussen aus FlaM-Kontrollen).";208
24;Volkswirtschaftsdepartement;2420;Kantonales Arbeitsamt;;;3199.00;Übriger Betriebsaufwand;200.0;3000.0;150.0;-2800.0;-93.33;;208
24;Volkswirtschaftsdepartement;2420;Kantonales Arbeitsamt;;;3631.00;Beiträge an Kantone und Konkordate;;200.0;;-200.0;-100.0;;208
24;Volkswirtschaftsdepartement;2420;Kantonales Arbeitsamt;;;4210.00;Gebühren für Amtshandlungen;-96000.0;-115000.0;-113559.2;19000.0;-16.52;Die Einnahmen werden gesplittet auf die Finanzstellen 2420 und 2424 Arbeitsmarktbeobachtung (FlaM-/BGSA-Gebühren).;209
24;Volkswirtschaftsdepartement;2420;Kantonales Arbeitsamt;;;4270.00;Bussen;;-30000.0;-58387.65;30000.0;-100.0;Die Bussen werden neu auf der Finanzstelle 2424 erfasst (Bussen aus FlaM-Kontrollen).;209
24;Volkswirtschaftsdepartement;2420;Kantonales Arbeitsamt;;;4612.00;Entschädigungen von Gemeinden und Gemeindezweckverbänden;-195000.0;-180000.0;-194220.55;-15000.0;8.33;;209
24;Volkswirtschaftsdepartement;2421;RAV/LAM/KAST;;;;;;;;;;RAV/LAM/KAST werden vollumfänglich vom Seco finanziert, arbeiten nach den Weisungen des Seco und werden jährlich durch dieses revidiert. Die Darstellung im Budget erfolgt aus Transparenzgründen.;209
24;Volkswirtschaftsdepartement;2421;RAV/LAM/KAST;;;3010.00;Löhne des Verwaltungs- und Betriebspersonals;4058000.0;3619000.0;3617584.0;439000.0;12.13;;209
24;Volkswirtschaftsdepartement;2421;RAV/LAM/KAST;;;3010.95;Rückerstattungen Taggelder UV, EO, MSE, MV, IV für Verwaltungs- und Betriebspersonal;;;-22939.75;;;;209
24;Volkswirtschaftsdepartement;2421;RAV/LAM/KAST;;;3050.00;AG-Beiträge AHV, IV, EO, ALV, Verwaltungskosten;263800.0;233700.0;235362.35;30100.0;12.88;;209
24;Volkswirtschaftsdepartement;2421;RAV/LAM/KAST;;;3052.00;AG-Beiträge an Pensionskassen;450400.0;476500.0;459564.52;-26100.0;-5.48;;209
24;Volkswirtschaftsdepartement;2421;RAV/LAM/KAST;;;3053.00;AG-Beiträge an Unfallversicherungen;24800.0;19400.0;19471.57;5400.0;27.84;;209
24;Volkswirtschaftsdepartement;2421;RAV/LAM/KAST;;;3054.00;AG-Beiträge an Familienzulagekassen;48700.0;46700.0;47082.99;2000.0;4.28;;209
24;Volkswirtschaftsdepartement;2421;RAV/LAM/KAST;;;3059.10;AG-Beiträge Sozialfonds;3200.0;2900.0;2888.99;300.0;10.34;;209
24;Volkswirtschaftsdepartement;2421;RAV/LAM/KAST;;;3064.00;Überbrückungsrenten;;;14175.0;;;;209
24;Volkswirtschaftsdepartement;2421;RAV/LAM/KAST;;;3090.00;Aus- und Weiterbildung des eigenen Personals;60000.0;41000.0;34562.04;19000.0;46.34;;209
24;Volkswirtschaftsdepartement;2421;RAV/LAM/KAST;;;3099.00;Übriger Personalaufwand;4300.0;4300.0;11562.73;;;;209
24;Volkswirtschaftsdepartement;2421;RAV/LAM/KAST;;;3100.00;Büromaterial;7300.0;4800.0;5270.09;2500.0;52.08;;209
24;Volkswirtschaftsdepartement;2421;RAV/LAM/KAST;;;3101.00;Betriebs- und Verbrauchsmaterial;6700.0;500.0;6684.48;6200.0;1240.0;;209
24;Volkswirtschaftsdepartement;2421;RAV/LAM/KAST;;;3102.00;Drucksachen, Publikationen;3700.0;5700.0;3696.75;-2000.0;-35.09;;209
24;Volkswirtschaftsdepartement;2421;RAV/LAM/KAST;;;3103.00;Fachliteratur, Zeitschriften;2400.0;3000.0;2434.0;-600.0;-20.0;;209
24;Volkswirtschaftsdepartement;2421;RAV/LAM/KAST;;;3110.00;Büromöbel und -geräte;10000.0;5000.0;40253.27;5000.0;100.0;;209
24;Volkswirtschaftsdepartement;2421;RAV/LAM/KAST;;;3113.00;Hardware;1400.0;1200.0;1395.7;200.0;16.67;;209
24;Volkswirtschaftsdepartement;2421;RAV/LAM/KAST;;;3118.00;Immaterielle Anlagen;;2000.0;;-2000.0;-100.0;;209
24;Volkswirtschaftsdepartement;2421;RAV/LAM/KAST;;;3130.00;Dienstleistungen Dritter;110600.0;100000.0;110580.77;10600.0;10.6;;209
24;Volkswirtschaftsdepartement;2421;RAV/LAM/KAST;;;3133.00;Informatik-Nutzungsaufwand;199500.0;80000.0;78401.95;119500.0;149.38;;209
24;Volkswirtschaftsdepartement;2421;RAV/LAM/KAST;;;3134.00;Sachversicherungsprämien;400.0;400.0;367.0;;;;210
24;Volkswirtschaftsdepartement;2421;RAV/LAM/KAST;;;3153.00;Informatik-Unterhalt (Hardware);18500.0;12000.0;17212.8;6500.0;54.17;;210
24;Volkswirtschaftsdepartement;2421;RAV/LAM/KAST;;;3158.00;Unterhalt immaterielle Anlagen;72000.0;70000.0;67485.89;2000.0;2.86;;210
24;Volkswirtschaftsdepartement;2421;RAV/LAM/KAST;;;3161.00;Mieten, Benützungskosten Anlagen;4200.0;8000.0;4166.45;-3800.0;-47.5;;210
24;Volkswirtschaftsdepartement;2421;RAV/LAM/KAST;;;3170.00;Reisekosten und Spesen;10000.0;14000.0;7289.5;-4000.0;-28.57;;210
24;Volkswirtschaftsdepartement;2421;RAV/LAM/KAST;;;3610.00;Entschädigungen an Bund;500.0;500.0;72.6;;;;210
24;Volkswirtschaftsdepartement;2421;RAV/LAM/KAST;;;3910.00;IV Dienstleistungen;80000.0;80000.0;75142.0;;;;210
24;Volkswirtschaftsdepartement;2421;RAV/LAM/KAST;;;3920.00;IV Pacht, Mieten Benützungskosten;124000.0;124000.0;123519.0;;;;210
24;Volkswirtschaftsdepartement;2421;RAV/LAM/KAST;;;3930.00;IV Betriebs- und Verwaltungskosten;90000.0;90000.0;98549.45;;;;210
24;Volkswirtschaftsdepartement;2421;RAV/LAM/KAST;;;4250.00;Verkäufe;;;-80.0;;;;210
24;Volkswirtschaftsdepartement;2421;RAV/LAM/KAST;;;4610.00;Entschädigungen vom Bund;-5651400.0;-5041600.0;-5082174.14;-609800.0;12.1;;210
24;Volkswirtschaftsdepartement;2421;RAV/LAM/KAST;;;4699.10;Rückverteilung CO2-Abgabe;-3000.0;-3000.0;;;;;210
24;Volkswirtschaftsdepartement;2423;Arbeitsinspektorat/Aufsicht über das Messwesen;;;;;;;;;;Es erfolgte ein Splitting der Ausgaben zwischen den Finanzstellen 2423 und 2424 Arbeitsmarktbeobachtung.;210
24;Volkswirtschaftsdepartement;2423;Arbeitsinspektorat/Aufsicht über das Messwesen;;;3000.10;Sitzungsgelder Kommissionen;;2000.0;800.0;-2000.0;-100.0;;210
24;Volkswirtschaftsdepartement;2423;Arbeitsinspektorat/Aufsicht über das Messwesen;;;3010.00;Löhne des Verwaltungs- und Betriebspersonals;382000.0;762200.0;802623.55;-380200.0;-49.88;Die Reduktion ist auf die Aufteilung der Lohnkosten zwischen den Finanzstellen 2423 und 2424 zurückzuführen.;210
24;Volkswirtschaftsdepartement;2423;Arbeitsinspektorat/Aufsicht über das Messwesen;;;3050.00;AG-Beiträge AHV, IV, EO, ALV, Verwaltungskosten;24800.0;49700.0;51961.3;-24900.0;-50.1;;210
24;Volkswirtschaftsdepartement;2423;Arbeitsinspektorat/Aufsicht über das Messwesen;;;3052.00;AG-Beiträge an Pensionskassen;42400.0;101900.0;117400.75;-59500.0;-58.39;;210
24;Volkswirtschaftsdepartement;2423;Arbeitsinspektorat/Aufsicht über das Messwesen;;;3053.00;AG-Beiträge an Unfallversicherungen;2300.0;4400.0;4290.1;-2100.0;-47.73;;210
24;Volkswirtschaftsdepartement;2423;Arbeitsinspektorat/Aufsicht über das Messwesen;;;3054.00;AG-Beiträge an Familienzulagekassen;4600.0;10000.0;10414.8;-5400.0;-54.0;;210
24;Volkswirtschaftsdepartement;2423;Arbeitsinspektorat/Aufsicht über das Messwesen;;;3059.10;AG-Beiträge Sozialfonds;300.0;600.0;632.8;-300.0;-50.0;;210
24;Volkswirtschaftsdepartement;2423;Arbeitsinspektorat/Aufsicht über das Messwesen;;;3064.00;Überbrückungsrenten;;;5670.0;;;;210
24;Volkswirtschaftsdepartement;2423;Arbeitsinspektorat/Aufsicht über das Messwesen;;;3090.00;Aus- und Weiterbildung des eigenen Personals;1500.0;8500.0;840.0;-7000.0;-82.35;;210
24;Volkswirtschaftsdepartement;2423;Arbeitsinspektorat/Aufsicht über das Messwesen;;;3099.00;Übriger Personalaufwand;1000.0;2000.0;1230.15;-1000.0;-50.0;;210
24;Volkswirtschaftsdepartement;2423;Arbeitsinspektorat/Aufsicht über das Messwesen;;;3100.00;Büromaterial;1100.0;3000.0;2096.1;-1900.0;-63.33;;210
24;Volkswirtschaftsdepartement;2423;Arbeitsinspektorat/Aufsicht über das Messwesen;;;3101.00;Betriebs- und Verbrauchsmaterial;1000.0;4500.0;963.25;-3500.0;-77.78;;210
24;Volkswirtschaftsdepartement;2423;Arbeitsinspektorat/Aufsicht über das Messwesen;;;3102.00;Drucksachen, Publikationen;;300.0;;-300.0;-100.0;;210
24;Volkswirtschaftsdepartement;2423;Arbeitsinspektorat/Aufsicht über das Messwesen;;;3103.00;Fachliteratur, Zeitschriften;500.0;800.0;228.0;-300.0;-37.5;;210
24;Volkswirtschaftsdepartement;2423;Arbeitsinspektorat/Aufsicht über das Messwesen;;;3110.00;Büromöbel und -geräte;200.0;200.0;430.75;;;;210
24;Volkswirtschaftsdepartement;2423;Arbeitsinspektorat/Aufsicht über das Messwesen;;;3111.00;Maschinen, Geräte und Fahrzeuge;50000.0;10000.0;7610.25;40000.0;400.0;Anschaffung neue Gewichtsstücke und Edelstahlpaletten für das Eichamt für bessere Kalibrierung.;211
24;Volkswirtschaftsdepartement;2423;Arbeitsinspektorat/Aufsicht über das Messwesen;;;3112.00;Kleider, Wäsche, Vorhänge;1100.0;2000.0;1061.95;-900.0;-45.0;;211
24;Volkswirtschaftsdepartement;2423;Arbeitsinspektorat/Aufsicht über das Messwesen;;;3113.00;Hardware;1700.0;2000.0;1659.5;-300.0;-15.0;;211
24;Volkswirtschaftsdepartement;2423;Arbeitsinspektorat/Aufsicht über das Messwesen;;;3118.00;Immaterielle Anlagen;;48000.0;15782.6;-48000.0;-100.0;Es sind keine Entwicklungen der Eichverwaltung für das Jahr 2027 vorgesehen.;211
24;Volkswirtschaftsdepartement;2423;Arbeitsinspektorat/Aufsicht über das Messwesen;;;3130.00;Dienstleistungen Dritter;13700.0;25000.0;14694.35;-11300.0;-45.2;;211
24;Volkswirtschaftsdepartement;2423;Arbeitsinspektorat/Aufsicht über das Messwesen;;;3133.00;Informatik-Nutzungsaufwand;27000.0;43100.0;56429.35;-16100.0;-37.35;Aufwendungen für die Software KODASA werden neu auf der Finanzstelle 2424 budgetiert.;211
24;Volkswirtschaftsdepartement;2423;Arbeitsinspektorat/Aufsicht über das Messwesen;;;3134.00;Sachversicherungsprämien;200.0;500.0;166.02;-300.0;-60.0;;211
24;Volkswirtschaftsdepartement;2423;Arbeitsinspektorat/Aufsicht über das Messwesen;;;3151.00;Unterhalt Maschinen, Geräte, Fahrzeuge;5000.0;5000.0;2109.58;;;;211
24;Volkswirtschaftsdepartement;2423;Arbeitsinspektorat/Aufsicht über das Messwesen;;;3158.00;Unterhalt immaterielle Anlagen;3500.0;35000.0;3445.05;-31500.0;-90.0;;211
24;Volkswirtschaftsdepartement;2423;Arbeitsinspektorat/Aufsicht über das Messwesen;;;3160.00;Mieten und Pachten Liegenschaften;100.0;;112.0;100.0;;;211
24;Volkswirtschaftsdepartement;2423;Arbeitsinspektorat/Aufsicht über das Messwesen;;;3161.00;Mieten, Benützungskosten Anlagen;100.0;4700.0;213.05;-4600.0;-97.87;;211
24;Volkswirtschaftsdepartement;2423;Arbeitsinspektorat/Aufsicht über das Messwesen;;;3170.00;Reisekosten und Spesen;5200.0;20000.0;10407.65;-14800.0;-74.0;;211
24;Volkswirtschaftsdepartement;2423;Arbeitsinspektorat/Aufsicht über das Messwesen;;;3181.00;Tatsächliche Forderungsverluste;;;1936.75;;;;211
24;Volkswirtschaftsdepartement;2423;Arbeitsinspektorat/Aufsicht über das Messwesen;;;3190.00;Schadenersatzleistungen;;;2508.7;;;;211
24;Volkswirtschaftsdepartement;2423;Arbeitsinspektorat/Aufsicht über das Messwesen;;;3199.00;Übriger Betriebsaufwand;500.0;2000.0;858.4;-1500.0;-75.0;;211
24;Volkswirtschaftsdepartement;2423;Arbeitsinspektorat/Aufsicht über das Messwesen;;;3600.30;Ertragsanteile an Bund für Eichgebühren;4500.0;4500.0;2968.4;;;;211
24;Volkswirtschaftsdepartement;2423;Arbeitsinspektorat/Aufsicht über das Messwesen;;;3900.00;IV Material- und Warenbezüge;1000.0;1000.0;992.2;;;;211
24;Volkswirtschaftsdepartement;2423;Arbeitsinspektorat/Aufsicht über das Messwesen;;;4210.00;Gebühren für Amtshandlungen;-139000.0;-130000.0;-156895.9;-9000.0;6.92;;211
24;Volkswirtschaftsdepartement;2423;Arbeitsinspektorat/Aufsicht über das Messwesen;;;4260.00;Rückerstattungen und Kostenbeteiligungen Dritter;-20000.0;-20000.0;-56527.7;;;;211
24;Volkswirtschaftsdepartement;2423;Arbeitsinspektorat/Aufsicht über das Messwesen;;;4610.00;Entschädigungen vom Bund;-120000.0;-262000.0;-277412.4;142000.0;-54.2;;211
24;Volkswirtschaftsdepartement;2424;Arbeitsmarktbeobachtung (AMB);;;;;;;;;;Neue Finanzstelle aufgrund der Aufgabenteilung mit der Dienststelle 2423.;211
24;Volkswirtschaftsdepartement;2424;Arbeitsmarktbeobachtung (AMB);;;3000.10;Sitzungsgelder Kommissionen;2000.0;;;2000.0;;;211
24;Volkswirtschaftsdepartement;2424;Arbeitsmarktbeobachtung (AMB);;;3010.00;Löhne des Verwaltungs- und Betriebspersonals;360000.0;;;360000.0;;Splitting der vom Regierungsrat gutgeheissenen Lohnsumme der Finanzstelle 2423 auf die Finanzstelle 2424 (Betrag inkl. zusätzlicher Umlagen).;211
24;Volkswirtschaftsdepartement;2424;Arbeitsmarktbeobachtung (AMB);;;3050.00;AG-Beiträge AHV, IV, EO, ALV, Verwaltungskosten;23500.0;;;23500.0;;;211
24;Volkswirtschaftsdepartement;2424;Arbeitsmarktbeobachtung (AMB);;;3052.00;AG-Beiträge an Pensionskassen;40200.0;;;40200.0;;;212
24;Volkswirtschaftsdepartement;2424;Arbeitsmarktbeobachtung (AMB);;;3053.00;AG-Beiträge an Unfallversicherungen;2200.0;;;2200.0;;;212
24;Volkswirtschaftsdepartement;2424;Arbeitsmarktbeobachtung (AMB);;;3054.00;AG-Beiträge an Familienzulagekassen;4300.0;;;4300.0;;;212
24;Volkswirtschaftsdepartement;2424;Arbeitsmarktbeobachtung (AMB);;;3059.10;AG-Beiträge Sozialfonds;300.0;;;300.0;;;212
24;Volkswirtschaftsdepartement;2424;Arbeitsmarktbeobachtung (AMB);;;3090.00;Aus- und Weiterbildung des eigenen Personals;2000.0;;;2000.0;;;212
24;Volkswirtschaftsdepartement;2424;Arbeitsmarktbeobachtung (AMB);;;3099.00;Übriger Personalaufwand;1000.0;;;1000.0;;;212
24;Volkswirtschaftsdepartement;2424;Arbeitsmarktbeobachtung (AMB);;;3100.00;Büromaterial;1000.0;;;1000.0;;;212
24;Volkswirtschaftsdepartement;2424;Arbeitsmarktbeobachtung (AMB);;;3103.00;Fachliteratur, Zeitschriften;200.0;;;200.0;;;212
24;Volkswirtschaftsdepartement;2424;Arbeitsmarktbeobachtung (AMB);;;3110.00;Büromöbel und -geräte;200.0;;;200.0;;;212
24;Volkswirtschaftsdepartement;2424;Arbeitsmarktbeobachtung (AMB);;;3118.00;Immaterielle Anlagen;66000.0;;;66000.0;;Software KODASA New Generation (Geschäftsverwaltung für den Vollzug der flankierenden Massnahmen und die Bekämpfung der Schwarzarbeit gemäss BGSA).;212
24;Volkswirtschaftsdepartement;2424;Arbeitsmarktbeobachtung (AMB);;;3130.00;Dienstleistungen Dritter;1000.0;;;1000.0;;;212
24;Volkswirtschaftsdepartement;2424;Arbeitsmarktbeobachtung (AMB);;;3133.00;Informatik-Nutzungsaufwand;60200.0;;;60200.0;;;212
24;Volkswirtschaftsdepartement;2424;Arbeitsmarktbeobachtung (AMB);;;3158.00;Unterhalt immaterielle Anlagen;36000.0;;;36000.0;;;212
24;Volkswirtschaftsdepartement;2424;Arbeitsmarktbeobachtung (AMB);;;3161.00;Mieten, Benützungskosten Anlagen;100.0;;;100.0;;;212
24;Volkswirtschaftsdepartement;2424;Arbeitsmarktbeobachtung (AMB);;;3170.00;Reisekosten und Spesen;5200.0;;;5200.0;;;212
24;Volkswirtschaftsdepartement;2424;Arbeitsmarktbeobachtung (AMB);;;3181.00;Tatsächliche Forderungsverluste;6300.0;;;6300.0;;;212
24;Volkswirtschaftsdepartement;2424;Arbeitsmarktbeobachtung (AMB);;;3199.00;Übriger Betriebsaufwand;400.0;;;400.0;;;212
24;Volkswirtschaftsdepartement;2424;Arbeitsmarktbeobachtung (AMB);;;4210.00;Gebühren für Amtshandlungen;-40000.0;;;-40000.0;;Splitting der Gebühren der Finanzstellen 2420 und 2423 auf die Finanzstellen 2420, 2423 und 2424.;212
24;Volkswirtschaftsdepartement;2424;Arbeitsmarktbeobachtung (AMB);;;4270.00;Bussen;-60000.0;;;-60000.0;;Vergleich Konto 2420.4270.00.;212
24;Volkswirtschaftsdepartement;2424;Arbeitsmarktbeobachtung (AMB);;;4610.00;Entschädigungen vom Bund;-157000.0;;;-157000.0;;Vergleiche Konto 2423.4610.00.;212
24;Volkswirtschaftsdepartement;2440;Landwirtschaftsamt;;;3000.10;Sitzungsgelder Kommissionen;1500.0;1500.0;960.0;;;;212
24;Volkswirtschaftsdepartement;2440;Landwirtschaftsamt;;;3010.00;Löhne des Verwaltungs- und Betriebspersonals;1510000.0;1383600.0;1267820.3;126400.0;9.14;Anpassung der Entschädigungen der Ackerbaustellenleiter und Kontrolleure.;212
24;Volkswirtschaftsdepartement;2440;Landwirtschaftsamt;;;3010.95;Rückerstattungen Taggelder UV, EO, MSE, MV, IV für Verwaltungs- und Betriebspersonal;;;-18336.65;;;;212
24;Volkswirtschaftsdepartement;2440;Landwirtschaftsamt;;;3050.00;AG-Beiträge AHV, IV, EO, ALV, Verwaltungskosten;98200.0;90000.0;78390.55;8200.0;9.11;;212
24;Volkswirtschaftsdepartement;2440;Landwirtschaftsamt;;;3052.00;AG-Beiträge an Pensionskassen;167800.0;184800.0;155930.85;-17000.0;-9.2;;212
24;Volkswirtschaftsdepartement;2440;Landwirtschaftsamt;;;3053.00;AG-Beiträge an Unfallversicherungen;9200.0;8300.0;6201.8;900.0;10.84;;213
24;Volkswirtschaftsdepartement;2440;Landwirtschaftsamt;;;3054.00;AG-Beiträge an Familienzulagekassen;18100.0;18000.0;15682.2;100.0;0.56;;213
24;Volkswirtschaftsdepartement;2440;Landwirtschaftsamt;;;3059.10;AG-Beiträge Sozialfonds;1200.0;1100.0;965.15;100.0;9.09;;213
24;Volkswirtschaftsdepartement;2440;Landwirtschaftsamt;;;3090.00;Aus- und Weiterbildung des eigenen Personals;9900.0;28100.0;7510.8;-18200.0;-64.77;Es sind keine individuellen Weiterbildungen geplant.;213
24;Volkswirtschaftsdepartement;2440;Landwirtschaftsamt;;;3091.00;Personalwerbung;2000.0;2000.0;;;;;213
24;Volkswirtschaftsdepartement;2440;Landwirtschaftsamt;;;3099.00;Übriger Personalaufwand;4300.0;4300.0;1622.0;;;;213
24;Volkswirtschaftsdepartement;2440;Landwirtschaftsamt;;;3100.00;Büromaterial;1500.0;4000.0;1453.65;-2500.0;-62.5;;213
24;Volkswirtschaftsdepartement;2440;Landwirtschaftsamt;;;3101.00;Betriebs- und Verbrauchsmaterial;1100.0;1500.0;1082.75;-400.0;-26.67;;213
24;Volkswirtschaftsdepartement;2440;Landwirtschaftsamt;;;3103.00;Fachliteratur, Zeitschriften;3400.0;4000.0;3377.61;-600.0;-15.0;;213
24;Volkswirtschaftsdepartement;2440;Landwirtschaftsamt;;;3111.00;Maschinen, Geräte und Fahrzeuge;;500.0;;-500.0;-100.0;;213
24;Volkswirtschaftsdepartement;2440;Landwirtschaftsamt;;;3113.00;Hardware;3400.0;15000.0;3404.98;-11600.0;-77.33;Der Ersatz der ca. 50 mobilen Geräte der Ackerbaustellenleiter und Kontrolleure ist erst im Finanzplanjahr 2029 geplant.;213
24;Volkswirtschaftsdepartement;2440;Landwirtschaftsamt;;;3118.00;Immaterielle Anlagen;103000.0;48000.0;;55000.0;114.58;ITP0074 (VK LAWIS-Anpassungen «Agrarpolitik 2022+»), ITP0091 (VK Ausbau mobiles LAWIS / LAGIS), ITP0092 (VK Ersatz/Ausbau Strukturverbesserung) Es sind drei IT-Projekte für die Software LAWIS, die bewusst verzögert wurden, bis das Nachfolgeprodukt von LAWIS implementiert ist. Dadurch müssen die Entwicklungen nur einmal auf dem neuen System gemacht werden.;213
24;Volkswirtschaftsdepartement;2440;Landwirtschaftsamt;;;3130.00;Dienstleistungen Dritter;130500.0;48000.0;75454.17;82500.0;171.88;;213
24;Volkswirtschaftsdepartement;2440;Landwirtschaftsamt;;;3132.00;Honorare externe Berater, Gutachter, Fachexperten etc.;;3000.0;;-3000.0;-100.0;;213
24;Volkswirtschaftsdepartement;2440;Landwirtschaftsamt;;;3133.00;Informatik-Nutzungsaufwand;87800.0;90900.0;87843.2;-3100.0;-3.41;;213
24;Volkswirtschaftsdepartement;2440;Landwirtschaftsamt;;;3134.00;Sachversicherungsprämien;200.0;200.0;166.02;;;;213
24;Volkswirtschaftsdepartement;2440;Landwirtschaftsamt;;;3151.00;Unterhalt Maschinen, Geräte, Fahrzeuge;900.0;1000.0;920.38;-100.0;-10.0;;213
24;Volkswirtschaftsdepartement;2440;Landwirtschaftsamt;;;3158.00;Unterhalt immaterielle Anlagen;154000.0;137200.0;122960.05;16800.0;12.24;Inklusive Projekt «agridata.ch».;213
24;Volkswirtschaftsdepartement;2440;Landwirtschaftsamt;;;3161.00;Mieten, Benützungskosten Anlagen;600.0;10000.0;590.55;-9400.0;-94.0;;213
24;Volkswirtschaftsdepartement;2440;Landwirtschaftsamt;;;3170.00;Reisekosten und Spesen;48700.0;55000.0;48650.95;-6300.0;-11.45;;213
24;Volkswirtschaftsdepartement;2440;Landwirtschaftsamt;;;3199.00;Übriger Betriebsaufwand;7400.0;1000.0;7441.99;6400.0;640.0;;213
24;Volkswirtschaftsdepartement;2440;Landwirtschaftsamt;;;3430.00;Baulicher Unterhalt Liegenschaften FV;21800.0;;;21800.0;;Die Rebgrundstücke, aus denen der Staatswein gekeltert wird, müssen neu verpachtet werden. Anlagen und Pflanzen gehören bisher dem ehemaligen Pächter und müssen ihm abgekauft werden.;214
24;Volkswirtschaftsdepartement;2440;Landwirtschaftsamt;;;3611.00;Entschädigungen an Kantone und Konkordate;1000.0;1000.0;11387.5;;;;214
24;Volkswirtschaftsdepartement;2440;Landwirtschaftsamt;;;3612.10;Entschädigungen an innerkantonale Gemeinden und Gemeindezweckverbände;2500.0;2500.0;1349.0;;;;214
24;Volkswirtschaftsdepartement;2440;Landwirtschaftsamt;;;3614.00;Entschädigungen an öffentliche Unternehmungen;65000.0;65000.0;63338.8;;;;214
24;Volkswirtschaftsdepartement;2440;Landwirtschaftsamt;;;3630.00;Beiträge an den Bund;190000.0;;188382.4;190000.0;;Familienzulagen Landwirtschaft.;214
24;Volkswirtschaftsdepartement;2440;Landwirtschaftsamt;;;3631.00;Beiträge an Kantone und Konkordate;60000.0;38000.0;24143.5;22000.0;57.89;Insbesondere Beiträge an Arenenberg (Beratung Gemüse, Obst und Beeren) und Strickhof (Tierhaltung).;214
24;Volkswirtschaftsdepartement;2440;Landwirtschaftsamt;;;3632.10;Beiträge an innerkantonale Gemeinden und Gemeindezweckverbände;50000.0;;52716.0;50000.0;;Beiträge für die periodische Wiederinstandstellung von Güterstrassen (Gemäss Empfehlung FiKo werden Beträge < Fr. 200'000 in der Erfolgsrechnung verbucht).;214
24;Volkswirtschaftsdepartement;2440;Landwirtschaftsamt;;;3633.00;Beiträge an öffentliche Sozialversicherungen;58000.0;;57788.5;58000.0;;Familienzulagen Landwirtschaft.;214
24;Volkswirtschaftsdepartement;2440;Landwirtschaftsamt;;;3634.00;Beiträge an öffentliche Unternehmungen;10300.0;;;10300.0;;;214
24;Volkswirtschaftsdepartement;2440;Landwirtschaftsamt;;;3635.00;Beiträge an private Unternehmungen;389500.0;4500.0;140942.15;385000.0;8555.56;Beiträge an einzelbetriebliche Strukturverbesserungsmassnahmen. Diese werden neu bei Beiträgen unter Fr. 200'000 in der Erfolgsrechnung budgetiert und verbucht.;214
24;Volkswirtschaftsdepartement;2440;Landwirtschaftsamt;;;3636.00;Beiträge an private Organisationen ohne Erwerbszweck;40800.0;17500.0;18682.0;23300.0;133.14;Seit der Revision des Landwirtschaftsgesetzes können Vollzugsaufgaben im Rebbau an die Rebbauvereine delegiert werden.;214
24;Volkswirtschaftsdepartement;2440;Landwirtschaftsamt;;;3637.00;Beiträge an private Haushalte;415000.0;415000.0;315935.03;;;;214
24;Volkswirtschaftsdepartement;2440;Landwirtschaftsamt;;;3660.20;Planmässige Abschreibungen Invest.beiträge an Gemeinden;570200.0;548900.0;507574.0;21300.0;3.88;;214
24;Volkswirtschaftsdepartement;2440;Landwirtschaftsamt;;;3660.50;Planmässige Abschreibungen Invest.beiträge an private Unternehmungen;47200.0;39700.0;18429.0;7500.0;18.89;;214
24;Volkswirtschaftsdepartement;2440;Landwirtschaftsamt;;;3702.10;Durchlaufende Beiträge an Gemeinden und Gemeindezweckverbände;125000.0;;124572.0;125000.0;;Bundesbeiträge an Strukturverbesserungen (Gegenkonto: 4700.00), werden durchlaufend weitergereicht.;214
24;Volkswirtschaftsdepartement;2440;Landwirtschaftsamt;;;3705.00;Durchlaufende Beiträge an private Unternehmungen;150000.0;;149846.0;150000.0;;Bundesbeiträge an Strukturverbesserungen (Gegenkonto: 4700.00), werden durchlaufend weitergereicht.;215
24;Volkswirtschaftsdepartement;2440;Landwirtschaftsamt;;;3706.00;Durchlaufende Beiträge an private Organisationen ohne Erwerbszweck;300000.0;;;300000.0;;Bundesbeiträge an Strukturverbesserungen (Gegenkonto: 4700.00), werden durchlaufend weitergereicht.;215
24;Volkswirtschaftsdepartement;2440;Landwirtschaftsamt;;;3707.00;Durchlaufende Beiträge an private Haushalte;35960000.0;35960000.0;3896350.75;;;;215
24;Volkswirtschaftsdepartement;2440;Landwirtschaftsamt;;;3707.10;Bundesbeiträge Direktzahlungen;;;28217283.05;;;;215
24;Volkswirtschaftsdepartement;2440;Landwirtschaftsamt;;;3707.20;Bundesbeiträge Getreidezulage, Einzelkultur- und in- situ-Beiträge;;;4127066.6;;;;215
24;Volkswirtschaftsdepartement;2440;Landwirtschaftsamt;;;3900.00;IV Material- und Warenbezüge;2000.0;2000.0;945.3;;;;215
24;Volkswirtschaftsdepartement;2440;Landwirtschaftsamt;;;3910.00;IV Dienstleistungen;2000.0;2000.0;5297.4;;;;215
24;Volkswirtschaftsdepartement;2440;Landwirtschaftsamt;;;4210.00;Gebühren für Amtshandlungen;-40000.0;-40000.0;-28843.7;;;;215
24;Volkswirtschaftsdepartement;2440;Landwirtschaftsamt;;;4240.00;Benützungsgebühren und Dienstleistungen;-250000.0;-250000.0;-223119.98;;;;215
24;Volkswirtschaftsdepartement;2440;Landwirtschaftsamt;;;4309.00;Übrige betriebliche Erträge;;;-766.4;;;;215
24;Volkswirtschaftsdepartement;2440;Landwirtschaftsamt;;;4470.00;Pacht- und Mietzinse Liegenschaften VV;-3000.0;;;-3000.0;;;215
24;Volkswirtschaftsdepartement;2440;Landwirtschaftsamt;;;4611.00;Entschädigungen von Kantonen und Konkordaten;-90000.0;-90000.0;-106822.9;;;;215
24;Volkswirtschaftsdepartement;2440;Landwirtschaftsamt;;;4630.00;Beiträge vom Bund;-30000.0;-30000.0;-57474.6;;;;215
24;Volkswirtschaftsdepartement;2440;Landwirtschaftsamt;;;4631.00;Beiträge von Kantonen und Konkordaten;;;-678.6;;;;215
24;Volkswirtschaftsdepartement;2440;Landwirtschaftsamt;;;4700.00;Durchlaufende Beiträge vom Bund;-36075000.0;-35800000.0;-3989320.85;-275000.0;0.77;;215
24;Volkswirtschaftsdepartement;2440;Landwirtschaftsamt;;;4700.10;Bundesbeiträge Direktzahlungen;;;-28217283.05;;;;215
24;Volkswirtschaftsdepartement;2440;Landwirtschaftsamt;;;4700.20;Bundesbeiträge Getreidezulage, Einzelkultur- und in- situ-Beiträge;;;-4127066.6;;;;215
24;Volkswirtschaftsdepartement;2440;Landwirtschaftsamt;;;4700.30;Bundesbeiträge Regionalentwicklung (LWG);-300000.0;;;-300000.0;;Bundesbeiträge, durchlaufend (Gegenkonto 3706.00).;215
24;Volkswirtschaftsdepartement;2440;Landwirtschaftsamt;;;4702.10;Durchlaufende Beiträge von innerkantonalen Gemeinden und Gemeindezweckverbänden;-160000.0;-160000.0;-181447.9;;;;215
24;Volkswirtschaftsdepartement;2440;Landwirtschaftsamt;;;4980.00;Übertragungen;-65000.0;-65000.0;-64793.8;;;;215
24;Volkswirtschaftsdepartement;2450;Amt für Justiz und Gemeinden;;;3010.00;Löhne des Verwaltungs- und Betriebspersonals;1278900.0;1322700.0;1325004.8;-43800.0;-3.31;Personalmutation.;215
24;Volkswirtschaftsdepartement;2450;Amt für Justiz und Gemeinden;;;3050.00;AG-Beiträge AHV, IV, EO, ALV, Verwaltungskosten;83100.0;85900.0;85544.5;-2800.0;-3.26;;215
24;Volkswirtschaftsdepartement;2450;Amt für Justiz und Gemeinden;;;3052.00;AG-Beiträge an Pensionskassen;142000.0;176700.0;184083.7;-34700.0;-19.64;;215
24;Volkswirtschaftsdepartement;2450;Amt für Justiz und Gemeinden;;;3053.00;AG-Beiträge an Unfallversicherungen;7800.0;8000.0;6896.95;-200.0;-2.5;;215
24;Volkswirtschaftsdepartement;2450;Amt für Justiz und Gemeinden;;;3054.00;AG-Beiträge an Familienzulagekassen;15300.0;17100.0;17223.85;-1800.0;-10.53;;216
24;Volkswirtschaftsdepartement;2450;Amt für Justiz und Gemeinden;;;3059.10;AG-Beiträge Sozialfonds;1000.0;1000.0;1018.3;;;;216
24;Volkswirtschaftsdepartement;2450;Amt für Justiz und Gemeinden;;;3090.00;Aus- und Weiterbildung des eigenen Personals;10500.0;10500.0;-395.0;;;;216
24;Volkswirtschaftsdepartement;2450;Amt für Justiz und Gemeinden;;;3091.00;Personalwerbung;;;100.0;;;;216
24;Volkswirtschaftsdepartement;2450;Amt für Justiz und Gemeinden;;;3099.00;Übriger Personalaufwand;1300.0;1200.0;3710.8;100.0;8.33;;216
24;Volkswirtschaftsdepartement;2450;Amt für Justiz und Gemeinden;;;3100.00;Büromaterial;6700.0;5600.0;6692.63;1100.0;19.64;;216
24;Volkswirtschaftsdepartement;2450;Amt für Justiz und Gemeinden;;;3103.00;Fachliteratur, Zeitschriften;7300.0;7000.0;7258.19;300.0;4.29;;216
24;Volkswirtschaftsdepartement;2450;Amt für Justiz und Gemeinden;;;3110.00;Büromöbel und -geräte;;500.0;;-500.0;-100.0;;216
24;Volkswirtschaftsdepartement;2450;Amt für Justiz und Gemeinden;;;3113.00;Hardware;5000.0;2000.0;549.5;3000.0;150.0;;216
24;Volkswirtschaftsdepartement;2450;Amt für Justiz und Gemeinden;;;3130.00;Dienstleistungen Dritter;26200.0;72000.0;115651.25;-45800.0;-63.61;Es wird ein geringerer Bedarf an externen Dienstleistungen im Zusammenhang mit der Umsetzung von Justitia 4.0 erwartet.;216
24;Volkswirtschaftsdepartement;2450;Amt für Justiz und Gemeinden;;;3132.00;Honorare externe Berater, Gutachter, Fachexperten etc.;;1000.0;;-1000.0;-100.0;;216
24;Volkswirtschaftsdepartement;2450;Amt für Justiz und Gemeinden;;;3133.00;Informatik-Nutzungsaufwand;117000.0;91900.0;60546.0;25100.0;27.31;Inklusive Einführung eines Beurkundungsprogramm im Geschäftsverwaltungssystem.;216
24;Volkswirtschaftsdepartement;2450;Amt für Justiz und Gemeinden;;;3158.00;Unterhalt immaterielle Anlagen;;7000.0;;-7000.0;-100.0;;216
24;Volkswirtschaftsdepartement;2450;Amt für Justiz und Gemeinden;;;3160.00;Mieten und Pachten Liegenschaften;;500.0;;-500.0;-100.0;;216
24;Volkswirtschaftsdepartement;2450;Amt für Justiz und Gemeinden;;;3161.00;Mieten, Benützungskosten Anlagen;;6000.0;;-6000.0;-100.0;;216
24;Volkswirtschaftsdepartement;2450;Amt für Justiz und Gemeinden;;;3170.00;Reisekosten und Spesen;7600.0;14000.0;7647.85;-6400.0;-45.71;;216
24;Volkswirtschaftsdepartement;2450;Amt für Justiz und Gemeinden;;;3181.00;Tatsächliche Forderungsverluste;700.0;500.0;650.0;200.0;40.0;;216
24;Volkswirtschaftsdepartement;2450;Amt für Justiz und Gemeinden;;;3199.00;Übriger Betriebsaufwand;3000.0;3000.0;18035.9;;;;216
24;Volkswirtschaftsdepartement;2450;Amt für Justiz und Gemeinden;;;3612.10;Entschädigungen an innerkantonale Gemeinden und Gemeindezweckverbände;420000.0;420000.0;411166.69;;;;216
24;Volkswirtschaftsdepartement;2450;Amt für Justiz und Gemeinden;;;3630.00;Beiträge an den Bund;6000.0;6000.0;6185.55;;;;216
24;Volkswirtschaftsdepartement;2450;Amt für Justiz und Gemeinden;;;4210.00;Gebühren für Amtshandlungen;-450000.0;-415000.0;-448272.55;-35000.0;8.43;Es handelt sich im Wesentlichen um Erträge aus erbenlosen Nachlässen.;216
24;Volkswirtschaftsdepartement;2450;Amt für Justiz und Gemeinden;;;4390.00;Übrige Erträge;;;-10344.0;;;;216
24;Volkswirtschaftsdepartement;2453;Kantonaler Finanzausgleich;;;3622.50;Innerkantonaler Finanzausgleich von Kanton an Gemeinde;8430000.0;6750000.0;5703770.0;1680000.0;24.89;Die Steuerkraft in der Berechnungsperiode 2024 bis 2026 hat in den urbanen Gemeinden nochmals stark zugenommen. Dieser Entwicklung können die Nehmergemeinden nicht folgen, was zu gesetzlich höheren Ansprüchen führt. Zusätzlich ist eine Gemeinde neu anspruchsberechtigt aufgrund der Erhöhung des Steuerfusses.;217
24;Volkswirtschaftsdepartement;2453;Kantonaler Finanzausgleich;;;3622.60;Innerkantonaler Lastenausgleich von Kanton an Gemeinde;865000.0;770000.0;759199.0;95000.0;12.34;Leicht höherer Lastenausgleich insbesondere aufgrund der Entwicklung der Schülerzahlen.;217
24;Volkswirtschaftsdepartement;2453;Kantonaler Finanzausgleich;;;3622.70;Horizontaler Finanzausgleich von Gemeinde an Gemeinde;8430000.0;6750000.0;5703772.0;1680000.0;24.89;;217
24;Volkswirtschaftsdepartement;2453;Kantonaler Finanzausgleich;;;3622.80;Horizontaler Lastenausgleich von Gemeinde an Gemeinde;865000.0;770000.0;759204.0;95000.0;12.34;;217
24;Volkswirtschaftsdepartement;2453;Kantonaler Finanzausgleich;;;4622.70;Horizontaler Finanzausgleich von Gemeinde an Gemeinde;-8430000.0;-6750000.0;-5703772.0;-1680000.0;24.89;;217
24;Volkswirtschaftsdepartement;2453;Kantonaler Finanzausgleich;;;4622.80;Horizontaler Lastenausgleich von Gemeinde an Gemeinde;-865000.0;-770000.0;-759204.0;-95000.0;12.34;;217
24;Volkswirtschaftsdepartement;2454;Strafvollzug in auswärtigen Anstalten;;;3130.00;Dienstleistungen Dritter;2200.0;6000.0;2165.7;-3800.0;-63.33;;217
24;Volkswirtschaftsdepartement;2454;Strafvollzug in auswärtigen Anstalten;;;3132.00;Honorare externe Berater, Gutachter, Fachexperten etc.;45000.0;60000.0;35571.95;-15000.0;-25.0;Kosten für psychiatrische Gutachten und unentgeltliche Rechtsvertreter.;217
24;Volkswirtschaftsdepartement;2454;Strafvollzug in auswärtigen Anstalten;;;3135.00;Dienstleistungsaufwand für Personen in Obhut;40000.0;15000.0;60355.35;25000.0;166.67;Es handelt sich insbesondere um Arztkosten sowie um Kosten für Wachpersonal bei Spitalaufenthalten.;217
24;Volkswirtschaftsdepartement;2454;Strafvollzug in auswärtigen Anstalten;;;3611.00;Entschädigungen an Kantone und Konkordate;1700000.0;1200000.0;2195531.07;500000.0;41.67;Kosten für den Vollzug in auswärtigen Anstalten, E-Monitoring, ROS- Abklärungen sowie Beiträge an die Projekte HIS (Harmonisierung der Informatik in der Strafjustiz) und Justitia 4.0.;217
24;Volkswirtschaftsdepartement;2454;Strafvollzug in auswärtigen Anstalten;;;3631.00;Beiträge an Kantone und Konkordate;35000.0;35000.0;26195.5;;;;217
24;Volkswirtschaftsdepartement;2454;Strafvollzug in auswärtigen Anstalten;;;4611.00;Entschädigungen von Kantonen und Konkordaten;-20000.0;-20000.0;-163890.75;;;;217
24;Volkswirtschaftsdepartement;2466;Staatsanwaltschaft;;;3010.00;Löhne des Verwaltungs- und Betriebspersonals;6156200.0;6022300.0;6143863.3;133900.0;2.22;Inklusive Anpassung der Akzessistenlöhne.;218
24;Volkswirtschaftsdepartement;2466;Staatsanwaltschaft;;;3010.95;Rückerstattungen Taggelder UV, EO, MSE, MV, IV für Verwaltungs- und Betriebspersonal;;;-53971.45;;;;218
24;Volkswirtschaftsdepartement;2466;Staatsanwaltschaft;;;3049.00;Übrige Zulagen;38000.0;38000.0;37939.25;;;;218
24;Volkswirtschaftsdepartement;2466;Staatsanwaltschaft;;;3050.00;AG-Beiträge AHV, IV, EO, ALV, Verwaltungskosten;400200.0;391400.0;394984.5;8800.0;2.25;;218
24;Volkswirtschaftsdepartement;2466;Staatsanwaltschaft;;;3052.00;AG-Beiträge an Pensionskassen;683300.0;804600.0;737014.85;-121300.0;-15.08;;218
24;Volkswirtschaftsdepartement;2466;Staatsanwaltschaft;;;3053.00;AG-Beiträge an Unfallversicherungen;37600.0;37400.0;31933.05;200.0;0.53;;218
24;Volkswirtschaftsdepartement;2466;Staatsanwaltschaft;;;3054.00;AG-Beiträge an Familienzulagekassen;73900.0;78300.0;79613.8;-4400.0;-5.62;;218
24;Volkswirtschaftsdepartement;2466;Staatsanwaltschaft;;;3059.10;AG-Beiträge Sozialfonds;4900.0;4900.0;4670.8;;;;218
24;Volkswirtschaftsdepartement;2466;Staatsanwaltschaft;;;3064.00;Überbrückungsrenten;;;47124.0;;;;218
24;Volkswirtschaftsdepartement;2466;Staatsanwaltschaft;;;3090.00;Aus- und Weiterbildung des eigenen Personals;47200.0;47200.0;24265.2;;;;218
24;Volkswirtschaftsdepartement;2466;Staatsanwaltschaft;;;3091.00;Personalwerbung;;500.0;;-500.0;-100.0;;218
24;Volkswirtschaftsdepartement;2466;Staatsanwaltschaft;;;3099.00;Übriger Personalaufwand;15000.0;15000.0;13558.9;;;;218
24;Volkswirtschaftsdepartement;2466;Staatsanwaltschaft;;;3100.00;Büromaterial;30300.0;35000.0;30257.08;-4700.0;-13.43;;218
24;Volkswirtschaftsdepartement;2466;Staatsanwaltschaft;;;3103.00;Fachliteratur, Zeitschriften;31400.0;42000.0;31443.45;-10600.0;-25.24;Budgetierung orientiert sich an den Ausgaben im Jahr 2025.;218
24;Volkswirtschaftsdepartement;2466;Staatsanwaltschaft;;;3106.00;Medizinisches Material;;300.0;;-300.0;-100.0;;218
24;Volkswirtschaftsdepartement;2466;Staatsanwaltschaft;;;3113.00;Hardware;20000.0;16500.0;20024.9;3500.0;21.21;;218
24;Volkswirtschaftsdepartement;2466;Staatsanwaltschaft;;;3118.00;Immaterielle Anlagen;3600.0;;3571.0;3600.0;;;218
24;Volkswirtschaftsdepartement;2466;Staatsanwaltschaft;;;3130.00;Dienstleistungen Dritter;95600.0;170000.0;95582.83;-74400.0;-43.76;Budgetierung orientiert sich an den Ausgaben im Jahr 2025.;218
24;Volkswirtschaftsdepartement;2466;Staatsanwaltschaft;;;3132.00;Honorare externe Berater, Gutachter, Fachexperten etc.;1200000.0;1200000.0;1269416.39;;;;218
24;Volkswirtschaftsdepartement;2466;Staatsanwaltschaft;;;3133.00;Informatik-Nutzungsaufwand;519000.0;437700.0;382940.17;81300.0;18.57;Kürzere Abschreibungsdauer, angepasster Servicekatalog sowie vorübergehende höhere Kosten pro Arbeitsplatz im Zuge der Umstellung von virtuellen Arbeitsplätzen auf FatClient. Zudem werden die bisher unter Konto 2466.3161.00 budgetierten Kosten neu unter diesem Konto verbucht.;218
24;Volkswirtschaftsdepartement;2466;Staatsanwaltschaft;;;3153.00;Informatik-Unterhalt (Hardware);1400.0;1000.0;1385.85;400.0;40.0;;218
24;Volkswirtschaftsdepartement;2466;Staatsanwaltschaft;;;3158.00;Unterhalt immaterielle Anlagen;95600.0;95600.0;62517.12;;;;218
24;Volkswirtschaftsdepartement;2466;Staatsanwaltschaft;;;3161.00;Mieten, Benützungskosten Anlagen;900.0;37000.0;862.0;-36100.0;-97.57;Vergleiche Konto 2466.3133.00.;218
24;Volkswirtschaftsdepartement;2466;Staatsanwaltschaft;;;3170.00;Reisekosten und Spesen;35000.0;35000.0;37395.45;;;;218
24;Volkswirtschaftsdepartement;2466;Staatsanwaltschaft;;;3181.00;Tatsächliche Forderungsverluste;800000.0;800000.0;914700.61;;;;219
24;Volkswirtschaftsdepartement;2466;Staatsanwaltschaft;;;3199.00;Übriger Betriebsaufwand;931400.0;800000.0;931386.87;131400.0;16.43;Budgetierung orientiert sich an den Ausgaben im Jahr 2025.;219
24;Volkswirtschaftsdepartement;2466;Staatsanwaltschaft;;;3610.00;Entschädigungen an Bund;330000.0;250000.0;231875.0;80000.0;32.0;Höhere Kantonsbeiträge an den Dienst Überwachung Post- und Fernmeldeverkehr (Dienst ÜPF).;219
24;Volkswirtschaftsdepartement;2466;Staatsanwaltschaft;;;3900.00;IV Material- und Warenbezüge;4000.0;4000.0;2693.0;;;;219
24;Volkswirtschaftsdepartement;2466;Staatsanwaltschaft;;;3910.00;IV Dienstleistungen;129000.0;129000.0;135000.0;;;;219
24;Volkswirtschaftsdepartement;2466;Staatsanwaltschaft;;;4210.00;Gebühren für Amtshandlungen;-3500000.0;-3500000.0;-3319594.4;;;;219
24;Volkswirtschaftsdepartement;2466;Staatsanwaltschaft;;;4260.00;Rückerstattungen und Kostenbeteiligungen Dritter;-400000.0;-400000.0;-343595.1;;;;219
24;Volkswirtschaftsdepartement;2466;Staatsanwaltschaft;;;4270.00;Bussen;-3800000.0;-3600000.0;-3667778.45;-200000.0;5.56;Budgetierung aufgrund der erwarteten Einnahmen.;219
24;Volkswirtschaftsdepartement;2466;Staatsanwaltschaft;;;4290.00;Übrige Entgelte;-20000.0;-20000.0;-39258.36;;;;219
24;Volkswirtschaftsdepartement;2466;Staatsanwaltschaft;;;4301.00;Beschlagnahmte Vermögenswerte;-100000.0;-20000.0;-51689.0;-80000.0;400.0;Einnahmen aus der Verwertung beschlagnahmter Vermögenswerte.;219
24;Volkswirtschaftsdepartement;2472;Gefängnisverwaltung;;;3010.00;Löhne des Verwaltungs- und Betriebspersonals;2075000.0;2103900.0;2047079.45;-28900.0;-1.37;;219
24;Volkswirtschaftsdepartement;2472;Gefängnisverwaltung;;;3010.95;Rückerstattungen Taggelder UV, EO, MSE, MV, IV für Verwaltungs- und Betriebspersonal;;;-753.75;;;;219
24;Volkswirtschaftsdepartement;2472;Gefängnisverwaltung;;;3049.00;Übrige Zulagen;117800.0;117800.0;84376.7;;;;219
24;Volkswirtschaftsdepartement;2472;Gefängnisverwaltung;;;3050.00;AG-Beiträge AHV, IV, EO, ALV, Verwaltungskosten;134900.0;136800.0;138023.7;-1900.0;-1.39;;219
24;Volkswirtschaftsdepartement;2472;Gefängnisverwaltung;;;3052.00;AG-Beiträge an Pensionskassen;230300.0;281100.0;280246.15;-50800.0;-18.07;;219
24;Volkswirtschaftsdepartement;2472;Gefängnisverwaltung;;;3053.00;AG-Beiträge an Unfallversicherungen;12700.0;13500.0;11278.05;-800.0;-5.93;;219
24;Volkswirtschaftsdepartement;2472;Gefängnisverwaltung;;;3054.00;AG-Beiträge an Familienzulagekassen;24900.0;27400.0;27693.65;-2500.0;-9.12;;219
24;Volkswirtschaftsdepartement;2472;Gefängnisverwaltung;;;3059.10;AG-Beiträge Sozialfonds;1700.0;1700.0;1672.35;;;;219
24;Volkswirtschaftsdepartement;2472;Gefängnisverwaltung;;;3090.00;Aus- und Weiterbildung des eigenen Personals;19000.0;19000.0;18357.71;;;;219
24;Volkswirtschaftsdepartement;2472;Gefängnisverwaltung;;;3091.00;Personalwerbung;600.0;600.0;;;;;219
24;Volkswirtschaftsdepartement;2472;Gefängnisverwaltung;;;3099.00;Übriger Personalaufwand;6800.0;6800.0;6733.3;;;;219
24;Volkswirtschaftsdepartement;2472;Gefängnisverwaltung;;;3100.00;Büromaterial;3300.0;5300.0;3255.66;-2000.0;-37.74;;219
24;Volkswirtschaftsdepartement;2472;Gefängnisverwaltung;;;3101.00;Betriebs- und Verbrauchsmaterial;34300.0;55000.0;34288.68;-20700.0;-37.64;Die Kosten sind abhängig von der Belegung.;219
24;Volkswirtschaftsdepartement;2472;Gefängnisverwaltung;;;3102.00;Drucksachen, Publikationen;100.0;1200.0;117.6;-1100.0;-91.67;;219
24;Volkswirtschaftsdepartement;2472;Gefängnisverwaltung;;;3103.00;Fachliteratur, Zeitschriften;9900.0;5800.0;9946.95;4100.0;70.69;;219
24;Volkswirtschaftsdepartement;2472;Gefängnisverwaltung;;;3105.00;Lebensmittel;277300.0;300000.0;277268.41;-22700.0;-7.57;Die Kosten sind abhängig von der Belegung.;220
24;Volkswirtschaftsdepartement;2472;Gefängnisverwaltung;;;3106.00;Medizinisches Material;56600.0;75000.0;56625.85;-18400.0;-24.53;Abhängig von Belegung und Gesundheitszustand der Insassen.;220
24;Volkswirtschaftsdepartement;2472;Gefängnisverwaltung;;;3109.00;Übriger Material- und Warenaufwand;;600.0;;-600.0;-100.0;;220
24;Volkswirtschaftsdepartement;2472;Gefängnisverwaltung;;;3110.00;Büromöbel und -geräte;3500.0;4000.0;3523.07;-500.0;-12.5;;220
24;Volkswirtschaftsdepartement;2472;Gefängnisverwaltung;;;3111.00;Maschinen, Geräte und Fahrzeuge;35400.0;39000.0;35438.57;-3600.0;-9.23;Im Budgetjahr sind keine grösseren Anschaffungen geplant.;220
24;Volkswirtschaftsdepartement;2472;Gefängnisverwaltung;;;3112.00;Kleider, Wäsche, Vorhänge;35000.0;28000.0;22856.54;7000.0;25.0;;220
24;Volkswirtschaftsdepartement;2472;Gefängnisverwaltung;;;3113.00;Hardware;3600.0;3600.0;3625.9;;;;220
24;Volkswirtschaftsdepartement;2472;Gefängnisverwaltung;;;3118.00;Immaterielle Anlagen;;200.0;;-200.0;-100.0;;220
24;Volkswirtschaftsdepartement;2472;Gefängnisverwaltung;;;3119.00;Übrige nicht aktivierbare Anlagen;1500.0;12000.0;1493.88;-10500.0;-87.5;Es handelt sich um kleinere Anschaffungen wie z. B. Matrazen.;220
24;Volkswirtschaftsdepartement;2472;Gefängnisverwaltung;;;3120.00;Ver- und Entsorgung Liegenschaften VV;6000.0;7500.0;6013.66;-1500.0;-20.0;;220
24;Volkswirtschaftsdepartement;2472;Gefängnisverwaltung;;;3130.00;Dienstleistungen Dritter;250000.0;300000.0;410671.71;-50000.0;-16.67;Inklusive externe Unterstützung bei der Evaluation einer neuen Gefängnissoftware.;220
24;Volkswirtschaftsdepartement;2472;Gefängnisverwaltung;;;3133.00;Informatik-Nutzungsaufwand;63000.0;63000.0;91514.15;;;;220
24;Volkswirtschaftsdepartement;2472;Gefängnisverwaltung;;;3134.00;Sachversicherungsprämien;700.0;700.0;734.86;;;;220
24;Volkswirtschaftsdepartement;2472;Gefängnisverwaltung;;;3135.00;Dienstleistungsaufwand für Personen in Obhut;261100.0;206000.0;261097.98;55100.0;26.75;Abhängig von Belegung. Budgetierung orientiert sich an Vorjahr.;220
24;Volkswirtschaftsdepartement;2472;Gefängnisverwaltung;;;3144.00;Unterhalt Hochbauten, Gebäude;100000.0;110000.0;241801.75;-10000.0;-9.09;;220
24;Volkswirtschaftsdepartement;2472;Gefängnisverwaltung;;;3151.00;Unterhalt Maschinen, Geräte, Fahrzeuge;95400.0;110000.0;95426.65;-14600.0;-13.27;Zurückhaltende Erneuerung der technischen Einrichtungen im bestehenden Gebäude im Hinblick auf den Bezug des PSZ.;220
24;Volkswirtschaftsdepartement;2472;Gefängnisverwaltung;;;3158.00;Unterhalt immaterielle Anlagen;5100.0;3600.0;5101.45;1500.0;41.67;;220
24;Volkswirtschaftsdepartement;2472;Gefängnisverwaltung;;;3159.00;Unterhalt übrige mobile Anlagen;1200.0;;1167.0;1200.0;;;220
24;Volkswirtschaftsdepartement;2472;Gefängnisverwaltung;;;3160.00;Mieten und Pachten Liegenschaften;2400.0;5000.0;2400.0;-2600.0;-52.0;;220
24;Volkswirtschaftsdepartement;2472;Gefängnisverwaltung;;;3161.00;Mieten, Benützungskosten Anlagen;700.0;6700.0;651.5;-6000.0;-89.55;;220
24;Volkswirtschaftsdepartement;2472;Gefängnisverwaltung;;;3170.00;Reisekosten und Spesen;12200.0;15000.0;12213.4;-2800.0;-18.67;;220
24;Volkswirtschaftsdepartement;2472;Gefängnisverwaltung;;;3199.00;Übriger Betriebsaufwand;2800.0;3600.0;2769.35;-800.0;-22.22;;220
24;Volkswirtschaftsdepartement;2472;Gefängnisverwaltung;;;3610.00;Entschädigungen an Bund;1500.0;1500.0;1428.0;;;;220
24;Volkswirtschaftsdepartement;2472;Gefängnisverwaltung;;;3611.00;Entschädigungen an Kantone und Konkordate;50000.0;50000.0;171228.4;;;;220
24;Volkswirtschaftsdepartement;2472;Gefängnisverwaltung;;;3630.00;Beiträge an den Bund;40000.0;40000.0;42812.75;;;;220
24;Volkswirtschaftsdepartement;2472;Gefängnisverwaltung;;;3636.00;Beiträge an private Organisationen ohne Erwerbszweck;32000.0;32000.0;47348.0;;;;221
24;Volkswirtschaftsdepartement;2472;Gefängnisverwaltung;;;3900.00;IV Material- und Warenbezüge;2800.0;2800.0;206.6;;;;221
24;Volkswirtschaftsdepartement;2472;Gefängnisverwaltung;;;3910.00;IV Dienstleistungen;;;1086.0;;;;221
24;Volkswirtschaftsdepartement;2472;Gefängnisverwaltung;;;4240.00;Benützungsgebühren und Dienstleistungen;-100000.0;-100000.0;-53700.35;;;;221
24;Volkswirtschaftsdepartement;2472;Gefängnisverwaltung;;;4309.00;Übrige betriebliche Erträge;-1000.0;-1000.0;;;;;221
24;Volkswirtschaftsdepartement;2472;Gefängnisverwaltung;;;4610.00;Entschädigungen vom Bund;-20000.0;-20000.0;;;;;221
24;Volkswirtschaftsdepartement;2472;Gefängnisverwaltung;;;4611.00;Entschädigungen von Kantonen und Konkordaten;-250000.0;-200000.0;-406775.6;-50000.0;25.0;Hierbei handelt es sich um die Abgeltung für die Übernahme ausserkantonaler Insassen.;221
24;Volkswirtschaftsdepartement;2498;;2498.7004;Generationenfonds;3130.00;Dienstleistungen Dritter;245500.0;250000.0;245466.4;-4500.0;-1.8;;221
24;Volkswirtschaftsdepartement;2498;;2498.7004;Generationenfonds;3634.00;Beiträge an öffentliche Unternehmungen;1140000.0;685200.0;123275.83;454800.0;66.37;Budgetierung gemäss erwarteter Projekte.;221
24;Volkswirtschaftsdepartement;2498;;2498.7004;Generationenfonds;3635.00;Beiträge an private Unternehmungen;2420000.0;2760300.0;228000.0;-340300.0;-12.33;Budgetierung gemäss erwarteter Projekte.;221
24;Volkswirtschaftsdepartement;2498;;2498.7004;Generationenfonds;3636.00;Beiträge an private Organisationen ohne Erwerbszweck;300000.0;;;300000.0;;Budgetierung gemäss erwarteter Projekte.;221
24;Volkswirtschaftsdepartement;2498;;2498.7004;Generationenfonds;3640.50;Wertberichtigungen Darlehen an private Unternehmungen;;;400000.0;;;;221
24;Volkswirtschaftsdepartement;2498;;2498.7004;Generationenfonds;3704.00;Durchlaufende Beiträge an öffentliche Unternehmungen;660000.0;729100.0;310775.78;-69100.0;-9.48;Vgl. Kommentar zu Konto 2498.7004.3634.00.;221
24;Volkswirtschaftsdepartement;2498;;2498.7004;Generationenfonds;3705.00;Durchlaufende Beiträge an private Unternehmungen;2200000.0;2716400.0;40000.0;-516400.0;-19.01;Vgl. Kommentar zu Konto 2498.7004.3635.00.;221
24;Volkswirtschaftsdepartement;2498;;2498.7004;Generationenfonds;3706.00;Durchlaufende Beiträge an private Organisationen ohne Erwerbszweck;675000.0;675000.0;664740.0;;;;221
24;Volkswirtschaftsdepartement;2498;;2498.7004;Generationenfonds;4402.00;Zinsen Finanzanlagen;;;-99723.35;;;;221
24;Volkswirtschaftsdepartement;2498;;2498.7004;Generationenfonds;4630.00;Beiträge vom Bund;-125000.0;-125000.0;-250000.0;;;;221
24;Volkswirtschaftsdepartement;2498;;2498.7004;Generationenfonds;4700.00;Durchlaufende Beiträge vom Bund;-3535000.0;-4120500.0;-1015515.78;585500.0;-14.21;Budgetierung gemäss erwarteter Projekte mit Bundesbeteiligung.;221
24;Volkswirtschaftsdepartement;2498;;2498.7004;Generationenfonds;9011.00;Abschluss Spezialfinanzierungen und Fonds des Eigenkapitals, Aufwandüberschuss;-3980500.0;-3570500.0;-647018.88;-410000.0;11.48;;221
24;Volkswirtschaftsdepartement;2498;;2498.7242;Rebfonds;3130.00;Dienstleistungen Dritter;;1500.0;;-1500.0;-100.0;;221
24;Volkswirtschaftsdepartement;2498;;2498.7242;Rebfonds;3134.00;Sachversicherungsprämien;;100.0;45.5;-100.0;-100.0;;222
24;Volkswirtschaftsdepartement;2498;;2498.7242;Rebfonds;3137.00;Steuern und Abgaben;;;214.5;;;;222
24;Volkswirtschaftsdepartement;2498;;2498.7242;Rebfonds;3634.00;Beiträge an öffentliche Unternehmungen;;300.0;203.75;-300.0;-100.0;;222
24;Volkswirtschaftsdepartement;2498;;2498.7242;Rebfonds;3635.00;Beiträge an private Unternehmungen;;25000.0;25000.0;-25000.0;-100.0;;222
24;Volkswirtschaftsdepartement;2498;;2498.7242;Rebfonds;3636.00;Beiträge an private Organisationen ohne Erwerbszweck;;35000.0;33889.6;-35000.0;-100.0;;222
24;Volkswirtschaftsdepartement;2498;;2498.7242;Rebfonds;4470.00;Pacht- und Mietzinse Liegenschaften VV;;-1800.0;-1796.2;1800.0;-100.0;;222
24;Volkswirtschaftsdepartement;2498;;2498.7242;Rebfonds;4632.10;Laufende Betriebsbeiträge von innerkantonalen Gemeinden und Gemeindezweckverbände;;-9600.0;-9513.8;9600.0;-100.0;;222
24;Volkswirtschaftsdepartement;2498;;2498.7242;Rebfonds;4637.00;Beiträge von privaten Haushalten;;-48000.0;-47569.0;48000.0;-100.0;;222
24;Volkswirtschaftsdepartement;2498;;2498.7242;Rebfonds;4940.00;IV Kalk. Zinsen und Finanzaufwand;;;-10.47;;;;222
24;Volkswirtschaftsdepartement;2498;;2498.7242;Rebfonds;9011.00;Abschluss Spezialfinanzierungen und Fonds des Eigenkapitals, Aufwandüberschuss;;-2500.0;-463.88;2500.0;-100.0;;222
24;Volkswirtschaftsdepartement;2498;;2498.7243;Fonds für Elementarschadenvergütung;3632.10;Beiträge an innerkantonale Gemeinden und Gemeindezweckverbände;5000.0;5000.0;;;;;222
24;Volkswirtschaftsdepartement;2498;;2498.7243;Fonds für Elementarschadenvergütung;9011.00;Abschluss Spezialfinanzierungen und Fonds des Eigenkapitals, Aufwandüberschuss;-5000.0;-5000.0;;;;;222
25;Finanzdepartement;2500;Sekretariat;;;3010.00;Löhne des Verwaltungs- und Betriebspersonals;550000.0;397300.0;445261.15;152700.0;38.43;+100% Stelle Digitalisierungsverantwortliche/r Finanzdepartement (befristet auf 4 Jahre) +Korrektur Lohnsumme basierend auf Erfahrungswert 2025 Kommentare gelten auch für die Konten 2500.3050.00–2500.3059.10;223
25;Finanzdepartement;2500;Sekretariat;;;3050.00;AG-Beiträge AHV, IV, EO, ALV, Verwaltungskosten;35800.0;25900.0;27723.75;9900.0;38.22;;223
25;Finanzdepartement;2500;Sekretariat;;;3052.00;AG-Beiträge an Pensionskassen;61100.0;53100.0;55316.6;8000.0;15.07;;223
25;Finanzdepartement;2500;Sekretariat;;;3053.00;AG-Beiträge an Unfallversicherungen;3400.0;2400.0;1822.5;1000.0;41.67;;223
25;Finanzdepartement;2500;Sekretariat;;;3054.00;AG-Beiträge an Familienzulagekassen;6600.0;5200.0;5788.4;1400.0;26.92;;223
25;Finanzdepartement;2500;Sekretariat;;;3059.10;AG-Beiträge Sozialfonds;400.0;300.0;269.2;100.0;33.33;;223
25;Finanzdepartement;2500;Sekretariat;;;3090.00;Aus- und Weiterbildung des eigenen Personals;2600.0;2600.0;11800.0;;;;223
25;Finanzdepartement;2500;Sekretariat;;;3099.00;Übriger Personalaufwand;4000.0;4000.0;5601.4;;;;223
25;Finanzdepartement;2500;Sekretariat;;;3100.00;Büromaterial;1500.0;1500.0;1527.03;;;;223
25;Finanzdepartement;2500;Sekretariat;;;3103.00;Fachliteratur, Zeitschriften;2000.0;2500.0;1960.6;-500.0;-20.0;;223
25;Finanzdepartement;2500;Sekretariat;;;3113.00;Hardware;2200.0;500.0;2247.95;1700.0;340.0;;223
25;Finanzdepartement;2500;Sekretariat;;;3130.00;Dienstleistungen Dritter;10600.0;10600.0;148089.2;;;;223
25;Finanzdepartement;2500;Sekretariat;;;3132.00;Honorare externe Berater, Gutachter, Fachexperten etc.;6000.0;10000.0;6007.6;-4000.0;-40.0;;223
25;Finanzdepartement;2500;Sekretariat;;;3133.00;Informatik-Nutzungsaufwand;26600.0;20800.0;20598.5;5800.0;27.88;Betrieb zusätzlicher Arbeitsplatz Digitalisierungsverantwortliche/r Finanzdepartement;223
25;Finanzdepartement;2500;Sekretariat;;;3170.00;Reisekosten und Spesen;1400.0;2000.0;1431.75;-600.0;-30.0;;223
25;Finanzdepartement;2500;Sekretariat;;;3199.00;Übriger Betriebsaufwand;4000.0;26000.0;2025.7;-22000.0;-84.62;Sonderaufwand 2026 für FDK- Jahreskonferenz (Gastgeberkanton);223
25;Finanzdepartement;2500;Sekretariat;;;3631.00;Beiträge an Kantone und Konkordate;54600.0;45800.0;38905.65;8800.0;19.21;Erhöhung der Jahresbeiträge für FDK, KKJPD und RK MZF;223
25;Finanzdepartement;2502;Personalamt;;;3010.00;Löhne des Verwaltungs- und Betriebspersonals;1698700.0;1443300.0;1533357.4;255400.0;17.7;Die budgetierten Lohnkosten beinhalten befristete Stellen für die Unterstützung in Projekten und geplanten Abwesenheiten. Die Lohnkosten für die Überführung der befristeten Stelle sind inkludiert.;224
25;Finanzdepartement;2502;Personalamt;;;3050.00;AG-Beiträge AHV, IV, EO, ALV, Verwaltungskosten;110400.0;93800.0;99034.4;16600.0;17.7;;224
25;Finanzdepartement;2502;Personalamt;;;3052.00;AG-Beiträge an Pensionskassen;188500.0;192800.0;202533.75;-4300.0;-2.23;;224
25;Finanzdepartement;2502;Personalamt;;;3053.00;AG-Beiträge an Unfallversicherungen;10300.0;9100.0;8015.75;1200.0;13.19;;224
25;Finanzdepartement;2502;Personalamt;;;3054.00;AG-Beiträge an Familienzulagekassen;20400.0;18800.0;19933.35;1600.0;8.51;;224
25;Finanzdepartement;2502;Personalamt;;;3059.10;AG-Beiträge Sozialfonds;1300.0;1100.0;1183.45;200.0;18.18;;224
25;Finanzdepartement;2502;Personalamt;;;3069.00;Übrige Arbeitgeberleistungen;3000.0;4500.0;1280.0;-1500.0;-33.33;;224
25;Finanzdepartement;2502;Personalamt;;;3090.00;Aus- und Weiterbildung des eigenen Personals;154500.0;154500.0;88882.72;;;;224
25;Finanzdepartement;2502;Personalamt;;;3099.00;Übriger Personalaufwand;6000.0;6000.0;5261.3;;;;224
25;Finanzdepartement;2502;Personalamt;;;3100.00;Büromaterial;6300.0;5500.0;6281.7;800.0;14.55;;224
25;Finanzdepartement;2502;Personalamt;;;3102.00;Drucksachen, Publikationen;;3000.0;;-3000.0;-100.0;;224
25;Finanzdepartement;2502;Personalamt;;;3103.00;Fachliteratur, Zeitschriften;1000.0;1500.0;1028.67;-500.0;-33.33;;224
25;Finanzdepartement;2502;Personalamt;;;3113.00;Hardware;3000.0;5500.0;3025.55;-2500.0;-45.45;;224
25;Finanzdepartement;2502;Personalamt;;;3118.00;Immaterielle Anlagen;;5000.0;;-5000.0;-100.0;;224
25;Finanzdepartement;2502;Personalamt;;;3130.00;Dienstleistungen Dritter;5100.0;10600.0;5118.25;-5500.0;-51.89;;224
25;Finanzdepartement;2502;Personalamt;;;3133.00;Informatik-Nutzungsaufwand;605900.0;766800.0;198884.76;-160900.0;-20.98;Kürzung des Budgets aufgrund der Reduktion des Sachaufwandes 2025. Die Einführung von Abacus Personal- und Lohnsystem inkl. Zeiterfassung im 2026 führt zu höheren Kosten. Übertrag aller IT-Kosten aus der Finanzstelle 2504 in die Finanzstelle 2502.;224
25;Finanzdepartement;2502;Personalamt;;;3158.00;Unterhalt immaterielle Anlagen;26100.0;98000.0;;-71900.0;-73.37;Kürzung des Budgets aufgrund der Reduktion des Sachaufwandes 2025.;224
25;Finanzdepartement;2502;Personalamt;;;3170.00;Reisekosten und Spesen;2400.0;4000.0;2433.85;-1600.0;-40.0;;224
25;Finanzdepartement;2502;Personalamt;;;3199.00;Übriger Betriebsaufwand;;600.0;;-600.0;-100.0;;224
25;Finanzdepartement;2502;Personalamt;;;3320.00;Planmässige Abschreibungen immaterielle Anlagen;239100.0;186000.0;;53100.0;28.55;;224
25;Finanzdepartement;2502;Personalamt;;;4231.00;Kursgelder;-7000.0;-7000.0;-15800.0;;;;224
25;Finanzdepartement;2502;Personalamt;;;4311.00;Aktivierbare Eigenleistungen auf immaterielle Anlagen;;;-41661.55;;;;224
25;Finanzdepartement;2502;Personalamt;;;4614.00;Entschädigungen von öffentlichen Unternehmungen;-276900.0;-207300.0;-204800.0;-69600.0;33.57;Vergütung für die Dienstleistungen vom Personalamt für IKL, ITSH, Gebäudeversicherung und Pensionskasse. Die Budgetwerte beziehen sich auf die aktuelle Anzahl der Mitarbeitenden.;225
25;Finanzdepartement;2502;Personalamt;;;4910.00;IV Dienstleistungen;-64000.0;-64000.0;-64000.0;;;;225
25;Finanzdepartement;2503;Lernende und Praktikanten kaufmännischer Bereich;;;3010.00;Löhne des Verwaltungs- und Betriebspersonals;1051600.0;1051600.0;885792.25;;;;225
25;Finanzdepartement;2503;Lernende und Praktikanten kaufmännischer Bereich;;;3010.95;Rückerstattungen Taggelder UV, EO, MSE, MV, IV für Verwaltungs- und Betriebspersonal;;;-442.35;;;;225
25;Finanzdepartement;2503;Lernende und Praktikanten kaufmännischer Bereich;;;3050.00;AG-Beiträge AHV, IV, EO, ALV, Verwaltungskosten;57900.0;57900.0;51668.3;;;;225
25;Finanzdepartement;2503;Lernende und Praktikanten kaufmännischer Bereich;;;3052.00;AG-Beiträge an Pensionskassen;25600.0;25600.0;15917.7;;;;225
25;Finanzdepartement;2503;Lernende und Praktikanten kaufmännischer Bereich;;;3053.00;AG-Beiträge an Unfallversicherungen;6000.0;6000.0;4801.1;;;;225
25;Finanzdepartement;2503;Lernende und Praktikanten kaufmännischer Bereich;;;3054.00;AG-Beiträge an Familienzulagekassen;12600.0;12600.0;10332.8;;;;225
25;Finanzdepartement;2503;Lernende und Praktikanten kaufmännischer Bereich;;;3059.10;AG-Beiträge Sozialfonds;900.0;900.0;637.3;;;;225
25;Finanzdepartement;2503;Lernende und Praktikanten kaufmännischer Bereich;;;3090.00;Aus- und Weiterbildung des eigenen Personals;50000.0;50000.0;35424.75;;;;225
25;Finanzdepartement;2503;Lernende und Praktikanten kaufmännischer Bereich;;;3091.00;Personalwerbung;9000.0;9000.0;5389.7;;;;225
25;Finanzdepartement;2503;Lernende und Praktikanten kaufmännischer Bereich;;;3099.00;Übriger Personalaufwand;7700.0;7700.0;3465.6;;;;225
25;Finanzdepartement;2503;Lernende und Praktikanten kaufmännischer Bereich;;;3102.00;Drucksachen, Publikationen;;100.0;;-100.0;-100.0;;225
25;Finanzdepartement;2503;Lernende und Praktikanten kaufmännischer Bereich;;;3104.00;Lehrmittel;9900.0;8100.0;9900.0;1800.0;22.22;;225
25;Finanzdepartement;2503;Lernende und Praktikanten kaufmännischer Bereich;;;3113.00;Hardware;13500.0;13500.0;14555.0;;;;225
25;Finanzdepartement;2503;Lernende und Praktikanten kaufmännischer Bereich;;;3130.00;Dienstleistungen Dritter;6000.0;5600.0;5979.05;400.0;7.14;;225
25;Finanzdepartement;2503;Lernende und Praktikanten kaufmännischer Bereich;;;3133.00;Informatik-Nutzungsaufwand;4500.0;8500.0;4531.55;-4000.0;-47.06;;225
25;Finanzdepartement;2503;Lernende und Praktikanten kaufmännischer Bereich;;;3158.00;Unterhalt immaterielle Anlagen;600.0;600.0;;;;;225
25;Finanzdepartement;2503;Lernende und Praktikanten kaufmännischer Bereich;;;3170.00;Reisekosten und Spesen;2100.0;800.0;2088.0;1300.0;162.5;;225
25;Finanzdepartement;2503;Lernende und Praktikanten kaufmännischer Bereich;;;3199.00;Übriger Betriebsaufwand;;200.0;;-200.0;-100.0;;225
25;Finanzdepartement;2503;Lernende und Praktikanten kaufmännischer Bereich;;;4240.00;Benützungsgebühren und Dienstleistungen;-500.0;-500.0;-700.0;;;;225
25;Finanzdepartement;2504;Allgemeiner Personalaufwand;;;3010.00;Löhne des Verwaltungs- und Betriebspersonals;3500000.0;4664900.0;3500.0;-1164900.0;-24.97;Die Prämien bei der allgemeinen Verwaltung und den Gerichten von insgesamt Fr. 605'000 (Fr. 600'000 Prämien für einmalige Sonderleistungen und Fr. 5'000 für Weiterempfehlungen) werden zentral budetiert. Die effektive Belastung für die Prämien erfolgt im Konto der jeweiligen Dienststelle. Für Restanzen an Ferien und Überzeit von Verwaltung und Gerichte wurden Fr. 2'895'000 eingestellt.;226
25;Finanzdepartement;2504;Allgemeiner Personalaufwand;;;3010.90;Lohnentwicklung 3000/3010;628800.0;;;628800.0;;;226
25;Finanzdepartement;2504;Allgemeiner Personalaufwand;;;3010.91;Teuerung 3000/3010;521900.0;;;521900.0;;;226
25;Finanzdepartement;2504;Allgemeiner Personalaufwand;;;3010.93;Temporäre Lohnmassnahmen 2024 - 2028 Verwaltungs- und Betriebspersonal;780000.0;850000.0;745155.0;-70000.0;-8.24;Die temporären Lohnmassnahmen beziehen sich auf 3% der Lohnsumme. Die Verteilung wurde auf Basis Q1 2026 angepasst.;226
25;Finanzdepartement;2504;Allgemeiner Personalaufwand;;;3010.95;Rückerstattungen Taggelder UV, EO, MSE, MV, IV für Verwaltungs- und Betriebspersonal;-725200.0;-725200.0;;;;;226
25;Finanzdepartement;2504;Allgemeiner Personalaufwand;;;3020.90;Lohnentwicklung 3020;620400.0;;;620400.0;;;226
25;Finanzdepartement;2504;Allgemeiner Personalaufwand;;;3020.91;Teuerung 3020;496400.0;;;496400.0;;;226
25;Finanzdepartement;2504;Allgemeiner Personalaufwand;;;3020.93;Temporäre Lohnmassnahmen 2024 - 2028 Lehrpersonen;3400000.0;3435000.0;1711206.35;-35000.0;-1.02;Die temporären Lohnmassnahmen beziehen sich auf 3% der Lohnsumme. Die Verteilung wurde auf Basis Q1 2026 angepasst.;226
25;Finanzdepartement;2504;Allgemeiner Personalaufwand;;;3049.00;Übrige Zulagen;70100.0;70100.0;73503.5;;;;226
25;Finanzdepartement;2504;Allgemeiner Personalaufwand;;;3050.00;AG-Beiträge AHV, IV, EO, ALV, Verwaltungskosten;195500.0;271200.0;4935.15;-75700.0;-27.91;;226
25;Finanzdepartement;2504;Allgemeiner Personalaufwand;;;3050.90;Sozialleistungen Leistungsabhängige Lohnentwicklung 3000/3010/3020;243500.0;;;243500.0;;;226
25;Finanzdepartement;2504;Allgemeiner Personalaufwand;;;3050.91;Sozialleistungen Teuerung 3000/3010/3020;198400.0;;;198400.0;;;226
25;Finanzdepartement;2504;Allgemeiner Personalaufwand;;;3050.93;Sozialleistungen Temporäre Lohnmassnahmen 2024 - 2028 (3010 + 3020);814700.0;936400.0;264708.6;-121700.0;-13.0;Die temporären Lohnmassnahmen beziehen sich auf 3% der Lohnsumme. Die Verteilung wurde auf Basis Q1 2026 angepasst.;226
25;Finanzdepartement;2504;Allgemeiner Personalaufwand;;;3052.00;AG-Beiträge an Pensionskassen;9100.0;2000.0;;7100.0;355.0;;226
25;Finanzdepartement;2504;Allgemeiner Personalaufwand;;;3053.00;AG-Beiträge an Unfallversicherungen;22600.0;30100.0;28282.3;-7500.0;-24.92;;226
25;Finanzdepartement;2504;Allgemeiner Personalaufwand;;;3054.00;AG-Beiträge an Familienzulagekassen;39100.0;54200.0;53962.7;-15100.0;-27.86;Für die Beiträge an die Familienkasse für Restanzen an Ferien und Überzeit von Verwaltung und Gerichte wurden Fr. 38'100 eingestellt.;227
25;Finanzdepartement;2504;Allgemeiner Personalaufwand;;;3059.00;Übrige AG-Beiträge;;;0.1;;;;227
25;Finanzdepartement;2504;Allgemeiner Personalaufwand;;;3059.10;AG-Beiträge Sozialfonds;2400.0;3300.0;3282.25;-900.0;-27.27;Für die Beiträge an die Familienkasse für Restanzen an Ferien und Überzeit von Verwaltung und Gerichte wurden Fr. 2'300 eingestellt.;227
25;Finanzdepartement;2504;Allgemeiner Personalaufwand;;;3064.00;Überbrückungsrenten;;25000.0;;-25000.0;-100.0;;227
25;Finanzdepartement;2504;Allgemeiner Personalaufwand;;;3069.10;Nichtwiederwahlrenten;;;-120569.9;;;;227
25;Finanzdepartement;2504;Allgemeiner Personalaufwand;;;3091.00;Personalwerbung;212000.0;212000.0;169319.52;;;;227
25;Finanzdepartement;2504;Allgemeiner Personalaufwand;;;3099.00;Übriger Personalaufwand;255000.0;255000.0;184032.0;;;;227
25;Finanzdepartement;2504;Allgemeiner Personalaufwand;;;3130.00;Dienstleistungen Dritter;486500.0;577500.0;147133.69;-91000.0;-15.76;;227
25;Finanzdepartement;2504;Allgemeiner Personalaufwand;;;3133.00;Informatik-Nutzungsaufwand;;;46917.24;;;;227
25;Finanzdepartement;2504;Allgemeiner Personalaufwand;;;3137.00;Steuern und Abgaben;2600.0;;2649.35;2600.0;;;227
25;Finanzdepartement;2504;Allgemeiner Personalaufwand;;;3158.00;Unterhalt immaterielle Anlagen;;;8509.65;;;;227
25;Finanzdepartement;2504;Allgemeiner Personalaufwand;;;3320.00;Planmässige Abschreibungen immaterielle Anlagen;20800.0;30800.0;;-10000.0;-32.47;;227
25;Finanzdepartement;2504;Allgemeiner Personalaufwand;;;3400.00;Verzinsung laufende Verbindlichkeiten;;;859.85;;;;227
25;Finanzdepartement;2504;Allgemeiner Personalaufwand;;;3614.00;Entschädigungen an öffentliche Unternehmungen;6000.0;6000.0;5982.75;;;;227
25;Finanzdepartement;2504;Allgemeiner Personalaufwand;;;3614.95;Staatsbeiträge an PHSH + SH Sonderschulen Temporäre Lohnmassnahmen 2024 - 2028;842000.0;715000.0;738897.92;127000.0;17.76;Die temporären Lohnmassnahmen beziehen sich auf 3% der Lohnsumme. Die Verteilung wurde auf Basis Q1 2026 angepasst.;227
25;Finanzdepartement;2504;Allgemeiner Personalaufwand;;;3614.96;Staatsbeiträge an PHSH + SH Sozialleistungen Temporäre Lohnmassnahmen 2024 - 2028;164100.0;155800.0;129635.83;8300.0;5.33;;227
25;Finanzdepartement;2504;Allgemeiner Personalaufwand;;;3634.95;Staatsbeiträge an Spitäler Schaffhausen Temporäre Lohnmassnahmen 2024 - 2028;1700000.0;1490000.0;1707418.8;210000.0;14.09;Die temporären Lohnmassnahmen beziehen sich auf 3% der Lohnsumme. Die Verteilung wurde auf Basis 2025 angepasst.;227
25;Finanzdepartement;2504;Allgemeiner Personalaufwand;;;3634.96;Staatsbeiträge an Spitäler Schaffhausen Sozialleistungen Temporäre Lohnmassnahmen 2024 - 2028;330000.0;324600.0;180477.75;5400.0;1.66;;227
25;Finanzdepartement;2504;Allgemeiner Personalaufwand;;;4240.00;Benützungsgebühren und Dienstleistungen;-5000.0;-5000.0;-7887.4;;;;227
25;Finanzdepartement;2504;Allgemeiner Personalaufwand;;;4612.00;Entschädigungen von Gemeinden und Gemeindezweckverbänden;-2253300.0;-1912000.0;;-341300.0;17.85;Budgetierung des Anteils der Gemeinden an den temporären Lohnmassnahmen der Lehrpersonen.;227
25;Finanzdepartement;2504;Allgemeiner Personalaufwand;;;4699.10;Rückverteilung CO2-Abgabe;-80000.0;-80000.0;-112000.0;;;Rückvergütung der CO2-Abgabe durch den Bund. Die Bezugsgrundlagen werden durch den Bund neu definiert. Die Schätzung der Rückerstattung für 2026 wird auch für 2027 übernommen.;228
25;Finanzdepartement;2506;Sachversicherungen;;;3130.00;Dienstleistungen Dritter;76200.0;63000.0;76215.2;13200.0;20.95;;228
25;Finanzdepartement;2506;Sachversicherungen;;;3134.00;Sachversicherungsprämien;166200.0;198400.0;166224.76;-32200.0;-16.23;Der Wert aus dem Budget 2026 enthält u. a. die Prämien für die Motorfahrzeugflotten-Versicherung. Diese Prämie wird zwar unterjährig auf dieser Finanzstelle verbucht, am Ende des Jahres jedoch nach dem Verursacherprinzip auf die Kostenverursachenden Finanzstellen verrechnet.;228
25;Finanzdepartement;2506;Sachversicherungen;;;4290.00;Übrige Entgelte;-363700.0;-300000.0;-363739.45;-63700.0;21.23;Die Annahme an das Budget 2027 leitet sich aus den Werten der Rechnung 2025 ab.;228
25;Finanzdepartement;2520;Finanzkontrolle von Kanton und Stadt;;;3010.00;Löhne des Verwaltungs- und Betriebspersonals;1254600.0;1243300.0;1107549.4;11300.0;0.91;;228
25;Finanzdepartement;2520;Finanzkontrolle von Kanton und Stadt;;;3050.00;AG-Beiträge AHV, IV, EO, ALV, Verwaltungskosten;81500.0;80800.0;71173.7;700.0;0.87;;228
25;Finanzdepartement;2520;Finanzkontrolle von Kanton und Stadt;;;3052.00;AG-Beiträge an Pensionskassen;139300.0;166100.0;152683.2;-26800.0;-16.13;;228
25;Finanzdepartement;2520;Finanzkontrolle von Kanton und Stadt;;;3053.00;AG-Beiträge an Unfallversicherungen;7700.0;7500.0;5602.15;200.0;2.67;;228
25;Finanzdepartement;2520;Finanzkontrolle von Kanton und Stadt;;;3054.00;AG-Beiträge an Familienzulagekassen;15100.0;16100.0;14398.45;-1000.0;-6.21;;228
25;Finanzdepartement;2520;Finanzkontrolle von Kanton und Stadt;;;3059.10;AG-Beiträge Sozialfonds;1000.0;1000.0;827.3;;;;228
25;Finanzdepartement;2520;Finanzkontrolle von Kanton und Stadt;;;3090.00;Aus- und Weiterbildung des eigenen Personals;27000.0;27000.0;16659.8;;;;228
25;Finanzdepartement;2520;Finanzkontrolle von Kanton und Stadt;;;3091.00;Personalwerbung;;2000.0;;-2000.0;-100.0;;228
25;Finanzdepartement;2520;Finanzkontrolle von Kanton und Stadt;;;3099.00;Übriger Personalaufwand;4600.0;4600.0;640.0;;;;228
25;Finanzdepartement;2520;Finanzkontrolle von Kanton und Stadt;;;3100.00;Büromaterial;300.0;4500.0;327.61;-4200.0;-93.33;;228
25;Finanzdepartement;2520;Finanzkontrolle von Kanton und Stadt;;;3101.00;Betriebs- und Verbrauchsmaterial;700.0;1500.0;727.65;-800.0;-53.33;;228
25;Finanzdepartement;2520;Finanzkontrolle von Kanton und Stadt;;;3103.00;Fachliteratur, Zeitschriften;1100.0;1800.0;1055.5;-700.0;-38.89;;228
25;Finanzdepartement;2520;Finanzkontrolle von Kanton und Stadt;;;3110.00;Büromöbel und -geräte;;6000.0;;-6000.0;-100.0;;228
25;Finanzdepartement;2520;Finanzkontrolle von Kanton und Stadt;;;3113.00;Hardware;;1500.0;;-1500.0;-100.0;;228
25;Finanzdepartement;2520;Finanzkontrolle von Kanton und Stadt;;;3118.00;Immaterielle Anlagen;;2000.0;;-2000.0;-100.0;;229
25;Finanzdepartement;2520;Finanzkontrolle von Kanton und Stadt;;;3120.00;Ver- und Entsorgung Liegenschaften VV;4000.0;2500.0;4003.4;1500.0;60.0;;229
25;Finanzdepartement;2520;Finanzkontrolle von Kanton und Stadt;;;3130.00;Dienstleistungen Dritter;9400.0;10000.0;9385.76;-600.0;-6.0;;229
25;Finanzdepartement;2520;Finanzkontrolle von Kanton und Stadt;;;3132.00;Honorare externe Berater, Gutachter, Fachexperten etc.;16600.0;20000.0;36616.05;-3400.0;-17.0;;229
25;Finanzdepartement;2520;Finanzkontrolle von Kanton und Stadt;;;3133.00;Informatik-Nutzungsaufwand;88200.0;58000.0;48070.5;30200.0;52.07;;229
25;Finanzdepartement;2520;Finanzkontrolle von Kanton und Stadt;;;3134.00;Sachversicherungsprämien;7400.0;8000.0;7372.6;-600.0;-7.5;;229
25;Finanzdepartement;2520;Finanzkontrolle von Kanton und Stadt;;;3158.00;Unterhalt immaterielle Anlagen;19500.0;20000.0;15557.68;-500.0;-2.5;;229
25;Finanzdepartement;2520;Finanzkontrolle von Kanton und Stadt;;;3160.00;Mieten und Pachten Liegenschaften;37700.0;37700.0;37666.8;;;;229
25;Finanzdepartement;2520;Finanzkontrolle von Kanton und Stadt;;;3161.00;Mieten, Benützungskosten Anlagen;;7000.0;;-7000.0;-100.0;;229
25;Finanzdepartement;2520;Finanzkontrolle von Kanton und Stadt;;;3170.00;Reisekosten und Spesen;5400.0;7000.0;5363.45;-1600.0;-22.86;;229
25;Finanzdepartement;2520;Finanzkontrolle von Kanton und Stadt;;;3910.00;IV Dienstleistungen;3500.0;3500.0;7069.3;;;;229
25;Finanzdepartement;2520;Finanzkontrolle von Kanton und Stadt;;;4240.00;Benützungsgebühren und Dienstleistungen;-65000.0;-65000.0;-76823.95;;;;229
25;Finanzdepartement;2520;Finanzkontrolle von Kanton und Stadt;;;4610.00;Entschädigungen vom Bund;-7500.0;-7500.0;-7500.0;;;;229
25;Finanzdepartement;2520;Finanzkontrolle von Kanton und Stadt;;;4612.10;Entschädigungen von innerkantonalen Gemeinden und Gemeindezweckverbänden;-477400.0;-457400.0;-455642.05;-20000.0;4.37;;229
25;Finanzdepartement;2522;Finanzverwaltung;;;3010.00;Löhne des Verwaltungs- und Betriebspersonals;1468000.0;1532100.0;1476991.1;-64100.0;-4.18;Die Aufwandreduktion im Personalaufwand ist auf Mutationsgewinne zurückzuführen.;229
25;Finanzdepartement;2522;Finanzverwaltung;;;3010.95;Rückerstattungen Taggelder UV, EO, MSE, MV, IV für Verwaltungs- und Betriebspersonal;;;-1101.0;;;;229
25;Finanzdepartement;2522;Finanzverwaltung;;;3050.00;AG-Beiträge AHV, IV, EO, ALV, Verwaltungskosten;95400.0;99600.0;93274.85;-4200.0;-4.22;;229
25;Finanzdepartement;2522;Finanzverwaltung;;;3052.00;AG-Beiträge an Pensionskassen;162900.0;204600.0;175622.45;-41700.0;-20.38;;229
25;Finanzdepartement;2522;Finanzverwaltung;;;3053.00;AG-Beiträge an Unfallversicherungen;9000.0;9000.0;7660.75;;;;229
25;Finanzdepartement;2522;Finanzverwaltung;;;3054.00;AG-Beiträge an Familienzulagekassen;17600.0;19900.0;18928.45;-2300.0;-11.56;;229
25;Finanzdepartement;2522;Finanzverwaltung;;;3059.10;AG-Beiträge Sozialfonds;1200.0;1200.0;1065.6;;;;229
25;Finanzdepartement;2522;Finanzverwaltung;;;3064.00;Überbrückungsrenten;;;20744.0;;;;229
25;Finanzdepartement;2522;Finanzverwaltung;;;3090.00;Aus- und Weiterbildung des eigenen Personals;16000.0;20000.0;6444.5;-4000.0;-20.0;;229
25;Finanzdepartement;2522;Finanzverwaltung;;;3099.00;Übriger Personalaufwand;4700.0;4700.0;9397.4;;;;229
25;Finanzdepartement;2522;Finanzverwaltung;;;3100.00;Büromaterial;5200.0;7000.0;5195.95;-1800.0;-25.71;;229
25;Finanzdepartement;2522;Finanzverwaltung;;;3103.00;Fachliteratur, Zeitschriften;300.0;600.0;275.2;-300.0;-50.0;;229
25;Finanzdepartement;2522;Finanzverwaltung;;;3110.00;Büromöbel und -geräte;;;5082.85;;;;229
25;Finanzdepartement;2522;Finanzverwaltung;;;3113.00;Hardware;100.0;800.0;114.0;-700.0;-87.5;;229
25;Finanzdepartement;2522;Finanzverwaltung;;;3118.00;Immaterielle Anlagen;;58000.0;;-58000.0;-100.0;Das im Rahmen des Budgets 2026 auf diesem Konto budgetierte Projekt ist abgeschlossen und in den Regelbetrieb überführt. Die anfallenden Betriebskosten werden auf dem Konto 2522.3133.00 budgetiert.;230
25;Finanzdepartement;2522;Finanzverwaltung;;;3130.00;Dienstleistungen Dritter;147100.0;122800.0;147108.49;24300.0;19.79;Auf diesem Konto werden vor allem Kosten des ausserkantonalen Rechtsinkassos verbucht. Die ausserkantonalen Inkassofälle haben in den letzten Jahren zugenommen. Der Budgetwert 2027 wurde auf den Wert der Rechnung 2025 angehoben.;230
25;Finanzdepartement;2522;Finanzverwaltung;;;3133.00;Informatik-Nutzungsaufwand;299300.0;352800.0;281740.85;-53500.0;-15.16;Die Aufwandreduktion resultiert aus einem angepassten Servicekatalog der Informatik Schaffhausen (ITSH). Der Grossteil der durch die Finanzverwaltung nachgefragten Services wurde im Zuge der Überarbeitung des Servicekatalogs günstiger.;230
25;Finanzdepartement;2522;Finanzverwaltung;;;3134.00;Sachversicherungsprämien;500.0;500.0;450.0;;;;230
25;Finanzdepartement;2522;Finanzverwaltung;;;3153.00;Informatik-Unterhalt (Hardware);600.0;;578.88;600.0;;;230
25;Finanzdepartement;2522;Finanzverwaltung;;;3158.00;Unterhalt immaterielle Anlagen;;36000.0;-10100.0;-36000.0;-100.0;Die Wartungsaufwände der unter diesem Konto im Rahmen des Budgets 2026 budgetierten Software werden auf dem Konto 2522.3133.00 verbucht.;230
25;Finanzdepartement;2522;Finanzverwaltung;;;3170.00;Reisekosten und Spesen;2300.0;;2340.85;2300.0;;;230
25;Finanzdepartement;2522;Finanzverwaltung;;;3499.00;Übriger Finanzaufwand;36400.0;;26813.84;36400.0;;;230
25;Finanzdepartement;2522;Finanzverwaltung;;;3910.00;IV Dienstleistungen;;;764.5;;;;230
25;Finanzdepartement;2522;Finanzverwaltung;;;3910.10;IV Betreibungskosten;145000.0;145000.0;146796.65;;;;230
25;Finanzdepartement;2522;Finanzverwaltung;;;4240.00;Benützungsgebühren und Dienstleistungen;;;-12000.0;;;;230
25;Finanzdepartement;2522;Finanzverwaltung;;;4260.00;Rückerstattungen und Kostenbeteiligungen Dritter;-86000.0;-86000.0;-87853.42;;;;230
25;Finanzdepartement;2522;Finanzverwaltung;;;4290.00;Übrige Entgelte;-125000.0;-125000.0;-117932.84;;;;230
25;Finanzdepartement;2522;Finanzverwaltung;;;4614.00;Entschädigungen von öffentlichen Unternehmungen;-12000.0;-12000.0;;;;;230
25;Finanzdepartement;2522;Finanzverwaltung;;;4910.00;IV Dienstleistungen;;;-1514.5;;;;230
25;Finanzdepartement;2524;Steuerverwaltung;;;3010.00;Löhne des Verwaltungs- und Betriebspersonals;6651000.0;6700300.0;6429939.15;-49300.0;-0.74;Geringere Aufwände aufgrund von Mutationsgewinnen. Befristete Verträge wurden nicht erneuert.;231
25;Finanzdepartement;2524;Steuerverwaltung;;;3010.95;Rückerstattungen Taggelder UV, EO, MSE, MV, IV für Verwaltungs- und Betriebspersonal;;;-18546.35;;;;231
25;Finanzdepartement;2524;Steuerverwaltung;;;3050.00;AG-Beiträge AHV, IV, EO, ALV, Verwaltungskosten;432300.0;435500.0;413428.5;-3200.0;-0.73;;231
25;Finanzdepartement;2524;Steuerverwaltung;;;3052.00;AG-Beiträge an Pensionskassen;738300.0;895200.0;904006.45;-156900.0;-17.53;;231
25;Finanzdepartement;2524;Steuerverwaltung;;;3053.00;AG-Beiträge an Unfallversicherungen;40600.0;39800.0;33821.25;800.0;2.01;;231
25;Finanzdepartement;2524;Steuerverwaltung;;;3054.00;AG-Beiträge an Familienzulagekassen;79800.0;87100.0;83119.95;-7300.0;-8.38;;231
25;Finanzdepartement;2524;Steuerverwaltung;;;3059.10;AG-Beiträge Sozialfonds;5300.0;5300.0;4959.75;;;;231
25;Finanzdepartement;2524;Steuerverwaltung;;;3064.00;Überbrückungsrenten;;;21546.0;;;;231
25;Finanzdepartement;2524;Steuerverwaltung;;;3090.00;Aus- und Weiterbildung des eigenen Personals;35300.0;35000.0;21791.61;300.0;0.86;;231
25;Finanzdepartement;2524;Steuerverwaltung;;;3091.00;Personalwerbung;2000.0;2000.0;;;;;231
25;Finanzdepartement;2524;Steuerverwaltung;;;3099.00;Übriger Personalaufwand;14100.0;14000.0;18860.0;100.0;0.71;;231
25;Finanzdepartement;2524;Steuerverwaltung;;;3100.00;Büromaterial;13000.0;14000.0;11495.86;-1000.0;-7.14;;231
25;Finanzdepartement;2524;Steuerverwaltung;;;3102.00;Drucksachen, Publikationen;240000.0;266500.0;230049.44;-26500.0;-9.94;Durchschnittlich tiefere Kosten in den letzten zwei Jahren führten zu einer tieferen Budgetierung.;231
25;Finanzdepartement;2524;Steuerverwaltung;;;3103.00;Fachliteratur, Zeitschriften;10000.0;9000.0;7122.82;1000.0;11.11;;231
25;Finanzdepartement;2524;Steuerverwaltung;;;3110.00;Büromöbel und -geräte;1000.0;1000.0;;;;;231
25;Finanzdepartement;2524;Steuerverwaltung;;;3113.00;Hardware;11200.0;10400.0;11221.15;800.0;7.69;;231
25;Finanzdepartement;2524;Steuerverwaltung;;;3118.00;Immaterielle Anlagen;490000.0;400000.0;437798.74;90000.0;22.5;Höherer Bedarf im Jahr 2027, jedoch im Zusammenhang mit Lastenverschiebung aus Konto 2524.3158.00 ergibt sich eine Netto- Reduktion in Höhe von Fr. 60'000 gegenüber dem Vergleichswert des Budget 2026.;231
25;Finanzdepartement;2524;Steuerverwaltung;;;3130.00;Dienstleistungen Dritter;160000.0;100000.0;111763.27;60000.0;60.0;Umkontierung (vgl. Konto 2524.3131.00), hebt sich gegenseitig auf.;231
25;Finanzdepartement;2524;Steuerverwaltung;;;3131.00;Planungen und Projektierungen Dritter;;61000.0;33124.56;-61000.0;-100.0;Umkontierung (vgl. Konto 2524.3130.00), hebt sich gegenseitig auf.;231
25;Finanzdepartement;2524;Steuerverwaltung;;;3132.00;Honorare externe Berater, Gutachter, Fachexperten etc.;20000.0;32000.0;;-12000.0;-37.5;Tieferer Bedarf erwartet.;231
25;Finanzdepartement;2524;Steuerverwaltung;;;3133.00;Informatik-Nutzungsaufwand;1495000.0;2200000.0;2021636.1;-705000.0;-32.05;Preisreduktionen bei der Informatik Schaffhausen.;231
25;Finanzdepartement;2524;Steuerverwaltung;;;3153.00;Informatik-Unterhalt (Hardware);2000.0;3000.0;1157.77;-1000.0;-33.33;;232
25;Finanzdepartement;2524;Steuerverwaltung;;;3158.00;Unterhalt immaterielle Anlagen;550000.0;700000.0;505845.24;-150000.0;-21.43;Tieferer Bedarf im Jahr 2027, jedoch im Zusammenhang mit Lastenverschiebung auf Konto 2524.3118.00 ergibt sich eine Netto- Reduktion in Höhe von Fr. 60'000 gegenüber dem Vergleichswert des Budget 2026.;232
25;Finanzdepartement;2524;Steuerverwaltung;;;3170.00;Reisekosten und Spesen;25000.0;20000.0;22251.45;5000.0;25.0;;232
25;Finanzdepartement;2524;Steuerverwaltung;;;3199.00;Übriger Betriebsaufwand;27500.0;20000.0;20283.08;7500.0;37.5;;232
25;Finanzdepartement;2524;Steuerverwaltung;;;3300.60;Planmässige Abschreibungen Mobilien;;;723.05;;;;232
25;Finanzdepartement;2524;Steuerverwaltung;;;3320.00;Planmässige Abschreibungen immaterielle Anlagen;362500.0;364500.0;447652.48;-2000.0;-0.55;;232
25;Finanzdepartement;2524;Steuerverwaltung;;;3636.00;Beiträge an private Organisationen ohne Erwerbszweck;300.0;300.0;280.0;;;;232
25;Finanzdepartement;2524;Steuerverwaltung;;;3910.00;IV Dienstleistungen;28000.0;28000.0;34183.45;;;;232
25;Finanzdepartement;2524;Steuerverwaltung;;;3910.10;IV Betreibungskosten;250000.0;250000.0;276716.7;;;;232
25;Finanzdepartement;2524;Steuerverwaltung;;;4240.00;Benützungsgebühren und Dienstleistungen;-700.0;-700.0;-198.0;;;;232
25;Finanzdepartement;2524;Steuerverwaltung;;;4260.00;Rückerstattungen und Kostenbeteiligungen Dritter;-240000.0;-240000.0;-263649.68;;;;232
25;Finanzdepartement;2524;Steuerverwaltung;;;4290.00;Übrige Entgelte;;;-1948.8;;;;232
25;Finanzdepartement;2524;Steuerverwaltung;;;4463.00;Öffentliche Unternehmen als Aktiengesellschaft oder andere privatrechtliche Organisationsform;;;-398.5;;;;232
25;Finanzdepartement;2524;Steuerverwaltung;;;4612.10;Entschädigungen von innerkantonalen Gemeinden und Gemeindezweckverbänden;-1020000.0;-1020000.0;-1018081.8;;;;232
25;Finanzdepartement;2524;Steuerverwaltung;;;4613.00;Entschädigungen von öffentlichen Sozialversicherungen;-36300.0;-36000.0;-39452.0;-300.0;0.83;;232
25;Finanzdepartement;2528;Salzregal;;;4100.00;Regalien;-8000.0;;-8006.8;-8000.0;;;232
25;Finanzdepartement;2530;Parkplatzvermietung an Mitarbeitende;;;3137.00;Steuern und Abgaben;10900.0;9800.0;11428.23;1100.0;11.22;;232
25;Finanzdepartement;2530;Parkplatzvermietung an Mitarbeitende;;;3499.00;Übriger Finanzaufwand;;;56.21;;;;232
25;Finanzdepartement;2530;Parkplatzvermietung an Mitarbeitende;;;4470.00;Pacht- und Mietzinse Liegenschaften VV;-205000.0;-185000.0;-215626.2;-20000.0;10.81;;232
25;Finanzdepartement;2532;Ertrag der Aktiv-Kapitalien;;;3419.00;Übrige realisierte Verluste aus Finanzvermögen;;;885.37;;;;232
25;Finanzdepartement;2532;Ertrag der Aktiv-Kapitalien;;;3420.00;Kapitalbeschaffung und -verwaltung;25600.0;25600.0;32309.92;;;;232
25;Finanzdepartement;2532;Ertrag der Aktiv-Kapitalien;;;3440.00;Wertberichtigungen Finanzanlagen FV;;;27267.05;;;;232
25;Finanzdepartement;2532;Ertrag der Aktiv-Kapitalien;;;3499.00;Übriger Finanzaufwand;;4400.0;55149.19;-4400.0;-100.0;;233
25;Finanzdepartement;2532;Ertrag der Aktiv-Kapitalien;;;3650.40;Wertberichtigungen Beteiligungen an öffentliche Unternehmungen;;;23424.0;;;;233
25;Finanzdepartement;2532;Ertrag der Aktiv-Kapitalien;;;4391.00;Aufwertungen VV;;;-70000.0;;;;233
25;Finanzdepartement;2532;Ertrag der Aktiv-Kapitalien;;;4400.00;Zinsen flüssige Mittel;-50400.0;-4500.0;-57280.87;-45900.0;1020.0;Die flüssigen Mittel welche nicht für längerfristige Finanzanlagen zur Verfügung stehen, werden verstärkt auf zinsoptimierten kurzfristige Anlagen deponiert.;233
25;Finanzdepartement;2532;Ertrag der Aktiv-Kapitalien;;;4401.10;Verzugszinsen;-1800.0;-6000.0;-1828.05;4200.0;-70.0;;233
25;Finanzdepartement;2532;Ertrag der Aktiv-Kapitalien;;;4402.00;Zinsen Finanzanlagen;-1221800.0;-1221800.0;-2119221.24;;;;233
25;Finanzdepartement;2532;Ertrag der Aktiv-Kapitalien;;;4419.10;Kursgewinne Fremdwährungen;;;-1044.86;;;;233
25;Finanzdepartement;2532;Ertrag der Aktiv-Kapitalien;;;4420.00;Dividenden;-694800.0;-681700.0;-701187.6;-13100.0;1.92;;233
25;Finanzdepartement;2532;Ertrag der Aktiv-Kapitalien;;;4429.00;Übriger Beteiligungsertrag;;;-8382.0;;;;233
25;Finanzdepartement;2532;Ertrag der Aktiv-Kapitalien;;;4440.00;Wertberichtigungen übrige Finanzanlagen FV;;;-711442.04;;;;233
25;Finanzdepartement;2532;Ertrag der Aktiv-Kapitalien;;;4451.00;Erträge aus Beteiligungen VV ohne öffentliche Unternehmungen;-500.0;-300.0;-498.0;-200.0;66.67;;233
25;Finanzdepartement;2532;Ertrag der Aktiv-Kapitalien;;;4461.00;Öffentliche Unternehmen der Kantone mit öffentlich- rechtlicher Rechtsform, Konkordate;-416500.0;-416500.0;-433312.5;;;;233
25;Finanzdepartement;2532;Ertrag der Aktiv-Kapitalien;;;4463.00;Öffentliche Unternehmen als Aktiengesellschaft oder andere privatrechtliche Organisationsform;-19060000.0;-10060000.0;-52803084.28;-9000000.0;89.46;Die Abweichung gegenüber dem Vorjahresbudget ist auf eine höhere erwartete Dividendenausschüttung der Axpo Holding AG zurückzuführen.;233
25;Finanzdepartement;2532;Ertrag der Aktiv-Kapitalien;;;4464.00;Schweizerische Nationalbank;-7500.0;-7500.0;-7515.0;;;;233
25;Finanzdepartement;2532;Ertrag der Aktiv-Kapitalien;;;4895.00;Entnahmen aus Aufwert.reserve;;;-18000.0;;;;233
25;Finanzdepartement;2534;Verzinsung der Passiv-Kapitalien;;;3137.00;Steuern und Abgaben;9700.0;9700.0;9731.91;;;;233
25;Finanzdepartement;2534;Verzinsung der Passiv-Kapitalien;;;3180.00;Wertberichtigungen auf Forderungen;;;-3390000.0;;;;233
25;Finanzdepartement;2534;Verzinsung der Passiv-Kapitalien;;;3400.00;Verzinsung laufende Verbindlichkeiten;;3400.0;;-3400.0;-100.0;;233
25;Finanzdepartement;2534;Verzinsung der Passiv-Kapitalien;;;3401.00;Verzinsung Finanzverbindlichkeiten;468000.0;468000.0;510716.71;;;;233
25;Finanzdepartement;2534;Verzinsung der Passiv-Kapitalien;;;3420.00;Kapitalbeschaffung und -verwaltung;;;51000.0;;;;233
25;Finanzdepartement;2534;Verzinsung der Passiv-Kapitalien;;;3940.00;IV kalk. Zinsen und Finanzaufwand;148600.0;139200.0;157442.12;9400.0;6.75;;233
25;Finanzdepartement;2538;Direkte Abgaben;;;3180.00;Wertberichtigungen auf Forderungen;672000.0;;671966.85;672000.0;;;233
25;Finanzdepartement;2538;Direkte Abgaben;;;3181.00;Tatsächliche Forderungsverluste;2051500.0;2500000.0;2051456.3;-448500.0;-17.94;;234
25;Finanzdepartement;2538;Direkte Abgaben;;;3409.10;Ausgleichszinsen positiv;1500000.0;750000.0;1215750.82;750000.0;100.0;Die Anhebung des Ausgleichszinses per 1.4.2024 von 0.1 auf 1.0 % sowie das Abbauen des Veranlagungsrückstandes aus dem Jahr 2024 führen zu höherem Zinsaufwand und -ertrag (vgl. Konto 2524.4401.20).;234
25;Finanzdepartement;2538;Direkte Abgaben;;;3637.00;Beiträge an private Haushalte;5500000.0;5500000.0;5500000.5;;;;234
25;Finanzdepartement;2538;Direkte Abgaben;;;4000.00;Einkommenssteuern natürliche Personen;-173900000.0;-165100000.0;-169412722.55;-8800000.0;5.33;Die Budgeterwartung basiert auf der Rechnung 2025 und berücksichtigt das Wachstum des BIP gemäss volkswirtschaftlichen Eckwerten des Bundes sowie der Bevölkerung gemäss kantonaler Prognose.;234
25;Finanzdepartement;2538;Direkte Abgaben;;;4001.00;Vermögenssteuer natürliche Personen;-27400000.0;-26000000.0;-26673518.6;-1400000.0;5.38;Die Budgeterwartung basiert auf der Rechnung 2025 und berücksichtigt das Wachstum des BIP gemäss volkswirtschaftlichen Eckwerten des Bundes sowie der Bevölkerung gemäss kantonaler Prognose.;234
25;Finanzdepartement;2538;Direkte Abgaben;;;4002.00;Quellensteuern natürliche Personen;-24500000.0;-21800000.0;-22920319.43;-2700000.0;12.39;Die Budgeterwartung basiert auf der Rechnung 2025 und berücksichtigt das Wachstum des BIP gemäss volkswirtschaftlichen Eckwerten des Bundes sowie der Bevölkerung gemäss kantonaler Prognose.;234
25;Finanzdepartement;2538;Direkte Abgaben;;;4008.00;Personensteuer;-1500000.0;-1530000.0;-1595715.65;30000.0;-1.96;;234
25;Finanzdepartement;2538;Direkte Abgaben;;;4010.00;Gewinnsteuern juristische Personen;-166700000.0;-182224000.0;-146448447.34;15524000.0;-8.52;Die Budgeterwartung basiert auf der Rechnung 2025 und berücksichtigt die Entwicklung der Steuererträge für juristische Personen gemäss Prognosen der BAK Basel.;234
25;Finanzdepartement;2538;Direkte Abgaben;;;4011.00;Kapitalsteuern juristische Personen;-8400000.0;-7400000.0;-7356362.93;-1000000.0;13.51;Die Budgeterwartung basiert auf der Rechnung 2025 und berücksichtigt die Entwicklung der Steuererträge für juristische Personen gemäss Prognosen der BAK Basel.;234
25;Finanzdepartement;2538;Direkte Abgaben;;;4022.00;Vermögensgewinnsteuern;-10700000.0;-8800000.0;-9692785.35;-1900000.0;21.59;Die Budgeterwartung basiert auf dem Durchschnittswert der Vorjahre und berücksichtigt erwartete höhere Transaktionsvolumina.;234
25;Finanzdepartement;2538;Direkte Abgaben;;;4270.00;Bussen;-600000.0;-600000.0;-746818.25;;;;235
25;Finanzdepartement;2538;Direkte Abgaben;;;4290.00;Übrige Entgelte;-150000.0;-150000.0;-208195.28;;;;235
25;Finanzdepartement;2538;Direkte Abgaben;;;4401.10;Verzugszinsen;-750000.0;-750000.0;-463069.5;;;;235
25;Finanzdepartement;2538;Direkte Abgaben;;;4401.20;Ausgleichzinsen negativ;-1800000.0;-750000.0;-990250.1;-1050000.0;140.0;Die Anhebung des Ausgleichszinses per 1.4.2024 von 0.1 auf 1.0 % sowie das Abbauen des Veranlagungsrückstandes aus dem Jahr 2024 führen zu höherem Zinsaufwand und -ertrag (vgl. Konto 2524.3409.10).;235
25;Finanzdepartement;2538;Direkte Abgaben;;;4894.00;Entnahme aus FIPOL;-25000000.0;-25000000.0;;;;;235
25;Finanzdepartement;2540;Erbschafts- und Schenkungssteuern;;;3181.00;Tatsächliche Forderungsverluste;;30500.0;;-30500.0;-100.0;Forderungsverluste sind nur schwer verlässlich planbar und hängen stark von externen Faktoren ab. Für das Budget 2027 wurde auf Basis der realisierten Forderungsverluste des Jahres 2025 und 2026 auf eine explizite Budgetierung verzichtet.;235
25;Finanzdepartement;2540;Erbschafts- und Schenkungssteuern;;;4024.00;Erbschafts- und Schenkungssteuern;-9100000.0;-7748100.0;-12325333.4;-1351900.0;17.45;Die Höhe der tatsächlich zu vereinnahmenden Erbschafts- und Schenkungssteuern lassen sich nur schwer prognostizieren. Für die Budgetierung wird deshalb auf einen 5-Jahres-Durchschnitt zurückgegriffen. Basierend auf den Werten aus den Rechnungen der Jahre 2021-2025 wird für das Budget 2027 mit einem entsprechend höheren Ertrag aus der Erbschafts- und Schenkungssteuer gerechnet.;235
25;Finanzdepartement;2542;Verkehrssteuer auf Motorfahrzeugen;;;3632.10;Beiträge an innerkantonale Gemeinden und Gemeindezweckverbände;5800000.0;5733300.0;5625436.8;66700.0;1.16;;235
25;Finanzdepartement;2542;Verkehrssteuer auf Motorfahrzeugen;;;3980.00;Übertragungen;11600000.0;11466700.0;11467329.6;133300.0;1.16;;235
25;Finanzdepartement;2542;Verkehrssteuer auf Motorfahrzeugen;;;4030.00;Verkehrsabgaben;-17400000.0;-17550000.0;-17092766.4;150000.0;-0.85;Die Prognose zu den Erträgen aus den Verkehrssteuern auf Motorfahrzeugen wurden auf Basis der Erträge aus der Rechnung 2025 angepasst.;236
25;Finanzdepartement;2543;Verkehrssteuer auf Wasserfahrzeugen;;;3631.00;Beiträge an Kantone und Konkordate;31000.0;31000.0;31000.0;;;;236
25;Finanzdepartement;2543;Verkehrssteuer auf Wasserfahrzeugen;;;3930.10;IV Betriebs- und Verwaltungskosten Erhebungskosten des Strassenverkehrs- und Schifffahrtsamtes;26000.0;26000.0;26000.0;;;;236
25;Finanzdepartement;2543;Verkehrssteuer auf Wasserfahrzeugen;;;3930.11;IV Betriebs- und Verwaltungskosten Zuscheidung an Wasserbau und Gewässerschutz;58000.0;58000.0;58000.0;;;;236
25;Finanzdepartement;2543;Verkehrssteuer auf Wasserfahrzeugen;;;3930.12;IV Betriebs- und Verwaltungskosten Zuscheidung an Schaffhauser Polizei;38000.0;38000.0;38000.0;;;;236
25;Finanzdepartement;2543;Verkehrssteuer auf Wasserfahrzeugen;;;3930.13;IV Betriebs- und Verwaltungskosten Zuscheidung an Forstbetriebe;4000.0;4000.0;4000.0;;;;236
25;Finanzdepartement;2543;Verkehrssteuer auf Wasserfahrzeugen;;;3980.00;Übertragungen;28000.0;33000.0;26367.0;-5000.0;-15.15;;236
25;Finanzdepartement;2543;Verkehrssteuer auf Wasserfahrzeugen;;;4031.00;Schiffssteuer;-185000.0;-190000.0;-183367.0;5000.0;-2.63;;236
25;Finanzdepartement;2544;Anteile an Abgaben und Erträgen des Bundes;;;3180.00;Wertberichtigungen auf Forderungen;;;136459.95;;;;236
25;Finanzdepartement;2544;Anteile an Abgaben und Erträgen des Bundes;;;3631.00;Beiträge an Kantone und Konkordate;180000.0;177900.0;180621.95;2100.0;1.18;;236
25;Finanzdepartement;2544;Anteile an Abgaben und Erträgen des Bundes;;;3632.10;Beiträge an innerkantonale Gemeinden und Gemeindezweckverbände;1100000.0;1186000.0;1246666.0;-86000.0;-7.25;Anteil der Gemeinden an den Erträgen des Kantons an der Mineralölsteuer des Bundes (vgl. Kommentar Konto 2544.4600.50).;236
25;Finanzdepartement;2544;Anteile an Abgaben und Erträgen des Bundes;;;3632.16;Anteil der Gemeinden an Direkter Bundessteuer;13600000.0;12841700.0;13417567.0;758300.0;5.9;Die Schätzung des Anteils der Gemeinden an der Direkter Bundessteuer erfolgt anhand der Prognosen der Eidgenössischen Steuerverwaltung (ESTV) für das gesamtschweizerische Bundessteueraufkommen und für den entsprechenden Anteil des Kantons Schaffhausens.;236
25;Finanzdepartement;2544;Anteile an Abgaben und Erträgen des Bundes;;;3980.00;Übertragungen;5520000.0;5783600.0;5925147.55;-263600.0;-4.56;;236
25;Finanzdepartement;2544;Anteile an Abgaben und Erträgen des Bundes;;;4600.00;Anteil an Direkter Bundessteuer;-156500000.0;-150372000.0;-155642913.92;-6128000.0;4.08;Die Schätzung des Kantonsanteils für die natürlichen bzw. juristischen Personen erfolgt anhand der Prognosen der Eidgenössischen Steuerverwaltung (ESTV) für das gesamtschweizerische Bundessteueraufkommen und für den entsprechenden Anteil des Kantons Schaffhausen.;237
25;Finanzdepartement;2544;Anteile an Abgaben und Erträgen des Bundes;;;4600.10;Anteil an Verrechnungssteuer;-6800000.0;-6190000.0;-7824857.0;-610000.0;9.85;Erhöhung des erwarteten Kantonsanteils an Verrechnungssteuer auf Basis aktueller Schätzungen des Bundes.;237
25;Finanzdepartement;2544;Anteile an Abgaben und Erträgen des Bundes;;;4600.50;Anteil am Ertrag der Eidg. Mineralölsteuer;-3200000.0;-3557900.0;-3702200.0;357900.0;-10.06;Die Erträge des Bundes aus der Mineralölsteur sind rückläufig. Dies wirkt sich entsprechend auf den Anteil des Kantons aus.;237
25;Finanzdepartement;2544;Anteile an Abgaben und Erträgen des Bundes;;;4600.80;Anteil am Ertrag LSVA;-3600000.0;-3594400.0;-3612438.5;-5600.0;0.16;;237
25;Finanzdepartement;2544;Anteile an Abgaben und Erträgen des Bundes;;;4600.91;Rückerstattung Mehrwertsteuer Büsingen;-502500.0;-502500.0;-538145.0;;;;237
25;Finanzdepartement;2544;Anteile an Abgaben und Erträgen des Bundes;;;4894.00;Entnahme aus FIPOL;;;-33100000.0;;;;237
25;Finanzdepartement;2545;Interkantonaler Finanzausgleich;;;3621.10;NFA Zahlungen an Ressourcenausgleich;27700000.0;13100000.0;5283633.0;14600000.0;111.45;Steigende Ausgleichszahlungen durch wachsende Steuereinnahmen JP, Aufwertung der Gewinne infolge STAF und wachsender Disparitäten.;237
25;Finanzdepartement;2545;Interkantonaler Finanzausgleich;;;3621.11;NFA RST Ressourcenausgleich;77400000.0;49400000.0;;28000000.0;56.68;Höhere Rückstellungen für steigende Ausgleichszahlungen.;237
25;Finanzdepartement;2545;Interkantonaler Finanzausgleich;;;3621.40;NFA Zahlungen an Härteausgleich;534000.0;562000.0;591764.0;-28000.0;-4.98;Der Härteausgleich wird jährlich um 5% verringert, sodass sich die Einzahlungen hierfür weiter reduzieren.;237
25;Finanzdepartement;2545;Interkantonaler Finanzausgleich;;;3621.90;NFA Übrige Massnahmen des Finanzausgleichs;26700.0;;;26700.0;;Solidaritätsbeitrag Geberkantone für Jura (Kantonswechsel Moutier).;237
25;Finanzdepartement;2545;Interkantonaler Finanzausgleich;;;3894.00;Einlagen in FIPOL;;;22900000.0;;;;237
25;Finanzdepartement;2545;Interkantonaler Finanzausgleich;;;4620.20;NFA sozio-demografischer Ausgleich Bund;-876900.0;-988000.0;-83746.0;111100.0;-11.24;Massgebende Werte für Alter, Armut und Ausländerintegration für SH sind praktisch unverändert, der schweizweite Durchschnitt sinkt jedoch.;238
25;Finanzdepartement;2545;Interkantonaler Finanzausgleich;;;4894.00;Entnahme aus FIPOL;-27700000.0;-13100000.0;-5283633.0;-14600000.0;111.45;Vgl. Konto 2545.3621.10.;238
25;Finanzdepartement;2546;Verschiedene Erträge;;;4110.00;Anteil am Reingewinn der SNB;-19400100.0;-6466700.0;-23990708.0;-12933400.0;200.0;Für das Budget 2027 wird aufgrund des guten Geschäftsgangs der Schweizer Nationalbank (SNB) mit einer dreifachen Gewinnausschüttung gerechnet. Im Budget 2026 ist von einer einfachen Ausschüttung ausgegangen worden.;238
25;Finanzdepartement;2546;Verschiedene Erträge;;;4461.10;Anteil am Ergebnis der Schaffhauser Kantonalbank;-42300000.0;-37300000.0;-45062152.0;-5000000.0;13.4;Die Erwartung an die Ergebnisausschüttung der Schaffhauser Kantonalbank (SHKB) basiert auf den vergangenen hohen Ausschüttungen.;238
25;Finanzdepartement;2546;Verschiedene Erträge;;;4463.10;Anteil am Ergebnis der Elektrizitätswerk des Kantons Schaffhausen AG (EKS);-1020000.0;-1020000.0;-1040349.0;;;;238
25;Finanzdepartement;2546;Verschiedene Erträge;;;4895.00;Entnahmen aus Aufwert.reserve;-1123700.0;-1123800.0;-1117800.0;100.0;-0.01;;238
25;Finanzdepartement;2550;Schaffhauser Polizei;;;3000.10;Sitzungsgelder Kommissionen;400.0;400.0;479.0;;;;238
25;Finanzdepartement;2550;Schaffhauser Polizei;;;3010.00;Löhne des Verwaltungs- und Betriebspersonals;24730000.0;24509200.0;23358170.6;220800.0;0.9;Erhöhung Schwankungsreserve des Personalbestandes um 2 Stellen.;238
25;Finanzdepartement;2550;Schaffhauser Polizei;;;3010.95;Rückerstattungen Taggelder UV, EO, MSE, MV, IV für Verwaltungs- und Betriebspersonal;-100000.0;-100000.0;-178670.55;;;;238
25;Finanzdepartement;2550;Schaffhauser Polizei;;;3049.00;Übrige Zulagen;2042500.0;2042500.0;2111108.2;;;;238
25;Finanzdepartement;2550;Schaffhauser Polizei;;;3050.00;AG-Beiträge AHV, IV, EO, ALV, Verwaltungskosten;1716600.0;1605400.0;1605567.4;111200.0;6.93;;238
25;Finanzdepartement;2550;Schaffhauser Polizei;;;3052.00;AG-Beiträge an Pensionskassen;2931400.0;3299600.0;3031218.95;-368200.0;-11.16;Sozialleistungen temporäre Lohnmassnahmen werden zentral unter 2504.3050.93 budgetiert.;238
25;Finanzdepartement;2550;Schaffhauser Polizei;;;3053.00;AG-Beiträge an Unfallversicherungen;161100.0;151900.0;132333.95;9200.0;6.06;;238
25;Finanzdepartement;2550;Schaffhauser Polizei;;;3054.00;AG-Beiträge an Familienzulagekassen;316900.0;321100.0;321517.8;-4200.0;-1.31;;238
25;Finanzdepartement;2550;Schaffhauser Polizei;;;3059.10;AG-Beiträge Sozialfonds;21100.0;19800.0;19633.8;1300.0;6.57;;238
25;Finanzdepartement;2550;Schaffhauser Polizei;;;3064.00;Überbrückungsrenten;6000.0;6000.0;42741.0;;;;238
25;Finanzdepartement;2550;Schaffhauser Polizei;;;3069.00;Übrige Arbeitgeberleistungen;1500.0;1500.0;786.8;;;;239
25;Finanzdepartement;2550;Schaffhauser Polizei;;;3090.00;Aus- und Weiterbildung des eigenen Personals;362600.0;362600.0;310375.14;;;;239
25;Finanzdepartement;2550;Schaffhauser Polizei;;;3091.00;Personalwerbung;40000.0;40000.0;67732.35;;;;239
25;Finanzdepartement;2550;Schaffhauser Polizei;;;3099.00;Übriger Personalaufwand;150000.0;157800.0;170546.52;-7800.0;-4.94;;239
25;Finanzdepartement;2550;Schaffhauser Polizei;;;3100.00;Büromaterial;24500.0;28200.0;24515.57;-3700.0;-13.12;;239
25;Finanzdepartement;2550;Schaffhauser Polizei;;;3101.00;Betriebs- und Verbrauchsmaterial;168300.0;242900.0;168261.71;-74600.0;-30.71;Kostenreduktion durch Sparmassnahmen basierend auf Erfahrungswerten aus den Vorjahren.;239
25;Finanzdepartement;2550;Schaffhauser Polizei;;;3102.00;Drucksachen, Publikationen;31900.0;51800.0;31902.1;-19900.0;-38.42;Kostenreduktion durch Sparmassnahmen basierend auf Erfahrungswerten aus den Vorjahren.;239
25;Finanzdepartement;2550;Schaffhauser Polizei;;;3103.00;Fachliteratur, Zeitschriften;13700.0;19000.0;13722.85;-5300.0;-27.89;;239
25;Finanzdepartement;2550;Schaffhauser Polizei;;;3106.00;Medizinisches Material;18900.0;28500.0;18873.69;-9600.0;-33.68;;239
25;Finanzdepartement;2550;Schaffhauser Polizei;;;3110.00;Büromöbel und -geräte;2900.0;10000.0;2856.8;-7100.0;-71.0;;239
25;Finanzdepartement;2550;Schaffhauser Polizei;;;3111.00;Maschinen, Geräte und Fahrzeuge;1102000.0;1199200.0;1214022.02;-97200.0;-8.11;Tiefere Ausrüstungskosten aufgrund geringerer Anzahl budgetierter Polizeiaspiranten/-innen.;239
25;Finanzdepartement;2550;Schaffhauser Polizei;;;3112.00;Kleider, Wäsche, Vorhänge;362500.0;377100.0;322471.89;-14600.0;-3.87;Tiefere Uniformkosten aufgrund geringerer Anzahl budgetierter Polizeiaspiranten/-innen.;239
25;Finanzdepartement;2550;Schaffhauser Polizei;;;3113.00;Hardware;736100.0;686000.0;686067.69;50100.0;7.3;Mehrausgaben aufgrund von Hardware-Ersatz («End of Life») sowie Preiserhöhungen bei diversen Hardware-Lieferanten.;239
25;Finanzdepartement;2550;Schaffhauser Polizei;;;3118.00;Immaterielle Anlagen;167000.0;171000.0;114021.47;-4000.0;-2.34;;239
25;Finanzdepartement;2550;Schaffhauser Polizei;;;3130.00;Dienstleistungen Dritter;1694700.0;1562900.0;1505393.93;131800.0;8.43;Preiserhöhungen bei verschiedenen externen Dienstleistungsfirmen und Beteiligung an neuen, zusätzlichen PTI-Projekten (Polizeitechnik und - informatik Schweiz).;239
25;Finanzdepartement;2550;Schaffhauser Polizei;;;3132.00;Honorare externe Berater, Gutachter, Fachexperten etc.;70200.0;14000.0;34227.15;56200.0;401.43;Mehrkosten durch das interne Projekt «Führungsentwicklung SHPol».;239
25;Finanzdepartement;2550;Schaffhauser Polizei;;;3133.00;Informatik-Nutzungsaufwand;352900.0;388100.0;352854.64;-35200.0;-9.07;Kostenreduktion durch Sparmassnahmen basierend auf Erfahrungswerten aus den Vorjahren.;239
25;Finanzdepartement;2550;Schaffhauser Polizei;;;3134.00;Sachversicherungsprämien;29000.0;24700.0;29000.37;4300.0;17.41;;239
25;Finanzdepartement;2550;Schaffhauser Polizei;;;3137.00;Steuern und Abgaben;14100.0;11400.0;14140.62;2700.0;23.68;;239
25;Finanzdepartement;2550;Schaffhauser Polizei;;;3140.00;Unterhalt Grundstücke;5500.0;105000.0;69456.35;-99500.0;-94.76;Reduktion der Ausgaben, da die Sanierung der beiden Schiessplätze abgeschlossen werden konnte.;240
25;Finanzdepartement;2550;Schaffhauser Polizei;;;3151.00;Unterhalt Maschinen, Geräte, Fahrzeuge;860200.0;824600.0;1060164.95;35600.0;4.32;Mehrkosten durch Preiserhöhungen bei Fahrzeugunterhalt und - reparaturen.;240
25;Finanzdepartement;2550;Schaffhauser Polizei;;;3153.00;Informatik-Unterhalt (Hardware);3700.0;10200.0;3738.91;-6500.0;-63.73;;240
25;Finanzdepartement;2550;Schaffhauser Polizei;;;3158.00;Unterhalt immaterielle Anlagen;1051300.0;1060600.0;751348.7;-9300.0;-0.88;;240
25;Finanzdepartement;2550;Schaffhauser Polizei;;;3160.00;Mieten und Pachten Liegenschaften;36500.0;42900.0;26516.8;-6400.0;-14.92;;240
25;Finanzdepartement;2550;Schaffhauser Polizei;;;3161.00;Mieten, Benützungskosten Anlagen;422200.0;418100.0;372159.8;4100.0;0.98;;240
25;Finanzdepartement;2550;Schaffhauser Polizei;;;3170.00;Reisekosten und Spesen;117900.0;109800.0;117915.6;8100.0;7.38;;240
25;Finanzdepartement;2550;Schaffhauser Polizei;;;3181.00;Tatsächliche Forderungsverluste;82500.0;136800.0;82469.7;-54300.0;-39.69;Anpassung des Budgetwertes basierend auf Erfahrungswerten aus den Vorjahren.;240
25;Finanzdepartement;2550;Schaffhauser Polizei;;;3190.00;Schadenersatzleistungen;10600.0;8000.0;10629.4;2600.0;32.5;;240
25;Finanzdepartement;2550;Schaffhauser Polizei;;;3199.00;Übriger Betriebsaufwand;161300.0;185600.0;131336.63;-24300.0;-13.09;Kostenreduktion durch Sparmassnahmen basierend auf Erfahrungswerten aus den Vorjahren.;240
25;Finanzdepartement;2550;Schaffhauser Polizei;;;3300.60;Planmässige Abschreibungen Mobilien;312300.0;384600.0;382352.0;-72300.0;-18.8;;240
25;Finanzdepartement;2550;Schaffhauser Polizei;;;3320.00;Planmässige Abschreibungen immaterielle Anlagen;90900.0;90900.0;90933.0;;;;240
25;Finanzdepartement;2550;Schaffhauser Polizei;;;3499.00;Übriger Finanzaufwand;10000.0;;10333.72;10000.0;;;240
25;Finanzdepartement;2550;Schaffhauser Polizei;;;3611.00;Entschädigungen an Kantone und Konkordate;487300.0;595300.0;422334.9;-108000.0;-18.14;Tiefere Schulgeld-Kosten aufgrund geringerer Anzahl budgetierter Polizeiaspiranten/-innen.;240
25;Finanzdepartement;2550;Schaffhauser Polizei;;;3630.00;Beiträge an den Bund;258400.0;258400.0;121185.1;;;;240
25;Finanzdepartement;2550;Schaffhauser Polizei;;;3631.00;Beiträge an Kantone und Konkordate;161900.0;161900.0;145763.15;;;;240
25;Finanzdepartement;2550;Schaffhauser Polizei;;;3636.00;Beiträge an private Organisationen ohne Erwerbszweck;1700.0;1700.0;1430.0;;;;240
25;Finanzdepartement;2550;Schaffhauser Polizei;;;3900.00;IV Material- und Warenbezüge;7000.0;10000.0;6800.0;-3000.0;-30.0;;240
25;Finanzdepartement;2550;Schaffhauser Polizei;;;3910.00;IV Dienstleistungen;14700.0;19000.0;14094.1;-4300.0;-22.63;;240
25;Finanzdepartement;2550;Schaffhauser Polizei;;;4210.00;Gebühren für Amtshandlungen;-53500.0;-53500.0;-69036.0;;;;240
25;Finanzdepartement;2550;Schaffhauser Polizei;;;4240.00;Benützungsgebühren und Dienstleistungen;-181600.0;-181600.0;-162511.67;;;;240
25;Finanzdepartement;2550;Schaffhauser Polizei;;;4250.00;Verkäufe;-7700.0;-7700.0;-31759.26;;;;240
25;Finanzdepartement;2550;Schaffhauser Polizei;;;4260.00;Rückerstattungen und Kostenbeteiligungen Dritter;-6400.0;-6400.0;-1453.3;;;;240
25;Finanzdepartement;2550;Schaffhauser Polizei;;;4270.00;Bussen;-4200000.0;-4500000.0;-3713306.11;300000.0;-6.67;Anpassung des Budgetwertes basierend auf Erfahrungswerten aus den Vorjahren.;240
25;Finanzdepartement;2550;Schaffhauser Polizei;;;4290.00;Übrige Entgelte;;;-810.0;;;;241
25;Finanzdepartement;2550;Schaffhauser Polizei;;;4301.00;Beschlagnahmte Vermögenswerte;-500.0;-500.0;;;;;241
25;Finanzdepartement;2550;Schaffhauser Polizei;;;4610.00;Entschädigungen vom Bund;-400000.0;-400000.0;-389612.55;;;;241
25;Finanzdepartement;2550;Schaffhauser Polizei;;;4610.30;Entschädigungen vom Bund für mobile Schwerverkehrskontrollen;-420000.0;-420000.0;-430892.0;;;;241
25;Finanzdepartement;2550;Schaffhauser Polizei;;;4611.00;Entschädigungen von Kantonen und Konkordaten;-383000.0;-383000.0;-500906.96;;;;241
25;Finanzdepartement;2550;Schaffhauser Polizei;;;4612.10;Entschädigungen von innerkantonalen Gemeinden und Gemeindezweckverbänden;-27200.0;-27200.0;-30200.8;;;;241
25;Finanzdepartement;2550;Schaffhauser Polizei;;;4614.00;Entschädigungen von öffentlichen Unternehmungen;-23100.0;-23100.0;-25783.5;;;;241
25;Finanzdepartement;2550;Schaffhauser Polizei;;;4632.10;Laufende Betriebsbeiträge von innerkantonalen Gemeinden und Gemeindezweckverbände;-3157700.0;-3157700.0;-3138320.0;;;;241
25;Finanzdepartement;2550;Schaffhauser Polizei;;;4635.00;Beiträge von privaten Unternehmungen;-2000.0;-2000.0;-1800.0;;;;241
25;Finanzdepartement;2550;Schaffhauser Polizei;;;4636.00;Beiträge von privaten Organisationen ohne Erwerbszweck;-2000.0;-2000.0;-2000.0;;;;241
25;Finanzdepartement;2550;Schaffhauser Polizei;;;4910.00;IV Dienstleistungen;-307000.0;-324600.0;-298717.5;17600.0;-5.42;;241
25;Finanzdepartement;2550;Schaffhauser Polizei;;;4930.00;IV Betriebs- und Verwaltungskosten;-38000.0;-38000.0;-38000.0;;;;241
25;Finanzdepartement;2550;Schaffhauser Polizei;;;4980.00;Übertragungen;-2100000.0;-2100000.0;-2100000.0;;;;241
25;Finanzdepartement;2551;Kantonale Feuerpolizei;;;3010.00;Löhne des Verwaltungs- und Betriebspersonals;1090000.0;1088300.0;1018938.6;1700.0;0.16;;241
25;Finanzdepartement;2551;Kantonale Feuerpolizei;;;3050.00;AG-Beiträge AHV, IV, EO, ALV, Verwaltungskosten;70900.0;70700.0;66180.15;200.0;0.28;;241
25;Finanzdepartement;2551;Kantonale Feuerpolizei;;;3052.00;AG-Beiträge an Pensionskassen;121000.0;145400.0;140133.1;-24400.0;-16.78;;241
25;Finanzdepartement;2551;Kantonale Feuerpolizei;;;3053.00;AG-Beiträge an Unfallversicherungen;6600.0;6400.0;5519.35;200.0;3.13;;241
25;Finanzdepartement;2551;Kantonale Feuerpolizei;;;3054.00;AG-Beiträge an Familienzulagekassen;13100.0;14100.0;13237.55;-1000.0;-7.09;;241
25;Finanzdepartement;2551;Kantonale Feuerpolizei;;;3059.10;AG-Beiträge Sozialfonds;900.0;900.0;814.95;;;;241
25;Finanzdepartement;2551;Kantonale Feuerpolizei;;;3090.00;Aus- und Weiterbildung des eigenen Personals;7000.0;7400.0;13887.65;-400.0;-5.41;;241
25;Finanzdepartement;2551;Kantonale Feuerpolizei;;;3091.00;Personalwerbung;;1000.0;;-1000.0;-100.0;;241
25;Finanzdepartement;2551;Kantonale Feuerpolizei;;;3099.00;Übriger Personalaufwand;1500.0;1600.0;800.0;-100.0;-6.25;;241
25;Finanzdepartement;2551;Kantonale Feuerpolizei;;;3100.00;Büromaterial;1500.0;2800.0;1536.04;-1300.0;-46.43;;241
25;Finanzdepartement;2551;Kantonale Feuerpolizei;;;3101.00;Betriebs- und Verbrauchsmaterial;7400.0;10200.0;7430.35;-2800.0;-27.45;;241
25;Finanzdepartement;2551;Kantonale Feuerpolizei;;;3102.00;Drucksachen, Publikationen;2800.0;3500.0;2800.05;-700.0;-20.0;;241
25;Finanzdepartement;2551;Kantonale Feuerpolizei;;;3103.00;Fachliteratur, Zeitschriften;2200.0;5700.0;2195.56;-3500.0;-61.4;;241
25;Finanzdepartement;2551;Kantonale Feuerpolizei;;;3109.00;Übriger Material- und Warenaufwand;;1000.0;;-1000.0;-100.0;;241
25;Finanzdepartement;2551;Kantonale Feuerpolizei;;;3110.00;Büromöbel und -geräte;;46000.0;;-46000.0;-100.0;Für das Jahr 2027 sind keine Aufwände für Büromöbel und Geräte vorgesehen.;242
25;Finanzdepartement;2551;Kantonale Feuerpolizei;;;3111.00;Maschinen, Geräte und Fahrzeuge;165000.0;274500.0;92498.01;-109500.0;-39.89;Das Budget 2027 ist mit der Rechnung des Vorjahres nicht vergleichbar, da die grösste budgetierte Gerätschaft (Atemluftabfüllanlage) altersbedingt reparaturanfällig und daher zu ersetzen ist.;242
25;Finanzdepartement;2551;Kantonale Feuerpolizei;;;3112.00;Kleider, Wäsche, Vorhänge;12400.0;22700.0;12413.2;-10300.0;-45.37;Im Zeitpunkt der Budgetierung sind die Aufwände schwer abschätzbar. Dies hängt auch mit der Frage zusammen, ob Instruktionsanwärter die Prüfung schaffen. Wir gehen für das Jahr 2027 von einem geringeren finanziellen Betrag aus.;242
25;Finanzdepartement;2551;Kantonale Feuerpolizei;;;3113.00;Hardware;1100.0;10800.0;1066.95;-9700.0;-89.81;;242
25;Finanzdepartement;2551;Kantonale Feuerpolizei;;;3118.00;Immaterielle Anlagen;;50000.0;101567.3;-50000.0;-100.0;Für das Jahr 2027 sind auf diesem Konto keine Aufwände geplant.;242
25;Finanzdepartement;2551;Kantonale Feuerpolizei;;;3120.00;Ver- und Entsorgung Liegenschaften VV;1100.0;1800.0;1143.7;-700.0;-38.89;;242
25;Finanzdepartement;2551;Kantonale Feuerpolizei;;;3130.00;Dienstleistungen Dritter;207400.0;42500.0;36027.88;164900.0;388.0;Die grosse Differenz ist die Folge davon, dass die Swisscom Alarmierung und das Swissphone Paging im 2026 fälschlicherweise auf dem Konto 2551.3133 budgetiert und abgerechnet wurde. Bei der Swissphone erfolgte zudem auf das 2027 eine massive Preiserhöhung.;242
25;Finanzdepartement;2551;Kantonale Feuerpolizei;;;3131.00;Planungen und Projektierungen Dritter;;15000.0;-31027.85;-15000.0;-100.0;Auf dieser Kontostelle sind allgemein keine weiteren Ausgaben geplant.;242
25;Finanzdepartement;2551;Kantonale Feuerpolizei;;;3132.00;Honorare externe Berater, Gutachter, Fachexperten etc.;23300.0;10500.0;23330.15;12800.0;121.9;Aufwand entspricht Beschluss Regierungsrat auf Basis Rechnung Jahr 2025;242
25;Finanzdepartement;2551;Kantonale Feuerpolizei;;;3133.00;Informatik-Nutzungsaufwand;125500.0;286500.0;272516.58;-161000.0;-56.2;Reduktion des Aufwands aufgrund der Verschiebung der Aufwände für Swisscom und Swissphone in das Konto 2551.3130.;243
25;Finanzdepartement;2551;Kantonale Feuerpolizei;;;3134.00;Sachversicherungsprämien;11000.0;12100.0;11007.48;-1100.0;-9.09;;243
25;Finanzdepartement;2551;Kantonale Feuerpolizei;;;3138.00;Kurse, Prüfungen und Beratungen;844300.0;723800.0;759090.85;120500.0;16.65;Der Finanzierungsbedarf 2027 kann nicht mit demjenigen des Vorjahrs verglichen werden. Es findet nicht jedes Jahr das gleiche Kursprogramm statt und dadurch weicht auch die Anzahl für die Aus- und Weiterbildung der Feuerwehren erforderlicher Kurse von Jahr zu Jahr voneinander ab.;243
25;Finanzdepartement;2551;Kantonale Feuerpolizei;;;3150.00;Unterhalt Büromöbel und -geräte;100.0;800.0;118.0;-700.0;-87.5;;243
25;Finanzdepartement;2551;Kantonale Feuerpolizei;;;3151.00;Unterhalt Maschinen, Geräte, Fahrzeuge;58500.0;56300.0;89452.98;2200.0;3.91;;243
25;Finanzdepartement;2551;Kantonale Feuerpolizei;;;3153.00;Informatik-Unterhalt (Hardware);100.0;700.0;60.0;-600.0;-85.71;;243
25;Finanzdepartement;2551;Kantonale Feuerpolizei;;;3158.00;Unterhalt immaterielle Anlagen;61100.0;93600.0;61101.09;-32500.0;-34.72;Die budgetierten IT-Ausgaben entsprechen gebundenen Ausgaben, da sie aus Wartungsverträgen resultieren, welche teilweise aus neu beschafften IT-Lösungen oder aus Kostenerhöhungen bestehender Lösungen entstehen.;243
25;Finanzdepartement;2551;Kantonale Feuerpolizei;;;3160.00;Mieten und Pachten Liegenschaften;23900.0;32200.0;23872.75;-8300.0;-25.78;;243
25;Finanzdepartement;2551;Kantonale Feuerpolizei;;;3170.00;Reisekosten und Spesen;2500.0;6500.0;2536.3;-4000.0;-61.54;;243
25;Finanzdepartement;2551;Kantonale Feuerpolizei;;;3199.00;Übriger Betriebsaufwand;4800.0;3000.0;4823.76;1800.0;60.0;;243
25;Finanzdepartement;2551;Kantonale Feuerpolizei;;;3300.60;Planmässige Abschreibungen Mobilien;244400.0;244400.0;92359.0;;;;243
25;Finanzdepartement;2551;Kantonale Feuerpolizei;;;3631.00;Beiträge an Kantone und Konkordate;130000.0;130000.0;139302.0;;;;243
25;Finanzdepartement;2551;Kantonale Feuerpolizei;;;3910.00;IV Dienstleistungen;12800.0;12800.0;11683.5;;;;243
25;Finanzdepartement;2551;Kantonale Feuerpolizei;;;4210.00;Gebühren für Amtshandlungen;-25000.0;-25000.0;-53660.0;;;;243
25;Finanzdepartement;2551;Kantonale Feuerpolizei;;;4240.00;Benützungsgebühren und Dienstleistungen;-15000.0;-15000.0;-18302.25;;;;243
25;Finanzdepartement;2551;Kantonale Feuerpolizei;;;4250.00;Verkäufe;-10100.0;-100.0;-7700.0;-10000.0;10000.0;;243
25;Finanzdepartement;2551;Kantonale Feuerpolizei;;;4612.10;Entschädigungen von innerkantonalen Gemeinden und Gemeindezweckverbänden;-8000.0;-8000.0;-14698.05;;;;243
25;Finanzdepartement;2551;Kantonale Feuerpolizei;;;4631.00;Beiträge von Kantonen und Konkordaten;;;-9450.0;;;;243
25;Finanzdepartement;2551;Kantonale Feuerpolizei;;;4980.00;Übertragungen;-3196100.0;-3377100.0;-2874606.68;181000.0;-5.36;;243
25;Finanzdepartement;2553;Schwerverkehrskontrollzentrum Schaffhausen;;;3010.00;Löhne des Verwaltungs- und Betriebspersonals;1517500.0;1529500.0;1524216.0;-12000.0;-0.78;;244
25;Finanzdepartement;2553;Schwerverkehrskontrollzentrum Schaffhausen;;;3010.95;Rückerstattungen Taggelder UV, EO, MSE, MV, IV für Verwaltungs- und Betriebspersonal;-1000.0;-1000.0;-3086.5;;;;244
25;Finanzdepartement;2553;Schwerverkehrskontrollzentrum Schaffhausen;;;3049.00;Übrige Zulagen;27800.0;27800.0;55809.6;;;;244
25;Finanzdepartement;2553;Schwerverkehrskontrollzentrum Schaffhausen;;;3050.00;AG-Beiträge AHV, IV, EO, ALV, Verwaltungskosten;100400.0;99400.0;100662.2;1000.0;1.01;;244
25;Finanzdepartement;2553;Schwerverkehrskontrollzentrum Schaffhausen;;;3052.00;AG-Beiträge an Pensionskassen;171500.0;204300.0;200029.2;-32800.0;-16.05;;244
25;Finanzdepartement;2553;Schwerverkehrskontrollzentrum Schaffhausen;;;3053.00;AG-Beiträge an Unfallversicherungen;9400.0;9100.0;8376.2;300.0;3.3;;244
25;Finanzdepartement;2553;Schwerverkehrskontrollzentrum Schaffhausen;;;3054.00;AG-Beiträge an Familienzulagekassen;18500.0;19900.0;20127.15;-1400.0;-7.04;;244
25;Finanzdepartement;2553;Schwerverkehrskontrollzentrum Schaffhausen;;;3059.10;AG-Beiträge Sozialfonds;1200.0;1200.0;1237.95;;;;244
25;Finanzdepartement;2553;Schwerverkehrskontrollzentrum Schaffhausen;;;3090.00;Aus- und Weiterbildung des eigenen Personals;23800.0;36800.0;33555.15;-13000.0;-35.33;Tiefere Kosten durch weniger Bedarf an Aus- und Weiterbildungen.;244
25;Finanzdepartement;2553;Schwerverkehrskontrollzentrum Schaffhausen;;;3099.00;Übriger Personalaufwand;1000.0;3000.0;821.7;-2000.0;-66.67;;244
25;Finanzdepartement;2553;Schwerverkehrskontrollzentrum Schaffhausen;;;3100.00;Büromaterial;3000.0;2600.0;3000.0;400.0;15.38;;244
25;Finanzdepartement;2553;Schwerverkehrskontrollzentrum Schaffhausen;;;3101.00;Betriebs- und Verbrauchsmaterial;24400.0;28300.0;24403.0;-3900.0;-13.78;;244
25;Finanzdepartement;2553;Schwerverkehrskontrollzentrum Schaffhausen;;;3103.00;Fachliteratur, Zeitschriften;300.0;3500.0;266.0;-3200.0;-91.43;;244
25;Finanzdepartement;2553;Schwerverkehrskontrollzentrum Schaffhausen;;;3111.00;Maschinen, Geräte und Fahrzeuge;53600.0;61000.0;73600.0;-7400.0;-12.13;;244
25;Finanzdepartement;2553;Schwerverkehrskontrollzentrum Schaffhausen;;;3112.00;Kleider, Wäsche, Vorhänge;38400.0;39900.0;38400.0;-1500.0;-3.76;;244
25;Finanzdepartement;2553;Schwerverkehrskontrollzentrum Schaffhausen;;;3113.00;Hardware;37100.0;37100.0;9762.75;;;;244
25;Finanzdepartement;2553;Schwerverkehrskontrollzentrum Schaffhausen;;;3130.00;Dienstleistungen Dritter;26000.0;24900.0;26001.45;1100.0;4.42;;244
25;Finanzdepartement;2553;Schwerverkehrskontrollzentrum Schaffhausen;;;3133.00;Informatik-Nutzungsaufwand;6300.0;6300.0;;;;;244
25;Finanzdepartement;2553;Schwerverkehrskontrollzentrum Schaffhausen;;;3151.00;Unterhalt Maschinen, Geräte, Fahrzeuge;96300.0;82200.0;96325.24;14100.0;17.15;Mehrkosten durch Preiserhöhungen bei Fahrzeugunterhalt und - reparaturen.;244
25;Finanzdepartement;2553;Schwerverkehrskontrollzentrum Schaffhausen;;;3153.00;Informatik-Unterhalt (Hardware);;1000.0;;-1000.0;-100.0;;244
25;Finanzdepartement;2553;Schwerverkehrskontrollzentrum Schaffhausen;;;3158.00;Unterhalt immaterielle Anlagen;18300.0;20800.0;18292.22;-2500.0;-12.02;;244
25;Finanzdepartement;2553;Schwerverkehrskontrollzentrum Schaffhausen;;;3161.00;Mieten, Benützungskosten Anlagen;42600.0;38400.0;42644.85;4200.0;10.94;;244
25;Finanzdepartement;2553;Schwerverkehrskontrollzentrum Schaffhausen;;;3170.00;Reisekosten und Spesen;2000.0;2000.0;1989.5;;;;244
25;Finanzdepartement;2553;Schwerverkehrskontrollzentrum Schaffhausen;;;3199.00;Übriger Betriebsaufwand;;500.0;;-500.0;-100.0;;244
25;Finanzdepartement;2553;Schwerverkehrskontrollzentrum Schaffhausen;;;4610.20;Entschädigungen vom Bund für Schwerverkehrskontrollen;-2263000.0;-2263000.0;-2196181.0;;;;244
25;Finanzdepartement;2557;Amt für Bevölkerungsschutz und Armee;;;3010.00;Löhne des Verwaltungs- und Betriebspersonals;2100000.0;2006500.0;1960608.25;93500.0;4.66;Zusätzliche 50 Stellenprozent (Bereich Schutzbauten) und allgemeine Lohnentwicklung.;245
25;Finanzdepartement;2557;Amt für Bevölkerungsschutz und Armee;;;3010.95;Rückerstattungen Taggelder UV, EO, MSE, MV, IV für Verwaltungs- und Betriebspersonal;-40000.0;-20000.0;-42385.95;-20000.0;100.0;Erfahrungswert Rechnung 2025.;245
25;Finanzdepartement;2557;Amt für Bevölkerungsschutz und Armee;;;3049.00;Übrige Zulagen;1000.0;1500.0;;-500.0;-33.33;;245
25;Finanzdepartement;2557;Amt für Bevölkerungsschutz und Armee;;;3050.00;AG-Beiträge AHV, IV, EO, ALV, Verwaltungskosten;136500.0;130400.0;127311.7;6100.0;4.68;;245
25;Finanzdepartement;2557;Amt für Bevölkerungsschutz und Armee;;;3052.00;AG-Beiträge an Pensionskassen;233100.0;268100.0;260182.25;-35000.0;-13.05;;245
25;Finanzdepartement;2557;Amt für Bevölkerungsschutz und Armee;;;3053.00;AG-Beiträge an Unfallversicherungen;12800.0;12300.0;10421.75;500.0;4.07;;245
25;Finanzdepartement;2557;Amt für Bevölkerungsschutz und Armee;;;3054.00;AG-Beiträge an Familienzulagekassen;25200.0;26100.0;25501.65;-900.0;-3.45;;245
25;Finanzdepartement;2557;Amt für Bevölkerungsschutz und Armee;;;3059.10;AG-Beiträge Sozialfonds;1700.0;1600.0;1553.2;100.0;6.25;;245
25;Finanzdepartement;2557;Amt für Bevölkerungsschutz und Armee;;;3064.00;Überbrückungsrenten;;;45360.0;;;;245
25;Finanzdepartement;2557;Amt für Bevölkerungsschutz und Armee;;;3090.00;Aus- und Weiterbildung des eigenen Personals;38000.0;38000.0;32391.2;;;;245
25;Finanzdepartement;2557;Amt für Bevölkerungsschutz und Armee;;;3099.00;Übriger Personalaufwand;29800.0;22300.0;19907.5;7500.0;33.63;;245
25;Finanzdepartement;2557;Amt für Bevölkerungsschutz und Armee;;;3100.00;Büromaterial;6100.0;10000.0;6095.28;-3900.0;-39.0;;245
25;Finanzdepartement;2557;Amt für Bevölkerungsschutz und Armee;;;3101.00;Betriebs- und Verbrauchsmaterial;35500.0;48000.0;35579.95;-12500.0;-26.04;Erfahrungswert Rechnung 2025.;245
25;Finanzdepartement;2557;Amt für Bevölkerungsschutz und Armee;;;3102.00;Drucksachen, Publikationen;11500.0;10000.0;5727.45;1500.0;15.0;;245
25;Finanzdepartement;2557;Amt für Bevölkerungsschutz und Armee;;;3103.00;Fachliteratur, Zeitschriften;8600.0;4000.0;1122.0;4600.0;115.0;;245
25;Finanzdepartement;2557;Amt für Bevölkerungsschutz und Armee;;;3106.00;Medizinisches Material;16000.0;10000.0;4762.63;6000.0;60.0;;245
25;Finanzdepartement;2557;Amt für Bevölkerungsschutz und Armee;;;3110.00;Büromöbel und -geräte;10000.0;9500.0;9988.44;500.0;5.26;;245
25;Finanzdepartement;2557;Amt für Bevölkerungsschutz und Armee;;;3111.00;Maschinen, Geräte und Fahrzeuge;230000.0;369500.0;335015.95;-139500.0;-37.75;Geplante Neubeschaffungen (z. B. ZSO Fahrzeug) auf die Folgejahre verschoben.;245
25;Finanzdepartement;2557;Amt für Bevölkerungsschutz und Armee;;;3112.00;Kleider, Wäsche, Vorhänge;64500.0;89500.0;42912.28;-25000.0;-27.93;Geplante Neubeschaffungen (z. B. ZSO Uniformen) auf die Folgejahre verschoben.;245
25;Finanzdepartement;2557;Amt für Bevölkerungsschutz und Armee;;;3113.00;Hardware;62200.0;44000.0;12696.6;18200.0;41.36;Zusätzliche Aufwendungen (Netzwerkinstallationen) betreffend Umzug ins GAZ Beringen.;245
25;Finanzdepartement;2557;Amt für Bevölkerungsschutz und Armee;;;3116.00;Medizinische Geräte;6000.0;7000.0;5983.64;-1000.0;-14.29;;245
25;Finanzdepartement;2557;Amt für Bevölkerungsschutz und Armee;;;3118.00;Immaterielle Anlagen;7000.0;57000.0;7043.5;-50000.0;-87.72;Wegfallende Entwicklungskostenanteile (Fr. 50'000) für Applikation DIZIS vom BABS.;245
25;Finanzdepartement;2557;Amt für Bevölkerungsschutz und Armee;;;3119.00;Übrige nicht aktivierbare Anlagen;;10000.0;;-10000.0;-100.0;Erfahrungswert Rechnung 2025.;245
25;Finanzdepartement;2557;Amt für Bevölkerungsschutz und Armee;;;3120.00;Ver- und Entsorgung Liegenschaften VV;37200.0;60700.0;37223.7;-23500.0;-38.71;Erfahrungswert Rechnung 2025.;245
25;Finanzdepartement;2557;Amt für Bevölkerungsschutz und Armee;;;3130.00;Dienstleistungen Dritter;455500.0;285000.0;117154.16;170500.0;59.82;Zusätzliche externe Dienstleistungen (Fr. 185'000) für Schutzraumkontrollen. Umsetzung revidiertes Bundesrecht (Zivilschutzverordnung per 01.01.2026). Zusätzliche Entsorgungskosten betreffend Räumung Zeughausareal und Umzug ins GAZ Beringen. Zusätzliche Ausbildungskosten (Fr. 15'000) im Bereich Arbeitssicherheit und Gesundheistschutz.;246
25;Finanzdepartement;2557;Amt für Bevölkerungsschutz und Armee;;;3132.00;Honorare externe Berater, Gutachter, Fachexperten etc.;99000.0;89000.0;64600.85;10000.0;11.24;;246
25;Finanzdepartement;2557;Amt für Bevölkerungsschutz und Armee;;;3133.00;Informatik-Nutzungsaufwand;459500.0;310100.0;245258.6;149400.0;48.18;Preiserhöhung Fr. 30'000 ITSH (IT Nutzung). DL Informatik Projekt (ITSH/Externe) Fr. 200'000 betreffend Umzug ins GAZ Beringen;246
25;Finanzdepartement;2557;Amt für Bevölkerungsschutz und Armee;;;3134.00;Sachversicherungsprämien;9900.0;16000.0;9870.45;-6100.0;-38.13;;246
25;Finanzdepartement;2557;Amt für Bevölkerungsschutz und Armee;;;3137.00;Steuern und Abgaben;1400.0;1600.0;1440.0;-200.0;-12.5;;246
25;Finanzdepartement;2557;Amt für Bevölkerungsschutz und Armee;;;3138.00;Kurse, Prüfungen und Beratungen;220000.0;224000.0;237170.04;-4000.0;-1.79;;246
25;Finanzdepartement;2557;Amt für Bevölkerungsschutz und Armee;;;3140.00;Unterhalt Grundstücke;54900.0;66000.0;54907.7;-11100.0;-16.82;Erfahrungswert Rechnung 2025.;246
25;Finanzdepartement;2557;Amt für Bevölkerungsschutz und Armee;;;3144.00;Unterhalt Hochbauten, Gebäude;111300.0;185000.0;111312.39;-73700.0;-39.84;Erfahrungswert Rechnung 2025.;246
25;Finanzdepartement;2557;Amt für Bevölkerungsschutz und Armee;;;3149.00;Unterhalt übrige Sachanlagen;32500.0;48500.0;93064.63;-16000.0;-32.99;Keine geplanten Erneuerungen im Bereich Alarmierung (Polyalert).;246
25;Finanzdepartement;2557;Amt für Bevölkerungsschutz und Armee;;;3151.00;Unterhalt Maschinen, Geräte, Fahrzeuge;66400.0;76000.0;66363.41;-9600.0;-12.63;;246
25;Finanzdepartement;2557;Amt für Bevölkerungsschutz und Armee;;;3158.00;Unterhalt immaterielle Anlagen;85500.0;60600.0;39742.4;24900.0;41.09;Anteilige Entwicklungskosten (Fr. 37'000) am nationalen Projekt PISA NG.;246
25;Finanzdepartement;2557;Amt für Bevölkerungsschutz und Armee;;;3160.00;Mieten und Pachten Liegenschaften;1200.0;4000.0;;-2800.0;-70.0;;246
25;Finanzdepartement;2557;Amt für Bevölkerungsschutz und Armee;;;3161.00;Mieten, Benützungskosten Anlagen;;10000.0;;-10000.0;-100.0;;246
25;Finanzdepartement;2557;Amt für Bevölkerungsschutz und Armee;;;3170.00;Reisekosten und Spesen;11300.0;12000.0;11306.35;-700.0;-5.83;;246
25;Finanzdepartement;2557;Amt für Bevölkerungsschutz und Armee;;;3181.00;Tatsächliche Forderungsverluste;;1000.0;;-1000.0;-100.0;;246
25;Finanzdepartement;2557;Amt für Bevölkerungsschutz und Armee;;;3199.00;Übriger Betriebsaufwand;18700.0;27000.0;21821.73;-8300.0;-30.74;;246
25;Finanzdepartement;2557;Amt für Bevölkerungsschutz und Armee;;;3300.60;Planmässige Abschreibungen Mobilien;74700.0;74700.0;74724.0;;;;246
25;Finanzdepartement;2557;Amt für Bevölkerungsschutz und Armee;;;3632.10;Beiträge an innerkantonale Gemeinden und Gemeindezweckverbände;70000.0;69500.0;;500.0;0.72;;246
25;Finanzdepartement;2557;Amt für Bevölkerungsschutz und Armee;;;3634.00;Beiträge an öffentliche Unternehmungen;8000.0;9500.0;3483.9;-1500.0;-15.79;;247
25;Finanzdepartement;2557;Amt für Bevölkerungsschutz und Armee;;;3636.00;Beiträge an private Organisationen ohne Erwerbszweck;5000.0;10000.0;;-5000.0;-50.0;;247
25;Finanzdepartement;2557;Amt für Bevölkerungsschutz und Armee;;;3637.00;Beiträge an private Haushalte;1700.0;1700.0;1355.0;;;;247
25;Finanzdepartement;2557;Amt für Bevölkerungsschutz und Armee;;;3702.10;Durchlaufende Beiträge an Gemeinden und Gemeindezweckverbände;6300.0;6300.0;7910.0;;;;247
25;Finanzdepartement;2557;Amt für Bevölkerungsschutz und Armee;;;3900.00;IV Material- und Warenbezüge;;;234.05;;;;247
25;Finanzdepartement;2557;Amt für Bevölkerungsschutz und Armee;;;3910.00;IV Dienstleistungen;62800.0;75400.0;61938.5;-12600.0;-16.71;;247
25;Finanzdepartement;2557;Amt für Bevölkerungsschutz und Armee;;;3910.10;IV Betreibungskosten;30000.0;30000.0;9843.1;;;;247
25;Finanzdepartement;2557;Amt für Bevölkerungsschutz und Armee;;;4210.00;Gebühren für Amtshandlungen;-56500.0;-26500.0;-31340.0;-30000.0;113.21;Zusätzliche Gebühren (Fr. 30'000) aus Verfügungen Schutzraumbau.;247
25;Finanzdepartement;2557;Amt für Bevölkerungsschutz und Armee;;;4240.00;Benützungsgebühren und Dienstleistungen;-500.0;-1000.0;-260.0;500.0;-50.0;;247
25;Finanzdepartement;2557;Amt für Bevölkerungsschutz und Armee;;;4250.00;Verkäufe;-4000.0;-4000.0;-586.65;;;;247
25;Finanzdepartement;2557;Amt für Bevölkerungsschutz und Armee;;;4260.00;Rückerstattungen und Kostenbeteiligungen Dritter;-30000.0;-30000.0;-12929.53;;;;247
25;Finanzdepartement;2557;Amt für Bevölkerungsschutz und Armee;;;4270.00;Bussen;-35000.0;-35000.0;-51470.0;;;;247
25;Finanzdepartement;2557;Amt für Bevölkerungsschutz und Armee;;;4290.00;Übrige Entgelte;-5000.0;-5000.0;-3321.36;;;;247
25;Finanzdepartement;2557;Amt für Bevölkerungsschutz und Armee;;;4309.00;Übrige betriebliche Erträge;;;-2457.95;;;;247
25;Finanzdepartement;2557;Amt für Bevölkerungsschutz und Armee;;;4600.20;Anteil am Wehrpflichtersatz;-320000.0;-320000.0;-300950.37;;;;247
25;Finanzdepartement;2557;Amt für Bevölkerungsschutz und Armee;;;4610.00;Entschädigungen vom Bund;-132800.0;-132800.0;-155885.05;;;;247
25;Finanzdepartement;2557;Amt für Bevölkerungsschutz und Armee;;;4630.00;Beiträge vom Bund;-29000.0;-39700.0;-126122.25;10700.0;-26.95;Weniger Unterhaltsprojekte mit Bundesbeiträgen.;247
25;Finanzdepartement;2557;Amt für Bevölkerungsschutz und Armee;;;4700.00;Durchlaufende Beiträge vom Bund;-6300.0;-6300.0;-7910.0;;;;247
25;Finanzdepartement;2598;;2598.7212;Rhein-Fonds;4980.00;Übertragungen;-28000.0;-33000.0;-26367.0;5000.0;-15.15;;247
25;Finanzdepartement;2598;;2598.7212;Rhein-Fonds;9010.00;Abschluss Spezialfinanzierungen und Fonds des Eigenkapitals, Ertragsüberschuss;28000.0;33000.0;26367.0;-5000.0;-15.15;;247
25;Finanzdepartement;2598;;2598.7223;Winkelriedfonds;3440.00;Wertberichtigungen Finanzanlagen FV;;;30.16;;;;247
25;Finanzdepartement;2598;;2598.7223;Winkelriedfonds;3636.00;Beiträge an private Organisationen ohne Erwerbszweck;10000.0;10000.0;15800.0;;;;247
25;Finanzdepartement;2598;;2598.7223;Winkelriedfonds;4402.00;Zinsen Finanzanlagen;-200.0;-200.0;-172.2;;;;247
25;Finanzdepartement;2598;;2598.7223;Winkelriedfonds;4440.00;Wertberichtigungen übrige Finanzanlagen FV;;;-1258.27;;;;247
25;Finanzdepartement;2598;;2598.7223;Winkelriedfonds;9011.00;Abschluss Spezialfinanzierungen und Fonds des Eigenkapitals, Aufwandüberschuss;-9800.0;-9800.0;-14399.69;;;;247
25;Finanzdepartement;2598;;2598.7254;Kantonaler Schutzraum-Ersatzabgabefonds (EAG- Fonds);3500.00;Einlagen in Spezialfinanzierungen des Fremdkapitals;;210000.0;212259.75;-210000.0;-100.0;;248
25;Finanzdepartement;2598;;2598.7254;Kantonaler Schutzraum-Ersatzabgabefonds (EAG- Fonds);3637.00;Beiträge an private Haushalte;500000.0;90000.0;19740.25;410000.0;455.56;;248
25;Finanzdepartement;2598;;2598.7254;Kantonaler Schutzraum-Ersatzabgabefonds (EAG- Fonds);4200.00;Ersatzabgaben;-300000.0;-300000.0;-232000.0;;;;248
25;Finanzdepartement;2598;;2598.7254;Kantonaler Schutzraum-Ersatzabgabefonds (EAG- Fonds);4500.00;Entnahmen aus Spezialfinanzierungen des Fremdkapitals;-200000.0;;;-200000.0;;Umsetzung revidiertes Bundesrecht (Zivilschutzverordnung per 01.01.2026). Sanierungen Schutzräume. Ersatzabgaben (Einnhamen) Fr. 300'000 / Beiträge an private Haushalte (Ausgaben) Fr. 500'000.;248
25;Finanzdepartement;2598;;2598.7256;Brandschutzfonds;3144.00;Unterhalt Hochbauten, Gebäude;100.0;5000.0;108.1;-4900.0;-98.0;;248
25;Finanzdepartement;2598;;2598.7256;Brandschutzfonds;3632.10;Beiträge an innerkantonale Gemeinden und Gemeindezweckverbände;714500.0;851000.0;1329971.65;-136500.0;-16.04;Die Abweichungen bei diesem Konto resultieren aus Beiträgen an Fahrzeuge der Gemeindefeuerwehren bzw. Verbandsfeuerwehren. Diese Fahrzeuge sind vorgeschrieben und werden gemäss der Budgetierung der Gemeinden zur Beitragsausrichtung fällig.;248
25;Finanzdepartement;2598;;2598.7256;Brandschutzfonds;3635.00;Beiträge an private Unternehmungen;18400.0;18400.0;13340.0;;;;248
25;Finanzdepartement;2598;;2598.7256;Brandschutzfonds;3660.20;Planmässige Abschreibungen Invest.beiträge an Gemeinden;847400.0;735000.0;637436.0;112400.0;15.29;;248
25;Finanzdepartement;2598;;2598.7256;Brandschutzfonds;3980.00;Übertragungen;3196100.0;3377100.0;2874606.68;-181000.0;-5.36;;248
25;Finanzdepartement;2598;;2598.7256;Brandschutzfonds;4210.10;Brandschutzabgabe;-4209500.0;-4176600.0;-6310285.11;-32900.0;0.79;Mehrertrag infolge des erwarteten Anstiegs des Versicherungskapitals.;248
25;Finanzdepartement;2598;;2598.7256;Brandschutzfonds;4630.00;Beiträge vom Bund;-251000.0;-191000.0;-251011.0;-60000.0;31.41;Mehrertrag aus der Vergütung der Vorhaltekosten des erwarteten Baus des Sicherheitsstollens Fäsenstaub.;248
25;Finanzdepartement;2598;;2598.7256;Brandschutzfonds;4634.00;Beiträge von öffentlichen Unternehmungen;-14000.0;-14000.0;-14564.0;;;;248
25;Finanzdepartement;2598;;2598.7256;Brandschutzfonds;4940.00;IV Kalk. Zinsen und Finanzaufwand;-148600.0;-139200.0;-157402.05;-9400.0;6.75;;248
25;Finanzdepartement;2598;;2598.7256;Brandschutzfonds;9010.00;Abschluss Spezialfinanzierungen und Fonds des Eigenkapitals, Ertragsüberschuss;;;1877799.73;;;;249
25;Finanzdepartement;2598;;2598.7256;Brandschutzfonds;9011.00;Abschluss Spezialfinanzierungen und Fonds des Eigenkapitals, Aufwandüberschuss;-153400.0;-465700.0;;312300.0;-67.06;;249
25;Finanzdepartement;2598;;2598.7755;Dr. Peyer Wildberg'scher Fonds;3420.00;Kapitalbeschaffung und -verwaltung;121500.0;117400.0;121481.3;4100.0;3.49;;249
25;Finanzdepartement;2598;;2598.7755;Dr. Peyer Wildberg'scher Fonds;3502.00;Einlagen in Legate und Stiftungen des Fremdkapitals;25600.0;19100.0;694097.25;6500.0;34.03;;249
25;Finanzdepartement;2598;;2598.7755;Dr. Peyer Wildberg'scher Fonds;4402.00;Zinsen Finanzanlagen;-147100.0;-136500.0;-147141.7;-10600.0;7.77;;249
25;Finanzdepartement;2598;;2598.7755;Dr. Peyer Wildberg'scher Fonds;4440.00;Wertberichtigungen übrige Finanzanlagen FV;;;-668436.85;;;;249
30;Gerichte;3010;Obergericht;;;3000.00;Löhne Behörden, Richter und Richterinnen;1109900.0;1065100.0;1000932.85;44800.0;4.21;Befristete Pensenerhöhung (20%) zur Erledigung zahlreicher grösserer Strafverfahren.;250
30;Gerichte;3010;Obergericht;;;3010.00;Löhne des Verwaltungs- und Betriebspersonals;1815300.0;1805500.0;1555117.2;9800.0;0.54;;250
30;Gerichte;3010;Obergericht;;;3010.95;Rückerstattungen Taggelder UV, EO, MSE, MV, IV für Verwaltungs- und Betriebspersonal;;;-3335.75;;;;250
30;Gerichte;3010;Obergericht;;;3050.00;AG-Beiträge AHV, IV, EO, ALV, Verwaltungskosten;190100.0;186500.0;162517.7;3600.0;1.93;;250
30;Gerichte;3010;Obergericht;;;3052.00;AG-Beiträge an Pensionskassen;324700.0;383600.0;322890.3;-58900.0;-15.35;;250
30;Gerichte;3010;Obergericht;;;3053.00;AG-Beiträge an Unfallversicherungen;17800.0;16800.0;12222.4;1000.0;5.95;;250
30;Gerichte;3010;Obergericht;;;3054.00;AG-Beiträge an Familienzulagekassen;35100.0;37300.0;33080.6;-2200.0;-5.9;;250
30;Gerichte;3010;Obergericht;;;3059.10;AG-Beiträge Sozialfonds;2300.0;2300.0;1825.7;;;;250
30;Gerichte;3010;Obergericht;;;3090.00;Aus- und Weiterbildung des eigenen Personals;18200.0;19800.0;10674.5;-1600.0;-8.08;;250
30;Gerichte;3010;Obergericht;;;3099.00;Übriger Personalaufwand;10000.0;14400.0;13315.35;-4400.0;-30.56;;250
30;Gerichte;3010;Obergericht;;;3100.00;Büromaterial;7600.0;8000.0;7625.14;-400.0;-5.0;;250
30;Gerichte;3010;Obergericht;;;3102.00;Drucksachen, Publikationen;;8000.0;7515.35;-8000.0;-100.0;Amtsbericht wird nicht mehr gedruckt.;250
30;Gerichte;3010;Obergericht;;;3103.00;Fachliteratur, Zeitschriften;70000.0;75000.0;62631.5;-5000.0;-6.67;;250
30;Gerichte;3010;Obergericht;;;3113.00;Hardware;11100.0;1500.0;1113.3;9600.0;640.0;;250
30;Gerichte;3010;Obergericht;;;3118.00;Immaterielle Anlagen;25000.0;;;25000.0;;IT-Projekt «eAnonymisierung» (ITP0141) zur effizienten Gestaltung der Verwaltungsabläufe (Legislaturziel 10.3).;250
30;Gerichte;3010;Obergericht;;;3130.00;Dienstleistungen Dritter;2400.0;13500.0;2398.2;-11100.0;-82.22;Redesign Amtsbericht abgeschlossen.;250
30;Gerichte;3010;Obergericht;;;3132.00;Honorare externe Berater, Gutachter, Fachexperten etc.;16000.0;20000.0;15981.6;-4000.0;-20.0;;250
30;Gerichte;3010;Obergericht;;;3133.00;Informatik-Nutzungsaufwand;278900.0;236800.0;112556.35;42100.0;17.78;Mehraufwand im Wesentlichen aufgrund IT-Projekt «eAnonymisierung» (ITP0141) sowie Preiserhöhung durch die ITSH.;250
30;Gerichte;3010;Obergericht;;;3153.00;Informatik-Unterhalt (Hardware);1000.0;;;1000.0;;;250
30;Gerichte;3010;Obergericht;;;3158.00;Unterhalt immaterielle Anlagen;31200.0;33200.0;25658.0;-2000.0;-6.02;;250
30;Gerichte;3010;Obergericht;;;3170.00;Reisekosten und Spesen;5000.0;5000.0;6347.9;;;;250
30;Gerichte;3010;Obergericht;;;3181.00;Tatsächliche Forderungsverluste;43300.0;50000.0;43326.36;-6700.0;-13.4;;250
30;Gerichte;3010;Obergericht;;;3199.00;Übriger Betriebsaufwand;200000.0;180000.0;249833.37;20000.0;11.11;Im Wesentlichen Aufwand für unentgeltliche Vertretung, amtliche Verteidigung und Entschädigung von Parteien. Anpassung an mehrjährigen Mittelwert.;251
30;Gerichte;3010;Obergericht;;;3300.60;Planmässige Abschreibungen Mobilien;;14000.0;;-14000.0;-100.0;;251
30;Gerichte;3010;Obergericht;;;3320.00;Planmässige Abschreibungen immaterielle Anlagen;86600.0;58600.0;;28000.0;47.78;;251
30;Gerichte;3010;Obergericht;;;3610.00;Entschädigungen an Bund;500.0;500.0;240.0;;;;251
30;Gerichte;3010;Obergericht;;;3900.00;IV Material- und Warenbezüge;;1500.0;;-1500.0;-100.0;;251
30;Gerichte;3010;Obergericht;;;3910.00;IV Dienstleistungen;22000.0;22000.0;24225.25;;;;251
30;Gerichte;3010;Obergericht;;;4210.00;Gebühren für Amtshandlungen;-400000.0;-400000.0;-339090.5;;;;251
30;Gerichte;3010;Obergericht;;;4240.00;Benützungsgebühren und Dienstleistungen;;;-372.95;;;;251
30;Gerichte;3010;Obergericht;;;4260.00;Rückerstattungen und Kostenbeteiligungen Dritter;-80000.0;-80000.0;-63831.05;;;;251
30;Gerichte;3010;Obergericht;;;4270.00;Bussen;-5000.0;-5000.0;-8340.0;;;;251
30;Gerichte;3010;Obergericht;;;4290.00;Übrige Entgelte;-3000.0;-3000.0;;;;;251
30;Gerichte;3020;Aufsichtsbehörde über das Anwaltswesen;;;3000.10;Sitzungsgelder Kommissionen;125000.0;100000.0;125461.7;25000.0;25.0;Mehraufwand infolge erhöhter Geschäftslast.;251
30;Gerichte;3020;Aufsichtsbehörde über das Anwaltswesen;;;3050.00;AG-Beiträge AHV, IV, EO, ALV, Verwaltungskosten;8100.0;6500.0;7735.2;1600.0;24.62;;251
30;Gerichte;3020;Aufsichtsbehörde über das Anwaltswesen;;;3053.00;AG-Beiträge an Unfallversicherungen;800.0;500.0;350.1;300.0;60.0;;251
30;Gerichte;3020;Aufsichtsbehörde über das Anwaltswesen;;;3054.00;AG-Beiträge an Familienzulagekassen;1500.0;1300.0;1616.85;200.0;15.38;;251
30;Gerichte;3020;Aufsichtsbehörde über das Anwaltswesen;;;3059.10;AG-Beiträge Sozialfonds;100.0;100.0;74.1;;;;251
30;Gerichte;3020;Aufsichtsbehörde über das Anwaltswesen;;;3100.00;Büromaterial;;;45.65;;;;251
30;Gerichte;3020;Aufsichtsbehörde über das Anwaltswesen;;;3102.00;Drucksachen, Publikationen;;;42.15;;;;251
30;Gerichte;3020;Aufsichtsbehörde über das Anwaltswesen;;;3160.00;Mieten und Pachten Liegenschaften;4800.0;300.0;240.0;4500.0;1500.0;;251
30;Gerichte;3020;Aufsichtsbehörde über das Anwaltswesen;;;3170.00;Reisekosten und Spesen;100.0;;114.4;100.0;;;251
30;Gerichte;3020;Aufsichtsbehörde über das Anwaltswesen;;;3199.00;Übriger Betriebsaufwand;;;11090.0;;;;251
30;Gerichte;3020;Aufsichtsbehörde über das Anwaltswesen;;;3610.00;Entschädigungen an Bund;500.0;500.0;450.0;;;;251
30;Gerichte;3020;Aufsichtsbehörde über das Anwaltswesen;;;4210.00;Gebühren für Amtshandlungen;-50000.0;-50000.0;-58300.0;;;;251
30;Gerichte;3030;Kantonsgericht;;;3000.00;Löhne Behörden, Richter und Richterinnen;1104500.0;1106800.0;1062355.25;-2300.0;-0.21;;251
30;Gerichte;3030;Kantonsgericht;;;3010.00;Löhne des Verwaltungs- und Betriebspersonals;2119600.0;2018200.0;1912123.75;101400.0;5.02;Im Wesentlichen Ausschöpfung bewilligter Pensen sowie Stellvertretungen.;252
30;Gerichte;3030;Kantonsgericht;;;3010.95;Rückerstattungen Taggelder UV, EO, MSE, MV, IV für Verwaltungs- und Betriebspersonal;;;-37312.85;;;;252
30;Gerichte;3030;Kantonsgericht;;;3049.00;Übrige Zulagen;6800.0;6800.0;4562.8;;;;252
30;Gerichte;3030;Kantonsgericht;;;3050.00;AG-Beiträge AHV, IV, EO, ALV, Verwaltungskosten;209600.0;203100.0;190071.7;6500.0;3.2;;252
30;Gerichte;3030;Kantonsgericht;;;3052.00;AG-Beiträge an Pensionskassen;357900.0;417500.0;370299.5;-59600.0;-14.28;;252
30;Gerichte;3030;Kantonsgericht;;;3053.00;AG-Beiträge an Unfallversicherungen;19700.0;18300.0;14757.9;1400.0;7.65;;252
30;Gerichte;3030;Kantonsgericht;;;3054.00;AG-Beiträge an Familienzulagekassen;38700.0;40600.0;38467.15;-1900.0;-4.68;;252
30;Gerichte;3030;Kantonsgericht;;;3059.10;AG-Beiträge Sozialfonds;2600.0;2500.0;2202.2;100.0;4.0;;252
30;Gerichte;3030;Kantonsgericht;;;3090.00;Aus- und Weiterbildung des eigenen Personals;20000.0;26000.0;13990.0;-6000.0;-23.08;;252
30;Gerichte;3030;Kantonsgericht;;;3099.00;Übriger Personalaufwand;8000.0;15900.0;6213.0;-7900.0;-49.69;;252
30;Gerichte;3030;Kantonsgericht;;;3100.00;Büromaterial;14900.0;14000.0;14850.34;900.0;6.43;;252
30;Gerichte;3030;Kantonsgericht;;;3102.00;Drucksachen, Publikationen;900.0;900.0;945.0;;;;252
30;Gerichte;3030;Kantonsgericht;;;3103.00;Fachliteratur, Zeitschriften;15000.0;19200.0;15007.8;-4200.0;-21.88;;252
30;Gerichte;3030;Kantonsgericht;;;3110.00;Büromöbel und -geräte;;11500.0;;-11500.0;-100.0;Einrichtung neuer Arbeitsplätze abgeschlossen.;252
30;Gerichte;3030;Kantonsgericht;;;3113.00;Hardware;31800.0;26800.0;272.0;5000.0;18.66;;252
30;Gerichte;3030;Kantonsgericht;;;3130.00;Dienstleistungen Dritter;5000.0;3500.0;22403.45;1500.0;42.86;;252
30;Gerichte;3030;Kantonsgericht;;;3132.00;Honorare externe Berater, Gutachter, Fachexperten etc.;58900.0;50000.0;58925.35;8900.0;17.8;;252
30;Gerichte;3030;Kantonsgericht;;;3133.00;Informatik-Nutzungsaufwand;246600.0;235700.0;132250.55;10900.0;4.62;;252
30;Gerichte;3030;Kantonsgericht;;;3153.00;Informatik-Unterhalt (Hardware);4500.0;;2029.5;4500.0;;;252
30;Gerichte;3030;Kantonsgericht;;;3158.00;Unterhalt immaterielle Anlagen;182000.0;182000.0;;;;Unterhalt der Fachapplikation.;252
30;Gerichte;3030;Kantonsgericht;;;3170.00;Reisekosten und Spesen;7700.0;7700.0;7701.7;;;;252
30;Gerichte;3030;Kantonsgericht;;;3181.00;Tatsächliche Forderungsverluste;194700.0;250000.0;194728.4;-55300.0;-22.12;Anpassung an die Rechnung 2025.;252
30;Gerichte;3030;Kantonsgericht;;;3199.00;Übriger Betriebsaufwand;746400.0;786000.0;746368.28;-39600.0;-5.04;Anpassung an die Rechnung 2025.;252
30;Gerichte;3030;Kantonsgericht;;;3300.60;Planmässige Abschreibungen Mobilien;;160800.0;;-160800.0;-100.0;;252
30;Gerichte;3030;Kantonsgericht;;;3320.00;Planmässige Abschreibungen immaterielle Anlagen;300000.0;146200.0;;153800.0;105.2;;252
30;Gerichte;3030;Kantonsgericht;;;3610.00;Entschädigungen an Bund;4000.0;4000.0;3835.0;;;;252
30;Gerichte;3030;Kantonsgericht;;;3910.00;IV Dienstleistungen;98000.0;98000.0;105295.0;;;;252
30;Gerichte;3030;Kantonsgericht;;;4210.00;Gebühren für Amtshandlungen;-1300000.0;-1300000.0;-1258605.15;;;;252
30;Gerichte;3030;Kantonsgericht;;;4240.00;Benützungsgebühren und Dienstleistungen;-3000.0;-3000.0;-2093.0;;;;252
30;Gerichte;3030;Kantonsgericht;;;4260.00;Rückerstattungen und Kostenbeteiligungen Dritter;-15000.0;-15000.0;-6453.85;;;;252
30;Gerichte;3030;Kantonsgericht;;;4270.00;Bussen;-20000.0;-20000.0;-17680.0;;;;253
30;Gerichte;3030;Kantonsgericht;;;4290.00;Übrige Entgelte;-150000.0;-150000.0;-89554.47;;;;253
30;Gerichte;3030;Kantonsgericht;;;4301.00;Beschlagnahmte Vermögenswerte;-500.0;-500.0;-84.15;;;;253
30;Gerichte;3030;Kantonsgericht;;;4910.10;IV Betreibungskosten;-22000.0;-22000.0;-19950.0;;;;253
30;Gerichte;3030;Kantonsgericht;;;4990.00;Übrige interne Verrechnungen;;-89400.0;;89400.0;-100.0;;253
30;Gerichte;3031;Kindes- und Erwachsenenschutzbehörde;;;3000.00;Löhne Behörden, Richter und Richterinnen;843000.0;848800.0;861923.9;-5800.0;-0.68;;253
30;Gerichte;3031;Kindes- und Erwachsenenschutzbehörde;;;3010.00;Löhne des Verwaltungs- und Betriebspersonals;2234800.0;2004200.0;1705006.75;230600.0;11.51;"Im Wesentlichen zusätzlich beantragte Stellen (Recht/Digitalisierung: 100% befristet; Revisorat: 100%).";253
30;Gerichte;3031;Kindes- und Erwachsenenschutzbehörde;;;3010.95;Rückerstattungen Taggelder UV, EO, MSE, MV, IV für Verwaltungs- und Betriebspersonal;;;-22939.8;;;;253
30;Gerichte;3031;Kindes- und Erwachsenenschutzbehörde;;;3049.00;Übrige Zulagen;38000.0;38000.0;34855.2;;;;253
30;Gerichte;3031;Kindes- und Erwachsenenschutzbehörde;;;3050.00;AG-Beiträge AHV, IV, EO, ALV, Verwaltungskosten;200100.0;185400.0;171732.6;14700.0;7.93;;253
30;Gerichte;3031;Kindes- und Erwachsenenschutzbehörde;;;3052.00;AG-Beiträge an Pensionskassen;341600.0;381200.0;330830.3;-39600.0;-10.39;;253
30;Gerichte;3031;Kindes- und Erwachsenenschutzbehörde;;;3053.00;AG-Beiträge an Unfallversicherungen;18800.0;17600.0;13935.8;1200.0;6.82;;253
30;Gerichte;3031;Kindes- und Erwachsenenschutzbehörde;;;3054.00;AG-Beiträge an Familienzulagekassen;36900.0;37100.0;34564.5;-200.0;-0.54;;253
30;Gerichte;3031;Kindes- und Erwachsenenschutzbehörde;;;3059.10;AG-Beiträge Sozialfonds;2500.0;2300.0;2048.15;200.0;8.7;;253
30;Gerichte;3031;Kindes- und Erwachsenenschutzbehörde;;;3064.00;Überbrückungsrenten;;;6993.0;;;;253
30;Gerichte;3031;Kindes- und Erwachsenenschutzbehörde;;;3090.00;Aus- und Weiterbildung des eigenen Personals;24500.0;24500.0;19398.8;;;;253
30;Gerichte;3031;Kindes- und Erwachsenenschutzbehörde;;;3091.00;Personalwerbung;1500.0;1500.0;2547.65;;;;253
30;Gerichte;3031;Kindes- und Erwachsenenschutzbehörde;;;3099.00;Übriger Personalaufwand;4600.0;14200.0;8546.0;-9600.0;-67.61;;253
30;Gerichte;3031;Kindes- und Erwachsenenschutzbehörde;;;3100.00;Büromaterial;8500.0;8000.0;8522.27;500.0;6.25;;253
30;Gerichte;3031;Kindes- und Erwachsenenschutzbehörde;;;3103.00;Fachliteratur, Zeitschriften;5000.0;5000.0;4974.75;;;;253
30;Gerichte;3031;Kindes- und Erwachsenenschutzbehörde;;;3113.00;Hardware;95300.0;4000.0;2339.0;91300.0;2282.5;IT-Projekte Technische Anpassung KESB-Besprechungsräume und Justitia 4.0 (ITP0142) zur effizienten Gestaltung der Verwaltungsabläufe (Legislaturziel 10.3).;253
30;Gerichte;3031;Kindes- und Erwachsenenschutzbehörde;;;3118.00;Immaterielle Anlagen;25000.0;96300.0;41753.8;-71300.0;-74.04;IT-Projekte Justitia 4.0 (ITP0142), e- Rechenschaftsbericht und Ablösung KLIB durch KESBweb (ITP0114) zur effizienten Gestaltung der Verwaltungsabläufe (Legislaturziel 10.3).;253
30;Gerichte;3031;Kindes- und Erwachsenenschutzbehörde;;;3119.00;Übrige nicht aktivierbare Anlagen;;5000.0;;-5000.0;-100.0;;254
30;Gerichte;3031;Kindes- und Erwachsenenschutzbehörde;;;3130.00;Dienstleistungen Dritter;111700.0;144600.0;227560.05;-32900.0;-22.75;Externe Revisionen (EPR0153) abgeschlossen.;254
30;Gerichte;3031;Kindes- und Erwachsenenschutzbehörde;;;3132.00;Honorare externe Berater, Gutachter, Fachexperten etc.;260000.0;260000.0;187375.45;;;;254
30;Gerichte;3031;Kindes- und Erwachsenenschutzbehörde;;;3133.00;Informatik-Nutzungsaufwand;312400.0;187500.0;117126.45;124900.0;66.61;Mehraufwand im Wesentlichen aufgrund IT-Projekte Justitia 4.0 (ITP0142), e-Rechenschaftsbericht, KI-Protokolltranskription und technische Anpassung KESB Besprechungsräume sowie Preiserhöhung durch die ITSH.;254
30;Gerichte;3031;Kindes- und Erwachsenenschutzbehörde;;;3158.00;Unterhalt immaterielle Anlagen;68000.0;41200.0;35680.95;26800.0;65.05;Im Wesentlichen höhere Wartungskosten für die neue Fachapplikation.;254
30;Gerichte;3031;Kindes- und Erwachsenenschutzbehörde;;;3170.00;Reisekosten und Spesen;10400.0;8000.0;10405.45;2400.0;30.0;;254
30;Gerichte;3031;Kindes- und Erwachsenenschutzbehörde;;;3181.00;Tatsächliche Forderungsverluste;24500.0;25000.0;24518.3;-500.0;-2.0;;254
30;Gerichte;3031;Kindes- und Erwachsenenschutzbehörde;;;3190.00;Schadenersatzleistungen;50900.0;60000.0;50866.0;-9100.0;-15.17;;254
30;Gerichte;3031;Kindes- und Erwachsenenschutzbehörde;;;3199.00;Übriger Betriebsaufwand;256400.0;205000.0;256426.7;51400.0;25.07;Anpassung an die Rechnung 2025.;254
30;Gerichte;3031;Kindes- und Erwachsenenschutzbehörde;;;3610.00;Entschädigungen an Bund;500.0;500.0;;;;;254
30;Gerichte;3031;Kindes- und Erwachsenenschutzbehörde;;;3900.00;IV Material- und Warenbezüge;1300.0;1300.0;2358.0;;;;254
30;Gerichte;3031;Kindes- und Erwachsenenschutzbehörde;;;3910.00;IV Dienstleistungen;23000.0;23000.0;24195.0;;;;254
30;Gerichte;3031;Kindes- und Erwachsenenschutzbehörde;;;4210.00;Gebühren für Amtshandlungen;-360000.0;-360000.0;-380995.65;;;;254
30;Gerichte;3031;Kindes- und Erwachsenenschutzbehörde;;;4290.00;Übrige Entgelte;;;-25.0;;;;254
30;Gerichte;3032;Friedensrichteramt;;;3000.00;Löhne Behörden, Richter und Richterinnen;135800.0;130900.0;138222.45;4900.0;3.74;;254
30;Gerichte;3032;Friedensrichteramt;;;3010.00;Löhne des Verwaltungs- und Betriebspersonals;26900.0;27100.0;27227.0;-200.0;-0.74;;254
30;Gerichte;3032;Friedensrichteramt;;;3050.00;AG-Beiträge AHV, IV, EO, ALV, Verwaltungskosten;10600.0;10300.0;10795.65;300.0;2.91;;254
30;Gerichte;3032;Friedensrichteramt;;;3052.00;AG-Beiträge an Pensionskassen;18100.0;21100.0;16535.8;-3000.0;-14.22;;254
30;Gerichte;3032;Friedensrichteramt;;;3053.00;AG-Beiträge an Unfallversicherungen;1000.0;900.0;892.45;100.0;11.11;;254
30;Gerichte;3032;Friedensrichteramt;;;3054.00;AG-Beiträge an Familienzulagekassen;2000.0;2000.0;2158.7;;;;254
30;Gerichte;3032;Friedensrichteramt;;;3059.10;AG-Beiträge Sozialfonds;100.0;100.0;134.35;;;;254
30;Gerichte;3032;Friedensrichteramt;;;3090.00;Aus- und Weiterbildung des eigenen Personals;1100.0;1500.0;;-400.0;-26.67;;254
30;Gerichte;3032;Friedensrichteramt;;;3099.00;Übriger Personalaufwand;400.0;1200.0;320.0;-800.0;-66.67;;254
30;Gerichte;3032;Friedensrichteramt;;;3100.00;Büromaterial;900.0;1000.0;890.35;-100.0;-10.0;;254
30;Gerichte;3032;Friedensrichteramt;;;3103.00;Fachliteratur, Zeitschriften;700.0;700.0;730.25;;;;254
30;Gerichte;3032;Friedensrichteramt;;;3130.00;Dienstleistungen Dritter;700.0;900.0;706.35;-200.0;-22.22;;255
30;Gerichte;3032;Friedensrichteramt;;;3133.00;Informatik-Nutzungsaufwand;15800.0;15600.0;10698.7;200.0;1.28;;255
30;Gerichte;3032;Friedensrichteramt;;;3158.00;Unterhalt immaterielle Anlagen;4000.0;4000.0;;;;;255
30;Gerichte;3032;Friedensrichteramt;;;3170.00;Reisekosten und Spesen;200.0;600.0;190.0;-400.0;-66.67;;255
30;Gerichte;3032;Friedensrichteramt;;;3181.00;Tatsächliche Forderungsverluste;5800.0;4000.0;5768.7;1800.0;45.0;;255
30;Gerichte;3032;Friedensrichteramt;;;3199.00;Übriger Betriebsaufwand;900.0;5000.0;871.45;-4100.0;-82.0;;255
30;Gerichte;3032;Friedensrichteramt;;;3610.00;Entschädigungen an Bund;100.0;100.0;60.0;;;;255
30;Gerichte;3032;Friedensrichteramt;;;3910.00;IV Dienstleistungen;8100.0;8100.0;8500.0;;;;255
30;Gerichte;3032;Friedensrichteramt;;;3990.00;Übrige interne Verrechnungen;;44700.0;;-44700.0;-100.0;;255
30;Gerichte;3032;Friedensrichteramt;;;4210.00;Gebühren für Amtshandlungen;-70000.0;-60000.0;-62420.0;-10000.0;16.67;;255
30;Gerichte;3032;Friedensrichteramt;;;4270.00;Bussen;-3000.0;-2000.0;-2380.0;-1000.0;50.0;;255
30;Gerichte;3035;Kantonale Schlichtungsstelle für Mietsachen;;;3000.00;Löhne Behörden, Richter und Richterinnen;149100.0;147500.0;151777.15;1600.0;1.08;;255
30;Gerichte;3035;Kantonale Schlichtungsstelle für Mietsachen;;;3000.10;Sitzungsgelder Kommissionen;40500.0;40500.0;43437.0;;;;255
30;Gerichte;3035;Kantonale Schlichtungsstelle für Mietsachen;;;3010.00;Löhne des Verwaltungs- und Betriebspersonals;8700.0;8900.0;8773.0;-200.0;-2.25;;255
30;Gerichte;3035;Kantonale Schlichtungsstelle für Mietsachen;;;3010.95;Rückerstattungen Taggelder UV, EO, MSE, MV, IV für Verwaltungs- und Betriebspersonal;;;-11537.7;;;;255
30;Gerichte;3035;Kantonale Schlichtungsstelle für Mietsachen;;;3050.00;AG-Beiträge AHV, IV, EO, ALV, Verwaltungskosten;12900.0;12800.0;12482.0;100.0;0.78;;255
30;Gerichte;3035;Kantonale Schlichtungsstelle für Mietsachen;;;3052.00;AG-Beiträge an Pensionskassen;22000.0;20900.0;20206.8;1100.0;5.26;;255
30;Gerichte;3035;Kantonale Schlichtungsstelle für Mietsachen;;;3053.00;AG-Beiträge an Unfallversicherungen;1200.0;1200.0;869.8;;;;255
30;Gerichte;3035;Kantonale Schlichtungsstelle für Mietsachen;;;3054.00;AG-Beiträge an Familienzulagekassen;2400.0;2600.0;2497.25;-200.0;-7.69;;255
30;Gerichte;3035;Kantonale Schlichtungsstelle für Mietsachen;;;3059.10;AG-Beiträge Sozialfonds;200.0;200.0;153.9;;;;255
30;Gerichte;3035;Kantonale Schlichtungsstelle für Mietsachen;;;3090.00;Aus- und Weiterbildung des eigenen Personals;1100.0;1100.0;;;;;255
30;Gerichte;3035;Kantonale Schlichtungsstelle für Mietsachen;;;3099.00;Übriger Personalaufwand;900.0;900.0;;;;;255
30;Gerichte;3035;Kantonale Schlichtungsstelle für Mietsachen;;;3100.00;Büromaterial;800.0;2000.0;834.88;-1200.0;-60.0;;255
30;Gerichte;3035;Kantonale Schlichtungsstelle für Mietsachen;;;3103.00;Fachliteratur, Zeitschriften;1400.0;1000.0;1351.35;400.0;40.0;;255
30;Gerichte;3035;Kantonale Schlichtungsstelle für Mietsachen;;;3130.00;Dienstleistungen Dritter;600.0;;575.9;600.0;;;255
30;Gerichte;3035;Kantonale Schlichtungsstelle für Mietsachen;;;3133.00;Informatik-Nutzungsaufwand;7000.0;4600.0;4376.2;2400.0;52.17;;255
30;Gerichte;3035;Kantonale Schlichtungsstelle für Mietsachen;;;3158.00;Unterhalt immaterielle Anlagen;3000.0;3000.0;;;;;255
30;Gerichte;3035;Kantonale Schlichtungsstelle für Mietsachen;;;3170.00;Reisekosten und Spesen;100.0;400.0;86.5;-300.0;-75.0;;255
30;Gerichte;3035;Kantonale Schlichtungsstelle für Mietsachen;;;3199.00;Übriger Betriebsaufwand;;2000.0;;-2000.0;-100.0;;255
30;Gerichte;3035;Kantonale Schlichtungsstelle für Mietsachen;;;3610.00;Entschädigungen an Bund;100.0;100.0;90.0;;;;255
30;Gerichte;3035;Kantonale Schlichtungsstelle für Mietsachen;;;3990.00;Übrige interne Verrechnungen;;44700.0;;-44700.0;-100.0;;256
30;Gerichte;3035;Kantonale Schlichtungsstelle für Mietsachen;;;4210.00;Gebühren für Amtshandlungen;-1000.0;;-640.0;-1000.0;;;256
30;Gerichte;3035;Kantonale Schlichtungsstelle für Mietsachen;;;4270.00;Bussen;-2000.0;;-2000.0;-2000.0;;;256
30;Gerichte;3036;Kantonale Schlichtungsstelle bei Diskriminierungen im Erwerbsleben;;;3000.10;Sitzungsgelder Kommissionen;1000.0;1000.0;;;;;256
30;Gerichte;3036;Kantonale Schlichtungsstelle bei Diskriminierungen im Erwerbsleben;;;3050.00;AG-Beiträge AHV, IV, EO, ALV, Verwaltungskosten;100.0;100.0;;;;;256
30;Gerichte;3036;Kantonale Schlichtungsstelle bei Diskriminierungen im Erwerbsleben;;;3052.00;AG-Beiträge an Pensionskassen;100.0;;;100.0;;;256
30;Gerichte;3036;Kantonale Schlichtungsstelle bei Diskriminierungen im Erwerbsleben;;;3103.00;Fachliteratur, Zeitschriften;;200.0;;-200.0;-100.0;;256
30;Gerichte;3036;Kantonale Schlichtungsstelle bei Diskriminierungen im Erwerbsleben;;;3130.00;Dienstleistungen Dritter;700.0;700.0;1400.0;;;;256
30;Gerichte;3036;Kantonale Schlichtungsstelle bei Diskriminierungen im Erwerbsleben;;;3199.00;Übriger Betriebsaufwand;;500.0;;-500.0;-100.0;;256
30;Gerichte;3037;Kommission für Enteignungen, Gebäudeversicherung und Brandschutz;;;3000.10;Sitzungsgelder Kommissionen;15000.0;15000.0;24949.3;;;;256
30;Gerichte;3037;Kommission für Enteignungen, Gebäudeversicherung und Brandschutz;;;3050.00;AG-Beiträge AHV, IV, EO, ALV, Verwaltungskosten;1000.0;1000.0;1137.9;;;;256
30;Gerichte;3037;Kommission für Enteignungen, Gebäudeversicherung und Brandschutz;;;3052.00;AG-Beiträge an Pensionskassen;1700.0;;;1700.0;;;256
30;Gerichte;3037;Kommission für Enteignungen, Gebäudeversicherung und Brandschutz;;;3053.00;AG-Beiträge an Unfallversicherungen;100.0;100.0;38.1;;;;256
30;Gerichte;3037;Kommission für Enteignungen, Gebäudeversicherung und Brandschutz;;;3054.00;AG-Beiträge an Familienzulagekassen;200.0;200.0;227.5;;;;256
30;Gerichte;3037;Kommission für Enteignungen, Gebäudeversicherung und Brandschutz;;;3059.10;AG-Beiträge Sozialfonds;;;14.0;;;;256
30;Gerichte;3037;Kommission für Enteignungen, Gebäudeversicherung und Brandschutz;;;3170.00;Reisekosten und Spesen;300.0;500.0;286.8;-200.0;-40.0;;256
30;Gerichte;3037;Kommission für Enteignungen, Gebäudeversicherung und Brandschutz;;;4210.00;Gebühren für Amtshandlungen;-1000.0;-1000.0;-1000.0;;;;256
30;Gerichte;3040;Schätzungskommission für Wildschäden;;;3000.10;Sitzungsgelder Kommissionen;25000.0;20000.0;26350.0;5000.0;25.0;Mehraufwand infolge erhöhter Geschäftslast.;256
30;Gerichte;3040;Schätzungskommission für Wildschäden;;;3050.00;AG-Beiträge AHV, IV, EO, ALV, Verwaltungskosten;1600.0;1300.0;617.65;300.0;23.08;;256
30;Gerichte;3040;Schätzungskommission für Wildschäden;;;3052.00;AG-Beiträge an Pensionskassen;2800.0;;;2800.0;;;256
30;Gerichte;3040;Schätzungskommission für Wildschäden;;;3053.00;AG-Beiträge an Unfallversicherungen;200.0;100.0;38.0;100.0;100.0;;256
30;Gerichte;3040;Schätzungskommission für Wildschäden;;;3054.00;AG-Beiträge an Familienzulagekassen;300.0;300.0;123.5;;;;256
30;Gerichte;3040;Schätzungskommission für Wildschäden;;;3059.10;AG-Beiträge Sozialfonds;;;7.6;;;;256
30;Gerichte;3040;Schätzungskommission für Wildschäden;;;3170.00;Reisekosten und Spesen;3300.0;2500.0;3258.15;800.0;32.0;;256
30;Gerichte;3095;Betreibungs- und Konkursamt Schaffhausen;;;3010.00;Löhne des Verwaltungs- und Betriebspersonals;2499300.0;2524100.0;2129825.65;-24800.0;-0.98;;257
30;Gerichte;3095;Betreibungs- und Konkursamt Schaffhausen;;;3010.95;Rückerstattungen Taggelder UV, EO, MSE, MV, IV für Verwaltungs- und Betriebspersonal;;;-34500.8;;;;257
30;Gerichte;3095;Betreibungs- und Konkursamt Schaffhausen;;;3050.00;AG-Beiträge AHV, IV, EO, ALV, Verwaltungskosten;162500.0;164100.0;138449.45;-1600.0;-0.98;;257
30;Gerichte;3095;Betreibungs- und Konkursamt Schaffhausen;;;3052.00;AG-Beiträge an Pensionskassen;277400.0;337200.0;238183.0;-59800.0;-17.73;;257
30;Gerichte;3095;Betreibungs- und Konkursamt Schaffhausen;;;3053.00;AG-Beiträge an Unfallversicherungen;15200.0;15600.0;11374.4;-400.0;-2.56;;257
30;Gerichte;3095;Betreibungs- und Konkursamt Schaffhausen;;;3054.00;AG-Beiträge an Familienzulagekassen;30000.0;32800.0;27688.75;-2800.0;-8.54;;257
30;Gerichte;3095;Betreibungs- und Konkursamt Schaffhausen;;;3059.10;AG-Beiträge Sozialfonds;2000.0;2000.0;1702.85;;;;257
30;Gerichte;3095;Betreibungs- und Konkursamt Schaffhausen;;;3090.00;Aus- und Weiterbildung des eigenen Personals;28000.0;28000.0;23652.75;;;;257
30;Gerichte;3095;Betreibungs- und Konkursamt Schaffhausen;;;3091.00;Personalwerbung;1000.0;1000.0;240.0;;;;257
30;Gerichte;3095;Betreibungs- und Konkursamt Schaffhausen;;;3099.00;Übriger Personalaufwand;6500.0;15500.0;7690.17;-9000.0;-58.06;;257
30;Gerichte;3095;Betreibungs- und Konkursamt Schaffhausen;;;3100.00;Büromaterial;20000.0;10000.0;11361.56;10000.0;100.0;;257
30;Gerichte;3095;Betreibungs- und Konkursamt Schaffhausen;;;3102.00;Drucksachen, Publikationen;100.0;1000.0;127.55;-900.0;-90.0;;257
30;Gerichte;3095;Betreibungs- und Konkursamt Schaffhausen;;;3103.00;Fachliteratur, Zeitschriften;2600.0;4000.0;2585.55;-1400.0;-35.0;;257
30;Gerichte;3095;Betreibungs- und Konkursamt Schaffhausen;;;3111.00;Maschinen, Geräte und Fahrzeuge;;45000.0;;-45000.0;-100.0;Kein weiteres Dienstfahrzeug für Aussendiensttätigkeiten.;257
30;Gerichte;3095;Betreibungs- und Konkursamt Schaffhausen;;;3113.00;Hardware;5000.0;9000.0;11436.8;-4000.0;-44.44;;257
30;Gerichte;3095;Betreibungs- und Konkursamt Schaffhausen;;;3118.00;Immaterielle Anlagen;75500.0;103400.0;11458.6;-27900.0;-26.98;IT-Projekt «eVollzug» sowie zusätzliche Lizenzen zur effizienten Gestaltung der Verwaltungsabläufe (Legislaturziel 10.3).;257
30;Gerichte;3095;Betreibungs- und Konkursamt Schaffhausen;;;3120.00;Ver- und Entsorgung Liegenschaften VV;1800.0;2000.0;1828.5;-200.0;-10.0;;257
30;Gerichte;3095;Betreibungs- und Konkursamt Schaffhausen;;;3130.00;Dienstleistungen Dritter;1033000.0;1130000.0;1004813.94;-97000.0;-8.58;Im Wesentlichen Portokosten. Im Vergleich zur Rechnung 2025 wird aufgrund steigender Fallzahlen mit höheren Kosten gerechnet. Budgetierter Anstieg per 2026 war indes zu hoch.;257
30;Gerichte;3095;Betreibungs- und Konkursamt Schaffhausen;;;3133.00;Informatik-Nutzungsaufwand;479500.0;245600.0;186558.15;233900.0;95.24;Mehraufwand im Wesentlichen aufgrund IT-Projekte «Digitaler Posteingang und revisionssichere Ablage» (ITP0143) und «eVollzug».;257
30;Gerichte;3095;Betreibungs- und Konkursamt Schaffhausen;;;3134.00;Sachversicherungsprämien;8600.0;8000.0;7203.12;600.0;7.5;;257
30;Gerichte;3095;Betreibungs- und Konkursamt Schaffhausen;;;3151.00;Unterhalt Maschinen, Geräte, Fahrzeuge;3000.0;3000.0;441.0;;;;257
30;Gerichte;3095;Betreibungs- und Konkursamt Schaffhausen;;;3153.00;Informatik-Unterhalt (Hardware);1000.0;900.0;1200.45;100.0;11.11;;257
30;Gerichte;3095;Betreibungs- und Konkursamt Schaffhausen;;;3158.00;Unterhalt immaterielle Anlagen;95500.0;84600.0;59830.65;10900.0;12.88;Mehraufwand aufgrund zusätzlicher Lizenzen und Preiserhöhung.;257
30;Gerichte;3095;Betreibungs- und Konkursamt Schaffhausen;;;3160.00;Mieten und Pachten Liegenschaften;14000.0;14000.0;8246.2;;;;258
30;Gerichte;3095;Betreibungs- und Konkursamt Schaffhausen;;;3170.00;Reisekosten und Spesen;4500.0;12000.0;4474.15;-7500.0;-62.5;;258
30;Gerichte;3095;Betreibungs- und Konkursamt Schaffhausen;;;3181.00;Tatsächliche Forderungsverluste;24400.0;25000.0;24406.37;-600.0;-2.4;;258
30;Gerichte;3095;Betreibungs- und Konkursamt Schaffhausen;;;3199.00;Übriger Betriebsaufwand;;;1129.7;;;;258
30;Gerichte;3095;Betreibungs- und Konkursamt Schaffhausen;;;3630.00;Beiträge an den Bund;30000.0;30000.0;25052.9;;;;258
30;Gerichte;3095;Betreibungs- und Konkursamt Schaffhausen;;;3910.00;IV Dienstleistungen;35000.0;50000.0;31470.35;-15000.0;-30.0;;258
30;Gerichte;3095;Betreibungs- und Konkursamt Schaffhausen;;;4210.00;Gebühren für Amtshandlungen;-4000000.0;-4450000.0;-3898563.32;450000.0;-10.11;Im Vergleich zur Rechnung 2025 wird aufgrund steigender Fallzahlen mit höheren Gebühreneinnahmen gerechnet. Der im Budget 2026 eingestellte Anstieg war jedoch zu hoch.;258
30;Gerichte;3095;Betreibungs- und Konkursamt Schaffhausen;;;4910.10;IV Betreibungskosten;-428000.0;-415000.0;-443028.1;-13000.0;3.13;;258
