departement;departement_name;dienststelle;dienststelle_name;spezialfinanzierung;spezialfinanzierung_name;konto;bezeichnung;rechnung_2025;budget_2025;rechnung_2024;abweichung;prozent;kommentar;seite
10;Kantonsrat;1000;Kantonsrat;;;3000.00;Löhne Behörden, Richter und Richterinnen;364583.9;795700.0;293567.8;-431116.1;-54.18;Sitzungsgelder Kantonsrat werden ab;167
10;Kantonsrat;1000;Kantonsrat;;;3000.10;Sitzungsgelder Kommissionen;666983.7;208800.0;186040.0;458183.7;219.44;Vgl. Kommentar Konto 1000.3000.00.;167
10;Kantonsrat;1000;Kantonsrat;;;3010.00;Löhne des Verwaltungs- und Betriebspersonals;327560.6;381700.0;254856.9;-54139.4;-14.18;Besetzung der Stelle eines;167
10;Kantonsrat;1000;Kantonsrat;;;3010.95;Rückerstattungen Taggelder UV, EO, MSE, MV, IV für Verwaltungs- und Betriebspersonal;-16381.45;;;-16381.45;;;167
10;Kantonsrat;1000;Kantonsrat;;;3050.00;AG-Beiträge AHV, IV, EO, ALV, Verwaltungskosten;51681.45;90100.0;29678.5;-38418.55;-42.64;;167
10;Kantonsrat;1000;Kantonsrat;;;3052.00;AG-Beiträge an Pensionskassen;41764.2;52400.0;30521.25;-10635.8;-20.3;;167
10;Kantonsrat;1000;Kantonsrat;;;3053.00;AG-Beiträge an Unfallversicherungen;1619.0;7500.0;1299.1;-5881.0;-78.41;;167
10;Kantonsrat;1000;Kantonsrat;;;3054.00;AG-Beiträge an Familienzulagekassen;10357.7;18000.0;5942.2;-7642.3;-42.46;;167
10;Kantonsrat;1000;Kantonsrat;;;3059.10;AG-Beiträge Sozialfonds;629.2;1100.0;362.25;-470.8;-42.8;;167
10;Kantonsrat;1000;Kantonsrat;;;3090.00;Aus- und Weiterbildung des eigenen Personals;100.0;6000.0;280.0;-5900.0;-98.33;;167
10;Kantonsrat;1000;Kantonsrat;;;3099.00;Übriger Personalaufwand;23606.0;11000.0;18663.55;12606.0;114.6;Präsidentenfeier;168
10;Kantonsrat;1000;Kantonsrat;;;3100.00;Büromaterial;2486.92;2000.0;2486.51;486.92;24.35;;168
10;Kantonsrat;1000;Kantonsrat;;;3101.00;Betriebs- und Verbrauchsmaterial;133.05;1000.0;;-866.95;-86.7;;168
10;Kantonsrat;1000;Kantonsrat;;;3102.00;Drucksachen, Publikationen;57408.75;52600.0;83948.35;4808.75;9.14;;168
10;Kantonsrat;1000;Kantonsrat;;;3103.00;Fachliteratur, Zeitschriften;688.0;400.0;344.0;288.0;72.0;;168
10;Kantonsrat;1000;Kantonsrat;;;3118.00;Immaterielle Anlagen;24700.95;15600.0;27781.8;9100.95;58.34;;168
10;Kantonsrat;1000;Kantonsrat;;;3130.00;Dienstleistungen Dritter;68045.44;138600.0;34266.35;-70554.56;-50.91;Pauschale für den Beizug;168
10;Kantonsrat;1000;Kantonsrat;;;3133.00;Informatik-Nutzungsaufwand;57452.55;91000.0;44479.5;-33547.45;-36.87;Höher budgetiert als effektiv in;168
10;Kantonsrat;1000;Kantonsrat;;;3160.00;Mieten und Pachten Liegenschaften;;;161.05;;;;168
10;Kantonsrat;1000;Kantonsrat;;;3161.00;Mieten, Benützungskosten Anlagen;209.3;1600.0;2966.5;-1390.7;-86.92;;168
10;Kantonsrat;1000;Kantonsrat;;;3170.00;Reisekosten und Spesen;54476.45;51500.0;19630.9;2976.45;5.78;;168
10;Kantonsrat;1000;Kantonsrat;;;3199.00;Übriger Betriebsaufwand;5740.67;11300.0;2988.8;-5559.33;-49.2;;168
10;Kantonsrat;1000;Kantonsrat;;;3636.00;Beiträge an private Organisationen ohne Erwerbszweck;48000.0;48000.0;48000.0;;;;168
10;Kantonsrat;1000;Kantonsrat;;;3910.00;IV Dienstleistungen;9188.4;11900.0;12105.45;-2711.6;-22.79;;168
20;Regierungsrat/Staatskanzlei;2000;Regierungsrat;;;3000.00;Löhne Behörden, Richter und Richterinnen;1370325.4;1371700.0;1352706.0;-1374.6;-0.1;;169
20;Regierungsrat/Staatskanzlei;2000;Regierungsrat;;;3050.00;AG-Beiträge AHV, IV, EO, ALV, Verwaltungskosten;82175.45;89100.0;81220.55;-6924.55;-7.77;;169
20;Regierungsrat/Staatskanzlei;2000;Regierungsrat;;;3052.00;AG-Beiträge an Pensionskassen;239700.0;183100.0;249335.45;56600.0;30.91;;169
20;Regierungsrat/Staatskanzlei;2000;Regierungsrat;;;3053.00;AG-Beiträge an Unfallversicherungen;4017.0;7400.0;4017.0;-3383.0;-45.72;;169
20;Regierungsrat/Staatskanzlei;2000;Regierungsrat;;;3054.00;AG-Beiträge an Familienzulagekassen;17813.2;17800.0;17586.1;13.2;0.07;;169
20;Regierungsrat/Staatskanzlei;2000;Regierungsrat;;;3059.10;AG-Beiträge Sozialfonds;594.0;1100.0;594.0;-506.0;-46.0;;169
20;Regierungsrat/Staatskanzlei;2000;Regierungsrat;;;3064.00;Überbrückungsrenten;23520.0;;50022.0;23520.0;;Versehentlich nicht budgetiert.;169
20;Regierungsrat/Staatskanzlei;2000;Regierungsrat;;;3090.00;Aus- und Weiterbildung des eigenen Personals;11125.8;12000.0;13407.55;-874.2;-7.29;;169
20;Regierungsrat/Staatskanzlei;2000;Regierungsrat;;;3099.00;Übriger Personalaufwand;;;4330.0;;;;169
20;Regierungsrat/Staatskanzlei;2000;Regierungsrat;;;3170.00;Reisekosten und Spesen;50001.0;50000.0;50001.0;1.0;;;169
20;Regierungsrat/Staatskanzlei;2000;Regierungsrat;;;3199.00;Übriger Betriebsaufwand;10517.98;16000.0;9348.3;-5482.02;-34.26;;169
20;Regierungsrat/Staatskanzlei;2000;Regierungsrat;;;4309.00;Übrige betriebliche Erträge;-183561.2;-178700.0;-185278.05;-4861.2;2.72;;169
20;Regierungsrat/Staatskanzlei;2010;Staatskanzlei;;;3010.00;Löhne des Verwaltungs- und Betriebspersonals;1471472.05;1420100.0;1425608.9;51372.05;3.62;;169
20;Regierungsrat/Staatskanzlei;2010;Staatskanzlei;;;3010.95;Rückerstattungen Taggelder UV, EO, MSE, MV, IV für Verwaltungs- und Betriebspersonal;-1677.75;;-749.5;-1677.75;;;169
20;Regierungsrat/Staatskanzlei;2010;Staatskanzlei;;;3050.00;AG-Beiträge AHV, IV, EO, ALV, Verwaltungskosten;93737.85;92300.0;91255.85;1437.85;1.56;;169
20;Regierungsrat/Staatskanzlei;2010;Staatskanzlei;;;3052.00;AG-Beiträge an Pensionskassen;206327.6;189600.0;215921.6;16727.6;8.82;;169
20;Regierungsrat/Staatskanzlei;2010;Staatskanzlei;;;3053.00;AG-Beiträge an Unfallversicherungen;7153.65;7600.0;7046.15;-446.35;-5.87;;169
20;Regierungsrat/Staatskanzlei;2010;Staatskanzlei;;;3054.00;AG-Beiträge an Familienzulagekassen;19079.45;18400.0;18518.3;679.45;3.69;;169
20;Regierungsrat/Staatskanzlei;2010;Staatskanzlei;;;3059.10;AG-Beiträge Sozialfonds;1053.4;1100.0;1040.0;-46.6;-4.24;;169
20;Regierungsrat/Staatskanzlei;2010;Staatskanzlei;;;3090.00;Aus- und Weiterbildung des eigenen Personals;8132.05;9000.0;6969.6;-867.95;-9.64;;169
20;Regierungsrat/Staatskanzlei;2010;Staatskanzlei;;;3091.00;Personalwerbung;100.0;;;100.0;;;169
20;Regierungsrat/Staatskanzlei;2010;Staatskanzlei;;;3099.00;Übriger Personalaufwand;3630.35;7000.0;2664.7;-3369.65;-48.14;;169
20;Regierungsrat/Staatskanzlei;2010;Staatskanzlei;;;3100.00;Büromaterial;9402.42;10000.0;10157.33;-597.58;-5.98;;169
20;Regierungsrat/Staatskanzlei;2010;Staatskanzlei;;;3101.00;Betriebs- und Verbrauchsmaterial;208443.39;180000.0;180359.9;28443.39;15.8;Höherer Papierverbrauch als im;169
20;Regierungsrat/Staatskanzlei;2010;Staatskanzlei;;;3102.00;Drucksachen, Publikationen;61395.65;75500.0;91046.7;-14104.35;-18.68;;169
20;Regierungsrat/Staatskanzlei;2010;Staatskanzlei;;;3103.00;Fachliteratur, Zeitschriften;10172.18;6100.0;6201.16;4072.18;66.76;;169
20;Regierungsrat/Staatskanzlei;2010;Staatskanzlei;;;3110.00;Büromöbel und -geräte;4931.94;6000.0;5945.5;-1068.06;-17.8;;170
20;Regierungsrat/Staatskanzlei;2010;Staatskanzlei;;;3113.00;Hardware;2952.85;4000.0;1878.8;-1047.15;-26.18;;170
20;Regierungsrat/Staatskanzlei;2010;Staatskanzlei;;;3130.00;Dienstleistungen Dritter;49005.45;33000.0;42827.47;16005.45;48.5;Der Verbund des «DIgitalen;170
20;Regierungsrat/Staatskanzlei;2010;Staatskanzlei;;;3133.00;Informatik-Nutzungsaufwand;98700.69;75900.0;133196.75;22800.69;30.04;Höhere Informatikkosten als;170
20;Regierungsrat/Staatskanzlei;2010;Staatskanzlei;;;3137.00;Steuern und Abgaben;6773.46;10000.0;6871.08;-3226.54;-32.27;;170
20;Regierungsrat/Staatskanzlei;2010;Staatskanzlei;;;3150.00;Unterhalt Büromöbel und -geräte;841.55;3000.0;;-2158.45;-71.95;;170
20;Regierungsrat/Staatskanzlei;2010;Staatskanzlei;;;3151.00;Unterhalt Maschinen, Geräte, Fahrzeuge;447.55;;;447.55;;;170
20;Regierungsrat/Staatskanzlei;2010;Staatskanzlei;;;3158.00;Unterhalt immaterielle Anlagen;5790.25;9000.0;8114.4;-3209.75;-35.66;;170
20;Regierungsrat/Staatskanzlei;2010;Staatskanzlei;;;3161.00;Mieten, Benützungskosten Anlagen;10921.39;30000.0;30860.14;-19078.61;-63.6;;170
20;Regierungsrat/Staatskanzlei;2010;Staatskanzlei;;;3170.00;Reisekosten und Spesen;13993.7;12000.0;9816.2;1993.7;16.61;;170
20;Regierungsrat/Staatskanzlei;2010;Staatskanzlei;;;3181.00;Tatsächliche Forderungsverluste;3250.0;1500.0;7250.0;1750.0;116.67;;170
20;Regierungsrat/Staatskanzlei;2010;Staatskanzlei;;;3199.00;Übriger Betriebsaufwand;12614.45;12000.0;9867.5;614.45;5.12;;170
20;Regierungsrat/Staatskanzlei;2010;Staatskanzlei;;;3499.00;Übriger Finanzaufwand;407.0;;;407.0;;;170
20;Regierungsrat/Staatskanzlei;2010;Staatskanzlei;;;3610.00;Entschädigungen an Bund;-20185.07;-10600.0;-12729.46;-9585.07;90.43;;170
20;Regierungsrat/Staatskanzlei;2010;Staatskanzlei;;;4210.00;Gebühren für Amtshandlungen;-222626.55;-179000.0;-172895.8;-43626.55;24.37;;170
20;Regierungsrat/Staatskanzlei;2010;Staatskanzlei;;;4250.00;Verkäufe;-195667.65;-230600.0;-222711.06;34932.35;-15.15;;170
20;Regierungsrat/Staatskanzlei;2010;Staatskanzlei;;;4632.10;Laufende Betriebsbeiträge von innerkantonalen Gemeinden und Gemeindezweckverbände;-68928.0;-69000.0;-68928.0;72.0;-0.1;;170
20;Regierungsrat/Staatskanzlei;2010;Staatskanzlei;;;4900.00;IV Material- und Warenbezüge;-12519.35;-10000.0;-18832.5;-2519.35;25.19;;170
20;Regierungsrat/Staatskanzlei;2010;Staatskanzlei;;;4910.00;IV Dienstleistungen;-28918.6;-32900.0;-28849.05;3981.4;-12.1;;170
20;Regierungsrat/Staatskanzlei;2030;Staatsarchiv;;;3010.00;Löhne des Verwaltungs- und Betriebspersonals;559020.0;562900.0;505131.0;-3880.0;-0.69;;170
20;Regierungsrat/Staatskanzlei;2030;Staatsarchiv;;;3010.95;Rückerstattungen Taggelder UV, EO, MSE, MV, IV für Verwaltungs- und Betriebspersonal;-18006.1;;;-18006.1;;;170
20;Regierungsrat/Staatskanzlei;2030;Staatsarchiv;;;3050.00;AG-Beiträge AHV, IV, EO, ALV, Verwaltungskosten;36355.05;36500.0;32727.65;-144.95;-0.4;;170
20;Regierungsrat/Staatskanzlei;2030;Staatsarchiv;;;3052.00;AG-Beiträge an Pensionskassen;64829.4;75100.0;63404.2;-10270.6;-13.68;;170
20;Regierungsrat/Staatskanzlei;2030;Staatsarchiv;;;3053.00;AG-Beiträge an Unfallversicherungen;2938.7;3100.0;2685.45;-161.3;-5.2;;170
20;Regierungsrat/Staatskanzlei;2030;Staatsarchiv;;;3054.00;AG-Beiträge an Familienzulagekassen;7270.15;7300.0;6566.15;-29.85;-0.41;;170
20;Regierungsrat/Staatskanzlei;2030;Staatsarchiv;;;3059.10;AG-Beiträge Sozialfonds;447.25;400.0;395.1;47.25;11.81;;170
20;Regierungsrat/Staatskanzlei;2030;Staatsarchiv;;;3064.00;Überbrückungsrenten;;;66.0;;;;170
20;Regierungsrat/Staatskanzlei;2030;Staatsarchiv;;;3090.00;Aus- und Weiterbildung des eigenen Personals;1989.37;5000.0;1062.7;-3010.63;-60.21;;171
20;Regierungsrat/Staatskanzlei;2030;Staatsarchiv;;;3091.00;Personalwerbung;;300.0;270.25;-300.0;-100.0;;171
20;Regierungsrat/Staatskanzlei;2030;Staatsarchiv;;;3100.00;Büromaterial;2260.46;3000.0;1134.99;-739.54;-24.65;;171
20;Regierungsrat/Staatskanzlei;2030;Staatsarchiv;;;3101.00;Betriebs- und Verbrauchsmaterial;21138.3;22000.0;25033.85;-861.7;-3.92;;171
20;Regierungsrat/Staatskanzlei;2030;Staatsarchiv;;;3103.00;Fachliteratur, Zeitschriften;4489.15;7000.0;5545.68;-2510.85;-35.87;;171
20;Regierungsrat/Staatskanzlei;2030;Staatsarchiv;;;3111.00;Maschinen, Geräte und Fahrzeuge;4734.61;5500.0;4423.25;-765.39;-13.92;;171
20;Regierungsrat/Staatskanzlei;2030;Staatsarchiv;;;3113.00;Hardware;2113.6;500.0;927.75;1613.6;322.72;Umstellung auf Windows 11 (Docking;171
20;Regierungsrat/Staatskanzlei;2030;Staatsarchiv;;;3118.00;Immaterielle Anlagen;324.3;20500.0;7489.8;-20175.7;-98.42;Neues Release CMI;171
20;Regierungsrat/Staatskanzlei;2030;Staatsarchiv;;;3119.00;Übrige nicht aktivierbare Anlagen;;2000.0;;-2000.0;-100.0;;171
20;Regierungsrat/Staatskanzlei;2030;Staatsarchiv;;;3130.00;Dienstleistungen Dritter;63213.72;95000.0;62933.82;-31786.28;-33.46;Der Verbund des «Digitalen;171
20;Regierungsrat/Staatskanzlei;2030;Staatsarchiv;;;3133.00;Informatik-Nutzungsaufwand;103657.0;118900.0;57505.0;-15243.0;-12.82;Der Verbund des «DIgitalen;171
20;Regierungsrat/Staatskanzlei;2030;Staatsarchiv;;;3151.00;Unterhalt Maschinen, Geräte, Fahrzeuge;184.0;;;184.0;;;171
20;Regierungsrat/Staatskanzlei;2030;Staatsarchiv;;;3158.00;Unterhalt immaterielle Anlagen;15205.15;12300.0;11919.1;2905.15;23.62;Erhöhung der Wartungskosten CMI;171
20;Regierungsrat/Staatskanzlei;2030;Staatsarchiv;;;3161.00;Mieten, Benützungskosten Anlagen;;;4198.05;;;;171
20;Regierungsrat/Staatskanzlei;2030;Staatsarchiv;;;3170.00;Reisekosten und Spesen;1613.5;4300.0;2547.55;-2686.5;-62.48;;171
20;Regierungsrat/Staatskanzlei;2030;Staatsarchiv;;;3320.00;Planmässige Abschreibungen immaterielle Anlagen;41807.0;;;41807.0;;;171
20;Regierungsrat/Staatskanzlei;2030;Staatsarchiv;;;3631.00;Beiträge an Kantone und Konkordate;7902.0;8600.0;7714.0;-698.0;-8.12;;171
20;Regierungsrat/Staatskanzlei;2030;Staatsarchiv;;;3636.00;Beiträge an private Organisationen ohne Erwerbszweck;500.0;1000.0;500.0;-500.0;-50.0;;171
20;Regierungsrat/Staatskanzlei;2030;Staatsarchiv;;;4240.00;Benützungsgebühren und Dienstleistungen;-106.0;-100.0;-22.1;-6.0;6.0;;171
20;Regierungsrat/Staatskanzlei;2030;Staatsarchiv;;;4250.00;Verkäufe;-330.0;-700.0;-1332.05;370.0;-52.86;;171
20;Regierungsrat/Staatskanzlei;2050;Repräsentationskosten;;;3199.00;Übriger Betriebsaufwand;48119.5;70000.0;60437.0;-21880.5;-31.26;;171
20;Regierungsrat/Staatskanzlei;2060;Staatskeller;;;3010.00;Löhne des Verwaltungs- und Betriebspersonals;6238.55;6100.0;4087.45;138.55;2.27;;171
20;Regierungsrat/Staatskanzlei;2060;Staatskeller;;;3050.00;AG-Beiträge AHV, IV, EO, ALV, Verwaltungskosten;240.15;400.0;34.0;-159.85;-39.96;;171
20;Regierungsrat/Staatskanzlei;2060;Staatskeller;;;3052.00;AG-Beiträge an Pensionskassen;;800.0;;-800.0;-100.0;;171
20;Regierungsrat/Staatskanzlei;2060;Staatskeller;;;3053.00;AG-Beiträge an Unfallversicherungen;9.1;;5.95;9.1;;;172
20;Regierungsrat/Staatskanzlei;2060;Staatskeller;;;3054.00;AG-Beiträge an Familienzulagekassen;48.05;100.0;6.75;-51.95;-51.95;;172
20;Regierungsrat/Staatskanzlei;2060;Staatskeller;;;3059.10;AG-Beiträge Sozialfonds;2.9;;0.4;2.9;;;172
20;Regierungsrat/Staatskanzlei;2060;Staatskeller;;;3100.00;Büromaterial;;;414.9;;;;172
20;Regierungsrat/Staatskanzlei;2060;Staatskeller;;;3105.00;Lebensmittel;;;4835.4;;;;172
20;Regierungsrat/Staatskanzlei;2060;Staatskeller;;;3109.00;Übriger Material- und Warenaufwand;47453.86;46000.0;48439.15;1453.86;3.16;;172
20;Regierungsrat/Staatskanzlei;2060;Staatskeller;;;3199.00;Übriger Betriebsaufwand;30832.64;30000.0;27900.0;832.64;2.78;;172
20;Regierungsrat/Staatskanzlei;2090;Verschiedene Ausgaben;;;3069.00;Übrige Arbeitgeberleistungen;;17500.0;194.45;-17500.0;-100.0;;172
20;Regierungsrat/Staatskanzlei;2090;Verschiedene Ausgaben;;;3118.00;Immaterielle Anlagen;;;171068.25;;;;172
20;Regierungsrat/Staatskanzlei;2090;Verschiedene Ausgaben;;;3130.00;Dienstleistungen Dritter;1348571.06;1243000.0;1273914.38;105571.06;8.49;Höhere Portokosten.;172
20;Regierungsrat/Staatskanzlei;2090;Verschiedene Ausgaben;;;3132.00;Honorare externe Berater, Gutachter, Fachexperten etc.;22208.2;40000.0;39457.52;-17791.8;-44.48;;172
20;Regierungsrat/Staatskanzlei;2090;Verschiedene Ausgaben;;;3133.00;Informatik-Nutzungsaufwand;358863.49;206200.0;244434.5;152663.49;74.04;Inkl. Exekutivkredit in Höhe von Fr.;172
20;Regierungsrat/Staatskanzlei;2090;Verschiedene Ausgaben;;;3158.00;Unterhalt immaterielle Anlagen;4149.0;14000.0;4112.0;-9851.0;-70.36;;172
20;Regierungsrat/Staatskanzlei;2090;Verschiedene Ausgaben;;;3199.00;Übriger Betriebsaufwand;11742.9;18500.0;22650.0;-6757.1;-36.52;;172
20;Regierungsrat/Staatskanzlei;2090;Verschiedene Ausgaben;;;3631.00;Beiträge an Kantone und Konkordate;192335.25;205000.0;217390.6;-12664.75;-6.18;;172
20;Regierungsrat/Staatskanzlei;2090;Verschiedene Ausgaben;;;3638.00;Beiträge an das Ausland;35887.43;39500.0;36364.59;-3612.57;-9.15;;172
20;Regierungsrat/Staatskanzlei;2090;Verschiedene Ausgaben;;;4631.00;Beiträge von Kantonen und Konkordaten;-30000.0;-30000.0;-30000.0;;;;172
20;Regierungsrat/Staatskanzlei;2090;Verschiedene Ausgaben;;;4910.00;IV Dienstleistungen;-283200.0;-272800.0;-266000.0;-10400.0;3.81;;172
21;Departement des Innern;2100;Sekretariat/Rechtsdienst Koordinationsstelle für Umweltschutz;;;3010.00;Löhne des Verwaltungs- und Betriebspersonals;791905.45;929700.0;949370.6;-137794.55;-14.82;Teilweise unbesetzte Stellenprozente.;173
21;Departement des Innern;2100;Sekretariat/Rechtsdienst Koordinationsstelle für Umweltschutz;;;3010.95;Rückerstattungen Taggelder UV, EO, MSE, MV, IV für Verwaltungs- und Betriebspersonal;-5088.55;;-12032.0;-5088.55;;;173
21;Departement des Innern;2100;Sekretariat/Rechtsdienst Koordinationsstelle für Umweltschutz;;;3050.00;AG-Beiträge AHV, IV, EO, ALV, Verwaltungskosten;50742.0;60400.0;60992.4;-9658.0;-15.99;;173
21;Departement des Innern;2100;Sekretariat/Rechtsdienst Koordinationsstelle für Umweltschutz;;;3052.00;AG-Beiträge an Pensionskassen;99253.3;124100.0;130057.95;-24846.7;-20.02;;173
21;Departement des Innern;2100;Sekretariat/Rechtsdienst Koordinationsstelle für Umweltschutz;;;3053.00;AG-Beiträge an Unfallversicherungen;3981.55;5000.0;4704.05;-1018.45;-20.37;;173
21;Departement des Innern;2100;Sekretariat/Rechtsdienst Koordinationsstelle für Umweltschutz;;;3054.00;AG-Beiträge an Familienzulagekassen;10269.95;12100.0;12319.25;-1830.05;-15.12;;173
21;Departement des Innern;2100;Sekretariat/Rechtsdienst Koordinationsstelle für Umweltschutz;;;3059.10;AG-Beiträge Sozialfonds;587.3;700.0;713.6;-112.7;-16.1;;173
21;Departement des Innern;2100;Sekretariat/Rechtsdienst Koordinationsstelle für Umweltschutz;;;3090.00;Aus- und Weiterbildung des eigenen Personals;29442.04;30200.0;46180.81;-757.96;-2.51;;173
21;Departement des Innern;2100;Sekretariat/Rechtsdienst Koordinationsstelle für Umweltschutz;;;3091.00;Personalwerbung;;800.0;;-800.0;-100.0;;173
21;Departement des Innern;2100;Sekretariat/Rechtsdienst Koordinationsstelle für Umweltschutz;;;3099.00;Übriger Personalaufwand;4758.35;6300.0;11787.5;-1541.65;-24.47;;173
21;Departement des Innern;2100;Sekretariat/Rechtsdienst Koordinationsstelle für Umweltschutz;;;3100.00;Büromaterial;3519.98;3500.0;3980.92;19.98;0.57;;173
21;Departement des Innern;2100;Sekretariat/Rechtsdienst Koordinationsstelle für Umweltschutz;;;3102.00;Drucksachen, Publikationen;;500.0;1832.55;-500.0;-100.0;;173
21;Departement des Innern;2100;Sekretariat/Rechtsdienst Koordinationsstelle für Umweltschutz;;;3103.00;Fachliteratur, Zeitschriften;4328.1;5400.0;4203.25;-1071.9;-19.85;;173
21;Departement des Innern;2100;Sekretariat/Rechtsdienst Koordinationsstelle für Umweltschutz;;;3109.00;Übriger Material- und Warenaufwand;;;14.7;;;;173
21;Departement des Innern;2100;Sekretariat/Rechtsdienst Koordinationsstelle für Umweltschutz;;;3110.00;Büromöbel und -geräte;;6000.0;;-6000.0;-100.0;;173
21;Departement des Innern;2100;Sekretariat/Rechtsdienst Koordinationsstelle für Umweltschutz;;;3113.00;Hardware;13293.0;4500.0;2126.5;8793.0;195.4;Teilerneuerung der IT-Ausrüstung.;173
21;Departement des Innern;2100;Sekretariat/Rechtsdienst Koordinationsstelle für Umweltschutz;;;3130.00;Dienstleistungen Dritter;35530.2;64000.0;110228.53;-28469.8;-44.48;Das Projekt «Chief Information;173
21;Departement des Innern;2100;Sekretariat/Rechtsdienst Koordinationsstelle für Umweltschutz;;;3133.00;Informatik-Nutzungsaufwand;49822.15;47200.0;34615.5;2622.15;5.56;;173
21;Departement des Innern;2100;Sekretariat/Rechtsdienst Koordinationsstelle für Umweltschutz;;;3161.00;Mieten, Benützungskosten Anlagen;;9300.0;6948.5;-9300.0;-100.0;Gerätschaften wurden aufgrund guter;174
21;Departement des Innern;2100;Sekretariat/Rechtsdienst Koordinationsstelle für Umweltschutz;;;3170.00;Reisekosten und Spesen;3785.45;4500.0;5070.1;-714.55;-15.88;;174
21;Departement des Innern;2100;Sekretariat/Rechtsdienst Koordinationsstelle für Umweltschutz;;;3181.00;Tatsächliche Forderungsverluste;4000.0;2500.0;4500.0;1500.0;60.0;;174
21;Departement des Innern;2100;Sekretariat/Rechtsdienst Koordinationsstelle für Umweltschutz;;;3199.00;Übriger Betriebsaufwand;2737.24;2000.0;255.6;737.24;36.86;;174
21;Departement des Innern;2100;Sekretariat/Rechtsdienst Koordinationsstelle für Umweltschutz;;;3614.00;Entschädigungen an öffentliche Unternehmungen;10000.0;10000.0;10000.0;;;;174
21;Departement des Innern;2100;Sekretariat/Rechtsdienst Koordinationsstelle für Umweltschutz;;;3631.00;Beiträge an Kantone und Konkordate;78213.65;83800.0;71760.0;-5586.35;-6.67;Leicht tiefere Beiträge an die;174
21;Departement des Innern;2100;Sekretariat/Rechtsdienst Koordinationsstelle für Umweltschutz;;;3636.00;Beiträge an private Organisationen ohne Erwerbszweck;2000.0;2000.0;2000.0;;;;174
21;Departement des Innern;2100;Sekretariat/Rechtsdienst Koordinationsstelle für Umweltschutz;;;3910.00;IV Dienstleistungen;70.0;;;70.0;;;174
21;Departement des Innern;2100;Sekretariat/Rechtsdienst Koordinationsstelle für Umweltschutz;;;4210.00;Gebühren für Amtshandlungen;-11838.0;-18500.0;-32931.0;6662.0;-36.01;Weniger gebührenpflichtige;174
21;Departement des Innern;2100;Sekretariat/Rechtsdienst Koordinationsstelle für Umweltschutz;;;4240.00;Benützungsgebühren und Dienstleistungen;-8750.0;;;-8750.0;;;174
21;Departement des Innern;2100;Sekretariat/Rechtsdienst Koordinationsstelle für Umweltschutz;;;4270.00;Bussen;-7195.0;-6000.0;-9150.0;-1195.0;19.92;;174
21;Departement des Innern;2100;Sekretariat/Rechtsdienst Koordinationsstelle für Umweltschutz;;;4910.00;IV Dienstleistungen;-5012.0;;;-5012.0;;;174
21;Departement des Innern;2102;Lotterie und Spielbanken;;;3610.00;Entschädigungen an Bund;4100.0;2600.0;2050.0;1500.0;57.69;;174
21;Departement des Innern;2102;Lotterie und Spielbanken;;;3980.00;Übertragungen;345998.0;395000.0;440821.4;-49002.0;-12.41;Da wegen der Schliessung des;174
21;Departement des Innern;2102;Lotterie und Spielbanken;;;4025.00;Spielbanken- und Spielautomatenabgabe;-1507564.1;-1800000.0;-2002569.5;292435.9;-16.25;Die Schliessung des Casinos in;175
21;Departement des Innern;2102;Lotterie und Spielbanken;;;4130.00;Ertragsanteile an Lotterien, Sport-Toto, Wetten;-44485.2;-35000.0;-40307.4;-9485.2;27.1;;175
21;Departement des Innern;2102;Lotterie und Spielbanken;;;4210.00;Gebühren für Amtshandlungen;-2270.85;-2000.0;-2000.0;-270.85;13.54;;175
21;Departement des Innern;2104;Jagd und Fischerei;;;3000.10;Sitzungsgelder Kommissionen;2380.0;3500.0;9257.5;-1120.0;-32.0;;175
21;Departement des Innern;2104;Jagd und Fischerei;;;3010.00;Löhne des Verwaltungs- und Betriebspersonals;220673.0;317200.0;224553.55;-96527.0;-30.43;60% der für einen Mitarbeitenden;175
21;Departement des Innern;2104;Jagd und Fischerei;;;3010.95;Rückerstattungen Taggelder UV, EO, MSE, MV, IV für Verwaltungs- und Betriebspersonal;;;-17993.35;;;;175
21;Departement des Innern;2104;Jagd und Fischerei;;;3050.00;AG-Beiträge AHV, IV, EO, ALV, Verwaltungskosten;14330.0;20800.0;13146.75;-6470.0;-31.11;;175
21;Departement des Innern;2104;Jagd und Fischerei;;;3052.00;AG-Beiträge an Pensionskassen;22724.0;42400.0;25477.45;-19676.0;-46.41;;175
21;Departement des Innern;2104;Jagd und Fischerei;;;3053.00;AG-Beiträge an Unfallversicherungen;1199.3;1700.0;1110.2;-500.7;-29.45;;175
21;Departement des Innern;2104;Jagd und Fischerei;;;3054.00;AG-Beiträge an Familienzulagekassen;2865.55;4200.0;2628.6;-1334.45;-31.77;;175
21;Departement des Innern;2104;Jagd und Fischerei;;;3059.10;AG-Beiträge Sozialfonds;176.4;300.0;162.25;-123.6;-41.2;;175
21;Departement des Innern;2104;Jagd und Fischerei;;;3090.00;Aus- und Weiterbildung des eigenen Personals;800.0;3100.0;;-2300.0;-74.19;;175
21;Departement des Innern;2104;Jagd und Fischerei;;;3100.00;Büromaterial;;1500.0;;-1500.0;-100.0;;175
21;Departement des Innern;2104;Jagd und Fischerei;;;3101.00;Betriebs- und Verbrauchsmaterial;10142.6;8000.0;10476.77;2142.6;26.78;Rückerstattung des Bundes in der;175
21;Departement des Innern;2104;Jagd und Fischerei;;;3102.00;Drucksachen, Publikationen;964.8;300.0;564.8;664.8;221.6;;175
21;Departement des Innern;2104;Jagd und Fischerei;;;3103.00;Fachliteratur, Zeitschriften;1839.1;1000.0;224.0;839.1;83.91;;175
21;Departement des Innern;2104;Jagd und Fischerei;;;3111.00;Maschinen, Geräte und Fahrzeuge;2286.6;2000.0;1543.55;286.6;14.33;;175
21;Departement des Innern;2104;Jagd und Fischerei;;;3113.00;Hardware;2877.85;1000.0;538.9;1877.85;187.79;;175
21;Departement des Innern;2104;Jagd und Fischerei;;;3118.00;Immaterielle Anlagen;14590.0;14500.0;;90.0;0.62;;175
21;Departement des Innern;2104;Jagd und Fischerei;;;3120.00;Ver- und Entsorgung Liegenschaften VV;58.35;200.0;;-141.65;-70.83;;175
21;Departement des Innern;2104;Jagd und Fischerei;;;3130.00;Dienstleistungen Dritter;8216.95;5000.0;21818.2;3216.95;64.34;;175
21;Departement des Innern;2104;Jagd und Fischerei;;;3133.00;Informatik-Nutzungsaufwand;18954.2;20000.0;16640.35;-1045.8;-5.23;;175
21;Departement des Innern;2104;Jagd und Fischerei;;;3134.00;Sachversicherungsprämien;2980.02;3300.0;2992.2;-319.98;-9.7;;175
21;Departement des Innern;2104;Jagd und Fischerei;;;3138.00;Kurse, Prüfungen und Beratungen;900.0;2000.0;5092.65;-1100.0;-55.0;;175
21;Departement des Innern;2104;Jagd und Fischerei;;;3151.00;Unterhalt Maschinen, Geräte, Fahrzeuge;1857.3;2000.0;1495.85;-142.7;-7.14;;176
21;Departement des Innern;2104;Jagd und Fischerei;;;3158.00;Unterhalt immaterielle Anlagen;12748.55;15500.0;9539.85;-2751.45;-17.75;Die IT-Unterhaltskosten fielen leicht;176
21;Departement des Innern;2104;Jagd und Fischerei;;;3161.00;Mieten, Benützungskosten Anlagen;;1300.0;1182.0;-1300.0;-100.0;;176
21;Departement des Innern;2104;Jagd und Fischerei;;;3170.00;Reisekosten und Spesen;7324.0;8000.0;8721.75;-676.0;-8.45;;176
21;Departement des Innern;2104;Jagd und Fischerei;;;3181.00;Tatsächliche Forderungsverluste;107.15;;130.0;107.15;;;176
21;Departement des Innern;2104;Jagd und Fischerei;;;3190.00;Schadenersatzleistungen;53123.3;45900.0;33076.85;7223.3;15.74;Wildschadenereignisse lassen sich;176
21;Departement des Innern;2104;Jagd und Fischerei;;;3900.00;IV Material- und Warenbezüge;2473.8;3500.0;2323.6;-1026.2;-29.32;;176
21;Departement des Innern;2104;Jagd und Fischerei;;;4100.10;Fischereiregal;-56635.0;-55000.0;-58535.0;-1635.0;2.97;;176
21;Departement des Innern;2104;Jagd und Fischerei;;;4100.11;Jagdregal;-27723.0;-32000.0;-31807.0;4277.0;-13.37;Der Wert der Jagdreviere nimmt;176
21;Departement des Innern;2104;Jagd und Fischerei;;;4120.00;Konzessionen;-85624.0;-93000.0;-91548.0;7376.0;-7.93;;176
21;Departement des Innern;2104;Jagd und Fischerei;;;4210.00;Gebühren für Amtshandlungen;-9250.0;-1000.0;-880.0;-8250.0;825.0;;176
21;Departement des Innern;2104;Jagd und Fischerei;;;4250.00;Verkäufe;-12241.6;-12000.0;-11901.6;-241.6;2.01;;176
21;Departement des Innern;2104;Jagd und Fischerei;;;4260.00;Rückerstattungen und Kostenbeteiligungen Dritter;;-3000.0;;3000.0;-100.0;;176
21;Departement des Innern;2104;Jagd und Fischerei;;;4290.00;Übrige Entgelte;-60.27;;-0.65;-60.27;;;176
21;Departement des Innern;2104;Jagd und Fischerei;;;4630.00;Beiträge vom Bund;-7045.35;-8000.0;-4808.4;954.65;-11.93;;176
21;Departement des Innern;2122;Migrationsamt und Passbüro;;;3010.00;Löhne des Verwaltungs- und Betriebspersonals;1290910.3;1309900.0;1184291.2;-18989.7;-1.45;;176
21;Departement des Innern;2122;Migrationsamt und Passbüro;;;3010.95;Rückerstattungen Taggelder UV, EO, MSE, MV, IV für Verwaltungs- und Betriebspersonal;-63946.05;;-18409.35;-63946.05;;Rückerstattungen von Taggeldern;176
21;Departement des Innern;2122;Migrationsamt und Passbüro;;;3050.00;AG-Beiträge AHV, IV, EO, ALV, Verwaltungskosten;78775.05;85200.0;75899.45;-6424.95;-7.54;;176
21;Departement des Innern;2122;Migrationsamt und Passbüro;;;3052.00;AG-Beiträge an Pensionskassen;148574.95;174900.0;156777.05;-26325.05;-15.05;;177
21;Departement des Innern;2122;Migrationsamt und Passbüro;;;3053.00;AG-Beiträge an Unfallversicherungen;6297.25;7000.0;6325.3;-702.75;-10.04;;177
21;Departement des Innern;2122;Migrationsamt und Passbüro;;;3054.00;AG-Beiträge an Familienzulagekassen;15819.15;17100.0;15176.85;-1280.85;-7.49;;177
21;Departement des Innern;2122;Migrationsamt und Passbüro;;;3059.10;AG-Beiträge Sozialfonds;950.9;1000.0;934.1;-49.1;-4.91;;177
21;Departement des Innern;2122;Migrationsamt und Passbüro;;;3064.00;Überbrückungsrenten;;;909.0;;;;177
21;Departement des Innern;2122;Migrationsamt und Passbüro;;;3090.00;Aus- und Weiterbildung des eigenen Personals;;12200.0;;-12200.0;-100.0;Im Jahr 2025 wurden keine;177
21;Departement des Innern;2122;Migrationsamt und Passbüro;;;3091.00;Personalwerbung;;800.0;;-800.0;-100.0;;177
21;Departement des Innern;2122;Migrationsamt und Passbüro;;;3099.00;Übriger Personalaufwand;1440.0;1600.0;3610.0;-160.0;-10.0;;177
21;Departement des Innern;2122;Migrationsamt und Passbüro;;;3100.00;Büromaterial;5992.68;8000.0;6513.0;-2007.32;-25.09;;177
21;Departement des Innern;2122;Migrationsamt und Passbüro;;;3102.00;Drucksachen, Publikationen;3000.0;1000.0;3000.0;2000.0;200.0;;177
21;Departement des Innern;2122;Migrationsamt und Passbüro;;;3103.00;Fachliteratur, Zeitschriften;2052.0;2400.0;2327.0;-348.0;-14.5;;177
21;Departement des Innern;2122;Migrationsamt und Passbüro;;;3113.00;Hardware;18254.3;17700.0;12715.36;554.3;3.13;;177
21;Departement des Innern;2122;Migrationsamt und Passbüro;;;3118.00;Immaterielle Anlagen;56817.36;83600.0;;-26782.64;-32.04;Zwei Projekte konnten nicht wie;177
21;Departement des Innern;2122;Migrationsamt und Passbüro;;;3130.00;Dienstleistungen Dritter;561826.31;412900.0;495938.32;148926.31;36.07;Die Überschreitung ist auf ein paar;177
21;Departement des Innern;2122;Migrationsamt und Passbüro;;;3133.00;Informatik-Nutzungsaufwand;166365.26;186200.0;110996.7;-19834.74;-10.65;Die tieferen Ausgaben sind darauf;177
21;Departement des Innern;2122;Migrationsamt und Passbüro;;;3153.00;Informatik-Unterhalt (Hardware);18270.07;14000.0;14965.8;4270.07;30.5;;177
21;Departement des Innern;2122;Migrationsamt und Passbüro;;;3158.00;Unterhalt immaterielle Anlagen;3221.4;1900.0;518.9;1321.4;69.55;;177
21;Departement des Innern;2122;Migrationsamt und Passbüro;;;3161.00;Mieten, Benützungskosten Anlagen;1836.14;3600.0;7738.1;-1763.86;-49.0;;177
21;Departement des Innern;2122;Migrationsamt und Passbüro;;;3170.00;Reisekosten und Spesen;3188.95;6000.0;7221.35;-2811.05;-46.85;;177
21;Departement des Innern;2122;Migrationsamt und Passbüro;;;3181.00;Tatsächliche Forderungsverluste;5233.0;;9956.2;5233.0;;;177
21;Departement des Innern;2122;Migrationsamt und Passbüro;;;3199.00;Übriger Betriebsaufwand;7871.65;12000.0;3281.65;-4128.35;-34.4;;177
21;Departement des Innern;2122;Migrationsamt und Passbüro;;;3600.10;Anteil des Bundes an den ID- und Passgebühren;579693.2;475000.0;574248.1;104693.2;22.04;Es wurden mehr Pässe und;178
21;Departement des Innern;2122;Migrationsamt und Passbüro;;;3910.00;IV Dienstleistungen;1642.0;;;1642.0;;;178
21;Departement des Innern;2122;Migrationsamt und Passbüro;;;4210.11;Gebühren für fremdenpolizeiliche Bewilligungen;-918836.05;-950000.0;-959857.75;31163.95;-3.28;Es wurden weniger Bewilligungen;178
21;Departement des Innern;2122;Migrationsamt und Passbüro;;;4210.12;Gebühren für Passausfertigungen;-1084879.6;-923400.0;-1069065.6;-161479.6;17.49;Es wurden mehr Pässe und;178
21;Departement des Innern;2122;Migrationsamt und Passbüro;;;4290.00;Übrige Entgelte;-168.0;;;-168.0;;;178
21;Departement des Innern;2122;Migrationsamt und Passbüro;;;4610.00;Entschädigungen vom Bund;-182805.8;-239000.0;-223355.6;56194.2;-23.51;Der Bundesbeitrag für die;178
21;Departement des Innern;2122;Migrationsamt und Passbüro;;;4910.00;IV Dienstleistungen;-7258.0;-5000.0;-8040.0;-2258.0;45.16;;178
21;Departement des Innern;2131;Gesundheitsamt/Kantonsärztlicher Dienst;;;3000.10;Sitzungsgelder Kommissionen;;10000.0;4375.0;-10000.0;-100.0;Im Jahr 2025 fanden keine;178
21;Departement des Innern;2131;Gesundheitsamt/Kantonsärztlicher Dienst;;;3010.00;Löhne des Verwaltungs- und Betriebspersonals;1981298.3;2027500.0;1798219.3;-46201.7;-2.28;Budgetunterschreitung aufgrund von;178
21;Departement des Innern;2131;Gesundheitsamt/Kantonsärztlicher Dienst;;;3010.95;Rückerstattungen Taggelder UV, EO, MSE, MV, IV für Verwaltungs- und Betriebspersonal;-2482.15;;;-2482.15;;;178
21;Departement des Innern;2131;Gesundheitsamt/Kantonsärztlicher Dienst;;;3050.00;AG-Beiträge AHV, IV, EO, ALV, Verwaltungskosten;126072.25;132400.0;114757.35;-6327.75;-4.78;;179
21;Departement des Innern;2131;Gesundheitsamt/Kantonsärztlicher Dienst;;;3052.00;AG-Beiträge an Pensionskassen;277051.3;270700.0;278923.5;6351.3;2.35;;179
21;Departement des Innern;2131;Gesundheitsamt/Kantonsärztlicher Dienst;;;3053.00;AG-Beiträge an Unfallversicherungen;10400.95;11000.0;9467.35;-599.05;-5.45;;179
21;Departement des Innern;2131;Gesundheitsamt/Kantonsärztlicher Dienst;;;3054.00;AG-Beiträge an Familienzulagekassen;25483.4;26400.0;23090.7;-916.6;-3.47;;179
21;Departement des Innern;2131;Gesundheitsamt/Kantonsärztlicher Dienst;;;3059.10;AG-Beiträge Sozialfonds;1472.45;1600.0;1367.45;-127.55;-7.97;;179
21;Departement des Innern;2131;Gesundheitsamt/Kantonsärztlicher Dienst;;;3090.00;Aus- und Weiterbildung des eigenen Personals;15242.03;12200.0;75.0;3042.03;24.93;;179
21;Departement des Innern;2131;Gesundheitsamt/Kantonsärztlicher Dienst;;;3099.00;Übriger Personalaufwand;8034.05;8000.0;4818.0;34.05;0.43;;179
21;Departement des Innern;2131;Gesundheitsamt/Kantonsärztlicher Dienst;;;3100.00;Büromaterial;4063.97;5000.0;3093.45;-936.03;-18.72;;179
21;Departement des Innern;2131;Gesundheitsamt/Kantonsärztlicher Dienst;;;3102.00;Drucksachen, Publikationen;572.0;11000.0;317.55;-10428.0;-94.8;Publikationsmassnahmen (z. B. zum;179
21;Departement des Innern;2131;Gesundheitsamt/Kantonsärztlicher Dienst;;;3103.00;Fachliteratur, Zeitschriften;953.35;2500.0;1470.55;-1546.65;-61.87;;179
21;Departement des Innern;2131;Gesundheitsamt/Kantonsärztlicher Dienst;;;3106.00;Medizinisches Material;200854.03;139000.0;89562.61;61854.03;44.5;Es wurden mehr HPV-Impfungen;179
21;Departement des Innern;2131;Gesundheitsamt/Kantonsärztlicher Dienst;;;3113.00;Hardware;4414.5;2000.0;2342.4;2414.5;120.73;;179
21;Departement des Innern;2131;Gesundheitsamt/Kantonsärztlicher Dienst;;;3130.00;Dienstleistungen Dritter;293027.52;957000.0;317535.66;-663972.48;-69.38;Im Bereich der Psychiatrie wurde die;179
21;Departement des Innern;2131;Gesundheitsamt/Kantonsärztlicher Dienst;;;3132.00;Honorare externe Berater, Gutachter, Fachexperten etc.;201276.05;290000.0;62714.23;-88723.95;-30.59;Die juristische Unterstützung in;180
21;Departement des Innern;2131;Gesundheitsamt/Kantonsärztlicher Dienst;;;3133.00;Informatik-Nutzungsaufwand;145193.7;145900.0;145189.3;-706.3;-0.48;;180
21;Departement des Innern;2131;Gesundheitsamt/Kantonsärztlicher Dienst;;;3158.00;Unterhalt immaterielle Anlagen;;6000.0;;-6000.0;-100.0;;180
21;Departement des Innern;2131;Gesundheitsamt/Kantonsärztlicher Dienst;;;3161.00;Mieten, Benützungskosten Anlagen;;;11670.75;;;;180
21;Departement des Innern;2131;Gesundheitsamt/Kantonsärztlicher Dienst;;;3170.00;Reisekosten und Spesen;14428.3;11000.0;9831.7;3428.3;31.17;;180
21;Departement des Innern;2131;Gesundheitsamt/Kantonsärztlicher Dienst;;;3199.00;Übriger Betriebsaufwand;7014.0;;;7014.0;;;180
21;Departement des Innern;2131;Gesundheitsamt/Kantonsärztlicher Dienst;;;3611.00;Entschädigungen an Kantone und Konkordate;107200.0;107000.0;107200.0;200.0;0.19;;180
21;Departement des Innern;2131;Gesundheitsamt/Kantonsärztlicher Dienst;;;3614.00;Entschädigungen an öffentliche Unternehmungen;157579.11;171000.0;155791.29;-13420.89;-7.85;;180
21;Departement des Innern;2131;Gesundheitsamt/Kantonsärztlicher Dienst;;;3616.00;Entschädigungen an private Organisationen ohne Erwerbszweck;105580.24;;;105580.24;;Die für Aktivitäten in den Bereichen;180
21;Departement des Innern;2131;Gesundheitsamt/Kantonsärztlicher Dienst;;;3630.00;Beiträge an den Bund;53891.6;47000.0;26397.05;6891.6;14.66;;180
21;Departement des Innern;2131;Gesundheitsamt/Kantonsärztlicher Dienst;;;3631.00;Beiträge an Kantone und Konkordate;8927.97;7400.0;6997.0;1527.97;20.65;;180
21;Departement des Innern;2131;Gesundheitsamt/Kantonsärztlicher Dienst;;;3632.10;Beiträge an innerkantonale Gemeinden und Gemeindezweckverbände;3958.4;4000.0;3917.6;-41.6;-1.04;;180
21;Departement des Innern;2131;Gesundheitsamt/Kantonsärztlicher Dienst;;;3636.00;Beiträge an private Organisationen ohne Erwerbszweck;132899.34;137000.0;107683.4;-4100.66;-2.99;;180
21;Departement des Innern;2131;Gesundheitsamt/Kantonsärztlicher Dienst;;;3910.00;IV Dienstleistungen;70.0;;;70.0;;;180
21;Departement des Innern;2131;Gesundheitsamt/Kantonsärztlicher Dienst;;;3980.00;Übertragungen;181000.0;181000.0;216000.0;;;;180
21;Departement des Innern;2131;Gesundheitsamt/Kantonsärztlicher Dienst;;;4210.00;Gebühren für Amtshandlungen;-111428.0;-92000.0;-94650.0;-19428.0;21.12;Mehreinnahmen bei den;180
21;Departement des Innern;2131;Gesundheitsamt/Kantonsärztlicher Dienst;;;4260.00;Rückerstattungen und Kostenbeteiligungen Dritter Höhere Beiträge durch die;-170836.05;-147000.0;-196073.4;-23836.05;16.22;;181
21;Departement des Innern;2131;Gesundheitsamt/Kantonsärztlicher Dienst;;;4980.00;Übertragungen;-225350.4;-224000.0;-162480.0;-1350.4;0.6;;181
21;Departement des Innern;2132;Spitalversorgung;;;3634.01;Stationäre Spitalleistungen Akutsomatik Die Zahl der Hospitalisationen hat;85792066.55;80299000.0;78029814.83;5493066.55;6.84;im;181
21;Departement des Innern;2132;Spitalversorgung;;;3634.02;Stationäre Spitalleistungen Psychiatrie Die Nachfrage nach stationären;16006857.5;13995000.0;14960140.45;2011857.5;14.38;;181
21;Departement des Innern;2132;Spitalversorgung;;;3634.03;Stationäre Spitalleistungen Rehabilitation Nachdem bereits der Vorjahreswert;11899289.45;13533000.0;11454619.48;-1633710.55;-12.07;;181
21;Departement des Innern;2132;Spitalversorgung;;;3634.30;Ambulante Leistungen Psychiatrie Neue ausserkantonale;3432421.0;3400000.0;3152821.15;32421.0;0.95;;181
21;Departement des Innern;2132;Spitalversorgung;;;3634.40;Beiträge Sanitätsnotruf und Rettungswesen;1598725.0;1590000.0;1288071.0;8725.0;0.55;;181
21;Departement des Innern;2132;Spitalversorgung;;;3634.90;Weitere Beiträge Spitäler Schaffhausen gemäss Jahreskontrakt;6140200.0;6140800.0;5670999.0;-600.0;-0.01;;182
21;Departement des Innern;2132;Spitalversorgung;;;3634.91;Weitere Beiträge Spitäler;97000.0;;;97000.0;;Neue ausserkantonale GWL für;182
21;Departement des Innern;2132;Spitalversorgung;;;3894.00;Einlagen in FIPOL;70000000.0;;;70000000.0;;Bildung einer finanzpolitischen;182
21;Departement des Innern;2132;Spitalversorgung;;;4260.00;Rückerstattungen und Kostenbeteiligungen Dritter;-179373.0;-200000.0;-290262.2;20627.0;-10.31;Rückerstattungen aufgrund von;182
21;Departement des Innern;2134;Heime und Pflege;;;3612.10;Entschädigungen an innerkantonale Gemeinden und Gemeindezweckverbände;548499.5;548500.0;458322.32;-0.5;;;182
21;Departement des Innern;2134;Heime und Pflege;;;3632.11;Beiträge an Gemeinden für Heime gem. Art. 12 AbPG;18500031.71;17448000.0;16329480.48;1052031.71;6.03;Der Kanton erstattet den Gemeinden;182
21;Departement des Innern;2134;Heime und Pflege;;;3632.12;Beiträge an Gemeinden für Pflege gem. Art. 12 AbPG;5935303.13;5221000.0;5236042.87;714303.13;13.68;Der Kanton erstattet den Gemeinden;182
21;Departement des Innern;2134;Heime und Pflege;;;3634.20;Beiträge Übergangs- und Langzeitpflege gem. Art. 2 Abs. 3 AbPG;3679226.25;3548000.0;3583432.23;131226.25;3.7;In der gerontopsychiatrischen;183
21;Departement des Innern;2134;Heime und Pflege;;;3635.00;Beiträge an private Unternehmungen;96000.0;96000.0;57011.5;;;;183
21;Departement des Innern;2134;Heime und Pflege;;;3636.01;Beiträge an Organisationen gemäss Art. 2 Abs. 4 und 5 AbPG;619343.78;611000.0;361263.6;8343.78;1.37;;183
21;Departement des Innern;2134;Heime und Pflege;;;3636.04;Beiträge an Organisationen gemäss Art. 2 Abs. 3 und 4 AbPG;757430.7;960000.0;940000.0;-202569.3;-21.1;Budgetunterschreitung aufgrund von;183
21;Departement des Innern;2134;Heime und Pflege;;;3660.20;Planmässige Abschreibungen Invest.beiträge an Gemeinden;499295.0;499300.0;499295.0;-5.0;;;183
21;Departement des Innern;2137;Aus- und Weiterbildung Gesundheitsberufe/Hausärzteversorgung;;;3634.50;Beiträge Ausbildung Gesundheitsberufe;1879536.42;2882000.0;1110000.0;-1002463.58;-34.78;Die Anzahl der absolvierten;183
21;Departement des Innern;2137;Aus- und Weiterbildung Gesundheitsberufe/Hausärzteversorgung;;;3634.51;Beiträge ärztliche Weiterbildung;3431032.04;2900000.0;2584540.27;531032.04;18.31;Höhere Anzahl von Weiterbildungen;183
21;Departement des Innern;2137;Aus- und Weiterbildung Gesundheitsberufe/Hausärzteversorgung;;;3634.55;Beiträge Hausärzteversorgung;433412.0;413000.0;156977.0;20412.0;4.94;Leicht höhere Beiträge im Bereich;184
21;Departement des Innern;2137;Aus- und Weiterbildung Gesundheitsberufe/Hausärzteversorgung;;;4630.00;Beiträge vom Bund;;-265000.0;;265000.0;-100.0;Die Beiträge des Bundes zur;184
21;Departement des Innern;2143;Beiträge Krankenversicherung;;;3130.00;Dienstleistungen Dritter;966153.0;1200000.0;994266.55;-233847.0;-19.49;Die Verwaltungskosten liegen unter;184
21;Departement des Innern;2143;Beiträge Krankenversicherung;;;3637.01;Kantonsbeiträge an Prämienverbilligung Krankenkasse;13484523.19;14218000.0;12969094.58;-733476.81;-5.16;Vgl. Kommentar zur Finanzstelle;184
21;Departement des Innern;2143;Beiträge Krankenversicherung;;;3637.02;Kantonsbeiträge für Zahlungsausstände gemäss Art. 64a KVG;895605.01;1050000.0;843295.89;-154394.99;-14.7;Vgl. Kommentar zur Finanzstelle;184
21;Departement des Innern;2143;Beiträge Krankenversicherung;;;3707.01;Bundesbeiträge an Prämienverbilligung Krankenkasse;35781265.0;35781000.0;33340443.0;265.0;;Vgl. Kommentar zur Finanzstelle;184
21;Departement des Innern;2143;Beiträge Krankenversicherung;;;3707.02;Gemeindebeiträge an Prämienverbilligung Krankenkasse;25042685.91;26404000.0;24085461.62;-1361314.09;-5.16;Vgl. Kommentar zur Finanzstelle;185
21;Departement des Innern;2143;Beiträge Krankenversicherung;;;3707.03;Gemeindebeiträge für Zahlungsausstände gemäss Art. 64a KVG;1663266.44;1950000.0;1566121.41;-286733.56;-14.7;Vgl. Kommentar zur Finanzstelle;185
21;Departement des Innern;2143;Beiträge Krankenversicherung;;;4700.01;Durchlaufende Beiträge vom Bund an Prämienverbilligung Krankenkasse;-35781265.0;-35781000.0;-33340443.0;-265.0;;Vgl. Kommentar zur Finanzstelle;185
21;Departement des Innern;2143;Beiträge Krankenversicherung;;;4702.11;Durchlaufende Beiträge von Gemeinden an Prämienverbilligung Krankenkasse;-25042685.91;-26404000.0;-24085461.62;1361314.09;-5.16;Vgl. Kommentar zur Finanzstelle;185
21;Departement des Innern;2143;Beiträge Krankenversicherung;;;4702.12;Durchlaufende Beiträge von Gemeinden für Zahlungsausstände gemäss Art. 64a KVG;-1663266.44;-1950000.0;-1566121.41;286733.56;-14.7;Vgl. Kommentar zur Finanzstelle;185
21;Departement des Innern;2148;Veterinärwesen;;;3010.00;Löhne des Verwaltungs- und Betriebspersonals;547089.05;495200.0;512167.65;51889.05;10.48;Auszahlung von Überstunden. Zur;185
21;Departement des Innern;2148;Veterinärwesen;;;3050.00;AG-Beiträge AHV, IV, EO, ALV, Verwaltungskosten;33807.9;32200.0;32125.85;1607.9;4.99;;185
21;Departement des Innern;2148;Veterinärwesen;;;3052.00;AG-Beiträge an Pensionskassen;81658.85;66100.0;81766.2;15558.85;23.54;;185
21;Departement des Innern;2148;Veterinärwesen;;;3053.00;AG-Beiträge an Unfallversicherungen;2554.1;2600.0;2413.75;-45.9;-1.77;;185
21;Departement des Innern;2148;Veterinärwesen;;;3054.00;AG-Beiträge an Familienzulagekassen;6887.05;6400.0;6558.65;487.05;7.61;;185
21;Departement des Innern;2148;Veterinärwesen;;;3059.10;AG-Beiträge Sozialfonds;379.75;400.0;354.25;-20.25;-5.06;;185
21;Departement des Innern;2148;Veterinärwesen;;;3090.00;Aus- und Weiterbildung des eigenen Personals;669.0;5900.0;;-5231.0;-88.66;;185
21;Departement des Innern;2148;Veterinärwesen;;;3099.00;Übriger Personalaufwand;400.0;300.0;400.0;100.0;33.33;;185
21;Departement des Innern;2148;Veterinärwesen;;;3100.00;Büromaterial;286.7;700.0;497.8;-413.3;-59.04;;185
21;Departement des Innern;2148;Veterinärwesen;;;3101.00;Betriebs- und Verbrauchsmaterial;6445.68;7400.0;6914.19;-954.32;-12.9;;185
21;Departement des Innern;2148;Veterinärwesen;;;3102.00;Drucksachen, Publikationen;963.25;4000.0;1849.98;-3036.75;-75.92;;185
21;Departement des Innern;2148;Veterinärwesen;;;3103.00;Fachliteratur, Zeitschriften;332.2;500.0;161.9;-167.8;-33.56;;185
21;Departement des Innern;2148;Veterinärwesen;;;3111.00;Maschinen, Geräte und Fahrzeuge;684.75;11000.0;95946.23;-10315.25;-93.78;Eine Rückerstattung von;185
21;Departement des Innern;2148;Veterinärwesen;;;3112.00;Kleider, Wäsche, Vorhänge;;400.0;320.05;-400.0;-100.0;;185
21;Departement des Innern;2148;Veterinärwesen;;;3113.00;Hardware;826.8;1000.0;875.4;-173.2;-17.32;;185
21;Departement des Innern;2148;Veterinärwesen;;;3118.00;Immaterielle Anlagen;559.45;800.0;259.45;-240.55;-30.07;;185
21;Departement des Innern;2148;Veterinärwesen;;;3130.00;Dienstleistungen Dritter;207046.9;220000.0;204363.95;-12953.1;-5.89;;186
21;Departement des Innern;2148;Veterinärwesen;;;3132.00;Honorare externe Berater, Gutachter, Fachexperten etc.;56655.55;68000.0;41590.45;-11344.45;-16.68;Der Bedarf hängt stark von der;186
21;Departement des Innern;2148;Veterinärwesen;;;3133.00;Informatik-Nutzungsaufwand;42336.35;50900.0;40518.55;-8563.65;-16.82;;186
21;Departement des Innern;2148;Veterinärwesen;;;3137.00;Steuern und Abgaben;649.09;800.0;786.66;-150.91;-18.86;;186
21;Departement des Innern;2148;Veterinärwesen;;;3153.00;Informatik-Unterhalt (Hardware);;3000.0;1221.65;-3000.0;-100.0;;186
21;Departement des Innern;2148;Veterinärwesen;;;3158.00;Unterhalt immaterielle Anlagen;811.0;1000.0;225.0;-189.0;-18.9;;186
21;Departement des Innern;2148;Veterinärwesen;;;3161.00;Mieten, Benützungskosten Anlagen;;6900.0;4190.45;-6900.0;-100.0;;186
21;Departement des Innern;2148;Veterinärwesen;;;3170.00;Reisekosten und Spesen;15042.85;23000.0;16191.65;-7957.15;-34.6;;186
21;Departement des Innern;2148;Veterinärwesen;;;3181.00;Tatsächliche Forderungsverluste;7954.55;3000.0;17040.45;4954.55;165.15;;186
21;Departement des Innern;2148;Veterinärwesen;;;3190.00;Schadenersatzleistungen;56088.1;10000.0;48413.75;46088.1;460.88;Tierverluste aufgrund von;186
21;Departement des Innern;2148;Veterinärwesen;;;3199.00;Übriger Betriebsaufwand;2024.0;1000.0;760.0;1024.0;102.4;;186
21;Departement des Innern;2148;Veterinärwesen;;;3611.00;Entschädigungen an Kantone und Konkordate;65162.0;66000.0;63176.0;-838.0;-1.27;;186
21;Departement des Innern;2148;Veterinärwesen;;;3635.00;Beiträge an private Unternehmungen;13891.2;15000.0;13659.8;-1108.8;-7.39;;186
21;Departement des Innern;2148;Veterinärwesen;;;3636.00;Beiträge an private Organisationen ohne Erwerbszweck;35835.0;39000.0;35237.0;-3165.0;-8.12;;186
21;Departement des Innern;2148;Veterinärwesen;;;3900.00;IV Material- und Warenbezüge;188.5;;135.0;188.5;;;186
21;Departement des Innern;2148;Veterinärwesen;;;4120.00;Konzessionen;-3060.0;-3400.0;-3400.0;340.0;-10.0;;186
21;Departement des Innern;2148;Veterinärwesen;;;4210.00;Gebühren für Amtshandlungen;-86087.6;-62000.0;-77553.0;-24087.6;38.85;Die Erledigung vieler Fälle führte zu;186
21;Departement des Innern;2148;Veterinärwesen;;;4240.00;Benützungsgebühren und Dienstleistungen;-3120.0;-2000.0;-2600.0;-1120.0;56.0;;186
21;Departement des Innern;2148;Veterinärwesen;;;4260.00;Rückerstattungen und Kostenbeteiligungen Dritter;-109153.75;-90000.0;-110295.55;-19153.75;21.28;Höhere Entsorgungskosten für;186
21;Departement des Innern;2148;Veterinärwesen;;;4309.00;Übrige betriebliche Erträge;-474.0;-300.0;-739.75;-174.0;58.0;;186
21;Departement des Innern;2148;Veterinärwesen;;;4610.00;Entschädigungen vom Bund;-4952.65;-600.0;-1293.95;-4352.65;725.44;;186
21;Departement des Innern;2148;Veterinärwesen;;;4612.10;Entschädigungen von innerkantonalen Gemeinden und Gemeindezweckverbänden;-185324.2;-160000.0;-184247.2;-25324.2;15.83;Mehreinnahmen aus den Abgaben;187
21;Departement des Innern;2150;Interkantonales Labor;;;3611.05;Entschädigung an Interkantonales Labor;1264400.0;1243400.0;1221400.0;21000.0;1.69;Der höhere Globalbeitrag ist auf nicht;187
21;Departement des Innern;2150;Interkantonales Labor;;;3611.06;Entschädigung an den Vollzug der Umweltschutzgesetzgebung im Kanton Schaffhausen;3118500.0;3070500.0;2921500.0;48000.0;1.56;Der höhere Globalbeitrag ist auf nicht;187
21;Departement des Innern;2150;Interkantonales Labor;;;3632.10;Beiträge an innerkantonale Gemeinden und Gemeindezweckverbände;419724.37;;105000.0;419724.37;;Die Kosten resultieren aus den;187
21;Departement des Innern;2150;Interkantonales Labor;;;3702.10;Durchlaufende Beiträge an Gemeinden und Gemeindezweckverbände;162684.25;;;162684.25;;Durchlaufende Beiträge an;187
21;Departement des Innern;2150;Interkantonales Labor;;;4610.00;Entschädigungen vom Bund;-976545.35;;;-976545.35;;Der Betrag entspricht den;187
21;Departement des Innern;2150;Interkantonales Labor;;;4700.00;Durchlaufende Beiträge vom Bund;-162684.25;;;-162684.25;;Durchlaufende Beiträge des Bundes,;187
21;Departement des Innern;2170;Sozialamt;;;3010.00;Löhne des Verwaltungs- und Betriebspersonals;1666368.55;1686300.0;1322204.1;-19931.45;-1.18;;187
21;Departement des Innern;2170;Sozialamt;;;3010.95;Rückerstattungen Taggelder UV, EO, MSE, MV, IV für Verwaltungs- und Betriebspersonal;-429.05;;;-429.05;;;187
21;Departement des Innern;2170;Sozialamt;;;3050.00;AG-Beiträge AHV, IV, EO, ALV, Verwaltungskosten;108893.45;109600.0;86819.05;-706.55;-0.64;;187
21;Departement des Innern;2170;Sozialamt;;;3052.00;AG-Beiträge an Pensionskassen;223845.4;225000.0;198531.5;-1154.6;-0.51;;188
21;Departement des Innern;2170;Sozialamt;;;3053.00;AG-Beiträge an Unfallversicherungen;8794.65;9100.0;7886.8;-305.35;-3.36;;188
21;Departement des Innern;2170;Sozialamt;;;3054.00;AG-Beiträge an Familienzulagekassen;21954.35;21900.0;17425.95;54.35;0.25;;188
21;Departement des Innern;2170;Sozialamt;;;3059.10;AG-Beiträge Sozialfonds;1288.15;1300.0;1040.7;-11.85;-0.91;;188
21;Departement des Innern;2170;Sozialamt;;;3090.00;Aus- und Weiterbildung des eigenen Personals;17944.4;16000.0;;1944.4;12.15;;188
21;Departement des Innern;2170;Sozialamt;;;3091.00;Personalwerbung;;2000.0;2464.7;-2000.0;-100.0;;188
21;Departement des Innern;2170;Sozialamt;;;3099.00;Übriger Personalaufwand;6526.01;7000.0;3447.5;-473.99;-6.77;;188
21;Departement des Innern;2170;Sozialamt;;;3100.00;Büromaterial;9725.98;9000.0;4708.99;725.98;8.07;;188
21;Departement des Innern;2170;Sozialamt;;;3102.00;Drucksachen, Publikationen;12332.1;7000.0;;5332.1;76.17;;188
21;Departement des Innern;2170;Sozialamt;;;3103.00;Fachliteratur, Zeitschriften;3536.5;4500.0;2897.4;-963.5;-21.41;;188
21;Departement des Innern;2170;Sozialamt;;;3110.00;Büromöbel und -geräte;13536.95;;;13536.95;;Um Dokumente datenschutzkonform;188
21;Departement des Innern;2170;Sozialamt;;;3113.00;Hardware;67609.5;70000.0;3533.0;-2390.5;-3.42;;188
21;Departement des Innern;2170;Sozialamt;;;3118.00;Immaterielle Anlagen;330486.45;470300.0;365.0;-139813.55;-29.73;Mehrere für das Jahr 2025 geplante;188
21;Departement des Innern;2170;Sozialamt;;;3130.00;Dienstleistungen Dritter;367982.43;645000.0;170797.62;-277017.57;-42.95;Mehrere für das Jahr 2025 geplante;188
21;Departement des Innern;2170;Sozialamt;;;3132.00;Honorare externe Berater, Gutachter, Fachexperten etc.;70152.8;80000.0;50730.0;-9847.2;-12.31;;188
21;Departement des Innern;2170;Sozialamt;;;3133.00;Informatik-Nutzungsaufwand;544575.2;697100.0;286405.6;-152524.8;-21.88;Vgl. Kommentar zu Konto;188
21;Departement des Innern;2170;Sozialamt;;;3137.00;Steuern und Abgaben;2191.99;;;2191.99;;;188
21;Departement des Innern;2170;Sozialamt;;;3158.00;Unterhalt immaterielle Anlagen;82859.3;116000.0;49066.75;-33140.7;-28.57;Vgl. Kommentar zu Konto;188
21;Departement des Innern;2170;Sozialamt;;;3160.00;Mieten und Pachten Liegenschaften;1345.0;5000.0;4468.9;-3655.0;-73.1;;189
21;Departement des Innern;2170;Sozialamt;;;3161.00;Mieten, Benützungskosten Anlagen;;;32279.75;;;;189
21;Departement des Innern;2170;Sozialamt;;;3170.00;Reisekosten und Spesen;14449.35;12000.0;13496.25;2449.35;20.41;;189
21;Departement des Innern;2170;Sozialamt;;;3199.00;Übriger Betriebsaufwand;22494.77;20000.0;5281.0;2494.77;12.47;;189
21;Departement des Innern;2170;Sozialamt;;;3631.00;Beiträge an Kantone und Konkordate;2576.9;5000.0;1444.4;-2423.1;-48.46;;189
21;Departement des Innern;2170;Sozialamt;;;3636.00;Beiträge an private Organisationen ohne Erwerbszweck;2930.0;5000.0;5871.0;-2070.0;-41.4;;189
21;Departement des Innern;2170;Sozialamt;;;3910.00;IV Dienstleistungen;70.0;;;70.0;;;189
21;Departement des Innern;2170;Sozialamt;;;3980.00;Übertragungen;950000.0;950000.0;900000.0;;;;189
21;Departement des Innern;2170;Sozialamt;;;4210.00;Gebühren für Amtshandlungen;;-200.0;;200.0;-100.0;;189
21;Departement des Innern;2170;Sozialamt;;;4610.00;Entschädigungen vom Bund;;;-15000.0;;;;189
21;Departement des Innern;2181;Aufwendungen gem. SHEG Art. 35, 36 + 38;;;3632.10;Beiträge an innerkantonale Gemeinden und Gemeindezweckverbände;6784980.86;6960000.0;6886051.09;-175019.14;-2.51;Die Sozialhilfeausgaben der;189
21;Departement des Innern;2181;Aufwendungen gem. SHEG Art. 35, 36 + 38;;;3636.00;Beiträge an private Organisationen ohne Erwerbszweck;2298235.05;2590000.0;1815445.96;-291764.95;-11.27;Mehrere Spezialdienste gemäss Art.;189
21;Departement des Innern;2181;Aufwendungen gem. SHEG Art. 35, 36 + 38;;;3637.00;Beiträge an private Haushalte;10790678.47;10100000.0;10315480.53;690678.47;6.84;Der Kostenanstieg ist insbesondere;190
21;Departement des Innern;2181;Aufwendungen gem. SHEG Art. 35, 36 + 38;;;3980.00;Übertragungen;2093060.5;1645800.0;1458180.92;447260.5;27.18;Die Übertragungen an den Asyl- und;190
21;Departement des Innern;2181;Aufwendungen gem. SHEG Art. 35, 36 + 38;;;4610.00;Entschädigungen vom Bund;-434675.0;-100000.0;-319401.0;-334675.0;334.68;Der Bund richtet den Kantonen für;190
21;Departement des Innern;2181;Aufwendungen gem. SHEG Art. 35, 36 + 38;;;4612.10;Entschädigungen von innerkantonalen Gemeinden und Gemeindezweckverbänden;-9268917.1;-9187500.0;-8946295.0;-81417.1;0.89;Die höheren Entschädigungen sind;190
21;Departement des Innern;2182;Übrige Staatsbeiträge an Gemeinden und Institutionen;;;3632.10;Beiträge an innerkantonale Gemeinden und Gemeindezweckverbände;268036.81;300000.0;258884.45;-31963.19;-10.65;Die Aufwände für die;191
21;Departement des Innern;2184;Soziale Einrichtungen;;;3634.00;Beiträge an öffentliche Unternehmungen;1697745.4;2000000.0;1844936.7;-302254.6;-15.11;Kostenverschiebungen in den Konten;191
21;Departement des Innern;2184;Soziale Einrichtungen;;;3635.00;Beiträge an private Unternehmungen;1487651.16;1000000.0;1230943.65;487651.16;48.77;Vgl. Kommentar zu Konto;191
21;Departement des Innern;2184;Soziale Einrichtungen;;;3636.00;Beiträge an private Organisationen ohne Erwerbszweck;34246880.67;32000000.0;34132333.57;2246880.67;7.02;Die Kosten für die effektive;191
21;Departement des Innern;2184;Soziale Einrichtungen;;;3660.60;Planmässige Abschreibungen Invest.beiträge ab private Unternehmungen ohne Erwerbszweck;133348.0;160700.0;54296.0;-27352.0;-17.02;Für die Tagesstruktur der;192
21;Departement des Innern;2186;Massnahmenvollzug nach Strafgesetz;;;3010.00;Löhne des Verwaltungs- und Betriebspersonals;1440.0;5200.0;;-3760.0;-72.31;;192
21;Departement des Innern;2186;Massnahmenvollzug nach Strafgesetz;;;3050.00;AG-Beiträge AHV, IV, EO, ALV, Verwaltungskosten;;300.0;;-300.0;-100.0;;192
21;Departement des Innern;2186;Massnahmenvollzug nach Strafgesetz;;;3052.00;AG-Beiträge an Pensionskassen;;700.0;;-700.0;-100.0;;192
21;Departement des Innern;2186;Massnahmenvollzug nach Strafgesetz;;;3053.00;AG-Beiträge an Unfallversicherungen;2.05;;;2.05;;;192
21;Departement des Innern;2186;Massnahmenvollzug nach Strafgesetz;;;3054.00;AG-Beiträge an Familienzulagekassen;;100.0;;-100.0;-100.0;;192
21;Departement des Innern;2186;Massnahmenvollzug nach Strafgesetz;;;3130.00;Dienstleistungen Dritter;1670330.9;1500000.0;1618364.53;170330.9;11.36;Vgl. Kommentar zur Finanzstelle;192
21;Departement des Innern;2186;Massnahmenvollzug nach Strafgesetz;;;3181.00;Tatsächliche Forderungsverluste;;5000.0;;-5000.0;-100.0;;192
21;Departement des Innern;2186;Massnahmenvollzug nach Strafgesetz;;;3614.00;Entschädigungen an öffentliche Unternehmungen;2353349.8;2500000.0;1820465.9;-146650.2;-5.87;Vgl. Kommentar zur Finanzstelle;192
21;Departement des Innern;2186;Massnahmenvollzug nach Strafgesetz;;;3631.00;Beiträge an Kantone und Konkordate;111270.7;;;111270.7;;Bis 2025 im Konto 2186.3634.00;193
21;Departement des Innern;2186;Massnahmenvollzug nach Strafgesetz;;;3634.00;Beiträge an öffentliche Unternehmungen;;115000.0;104626.15;-115000.0;-100.0;Vgl. Kommentar zu Konto;193
21;Departement des Innern;2186;Massnahmenvollzug nach Strafgesetz;;;3705.00;Durchlaufende Beiträge an private Unternehmungen;;275000.0;283551.0;-275000.0;-100.0;Die Beiträge des Bundes an den;193
21;Departement des Innern;2186;Massnahmenvollzug nach Strafgesetz;;;4260.00;Rückerstattungen und Kostenbeteiligungen Dritter;-60603.15;-50000.0;-2152.3;-10603.15;21.21;Vgl. Kommentar zur Finanzstelle;193
21;Departement des Innern;2186;Massnahmenvollzug nach Strafgesetz;;;4700.00;Durchlaufende Beiträge vom Bund;;-275000.0;-283551.0;275000.0;-100.0;Vgl. Kommentar Konto 2186.3705.00.;193
21;Departement des Innern;2187;Opferhilfe;;;3130.00;Dienstleistungen Dritter;;80000.0;180.0;-80000.0;-100.0;Da die Lancierung der zentralen;193
21;Departement des Innern;2187;Opferhilfe;;;3611.00;Entschädigungen an Kantone und Konkordate;32070.0;38000.0;21380.0;-5930.0;-15.61;;193
21;Departement des Innern;2187;Opferhilfe;;;3636.00;Beiträge an private Organisationen ohne Erwerbszweck;714275.35;731000.0;556776.55;-16724.65;-2.29;Das budgetierte Kostendach wurde;193
21;Departement des Innern;2187;Opferhilfe;;;3637.00;Beiträge an private Haushalte;434470.48;220000.0;175271.82;214470.48;97.49;Die Höhe der gemäss;193
21;Departement des Innern;2187;Opferhilfe;;;4260.00;Rückerstattungen und Kostenbeteiligungen Dritter;-5208.0;-9000.0;-5000.0;3792.0;-42.13;;193
21;Departement des Innern;2187;Opferhilfe;;;4611.00;Entschädigungen von Kantonen und Konkordaten;-13897.0;-5000.0;-8552.0;-8897.0;177.94;;193
21;Departement des Innern;2191;Staatsbeitrag Arbeitslosenhilfe und Familienausgleichskasse;;;3613.20;Erlassene AHV-Beiträge;409562.75;400000.0;334165.65;9562.75;2.39;;193
21;Departement des Innern;2191;Staatsbeitrag Arbeitslosenhilfe und Familienausgleichskasse;;;3614.00;Entschädigungen an öffentliche Unternehmungen;87304.04;82700.0;80625.8;4604.04;5.57;;193
21;Departement des Innern;2191;Staatsbeitrag Arbeitslosenhilfe und Familienausgleichskasse;;;3633.05;Kantonsbeitrag an den Sozialfonds;596812.05;600000.0;526784.3;-3187.95;-0.53;;194
21;Departement des Innern;2191;Staatsbeitrag Arbeitslosenhilfe und Familienausgleichskasse;;;3633.10;Kantonsbeitrag an die Familienzulagen für Nichterwerbstätige;994922.0;700000.0;692674.7;294922.0;42.13;In mehreren Fällen erfolgten;194
21;Departement des Innern;2191;Staatsbeitrag Arbeitslosenhilfe und Familienausgleichskasse;;;4630.00;Beiträge vom Bund;-60607.55;-50000.0;-48383.05;-10607.55;21.22;Der Anteil der erlassenen Beiträge;194
21;Departement des Innern;2191;Staatsbeitrag Arbeitslosenhilfe und Familienausgleichskasse;;;4632.11;Beiträge von Gemeinden an die erlassenen AHV- Beiträge;-144174.0;-150000.0;-118699.8;5826.0;-3.88;;194
21;Departement des Innern;2192;Ergänzungsleistungen;;;3613.00;Entschädigungen an öffentliche Sozialversicherungen;1994670.7;1900000.0;1943943.2;94670.7;4.98;Die Verwaltungskosten fielen;194
21;Departement des Innern;2192;Ergänzungsleistungen;;;3637.10;Allgemeiner Lebensbedarf AHV;16226624.0;14500000.0;14986321.6;1726624.0;11.91;Vgl. Kommentar zur Finanzstelle;194
21;Departement des Innern;2192;Ergänzungsleistungen;;;3637.11;Heim- und Krankheitskosten AHV;14479579.56;16600000.0;14622837.67;-2120420.44;-12.77;Vgl. Kommentar zur Finanzstelle;194
21;Departement des Innern;2192;Ergänzungsleistungen;;;3637.15;Allgemeiner Lebensbedarf IV;15866596.8;14900000.0;14679992.0;966596.8;6.49;Vgl. Kommentar zur Finanzstelle;194
21;Departement des Innern;2192;Ergänzungsleistungen;;;3637.16;Heim- und Krankheitskosten IV;7951506.39;8700000.0;7728663.77;-748493.61;-8.6;Vgl. Kommentar zur Finanzstelle;194
21;Departement des Innern;2192;Ergänzungsleistungen;;;4610.00;Entschädigungen vom Bund;-618960.0;-580000.0;-598845.0;-38960.0;6.72;Vgl. Kommentar zur Finanzstelle;194
21;Departement des Innern;2192;Ergänzungsleistungen;;;4630.10;Bundesbeitrag an Ergänzungsleistungen AHV;-10141640.0;-9600000.0;-9366451.0;-541640.0;5.64;Vgl. Kommentar zur Finanzstelle;195
21;Departement des Innern;2192;Ergänzungsleistungen;;;4630.15;Bundesbeitrag an Ergänzungsleistungen IV;-9916623.0;-9500000.0;-9174995.0;-416623.0;4.39;Vgl. Kommentar zur Finanzstelle;195
21;Departement des Innern;2196;Digitale Verwaltung Schaffhausen;;;3010.00;Löhne des Verwaltungs- und Betriebspersonals;289255.0;1225000.0;;-935745.0;-76.39;Im Budget waren sämtliche mit der;195
21;Departement des Innern;2196;Digitale Verwaltung Schaffhausen;;;3050.00;AG-Beiträge AHV, IV, EO, ALV, Verwaltungskosten;18807.7;79600.0;;-60792.3;-76.37;;195
21;Departement des Innern;2196;Digitale Verwaltung Schaffhausen;;;3052.00;AG-Beiträge an Pensionskassen;44085.6;163500.0;;-119414.4;-73.04;;195
21;Departement des Innern;2196;Digitale Verwaltung Schaffhausen;;;3053.00;AG-Beiträge an Unfallversicherungen;1567.6;6600.0;;-5032.4;-76.25;;195
21;Departement des Innern;2196;Digitale Verwaltung Schaffhausen;;;3054.00;AG-Beiträge an Familienzulagekassen;3761.2;15800.0;;-12038.8;-76.19;;195
21;Departement des Innern;2196;Digitale Verwaltung Schaffhausen;;;3059.10;AG-Beiträge Sozialfonds;232.5;1000.0;;-767.5;-76.75;;195
21;Departement des Innern;2196;Digitale Verwaltung Schaffhausen;;;3118.00;Immaterielle Anlagen;16150.14;130000.0;;-113849.86;-87.58;Budget beinhaltete Projekte gemäss;195
21;Departement des Innern;2196;Digitale Verwaltung Schaffhausen;;;3130.00;Dienstleistungen Dritter;152020.61;1272000.0;384676.97;-1119979.39;-88.05;Budget beinhaltete Projekte gemäss;195
21;Departement des Innern;2196;Digitale Verwaltung Schaffhausen;;;3133.00;Informatik-Nutzungsaufwand;487748.43;2670000.0;;-2182251.57;-81.73;Budget beinhaltete Projekte gemäss;195
21;Departement des Innern;2196;Digitale Verwaltung Schaffhausen;;;3170.00;Reisekosten und Spesen;129.3;;;129.3;;;195
21;Departement des Innern;2196;Digitale Verwaltung Schaffhausen;;;3320.00;Planmässige Abschreibungen immaterielle Anlagen;;91600.0;;-91600.0;-100.0;2025 waren keine Abschreibungen;195
21;Departement des Innern;2196;Digitale Verwaltung Schaffhausen;;;3631.00;Beiträge an Kantone und Konkordate;95107.0;106000.0;73589.0;-10893.0;-10.28;Tiefere Beiträge an die «Digitale;196
21;Departement des Innern;2197;IT-Konzernprodukte;;;3130.00;Dienstleistungen Dritter;;;533375.7;;;;196
21;Departement des Innern;2197;IT-Konzernprodukte;;;3133.00;Informatik-Nutzungsaufwand;5431983.85;5985200.0;2314886.5;-553216.15;-9.24;Minderaufwand aufgrund der;196
21;Departement des Innern;2197;IT-Konzernprodukte;;;3158.00;Unterhalt immaterielle Anlagen;254340.2;254500.0;221778.66;-159.8;-0.06;;196
21;Departement des Innern;2197;IT-Konzernprodukte;;;3161.00;Mieten, Benützungskosten Anlagen;;;45080.0;;;;196
21;Departement des Innern;2197;IT-Konzernprodukte;;;3320.00;Planmässige Abschreibungen immaterielle Anlagen;102383.0;70000.0;40340.0;32383.0;46.26;Aufgrund der Verschiebung des;196
21;Departement des Innern;2197;IT-Konzernprodukte;;;4450.00;Erträge aus Darlehen VV;-57750.0;-154000.0;-143893.15;96250.0;-62.5;Geringerer Ertrag aus den;196
21;Departement des Innern;2197;IT-Konzernprodukte;;;4910.00;IV Dienstleistungen;-3220.8;-3000.0;-3168.0;-220.8;7.36;;196
21;Departement des Innern;2198;;2198.7213;Fonds für Suchtprophylaxe und Gesundheitsförderung;3010.00;Löhne des Verwaltungs- und Betriebspersonals;6625.25;;9635.55;6625.25;;;196
21;Departement des Innern;2198;;2198.7213;Fonds für Suchtprophylaxe und Gesundheitsförderung;3050.00;AG-Beiträge AHV, IV, EO, ALV, Verwaltungskosten;110.15;;366.4;110.15;;;196
21;Departement des Innern;2198;;2198.7213;Fonds für Suchtprophylaxe und Gesundheitsförderung;3053.00;AG-Beiträge an Unfallversicherungen;7.0;;1.6;7.0;;;196
21;Departement des Innern;2198;;2198.7213;Fonds für Suchtprophylaxe und Gesundheitsförderung;3054.00;AG-Beiträge an Familienzulagekassen;22.05;;73.3;22.05;;;196
21;Departement des Innern;2198;;2198.7213;Fonds für Suchtprophylaxe und Gesundheitsförderung;3059.10;AG-Beiträge Sozialfonds;1.45;;4.5;1.45;;;196
21;Departement des Innern;2198;;2198.7213;Fonds für Suchtprophylaxe und Gesundheitsförderung;3101.00;Betriebs- und Verbrauchsmaterial;3450.32;8000.0;16338.26;-4549.68;-56.87;;196
21;Departement des Innern;2198;;2198.7213;Fonds für Suchtprophylaxe und Gesundheitsförderung;3102.00;Drucksachen, Publikationen;1709.48;5000.0;1410.0;-3290.52;-65.81;;196
21;Departement des Innern;2198;;2198.7213;Fonds für Suchtprophylaxe und Gesundheitsförderung;3130.00;Dienstleistungen Dritter;142295.6;219000.0;364435.5;-76704.4;-35.02;Die im Rahmen des kantonalen;196
21;Departement des Innern;2198;;2198.7213;Fonds für Suchtprophylaxe und Gesundheitsförderung;3138.00;Kurse, Prüfungen und Beratungen;;;550.0;;;;197
21;Departement des Innern;2198;;2198.7213;Fonds für Suchtprophylaxe und Gesundheitsförderung;3170.00;Reisekosten und Spesen;236.85;;166.75;236.85;;;197
21;Departement des Innern;2198;;2198.7213;Fonds für Suchtprophylaxe und Gesundheitsförderung;3500.00;Einlagen in Spezialfinanzierungen des Fremdkapitals;129389.08;137600.0;281265.18;-8210.92;-5.97;;197
21;Departement des Innern;2198;;2198.7213;Fonds für Suchtprophylaxe und Gesundheitsförderung;3636.00;Beiträge an private Organisationen ohne Erwerbszweck;630714.87;640600.0;422510.96;-9885.13;-1.54;;197
21;Departement des Innern;2198;;2198.7213;Fonds für Suchtprophylaxe und Gesundheitsförderung;3980.00;Übertragungen;225350.4;224000.0;197480.0;1350.4;0.6;;197
21;Departement des Innern;2198;;2198.7213;Fonds für Suchtprophylaxe und Gesundheitsförderung;4120.00;Konzessionen;-125292.5;-130000.0;-123542.5;4707.5;-3.62;;197
21;Departement des Innern;2198;;2198.7213;Fonds für Suchtprophylaxe und Gesundheitsförderung;4260.00;Rückerstattungen und Kostenbeteiligungen Dritter;-250.0;;;-250.0;;;197
21;Departement des Innern;2198;;2198.7213;Fonds für Suchtprophylaxe und Gesundheitsförderung;4600.30;Anteil am Ertrag der Eidg. Alkoholverwaltung;-246220.0;-265000.0;-280555.0;18780.0;-7.09;;197
21;Departement des Innern;2198;;2198.7213;Fonds für Suchtprophylaxe und Gesundheitsförderung;4630.00;Beiträge vom Bund;-46392.0;-52000.0;;5608.0;-10.78;;197
21;Departement des Innern;2198;;2198.7213;Fonds für Suchtprophylaxe und Gesundheitsförderung;4636.00;Beiträge von privaten Organisationen ohne Erwerbszweck;-194760.0;-209000.0;-232564.0;14240.0;-6.81;;197
21;Departement des Innern;2198;;2198.7213;Fonds für Suchtprophylaxe und Gesundheitsförderung;4940.00;IV Kalk. Zinsen und Finanzaufwand;;-2200.0;-755.1;2200.0;-100.0;;197
21;Departement des Innern;2198;;2198.7213;Fonds für Suchtprophylaxe und Gesundheitsförderung;4980.00;Übertragungen;-526998.0;-576000.0;-656821.4;49002.0;-8.51;Da das Casino in Schaffhausen;197
21;Departement des Innern;2198;;2198.7215;Fonds für Integrationsmassnahmen für Ausländerinnen und Ausländer;3010.00;Löhne des Verwaltungs- und Betriebspersonals;;2000.0;3250.0;-2000.0;-100.0;;197
21;Departement des Innern;2198;;2198.7215;Fonds für Integrationsmassnahmen für Ausländerinnen und Ausländer;3050.00;AG-Beiträge AHV, IV, EO, ALV, Verwaltungskosten;;100.0;;-100.0;-100.0;;197
21;Departement des Innern;2198;;2198.7215;Fonds für Integrationsmassnahmen für Ausländerinnen und Ausländer;3052.00;AG-Beiträge an Pensionskassen;;300.0;;-300.0;-100.0;;197
21;Departement des Innern;2198;;2198.7215;Fonds für Integrationsmassnahmen für Ausländerinnen und Ausländer;3053.00;AG-Beiträge an Unfallversicherungen;;;4.7;;;;197
21;Departement des Innern;2198;;2198.7215;Fonds für Integrationsmassnahmen für Ausländerinnen und Ausländer;3102.00;Drucksachen, Publikationen;3716.5;10000.0;18182.4;-6283.5;-62.84;;197
21;Departement des Innern;2198;;2198.7215;Fonds für Integrationsmassnahmen für Ausländerinnen und Ausländer;3130.00;Dienstleistungen Dritter;3500.0;15000.0;61936.65;-11500.0;-76.67;2024 fielen im Rahmen der;198
21;Departement des Innern;2198;;2198.7215;Fonds für Integrationsmassnahmen für Ausländerinnen und Ausländer;3137.00;Steuern und Abgaben;-2191.98;;2191.98;-2191.98;;;198
21;Departement des Innern;2198;;2198.7215;Fonds für Integrationsmassnahmen für Ausländerinnen und Ausländer;3500.00;Einlagen in Spezialfinanzierungen des Fremdkapitals;63515.81;13900.0;543476.07;49615.81;356.95;Die Einlagen und Entnahmen der;198
21;Departement des Innern;2198;;2198.7215;Fonds für Integrationsmassnahmen für Ausländerinnen und Ausländer;3634.00;Beiträge an öffentliche Unternehmungen;2142.9;5000.0;9600.0;-2857.1;-57.14;;198
21;Departement des Innern;2198;;2198.7215;Fonds für Integrationsmassnahmen für Ausländerinnen und Ausländer;3635.00;Beiträge an private Unternehmungen;25369.15;100000.0;60160.25;-74630.85;-74.63;Die Kosten fielen weniger hoch aus;198
21;Departement des Innern;2198;;2198.7215;Fonds für Integrationsmassnahmen für Ausländerinnen und Ausländer;3636.00;Beiträge an private Organisationen ohne Erwerbszweck;4495061.05;4300000.0;4212713.9;195061.05;4.54;Aufgrund der hohen Fallzahlen im;198
21;Departement des Innern;2198;;2198.7215;Fonds für Integrationsmassnahmen für Ausländerinnen und Ausländer;3637.00;Beiträge an private Haushalte;972381.05;950000.0;857246.9;22381.05;2.36;Aufgrund der hohen Fallzahlen ist die;199
21;Departement des Innern;2198;;2198.7215;Fonds für Integrationsmassnahmen für Ausländerinnen und Ausländer;4500.00;Entnahmen aus Spezialfinanzierungen des Fremdkapitals;;-331400.0;;331400.0;-100.0;Vgl. Kommentar zu Konto;199
21;Departement des Innern;2198;;2198.7215;Fonds für Integrationsmassnahmen für Ausländerinnen und Ausländer;4610.00;Entschädigungen vom Bund;-4613494.48;-4100000.0;-4864106.0;-513494.48;12.52;Zusätzliche zweckgebundene;199
21;Departement des Innern;2198;;2198.7215;Fonds für Integrationsmassnahmen für Ausländerinnen und Ausländer;4940.00;IV Kalk. Zinsen und Finanzaufwand;;-14900.0;-4656.85;14900.0;-100.0;Die Verzinsung des Fondsguthabens;200
21;Departement des Innern;2198;;2198.7215;Fonds für Integrationsmassnahmen für Ausländerinnen und Ausländer;4980.00;Übertragungen;-950000.0;-950000.0;-900000.0;;;;200
21;Departement des Innern;2198;;2198.7216;Fonds Asyl- und Flüchtlingswesen;3010.00;Löhne des Verwaltungs- und Betriebspersonals;7155079.95;6000000.0;6095432.4;1155079.95;19.25;Das Personal in der Asyl- und;201
21;Departement des Innern;2198;;2198.7216;Fonds Asyl- und Flüchtlingswesen;3050.00;AG-Beiträge AHV, IV, EO, ALV, Verwaltungskosten;469851.56;390000.0;402182.89;79851.56;20.47;Vgl. Kommentar zu Konto;201
21;Departement des Innern;2198;;2198.7216;Fonds Asyl- und Flüchtlingswesen;3052.00;AG-Beiträge an Pensionskassen;798242.3;801000.0;673963.3;-2757.7;-0.34;;201
21;Departement des Innern;2198;;2198.7216;Fonds Asyl- und Flüchtlingswesen;3053.00;AG-Beiträge an Unfallversicherungen;96891.55;81700.0;82629.14;15191.55;18.59;Vgl. Kommentar zu Konto;201
21;Departement des Innern;2198;;2198.7216;Fonds Asyl- und Flüchtlingswesen;3054.00;AG-Beiträge an Familienzulagekassen;92936.59;78000.0;79565.49;14936.59;19.15;Vgl. Kommentar zu Konto;201
21;Departement des Innern;2198;;2198.7216;Fonds Asyl- und Flüchtlingswesen;3059.10;AG-Beiträge Sozialfonds;;4800.0;;-4800.0;-100.0;;201
21;Departement des Innern;2198;;2198.7216;Fonds Asyl- und Flüchtlingswesen;3064.00;Überbrückungsrenten;;;7.6;;;;201
21;Departement des Innern;2198;;2198.7216;Fonds Asyl- und Flüchtlingswesen;3090.00;Aus- und Weiterbildung des eigenen Personals;53513.45;85000.0;28077.8;-31486.55;-37.04;Kapazitätsengpässe bei Anbietenden;202
21;Departement des Innern;2198;;2198.7216;Fonds Asyl- und Flüchtlingswesen;3091.00;Personalwerbung;13270.1;7500.0;12885.2;5770.1;76.93;;202
21;Departement des Innern;2198;;2198.7216;Fonds Asyl- und Flüchtlingswesen;3099.00;Übriger Personalaufwand;28502.19;30000.0;27534.98;-1497.81;-4.99;;202
21;Departement des Innern;2198;;2198.7216;Fonds Asyl- und Flüchtlingswesen;3135.10;Dienstleistungsaufwand für Personen in Obhut Asylsuchende und Asylwesen;1546118.74;2500000.0;1829055.14;-953881.26;-38.16;Die ausserordentlichen;202
21;Departement des Innern;2198;;2198.7216;Fonds Asyl- und Flüchtlingswesen;3601.10;Ertragsanteile an Kantone und Konkordate Asylsuchende und Asylwesen;;30000.0;;-30000.0;-100.0;Die Ertragsanteile an Kantone und;202
21;Departement des Innern;2198;;2198.7216;Fonds Asyl- und Flüchtlingswesen;3631.00;Beiträge an Kantone und Konkordate;60607.55;46000.0;48383.05;14607.55;31.76;Der Betrag der erlassenen AHV-;202
21;Departement des Innern;2198;;2198.7216;Fonds Asyl- und Flüchtlingswesen;3632.13;Beiträge an Gemeinden und Gemeindezweckverbände Asylsuchende und Asylwesen;14000.0;14000.0;14000.0;;;;202
21;Departement des Innern;2198;;2198.7216;Fonds Asyl- und Flüchtlingswesen;3636.00;Beiträge an private Organisationen ohne Erwerbszweck;;105000.0;;-105000.0;-100.0;Die Kosten für das Angebot der;202
21;Departement des Innern;2198;;2198.7216;Fonds Asyl- und Flüchtlingswesen;3637.30;Beiträge an private Haushalte Asylsuchende und Asylwesen;18321322.51;14000000.0;17034323.7;4321322.51;30.87;Vgl. Kommentar zur Finanzstelle;202
21;Departement des Innern;2198;;2198.7216;Fonds Asyl- und Flüchtlingswesen;3637.31;Beiträge an private Haushalte anerkannte Flüchtlinge;5433424.06;5450000.0;5860477.46;-16575.94;-0.3;;202
21;Departement des Innern;2198;;2198.7216;Fonds Asyl- und Flüchtlingswesen;3920.00;IV Pacht, Mieten Benützungskosten;78088.8;;89518.65;78088.8;;Vgl. Kommentar zu Konto;202
21;Departement des Innern;2198;;2198.7216;Fonds Asyl- und Flüchtlingswesen;4260.10;Rückerstattungen und Kostenbeteiligungen Dritter Asylsuchende und Asylwesen;-599924.74;-600000.0;-994481.63;75.26;-0.01;;202
21;Departement des Innern;2198;;2198.7216;Fonds Asyl- und Flüchtlingswesen;4260.11;Rückerstattungen und Kostenbeteiligungen Dritter Anerkannte Flüchtlingen;;-50000.0;;50000.0;-100.0;Die angedachte Aufteilung der Kosten;203
21;Departement des Innern;2198;;2198.7216;Fonds Asyl- und Flüchtlingswesen;4430.00;Pacht- und Mietzinse Liegenschaften FV;;-30000.0;;30000.0;-100.0;Vgl. Kommentar zu Konto;203
21;Departement des Innern;2198;;2198.7216;Fonds Asyl- und Flüchtlingswesen;4610.40;Entschädigungen vom Bund Asylsuchende und Asylwesen;-18527085.0;-16500000.0;-18833063.0;-2027085.0;12.29;Die Zahl der Personen aus dem;203
21;Departement des Innern;2198;;2198.7216;Fonds Asyl- und Flüchtlingswesen;4610.41;Entschädigungen vom Bund Anerkannte Flüchtlinge;-6841693.0;-5600000.0;-6465288.0;-1241693.0;22.17;Die Entschädigungen des Bundes für;203
21;Departement des Innern;2198;;2198.7216;Fonds Asyl- und Flüchtlingswesen;4612.00;Entschädigungen von Gemeinden und Gemeindezweckverbänden;-5987533.11;-5087300.0;-4365659.13;-900233.11;17.7;Der Anstieg des Defizits in der Asyl-;203
21;Departement des Innern;2198;;2198.7216;Fonds Asyl- und Flüchtlingswesen;4630.00;Beiträge vom Bund;-112553.0;-100000.0;-128189.0;-12553.0;12.55;Vgl. Kommentar zur Finanzstelle;203
21;Departement des Innern;2198;;2198.7216;Fonds Asyl- und Flüchtlingswesen;4940.00;IV Kalk. Zinsen und Finanzaufwand;;-200.0;;200.0;-100.0;;204
21;Departement des Innern;2198;;2198.7216;Fonds Asyl- und Flüchtlingswesen;4980.00;Übertragungen;-2093060.5;-1645800.0;-1458180.92;-447260.5;27.18;Vgl. Kommentar zu Konto;204
21;Departement des Innern;2198;;2198.7216;Fonds Asyl- und Flüchtlingswesen;9011.00;Abschluss Spezialfinanzierungen und Fonds des Eigenkapitals, Aufwandüberschuss;;-9700.0;-33175.12;9700.0;-100.0;;204
21;Departement des Innern;2198;;2198.7560;Anna-Katharina-Federli Fonds;3502.00;Einlagen in Legate und Stiftungen des Fremdkapitals;13.48;200.0;160.75;-186.52;-93.26;;204
21;Departement des Innern;2198;;2198.7560;Anna-Katharina-Federli Fonds;4940.00;IV Kalk. Zinsen und Finanzaufwand;-13.48;-200.0;-160.75;186.52;-93.26;;204
22;Erziehungsdepartement;2201;Departementssekretariat;;;3000.10;Sitzungsgelder Kommissionen;24659.35;30000.0;23493.75;-5340.65;-17.8;;205
22;Erziehungsdepartement;2201;Departementssekretariat;;;3010.00;Löhne des Verwaltungs- und Betriebspersonals;966845.15;1037300.0;843474.35;-70454.85;-6.79;Vakante Akzessstelle.;205
22;Erziehungsdepartement;2201;Departementssekretariat;;;3050.00;AG-Beiträge AHV, IV, EO, ALV, Verwaltungskosten;62763.25;69400.0;52918.2;-6636.75;-9.56;;205
22;Erziehungsdepartement;2201;Departementssekretariat;;;3052.00;AG-Beiträge an Pensionskassen;138050.6;138500.0;131382.1;-449.4;-0.32;;205
22;Erziehungsdepartement;2201;Departementssekretariat;;;3053.00;AG-Beiträge an Unfallversicherungen;5031.25;5800.0;3927.5;-768.75;-13.25;;205
22;Erziehungsdepartement;2201;Departementssekretariat;;;3054.00;AG-Beiträge an Familienzulagekassen;12665.05;13900.0;11060.55;-1234.95;-8.88;;205
22;Erziehungsdepartement;2201;Departementssekretariat;;;3059.10;AG-Beiträge Sozialfonds;739.25;800.0;508.25;-60.75;-7.59;;205
22;Erziehungsdepartement;2201;Departementssekretariat;;;3090.00;Aus- und Weiterbildung des eigenen Personals;3828.35;26000.0;748.45;-22171.65;-85.28;Weiterbildungen wurden weniger;205
22;Erziehungsdepartement;2201;Departementssekretariat;;;3091.00;Personalwerbung;;5000.0;;-5000.0;-100.0;;205
22;Erziehungsdepartement;2201;Departementssekretariat;;;3099.00;Übriger Personalaufwand;8864.35;8000.0;3749.05;864.35;10.8;;205
22;Erziehungsdepartement;2201;Departementssekretariat;;;3100.00;Büromaterial;1026.17;2000.0;2832.02;-973.83;-48.69;;205
22;Erziehungsdepartement;2201;Departementssekretariat;;;3102.00;Drucksachen, Publikationen;382.15;3000.0;;-2617.85;-87.26;;205
22;Erziehungsdepartement;2201;Departementssekretariat;;;3103.00;Fachliteratur, Zeitschriften;3478.1;2000.0;1947.7;1478.1;73.91;;205
22;Erziehungsdepartement;2201;Departementssekretariat;;;3113.00;Hardware;1489.5;4000.0;1030.0;-2510.5;-62.76;;205
22;Erziehungsdepartement;2201;Departementssekretariat;;;3118.00;Immaterielle Anlagen;;67000.0;42.0;-67000.0;-100.0;Digitalisierung Prozess;205
22;Erziehungsdepartement;2201;Departementssekretariat;;;3130.00;Dienstleistungen Dritter;121158.65;125500.0;9662.25;-4341.35;-3.46;;205
22;Erziehungsdepartement;2201;Departementssekretariat;;;3133.00;Informatik-Nutzungsaufwand;62091.9;99000.0;39395.05;-36908.1;-37.28;Projekt «Einführung und Ausbau CMI-;205
22;Erziehungsdepartement;2201;Departementssekretariat;;;3161.00;Mieten, Benützungskosten Anlagen;;9500.0;10113.4;-9500.0;-100.0;;205
22;Erziehungsdepartement;2201;Departementssekretariat;;;3170.00;Reisekosten und Spesen;4661.95;7000.0;3367.2;-2338.05;-33.4;;205
22;Erziehungsdepartement;2201;Departementssekretariat;;;3181.00;Tatsächliche Forderungsverluste;250.0;;800.0;250.0;;;205
22;Erziehungsdepartement;2201;Departementssekretariat;;;3199.00;Übriger Betriebsaufwand;500.0;500.0;;;;;205
22;Erziehungsdepartement;2201;Departementssekretariat;;;3612.10;Entschädigungen an innerkantonale Gemeinden und Gemeindezweckverbände;18000.0;18000.0;18000.0;;;;205
22;Erziehungsdepartement;2201;Departementssekretariat;;;3631.00;Beiträge an Kantone und Konkordate;271262.92;259500.0;267627.98;11762.92;4.53;;205
22;Erziehungsdepartement;2201;Departementssekretariat;;;3631.31;Beiträge an Randenkommission;5395.87;16000.0;6164.6;-10604.13;-66.28;Das grenzüberschreitende Projekt;206
22;Erziehungsdepartement;2201;Departementssekretariat;;;3632.10;Beiträge an innerkantonale Gemeinden und Gemeindezweckverbände;238260.45;200000.0;;38260.45;19.13;Eine Prognose der ausbezahlten;206
22;Erziehungsdepartement;2201;Departementssekretariat;;;3636.00;Beiträge an private Organisationen ohne Erwerbszweck;3931549.0;3964000.0;3905413.0;-32451.0;-0.82;Die Staatsbeiträge an die;206
22;Erziehungsdepartement;2201;Departementssekretariat;;;3638.00;Beiträge an das Ausland;6812.26;7700.0;4879.73;-887.74;-11.53;;206
22;Erziehungsdepartement;2201;Departementssekretariat;;;3660.20;Planmässige Abschreibungen Invest.beiträge an Gemeinden;1343692.0;1375800.0;1343692.0;-32108.0;-2.33;Tiefere Investitionsbeiträge führten zu;206
22;Erziehungsdepartement;2201;Departementssekretariat;;;3900.00;IV Material- und Warenbezüge;39.2;;;39.2;;;206
22;Erziehungsdepartement;2201;Departementssekretariat;;;3910.00;IV Dienstleistungen;577.9;;;577.9;;;206
22;Erziehungsdepartement;2201;Departementssekretariat;;;4210.00;Gebühren für Amtshandlungen;-9500.0;-5000.0;-13500.0;-4500.0;90.0;;206
22;Erziehungsdepartement;2215;Geschäftsleitung/Stabsdienste Bildung/Kindergarten, Primar- und Sekundarstufe I;;;3010.00;Löhne des Verwaltungs- und Betriebspersonals;992375.95;964500.0;834252.95;27875.95;2.89;Zwei Monate Überschneidung für;206
22;Erziehungsdepartement;2215;Geschäftsleitung/Stabsdienste Bildung/Kindergarten, Primar- und Sekundarstufe I;;;3010.95;Rückerstattungen Taggelder UV, EO, MSE, MV, IV für Verwaltungs- und Betriebspersonal;-1125.45;;-1638.6;-1125.45;;;206
22;Erziehungsdepartement;2215;Geschäftsleitung/Stabsdienste Bildung/Kindergarten, Primar- und Sekundarstufe I;;;3050.00;AG-Beiträge AHV, IV, EO, ALV, Verwaltungskosten;63470.9;62700.0;53740.8;770.9;1.23;;206
22;Erziehungsdepartement;2215;Geschäftsleitung/Stabsdienste Bildung/Kindergarten, Primar- und Sekundarstufe I;;;3052.00;AG-Beiträge an Pensionskassen;131535.4;128800.0;131362.25;2735.4;2.12;;206
22;Erziehungsdepartement;2215;Geschäftsleitung/Stabsdienste Bildung/Kindergarten, Primar- und Sekundarstufe I;;;3053.00;AG-Beiträge an Unfallversicherungen;4906.5;5200.0;4268.45;-293.5;-5.64;;206
22;Erziehungsdepartement;2215;Geschäftsleitung/Stabsdienste Bildung/Kindergarten, Primar- und Sekundarstufe I;;;3054.00;AG-Beiträge an Familienzulagekassen;12885.2;12500.0;10845.3;385.2;3.08;;206
22;Erziehungsdepartement;2215;Geschäftsleitung/Stabsdienste Bildung/Kindergarten, Primar- und Sekundarstufe I;;;3059.10;AG-Beiträge Sozialfonds;724.4;800.0;632.05;-75.6;-9.45;;206
22;Erziehungsdepartement;2215;Geschäftsleitung/Stabsdienste Bildung/Kindergarten, Primar- und Sekundarstufe I;;;3090.00;Aus- und Weiterbildung des eigenen Personals;38931.32;39500.0;25796.37;-568.68;-1.44;;206
22;Erziehungsdepartement;2215;Geschäftsleitung/Stabsdienste Bildung/Kindergarten, Primar- und Sekundarstufe I;;;3091.00;Personalwerbung;;500.0;713.45;-500.0;-100.0;;206
22;Erziehungsdepartement;2215;Geschäftsleitung/Stabsdienste Bildung/Kindergarten, Primar- und Sekundarstufe I;;;3099.00;Übriger Personalaufwand;202951.2;206200.0;201561.5;-3248.8;-1.58;;206
22;Erziehungsdepartement;2215;Geschäftsleitung/Stabsdienste Bildung/Kindergarten, Primar- und Sekundarstufe I;;;3100.00;Büromaterial;9883.26;15300.0;10506.15;-5416.74;-35.4;;206
22;Erziehungsdepartement;2215;Geschäftsleitung/Stabsdienste Bildung/Kindergarten, Primar- und Sekundarstufe I;;;3102.00;Drucksachen, Publikationen;;1000.0;;-1000.0;-100.0;;206
22;Erziehungsdepartement;2215;Geschäftsleitung/Stabsdienste Bildung/Kindergarten, Primar- und Sekundarstufe I;;;3103.00;Fachliteratur, Zeitschriften;1085.8;1000.0;1034.0;85.8;8.58;;206
22;Erziehungsdepartement;2215;Geschäftsleitung/Stabsdienste Bildung/Kindergarten, Primar- und Sekundarstufe I;;;3113.00;Hardware;2285.89;4000.0;1106.0;-1714.11;-42.85;;206
22;Erziehungsdepartement;2215;Geschäftsleitung/Stabsdienste Bildung/Kindergarten, Primar- und Sekundarstufe I;;;3118.00;Immaterielle Anlagen;;4200.0;5000.0;-4200.0;-100.0;;207
22;Erziehungsdepartement;2215;Geschäftsleitung/Stabsdienste Bildung/Kindergarten, Primar- und Sekundarstufe I;;;3130.00;Dienstleistungen Dritter;27418.65;10000.0;116514.9;17418.65;174.19;Vakante Stelle, die temporär extern;207
22;Erziehungsdepartement;2215;Geschäftsleitung/Stabsdienste Bildung/Kindergarten, Primar- und Sekundarstufe I;;;3133.00;Informatik-Nutzungsaufwand;130222.65;111900.0;111747.2;18322.65;16.37;Deutlich mehr Lehreraccounts im HR-;207
22;Erziehungsdepartement;2215;Geschäftsleitung/Stabsdienste Bildung/Kindergarten, Primar- und Sekundarstufe I;;;3153.00;Informatik-Unterhalt (Hardware);;12000.0;10953.5;-12000.0;-100.0;Falsche Budgetierung, korrekt auf;207
22;Erziehungsdepartement;2215;Geschäftsleitung/Stabsdienste Bildung/Kindergarten, Primar- und Sekundarstufe I;;;3158.00;Unterhalt immaterielle Anlagen;11590.35;8000.0;;3590.35;44.88;;207
22;Erziehungsdepartement;2215;Geschäftsleitung/Stabsdienste Bildung/Kindergarten, Primar- und Sekundarstufe I;;;3160.00;Mieten und Pachten Liegenschaften;220.0;;1282.5;220.0;;;207
22;Erziehungsdepartement;2215;Geschäftsleitung/Stabsdienste Bildung/Kindergarten, Primar- und Sekundarstufe I;;;3161.00;Mieten, Benützungskosten Anlagen;;2300.0;3233.7;-2300.0;-100.0;;207
22;Erziehungsdepartement;2215;Geschäftsleitung/Stabsdienste Bildung/Kindergarten, Primar- und Sekundarstufe I;;;3170.00;Reisekosten und Spesen;6814.25;4000.0;3949.55;2814.25;70.36;;207
22;Erziehungsdepartement;2215;Geschäftsleitung/Stabsdienste Bildung/Kindergarten, Primar- und Sekundarstufe I;;;3199.00;Übriger Betriebsaufwand;80.8;500.0;;-419.2;-83.84;;207
22;Erziehungsdepartement;2215;Geschäftsleitung/Stabsdienste Bildung/Kindergarten, Primar- und Sekundarstufe I;;;3320.00;Planmässige Abschreibungen immaterielle Anlagen;32303.0;40200.0;;-7897.0;-19.64;;207
22;Erziehungsdepartement;2215;Geschäftsleitung/Stabsdienste Bildung/Kindergarten, Primar- und Sekundarstufe I;;;3910.00;IV Dienstleistungen;6448.0;5000.0;7530.0;1448.0;28.96;;207
22;Erziehungsdepartement;2215;Geschäftsleitung/Stabsdienste Bildung/Kindergarten, Primar- und Sekundarstufe I;;;4210.00;Gebühren für Amtshandlungen;-14700.0;-6600.0;-6500.0;-8100.0;122.73;;207
22;Erziehungsdepartement;2215;Geschäftsleitung/Stabsdienste Bildung/Kindergarten, Primar- und Sekundarstufe I;;;4240.00;Benützungsgebühren und Dienstleistungen;-13645.15;-14000.0;-19618.8;354.85;-2.53;;207
22;Erziehungsdepartement;2215;Geschäftsleitung/Stabsdienste Bildung/Kindergarten, Primar- und Sekundarstufe I;;;4309.00;Übrige betriebliche Erträge;-173.05;-600.0;-286.65;426.95;-71.16;;207
22;Erziehungsdepartement;2215;Geschäftsleitung/Stabsdienste Bildung/Kindergarten, Primar- und Sekundarstufe I;;;4612.10;Entschädigungen von innerkantonalen Gemeinden und Gemeindezweckverbänden;-192564.0;-180000.0;-189264.0;-12564.0;6.98;Mehr Lohnabrechnungen erstellt und;207
22;Erziehungsdepartement;2217;Verschiedene Finanzierungen und allgemeine Projekte K+P+S;;;3000.10;Sitzungsgelder Kommissionen;26250.0;39000.0;13800.0;-12750.0;-32.69;Deutlich weniger Sitzungsgelder;207
22;Erziehungsdepartement;2217;Verschiedene Finanzierungen und allgemeine Projekte K+P+S;;;3010.00;Löhne des Verwaltungs- und Betriebspersonals;45112.5;42500.0;198706.3;2612.5;6.15;;207
22;Erziehungsdepartement;2217;Verschiedene Finanzierungen und allgemeine Projekte K+P+S;;;3020.00;Löhne der Lehrpersonen;133671.05;265200.0;158815.9;-131528.95;-49.6;Tiefere personelle Ressourcen für;207
22;Erziehungsdepartement;2217;Verschiedene Finanzierungen und allgemeine Projekte K+P+S;;;3050.00;AG-Beiträge AHV, IV, EO, ALV, Verwaltungskosten;12338.25;22600.0;13827.45;-10261.75;-45.41;Vgl. Kommentar zu Konto;208
22;Erziehungsdepartement;2217;Verschiedene Finanzierungen und allgemeine Projekte K+P+S;;;3052.00;AG-Beiträge an Pensionskassen;6588.55;41100.0;15837.7;-34511.45;-83.97;Vgl. Kommentar zu Konto;208
22;Erziehungsdepartement;2217;Verschiedene Finanzierungen und allgemeine Projekte K+P+S;;;3053.00;AG-Beiträge an Unfallversicherungen;985.2;1900.0;1102.15;-914.8;-48.15;;208
22;Erziehungsdepartement;2217;Verschiedene Finanzierungen und allgemeine Projekte K+P+S;;;3054.00;AG-Beiträge an Familienzulagekassen;2468.95;4600.0;2766.95;-2131.05;-46.33;;208
22;Erziehungsdepartement;2217;Verschiedene Finanzierungen und allgemeine Projekte K+P+S;;;3059.10;AG-Beiträge Sozialfonds;151.9;300.0;169.05;-148.1;-49.37;;208
22;Erziehungsdepartement;2217;Verschiedene Finanzierungen und allgemeine Projekte K+P+S;;;3090.00;Aus- und Weiterbildung des eigenen Personals;38301.0;105000.0;27701.4;-66699.0;-63.52;Es wurden weniger obligatorische;208
22;Erziehungsdepartement;2217;Verschiedene Finanzierungen und allgemeine Projekte K+P+S;;;3099.00;Übriger Personalaufwand;36238.1;10000.0;22700.4;26238.1;262.38;Teamprämien auf Konto;208
22;Erziehungsdepartement;2217;Verschiedene Finanzierungen und allgemeine Projekte K+P+S;;;3100.00;Büromaterial;;5000.0;176.85;-5000.0;-100.0;;208
22;Erziehungsdepartement;2217;Verschiedene Finanzierungen und allgemeine Projekte K+P+S;;;3102.00;Drucksachen, Publikationen;5680.0;11000.0;3831.8;-5320.0;-48.36;;208
22;Erziehungsdepartement;2217;Verschiedene Finanzierungen und allgemeine Projekte K+P+S;;;3103.00;Fachliteratur, Zeitschriften;618.1;1000.0;711.9;-381.9;-38.19;;208
22;Erziehungsdepartement;2217;Verschiedene Finanzierungen und allgemeine Projekte K+P+S;;;3104.00;Lehrmittel;9840.65;11200.0;5912.65;-1359.35;-12.14;;208
22;Erziehungsdepartement;2217;Verschiedene Finanzierungen und allgemeine Projekte K+P+S;;;3113.00;Hardware;272.6;3000.0;1602.72;-2727.4;-90.91;;208
22;Erziehungsdepartement;2217;Verschiedene Finanzierungen und allgemeine Projekte K+P+S;;;3118.00;Immaterielle Anlagen;12749.1;12600.0;16560.92;149.1;1.18;;208
22;Erziehungsdepartement;2217;Verschiedene Finanzierungen und allgemeine Projekte K+P+S;;;3130.00;Dienstleistungen Dritter;358948.84;470500.0;217546.67;-111551.16;-23.71;Aufgrund Vakanzen in der Abteilung;208
22;Erziehungsdepartement;2217;Verschiedene Finanzierungen und allgemeine Projekte K+P+S;;;3133.00;Informatik-Nutzungsaufwand;;;99694.09;;;;208
22;Erziehungsdepartement;2217;Verschiedene Finanzierungen und allgemeine Projekte K+P+S;;;3158.00;Unterhalt immaterielle Anlagen;98920.08;205000.0;;-106079.92;-51.75;Weniger Mittel benötigt für den;208
22;Erziehungsdepartement;2217;Verschiedene Finanzierungen und allgemeine Projekte K+P+S;;;3160.00;Mieten und Pachten Liegenschaften;2200.0;3800.0;;-1600.0;-42.11;;208
22;Erziehungsdepartement;2217;Verschiedene Finanzierungen und allgemeine Projekte K+P+S;;;3170.00;Reisekosten und Spesen;788.25;7000.0;1046.6;-6211.75;-88.74;;208
22;Erziehungsdepartement;2217;Verschiedene Finanzierungen und allgemeine Projekte K+P+S;;;3614.00;Entschädigungen an öffentliche Unternehmungen;431600.6;470000.0;21020.0;-38399.4;-8.17;Evaluation erster Zyklus: Deutlich;209
22;Erziehungsdepartement;2217;Verschiedene Finanzierungen und allgemeine Projekte K+P+S;;;3631.00;Beiträge an Kantone und Konkordate;9708.0;11000.0;10300.0;-1292.0;-11.75;;209
22;Erziehungsdepartement;2217;Verschiedene Finanzierungen und allgemeine Projekte K+P+S;;;3636.00;Beiträge an private Organisationen ohne Erwerbszweck;6325.0;5000.0;39190.15;1325.0;26.5;;209
22;Erziehungsdepartement;2217;Verschiedene Finanzierungen und allgemeine Projekte K+P+S;;;3707.00;Durchlaufende Beiträge an private Haushalte;28000.0;;;28000.0;;Zahlungen im Rahmen des Projektes;209
22;Erziehungsdepartement;2217;Verschiedene Finanzierungen und allgemeine Projekte K+P+S;;;3910.00;IV Dienstleistungen;3245.7;;;3245.7;;;209
22;Erziehungsdepartement;2217;Verschiedene Finanzierungen und allgemeine Projekte K+P+S;;;4250.00;Verkäufe;;-2000.0;-11696.6;2000.0;-100.0;;209
22;Erziehungsdepartement;2217;Verschiedene Finanzierungen und allgemeine Projekte K+P+S;;;4309.00;Übrige betriebliche Erträge;;-1000.0;-10000.0;1000.0;-100.0;;209
22;Erziehungsdepartement;2217;Verschiedene Finanzierungen und allgemeine Projekte K+P+S;;;4612.00;Entschädigungen von Gemeinden und Gemeindezweckverbänden;-18157.6;-33000.0;-2056.15;14842.4;-44.98;Weniger Gemeindeanteile für Case-;209
22;Erziehungsdepartement;2217;Verschiedene Finanzierungen und allgemeine Projekte K+P+S;;;4630.00;Beiträge vom Bund;-8938.0;;-25350.0;-8938.0;;;209
22;Erziehungsdepartement;2217;Verschiedene Finanzierungen und allgemeine Projekte K+P+S;;;4700.00;Durchlaufende Beiträge vom Bund;-28000.0;;;-28000.0;;Unterstützungsbeiträge des Bundes;209
22;Erziehungsdepartement;2217;Verschiedene Finanzierungen und allgemeine Projekte K+P+S;;;4980.00;Übertragungen;;;-35000.0;;;;209
22;Erziehungsdepartement;2218;Schultherapien;;;3020.00;Löhne der Lehrpersonen;3059923.3;3329500.0;2951359.7;-269576.7;-8.1;Unbesetzte Logopädiestellen.;209
22;Erziehungsdepartement;2218;Schultherapien;;;3020.95;Rückerstattungen Taggelder UV, EO, MSE, MV, IV für Lehrpersonen;-952.4;-10000.0;-30542.6;9047.6;-90.48;;209
22;Erziehungsdepartement;2218;Schultherapien;;;3050.00;AG-Beiträge AHV, IV, EO, ALV, Verwaltungskosten;192646.2;216400.0;185242.5;-23753.8;-10.98;Vgl. Kommentar zu Konto;209
22;Erziehungsdepartement;2218;Schultherapien;;;3052.00;AG-Beiträge an Pensionskassen;408984.9;444500.0;393806.9;-35515.1;-7.99;Vgl. Kommentar zu Konto;209
22;Erziehungsdepartement;2218;Schultherapien;;;3053.00;AG-Beiträge an Unfallversicherungen;16318.35;18000.0;15525.9;-1681.65;-9.34;;209
22;Erziehungsdepartement;2218;Schultherapien;;;3054.00;AG-Beiträge an Familienzulagekassen;38977.1;43300.0;37403.05;-4322.9;-9.98;;209
22;Erziehungsdepartement;2218;Schultherapien;;;3059.10;AG-Beiträge Sozialfonds;2232.15;2600.0;2171.25;-367.85;-14.15;;209
22;Erziehungsdepartement;2218;Schultherapien;;;3064.00;Überbrückungsrenten;5934.25;;;5934.25;;;209
22;Erziehungsdepartement;2218;Schultherapien;;;3090.00;Aus- und Weiterbildung des eigenen Personals;12985.27;30000.0;13739.35;-17014.73;-56.72;Weiterbildungen wurden weniger;209
22;Erziehungsdepartement;2218;Schultherapien;;;3091.00;Personalwerbung;1350.0;3000.0;1190.5;-1650.0;-55.0;;209
22;Erziehungsdepartement;2218;Schultherapien;;;3099.00;Übriger Personalaufwand;3927.8;4600.0;4717.25;-672.2;-14.61;;210
22;Erziehungsdepartement;2218;Schultherapien;;;3100.00;Büromaterial;927.75;1500.0;868.0;-572.25;-38.15;;210
22;Erziehungsdepartement;2218;Schultherapien;;;3103.00;Fachliteratur, Zeitschriften;69.0;200.0;69.0;-131.0;-65.5;;210
22;Erziehungsdepartement;2218;Schultherapien;;;3104.00;Lehrmittel;71717.62;82900.0;48512.05;-11182.38;-13.49;Tiefere Ausgaben für;210
22;Erziehungsdepartement;2218;Schultherapien;;;3106.00;Medizinisches Material;;200.0;51.75;-200.0;-100.0;;210
22;Erziehungsdepartement;2218;Schultherapien;;;3113.00;Hardware;13746.46;9000.0;8241.25;4746.46;52.74;;210
22;Erziehungsdepartement;2218;Schultherapien;;;3118.00;Immaterielle Anlagen;2931.66;3000.0;2749.8;-68.34;-2.28;;210
22;Erziehungsdepartement;2218;Schultherapien;;;3130.00;Dienstleistungen Dritter;61701.13;72000.0;54208.27;-10298.87;-14.3;Weniger IT-Supportkosten für;210
22;Erziehungsdepartement;2218;Schultherapien;;;3133.00;Informatik-Nutzungsaufwand;790.0;800.0;15.0;-10.0;-1.25;;210
22;Erziehungsdepartement;2218;Schultherapien;;;3153.00;Informatik-Unterhalt (Hardware);95.0;;;95.0;;;210
22;Erziehungsdepartement;2218;Schultherapien;;;3170.00;Reisekosten und Spesen;1827.0;4500.0;2198.9;-2673.0;-59.4;;210
22;Erziehungsdepartement;2218;Schultherapien;;;4612.01;Gemeindebeitrag an den Übergangsrenten Lehrpersonen Volksschulen;-2091.0;;;-2091.0;;;210
22;Erziehungsdepartement;2219;Aufsicht Sonderschulung und Therapien;;;3010.00;Löhne des Verwaltungs- und Betriebspersonals;448639.2;485600.0;390717.8;-36960.8;-7.61;Veränderte Altersstruktur des Teams.;210
22;Erziehungsdepartement;2219;Aufsicht Sonderschulung und Therapien;;;3050.00;AG-Beiträge AHV, IV, EO, ALV, Verwaltungskosten;29159.5;31600.0;25408.6;-2440.5;-7.72;;210
22;Erziehungsdepartement;2219;Aufsicht Sonderschulung und Therapien;;;3052.00;AG-Beiträge an Pensionskassen;65698.5;64800.0;61762.4;898.5;1.39;;210
22;Erziehungsdepartement;2219;Aufsicht Sonderschulung und Therapien;;;3053.00;AG-Beiträge an Unfallversicherungen;2431.7;2600.0;2116.9;-168.3;-6.47;;210
22;Erziehungsdepartement;2219;Aufsicht Sonderschulung und Therapien;;;3054.00;AG-Beiträge an Familienzulagekassen;5831.4;6300.0;5080.0;-468.6;-7.44;;210
22;Erziehungsdepartement;2219;Aufsicht Sonderschulung und Therapien;;;3059.10;AG-Beiträge Sozialfonds;359.65;400.0;312.4;-40.35;-10.09;;210
22;Erziehungsdepartement;2219;Aufsicht Sonderschulung und Therapien;;;3090.00;Aus- und Weiterbildung des eigenen Personals;;;100.0;;;;210
22;Erziehungsdepartement;2219;Aufsicht Sonderschulung und Therapien;;;3091.00;Personalwerbung;;;1012.65;;;;210
22;Erziehungsdepartement;2219;Aufsicht Sonderschulung und Therapien;;;3099.00;Übriger Personalaufwand;460.0;1000.0;400.0;-540.0;-54.0;;210
22;Erziehungsdepartement;2219;Aufsicht Sonderschulung und Therapien;;;3103.00;Fachliteratur, Zeitschriften;52.6;200.0;25.5;-147.4;-73.7;;210
22;Erziehungsdepartement;2219;Aufsicht Sonderschulung und Therapien;;;3113.00;Hardware;1496.5;1000.0;3070.5;496.5;49.65;;210
22;Erziehungsdepartement;2219;Aufsicht Sonderschulung und Therapien;;;3118.00;Immaterielle Anlagen;1488.8;500.0;1546.8;988.8;197.76;;210
22;Erziehungsdepartement;2219;Aufsicht Sonderschulung und Therapien;;;3130.00;Dienstleistungen Dritter;1769.5;25200.0;299.9;-23430.5;-92.98;Die geplante Weiterentwicklung der;210
22;Erziehungsdepartement;2219;Aufsicht Sonderschulung und Therapien;;;3133.00;Informatik-Nutzungsaufwand;23388.4;18100.0;10510.65;5288.4;29.22;;210
22;Erziehungsdepartement;2219;Aufsicht Sonderschulung und Therapien;;;3158.00;Unterhalt immaterielle Anlagen;15208.85;15000.0;;208.85;1.39;;210
22;Erziehungsdepartement;2219;Aufsicht Sonderschulung und Therapien;;;3161.00;Mieten, Benützungskosten Anlagen;;;1442.6;;;;211
22;Erziehungsdepartement;2219;Aufsicht Sonderschulung und Therapien;;;3170.00;Reisekosten und Spesen;1036.55;2000.0;965.15;-963.45;-48.17;;211
22;Erziehungsdepartement;2221;Aufsicht, Schulentwicklung;;;3010.00;Löhne des Verwaltungs- und Betriebspersonals;1147670.9;1231500.0;1116210.0;-83829.1;-6.81;Temporäre Vakanzen.;211
22;Erziehungsdepartement;2221;Aufsicht, Schulentwicklung;;;3010.95;Rückerstattungen Taggelder UV, EO, MSE, MV, IV für Verwaltungs- und Betriebspersonal;;-1000.0;;1000.0;-100.0;;211
22;Erziehungsdepartement;2221;Aufsicht, Schulentwicklung;;;3050.00;AG-Beiträge AHV, IV, EO, ALV, Verwaltungskosten;74405.0;80100.0;71695.2;-5695.0;-7.11;;211
22;Erziehungsdepartement;2221;Aufsicht, Schulentwicklung;;;3052.00;AG-Beiträge an Pensionskassen;161775.6;164400.0;167449.2;-2624.4;-1.6;;211
22;Erziehungsdepartement;2221;Aufsicht, Schulentwicklung;;;3053.00;AG-Beiträge an Unfallversicherungen;6260.4;6600.0;5597.75;-339.6;-5.15;;211
22;Erziehungsdepartement;2221;Aufsicht, Schulentwicklung;;;3054.00;AG-Beiträge an Familienzulagekassen;14920.1;16000.0;14563.35;-1079.9;-6.75;;211
22;Erziehungsdepartement;2221;Aufsicht, Schulentwicklung;;;3059.10;AG-Beiträge Sozialfonds;903.35;1000.0;814.4;-96.65;-9.67;;211
22;Erziehungsdepartement;2221;Aufsicht, Schulentwicklung;;;3090.00;Aus- und Weiterbildung des eigenen Personals;880.0;;634.35;880.0;;;211
22;Erziehungsdepartement;2221;Aufsicht, Schulentwicklung;;;3091.00;Personalwerbung;;500.0;;-500.0;-100.0;;211
22;Erziehungsdepartement;2221;Aufsicht, Schulentwicklung;;;3099.00;Übriger Personalaufwand;1120.0;500.0;1120.0;620.0;124.0;;211
22;Erziehungsdepartement;2221;Aufsicht, Schulentwicklung;;;3100.00;Büromaterial;188.85;;179.0;188.85;;;211
22;Erziehungsdepartement;2221;Aufsicht, Schulentwicklung;;;3104.00;Lehrmittel;195.0;;;195.0;;;211
22;Erziehungsdepartement;2221;Aufsicht, Schulentwicklung;;;3113.00;Hardware;4066.0;5000.0;288.0;-934.0;-18.68;;211
22;Erziehungsdepartement;2221;Aufsicht, Schulentwicklung;;;3130.00;Dienstleistungen Dritter;1897.15;10000.0;2349.9;-8102.85;-81.03;;211
22;Erziehungsdepartement;2221;Aufsicht, Schulentwicklung;;;3133.00;Informatik-Nutzungsaufwand;119288.2;141000.0;126256.2;-21711.8;-15.4;Weniger Dienstleistungen ITSH.;211
22;Erziehungsdepartement;2221;Aufsicht, Schulentwicklung;;;3158.00;Unterhalt immaterielle Anlagen;242.65;;;242.65;;;211
22;Erziehungsdepartement;2221;Aufsicht, Schulentwicklung;;;3160.00;Mieten und Pachten Liegenschaften;720.0;;1135.0;720.0;;;211
22;Erziehungsdepartement;2221;Aufsicht, Schulentwicklung;;;3161.00;Mieten, Benützungskosten Anlagen;;500.0;3391.0;-500.0;-100.0;;211
22;Erziehungsdepartement;2221;Aufsicht, Schulentwicklung;;;3170.00;Reisekosten und Spesen;14144.8;25000.0;17049.49;-10855.2;-43.42;Weniger Reisetätigkeit an Tagungen;211
22;Erziehungsdepartement;2221;Aufsicht, Schulentwicklung;;;4612.00;Entschädigungen von Gemeinden und Gemeindezweckverbänden;-1247.5;;;-1247.5;;;211
22;Erziehungsdepartement;2224;Schulische Abklärung und Beratung;;;3010.00;Löhne des Verwaltungs- und Betriebspersonals;1042803.25;1041800.0;959226.2;1003.25;0.1;;211
22;Erziehungsdepartement;2224;Schulische Abklärung und Beratung;;;3010.95;Rückerstattungen Taggelder UV, EO, MSE, MV, IV für Verwaltungs- und Betriebspersonal;-23009.2;;;-23009.2;;;211
22;Erziehungsdepartement;2224;Schulische Abklärung und Beratung;;;3050.00;AG-Beiträge AHV, IV, EO, ALV, Verwaltungskosten;65247.55;67800.0;59223.8;-2552.45;-3.76;;211
22;Erziehungsdepartement;2224;Schulische Abklärung und Beratung;;;3052.00;AG-Beiträge an Pensionskassen;142744.85;139100.0;147110.85;3644.85;2.62;;211
22;Erziehungsdepartement;2224;Schulische Abklärung und Beratung;;;3053.00;AG-Beiträge an Unfallversicherungen;5465.85;5600.0;5150.85;-134.15;-2.4;;212
22;Erziehungsdepartement;2224;Schulische Abklärung und Beratung;;;3054.00;AG-Beiträge an Familienzulagekassen;13292.35;13600.0;12124.1;-307.65;-2.26;;212
22;Erziehungsdepartement;2224;Schulische Abklärung und Beratung;;;3059.10;AG-Beiträge Sozialfonds;730.2;800.0;644.0;-69.8;-8.73;;212
22;Erziehungsdepartement;2224;Schulische Abklärung und Beratung;;;3090.00;Aus- und Weiterbildung des eigenen Personals;14495.0;;;14495.0;;Betrag auf Konto 2215.3090.00;212
22;Erziehungsdepartement;2224;Schulische Abklärung und Beratung;;;3091.00;Personalwerbung;;1000.0;3300.9;-1000.0;-100.0;;212
22;Erziehungsdepartement;2224;Schulische Abklärung und Beratung;;;3099.00;Übriger Personalaufwand;1040.0;1200.0;1740.69;-160.0;-13.33;;212
22;Erziehungsdepartement;2224;Schulische Abklärung und Beratung;;;3100.00;Büromaterial;4141.29;5500.0;3525.83;-1358.71;-24.7;;212
22;Erziehungsdepartement;2224;Schulische Abklärung und Beratung;;;3102.00;Drucksachen, Publikationen;;700.0;;-700.0;-100.0;;212
22;Erziehungsdepartement;2224;Schulische Abklärung und Beratung;;;3103.00;Fachliteratur, Zeitschriften;691.95;1000.0;615.4;-308.05;-30.81;;212
22;Erziehungsdepartement;2224;Schulische Abklärung und Beratung;;;3104.00;Lehrmittel;22857.91;20500.0;22002.66;2357.91;11.5;;212
22;Erziehungsdepartement;2224;Schulische Abklärung und Beratung;;;3113.00;Hardware;4190.0;500.0;248.7;3690.0;738.0;;212
22;Erziehungsdepartement;2224;Schulische Abklärung und Beratung;;;3130.00;Dienstleistungen Dritter;24646.5;35000.0;28227.15;-10353.5;-29.58;Weniger Abklärungen von;212
22;Erziehungsdepartement;2224;Schulische Abklärung und Beratung;;;3133.00;Informatik-Nutzungsaufwand;50547.75;45600.0;40041.8;4947.75;10.85;;212
22;Erziehungsdepartement;2224;Schulische Abklärung und Beratung;;;3158.00;Unterhalt immaterielle Anlagen;;3200.0;;-3200.0;-100.0;;212
22;Erziehungsdepartement;2224;Schulische Abklärung und Beratung;;;3160.00;Mieten und Pachten Liegenschaften;320.0;500.0;320.0;-180.0;-36.0;;212
22;Erziehungsdepartement;2224;Schulische Abklärung und Beratung;;;3161.00;Mieten, Benützungskosten Anlagen;;5700.0;6491.05;-5700.0;-100.0;;212
22;Erziehungsdepartement;2224;Schulische Abklärung und Beratung;;;3170.00;Reisekosten und Spesen;1433.85;7000.0;3498.2;-5566.15;-79.52;;212
22;Erziehungsdepartement;2232;Kindergärten;;;3020.00;Löhne der Lehrpersonen;14768657.35;14056000.0;14135877.4;712657.35;5.07;Mehrausgaben Stellvertretungen.;212
22;Erziehungsdepartement;2232;Kindergärten;;;3020.95;Rückerstattungen Taggelder UV, EO, MSE, MV, IV für Lehrpersonen;-92856.15;-60000.0;-127028.1;-32856.15;54.76;;212
22;Erziehungsdepartement;2232;Kindergärten;;;3050.00;AG-Beiträge AHV, IV, EO, ALV, Verwaltungskosten;950211.45;913700.0;908911.9;36511.45;4.0;;212
22;Erziehungsdepartement;2232;Kindergärten;;;3052.00;AG-Beiträge an Pensionskassen;2027960.75;1876600.0;1883534.95;151360.75;8.07;;212
22;Erziehungsdepartement;2232;Kindergärten;;;3053.00;AG-Beiträge an Unfallversicherungen;78209.2;75900.0;74499.0;2309.2;3.04;;212
22;Erziehungsdepartement;2232;Kindergärten;;;3054.00;AG-Beiträge an Familienzulagekassen;190358.8;182800.0;182247.55;7558.8;4.14;;212
22;Erziehungsdepartement;2232;Kindergärten;;;3059.10;AG-Beiträge Sozialfonds;11583.1;11200.0;11029.35;383.1;3.42;;212
22;Erziehungsdepartement;2232;Kindergärten;;;3064.00;Überbrückungsrenten;110093.85;19000.0;22055.35;91093.85;479.44;Der vorzeitige Übertritt in den;213
22;Erziehungsdepartement;2232;Kindergärten;;;3614.00;Entschädigungen an öffentliche Unternehmungen;;1000.0;;-1000.0;-100.0;;213
22;Erziehungsdepartement;2232;Kindergärten;;;4612.00;Entschädigungen von Gemeinden und Gemeindezweckverbänden;-10594390.05;-9923200.0;-10169683.15;-671190.05;6.76;Rückerstattung Gemeindeanteil;213
22;Erziehungsdepartement;2232;Kindergärten;;;4612.01;Gemeindebeitrag an den Übergangsrenten Lehrpersonen Volksschulen;-68419.85;;;-68419.85;;Der vorzeitige Übertritt in den;213
22;Erziehungsdepartement;2234;Primarschulen;;;3020.00;Löhne der Lehrpersonen;49803735.45;47385400.0;48665716.35;2418335.45;5.1;Mehrausgaben Stellvertretungen.;213
22;Erziehungsdepartement;2234;Primarschulen;;;3020.95;Rückerstattungen Taggelder UV, EO, MSE, MV, IV für Lehrpersonen;-309798.75;-400000.0;-306713.5;90201.25;-22.55;;213
22;Erziehungsdepartement;2234;Primarschulen;;;3050.00;AG-Beiträge AHV, IV, EO, ALV, Verwaltungskosten;3203101.25;3080000.0;3131490.95;123101.25;4.0;;213
22;Erziehungsdepartement;2234;Primarschulen;;;3052.00;AG-Beiträge an Pensionskassen;6177110.5;6326600.0;5951261.95;-149489.5;-2.36;;213
22;Erziehungsdepartement;2234;Primarschulen;;;3053.00;AG-Beiträge an Unfallversicherungen;265499.8;255900.0;259930.2;9599.8;3.75;;213
22;Erziehungsdepartement;2234;Primarschulen;;;3054.00;AG-Beiträge an Familienzulagekassen;641981.55;616000.0;627913.05;25981.55;4.22;;213
22;Erziehungsdepartement;2234;Primarschulen;;;3059.10;AG-Beiträge Sozialfonds;38954.8;37900.0;37992.3;1054.8;2.78;;213
22;Erziehungsdepartement;2234;Primarschulen;;;3064.00;Überbrückungsrenten;142186.65;139000.0;184433.85;3186.65;2.29;;213
22;Erziehungsdepartement;2234;Primarschulen;;;3170.00;Reisekosten und Spesen;;;747.65;;;;213
22;Erziehungsdepartement;2234;Primarschulen;;;3614.00;Entschädigungen an öffentliche Unternehmungen;;2500.0;;-2500.0;-100.0;;213
22;Erziehungsdepartement;2234;Primarschulen;;;4612.00;Entschädigungen von Gemeinden und Gemeindezweckverbänden;-35708326.9;-33149700.0;-35326763.6;-2558626.9;7.72;Rückerstattung Gemeindeanteil;213
22;Erziehungsdepartement;2234;Primarschulen;;;4612.01;Gemeindebeitrag an den Übergangsrenten Lehrpersonen Volksschulen;-138494.2;;;-138494.2;;Der vorzeitige Übertritt in den;213
22;Erziehungsdepartement;2238;Sekundarstufe I;;;3020.00;Löhne der Lehrpersonen;28461376.3;27450600.0;28230578.6;1010776.3;3.68;Mehrausgaben Stellvertretungen.;213
22;Erziehungsdepartement;2238;Sekundarstufe I;;;3020.95;Rückerstattungen Taggelder UV, EO, MSE, MV, IV für Lehrpersonen;-84388.95;-135000.0;-152668.05;50611.05;-37.49;;213
22;Erziehungsdepartement;2238;Sekundarstufe I;;;3050.00;AG-Beiträge AHV, IV, EO, ALV, Verwaltungskosten;1829058.55;1784300.0;1820778.05;44758.55;2.51;;213
22;Erziehungsdepartement;2238;Sekundarstufe I;;;3052.00;AG-Beiträge an Pensionskassen;3766777.2;3664900.0;3723741.95;101877.2;2.78;;213
22;Erziehungsdepartement;2238;Sekundarstufe I;;;3053.00;AG-Beiträge an Unfallversicherungen;152811.65;148300.0;151070.15;4511.65;3.04;;213
22;Erziehungsdepartement;2238;Sekundarstufe I;;;3054.00;AG-Beiträge an Familienzulagekassen;367480.75;356800.0;364832.05;10680.75;2.99;;214
22;Erziehungsdepartement;2238;Sekundarstufe I;;;3059.10;AG-Beiträge Sozialfonds;21979.0;22000.0;22168.9;-21.0;-0.1;;214
22;Erziehungsdepartement;2238;Sekundarstufe I;;;3064.00;Überbrückungsrenten;130823.95;49000.0;94027.2;81823.95;166.99;Der vorzeitige Übertritt in den;214
22;Erziehungsdepartement;2238;Sekundarstufe I;;;3614.00;Entschädigungen an öffentliche Unternehmungen;;2000.0;;-2000.0;-100.0;;214
22;Erziehungsdepartement;2238;Sekundarstufe I;;;4612.00;Entschädigungen von Gemeinden und Gemeindezweckverbänden;-20471632.25;-19311400.0;-20505870.65;-1160232.25;6.01;Rückerstattung Gemeindeanteil;214
22;Erziehungsdepartement;2238;Sekundarstufe I;;;4612.01;Gemeindebeitrag an den Übergangsrenten Lehrpersonen Volksschulen;-108723.6;;;-108723.6;;Der vorzeitige Übertritt in den;214
22;Erziehungsdepartement;2249;Sonderschulung;;;3130.00;Dienstleistungen Dritter;149072.15;140000.0;107499.35;9072.15;6.48;;214
22;Erziehungsdepartement;2249;Sonderschulung;;;3130.10;Entschädigungen an private Sonderschulen;5177755.98;6275000.0;6297414.83;-1097244.02;-17.49;Der Minderaufwand von Fr. 1'695'500;214
22;Erziehungsdepartement;2249;Sonderschulung;;;3181.00;Tatsächliche Forderungsverluste;1735.0;2200.0;760.0;-465.0;-21.14;;214
22;Erziehungsdepartement;2249;Sonderschulung;;;3614.00;Entschädigungen an öffentliche Unternehmungen;29091437.65;20697500.0;24858686.55;8393937.65;40.56;Übernahme der Schülerinnen und;214
22;Erziehungsdepartement;2249;Sonderschulung;;;4260.00;Rückerstattungen und Kostenbeteiligungen Dritter;-34880.0;-40000.0;-39550.0;5120.0;-12.8;;214
22;Erziehungsdepartement;2249;Sonderschulung;;;4612.10;Entschädigungen von innerkantonalen Gemeinden und Gemeindezweckverbänden;-8963405.05;-7630000.0;-7618787.15;-1333405.05;17.48;Zunahme der Anzahl;214
22;Erziehungsdepartement;2250;Musikschulen;;;3636.00;Beiträge an private Organisationen ohne Erwerbszweck;1043974.72;1100000.0;1038137.78;-56025.28;-5.09;Weniger Subventionsgesuche.;214
22;Erziehungsdepartement;2251;Staatsbeiträge an die Zahnbehandlungen;;;3637.00;Beiträge an private Haushalte Die Beiträge;31336.35;60000.0;36907.7;-28663.65;-47.77;infolge gestellter;215
22;Erziehungsdepartement;2255;Schulzahnklinik;;;3010.00;Löhne des Verwaltungs- und Betriebspersonals Vakante Stelle;1741017.9;1772500.0;1746006.0;-31482.1;-1.78;konnte erst verzögert;215
22;Erziehungsdepartement;2255;Schulzahnklinik;;;3010.95;Rückerstattungen Taggelder UV, EO, MSE, MV, IV für Mutterschaftsentschädigung Verwaltungs- und Betriebspersonal;-18961.7;;-16212.15;-18961.7;;war nicht;215
22;Erziehungsdepartement;2255;Schulzahnklinik;;;3049.00;Übrige Zulagen Ausrichtung;10860.0;;9860.0;10860.0;;von Marktzulagen.;215
22;Erziehungsdepartement;2255;Schulzahnklinik;;;3050.00;AG-Beiträge AHV, IV, EO, ALV, Verwaltungskosten;112660.6;115200.0;112527.65;-2539.4;-2.2;;215
22;Erziehungsdepartement;2255;Schulzahnklinik;;;3052.00;AG-Beiträge an Pensionskassen Vgl. Kommentar;220117.0;236700.0;220464.4;-16583.0;-7.01;zu Konto;215
22;Erziehungsdepartement;2255;Schulzahnklinik;;;3053.00;AG-Beiträge an Unfallversicherungen;9142.75;9600.0;9358.95;-457.25;-4.76;;215
22;Erziehungsdepartement;2255;Schulzahnklinik;;;3054.00;AG-Beiträge an Familienzulagekassen;22574.25;23000.0;22513.55;-425.75;-1.85;;215
22;Erziehungsdepartement;2255;Schulzahnklinik;;;3059.10;AG-Beiträge Sozialfonds;1372.4;1400.0;1380.7;-27.6;-1.97;;215
22;Erziehungsdepartement;2255;Schulzahnklinik;;;3090.00;Aus- und Weiterbildung des eigenen Personals;22306.73;30900.0;25857.86;-8593.27;-27.81;;215
22;Erziehungsdepartement;2255;Schulzahnklinik;;;3091.00;Personalwerbung;;1000.0;;-1000.0;-100.0;;215
22;Erziehungsdepartement;2255;Schulzahnklinik;;;3099.00;Übriger Personalaufwand;4913.7;2500.0;3703.0;2413.7;96.55;;215
22;Erziehungsdepartement;2255;Schulzahnklinik;;;3100.00;Büromaterial;6874.79;8000.0;6827.02;-1125.21;-14.07;;215
22;Erziehungsdepartement;2255;Schulzahnklinik;;;3102.00;Drucksachen, Publikationen;2281.3;1500.0;;781.3;52.09;;215
22;Erziehungsdepartement;2255;Schulzahnklinik;;;3103.00;Fachliteratur, Zeitschriften;2555.8;2500.0;2677.26;55.8;2.23;;215
22;Erziehungsdepartement;2255;Schulzahnklinik;;;3106.00;Medizinisches Material Die Wertberichtigung;221471.26;210000.0;281556.49;11471.26;5.46;auf dem;215
22;Erziehungsdepartement;2255;Schulzahnklinik;;;3111.00;Maschinen, Geräte und Fahrzeuge;174.83;;2340.0;174.83;;;215
22;Erziehungsdepartement;2255;Schulzahnklinik;;;3113.00;Hardware;3165.8;;774.0;3165.8;;;215
22;Erziehungsdepartement;2255;Schulzahnklinik;;;3116.00;Medizinische Geräte;111071.92;120000.0;70925.64;-8928.08;-7.44;;215
22;Erziehungsdepartement;2255;Schulzahnklinik;;;3118.00;Immaterielle Anlagen;7058.95;25000.0;;-17941.05;-71.76;Geplantes Update der;216
22;Erziehungsdepartement;2255;Schulzahnklinik;;;3120.00;Ver- und Entsorgung Liegenschaften VV;9277.7;8300.0;5606.35;977.7;11.78;;216
22;Erziehungsdepartement;2255;Schulzahnklinik;;;3130.00;Dienstleistungen Dritter;278193.81;345000.0;339047.95;-66806.19;-19.36;Geringerer Bedarf an Laboraufträgen;216
22;Erziehungsdepartement;2255;Schulzahnklinik;;;3133.00;Informatik-Nutzungsaufwand;111321.0;94600.0;83461.5;16721.0;17.68;Vgl. Kommentar zu Konto;216
22;Erziehungsdepartement;2255;Schulzahnklinik;;;3134.00;Sachversicherungsprämien;166.02;500.0;178.2;-333.98;-66.8;;216
22;Erziehungsdepartement;2255;Schulzahnklinik;;;3137.00;Steuern und Abgaben;2185.98;2500.0;1726.81;-314.02;-12.56;;216
22;Erziehungsdepartement;2255;Schulzahnklinik;;;3144.00;Unterhalt Hochbauten, Gebäude;4735.9;;;4735.9;;;216
22;Erziehungsdepartement;2255;Schulzahnklinik;;;3151.00;Unterhalt Maschinen, Geräte, Fahrzeuge;;5000.0;235.06;-5000.0;-100.0;;216
22;Erziehungsdepartement;2255;Schulzahnklinik;;;3153.00;Informatik-Unterhalt (Hardware);;1900.0;1989.05;-1900.0;-100.0;;216
22;Erziehungsdepartement;2255;Schulzahnklinik;;;3156.00;Unterhalt medizinische Geräte;26820.34;35000.0;39337.75;-8179.66;-23.37;;216
22;Erziehungsdepartement;2255;Schulzahnklinik;;;3158.00;Unterhalt immaterielle Anlagen;35021.35;24000.0;20947.25;11021.35;45.92;Vgl. Kommentar Konto 2255.3118.00.;216
22;Erziehungsdepartement;2255;Schulzahnklinik;;;3161.00;Mieten, Benützungskosten Anlagen;;10100.0;10032.2;-10100.0;-100.0;Mietkosten wurden in der;216
22;Erziehungsdepartement;2255;Schulzahnklinik;;;3170.00;Reisekosten und Spesen;9162.4;10000.0;8798.95;-837.6;-8.38;;216
22;Erziehungsdepartement;2255;Schulzahnklinik;;;3181.00;Tatsächliche Forderungsverluste;5846.55;15000.0;9898.0;-9153.45;-61.02;;216
22;Erziehungsdepartement;2255;Schulzahnklinik;;;3192.00;Abgeltung von Rechten;227.6;200.0;11855.54;27.6;13.8;;216
22;Erziehungsdepartement;2255;Schulzahnklinik;;;3199.00;Übriger Betriebsaufwand;1275.0;;;1275.0;;;216
22;Erziehungsdepartement;2255;Schulzahnklinik;;;3610.00;Entschädigungen an Bund;354.37;;1697.28;354.37;;;216
22;Erziehungsdepartement;2255;Schulzahnklinik;;;3910.00;IV Dienstleistungen;2448.85;4000.0;2092.85;-1551.15;-38.78;;216
22;Erziehungsdepartement;2255;Schulzahnklinik;;;4220.00;Taxen und Kostgelder;-1835632.29;-2000000.0;-2032650.68;164367.71;-8.22;Der Rückgang der Einnahmen ist auf;216
22;Erziehungsdepartement;2255;Schulzahnklinik;;;4250.00;Verkäufe;-66179.16;-90000.0;-74302.32;23820.84;-26.47;;216
22;Erziehungsdepartement;2255;Schulzahnklinik;;;4260.00;Rückerstattungen und Kostenbeteiligungen Dritter;-124412.4;-180000.0;-151233.2;55587.6;-30.88;Ein Rückgang bei den Laboraufträgen;216
22;Erziehungsdepartement;2255;Schulzahnklinik;;;4290.00;Übrige Entgelte;-149.4;;-487.3;-149.4;;;217
22;Erziehungsdepartement;2272;Stipendien;;;3181.00;Tatsächliche Forderungsverluste;1510.0;1000.0;13971.02;510.0;51.0;;217
22;Erziehungsdepartement;2272;Stipendien;;;3637.20;Stipendien;2817438.63;3000000.0;3097500.0;-182561.37;-6.09;Es wurden zwar mehr Gesuche als im;217
22;Erziehungsdepartement;2272;Stipendien;;;3637.22;Ausbildungsbeiträge an Studierende HF/FH;370500.0;770000.0;;-399500.0;-51.88;Es stellten wesentlich weniger;217
22;Erziehungsdepartement;2272;Stipendien;;;3640.70;Wertberichtigungen Darlehen an private Haushalte;;5000.0;;-5000.0;-100.0;;217
22;Erziehungsdepartement;2272;Stipendien;;;4290.00;Übrige Entgelte;-55.0;;;-55.0;;;217
22;Erziehungsdepartement;2272;Stipendien;;;4401.00;Zinsen Forderungen und Kontokorrente;-5980.75;-7500.0;-8519.25;1519.25;-20.26;;217
22;Erziehungsdepartement;2272;Stipendien;;;4630.00;Beiträge vom Bund;-274063.0;-540000.0;-237440.0;265937.0;-49.25;Da weniger Studierende im Rahmen;217
22;Erziehungsdepartement;2272;Stipendien;;;4637.20;Rückzahlungen von Stipendien;-23201.65;-20000.0;-21783.0;-3201.65;16.01;;217
22;Erziehungsdepartement;2273;Beiträge Hochschulen, Fachhochschulen, Gymnasien, Weiterbildung;;;3611.10;Entschädigungen an Hochschulen;7416308.75;7800000.0;7393875.0;-383691.25;-4.92;Leicht weniger Studierende an;217
22;Erziehungsdepartement;2273;Beiträge Hochschulen, Fachhochschulen, Gymnasien, Weiterbildung;;;3611.20;Entschädigungen an Fachhochschulen;10218805.52;10000000.0;9785638.17;218805.52;2.19;Leicht mehr Studierende an;217
22;Erziehungsdepartement;2273;Beiträge Hochschulen, Fachhochschulen, Gymnasien, Weiterbildung;;;3611.30;Entschädigungen an ausserkantonale Gymnasien;574980.0;900000.0;441950.0;-325020.0;-36.11;Weniger Schülerinnen und Schüler an;217
22;Erziehungsdepartement;2273;Beiträge Hochschulen, Fachhochschulen, Gymnasien, Weiterbildung;;;3611.40;Entschädigungen an Schulen für Hochbegabte;344591.55;300000.0;211091.75;44591.55;14.86;Mehr Lernende/Studierende im;217
22;Erziehungsdepartement;2273;Beiträge Hochschulen, Fachhochschulen, Gymnasien, Weiterbildung;;;3614.00;Entschädigungen an öffentliche Unternehmungen;2332600.0;1800000.0;2217800.0;532600.0;29.59;Mehr Studierende an;217
22;Erziehungsdepartement;2273;Beiträge Hochschulen, Fachhochschulen, Gymnasien, Weiterbildung;;;3614.40;Entschädigungen an PHSH;6978500.0;6999500.0;5461000.0;-21000.0;-0.3;;217
22;Erziehungsdepartement;2273;Beiträge Hochschulen, Fachhochschulen, Gymnasien, Weiterbildung;;;3631.10;Beiträge an Hochschulen;443443.0;530000.0;594100.0;-86557.0;-16.33;Weniger Studierende an der;217
22;Erziehungsdepartement;2273;Beiträge Hochschulen, Fachhochschulen, Gymnasien, Weiterbildung;;;3631.20;Beiträge an TG-SH Maturitätsschule für Erwachsene und AKAD ZH;245480.0;160000.0;192350.0;85480.0;53.43;Mehr Studierende an der;218
22;Erziehungsdepartement;2273;Beiträge Hochschulen, Fachhochschulen, Gymnasien, Weiterbildung;;;3631.30;Beiträge an Höhere Fachschulen;41830.4;31000.0;32870.4;10830.4;34.94;Höhere Kosten an der Interkantonalen;218
22;Erziehungsdepartement;2275;Berufsbildungszentrum;;;3000.10;Sitzungsgelder Kommissionen;12950.0;15000.0;14417.8;-2050.0;-13.67;;218
22;Erziehungsdepartement;2275;Berufsbildungszentrum;;;3010.00;Löhne des Verwaltungs- und Betriebspersonals;2413653.25;2340700.0;2252904.7;72953.25;3.12;Mehrausgaben infolge;218
22;Erziehungsdepartement;2275;Berufsbildungszentrum;;;3010.95;Rückerstattungen Taggelder UV, EO, MSE, MV, IV für Verwaltungs- und Betriebspersonal;-36388.2;-10000.0;-15872.0;-26388.2;263.88;;218
22;Erziehungsdepartement;2275;Berufsbildungszentrum;;;3020.00;Löhne der Lehrpersonen;11180468.1;10861200.0;10496768.5;319268.1;2.94;Mehr Klassen in der beruflichen;218
22;Erziehungsdepartement;2275;Berufsbildungszentrum;;;3020.95;Rückerstattungen Taggelder UV, EO, MSE, MV, IV für Lehrpersonen;-88213.4;-50000.0;-40607.45;-38213.4;76.43;;218
22;Erziehungsdepartement;2275;Berufsbildungszentrum;;;3049.00;Übrige Zulagen;33650.0;40000.0;29600.0;-6350.0;-15.88;;218
22;Erziehungsdepartement;2275;Berufsbildungszentrum;;;3050.00;AG-Beiträge AHV, IV, EO, ALV, Verwaltungskosten;880816.95;859100.0;816437.6;21716.95;2.53;;218
22;Erziehungsdepartement;2275;Berufsbildungszentrum;;;3052.00;AG-Beiträge an Pensionskassen;1850221.35;1762400.0;1731413.45;87821.35;4.98;;218
22;Erziehungsdepartement;2275;Berufsbildungszentrum;;;3053.00;AG-Beiträge an Unfallversicherungen;69039.1;71400.0;65198.55;-2360.9;-3.31;;218
22;Erziehungsdepartement;2275;Berufsbildungszentrum;;;3054.00;AG-Beiträge an Familienzulagekassen;176841.5;171900.0;164014.05;4941.5;2.87;;218
22;Erziehungsdepartement;2275;Berufsbildungszentrum;;;3059.10;AG-Beiträge Sozialfonds;10564.5;10600.0;9813.8;-35.5;-0.33;;218
22;Erziehungsdepartement;2275;Berufsbildungszentrum;;;3064.00;Überbrückungsrenten;55882.3;20000.0;1056.8;35882.3;179.41;Der vorzeitige Übertritt in den;218
22;Erziehungsdepartement;2275;Berufsbildungszentrum;;;3090.00;Aus- und Weiterbildung des eigenen Personals;79842.35;144300.0;107497.55;-64457.65;-44.67;Geringerer Aufwand aufgrund nicht;218
22;Erziehungsdepartement;2275;Berufsbildungszentrum;;;3091.00;Personalwerbung;16820.35;41200.0;13842.15;-24379.65;-59.17;Effizientere Prozesse dank;218
22;Erziehungsdepartement;2275;Berufsbildungszentrum;;;3099.00;Übriger Personalaufwand;44221.25;42000.0;37436.4;2221.25;5.29;;218
22;Erziehungsdepartement;2275;Berufsbildungszentrum;;;3100.00;Büromaterial;16393.65;24800.0;16526.25;-8406.35;-33.9;;218
22;Erziehungsdepartement;2275;Berufsbildungszentrum;;;3101.00;Betriebs- und Verbrauchsmaterial;164020.87;193100.0;138068.63;-29079.13;-15.06;Der Bedarf an Betriebs- und;219
22;Erziehungsdepartement;2275;Berufsbildungszentrum;;;3102.00;Drucksachen, Publikationen;28286.95;35700.0;28954.0;-7413.05;-20.76;;219
22;Erziehungsdepartement;2275;Berufsbildungszentrum;;;3103.00;Fachliteratur, Zeitschriften;10681.19;16100.0;11001.8;-5418.81;-33.66;;219
22;Erziehungsdepartement;2275;Berufsbildungszentrum;;;3104.00;Lehrmittel;139838.29;154300.0;117697.88;-14461.71;-9.37;Geringerer Aufwand bei der;219
22;Erziehungsdepartement;2275;Berufsbildungszentrum;;;3105.00;Lebensmittel;720116.15;690000.0;670157.72;30116.15;4.36;Höherer Aufwand für Lebensmittel in;219
22;Erziehungsdepartement;2275;Berufsbildungszentrum;;;3106.00;Medizinisches Material;4701.4;6000.0;7823.65;-1298.6;-21.64;;219
22;Erziehungsdepartement;2275;Berufsbildungszentrum;;;3110.00;Büromöbel und -geräte;174117.6;140500.0;199828.55;33617.6;23.93;Einrichtung von zusätzlich benötigten;219
22;Erziehungsdepartement;2275;Berufsbildungszentrum;;;3111.00;Maschinen, Geräte und Fahrzeuge;151964.66;197900.0;50627.49;-45935.34;-23.21;Es mussten weniger Maschinen und;219
22;Erziehungsdepartement;2275;Berufsbildungszentrum;;;3112.00;Kleider, Wäsche, Vorhänge;6637.7;33000.0;19408.95;-26362.3;-79.89;Aufgrund erheblicher Qualitätsmängel;219
22;Erziehungsdepartement;2275;Berufsbildungszentrum;;;3113.00;Hardware;248188.89;603800.0;127441.85;-355611.11;-58.9;Projekt «audio-visuelle Anlagen»;219
22;Erziehungsdepartement;2275;Berufsbildungszentrum;;;3115.00;Viehhabe;362.55;3000.0;2119.5;-2637.45;-87.92;;219
22;Erziehungsdepartement;2275;Berufsbildungszentrum;;;3116.00;Medizinische Geräte;;2000.0;;-2000.0;-100.0;;219
22;Erziehungsdepartement;2275;Berufsbildungszentrum;;;3118.00;Immaterielle Anlagen;103297.84;156000.0;50308.9;-52702.16;-33.78;Der Bedarf an immateriellen Anlagen;219
22;Erziehungsdepartement;2275;Berufsbildungszentrum;;;3120.00;Ver- und Entsorgung Liegenschaften VV;315115.36;364000.0;388425.05;-48884.64;-13.43;Die Energiekosten fielen insgesamt;219
22;Erziehungsdepartement;2275;Berufsbildungszentrum;;;3130.00;Dienstleistungen Dritter;712676.77;1096400.0;352273.61;-383723.23;-35.0;Tiefere Kosten bei der Umsetzung;219
22;Erziehungsdepartement;2275;Berufsbildungszentrum;;;3133.00;Informatik-Nutzungsaufwand Mietkosten für Multifunktionsgeräte;141148.9;41000.0;42042.7;100148.9;244.27;in;220
22;Erziehungsdepartement;2275;Berufsbildungszentrum;;;3134.00;Sachversicherungsprämien;1105.12;1400.0;1134.0;-294.88;-21.06;;220
22;Erziehungsdepartement;2275;Berufsbildungszentrum;;;3137.00;Steuern und Abgaben;59653.9;52300.0;53347.48;7353.9;14.06;;220
22;Erziehungsdepartement;2275;Berufsbildungszentrum;;;3150.00;Unterhalt Büromöbel und -geräte;;3000.0;;-3000.0;-100.0;;220
22;Erziehungsdepartement;2275;Berufsbildungszentrum;;;3151.00;Unterhalt Maschinen, Geräte, Fahrzeuge Der Aufwand wurde zu hoch;19409.91;51700.0;31434.65;-32290.09;-62.46;;220
22;Erziehungsdepartement;2275;Berufsbildungszentrum;;;3153.00;Informatik-Unterhalt (Hardware);560.6;4000.0;364.65;-3439.4;-85.99;;220
22;Erziehungsdepartement;2275;Berufsbildungszentrum;;;3158.00;Unterhalt immaterielle Anlagen Der Bedarf am Unterhalt;73388.16;127000.0;117589.65;-53611.84;-42.21;;220
22;Erziehungsdepartement;2275;Berufsbildungszentrum;;;3160.00;Mieten und Pachten Liegenschaften Die Mietkosten für die Turnhalle;15025.0;65000.0;48756.0;-49975.0;-76.88;;220
22;Erziehungsdepartement;2275;Berufsbildungszentrum;;;3161.00;Mieten, Benützungskosten Anlagen Mietkosten von Fr.;87775.35;133000.0;132847.1;-45224.65;-34.0;sind auf;220
22;Erziehungsdepartement;2275;Berufsbildungszentrum;;;3170.00;Reisekosten und Spesen;13190.15;19400.0;13120.0;-6209.85;-32.01;;220
22;Erziehungsdepartement;2275;Berufsbildungszentrum;;;3171.00;Exkursionen, Schulreisen und Lager Geringerer Aufwand für Exkursionen;67205.98;101300.0;77824.79;-34094.02;-33.66;;220
22;Erziehungsdepartement;2275;Berufsbildungszentrum;;;3181.00;Tatsächliche Forderungsverluste;756.9;8000.0;2700.05;-7243.1;-90.54;;220
22;Erziehungsdepartement;2275;Berufsbildungszentrum;;;3199.00;Übriger Betriebsaufwand;3792.9;2800.0;2588.7;992.9;35.46;;220
22;Erziehungsdepartement;2275;Berufsbildungszentrum;;;3910.00;IV Dienstleistungen;70.0;;;70.0;;;220
22;Erziehungsdepartement;2275;Berufsbildungszentrum;;;4230.00;Schulgelder Jährliche Schwankungen bei;-25400.0;-15000.0;-32800.0;-10400.0;69.33;den;220
22;Erziehungsdepartement;2275;Berufsbildungszentrum;;;4240.00;Benützungsgebühren und Dienstleistungen;-411.2;;-331.0;-411.2;;;220
22;Erziehungsdepartement;2275;Berufsbildungszentrum;;;4250.00;Verkäufe;-1175200.89;-1160200.0;-1135999.39;-15000.89;1.29;;220
22;Erziehungsdepartement;2275;Berufsbildungszentrum;;;4260.00;Rückerstattungen und Kostenbeteiligungen Dritter;-72286.35;-70000.0;-83909.85;-2286.35;3.27;;221
22;Erziehungsdepartement;2275;Berufsbildungszentrum;;;4270.00;Bussen;-1250.0;;-1692.0;-1250.0;;;221
22;Erziehungsdepartement;2275;Berufsbildungszentrum;;;4290.00;Übrige Entgelte;;;-12.2;;;;221
22;Erziehungsdepartement;2275;Berufsbildungszentrum;;;4309.00;Übrige betriebliche Erträge;;;-60.0;;;;221
22;Erziehungsdepartement;2275;Berufsbildungszentrum;;;4470.00;Pacht- und Mietzinse Liegenschaften VV;;;-2832.0;;;;221
22;Erziehungsdepartement;2275;Berufsbildungszentrum;;;4471.00;Vergütungen Dienstwohnungen VV;-11496.0;-25000.0;-13636.0;13504.0;-54.02;Wohnung im Birch läuft neu über das;221
22;Erziehungsdepartement;2275;Berufsbildungszentrum;;;4472.00;Vergütung für Benützungen Liegenschaften VV;-97315.5;-80000.0;-89585.0;-17315.5;21.64;Höhere Einnahmen bei der;221
22;Erziehungsdepartement;2275;Berufsbildungszentrum;;;4479.00;Übrige Erträge Liegenschaften VV;-2084.1;;;-2084.1;;;221
22;Erziehungsdepartement;2275;Berufsbildungszentrum;;;4611.00;Entschädigungen von Kantonen und Konkordaten;-1657325.0;-1700000.0;-1712680.0;42675.0;-2.51;Weniger Lernende mit;221
22;Erziehungsdepartement;2275;Berufsbildungszentrum;;;4636.00;Beiträge von privaten Organisationen ohne Erwerbszweck;;;-2785.73;;;;221
22;Erziehungsdepartement;2276;Höhere Fachschulen BBZ;;;3000.10;Sitzungsgelder Kommissionen;150.0;12000.0;5050.0;-11850.0;-98.75;Nur noch eine gemeinsame;221
22;Erziehungsdepartement;2276;Höhere Fachschulen BBZ;;;3020.00;Löhne der Lehrpersonen;1190538.15;1494900.0;1286511.35;-304361.85;-20.36;Tiefere Lohnkosten aufgrund;221
22;Erziehungsdepartement;2276;Höhere Fachschulen BBZ;;;3020.95;Rückerstattungen Taggelder UV, EO, MSE, MV, IV für Lehrpersonen;;;-5264.0;;;;221
22;Erziehungsdepartement;2276;Höhere Fachschulen BBZ;;;3049.00;Übrige Zulagen;1200.0;6000.0;2316.7;-4800.0;-80.0;;221
22;Erziehungsdepartement;2276;Höhere Fachschulen BBZ;;;3050.00;AG-Beiträge AHV, IV, EO, ALV, Verwaltungskosten;74948.65;98000.0;82358.85;-23051.35;-23.52;Vgl. Kommentar zu 2276.3000.10.;221
22;Erziehungsdepartement;2276;Höhere Fachschulen BBZ;;;3052.00;AG-Beiträge an Pensionskassen;153435.95;199500.0;171650.15;-46064.05;-23.09;Vgl. Kommentar zu 2276.3000.10.;221
22;Erziehungsdepartement;2276;Höhere Fachschulen BBZ;;;3053.00;AG-Beiträge an Unfallversicherungen;5599.0;8100.0;6493.1;-2501.0;-30.88;;221
22;Erziehungsdepartement;2276;Höhere Fachschulen BBZ;;;3054.00;AG-Beiträge an Familienzulagekassen;15044.7;19600.0;16511.5;-4555.3;-23.24;;221
22;Erziehungsdepartement;2276;Höhere Fachschulen BBZ;;;3059.10;AG-Beiträge Sozialfonds;905.55;1200.0;1000.4;-294.45;-24.54;;221
22;Erziehungsdepartement;2276;Höhere Fachschulen BBZ;;;3064.00;Überbrückungsrenten;;1000.0;;-1000.0;-100.0;;221
22;Erziehungsdepartement;2276;Höhere Fachschulen BBZ;;;3090.00;Aus- und Weiterbildung des eigenen Personals;6398.94;23000.0;5910.0;-16601.06;-72.18;Geringerer Aufwand aufgrund nicht;221
22;Erziehungsdepartement;2276;Höhere Fachschulen BBZ;;;3091.00;Personalwerbung;675.1;1400.0;;-724.9;-51.78;;221
22;Erziehungsdepartement;2276;Höhere Fachschulen BBZ;;;3099.00;Übriger Personalaufwand;69.4;500.0;;-430.6;-86.12;;221
22;Erziehungsdepartement;2276;Höhere Fachschulen BBZ;;;3100.00;Büromaterial;;2500.0;;-2500.0;-100.0;;222
22;Erziehungsdepartement;2276;Höhere Fachschulen BBZ;;;3101.00;Betriebs- und Verbrauchsmaterial;;3700.0;;-3700.0;-100.0;;222
22;Erziehungsdepartement;2276;Höhere Fachschulen BBZ;;;3102.00;Drucksachen, Publikationen;19342.8;15500.0;;3842.8;24.79;;222
22;Erziehungsdepartement;2276;Höhere Fachschulen BBZ;;;3103.00;Fachliteratur, Zeitschriften;2704.79;4000.0;2804.54;-1295.21;-32.38;;222
22;Erziehungsdepartement;2276;Höhere Fachschulen BBZ;;;3104.00;Lehrmittel;56805.93;95000.0;51143.39;-38194.07;-40.2;Weniger Studierende. Teilweise;222
22;Erziehungsdepartement;2276;Höhere Fachschulen BBZ;;;3105.00;Lebensmittel;174.45;;;174.45;;;222
22;Erziehungsdepartement;2276;Höhere Fachschulen BBZ;;;3110.00;Büromöbel und -geräte;699.35;1000.0;;-300.65;-30.07;;222
22;Erziehungsdepartement;2276;Höhere Fachschulen BBZ;;;3111.00;Maschinen, Geräte und Fahrzeuge;2119.85;30000.0;;-27880.15;-92.93;Anschaffung diverser Maschinen;222
22;Erziehungsdepartement;2276;Höhere Fachschulen BBZ;;;3113.00;Hardware;599.75;2000.0;;-1400.25;-70.01;;222
22;Erziehungsdepartement;2276;Höhere Fachschulen BBZ;;;3130.00;Dienstleistungen Dritter;80066.5;110000.0;75656.37;-29933.5;-27.21;Weniger Studierende.;222
22;Erziehungsdepartement;2276;Höhere Fachschulen BBZ;;;3137.00;Steuern und Abgaben;1523.04;;;1523.04;;;222
22;Erziehungsdepartement;2276;Höhere Fachschulen BBZ;;;3160.00;Mieten und Pachten Liegenschaften;8000.0;10000.0;8680.0;-2000.0;-20.0;;222
22;Erziehungsdepartement;2276;Höhere Fachschulen BBZ;;;3161.00;Mieten, Benützungskosten Anlagen;;8500.0;;-8500.0;-100.0;;222
22;Erziehungsdepartement;2276;Höhere Fachschulen BBZ;;;3170.00;Reisekosten und Spesen;1175.9;2800.0;1747.6;-1624.1;-58.0;;222
22;Erziehungsdepartement;2276;Höhere Fachschulen BBZ;;;3171.00;Exkursionen, Schulreisen und Lager;12146.75;4500.0;10905.5;7646.75;169.93;Aufwendungen für Sprachaufenthalt;222
22;Erziehungsdepartement;2276;Höhere Fachschulen BBZ;;;3181.00;Tatsächliche Forderungsverluste;;;800.0;;;;222
22;Erziehungsdepartement;2276;Höhere Fachschulen BBZ;;;3199.00;Übriger Betriebsaufwand;235.3;1500.0;300.0;-1264.7;-84.31;;222
22;Erziehungsdepartement;2276;Höhere Fachschulen BBZ;;;4230.00;Schulgelder;-247100.0;-340000.0;-294550.0;92900.0;-27.32;Weniger Studierende.;222
22;Erziehungsdepartement;2276;Höhere Fachschulen BBZ;;;4231.00;Kursgelder;-5875.0;-5000.0;-6350.0;-875.0;17.5;;222
22;Erziehungsdepartement;2276;Höhere Fachschulen BBZ;;;4260.00;Rückerstattungen und Kostenbeteiligungen Dritter;-10776.0;;-9933.0;-10776.0;;Kostenbeteiligung Studierender an;222
22;Erziehungsdepartement;2276;Höhere Fachschulen BBZ;;;4611.00;Entschädigungen von Kantonen und Konkordaten;-307400.0;-422000.0;-408700.0;114600.0;-27.16;Weniger Entschädigungen wegen;222
22;Erziehungsdepartement;2281;Kantonsschule;;;3000.10;Sitzungsgelder Kommissionen;19950.0;30000.0;14400.0;-10050.0;-33.5;Weniger Sitzungen im Rahmen des;222
22;Erziehungsdepartement;2281;Kantonsschule;;;3010.00;Löhne des Verwaltungs- und Betriebspersonals;1688706.95;1643700.0;1662501.2;45006.95;2.74;Die Reinigungskosten wurden zu;222
22;Erziehungsdepartement;2281;Kantonsschule;;;3010.95;Rückerstattungen Taggelder UV, EO, MSE, MV, IV für Verwaltungs- und Betriebspersonal;-6886.3;-5000.0;;-1886.3;37.73;;223
22;Erziehungsdepartement;2281;Kantonsschule;;;3020.00;Löhne der Lehrpersonen;12427523.15;12240200.0;11909009.25;187323.15;1.53;Zusätzliche Lohnkosten für;223
22;Erziehungsdepartement;2281;Kantonsschule;;;3020.95;Rückerstattungen Taggelder UV, EO, MSE, MV, IV für Lehrpersonen;-47071.2;-25000.0;-48111.65;-22071.2;88.28;Mehr krankheitsbedingte Ausfälle als;223
22;Erziehungsdepartement;2281;Kantonsschule;;;3049.00;Übrige Zulagen;;10200.0;;-10200.0;-100.0;Kein Theaterkurs im Schuljahr;223
22;Erziehungsdepartement;2281;Kantonsschule;;;3050.00;AG-Beiträge AHV, IV, EO, ALV, Verwaltungskosten;904939.55;904400.0;870985.7;539.55;0.06;;223
22;Erziehungsdepartement;2281;Kantonsschule;;;3052.00;AG-Beiträge an Pensionskassen;2021260.35;1853600.0;1932103.8;167660.35;9.05;;223
22;Erziehungsdepartement;2281;Kantonsschule;;;3053.00;AG-Beiträge an Unfallversicherungen;72415.35;75100.0;70082.7;-2684.65;-3.57;;223
22;Erziehungsdepartement;2281;Kantonsschule;;;3054.00;AG-Beiträge an Familienzulagekassen;181709.9;180900.0;174840.7;809.9;0.45;;223
22;Erziehungsdepartement;2281;Kantonsschule;;;3059.10;AG-Beiträge Sozialfonds;10785.15;11100.0;10512.45;-314.85;-2.84;;223
22;Erziehungsdepartement;2281;Kantonsschule;;;3064.00;Überbrückungsrenten;66544.75;;31972.5;66544.75;;Anzahl der Lehrpersonen, die eine;223
22;Erziehungsdepartement;2281;Kantonsschule;;;3090.00;Aus- und Weiterbildung des eigenen Personals;30738.2;97000.0;27543.7;-66261.8;-68.31;Budgetierte Weiterbildungen im;223
22;Erziehungsdepartement;2281;Kantonsschule;;;3091.00;Personalwerbung;2632.3;30000.0;26793.1;-27367.7;-91.23;Ausschreibungen vermehrt online und;223
22;Erziehungsdepartement;2281;Kantonsschule;;;3099.00;Übriger Personalaufwand;62835.05;63700.0;46347.2;-864.95;-1.36;;223
22;Erziehungsdepartement;2281;Kantonsschule;;;3100.00;Büromaterial;26749.65;38000.0;36555.85;-11250.35;-29.61;Es wurde weniger Büromaterial;223
22;Erziehungsdepartement;2281;Kantonsschule;;;3101.00;Betriebs- und Verbrauchsmaterial;79898.66;77000.0;69754.83;2898.66;3.76;;223
22;Erziehungsdepartement;2281;Kantonsschule;;;3102.00;Drucksachen, Publikationen;19127.45;35000.0;18532.0;-15872.55;-45.35;Es wurden weniger Jahresberichte;223
22;Erziehungsdepartement;2281;Kantonsschule;;;3103.00;Fachliteratur, Zeitschriften;34559.3;39400.0;31608.14;-4840.7;-12.29;;223
22;Erziehungsdepartement;2281;Kantonsschule;;;3104.00;Lehrmittel;187824.65;186900.0;217297.25;924.65;0.49;;223
22;Erziehungsdepartement;2281;Kantonsschule;;;3106.00;Medizinisches Material;;;285.9;;;;223
22;Erziehungsdepartement;2281;Kantonsschule;;;3110.00;Büromöbel und -geräte;136974.3;143000.0;57430.55;-6025.7;-4.21;;223
22;Erziehungsdepartement;2281;Kantonsschule;;;3111.00;Maschinen, Geräte und Fahrzeuge;17701.69;27000.0;33916.3;-9298.31;-34.44;;223
22;Erziehungsdepartement;2281;Kantonsschule;;;3112.00;Kleider, Wäsche, Vorhänge;;;337.25;;;;224
22;Erziehungsdepartement;2281;Kantonsschule;;;3113.00;Hardware;107285.22;188300.0;175450.35;-81014.78;-43.02;Weniger Hardware in Schulräumen;224
22;Erziehungsdepartement;2281;Kantonsschule;;;3118.00;Immaterielle Anlagen;101743.93;164100.0;133401.51;-62356.07;-38.0;Weniger externer Support und;224
22;Erziehungsdepartement;2281;Kantonsschule;;;3120.00;Ver- und Entsorgung Liegenschaften VV;381705.79;250500.0;242245.87;131205.79;52.38;Höhere Heizkosten (rund Fr. 85'000;224
22;Erziehungsdepartement;2281;Kantonsschule;;;3130.00;Dienstleistungen Dritter;105452.53;260800.0;72157.41;-155347.47;-59.57;Auf diesem Konto budgetierte Kosten;224
22;Erziehungsdepartement;2281;Kantonsschule;;;3133.00;Informatik-Nutzungsaufwand;145168.85;107800.0;68237.9;37368.85;34.66;Mietkosten für Multifunktionsgeräte;224
22;Erziehungsdepartement;2281;Kantonsschule;;;3134.00;Sachversicherungsprämien;75.5;;80.85;75.5;;;224
22;Erziehungsdepartement;2281;Kantonsschule;;;3137.00;Steuern und Abgaben;;1000.0;;-1000.0;-100.0;;224
22;Erziehungsdepartement;2281;Kantonsschule;;;3150.00;Unterhalt Büromöbel und -geräte;;2000.0;3700.9;-2000.0;-100.0;;224
22;Erziehungsdepartement;2281;Kantonsschule;;;3151.00;Unterhalt Maschinen, Geräte, Fahrzeuge;33633.54;23500.0;32047.25;10133.54;43.12;Kosten von knapp Fr. 30'000 für das;224
22;Erziehungsdepartement;2281;Kantonsschule;;;3153.00;Informatik-Unterhalt (Hardware);;2000.0;1023.89;-2000.0;-100.0;;224
22;Erziehungsdepartement;2281;Kantonsschule;;;3158.00;Unterhalt immaterielle Anlagen;59020.45;115000.0;68881.68;-55979.55;-48.68;Weniger Unterhaltskosten durch;224
22;Erziehungsdepartement;2281;Kantonsschule;;;3159.00;Unterhalt übrige mobile Anlagen;;1000.0;;-1000.0;-100.0;;224
22;Erziehungsdepartement;2281;Kantonsschule;;;3160.00;Mieten und Pachten Liegenschaften;76843.5;77000.0;76278.75;-156.5;-0.2;;224
22;Erziehungsdepartement;2281;Kantonsschule;;;3161.00;Mieten, Benützungskosten Anlagen;12444.7;97400.0;93347.65;-84955.3;-87.22;Wegfall der Mietkosten für;224
22;Erziehungsdepartement;2281;Kantonsschule;;;3170.00;Reisekosten und Spesen;39833.22;67000.0;29305.76;-27166.78;-40.55;Niedrigere Kosten aufgrund von;224
22;Erziehungsdepartement;2281;Kantonsschule;;;3171.00;Exkursionen, Schulreisen und Lager;419150.05;383300.0;367426.55;35850.05;9.35;Die Kosten pro Schülerin/Schüler für;225
22;Erziehungsdepartement;2281;Kantonsschule;;;3181.00;Tatsächliche Forderungsverluste;;100.0;;-100.0;-100.0;;225
22;Erziehungsdepartement;2281;Kantonsschule;;;3199.00;Übriger Betriebsaufwand;12728.75;26000.0;16735.47;-13271.25;-51.04;Weniger Kosten für;225
22;Erziehungsdepartement;2281;Kantonsschule;;;3400.00;Verzinsung laufende Verbindlichkeiten;;200.0;;-200.0;-100.0;;225
22;Erziehungsdepartement;2281;Kantonsschule;;;3611.00;Entschädigungen an Kantone und Konkordate;6000.0;18000.0;9600.0;-12000.0;-66.67;Weniger Kosten für den;225
22;Erziehungsdepartement;2281;Kantonsschule;;;3614.00;Entschädigungen an öffentliche Unternehmungen;;1000.0;;-1000.0;-100.0;;225
22;Erziehungsdepartement;2281;Kantonsschule;;;3635.00;Beiträge an private Unternehmungen;17151.9;20000.0;16007.6;-2848.1;-14.24;;225
22;Erziehungsdepartement;2281;Kantonsschule;;;3910.00;IV Dienstleistungen;;;180.0;;;;225
22;Erziehungsdepartement;2281;Kantonsschule;;;4210.00;Gebühren für Amtshandlungen;-8673.9;-2500.0;-4724.6;-6173.9;246.96;;225
22;Erziehungsdepartement;2281;Kantonsschule;;;4240.00;Benützungsgebühren und Dienstleistungen;-362.7;-100.0;-434.5;-262.7;262.7;;225
22;Erziehungsdepartement;2281;Kantonsschule;;;4270.00;Bussen;-600.0;-1000.0;-550.0;400.0;-40.0;;225
22;Erziehungsdepartement;2281;Kantonsschule;;;4309.00;Übrige betriebliche Erträge;-43596.4;-60000.0;-51909.4;16403.6;-27.34;Es werden den Schülerinnen und;225
22;Erziehungsdepartement;2281;Kantonsschule;;;4470.00;Pacht- und Mietzinse Liegenschaften VV;-11700.0;-10800.0;-7200.0;-900.0;8.33;;225
22;Erziehungsdepartement;2281;Kantonsschule;;;4471.00;Vergütungen Dienstwohnungen VV;-15600.0;-14400.0;-18000.0;-1200.0;8.33;;225
22;Erziehungsdepartement;2281;Kantonsschule;;;4472.00;Vergütung für Benützungen Liegenschaften VV;-17340.0;-12000.0;-4960.0;-5340.0;44.5;;225
22;Erziehungsdepartement;2281;Kantonsschule;;;4611.00;Entschädigungen von Kantonen und Konkordaten;-2081700.0;-2154600.0;-1958700.0;72900.0;-3.38;Weniger ausserkantonale;225
22;Erziehungsdepartement;2281;Kantonsschule;;;4612.30;Entschädigungen von Gemeinden und Gemeindezweckverbänden des benachbarten Auslands;-93200.0;-136000.0;-113100.0;42800.0;-31.47;Weniger Schülerinnen und Schüler;225
22;Erziehungsdepartement;2283;Sporthalle Munot;;;3010.00;Löhne des Verwaltungs- und Betriebspersonals;93534.9;40600.0;87708.9;52934.9;130.38;Es wurden fälschlicherweise keine;225
22;Erziehungsdepartement;2283;Sporthalle Munot;;;3010.95;Rückerstattungen Taggelder UV, EO, MSE, MV, IV für Verwaltungs- und Betriebspersonal;-3640.4;;;-3640.4;;;225
22;Erziehungsdepartement;2283;Sporthalle Munot;;;3050.00;AG-Beiträge AHV, IV, EO, ALV, Verwaltungskosten;5929.0;2600.0;5702.1;3329.0;128.04;;225
22;Erziehungsdepartement;2283;Sporthalle Munot;;;3052.00;AG-Beiträge an Pensionskassen;10188.6;5400.0;7212.3;4788.6;88.68;;225
22;Erziehungsdepartement;2283;Sporthalle Munot;;;3053.00;AG-Beiträge an Unfallversicherungen;446.65;200.0;475.0;246.65;123.33;;225
22;Erziehungsdepartement;2283;Sporthalle Munot;;;3054.00;AG-Beiträge an Familienzulagekassen;1185.05;500.0;1140.15;685.05;137.01;;226
22;Erziehungsdepartement;2283;Sporthalle Munot;;;3059.10;AG-Beiträge Sozialfonds;72.95;;70.2;72.95;;;226
22;Erziehungsdepartement;2283;Sporthalle Munot;;;3101.00;Betriebs- und Verbrauchsmaterial;4768.15;5500.0;2625.5;-731.85;-13.31;;226
22;Erziehungsdepartement;2283;Sporthalle Munot;;;3104.00;Lehrmittel;6102.3;6500.0;1956.3;-397.7;-6.12;;226
22;Erziehungsdepartement;2283;Sporthalle Munot;;;3111.00;Maschinen, Geräte und Fahrzeuge;;;2800.0;;;;226
22;Erziehungsdepartement;2283;Sporthalle Munot;;;3120.00;Ver- und Entsorgung Liegenschaften VV;29762.8;22000.0;29205.7;7762.8;35.29;;226
22;Erziehungsdepartement;2283;Sporthalle Munot;;;3140.00;Unterhalt Grundstücke;;;2237.25;;;;226
22;Erziehungsdepartement;2283;Sporthalle Munot;;;3144.00;Unterhalt Hochbauten, Gebäude;;;80314.05;;;;226
22;Erziehungsdepartement;2283;Sporthalle Munot;;;3151.00;Unterhalt Maschinen, Geräte, Fahrzeuge;9681.05;6000.0;15460.45;3681.05;61.35;;226
22;Erziehungsdepartement;2283;Sporthalle Munot;;;3160.00;Mieten und Pachten Liegenschaften;30783.9;28800.0;38924.5;1983.9;6.89;;226
22;Erziehungsdepartement;2283;Sporthalle Munot;;;3199.00;Übriger Betriebsaufwand;1734.45;1000.0;;734.45;73.45;;226
22;Erziehungsdepartement;2283;Sporthalle Munot;;;3612.10;Entschädigungen an innerkantonale Gemeinden und Gemeindezweckverbände;;20400.0;14347.9;-20400.0;-100.0;Lohnanteil Hauswartentschädigung;226
22;Erziehungsdepartement;2283;Sporthalle Munot;;;4309.00;Übrige betriebliche Erträge;;-1000.0;;1000.0;-100.0;;226
22;Erziehungsdepartement;2283;Sporthalle Munot;;;4632.10;Laufende Betriebsbeiträge von innerkantonalen Gemeinden und Gemeindezweckverbände;-116072.0;-150000.0;-129745.0;33928.0;-22.62;Weniger Betriebskosten an Stadt;226
22;Erziehungsdepartement;2283;Sporthalle Munot;;;4635.00;Beiträge von privaten Unternehmungen;-87054.0;-112500.0;-97308.0;25446.0;-22.62;Weniger Betriebskosten an;226
22;Erziehungsdepartement;2285;Berufsbildung;;;3000.10;Sitzungsgelder Kommissionen;10707.0;14600.0;11560.0;-3893.0;-26.66;;226
22;Erziehungsdepartement;2285;Berufsbildung;;;3010.00;Löhne des Verwaltungs- und Betriebspersonals;1518478.9;1537000.0;1406516.05;-18521.1;-1.21;;226
22;Erziehungsdepartement;2285;Berufsbildung;;;3010.10;Löhne der Prüfungsexperten;1397752.05;1113000.0;1326372.5;284752.05;25.58;Höhere Entschädigung für;226
22;Erziehungsdepartement;2285;Berufsbildung;;;3010.95;Rückerstattungen Taggelder UV, EO, MSE, MV, IV für Verwaltungs- und Betriebspersonal;-20745.4;;;-20745.4;;Mehr krankheitsbedingte Ausfälle als;226
22;Erziehungsdepartement;2285;Berufsbildung;;;3050.00;AG-Beiträge AHV, IV, EO, ALV, Verwaltungskosten;158022.65;173200.0;154012.4;-15177.35;-8.76;;226
22;Erziehungsdepartement;2285;Berufsbildung;;;3052.00;AG-Beiträge an Pensionskassen;197543.7;353800.0;187924.45;-156256.3;-44.17;;226
22;Erziehungsdepartement;2285;Berufsbildung;;;3053.00;AG-Beiträge an Unfallversicherungen;10255.15;14400.0;9629.35;-4144.85;-28.78;;226
22;Erziehungsdepartement;2285;Berufsbildung;;;3054.00;AG-Beiträge an Familienzulagekassen;31679.8;34600.0;30901.8;-2920.2;-8.44;;226
22;Erziehungsdepartement;2285;Berufsbildung;;;3059.10;AG-Beiträge Sozialfonds;1918.9;2100.0;1861.7;-181.1;-8.62;;226
22;Erziehungsdepartement;2285;Berufsbildung;;;3090.00;Aus- und Weiterbildung des eigenen Personals;18376.1;36900.0;24599.35;-18523.9;-50.2;Nicht alle geplanten Weiterbildungen;227
22;Erziehungsdepartement;2285;Berufsbildung;;;3099.00;Übriger Personalaufwand;8221.8;4600.0;5011.08;3621.8;78.73;;227
22;Erziehungsdepartement;2285;Berufsbildung;;;3100.00;Büromaterial;4882.22;7000.0;4391.89;-2117.78;-30.25;;227
22;Erziehungsdepartement;2285;Berufsbildung;;;3102.00;Drucksachen, Publikationen;6589.75;2700.0;1648.45;3889.75;144.06;;227
22;Erziehungsdepartement;2285;Berufsbildung;;;3103.00;Fachliteratur, Zeitschriften;2212.3;2400.0;967.5;-187.7;-7.82;;227
22;Erziehungsdepartement;2285;Berufsbildung;;;3109.00;Übriger Material- und Warenaufwand;1172.75;400.0;480.85;772.75;193.19;;227
22;Erziehungsdepartement;2285;Berufsbildung;;;3113.00;Hardware;8069.7;7500.0;22343.98;569.7;7.6;;227
22;Erziehungsdepartement;2285;Berufsbildung;;;3118.00;Immaterielle Anlagen;2562.1;7500.0;18016.85;-4937.9;-65.84;;227
22;Erziehungsdepartement;2285;Berufsbildung;;;3130.00;Dienstleistungen Dritter;279083.55;555500.0;220534.7;-276416.45;-49.76;Weniger berufsbildende Massnahmen;227
22;Erziehungsdepartement;2285;Berufsbildung;;;3130.11;Dienstleistungen Dritter (ED - Case Management);24626.37;;;24626.37;;Wurde auf Konto 2285.3130.00;227
22;Erziehungsdepartement;2285;Berufsbildung;;;3130.15;Entschädigungen an HKV SH;;6970600.0;6533160.0;-6970600.0;-100.0;Wurde auf Konto 2285.3616.20;227
22;Erziehungsdepartement;2285;Berufsbildung;;;3132.00;Honorare externe Berater, Gutachter, Fachexperten etc.;75573.52;118800.0;76609.62;-43226.48;-36.39;Weniger externe Prüfungsexpertinnen;227
22;Erziehungsdepartement;2285;Berufsbildung;;;3133.00;Informatik-Nutzungsaufwand;152728.85;156900.0;114194.0;-4171.15;-2.66;;227
22;Erziehungsdepartement;2285;Berufsbildung;;;3139.00;Lehrlingsprüfungen;670397.65;618700.0;620422.51;51697.65;8.36;Mehr Lernende, teuereres Material für;227
22;Erziehungsdepartement;2285;Berufsbildung;;;3158.00;Unterhalt immaterielle Anlagen;128121.95;149800.0;143182.95;-21678.05;-14.47;Kosten für Multifunktionsgeräte;227
22;Erziehungsdepartement;2285;Berufsbildung;;;3160.00;Mieten und Pachten Liegenschaften;2080.0;2000.0;2774.05;80.0;4.0;;227
22;Erziehungsdepartement;2285;Berufsbildung;;;3161.00;Mieten, Benützungskosten Anlagen;;5800.0;14698.25;-5800.0;-100.0;;227
22;Erziehungsdepartement;2285;Berufsbildung;;;3170.00;Reisekosten und Spesen;14347.65;15000.0;14940.95;-652.35;-4.35;;227
22;Erziehungsdepartement;2285;Berufsbildung;;;3181.00;Tatsächliche Forderungsverluste;504.35;3000.0;1250.0;-2495.65;-83.19;;227
22;Erziehungsdepartement;2285;Berufsbildung;;;3199.00;Übriger Betriebsaufwand;11280.2;26500.0;17061.38;-15219.8;-57.43;Weniger Sitzungen der;227
22;Erziehungsdepartement;2285;Berufsbildung;;;3199.10;Entschädigung Teilnahme Instruktionskurs;50000.0;160000.0;66721.7;-110000.0;-68.75;Weniger neue Prüfungsexpertinnen;228
22;Erziehungsdepartement;2285;Berufsbildung;;;3611.00;Entschädigungen an Kantone und Konkordate;589026.05;615700.0;524461.75;-26673.95;-4.33;Weniger Qualifikationsverfahren-;228
22;Erziehungsdepartement;2285;Berufsbildung;;;3611.50;Entschädigungen an ausserkantonale Berufsfachschulen;5612897.0;5547700.0;5207611.0;65197.0;1.18;Mehr Lernende an ausserkantonalen;228
22;Erziehungsdepartement;2285;Berufsbildung;;;3616.20;Entschädigungen an HKV SH;7088380.0;;;7088380.0;;Wurde unter Konto 2285.3130.15;228
22;Erziehungsdepartement;2285;Berufsbildung;;;3631.00;Beiträge an Kantone und Konkordate;176718.0;190600.0;159136.4;-13882.0;-7.28;Veränderte Beiträge an das;228
22;Erziehungsdepartement;2285;Berufsbildung;;;3635.20;Beiträge an überbetriebliche Kurse;1636410.0;1425000.0;1372782.0;211410.0;14.84;Mehr Lernende in überbetrieblichen;228
22;Erziehungsdepartement;2285;Berufsbildung;;;3636.00;Beiträge an private Organisationen ohne Erwerbszweck;69200.0;84000.0;78200.0;-14800.0;-17.62;Weniger Schülerinnen und Schüler im;228
22;Erziehungsdepartement;2285;Berufsbildung;;;3637.00;Beiträge an private Haushalte;600.0;15000.0;5100.0;-14400.0;-96.0;Weniger Teilnehmende am;228
22;Erziehungsdepartement;2285;Berufsbildung;;;4210.00;Gebühren für Amtshandlungen;-11000.0;-18500.0;-13150.0;7500.0;-40.54;;228
22;Erziehungsdepartement;2285;Berufsbildung;;;4260.00;Rückerstattungen und Kostenbeteiligungen Dritter;-1710976.15;-1100000.0;-1561141.2;-610976.15;55.54;Aufgrund Anpassung im Reglement;228
22;Erziehungsdepartement;2285;Berufsbildung;;;4630.00;Beiträge vom Bund;-7737687.0;-7711300.0;-7716421.0;-26387.0;0.34;Leicht gestiegene Bundesbeiträge.;228
22;Erziehungsdepartement;2285;Berufsbildung;;;4633.00;Beiträge von öffentlichen Sozialversicherungen;-86362.3;-100000.0;-84375.2;13637.7;-13.64;Beitrag Sozialversicherungsamt;228
22;Erziehungsdepartement;2285;Berufsbildung;;;4896.00;Entnahmen aus Neubewertungsreserven;-500000.0;;;-500000.0;;Nachholung Teilauflösung;228
22;Erziehungsdepartement;2286;Berufs-, Studien- und Laufbahnberatung;;;3010.00;Löhne des Verwaltungs- und Betriebspersonals;985386.6;995900.0;942127.0;-10513.4;-1.06;;229
22;Erziehungsdepartement;2286;Berufs-, Studien- und Laufbahnberatung;;;3010.95;Rückerstattungen Taggelder UV, EO, MSE, MV, IV für Verwaltungs- und Betriebspersonal;-965.3;;-25208.65;-965.3;;;229
22;Erziehungsdepartement;2286;Berufs-, Studien- und Laufbahnberatung;;;3050.00;AG-Beiträge AHV, IV, EO, ALV, Verwaltungskosten;63058.95;64700.0;60395.7;-1641.05;-2.54;;229
22;Erziehungsdepartement;2286;Berufs-, Studien- und Laufbahnberatung;;;3052.00;AG-Beiträge an Pensionskassen;157537.6;132900.0;150600.5;24637.6;18.54;;229
22;Erziehungsdepartement;2286;Berufs-, Studien- und Laufbahnberatung;;;3053.00;AG-Beiträge an Unfallversicherungen;5226.1;5400.0;5018.5;-173.9;-3.22;;229
22;Erziehungsdepartement;2286;Berufs-, Studien- und Laufbahnberatung;;;3054.00;AG-Beiträge an Familienzulagekassen;12625.05;12900.0;12082.8;-274.95;-2.13;;229
22;Erziehungsdepartement;2286;Berufs-, Studien- und Laufbahnberatung;;;3059.10;AG-Beiträge Sozialfonds;771.7;800.0;740.15;-28.3;-3.54;;229
22;Erziehungsdepartement;2286;Berufs-, Studien- und Laufbahnberatung;;;3090.00;Aus- und Weiterbildung des eigenen Personals;4525.0;8000.0;4401.7;-3475.0;-43.44;;229
22;Erziehungsdepartement;2286;Berufs-, Studien- und Laufbahnberatung;;;3099.00;Übriger Personalaufwand;3432.0;1700.0;3607.0;1732.0;101.88;;229
22;Erziehungsdepartement;2286;Berufs-, Studien- und Laufbahnberatung;;;3100.00;Büromaterial;4316.52;5000.0;3058.03;-683.48;-13.67;;229
22;Erziehungsdepartement;2286;Berufs-, Studien- und Laufbahnberatung;;;3102.00;Drucksachen, Publikationen;15648.25;27000.0;17951.05;-11351.75;-42.04;Weniger Ausgaben für Printmedien.;229
22;Erziehungsdepartement;2286;Berufs-, Studien- und Laufbahnberatung;;;3103.00;Fachliteratur, Zeitschriften;1250.35;2000.0;1358.5;-749.65;-37.48;;229
22;Erziehungsdepartement;2286;Berufs-, Studien- und Laufbahnberatung;;;3109.00;Übriger Material- und Warenaufwand;411.72;500.0;227.99;-88.28;-17.66;;229
22;Erziehungsdepartement;2286;Berufs-, Studien- und Laufbahnberatung;;;3110.00;Büromöbel und -geräte;79.4;1500.0;;-1420.6;-94.71;;229
22;Erziehungsdepartement;2286;Berufs-, Studien- und Laufbahnberatung;;;3113.00;Hardware;298.0;5000.0;1877.65;-4702.0;-94.04;;229
22;Erziehungsdepartement;2286;Berufs-, Studien- und Laufbahnberatung;;;3130.00;Dienstleistungen Dritter;19076.5;18000.0;3154.3;1076.5;5.98;;229
22;Erziehungsdepartement;2286;Berufs-, Studien- und Laufbahnberatung;;;3133.00;Informatik-Nutzungsaufwand;97858.15;94000.0;58271.4;3858.15;4.1;;229
22;Erziehungsdepartement;2286;Berufs-, Studien- und Laufbahnberatung;;;3153.00;Informatik-Unterhalt (Hardware);264.0;1500.0;;-1236.0;-82.4;;229
22;Erziehungsdepartement;2286;Berufs-, Studien- und Laufbahnberatung;;;3158.00;Unterhalt immaterielle Anlagen;744.0;11000.0;10443.0;-10256.0;-93.24;Keine Wartungskosten für die interne;229
22;Erziehungsdepartement;2286;Berufs-, Studien- und Laufbahnberatung;;;3161.00;Mieten, Benützungskosten Anlagen;765.15;5000.0;6534.8;-4234.85;-84.7;;229
22;Erziehungsdepartement;2286;Berufs-, Studien- und Laufbahnberatung;;;3170.00;Reisekosten und Spesen;5225.8;7000.0;6809.05;-1774.2;-25.35;;229
22;Erziehungsdepartement;2286;Berufs-, Studien- und Laufbahnberatung;;;3199.00;Übriger Betriebsaufwand;253.8;500.0;;-246.2;-49.24;;229
22;Erziehungsdepartement;2286;Berufs-, Studien- und Laufbahnberatung;;;3631.00;Beiträge an Kantone und Konkordate;2400.0;3000.0;2400.0;-600.0;-20.0;;229
22;Erziehungsdepartement;2286;Berufs-, Studien- und Laufbahnberatung;;;3636.00;Beiträge an private Organisationen ohne Erwerbszweck;183430.0;45000.0;21586.8;138430.0;307.62;Höhere Nachfrage nach;230
22;Erziehungsdepartement;2286;Berufs-, Studien- und Laufbahnberatung;;;4240.00;Benützungsgebühren und Dienstleistungen;-10007.8;-12000.0;-7545.1;1992.2;-16.6;;230
22;Erziehungsdepartement;2286;Berufs-, Studien- und Laufbahnberatung;;;4630.00;Beiträge vom Bund;-250860.35;-91000.0;-140473.0;-159860.35;175.67;Höhere Nachfrage nach;230
22;Erziehungsdepartement;2286;Berufs-, Studien- und Laufbahnberatung;;;4910.00;IV Dienstleistungen;-11142.0;-15000.0;-16566.0;3858.0;-25.72;;230
22;Erziehungsdepartement;2291;Sport;;;3000.10;Sitzungsgelder Kommissionen;150.0;800.0;1265.9;-650.0;-81.25;;230
22;Erziehungsdepartement;2291;Sport;;;3010.00;Löhne des Verwaltungs- und Betriebspersonals;275956.0;274000.0;261992.5;1956.0;0.71;;230
22;Erziehungsdepartement;2291;Sport;;;3010.95;Rückerstattungen Taggelder UV, EO, MSE, MV, IV für Verwaltungs- und Betriebspersonal;;;-292.6;;;;230
22;Erziehungsdepartement;2291;Sport;;;3020.00;Löhne der Lehrpersonen;73165.0;60800.0;;12365.0;20.34;Die Schaffhauser Schulen konnten;230
22;Erziehungsdepartement;2291;Sport;;;3050.00;AG-Beiträge AHV, IV, EO, ALV, Verwaltungskosten;20190.55;21900.0;14992.95;-1709.45;-7.81;;230
22;Erziehungsdepartement;2291;Sport;;;3052.00;AG-Beiträge an Pensionskassen;31204.9;44700.0;29989.1;-13495.1;-30.19;Vgl. Kommentar zu Konto;230
22;Erziehungsdepartement;2291;Sport;;;3053.00;AG-Beiträge an Unfallversicherungen;1550.7;1800.0;1218.85;-249.3;-13.85;;230
22;Erziehungsdepartement;2291;Sport;;;3054.00;AG-Beiträge an Familienzulagekassen;4037.6;4400.0;2997.65;-362.4;-8.24;;230
22;Erziehungsdepartement;2291;Sport;;;3059.10;AG-Beiträge Sozialfonds;249.6;300.0;184.7;-50.4;-16.8;;230
22;Erziehungsdepartement;2291;Sport;;;3090.00;Aus- und Weiterbildung des eigenen Personals;;1700.0;;-1700.0;-100.0;;230
22;Erziehungsdepartement;2291;Sport;;;3099.00;Übriger Personalaufwand;;500.0;160.0;-500.0;-100.0;;230
22;Erziehungsdepartement;2291;Sport;;;3100.00;Büromaterial;762.19;1000.0;987.0;-237.81;-23.78;;230
22;Erziehungsdepartement;2291;Sport;;;3101.00;Betriebs- und Verbrauchsmaterial;892.65;1000.0;1354.4;-107.35;-10.74;;230
22;Erziehungsdepartement;2291;Sport;;;3102.00;Drucksachen, Publikationen;;1000.0;462.5;-1000.0;-100.0;;230
22;Erziehungsdepartement;2291;Sport;;;3103.00;Fachliteratur, Zeitschriften;99.3;500.0;;-400.7;-80.14;;230
22;Erziehungsdepartement;2291;Sport;;;3110.00;Büromöbel und -geräte;;1000.0;;-1000.0;-100.0;;230
22;Erziehungsdepartement;2291;Sport;;;3113.00;Hardware;;2000.0;2419.58;-2000.0;-100.0;;231
22;Erziehungsdepartement;2291;Sport;;;3118.00;Immaterielle Anlagen;;29000.0;;-29000.0;-100.0;Für das Projekt «FoundationPlus» zur;231
22;Erziehungsdepartement;2291;Sport;;;3130.00;Dienstleistungen Dritter;7123.0;41500.0;42727.05;-34377.0;-82.84;Das Projekt «Unified» mit Special;231
22;Erziehungsdepartement;2291;Sport;;;3133.00;Informatik-Nutzungsaufwand;54317.34;68500.0;30115.65;-14182.66;-20.7;Für das Projekt «FoundationPlus» zur;231
22;Erziehungsdepartement;2291;Sport;;;3138.00;Kurse, Prüfungen und Beratungen;69307.02;95000.0;102565.7;-25692.98;-27.05;Die Jugend+Sport-Kurse der;231
22;Erziehungsdepartement;2291;Sport;;;3160.00;Mieten und Pachten Liegenschaften;2481.25;5000.0;3760.0;-2518.75;-50.38;;231
22;Erziehungsdepartement;2291;Sport;;;3161.00;Mieten, Benützungskosten Anlagen;;3000.0;1290.15;-3000.0;-100.0;;231
22;Erziehungsdepartement;2291;Sport;;;3170.00;Reisekosten und Spesen;3420.7;4000.0;3152.3;-579.3;-14.48;;231
22;Erziehungsdepartement;2291;Sport;;;3181.00;Tatsächliche Forderungsverluste;250.0;500.0;60.0;-250.0;-50.0;;231
22;Erziehungsdepartement;2291;Sport;;;3199.00;Übriger Betriebsaufwand;240.0;1000.0;700.0;-760.0;-76.0;;231
22;Erziehungsdepartement;2291;Sport;;;3612.10;Entschädigungen an innerkantonale Gemeinden und Gemeindezweckverbände;;10000.0;;-10000.0;-100.0;Sämtliche Projekte der Sport- und;231
22;Erziehungsdepartement;2291;Sport;;;3660.50;Planmässige Abschreibungen Invest.beiträge an private Unternehmungen;12000.0;12000.0;12000.0;;;;231
22;Erziehungsdepartement;2291;Sport;;;4231.00;Kursgelder;-45670.0;-60000.0;-44000.0;14330.0;-23.88;Es wurden weniger Jugend+Sport-;231
22;Erziehungsdepartement;2291;Sport;;;4610.00;Entschädigungen vom Bund;;;-48271.76;;;;231
22;Erziehungsdepartement;2291;Sport;;;4630.00;Beiträge vom Bund;-51400.03;-30000.0;-1600.0;-21400.03;71.33;Höhere Jugend+Sport-Beiträge für die;232
22;Erziehungsdepartement;2292;Familie und Jugend;;;3000.10;Sitzungsgelder Kommissionen;2725.0;10000.0;3250.0;-7275.0;-72.75;;232
22;Erziehungsdepartement;2292;Familie und Jugend;;;3010.00;Löhne des Verwaltungs- und Betriebspersonals;1233234.1;1056600.0;994386.5;176634.1;16.72;Bei der Überschreitung der;232
22;Erziehungsdepartement;2292;Familie und Jugend;;;3010.95;Rückerstattungen Taggelder UV, EO, MSE, MV, IV für Verwaltungs- und Betriebspersonal;-1346.6;;-636.05;-1346.6;;;232
22;Erziehungsdepartement;2292;Familie und Jugend;;;3050.00;AG-Beiträge AHV, IV, EO, ALV, Verwaltungskosten;80163.9;69300.0;64734.15;10863.9;15.68;Vgl. Kommentar zu Konto;232
22;Erziehungsdepartement;2292;Familie und Jugend;;;3052.00;AG-Beiträge an Pensionskassen;161255.5;141000.0;137977.5;20255.5;14.37;Vgl. Kommentar zu Konto;232
22;Erziehungsdepartement;2292;Familie und Jugend;;;3053.00;AG-Beiträge an Unfallversicherungen;6661.45;5700.0;5399.3;961.45;16.87;;232
22;Erziehungsdepartement;2292;Familie und Jugend;;;3054.00;AG-Beiträge an Familienzulagekassen;16031.45;13900.0;12940.9;2131.45;15.33;;232
22;Erziehungsdepartement;2292;Familie und Jugend;;;3059.10;AG-Beiträge Sozialfonds;985.9;800.0;797.65;185.9;23.24;;232
22;Erziehungsdepartement;2292;Familie und Jugend;;;3064.00;Überbrückungsrenten;;;332.0;;;;232
22;Erziehungsdepartement;2292;Familie und Jugend;;;3090.00;Aus- und Weiterbildung des eigenen Personals;11265.0;29000.0;9020.0;-17735.0;-61.16;Weiterbildungen wurden weniger;232
22;Erziehungsdepartement;2292;Familie und Jugend;;;3091.00;Personalwerbung;297.3;;962.1;297.3;;;232
22;Erziehungsdepartement;2292;Familie und Jugend;;;3099.00;Übriger Personalaufwand;1600.0;2800.0;1200.0;-1200.0;-42.86;;232
22;Erziehungsdepartement;2292;Familie und Jugend;;;3100.00;Büromaterial;2969.23;1500.0;2401.12;1469.23;97.95;Hier bildet sich die Neuausstattung;232
22;Erziehungsdepartement;2292;Familie und Jugend;;;3102.00;Drucksachen, Publikationen;5081.95;8800.0;5933.75;-3718.05;-42.25;;232
22;Erziehungsdepartement;2292;Familie und Jugend;;;3103.00;Fachliteratur, Zeitschriften;1053.35;2200.0;1013.29;-1146.65;-52.12;;232
22;Erziehungsdepartement;2292;Familie und Jugend;;;3110.00;Büromöbel und -geräte;12308.35;15000.0;;-2691.65;-17.94;;233
22;Erziehungsdepartement;2292;Familie und Jugend;;;3113.00;Hardware;14420.55;2500.0;6722.9;11920.55;476.82;Einrichten von drei neuen;233
22;Erziehungsdepartement;2292;Familie und Jugend;;;3130.00;Dienstleistungen Dritter;195763.77;247000.0;128855.68;-51236.23;-20.74;Die budgetierte;233
22;Erziehungsdepartement;2292;Familie und Jugend;;;3133.00;Informatik-Nutzungsaufwand;65432.45;39900.0;36000.3;25532.45;63.99;Die Einrichtung von drei zusätzlichen;233
22;Erziehungsdepartement;2292;Familie und Jugend;;;3160.00;Mieten und Pachten Liegenschaften;80.0;3300.0;400.0;-3220.0;-97.58;;233
22;Erziehungsdepartement;2292;Familie und Jugend;;;3161.00;Mieten, Benützungskosten Anlagen;795.2;800.0;4591.4;-4.8;-0.6;;233
22;Erziehungsdepartement;2292;Familie und Jugend;;;3170.00;Reisekosten und Spesen;11207.0;17500.0;5578.35;-6293.0;-35.96;;233
22;Erziehungsdepartement;2292;Familie und Jugend;;;3181.00;Tatsächliche Forderungsverluste;;;1700.0;;;;233
22;Erziehungsdepartement;2292;Familie und Jugend;;;3612.10;Entschädigungen an innerkantonale Gemeinden und Gemeindezweckverbände;548734.6;610000.0;595111.75;-61265.4;-10.04;Es wurde von einem gleichen;233
22;Erziehungsdepartement;2292;Familie und Jugend;;;3635.00;Beiträge an private Unternehmungen;116596.0;57500.0;119332.0;59096.0;102.78;Wechsel der;233
22;Erziehungsdepartement;2292;Familie und Jugend;;;3637.00;Beiträge an private Haushalte;1560030.0;1600000.0;1991075.0;-39970.0;-2.5;Es wurden weniger;233
22;Erziehungsdepartement;2292;Familie und Jugend;;;3707.00;Durchlaufende Beiträge an private Haushalte;219260.0;216000.0;-242555.0;3260.0;1.51;;233
22;Erziehungsdepartement;2292;Familie und Jugend;;;3910.00;IV Dienstleistungen;;;70.0;;;;233
22;Erziehungsdepartement;2292;Familie und Jugend;;;4210.00;Gebühren für Amtshandlungen;-4750.0;-5000.0;-6000.0;250.0;-5.0;;234
22;Erziehungsdepartement;2292;Familie und Jugend;;;4240.00;Benützungsgebühren und Dienstleistungen;;-5500.0;;5500.0;-100.0;;234
22;Erziehungsdepartement;2292;Familie und Jugend;;;4612.10;Entschädigungen von innerkantonalen Gemeinden und Gemeindezweckverbänden;-29720.0;-81500.0;-38151.3;51780.0;-63.53;Die Beitragsentschädigungen;234
22;Erziehungsdepartement;2292;Familie und Jugend;;;4630.00;Beiträge vom Bund;;;2370.0;;;;234
22;Erziehungsdepartement;2292;Familie und Jugend;;;4700.00;Durchlaufende Beiträge vom Bund;-219260.0;-216000.0;242555.0;-3260.0;1.51;;234
22;Erziehungsdepartement;2292;Familie und Jugend;;;4894.00;Entnahme aus FIPOL;-1560030.0;-1600000.0;-2110407.0;39970.0;-2.5;Die Entnahme entspricht den;234
22;Erziehungsdepartement;2293;Kultur;;;3010.00;Löhne des Verwaltungs- und Betriebspersonals;95345.6;84800.0;60757.05;10545.6;12.44;Mehrarbeit infolge des Kulturforums;234
22;Erziehungsdepartement;2293;Kultur;;;3050.00;AG-Beiträge AHV, IV, EO, ALV, Verwaltungskosten;6075.4;5500.0;3708.6;575.4;10.46;;234
22;Erziehungsdepartement;2293;Kultur;;;3052.00;AG-Beiträge an Pensionskassen;13242.0;11400.0;8809.3;1842.0;16.16;;234
22;Erziehungsdepartement;2293;Kultur;;;3053.00;AG-Beiträge an Unfallversicherungen;509.1;500.0;301.2;9.1;1.82;;234
22;Erziehungsdepartement;2293;Kultur;;;3054.00;AG-Beiträge an Familienzulagekassen;1215.5;1100.0;746.25;115.5;10.5;;234
22;Erziehungsdepartement;2293;Kultur;;;3059.10;AG-Beiträge Sozialfonds;74.85;100.0;43.95;-25.15;-25.15;;234
22;Erziehungsdepartement;2293;Kultur;;;3090.00;Aus- und Weiterbildung des eigenen Personals;;1000.0;;-1000.0;-100.0;;234
22;Erziehungsdepartement;2293;Kultur;;;3099.00;Übriger Personalaufwand;;100.0;;-100.0;-100.0;;234
22;Erziehungsdepartement;2293;Kultur;;;3100.00;Büromaterial;144.7;100.0;;44.7;44.7;;234
22;Erziehungsdepartement;2293;Kultur;;;3130.00;Dienstleistungen Dritter;8170.0;2000.0;1461.26;6170.0;308.5;;234
22;Erziehungsdepartement;2293;Kultur;;;3133.00;Informatik-Nutzungsaufwand;;2500.0;;-2500.0;-100.0;;234
22;Erziehungsdepartement;2293;Kultur;;;3170.00;Reisekosten und Spesen;2085.05;2000.0;1929.6;85.05;4.25;;234
22;Erziehungsdepartement;2293;Kultur;;;4610.00;Entschädigungen vom Bund;-80844.02;;;-80844.02;;Periodenfremder Ertrag aus;234
22;Erziehungsdepartement;2298;;2298.7221;Kantonaler Sportfonds;3000.10;Sitzungsgelder Kommissionen;5040.0;5000.0;4320.0;40.0;0.8;;235
22;Erziehungsdepartement;2298;;2298.7221;Kantonaler Sportfonds;3010.00;Löhne des Verwaltungs- und Betriebspersonals;4935.0;40000.0;77904.0;-35065.0;-87.66;Die Entschädigungen für Kurse im;235
22;Erziehungsdepartement;2298;;2298.7221;Kantonaler Sportfonds;3050.00;AG-Beiträge AHV, IV, EO, ALV, Verwaltungskosten;67.95;2900.0;4231.35;-2832.05;-97.66;;235
22;Erziehungsdepartement;2298;;2298.7221;Kantonaler Sportfonds;3052.00;AG-Beiträge an Pensionskassen;;5300.0;;-5300.0;-100.0;;235
22;Erziehungsdepartement;2298;;2298.7221;Kantonaler Sportfonds;3053.00;AG-Beiträge an Unfallversicherungen;21.5;200.0;240.95;-178.5;-89.25;;235
22;Erziehungsdepartement;2298;;2298.7221;Kantonaler Sportfonds;3054.00;AG-Beiträge an Familienzulagekassen;13.55;600.0;846.1;-586.45;-97.74;;235
22;Erziehungsdepartement;2298;;2298.7221;Kantonaler Sportfonds;3059.10;AG-Beiträge Sozialfonds;0.8;;51.95;0.8;;;235
22;Erziehungsdepartement;2298;;2298.7221;Kantonaler Sportfonds;3099.00;Übriger Personalaufwand;943.0;1000.0;1405.7;-57.0;-5.7;;235
22;Erziehungsdepartement;2298;;2298.7221;Kantonaler Sportfonds;3101.00;Betriebs- und Verbrauchsmaterial;;5000.0;;-5000.0;-100.0;;235
22;Erziehungsdepartement;2298;;2298.7221;Kantonaler Sportfonds;3130.00;Dienstleistungen Dritter;1020.0;;;1020.0;;;235
22;Erziehungsdepartement;2298;;2298.7221;Kantonaler Sportfonds;3170.00;Reisekosten und Spesen;1330.0;3000.0;;-1670.0;-55.67;;235
22;Erziehungsdepartement;2298;;2298.7221;Kantonaler Sportfonds;3501.00;Einlagen in Fonds des Fremdkapitals;43616.32;;235527.8;43616.32;;;235
22;Erziehungsdepartement;2298;;2298.7221;Kantonaler Sportfonds;3632.10;Beiträge an innerkantonale Gemeinden und Gemeindezweckverbände;199562.0;300000.0;162740.0;-100438.0;-33.48;Schaffhauser Gemeinden reichten;235
22;Erziehungsdepartement;2298;;2298.7221;Kantonaler Sportfonds;3635.00;Beiträge an private Unternehmungen;141188.25;30000.0;243164.5;111188.25;370.63;Es wurden mehr Beiträge an private;235
22;Erziehungsdepartement;2298;;2298.7221;Kantonaler Sportfonds;3636.00;Beiträge an private Organisationen ohne Erwerbszweck;810975.2;800000.0;526601.47;10975.2;1.37;Es wurden mehr Beiträge an private;235
22;Erziehungsdepartement;2298;;2298.7221;Kantonaler Sportfonds;3637.00;Beiträge an private Haushalte;25373.0;50000.0;19204.2;-24627.0;-49.25;Es wurden weniger Beiträge an;235
22;Erziehungsdepartement;2298;;2298.7221;Kantonaler Sportfonds;4130.00;Ertragsanteile an Lotterien, Sport-Toto, Wetten;-1217414.88;-961200.0;-1034320.14;-256214.88;26.66;Grosse Lotto-Spielvolumen und das;235
22;Erziehungsdepartement;2298;;2298.7221;Kantonaler Sportfonds;4390.00;Übrige Erträge;;;-214669.0;;;;235
22;Erziehungsdepartement;2298;;2298.7221;Kantonaler Sportfonds;4501.00;Entnahmen aus Fonds des Fremdkapitals;;-262000.0;;262000.0;-100.0;;235
22;Erziehungsdepartement;2298;;2298.7221;Kantonaler Sportfonds;4630.00;Beiträge vom Bund;-16671.69;-15000.0;-25170.11;-1671.69;11.14;;235
22;Erziehungsdepartement;2298;;2298.7221;Kantonaler Sportfonds;4940.00;IV Kalk. Zinsen und Finanzaufwand;;-4800.0;-2078.77;4800.0;-100.0;;235
22;Erziehungsdepartement;2298;;2298.7222;Stipendienfonds;4940.00;IV Kalk. Zinsen und Finanzaufwand;;-900.0;-649.97;900.0;-100.0;;236
22;Erziehungsdepartement;2298;;2298.7222;Stipendienfonds;9010.00;Abschluss Spezialfinanzierungen und Fonds des Eigenkapitals, Ertragsüberschuss;;900.0;649.97;-900.0;-100.0;;236
22;Erziehungsdepartement;2298;;2298.7251;Lotteriegewinn-Fonds;3010.00;Löhne des Verwaltungs- und Betriebspersonals;480.0;;;480.0;;;236
22;Erziehungsdepartement;2298;;2298.7251;Lotteriegewinn-Fonds;3050.00;AG-Beiträge AHV, IV, EO, ALV, Verwaltungskosten;171.65;;52.0;171.65;;;236
22;Erziehungsdepartement;2298;;2298.7251;Lotteriegewinn-Fonds;3053.00;AG-Beiträge an Unfallversicherungen;14.25;;4.35;14.25;;;236
22;Erziehungsdepartement;2298;;2298.7251;Lotteriegewinn-Fonds;3054.00;AG-Beiträge an Familienzulagekassen;34.35;;10.4;34.35;;;236
22;Erziehungsdepartement;2298;;2298.7251;Lotteriegewinn-Fonds;3059.10;AG-Beiträge Sozialfonds;2.1;;0.65;2.1;;;236
22;Erziehungsdepartement;2298;;2298.7251;Lotteriegewinn-Fonds;3099.00;Übriger Personalaufwand;24.2;;;24.2;;;236
22;Erziehungsdepartement;2298;;2298.7251;Lotteriegewinn-Fonds;3130.00;Dienstleistungen Dritter;7500.0;7500.0;7500.0;;;;236
22;Erziehungsdepartement;2298;;2298.7251;Lotteriegewinn-Fonds;3501.00;Einlagen in Fonds des Fremdkapitals;591767.48;;589024.58;591767.48;;;236
22;Erziehungsdepartement;2298;;2298.7251;Lotteriegewinn-Fonds;3631.22;Beiträge an Kantone und Konkordate (ED, Funktion 329);130653.65;132300.0;145261.0;-1646.35;-1.24;;236
22;Erziehungsdepartement;2298;;2298.7251;Lotteriegewinn-Fonds;3632.51;Beiträge an innerkantonale Gemeinden und Gemeindezweckverbände (StK, Funktion 012);;10000.0;;-10000.0;-100.0;;236
22;Erziehungsdepartement;2298;;2298.7251;Lotteriegewinn-Fonds;3632.54;Beiträge an innerkantonale Gemeinden und Gemeindezweckverbände (ED, Funktion 311);220000.0;220000.0;220000.0;;;;236
22;Erziehungsdepartement;2298;;2298.7251;Lotteriegewinn-Fonds;3632.55;Beiträge an innerkantonale Gemeinden und Gemeindezweckverbände (ED, Funktion 322);355000.0;355000.0;325000.0;;;;236
22;Erziehungsdepartement;2298;;2298.7251;Lotteriegewinn-Fonds;3632.56;Beiträge an innerkantonale Gemeinden und Gemeindezweckverbände (ED, Funktion 329);337120.0;367800.0;341096.0;-30680.0;-8.34;Wegfall eines Projektes.;236
22;Erziehungsdepartement;2298;;2298.7251;Lotteriegewinn-Fonds;3635.51;Beiträge an private Unternehmungen (FD, Funktion 329);;2000.0;;-2000.0;-100.0;;236
22;Erziehungsdepartement;2298;;2298.7251;Lotteriegewinn-Fonds;3636.06;Beiträge an private Organisationen ohne Erwerbszweck (KR, Funktion 034);25000.0;25000.0;25000.0;;;;236
22;Erziehungsdepartement;2298;;2298.7251;Lotteriegewinn-Fonds;3636.07;Beiträge an private Organisationen ohne Erwerbszweck (StK, Funktion 329);14857.5;20000.0;20242.95;-5142.5;-25.71;;236
22;Erziehungsdepartement;2298;;2298.7251;Lotteriegewinn-Fonds;3636.08;Beiträge an private Organisationen ohne Erwerbszweck (StK, Funktion 321);41670.0;41700.0;41666.0;-30.0;-0.07;;236
22;Erziehungsdepartement;2298;;2298.7251;Lotteriegewinn-Fonds;3636.11;Beiträge an private Organisationen ohne Erwerbszweck (DI Soziales, Funktion 579);735418.35;700000.0;451197.01;35418.35;5.06;Die Budgetüberschreitung ist das;237
22;Erziehungsdepartement;2298;;2298.7251;Lotteriegewinn-Fonds;3636.12;Beiträge an private Organisationen ohne Erwerbszweck (DI Gesundheit, Funktion 490);45091.0;75000.0;35615.0;-29909.0;-39.88;Es gingen weniger bewilligungsfähige;237
22;Erziehungsdepartement;2298;;2298.7251;Lotteriegewinn-Fonds;3636.13;Beiträge an private Organisationen ohne Erwerbszweck (DI Umwelt, Funktion 779);14800.0;60000.0;57000.0;-45200.0;-75.33;Nichtbeanspruchung weiterer Gelder;237
22;Erziehungsdepartement;2298;;2298.7251;Lotteriegewinn-Fonds;3636.21;Beiträge an private Organisationen ohne Erwerbszweck (ED, Funktion 329);1826918.37;1726000.0;1465622.48;100918.37;5.85;Nicht budgetierter Exekutivkredit über;237
22;Erziehungsdepartement;2298;;2298.7251;Lotteriegewinn-Fonds;3636.31;Beiträge an private Organisationen ohne Erwerbszweck (BD, Funktion 312);8490.55;10000.0;;-1509.45;-15.09;;237
22;Erziehungsdepartement;2298;;2298.7251;Lotteriegewinn-Fonds;3636.32;Beiträge an private Organisationen ohne Erwerbszweck (BD, Funktion 329);147695.6;165000.0;171283.39;-17304.4;-10.49;Es wurden weniger Gesuche;237
22;Erziehungsdepartement;2298;;2298.7251;Lotteriegewinn-Fonds;3636.33;Beiträge an private Organisationen ohne Erwerbszweck (BD, Funktion 782);6390.0;50900.0;48565.0;-44510.0;-87.45;Es wurden weniger Gesuche;237
22;Erziehungsdepartement;2298;;2298.7251;Lotteriegewinn-Fonds;3636.41;Beiträge an private Organisationen ohne Erwerbszweck (VD, Funktion 329);30000.0;30000.0;30000.0;;;;237
22;Erziehungsdepartement;2298;;2298.7251;Lotteriegewinn-Fonds;3636.42;Beiträge an private Organisationen ohne Erwerbszweck (VD, Funktion 840);31311.7;28500.0;31311.7;2811.7;9.87;;237
22;Erziehungsdepartement;2298;;2298.7251;Lotteriegewinn-Fonds;3636.43;Beiträge an private Organisationen ohne Erwerbszweck (VD, Funktion 890);152778.24;180000.0;144700.0;-27221.76;-15.12;Es wurden weniger Gesuche;237
22;Erziehungsdepartement;2298;;2298.7251;Lotteriegewinn-Fonds;3636.51;Beiträge an private Organisationen ohne Erwerbszweck (FD, Funktion 329);1850.0;5000.0;1850.0;-3150.0;-63.0;;237
22;Erziehungsdepartement;2298;;2298.7251;Lotteriegewinn-Fonds;3637.07;Beiträge an private Haushalte (StK, Funktion 329);;10000.0;;-10000.0;-100.0;;237
22;Erziehungsdepartement;2298;;2298.7251;Lotteriegewinn-Fonds;3637.21;Beiträge an private Haushalte (ED, Funktion 329);241049.65;255000.0;163185.15;-13950.35;-5.47;;237
22;Erziehungsdepartement;2298;;2298.7251;Lotteriegewinn-Fonds;3637.32;Beiträge an private Haushalte (BD, Funktion 312);269780.45;501000.0;155900.79;-231219.55;-46.15;Minderausgaben beim;238
22;Erziehungsdepartement;2298;;2298.7251;Lotteriegewinn-Fonds;3638.11;Beiträge an das Ausland (DI, Funktion 593);223000.0;180000.0;180000.0;43000.0;23.89;;238
22;Erziehungsdepartement;2298;;2298.7251;Lotteriegewinn-Fonds;3638.21;Beiträge an das Ausland (ED, Funktion 329);87132.03;110000.0;64532.02;-22867.97;-20.79;Kuratoriumsentscheid: Nur eine;238
22;Erziehungsdepartement;2298;;2298.7251;Lotteriegewinn-Fonds;4130.00;Ertragsanteile an Lotterien, Sport-Toto, Wetten;-5546001.12;-4379000.0;-4711902.86;-1167001.12;26.65;Die Ertragsanteile aus dem;238
22;Erziehungsdepartement;2298;;2298.7251;Lotteriegewinn-Fonds;4501.00;Entnahmen aus Fonds des Fremdkapitals;;-880500.0;;880500.0;-100.0;;238
22;Erziehungsdepartement;2298;;2298.7251;Lotteriegewinn-Fonds;4940.00;IV Kalk. Zinsen und Finanzaufwand;;-8200.0;-3717.61;8200.0;-100.0;;238
22;Erziehungsdepartement;2298;;2298.7615;Pestalozzifonds;3637.00;Beiträge an private Haushalte;2500.0;;10000.0;2500.0;;;238
22;Erziehungsdepartement;2298;;2298.7615;Pestalozzifonds;4940.00;IV Kalk. Zinsen und Finanzaufwand;;-700.0;-471.88;700.0;-100.0;;238
22;Erziehungsdepartement;2298;;2298.7615;Pestalozzifonds;9010.00;Abschluss Spezialfinanzierungen und Fonds des Eigenkapitals, Ertragsüberschuss;;700.0;;-700.0;-100.0;;238
22;Erziehungsdepartement;2298;;2298.7615;Pestalozzifonds;9011.00;Abschluss Spezialfinanzierungen und Fonds des Eigenkapitals, Aufwandüberschuss;-2500.0;;-9528.12;-2500.0;;;238
22;Erziehungsdepartement;2298;;2298.7620;Lehrlingsunterstützungsfonds;3502.00;Einlagen in Legate und Stiftungen des Fremdkapitals;2.77;100.0;33.06;-97.23;-97.23;;238
22;Erziehungsdepartement;2298;;2298.7620;Lehrlingsunterstützungsfonds;4940.00;IV Kalk. Zinsen und Finanzaufwand;-2.77;-100.0;-33.06;97.23;-97.23;;238
22;Erziehungsdepartement;2298;;2298.7705;Hermann-Uehlinger-Fonds Charlottenfels;3502.00;Einlagen in Legate und Stiftungen des Fremdkapitals;13.35;200.0;159.23;-186.65;-93.33;;238
22;Erziehungsdepartement;2298;;2298.7705;Hermann-Uehlinger-Fonds Charlottenfels;4940.00;IV Kalk. Zinsen und Finanzaufwand;-13.35;-200.0;-159.23;186.65;-93.33;;238
23;Baudepartement;2300;Sekretariat/Rechtsdienst;;;3000.10;Sitzungsgelder Kommissionen;44300.0;60000.0;58100.0;-15700.0;-26.17;Weniger Geschäfte/Sitzungen.;239
23;Baudepartement;2300;Sekretariat/Rechtsdienst;;;3010.00;Löhne des Verwaltungs- und Betriebspersonals;813524.65;794000.0;761445.0;19524.65;2.46;Budget gemäss Angaben;239
23;Baudepartement;2300;Sekretariat/Rechtsdienst;;;3010.95;Rückerstattungen Taggelder UV, EO, MSE, MV, IV für Verwaltungs- und Betriebspersonal;-6171.95;;;-6171.95;;;239
23;Baudepartement;2300;Sekretariat/Rechtsdienst;;;3050.00;AG-Beiträge AHV, IV, EO, ALV, Verwaltungskosten;53248.5;55500.0;51429.45;-2251.5;-4.06;;239
23;Baudepartement;2300;Sekretariat/Rechtsdienst;;;3052.00;AG-Beiträge an Pensionskassen;117081.8;106000.0;117652.0;11081.8;10.45;;239
23;Baudepartement;2300;Sekretariat/Rechtsdienst;;;3053.00;AG-Beiträge an Unfallversicherungen;4063.4;4600.0;3920.9;-536.6;-11.67;;239
23;Baudepartement;2300;Sekretariat/Rechtsdienst;;;3054.00;AG-Beiträge an Familienzulagekassen;10791.7;11100.0;10395.25;-308.3;-2.78;;239
23;Baudepartement;2300;Sekretariat/Rechtsdienst;;;3059.10;AG-Beiträge Sozialfonds;613.7;700.0;599.15;-86.3;-12.33;;239
23;Baudepartement;2300;Sekretariat/Rechtsdienst;;;3090.00;Aus- und Weiterbildung des eigenen Personals;107879.81;155000.0;105121.08;-47120.19;-30.4;Weniger/günstigere Weiterbildungen;239
23;Baudepartement;2300;Sekretariat/Rechtsdienst;;;3091.00;Personalwerbung;;1000.0;;-1000.0;-100.0;;239
23;Baudepartement;2300;Sekretariat/Rechtsdienst;;;3099.00;Übriger Personalaufwand;12837.65;12000.0;8057.65;837.65;6.98;;239
23;Baudepartement;2300;Sekretariat/Rechtsdienst;;;3100.00;Büromaterial;3753.5;6000.0;4413.34;-2246.5;-37.44;;239
23;Baudepartement;2300;Sekretariat/Rechtsdienst;;;3103.00;Fachliteratur, Zeitschriften;2923.75;6000.0;3175.4;-3076.25;-51.27;;239
23;Baudepartement;2300;Sekretariat/Rechtsdienst;;;3110.00;Büromöbel und -geräte;;2000.0;4028.85;-2000.0;-100.0;;239
23;Baudepartement;2300;Sekretariat/Rechtsdienst;;;3113.00;Hardware;1509.9;5600.0;329.0;-4090.1;-73.04;;239
23;Baudepartement;2300;Sekretariat/Rechtsdienst;;;3130.00;Dienstleistungen Dritter;112683.25;70000.0;39255.01;42683.25;60.98;Exekutivkredit für die Ausschreibung;239
23;Baudepartement;2300;Sekretariat/Rechtsdienst;;;3133.00;Informatik-Nutzungsaufwand;55436.7;55000.0;42190.5;436.7;0.79;;239
23;Baudepartement;2300;Sekretariat/Rechtsdienst;;;3153.00;Informatik-Unterhalt (Hardware);;2000.0;;-2000.0;-100.0;;239
23;Baudepartement;2300;Sekretariat/Rechtsdienst;;;3158.00;Unterhalt immaterielle Anlagen;;5000.0;;-5000.0;-100.0;;239
23;Baudepartement;2300;Sekretariat/Rechtsdienst;;;3160.00;Mieten und Pachten Liegenschaften;648.6;4000.0;1053.6;-3351.4;-83.79;;239
23;Baudepartement;2300;Sekretariat/Rechtsdienst;;;3161.00;Mieten, Benützungskosten Anlagen;;8000.0;6102.05;-8000.0;-100.0;;239
23;Baudepartement;2300;Sekretariat/Rechtsdienst;;;3170.00;Reisekosten und Spesen;5276.65;3000.0;4948.9;2276.65;75.89;;240
23;Baudepartement;2300;Sekretariat/Rechtsdienst;;;3199.00;Übriger Betriebsaufwand;3834.2;5000.0;3929.3;-1165.8;-23.32;;240
23;Baudepartement;2300;Sekretariat/Rechtsdienst;;;3631.00;Beiträge an Kantone und Konkordate;13395.0;14000.0;13235.0;-605.0;-4.32;;240
23;Baudepartement;2300;Sekretariat/Rechtsdienst;;;3980.00;Übertragungen;1000000.0;1000000.0;;;;;240
23;Baudepartement;2301;Energiefachstelle;;;3130.00;Dienstleistungen Dritter;64170.5;70000.0;59958.19;-5829.5;-8.33;;240
23;Baudepartement;2301;Energiefachstelle;;;3611.00;Entschädigungen an Kantone und Konkordate;1216581.25;1175000.0;1150986.5;41581.25;3.54;Die Sachmittelrechnung fiel aufgrund;240
23;Baudepartement;2301;Energiefachstelle;;;3632.10;Beiträge an innerkantonale Gemeinden und Gemeindezweckverbände;;;160166.98;;;;240
23;Baudepartement;2301;Energiefachstelle;;;3634.00;Beiträge an öffentliche Unternehmungen;;;8940.75;;;;240
23;Baudepartement;2301;Energiefachstelle;;;3635.00;Beiträge an private Unternehmungen;;;977701.34;;;;240
23;Baudepartement;2301;Energiefachstelle;;;3636.00;Beiträge an private Organisationen ohne Erwerbszweck;;;151122.13;;;;240
23;Baudepartement;2301;Energiefachstelle;;;3637.00;Beiträge an private Haushalte;;;2236557.2;;;;240
23;Baudepartement;2301;Energiefachstelle;;;3660.20;Planmässige Abschreibungen Invest.beiträge an Gemeinden;7146.0;7100.0;7146.0;46.0;0.65;;240
23;Baudepartement;2301;Energiefachstelle;;;3660.40;Planmässige Abschreibungen Invest.beiträge an öffentliche Unternehmungen;2850.0;2900.0;2850.0;-50.0;-1.72;;240
23;Baudepartement;2301;Energiefachstelle;;;3660.50;Planmässige Abschreibungen Invest.beiträge an private Unternehmungen;88930.0;86700.0;88933.0;2230.0;2.57;;240
23;Baudepartement;2301;Energiefachstelle;;;3660.60;Planmässige Abschreibungen Invest.beiträge ab private Unternehmungen ohne Erwerbszweck;9935.0;9900.0;9936.0;35.0;0.35;;240
23;Baudepartement;2301;Energiefachstelle;;;3660.70;Planmässige Abschreibungen Invest.beiträge an private Haushalte;1257795.0;1225500.0;1285463.0;32295.0;2.64;Aufgrund der Annahme geringerer;240
23;Baudepartement;2301;Energiefachstelle;;;3702.10;Durchlaufende Beiträge an Gemeinden und Gemeindezweckverbände;17480.94;;303692.02;17480.94;;Impulsprogramm des Bundes (100%;240
23;Baudepartement;2301;Energiefachstelle;;;3704.00;Durchlaufende Beiträge an öffentliche Unternehmungen;;;65225.25;;;;240
23;Baudepartement;2301;Energiefachstelle;;;3705.00;Durchlaufende Beiträge an private Unternehmungen;27000.0;;1853796.56;27000.0;;Impulsprogramm des Bundes (100%;240
23;Baudepartement;2301;Energiefachstelle;;;3706.00;Durchlaufende Beiträge an private Organisationen ohne Erwerbszweck;20800.0;;276386.87;20800.0;;Impulsprogramm des Bundes (100%;241
23;Baudepartement;2301;Energiefachstelle;;;3707.00;Durchlaufende Beiträge an private Haushalte;55350.0;;4390607.82;55350.0;;Impulsprogramm des Bundes (100%;241
23;Baudepartement;2301;Energiefachstelle;;;4611.00;Entschädigungen von Kantonen und Konkordaten;-277379.25;-300000.0;-374214.0;22620.75;-7.54;Es wurden weniger Fördergesuche;241
23;Baudepartement;2301;Energiefachstelle;;;4632.10;Laufende Betriebsbeiträge von innerkantonalen Gemeinden und Gemeindezweckverbände;;;-182880.71;;;;241
23;Baudepartement;2301;Energiefachstelle;;;4700.00;Durchlaufende Beiträge vom Bund;-120630.94;;-6889708.52;-120630.94;;Impulsprogramm des Bundes (100%;241
23;Baudepartement;2301;Energiefachstelle;;;4980.00;Übertragungen;;;-3351607.69;;;;241
23;Baudepartement;2306;Raumplanung, Naturschutz, Bauinspektorat;;;3010.00;Löhne des Verwaltungs- und Betriebspersonals;1497610.7;1520900.0;1192144.75;-23289.3;-1.53;Vakanzen, Wieder- und;241
23;Baudepartement;2306;Raumplanung, Naturschutz, Bauinspektorat;;;3010.95;Rückerstattungen Taggelder UV, EO, MSE, MV, IV für Verwaltungs- und Betriebspersonal;-2836.25;;;-2836.25;;;241
23;Baudepartement;2306;Raumplanung, Naturschutz, Bauinspektorat;;;3049.00;Übrige Zulagen;;700.0;700.0;-700.0;-100.0;;241
23;Baudepartement;2306;Raumplanung, Naturschutz, Bauinspektorat;;;3050.00;AG-Beiträge AHV, IV, EO, ALV, Verwaltungskosten;96677.65;98900.0;77396.15;-2222.35;-2.25;;241
23;Baudepartement;2306;Raumplanung, Naturschutz, Bauinspektorat;;;3052.00;AG-Beiträge an Pensionskassen;204933.5;203000.0;167107.9;1933.5;0.95;;241
23;Baudepartement;2306;Raumplanung, Naturschutz, Bauinspektorat;;;3053.00;AG-Beiträge an Unfallversicherungen;9819.85;12300.0;8915.0;-2480.15;-20.16;;241
23;Baudepartement;2306;Raumplanung, Naturschutz, Bauinspektorat;;;3054.00;AG-Beiträge an Familienzulagekassen;19379.2;19800.0;15485.5;-420.8;-2.13;;241
23;Baudepartement;2306;Raumplanung, Naturschutz, Bauinspektorat;;;3059.10;AG-Beiträge Sozialfonds;1177.5;1200.0;948.25;-22.5;-1.88;;241
23;Baudepartement;2306;Raumplanung, Naturschutz, Bauinspektorat;;;3064.00;Überbrückungsrenten;18150.0;;884.0;18150.0;;Der vorzeitige Übertritt in den;241
23;Baudepartement;2306;Raumplanung, Naturschutz, Bauinspektorat;;;3091.00;Personalwerbung;130.0;4000.0;8056.25;-3870.0;-96.75;;241
23;Baudepartement;2306;Raumplanung, Naturschutz, Bauinspektorat;;;3099.00;Übriger Personalaufwand;6283.05;3000.0;1040.0;3283.05;109.44;;241
23;Baudepartement;2306;Raumplanung, Naturschutz, Bauinspektorat;;;3100.00;Büromaterial;3964.09;6000.0;4021.84;-2035.91;-33.93;;241
23;Baudepartement;2306;Raumplanung, Naturschutz, Bauinspektorat;;;3101.00;Betriebs- und Verbrauchsmaterial;495.4;;;495.4;;;241
23;Baudepartement;2306;Raumplanung, Naturschutz, Bauinspektorat;;;3102.00;Drucksachen, Publikationen;56.9;5000.0;160.0;-4943.1;-98.86;;241
23;Baudepartement;2306;Raumplanung, Naturschutz, Bauinspektorat;;;3103.00;Fachliteratur, Zeitschriften;1102.8;1800.0;1475.85;-697.2;-38.73;;241
23;Baudepartement;2306;Raumplanung, Naturschutz, Bauinspektorat;;;3109.00;Übriger Material- und Warenaufwand;69.89;;;69.89;;;242
23;Baudepartement;2306;Raumplanung, Naturschutz, Bauinspektorat;;;3110.00;Büromöbel und -geräte;212.85;;;212.85;;;242
23;Baudepartement;2306;Raumplanung, Naturschutz, Bauinspektorat;;;3111.00;Maschinen, Geräte und Fahrzeuge;6032.9;5000.0;;1032.9;20.66;;242
23;Baudepartement;2306;Raumplanung, Naturschutz, Bauinspektorat;;;3113.00;Hardware;8924.45;8000.0;1495.22;924.45;11.56;;242
23;Baudepartement;2306;Raumplanung, Naturschutz, Bauinspektorat;;;3118.00;Immaterielle Anlagen;2863.15;30000.0;21802.8;-27136.85;-90.46;Das IT-Projekt «Einführung der;242
23;Baudepartement;2306;Raumplanung, Naturschutz, Bauinspektorat;;;3130.00;Dienstleistungen Dritter;524168.8;369300.0;388478.45;154868.8;41.94;;242
23;Baudepartement;2306;Raumplanung, Naturschutz, Bauinspektorat;;;3132.00;Honorare externe Berater, Gutachter, Fachexperten etc.;2834.3;12000.0;;-9165.7;-76.38;;242
23;Baudepartement;2306;Raumplanung, Naturschutz, Bauinspektorat;;;3133.00;Informatik-Nutzungsaufwand;84285.85;95000.0;68880.7;-10714.15;-11.28;Für die Migration im Zuge der;242
23;Baudepartement;2306;Raumplanung, Naturschutz, Bauinspektorat;;;3134.00;Sachversicherungsprämien;317.86;500.0;340.2;-182.14;-36.43;;242
23;Baudepartement;2306;Raumplanung, Naturschutz, Bauinspektorat;;;3151.00;Unterhalt Maschinen, Geräte, Fahrzeuge;;;203.0;;;;242
23;Baudepartement;2306;Raumplanung, Naturschutz, Bauinspektorat;;;3158.00;Unterhalt immaterielle Anlagen;8765.75;6900.0;8197.55;1865.75;27.04;;242
23;Baudepartement;2306;Raumplanung, Naturschutz, Bauinspektorat;;;3160.00;Mieten und Pachten Liegenschaften;730.0;1000.0;560.0;-270.0;-27.0;;242
23;Baudepartement;2306;Raumplanung, Naturschutz, Bauinspektorat;;;3161.00;Mieten, Benützungskosten Anlagen;2100.0;5000.0;12520.55;-2900.0;-58.0;;242
23;Baudepartement;2306;Raumplanung, Naturschutz, Bauinspektorat;;;3170.00;Reisekosten und Spesen;11408.0;12000.0;7258.7;-592.0;-4.93;;242
23;Baudepartement;2306;Raumplanung, Naturschutz, Bauinspektorat;;;3181.00;Tatsächliche Forderungsverluste;550.0;;;550.0;;;242
23;Baudepartement;2306;Raumplanung, Naturschutz, Bauinspektorat;;;3199.00;Übriger Betriebsaufwand;4574.15;3000.0;15683.55;1574.15;52.47;;242
23;Baudepartement;2306;Raumplanung, Naturschutz, Bauinspektorat;;;3611.00;Entschädigungen an Kantone und Konkordate;30000.0;38000.0;35600.0;-8000.0;-21.05;;242
23;Baudepartement;2306;Raumplanung, Naturschutz, Bauinspektorat;;;3612.10;Entschädigungen an innerkantonale Gemeinden und Gemeindezweckverbände;112974.4;;;112974.4;;Durchlaufende Beträge mit dem Anteil;242
23;Baudepartement;2306;Raumplanung, Naturschutz, Bauinspektorat;;;3630.00;Beiträge an den Bund;;;3970.0;;;;242
23;Baudepartement;2306;Raumplanung, Naturschutz, Bauinspektorat;;;3631.00;Beiträge an Kantone und Konkordate;16649.0;11000.0;13454.0;5649.0;51.35;;243
23;Baudepartement;2306;Raumplanung, Naturschutz, Bauinspektorat;;;3634.00;Beiträge an öffentliche Unternehmungen;420.0;;;420.0;;;243
23;Baudepartement;2306;Raumplanung, Naturschutz, Bauinspektorat;;;3635.00;Beiträge an private Unternehmungen;285.4;200.0;285.4;85.4;42.7;;243
23;Baudepartement;2306;Raumplanung, Naturschutz, Bauinspektorat;;;3636.00;Beiträge an private Organisationen ohne Erwerbszweck;1450.0;1500.0;1550.0;-50.0;-3.33;;243
23;Baudepartement;2306;Raumplanung, Naturschutz, Bauinspektorat;;;3637.00;Beiträge an private Haushalte;;;-1095.0;;;;243
23;Baudepartement;2306;Raumplanung, Naturschutz, Bauinspektorat;;;3700.00;Durchlaufende Beiträge an den Bund;;;1095.0;;;;243
23;Baudepartement;2306;Raumplanung, Naturschutz, Bauinspektorat;;;3702.10;Durchlaufende Beiträge an Gemeinden und Gemeindezweckverbände;;;1095.0;;;;243
23;Baudepartement;2306;Raumplanung, Naturschutz, Bauinspektorat;;;3910.00;IV Dienstleistungen;31.0;;;31.0;;;243
23;Baudepartement;2306;Raumplanung, Naturschutz, Bauinspektorat;;;3980.00;Übertragungen;800000.0;800000.0;800000.0;;;;243
23;Baudepartement;2306;Raumplanung, Naturschutz, Bauinspektorat;;;4210.00;Gebühren für Amtshandlungen;-328620.0;-400000.0;-406015.0;71380.0;-17.85;Es wurden weniger gebührenintensive;243
23;Baudepartement;2306;Raumplanung, Naturschutz, Bauinspektorat;;;4270.00;Bussen;-7800.0;-6000.0;-3600.0;-1800.0;30.0;;243
23;Baudepartement;2306;Raumplanung, Naturschutz, Bauinspektorat;;;4612.10;Entschädigungen von innerkantonalen Gemeinden und Gemeindezweckverbänden;;-3000.0;-3000.0;3000.0;-100.0;;243
23;Baudepartement;2306;Raumplanung, Naturschutz, Bauinspektorat;;;4630.00;Beiträge vom Bund;-94539.73;-89000.0;-47455.55;-5539.73;6.22;;243
23;Baudepartement;2306;Raumplanung, Naturschutz, Bauinspektorat;;;4638.00;Beiträge aus dem Ausland;-18030.5;;;-18030.5;;Beitrag für Projekt;243
23;Baudepartement;2306;Raumplanung, Naturschutz, Bauinspektorat;;;4707.00;Durchlaufende Beiträge von privaten Haushalten;;;-2190.0;;;;243
23;Baudepartement;2306;Raumplanung, Naturschutz, Bauinspektorat;;;4980.00;Übertragungen;;;-83482.15;;;;243
23;Baudepartement;2308;Sachaufwand Naturschutz;;;3010.00;Löhne des Verwaltungs- und Betriebspersonals;20425.6;60800.0;127513.4;-40374.4;-66.41;Praktikantenstelle vakant von;243
23;Baudepartement;2308;Sachaufwand Naturschutz;;;3050.00;AG-Beiträge AHV, IV, EO, ALV, Verwaltungskosten;1328.4;4000.0;8291.25;-2671.6;-66.79;;243
23;Baudepartement;2308;Sachaufwand Naturschutz;;;3052.00;AG-Beiträge an Pensionskassen;1142.95;8100.0;14989.65;-6957.05;-85.89;;243
23;Baudepartement;2308;Sachaufwand Naturschutz;;;3053.00;AG-Beiträge an Unfallversicherungen;-88.5;300.0;-527.85;-388.5;-129.5;;243
23;Baudepartement;2308;Sachaufwand Naturschutz;;;3054.00;AG-Beiträge an Familienzulagekassen;266.1;800.0;1658.3;-533.9;-66.74;;243
23;Baudepartement;2308;Sachaufwand Naturschutz;;;3059.10;AG-Beiträge Sozialfonds;16.0;;101.75;16.0;;;243
23;Baudepartement;2308;Sachaufwand Naturschutz;;;3101.00;Betriebs- und Verbrauchsmaterial;5635.85;12000.0;14766.26;-6364.15;-53.03;;243
23;Baudepartement;2308;Sachaufwand Naturschutz;;;3102.00;Drucksachen, Publikationen;;6000.0;3638.5;-6000.0;-100.0;;244
23;Baudepartement;2308;Sachaufwand Naturschutz;;;3103.00;Fachliteratur, Zeitschriften;268.8;1000.0;50.9;-731.2;-73.12;;244
23;Baudepartement;2308;Sachaufwand Naturschutz;;;3111.00;Maschinen, Geräte und Fahrzeuge;141.05;9000.0;;-8858.95;-98.43;;244
23;Baudepartement;2308;Sachaufwand Naturschutz;;;3112.00;Kleider, Wäsche, Vorhänge;624.05;;;624.05;;;244
23;Baudepartement;2308;Sachaufwand Naturschutz;;;3118.00;Immaterielle Anlagen;;120000.0;;-120000.0;-100.0;Projektverzögerung aufgrund;244
23;Baudepartement;2308;Sachaufwand Naturschutz;;;3130.00;Dienstleistungen Dritter;;10000.0;56573.85;-10000.0;-100.0;Es wurden keine Dienstleistungen;244
23;Baudepartement;2308;Sachaufwand Naturschutz;;;3132.00;Honorare externe Berater, Gutachter, Fachexperten etc.;;10000.0;8650.25;-10000.0;-100.0;Es waren keine Ausgaben für Honrare;244
23;Baudepartement;2308;Sachaufwand Naturschutz;;;3133.00;Informatik-Nutzungsaufwand;;15000.0;;-15000.0;-100.0;Projektverzögerung aufgrund;244
23;Baudepartement;2308;Sachaufwand Naturschutz;;;3137.00;Steuern und Abgaben;1670.0;1700.0;1670.0;-30.0;-1.76;;244
23;Baudepartement;2308;Sachaufwand Naturschutz;;;3140.00;Unterhalt Grundstücke;7331.0;110000.0;14100.45;-102669.0;-93.34;Unterhalt erfolgte durch Eigenleistung;244
23;Baudepartement;2308;Sachaufwand Naturschutz;;;3151.00;Unterhalt Maschinen, Geräte, Fahrzeuge;8890.2;15000.0;20443.3;-6109.8;-40.73;;244
23;Baudepartement;2308;Sachaufwand Naturschutz;;;3611.00;Entschädigungen an Kantone und Konkordate;;2000.0;;-2000.0;-100.0;;244
23;Baudepartement;2308;Sachaufwand Naturschutz;;;3612.10;Entschädigungen an innerkantonale Gemeinden und Gemeindezweckverbände;70596.3;200000.0;66535.7;-129403.7;-64.7;Gemeinden haben wenig Beiträge für;244
23;Baudepartement;2308;Sachaufwand Naturschutz;;;3630.00;Beiträge an den Bund;50.0;;50.0;50.0;;;244
23;Baudepartement;2308;Sachaufwand Naturschutz;;;3632.10;Beiträge an innerkantonale Gemeinden und Gemeindezweckverbände;;;4612.8;;;;244
23;Baudepartement;2308;Sachaufwand Naturschutz;;;3635.00;Beiträge an private Unternehmungen;311640.94;360000.0;335444.71;-48359.06;-13.43;Weniger Aufträge an private;244
23;Baudepartement;2308;Sachaufwand Naturschutz;;;3636.00;Beiträge an private Organisationen ohne Erwerbszweck;72720.59;50000.0;60585.48;22720.59;45.44;Mehr Aufträge an Organisationen;244
23;Baudepartement;2308;Sachaufwand Naturschutz;;;3637.00;Beiträge an private Haushalte;67.5;;180.0;67.5;;;244
23;Baudepartement;2308;Sachaufwand Naturschutz;;;3638.00;Beiträge an das Ausland;5920.0;5000.0;2258.0;920.0;18.4;;244
23;Baudepartement;2308;Sachaufwand Naturschutz;;;3702.10;Durchlaufende Beiträge an Gemeinden und Gemeindezweckverbände;86911.75;350000.0;74412.8;-263088.25;-75.17;Gemeinden haben weniger;244
23;Baudepartement;2308;Sachaufwand Naturschutz;;;3705.00;Durchlaufende Beiträge an private Unternehmungen;406223.13;550000.0;593146.13;-143776.87;-26.14;Weniger Aufträge an private;244
23;Baudepartement;2308;Sachaufwand Naturschutz;;;3706.00;Durchlaufende Beiträge an private Organisationen ohne Erwerbszweck;142947.2;80000.0;102708.6;62947.2;78.68;Mehr Aufträge an private;245
23;Baudepartement;2308;Sachaufwand Naturschutz;;;3707.00;Durchlaufende Beiträge an private Haushalte;2091.26;60000.0;120.0;-57908.74;-96.51;Weniger Aufträge an private;245
23;Baudepartement;2308;Sachaufwand Naturschutz;;;3708.00;Durchlaufende Beiträge an das Ausland;;20000.0;;-20000.0;-100.0;Es wurden weniger Aufträge an;245
23;Baudepartement;2308;Sachaufwand Naturschutz;;;3910.00;IV Dienstleistungen;2567.75;;1230.15;2567.75;;;245
23;Baudepartement;2308;Sachaufwand Naturschutz;;;4430.00;Pacht- und Mietzinse Liegenschaften FV;-948.5;-1000.0;-948.5;51.5;-5.15;;245
23;Baudepartement;2308;Sachaufwand Naturschutz;;;4610.00;Entschädigungen vom Bund;-12277.15;-10000.0;-13755.85;-2277.15;22.77;;245
23;Baudepartement;2308;Sachaufwand Naturschutz;;;4630.00;Beiträge vom Bund;-22948.97;;-28265.49;-22948.97;;Nicht budgetierte Bundesbeiträge für;245
23;Baudepartement;2308;Sachaufwand Naturschutz;;;4700.00;Durchlaufende Beiträge vom Bund;-638173.34;-1060000.0;-770387.53;421826.66;-39.79;Weniger Umsatzvolumen aufgrund;245
23;Baudepartement;2308;Sachaufwand Naturschutz;;;4910.00;IV Dienstleistungen;-4894.8;;;-4894.8;;;245
23;Baudepartement;2308;Sachaufwand Naturschutz;;;4980.00;Übertragungen;;;-314425.03;;;;245
23;Baudepartement;2320;Verwaltung und Projektierung TSH;;;3010.00;Löhne des Verwaltungs- und Betriebspersonals;1681844.15;1759300.0;1485576.0;-77455.85;-4.4;Minderaufwand aufgrund von nicht;245
23;Baudepartement;2320;Verwaltung und Projektierung TSH;;;3010.95;Rückerstattungen Taggelder UV, EO, MSE, MV, IV für Verwaltungs- und Betriebspersonal;;;-4317.3;;;;245
23;Baudepartement;2320;Verwaltung und Projektierung TSH;;;3050.00;AG-Beiträge AHV, IV, EO, ALV, Verwaltungskosten;108418.45;115900.0;95646.05;-7481.55;-6.46;;245
23;Baudepartement;2320;Verwaltung und Projektierung TSH;;;3052.00;AG-Beiträge an Pensionskassen;250882.75;266700.0;234209.0;-15817.25;-5.93;;245
23;Baudepartement;2320;Verwaltung und Projektierung TSH;;;3053.00;AG-Beiträge an Unfallversicherungen;10140.85;14200.0;9327.4;-4059.15;-28.59;;245
23;Baudepartement;2320;Verwaltung und Projektierung TSH;;;3054.00;AG-Beiträge an Familienzulagekassen;21863.4;24900.0;19257.75;-3036.6;-12.2;;245
23;Baudepartement;2320;Verwaltung und Projektierung TSH;;;3059.10;AG-Beiträge Sozialfonds;1281.55;2200.0;1136.9;-918.45;-41.75;;245
23;Baudepartement;2320;Verwaltung und Projektierung TSH;;;3099.00;Übriger Personalaufwand;13347.9;10000.0;5959.2;3347.9;33.48;;245
23;Baudepartement;2320;Verwaltung und Projektierung TSH;;;3100.00;Büromaterial;12097.55;10000.0;10892.14;2097.55;20.98;;245
23;Baudepartement;2320;Verwaltung und Projektierung TSH;;;3101.00;Betriebs- und Verbrauchsmaterial;4660.7;;351.85;4660.7;;;245
23;Baudepartement;2320;Verwaltung und Projektierung TSH;;;3102.00;Drucksachen, Publikationen;;2000.0;;-2000.0;-100.0;;245
23;Baudepartement;2320;Verwaltung und Projektierung TSH;;;3103.00;Fachliteratur, Zeitschriften;10996.25;15000.0;11423.15;-4003.75;-26.69;;245
23;Baudepartement;2320;Verwaltung und Projektierung TSH;;;3110.00;Büromöbel und -geräte;;2000.0;;-2000.0;-100.0;;246
23;Baudepartement;2320;Verwaltung und Projektierung TSH;;;3111.00;Maschinen, Geräte und Fahrzeuge;391.25;;;391.25;;;246
23;Baudepartement;2320;Verwaltung und Projektierung TSH;;;3113.00;Hardware;6094.95;8500.0;1273.0;-2405.05;-28.29;;246
23;Baudepartement;2320;Verwaltung und Projektierung TSH;;;3118.00;Immaterielle Anlagen;3150.71;5000.0;584.57;-1849.29;-36.99;;246
23;Baudepartement;2320;Verwaltung und Projektierung TSH;;;3130.00;Dienstleistungen Dritter;80692.46;75000.0;76433.43;5692.46;7.59;;246
23;Baudepartement;2320;Verwaltung und Projektierung TSH;;;3131.00;Planungen und Projektierungen Dritter;1386547.73;1350000.0;1485602.12;36547.73;2.71;Für die Planung der Aufhebung des;246
23;Baudepartement;2320;Verwaltung und Projektierung TSH;;;3132.00;Honorare externe Berater, Gutachter, Fachexperten etc.;;10000.0;;-10000.0;-100.0;Alle externen Leistungen wurden auf;246
23;Baudepartement;2320;Verwaltung und Projektierung TSH;;;3133.00;Informatik-Nutzungsaufwand;125651.15;117500.0;110166.55;8151.15;6.94;;246
23;Baudepartement;2320;Verwaltung und Projektierung TSH;;;3134.00;Sachversicherungsprämien;44.5;1000.0;526.5;-955.5;-95.55;;246
23;Baudepartement;2320;Verwaltung und Projektierung TSH;;;3137.00;Steuern und Abgaben;81124.75;82700.0;61743.62;-1575.25;-1.9;;246
23;Baudepartement;2320;Verwaltung und Projektierung TSH;;;3151.00;Unterhalt Maschinen, Geräte, Fahrzeuge;7590.52;10000.0;1535.56;-2409.48;-24.09;;246
23;Baudepartement;2320;Verwaltung und Projektierung TSH;;;3153.00;Informatik-Unterhalt (Hardware);;;99.05;;;;246
23;Baudepartement;2320;Verwaltung und Projektierung TSH;;;3158.00;Unterhalt immaterielle Anlagen;27294.55;26000.0;29905.2;1294.55;4.98;;246
23;Baudepartement;2320;Verwaltung und Projektierung TSH;;;3161.00;Mieten, Benützungskosten Anlagen;;10000.0;8862.85;-10000.0;-100.0;Die bisher ab diesem Konto bezahlten;246
23;Baudepartement;2320;Verwaltung und Projektierung TSH;;;3170.00;Reisekosten und Spesen;8462.05;12000.0;7228.45;-3537.95;-29.48;;246
23;Baudepartement;2320;Verwaltung und Projektierung TSH;;;3199.00;Übriger Betriebsaufwand;28473.05;10000.0;4092.75;18473.05;184.73;Prozessentschädigung über Fr.;246
23;Baudepartement;2320;Verwaltung und Projektierung TSH;;;3610.00;Entschädigungen an Bund;;40000.0;;-40000.0;-100.0;Im Rahmen des;246
23;Baudepartement;2320;Verwaltung und Projektierung TSH;;;3612.10;Entschädigungen an innerkantonale Gemeinden und Gemeindezweckverbände;;25000.0;3780.25;-25000.0;-100.0;Es wurden keine Leistungen der Stadt;247
23;Baudepartement;2320;Verwaltung und Projektierung TSH;;;3702.10;Durchlaufende Beiträge an Gemeinden und Gemeindezweckverbände;36973.1;50000.0;4430.0;-13026.9;-26.05;Durchlaufende Beiträge des;247
23;Baudepartement;2320;Verwaltung und Projektierung TSH;;;3910.00;IV Dienstleistungen;10236.24;;9694.85;10236.24;;Leistungen des Grundbuchamtes;247
23;Baudepartement;2320;Verwaltung und Projektierung TSH;;;3930.00;IV Betriebs- und Verwaltungskosten;;3000.0;;-3000.0;-100.0;;247
23;Baudepartement;2320;Verwaltung und Projektierung TSH;;;4250.00;Verkäufe;;-1000.0;-385.2;1000.0;-100.0;;247
23;Baudepartement;2320;Verwaltung und Projektierung TSH;;;4309.00;Übrige betriebliche Erträge;-5190.05;-1000.0;-2457.4;-4190.05;419.01;;247
23;Baudepartement;2320;Verwaltung und Projektierung TSH;;;4610.00;Entschädigungen vom Bund;-30204.5;-15000.0;-51504.62;-15204.5;101.36;Weniger Beiträge des Bundes an;247
23;Baudepartement;2320;Verwaltung und Projektierung TSH;;;4612.10;Entschädigungen von innerkantonalen Gemeinden und Gemeindezweckverbänden;-1398593.85;-1300000.0;-1170089.8;-98593.85;7.58;Dienstleistungen von Tiefbau;247
23;Baudepartement;2320;Verwaltung und Projektierung TSH;;;4700.00;Durchlaufende Beiträge vom Bund;-36973.1;-50000.0;-4430.0;13026.9;-26.05;Durchlaufende Beiträge des;247
23;Baudepartement;2320;Verwaltung und Projektierung TSH;;;4930.00;IV Betriebs- und Verwaltungskosten;-19607.98;-15000.0;-14253.96;-4607.98;30.72;;247
23;Baudepartement;2320;Verwaltung und Projektierung TSH;;;4980.00;Übertragungen;-2427691.08;-2642300.0;-2435088.41;214608.92;-8.12;Gemäss revidiertem Strassengesetz;248
23;Baudepartement;2322;Unterhaltsdienst und Strassenerhaltung;;;3010.00;Löhne des Verwaltungs- und Betriebspersonals;4323665.55;4330700.0;4218511.35;-7034.45;-0.16;;248
23;Baudepartement;2322;Unterhaltsdienst und Strassenerhaltung;;;3010.95;Rückerstattungen Taggelder UV, EO, MSE, MV, IV für Verwaltungs- und Betriebspersonal;-25532.9;-40000.0;-18864.55;14467.1;-36.17;Weniger Taggeldrückerstattung als;248
23;Baudepartement;2322;Unterhaltsdienst und Strassenerhaltung;;;3050.00;AG-Beiträge AHV, IV, EO, ALV, Verwaltungskosten;279361.7;290400.0;272558.9;-11038.3;-3.8;;248
23;Baudepartement;2322;Unterhaltsdienst und Strassenerhaltung;;;3052.00;AG-Beiträge an Pensionskassen;575034.85;594800.0;577188.8;-19765.15;-3.32;;248
23;Baudepartement;2322;Unterhaltsdienst und Strassenerhaltung;;;3053.00;AG-Beiträge an Unfallversicherungen;98178.55;141200.0;104138.95;-43021.45;-30.47;Günstigere Sätze der SUVA aufgrund;248
23;Baudepartement;2322;Unterhaltsdienst und Strassenerhaltung;;;3054.00;AG-Beiträge an Familienzulagekassen;55959.05;62300.0;54594.2;-6340.95;-10.18;;248
23;Baudepartement;2322;Unterhaltsdienst und Strassenerhaltung;;;3059.10;AG-Beiträge Sozialfonds;3409.0;5300.0;3326.95;-1891.0;-35.68;;248
23;Baudepartement;2322;Unterhaltsdienst und Strassenerhaltung;;;3064.00;Überbrückungsrenten;;;39352.0;;;;248
23;Baudepartement;2322;Unterhaltsdienst und Strassenerhaltung;;;3099.00;Übriger Personalaufwand;12990.6;15500.0;12386.0;-2509.4;-16.19;;248
23;Baudepartement;2322;Unterhaltsdienst und Strassenerhaltung;;;3100.00;Büromaterial;39.01;;1000.0;39.01;;;248
23;Baudepartement;2322;Unterhaltsdienst und Strassenerhaltung;;;3101.00;Betriebs- und Verbrauchsmaterial;427102.26;640000.0;545953.02;-212897.74;-33.27;Aufgrund des milden Winters 2025;248
23;Baudepartement;2322;Unterhaltsdienst und Strassenerhaltung;;;3103.00;Fachliteratur, Zeitschriften;958.4;2500.0;231.2;-1541.6;-61.66;;248
23;Baudepartement;2322;Unterhaltsdienst und Strassenerhaltung;;;3110.00;Büromöbel und -geräte;;;39233.8;;;;248
23;Baudepartement;2322;Unterhaltsdienst und Strassenerhaltung;;;3111.00;Maschinen, Geräte und Fahrzeuge;307755.59;360000.0;253602.9;-52244.41;-14.51;Die geplanten Fahrzeug- und;248
23;Baudepartement;2322;Unterhaltsdienst und Strassenerhaltung;;;3112.00;Kleider, Wäsche, Vorhänge;49250.88;50000.0;47931.0;-749.12;-1.5;;248
23;Baudepartement;2322;Unterhaltsdienst und Strassenerhaltung;;;3113.00;Hardware;1889.0;8000.0;647.0;-6111.0;-76.39;;248
23;Baudepartement;2322;Unterhaltsdienst und Strassenerhaltung;;;3119.00;Übrige nicht aktivierbare Anlagen;152181.73;180000.0;192743.0;-27818.27;-15.45;Weniger Kleingeräte ersetzt als;248
23;Baudepartement;2322;Unterhaltsdienst und Strassenerhaltung;;;3120.00;Ver- und Entsorgung Liegenschaften VV;133494.22;90000.0;117502.9;43494.22;48.33;"Mehrkosten für Stromeinkauf; die im";249
23;Baudepartement;2322;Unterhaltsdienst und Strassenerhaltung;;;3130.00;Dienstleistungen Dritter;95342.73;140000.0;101731.87;-44657.27;-31.9;Weniger Aufwendungen für den;249
23;Baudepartement;2322;Unterhaltsdienst und Strassenerhaltung;;;3133.00;Informatik-Nutzungsaufwand;85647.8;81200.0;74690.45;4447.8;5.48;;249
23;Baudepartement;2322;Unterhaltsdienst und Strassenerhaltung;;;3134.00;Sachversicherungsprämien;489.55;20000.0;18388.6;-19510.45;-97.55;Aufgrund der verspäteten;249
23;Baudepartement;2322;Unterhaltsdienst und Strassenerhaltung;;;3137.00;Steuern und Abgaben;311830.95;347100.0;330360.26;-35269.05;-10.16;Mehrwertsteuer basierend auf;249
23;Baudepartement;2322;Unterhaltsdienst und Strassenerhaltung;;;3140.00;Unterhalt Grundstücke;;;263.35;;;;249
23;Baudepartement;2322;Unterhaltsdienst und Strassenerhaltung;;;3141.00;Unterhalt Strassen;3490625.65;3685000.0;3410382.24;-194374.35;-5.27;Weniger Aufwendungen als geplant;249
23;Baudepartement;2322;Unterhaltsdienst und Strassenerhaltung;;;3144.00;Unterhalt Hochbauten, Gebäude;208873.1;220000.0;192615.52;-11126.9;-5.06;;249
23;Baudepartement;2322;Unterhaltsdienst und Strassenerhaltung;;;3151.00;Unterhalt Maschinen, Geräte, Fahrzeuge;347830.42;500000.0;390751.4;-152169.58;-30.43;Weniger Reparaturen an den;249
23;Baudepartement;2322;Unterhaltsdienst und Strassenerhaltung;;;3158.00;Unterhalt immaterielle Anlagen;600.0;4800.0;1017.5;-4200.0;-87.5;;249
23;Baudepartement;2322;Unterhaltsdienst und Strassenerhaltung;;;3160.00;Mieten und Pachten Liegenschaften;1800.0;2000.0;1800.0;-200.0;-10.0;;249
23;Baudepartement;2322;Unterhaltsdienst und Strassenerhaltung;;;3161.00;Mieten, Benützungskosten Anlagen;2133.2;14300.0;8756.5;-12166.8;-85.08;Die bisher ab diesem Konto bezahlten;249
23;Baudepartement;2322;Unterhaltsdienst und Strassenerhaltung;;;3170.00;Reisekosten und Spesen;17963.65;20000.0;21782.15;-2036.35;-10.18;;249
23;Baudepartement;2322;Unterhaltsdienst und Strassenerhaltung;;;3181.00;Tatsächliche Forderungsverluste;1500.0;;;1500.0;;;249
23;Baudepartement;2322;Unterhaltsdienst und Strassenerhaltung;;;3199.00;Übriger Betriebsaufwand;8360.7;5000.0;3033.5;3360.7;67.21;;249
23;Baudepartement;2322;Unterhaltsdienst und Strassenerhaltung;;;3910.00;IV Dienstleistungen;59066.17;52100.0;33018.87;6966.17;13.37;;249
23;Baudepartement;2322;Unterhaltsdienst und Strassenerhaltung;;;3920.00;IV Pacht, Mieten Benützungskosten;;1000.0;999.0;-1000.0;-100.0;;250
23;Baudepartement;2322;Unterhaltsdienst und Strassenerhaltung;;;4240.00;Benützungsgebühren und Dienstleistungen;-2916.0;;-2133.0;-2916.0;;;250
23;Baudepartement;2322;Unterhaltsdienst und Strassenerhaltung;;;4250.00;Verkäufe;-155421.9;-100000.0;-266083.35;-55421.9;55.42;Mehrerlöse aus dem Verkauf von;250
23;Baudepartement;2322;Unterhaltsdienst und Strassenerhaltung;;;4309.00;Übrige betriebliche Erträge;-91269.98;-100000.0;-81083.4;8730.02;-8.73;;250
23;Baudepartement;2322;Unterhaltsdienst und Strassenerhaltung;;;4470.00;Pacht- und Mietzinse Liegenschaften VV;-45053.05;-60000.0;-45168.65;14946.95;-24.91;Weniger Einnahmen aus Pacht- und;250
23;Baudepartement;2322;Unterhaltsdienst und Strassenerhaltung;;;4479.00;Übrige Erträge Liegenschaften VV;-49788.65;-3000.0;-8253.65;-46788.65;1559.62;Erträge aus Stromlieferungen an die;250
23;Baudepartement;2322;Unterhaltsdienst und Strassenerhaltung;;;4610.00;Entschädigungen vom Bund;;;-36985.68;;;;250
23;Baudepartement;2322;Unterhaltsdienst und Strassenerhaltung;;;4611.00;Entschädigungen von Kantonen und Konkordaten;-2446937.25;-2439000.0;-2398877.45;-7937.25;0.33;;250
23;Baudepartement;2322;Unterhaltsdienst und Strassenerhaltung;;;4612.10;Entschädigungen von innerkantonalen Gemeinden und Gemeindezweckverbänden;-4247231.45;-4650000.0;-4682699.2;402768.55;-8.66;Mindereinnahmen aus Leistung von;250
23;Baudepartement;2322;Unterhaltsdienst und Strassenerhaltung;;;4630.00;Beiträge vom Bund;-771126.0;-806000.0;-821588.7;34874.0;-4.33;Pauschale Kürzung des;250
23;Baudepartement;2322;Unterhaltsdienst und Strassenerhaltung;;;4900.00;IV Material- und Warenbezüge;-41432.1;-54000.0;-41186.8;12567.9;-23.27;Weniger Treibstoffbezug durch;250
23;Baudepartement;2322;Unterhaltsdienst und Strassenerhaltung;;;4910.00;IV Dienstleistungen;-94664.87;-77000.0;-77307.83;-17664.87;22.94;Mehr Dienstleistungen zu Gunsten;250
23;Baudepartement;2322;Unterhaltsdienst und Strassenerhaltung;;;4930.00;IV Betriebs- und Verwaltungskosten;-347241.05;-308000.0;-348284.0;-39241.05;12.74;Mehr Dienstleistungen zu Gunsten;250
23;Baudepartement;2322;Unterhaltsdienst und Strassenerhaltung;;;4980.00;Übertragungen;-2734719.11;-3233700.0;-2245354.62;498980.89;-15.43;Gemäss revidiertem Strassengesetz;250
23;Baudepartement;2324;Abschreibungen/Beiträge Strassenbau;;;3300.10;Planmässige Abschreibungen Tiefbauten;3575888.0;3932100.0;3444867.05;-356212.0;-9.06;Geringere Abschreibungen aufgrund;251
23;Baudepartement;2324;Abschreibungen/Beiträge Strassenbau;;;3300.40;Planmässige Abschreibungen Hochbauten;442152.0;425400.0;402301.66;16752.0;3.94;;251
23;Baudepartement;2324;Abschreibungen/Beiträge Strassenbau;;;3300.60;Planmässige Abschreibungen Mobilien;576667.0;480200.0;439889.0;96467.0;20.09;Geringere Abschreibungen aufgrund;251
23;Baudepartement;2324;Abschreibungen/Beiträge Strassenbau;;;3660.20;Planmässige Abschreibungen Invest.beiträge an Gemeinden;89373.0;121400.0;92177.0;-32027.0;-26.38;Geringere Abschreibungen aufgrund;251
23;Baudepartement;2324;Abschreibungen/Beiträge Strassenbau;;;4893.00;Entnahmen aus Vorfinanzierungen des EK;-115500.0;-115500.0;-115500.0;;;;251
23;Baudepartement;2324;Abschreibungen/Beiträge Strassenbau;;;4980.00;Übertragungen;-4568580.0;-4843600.0;-4263734.71;275020.0;-5.68;;251
23;Baudepartement;2326;Wasserbau;;;3010.00;Löhne des Verwaltungs- und Betriebspersonals;649306.65;659200.0;538905.5;-9893.35;-1.5;;251
23;Baudepartement;2326;Wasserbau;;;3010.95;Rückerstattungen Taggelder UV, EO, MSE, MV, IV für Verwaltungs- und Betriebspersonal;-5281.45;;;-5281.45;;;251
23;Baudepartement;2326;Wasserbau;;;3050.00;AG-Beiträge AHV, IV, EO, ALV, Verwaltungskosten;40596.75;42800.0;33967.25;-2203.25;-5.15;;251
23;Baudepartement;2326;Wasserbau;;;3052.00;AG-Beiträge an Pensionskassen;87651.05;95200.0;74886.25;-7548.95;-7.93;;251
23;Baudepartement;2326;Wasserbau;;;3053.00;AG-Beiträge an Unfallversicherungen;3852.1;4500.0;3400.1;-647.9;-14.4;;251
23;Baudepartement;2326;Wasserbau;;;3054.00;AG-Beiträge an Familienzulagekassen;8152.75;8600.0;6818.15;-447.25;-5.2;;251
23;Baudepartement;2326;Wasserbau;;;3059.10;AG-Beiträge Sozialfonds;490.25;500.0;409.35;-9.75;-1.95;;251
23;Baudepartement;2326;Wasserbau;;;3099.00;Übriger Personalaufwand;480.0;2000.0;1201.0;-1520.0;-76.0;;251
23;Baudepartement;2326;Wasserbau;;;3100.00;Büromaterial;40.0;;;40.0;;;251
23;Baudepartement;2326;Wasserbau;;;3101.00;Betriebs- und Verbrauchsmaterial;175.4;1000.0;;-824.6;-82.46;;251
23;Baudepartement;2326;Wasserbau;;;3103.00;Fachliteratur, Zeitschriften;595.28;1000.0;628.63;-404.72;-40.47;;251
23;Baudepartement;2326;Wasserbau;;;3111.00;Maschinen, Geräte und Fahrzeuge;1785.0;1000.0;;785.0;78.5;;251
23;Baudepartement;2326;Wasserbau;;;3113.00;Hardware;2458.55;3000.0;124.0;-541.45;-18.05;;251
23;Baudepartement;2326;Wasserbau;;;3130.00;Dienstleistungen Dritter;9834.45;10000.0;8050.55;-165.55;-1.66;;251
23;Baudepartement;2326;Wasserbau;;;3131.00;Planungen und Projektierungen Dritter;120331.1;420000.0;779.1;-299668.9;-71.35;Verzögerungen in der Überarbeitung;251
23;Baudepartement;2326;Wasserbau;;;3132.00;Honorare externe Berater, Gutachter, Fachexperten etc.;185128.28;300000.0;145246.04;-114871.72;-38.29;Externe Dienstleistungen geringer als;252
23;Baudepartement;2326;Wasserbau;;;3133.00;Informatik-Nutzungsaufwand;29531.1;26500.0;23043.15;3031.1;11.44;;252
23;Baudepartement;2326;Wasserbau;;;3134.00;Sachversicherungsprämien;779.82;1000.0;757.75;-220.18;-22.02;;252
23;Baudepartement;2326;Wasserbau;;;3137.00;Steuern und Abgaben;13474.15;11000.0;9743.92;2474.15;22.49;;252
23;Baudepartement;2326;Wasserbau;;;3142.00;Unterhalt Wasserbau;206560.48;420000.0;679017.29;-213439.52;-50.82;Weniger externer Aufwand für den;252
23;Baudepartement;2326;Wasserbau;;;3150.00;Unterhalt Büromöbel und -geräte;;4000.0;;-4000.0;-100.0;;252
23;Baudepartement;2326;Wasserbau;;;3151.00;Unterhalt Maschinen, Geräte, Fahrzeuge;;3000.0;562.75;-3000.0;-100.0;;252
23;Baudepartement;2326;Wasserbau;;;3158.00;Unterhalt immaterielle Anlagen;;4600.0;;-4600.0;-100.0;;252
23;Baudepartement;2326;Wasserbau;;;3160.00;Mieten und Pachten Liegenschaften;;;50.6;;;;252
23;Baudepartement;2326;Wasserbau;;;3161.00;Mieten, Benützungskosten Anlagen;;8000.0;5540.7;-8000.0;-100.0;;252
23;Baudepartement;2326;Wasserbau;;;3170.00;Reisekosten und Spesen;5380.6;3000.0;4692.25;2380.6;79.35;;252
23;Baudepartement;2326;Wasserbau;;;3199.00;Übriger Betriebsaufwand;5060.0;1000.0;10381.5;4060.0;406.0;;252
23;Baudepartement;2326;Wasserbau;;;3300.10;Planmässige Abschreibungen Tiefbauten;2979.0;18000.0;2979.0;-15021.0;-83.45;Aufgrund von Verzögerungen bei;252
23;Baudepartement;2326;Wasserbau;;;3630.00;Beiträge an den Bund;22591.55;35000.0;31873.3;-12408.45;-35.45;Aufgrund der reduzierten Einnahmen;252
23;Baudepartement;2326;Wasserbau;;;3632.10;Beiträge an innerkantonale Gemeinden und Gemeindezweckverbände;-41551.91;360000.0;412241.5;-401551.91;-111.54;Weniger Beiträge an die Gemeinden;252
23;Baudepartement;2326;Wasserbau;;;3660.20;Planmässige Abschreibungen Invest.beiträge an Gemeinden;11153.0;;15000.0;11153.0;;Abschreibungen von Beiträgen an;252
23;Baudepartement;2326;Wasserbau;;;3702.10;Durchlaufende Beiträge an Gemeinden und Durchlaufkonto Gemeindezweckverbände;851143.68;555000.0;699341.16;296143.68;53.36;Bund für;253
23;Baudepartement;2326;Wasserbau;;;3910.00;IV Dienstleistungen Mehr Dienstleistungen;65816.28;50000.0;46885.88;15816.28;31.63;durch die;253
23;Baudepartement;2326;Wasserbau;;;4120.00;Konzessionen Ausbuchung;-3965608.81;-4535000.0;-4543956.1;569391.19;-12.56;einer Restschuld aus;253
23;Baudepartement;2326;Wasserbau;;;4260.00;Rückerstattungen und Kostenbeteiligungen Dritter;-7471.1;;-31534.05;-7471.1;;;253
23;Baudepartement;2326;Wasserbau;;;4309.00;Übrige betriebliche Erträge;-2206.8;-8600.0;-4540.2;6393.2;-74.34;;253
23;Baudepartement;2326;Wasserbau;;;4470.00;Pacht- und Mietzinse Liegenschaften VV;-7077.0;-7200.0;-7077.0;123.0;-1.71;;253
23;Baudepartement;2326;Wasserbau;;;4610.00;Entschädigungen vom Bund;;-2100.0;-5600.0;2100.0;-100.0;;253
23;Baudepartement;2326;Wasserbau;;;4612.10;Entschädigungen von innerkantonalen Gemeinden und Gemeindezweckverbänden;-212022.05;-225000.0;-118983.85;12977.95;-5.77;;253
23;Baudepartement;2326;Wasserbau;;;4700.00;Durchlaufende Beiträge vom Bund Durchlaufkonto;-851143.68;-555000.0;-699341.16;-296143.68;53.36;Bund für;253
23;Baudepartement;2326;Wasserbau;;;4930.00;IV Betriebs- und Verwaltungskosten;-62110.77;-58000.0;-60778.71;-4110.77;7.09;;253
23;Baudepartement;2326;Wasserbau;;;4980.00;Übertragungen;;;-253545.64;;;;253
23;Baudepartement;2330;Verwaltung (Hochbau);;;3010.00;Löhne des Verwaltungs- und Betriebspersonals;2413659.9;2407400.0;2150936.5;6259.9;0.26;;253
23;Baudepartement;2330;Verwaltung (Hochbau);;;3010.95;Rückerstattungen Taggelder UV, EO, MSE, MV, IV für Verwaltungs- und Betriebspersonal;-3277.1;;;-3277.1;;;253
23;Baudepartement;2330;Verwaltung (Hochbau);;;3050.00;AG-Beiträge AHV, IV, EO, ALV, Verwaltungskosten;156174.3;156500.0;138677.0;-325.7;-0.21;;253
23;Baudepartement;2330;Verwaltung (Hochbau);;;3052.00;AG-Beiträge an Pensionskassen;325233.15;321400.0;303113.95;3833.15;1.19;;253
23;Baudepartement;2330;Verwaltung (Hochbau);;;3053.00;AG-Beiträge an Unfallversicherungen;22426.65;36900.0;28485.5;-14473.35;-39.22;Rückerstattung von AG-Beiträgen;254
23;Baudepartement;2330;Verwaltung (Hochbau);;;3054.00;AG-Beiträge an Familienzulagekassen;31287.6;31300.0;27843.95;-12.4;-0.04;;254
23;Baudepartement;2330;Verwaltung (Hochbau);;;3059.10;AG-Beiträge Sozialfonds;1905.1;1900.0;1670.55;5.1;0.27;;254
23;Baudepartement;2330;Verwaltung (Hochbau);;;3099.00;Übriger Personalaufwand;7269.8;3800.0;2600.0;3469.8;91.31;;254
23;Baudepartement;2330;Verwaltung (Hochbau);;;3100.00;Büromaterial;7053.43;9000.0;7420.94;-1946.57;-21.63;;254
23;Baudepartement;2330;Verwaltung (Hochbau);;;3101.00;Betriebs- und Verbrauchsmaterial;374.75;1000.0;379.4;-625.25;-62.53;;254
23;Baudepartement;2330;Verwaltung (Hochbau);;;3102.00;Drucksachen, Publikationen;5737.2;3000.0;3021.4;2737.2;91.24;;254
23;Baudepartement;2330;Verwaltung (Hochbau);;;3103.00;Fachliteratur, Zeitschriften;3579.35;3500.0;2934.4;79.35;2.27;;254
23;Baudepartement;2330;Verwaltung (Hochbau);;;3111.00;Maschinen, Geräte und Fahrzeuge;49120.76;65000.0;12239.76;-15879.24;-24.43;Anstelle der budgetierten;254
23;Baudepartement;2330;Verwaltung (Hochbau);;;3112.00;Kleider, Wäsche, Vorhänge;6104.15;3000.0;2754.0;3104.15;103.47;;254
23;Baudepartement;2330;Verwaltung (Hochbau);;;3113.00;Hardware;9020.7;9000.0;7153.83;20.7;0.23;;254
23;Baudepartement;2330;Verwaltung (Hochbau);;;3118.00;Immaterielle Anlagen;9256.3;3000.0;353.85;6256.3;208.54;;254
23;Baudepartement;2330;Verwaltung (Hochbau);;;3130.00;Dienstleistungen Dritter;14801.75;12500.0;18311.13;2301.75;18.41;;254
23;Baudepartement;2330;Verwaltung (Hochbau);;;3133.00;Informatik-Nutzungsaufwand;113318.95;112200.0;80666.3;1118.95;1.0;;254
23;Baudepartement;2330;Verwaltung (Hochbau);;;3151.00;Unterhalt Maschinen, Geräte, Fahrzeuge;367.8;;;367.8;;;254
23;Baudepartement;2330;Verwaltung (Hochbau);;;3153.00;Informatik-Unterhalt (Hardware);;1700.0;;-1700.0;-100.0;;254
23;Baudepartement;2330;Verwaltung (Hochbau);;;3158.00;Unterhalt immaterielle Anlagen;33599.43;31700.0;24742.84;1899.43;5.99;;254
23;Baudepartement;2330;Verwaltung (Hochbau);;;3161.00;Mieten, Benützungskosten Anlagen;;11600.0;11041.75;-11600.0;-100.0;Die Miete des Multifunktionsgeräts;254
23;Baudepartement;2330;Verwaltung (Hochbau);;;3170.00;Reisekosten und Spesen;5224.4;2000.0;4993.4;3224.4;161.22;;254
23;Baudepartement;2330;Verwaltung (Hochbau);;;3199.00;Übriger Betriebsaufwand;1405.45;3000.0;640.5;-1594.55;-53.15;;254
23;Baudepartement;2330;Verwaltung (Hochbau);;;4910.00;IV Dienstleistungen;-105782.24;-85000.0;-86544.21;-20782.24;24.45;Aufgrund der neuen Pachtverträge mit;254
23;Baudepartement;2332;Liegenschaften Verwaltungsvermögen;;;3101.00;Betriebs- und Verbrauchsmaterial;167172.65;125000.0;111256.41;42172.65;33.74;Erhöhter Bedarf an Betriebs- und;255
23;Baudepartement;2332;Liegenschaften Verwaltungsvermögen;;;3110.00;Büromöbel und -geräte;424495.33;400000.0;738469.05;24495.33;6.12;Mehr Aufwand aufgrund von;255
23;Baudepartement;2332;Liegenschaften Verwaltungsvermögen;;;3111.00;Maschinen, Geräte und Fahrzeuge;422.85;;769.15;422.85;;;255
23;Baudepartement;2332;Liegenschaften Verwaltungsvermögen;;;3113.00;Hardware;22393.1;30000.0;26504.12;-7606.9;-25.36;Rückgang der Nachfrage an;255
23;Baudepartement;2332;Liegenschaften Verwaltungsvermögen;;;3119.00;Übrige nicht aktivierbare Anlagen;81075.0;;;81075.0;;Exekutivkredit aus dem Jahr 2023 in;255
23;Baudepartement;2332;Liegenschaften Verwaltungsvermögen;;;3120.00;Ver- und Entsorgung Liegenschaften VV;1381395.23;1374000.0;1564453.53;7395.23;0.54;;255
23;Baudepartement;2332;Liegenschaften Verwaltungsvermögen;;;3130.00;Dienstleistungen Dritter;813438.24;850000.0;963094.51;-36561.76;-4.3;Durch erhöhte Eigenleistungen des;255
23;Baudepartement;2332;Liegenschaften Verwaltungsvermögen;;;3131.00;Planungen und Projektierungen Dritter;404518.31;610000.0;459955.3;-205481.69;-33.69;Die Projektierung der Verlegung der;255
23;Baudepartement;2332;Liegenschaften Verwaltungsvermögen;;;3132.00;Honorare externe Berater, Gutachter, Fachexperten etc.;163118.7;250000.0;29503.15;-86881.3;-34.75;Vorgesehene Planungsaufträge;256
23;Baudepartement;2332;Liegenschaften Verwaltungsvermögen;;;3133.00;Informatik-Nutzungsaufwand;88403.9;73900.0;93358.25;14503.9;19.63;Mehr Aufwand aufgrund von;256
23;Baudepartement;2332;Liegenschaften Verwaltungsvermögen;;;3134.00;Sachversicherungsprämien;150953.15;126400.0;145056.1;24553.15;19.42;Der Aufwand für die kantonalen;256
23;Baudepartement;2332;Liegenschaften Verwaltungsvermögen;;;3140.00;Unterhalt Grundstücke;239187.25;280000.0;222498.04;-40812.75;-14.58;Geringerer witterungsbedingter;256
23;Baudepartement;2332;Liegenschaften Verwaltungsvermögen;;;3143.00;Unterhalt übrige Tiefbauten;192422.35;185000.0;69904.4;7422.35;4.01;;256
23;Baudepartement;2332;Liegenschaften Verwaltungsvermögen;;;3144.00;Unterhalt Hochbauten, Gebäude;5019616.59;3950000.0;5204904.22;1069616.59;27.08;Aufwendungen zur Werterhaltung,;256
23;Baudepartement;2332;Liegenschaften Verwaltungsvermögen;;;3150.00;Unterhalt Büromöbel und -geräte;10307.68;10000.0;10152.68;307.68;3.08;;256
23;Baudepartement;2332;Liegenschaften Verwaltungsvermögen;;;3151.00;Unterhalt Maschinen, Geräte, Fahrzeuge;894.05;6000.0;52.0;-5105.95;-85.1;;256
23;Baudepartement;2332;Liegenschaften Verwaltungsvermögen;;;3160.00;Mieten und Pachten Liegenschaften;2123375.76;2297200.0;1745508.78;-173824.24;-7.57;Der Aufwand für Anmietungen ist;257
23;Baudepartement;2332;Liegenschaften Verwaltungsvermögen;;;3300.10;Planmässige Abschreibungen Tiefbauten;6667.0;;6667.0;6667.0;;;257
23;Baudepartement;2332;Liegenschaften Verwaltungsvermögen;;;3300.40;Planmässige Abschreibungen Hochbauten;4092352.0;3987000.0;3747720.25;105352.0;2.64;Der Fertigstellungsübertrag im;257
23;Baudepartement;2332;Liegenschaften Verwaltungsvermögen;;;3300.60;Planmässige Abschreibungen Mobilien;77437.0;79000.0;77438.0;-1563.0;-1.98;;257
23;Baudepartement;2332;Liegenschaften Verwaltungsvermögen;;;3301.40;Ausserplanmässige Abschreibungen Hochbauten;183999.0;;;183999.0;;Übertragung einer Liegenschaft vom;257
23;Baudepartement;2332;Liegenschaften Verwaltungsvermögen;;;3499.00;Übriger Finanzaufwand;39.11;;;39.11;;;257
23;Baudepartement;2332;Liegenschaften Verwaltungsvermögen;;;3900.00;IV Material- und Warenbezüge;2371.55;;2455.9;2371.55;;;257
23;Baudepartement;2332;Liegenschaften Verwaltungsvermögen;;;3910.00;IV Dienstleistungen;23196.85;;14865.05;23196.85;;;257
23;Baudepartement;2332;Liegenschaften Verwaltungsvermögen;;;4260.00;Rückerstattungen und Kostenbeteiligungen Dritter;-96649.8;-70000.0;-84305.6;-26649.8;38.07;Der Ertrag aus Nebenkosten fiel;257
23;Baudepartement;2332;Liegenschaften Verwaltungsvermögen;;;4309.00;Übrige betriebliche Erträge;;;-84144.5;;;;257
23;Baudepartement;2332;Liegenschaften Verwaltungsvermögen;;;4391.00;Aufwertungen VV;-7250000.0;;;-7250000.0;;Auflösung der Wertberichtigung für;257
23;Baudepartement;2332;Liegenschaften Verwaltungsvermögen;;;4470.00;Pacht- und Mietzinse Liegenschaften VV;-626483.5;-583000.0;-654108.65;-43483.5;7.46;Zusätzliche Mieterträge infolge;257
23;Baudepartement;2332;Liegenschaften Verwaltungsvermögen;;;4472.00;Vergütung für Benützungen Liegenschaften VV;-10475.0;;-9725.0;-10475.0;;;257
23;Baudepartement;2332;Liegenschaften Verwaltungsvermögen;;;4610.00;Entschädigungen vom Bund;-160000.0;-200000.0;-226750.0;40000.0;-20.0;Die Pauschalvereinbarungen mit dem;258
23;Baudepartement;2332;Liegenschaften Verwaltungsvermögen;;;4893.00;Entnahmen aus Vorfinanzierungen des EK;-73438.0;-73400.0;-817154.65;-38.0;0.05;;258
23;Baudepartement;2332;Liegenschaften Verwaltungsvermögen;;;4910.00;IV Dienstleistungen;-2884.0;;-1326.15;-2884.0;;;258
23;Baudepartement;2332;Liegenschaften Verwaltungsvermögen;;;4920.00;IV Pacht, Mieten, Benützungskosten;-201607.8;-124000.0;-213037.65;-77607.8;62.59;Die Umbuchung der Erträge des;258
23;Baudepartement;2332;Liegenschaften Verwaltungsvermögen;;;4930.00;IV Betriebs- und Verwaltungskosten;-98549.45;-75000.0;-89598.0;-23549.45;31.4;Der Ertrag aus der internen;258
23;Baudepartement;2333;Liegenschaften Finanzvermögen;;;3411.00;Realisierte Verluste auf Sach- und immateriellen Anlagen FV;76.99;;;76.99;;;258
23;Baudepartement;2333;Liegenschaften Finanzvermögen;;;3430.00;Baulicher Unterhalt Liegenschaften FV;341748.61;650000.0;-96224.8;-308251.39;-47.42;Die Renovationen im 14. und 15.;258
23;Baudepartement;2333;Liegenschaften Finanzvermögen;;;3431.00;Nicht baulicher Unterhalt Liegenschaften FV;54352.44;40000.0;39569.78;14352.44;35.88;Die Kosten für Hauswartung,;259
23;Baudepartement;2333;Liegenschaften Finanzvermögen;;;3439.00;Übriger Liegenschaftsaufwand FV;72640.64;275000.0;271246.92;-202359.36;-73.59;Der Aufwand für die J.J. Wepfer-;259
23;Baudepartement;2333;Liegenschaften Finanzvermögen;;;3441.00;Wertberichtigung Sach- und immaterielle Anlagen FV;570000.0;;;570000.0;;Wertberichtigung aufgrund einer;259
23;Baudepartement;2333;Liegenschaften Finanzvermögen;;;3910.00;IV Dienstleistungen;;;4386.0;;;;259
23;Baudepartement;2333;Liegenschaften Finanzvermögen;;;4260.00;Rückerstattungen und Kostenbeteiligungen Dritter;-259452.91;-275000.0;-266256.3;15547.09;-5.65;Tiefere Erträge aus den Nebenkosten;259
23;Baudepartement;2333;Liegenschaften Finanzvermögen;;;4411.00;Gewinne aus Verkäufen von Grundstücken FV;-198.99;;;-198.99;;;259
23;Baudepartement;2333;Liegenschaften Finanzvermögen;;;4430.00;Pacht- und Mietzinse Liegenschaften FV;-834555.61;-920000.0;-937373.75;85444.39;-9.29;Tiefere Erträge aus den Nebenkosten;260
23;Baudepartement;2333;Liegenschaften Finanzvermögen;;;4896.00;Entnahmen aus Neubewertungsreserven;-570000.0;;;-570000.0;;Entnahme aus;260
23;Baudepartement;2337;Archäologie;;;3010.00;Löhne des Verwaltungs- und Betriebspersonals;1746664.95;1424200.0;1174632.7;322464.95;22.64;Mehraufwand wegen gebundenen;260
23;Baudepartement;2337;Archäologie;;;3010.95;Rückerstattungen Taggelder UV, EO, MSE, MV, IV für Verwaltungs- und Betriebspersonal;-21810.0;;-1375.3;-21810.0;;;260
23;Baudepartement;2337;Archäologie;;;3050.00;AG-Beiträge AHV, IV, EO, ALV, Verwaltungskosten;113368.45;109900.0;76165.85;3468.45;3.16;;260
23;Baudepartement;2337;Archäologie;;;3052.00;AG-Beiträge an Pensionskassen;200005.5;225900.0;148508.6;-25894.5;-11.46;Vgl. Kommentar Konto 2337.3010.00.;260
23;Baudepartement;2337;Archäologie;;;3053.00;AG-Beiträge an Unfallversicherungen;21572.9;17300.0;13210.6;4272.9;24.7;;260
23;Baudepartement;2337;Archäologie;;;3054.00;AG-Beiträge an Familienzulagekassen;22677.5;22100.0;15252.95;577.5;2.61;;260
23;Baudepartement;2337;Archäologie;;;3059.10;AG-Beiträge Sozialfonds;1391.1;1300.0;928.7;91.1;7.01;;260
23;Baudepartement;2337;Archäologie;;;3099.00;Übriger Personalaufwand;3646.0;1500.0;1784.0;2146.0;143.07;;260
23;Baudepartement;2337;Archäologie;;;3100.00;Büromaterial;2232.85;3600.0;4563.74;-1367.15;-37.98;;260
23;Baudepartement;2337;Archäologie;;;3101.00;Betriebs- und Verbrauchsmaterial;26783.09;23500.0;5513.29;3283.09;13.97;;260
23;Baudepartement;2337;Archäologie;;;3102.00;Drucksachen, Publikationen;474.7;1000.0;639.75;-525.3;-52.53;;260
23;Baudepartement;2337;Archäologie;;;3103.00;Fachliteratur, Zeitschriften;1435.59;1500.0;1177.2;-64.41;-4.29;;260
23;Baudepartement;2337;Archäologie;;;3111.00;Maschinen, Geräte und Fahrzeuge;9586.95;5300.0;9396.35;4286.95;80.89;;260
23;Baudepartement;2337;Archäologie;;;3112.00;Kleider, Wäsche, Vorhänge;698.9;500.0;527.79;198.9;39.78;;260
23;Baudepartement;2337;Archäologie;;;3113.00;Hardware;7434.2;3500.0;1333.22;3934.2;112.41;;261
23;Baudepartement;2337;Archäologie;;;3118.00;Immaterielle Anlagen;5435.14;4500.0;3765.0;935.14;20.78;;261
23;Baudepartement;2337;Archäologie;;;3130.00;Dienstleistungen Dritter;403787.32;911100.0;417969.2;-507312.68;-55.68;Minderausgaben von Fr. 217'000;261
23;Baudepartement;2337;Archäologie;;;3132.00;Honorare externe Berater, Gutachter, Fachexperten etc.;;1000.0;;-1000.0;-100.0;;261
23;Baudepartement;2337;Archäologie;;;3133.00;Informatik-Nutzungsaufwand;90290.25;78000.0;66853.1;12290.25;15.76;Anschaffung von Software zur;261
23;Baudepartement;2337;Archäologie;;;3134.00;Sachversicherungsprämien;166.02;200.0;178.2;-33.98;-16.99;;261
23;Baudepartement;2337;Archäologie;;;3137.00;Steuern und Abgaben;6337.12;;;6337.12;;;261
23;Baudepartement;2337;Archäologie;;;3151.00;Unterhalt Maschinen, Geräte, Fahrzeuge;4036.29;3000.0;3593.35;1036.29;34.54;;261
23;Baudepartement;2337;Archäologie;;;3153.00;Informatik-Unterhalt (Hardware);5249.05;500.0;825.35;4749.05;949.81;;261
23;Baudepartement;2337;Archäologie;;;3158.00;Unterhalt immaterielle Anlagen;4759.1;5500.0;4759.1;-740.9;-13.47;;261
23;Baudepartement;2337;Archäologie;;;3160.00;Mieten und Pachten Liegenschaften;23167.45;23500.0;23472.45;-332.55;-1.42;;261
23;Baudepartement;2337;Archäologie;;;3161.00;Mieten, Benützungskosten Anlagen;52987.25;61700.0;26987.45;-8712.75;-14.12;;261
23;Baudepartement;2337;Archäologie;;;3170.00;Reisekosten und Spesen;27926.3;37000.0;25250.2;-9073.7;-24.52;;261
23;Baudepartement;2337;Archäologie;;;3181.00;Tatsächliche Forderungsverluste;;;5.0;;;;261
23;Baudepartement;2337;Archäologie;;;3910.00;IV Dienstleistungen;2456.2;;956.8;2456.2;;;261
23;Baudepartement;2337;Archäologie;;;4250.00;Verkäufe;-1003.0;-2000.0;-4182.8;997.0;-49.85;;262
23;Baudepartement;2337;Archäologie;;;4630.00;Beiträge vom Bund;;-25000.0;-82031.0;25000.0;-100.0;Beiträge für Rettungsgrabung;262
23;Baudepartement;2337;Archäologie;;;4632.10;Laufende Betriebsbeiträge von innerkantonalen Gemeinden und Gemeindezweckverbände;-272129.6;-444200.0;-125985.6;172070.4;-38.74;Kostenbeteiligung der Stadt;262
23;Baudepartement;2337;Archäologie;;;4636.00;Beiträge von privaten Organisationen ohne Erwerbszweck;-51460.65;-315000.0;-54481.2;263539.35;-83.66;Mindereinnahmen, da die Ausgaben;262
23;Baudepartement;2338;Denkmalpflege;;;3010.00;Löhne des Verwaltungs- und Betriebspersonals;657299.2;624600.0;606034.0;32699.2;5.24;Mehraufwand aufgrund;262
23;Baudepartement;2338;Denkmalpflege;;;3010.95;Rückerstattungen Taggelder UV, EO, MSE, MV, IV für Verwaltungs- und Betriebspersonal;;;-6268.25;;;;262
23;Baudepartement;2338;Denkmalpflege;;;3050.00;AG-Beiträge AHV, IV, EO, ALV, Verwaltungskosten;42418.55;40600.0;39165.65;1818.55;4.48;;262
23;Baudepartement;2338;Denkmalpflege;;;3052.00;AG-Beiträge an Pensionskassen;90577.2;83400.0;88553.4;7177.2;8.61;;262
23;Baudepartement;2338;Denkmalpflege;;;3053.00;AG-Beiträge an Unfallversicherungen;7463.25;13600.0;13354.7;-6136.75;-45.12;;262
23;Baudepartement;2338;Denkmalpflege;;;3054.00;AG-Beiträge an Familienzulagekassen;8544.75;8100.0;7878.8;444.75;5.49;;262
23;Baudepartement;2338;Denkmalpflege;;;3059.10;AG-Beiträge Sozialfonds;503.4;500.0;466.85;3.4;0.68;;262
23;Baudepartement;2338;Denkmalpflege;;;3064.00;Überbrückungsrenten;;;338.0;;;;262
23;Baudepartement;2338;Denkmalpflege;;;3090.00;Aus- und Weiterbildung des eigenen Personals;4107.0;;;4107.0;;;262
23;Baudepartement;2338;Denkmalpflege;;;3091.00;Personalwerbung;;500.0;;-500.0;-100.0;;263
23;Baudepartement;2338;Denkmalpflege;;;3099.00;Übriger Personalaufwand;2702.0;1500.0;1418.0;1202.0;80.13;;263
23;Baudepartement;2338;Denkmalpflege;;;3100.00;Büromaterial;2604.21;5000.0;3159.69;-2395.79;-47.92;;263
23;Baudepartement;2338;Denkmalpflege;;;3102.00;Drucksachen, Publikationen;4648.95;3000.0;5709.7;1648.95;54.97;;263
23;Baudepartement;2338;Denkmalpflege;;;3103.00;Fachliteratur, Zeitschriften;2562.74;2500.0;885.64;62.74;2.51;;263
23;Baudepartement;2338;Denkmalpflege;;;3111.00;Maschinen, Geräte und Fahrzeuge;363.2;2500.0;4992.7;-2136.8;-85.47;;263
23;Baudepartement;2338;Denkmalpflege;;;3113.00;Hardware;2155.75;2500.0;310.0;-344.25;-13.77;;263
23;Baudepartement;2338;Denkmalpflege;;;3118.00;Immaterielle Anlagen;6323.85;47000.0;8356.9;-40676.15;-86.55;Für die Weiterentwicklung der;263
23;Baudepartement;2338;Denkmalpflege;;;3130.00;Dienstleistungen Dritter;173892.13;160000.0;162835.69;13892.13;8.68;Mehrausgaben aufgrund zahlreicher;263
23;Baudepartement;2338;Denkmalpflege;;;3133.00;Informatik-Nutzungsaufwand;102815.9;96700.0;79840.7;6115.9;6.32;;263
23;Baudepartement;2338;Denkmalpflege;;;3137.00;Steuern und Abgaben;1717.2;1500.0;1717.2;217.2;14.48;;263
23;Baudepartement;2338;Denkmalpflege;;;3151.00;Unterhalt Maschinen, Geräte, Fahrzeuge;;300.0;;-300.0;-100.0;;263
23;Baudepartement;2338;Denkmalpflege;;;3153.00;Informatik-Unterhalt (Hardware);98.0;;;98.0;;;263
23;Baudepartement;2338;Denkmalpflege;;;3158.00;Unterhalt immaterielle Anlagen;10400.0;18500.0;21200.0;-8100.0;-43.78;;263
23;Baudepartement;2338;Denkmalpflege;;;3161.00;Mieten, Benützungskosten Anlagen;382.4;3000.0;5259.25;-2617.6;-87.25;;263
23;Baudepartement;2338;Denkmalpflege;;;3170.00;Reisekosten und Spesen;7029.7;7000.0;5678.95;29.7;0.42;;263
23;Baudepartement;2338;Denkmalpflege;;;3199.00;Übriger Betriebsaufwand;263.15;2900.0;169.1;-2636.85;-90.93;;263
23;Baudepartement;2338;Denkmalpflege;;;3631.00;Beiträge an Kantone und Konkordate;3530.0;3500.0;3480.0;30.0;0.86;;263
23;Baudepartement;2338;Denkmalpflege;;;3702.10;Durchlaufende Beiträge an Gemeinden und Gemeindezweckverbände;57313.0;170500.0;20767.0;-113187.0;-66.39;Auszahlung von Bundesbeiträgen. Im;263
23;Baudepartement;2338;Denkmalpflege;;;3705.00;Durchlaufende Beiträge an private Unternehmungen;11560.0;20000.0;4892.0;-8440.0;-42.2;;263
23;Baudepartement;2338;Denkmalpflege;;;3706.00;Durchlaufende Beiträge an private Organisationen ohne Erwerbszweck;181963.0;11000.0;102572.0;170963.0;1554.21;Auszahlung von Bundesbeiträgen. Im;263
23;Baudepartement;2338;Denkmalpflege;;;3707.00;Durchlaufende Beiträge an private Haushalte;99434.0;150000.0;134095.0;-50566.0;-33.71;Auszahlung von Bundesbeiträgen. Im;264
23;Baudepartement;2338;Denkmalpflege;;;3910.00;IV Dienstleistungen;141.5;;;141.5;;;264
23;Baudepartement;2338;Denkmalpflege;;;3980.00;Übertragungen;;;2000000.0;;;;264
23;Baudepartement;2338;Denkmalpflege;;;4612.10;Entschädigungen von innerkantonalen Gemeinden und Gemeindezweckverbänden;-326500.0;-320000.0;-324500.0;-6500.0;2.03;;264
23;Baudepartement;2338;Denkmalpflege;;;4700.00;Durchlaufende Beiträge vom Bund;-350270.0;-351500.0;-262326.0;1230.0;-0.35;;264
23;Baudepartement;2340;Verwaltung Kantonsforstamt;;;3010.00;Löhne des Verwaltungs- und Betriebspersonals;632346.0;622900.0;604913.0;9446.0;1.52;;264
23;Baudepartement;2340;Verwaltung Kantonsforstamt;;;3010.95;Rückerstattungen Taggelder UV, EO, MSE, MV, IV für Verwaltungs- und Betriebspersonal;-2026.6;;-8025.65;-2026.6;;;264
23;Baudepartement;2340;Verwaltung Kantonsforstamt;;;3050.00;AG-Beiträge AHV, IV, EO, ALV, Verwaltungskosten;40769.85;40500.0;38513.05;269.85;0.67;;264
23;Baudepartement;2340;Verwaltung Kantonsforstamt;;;3052.00;AG-Beiträge an Pensionskassen;97420.45;83100.0;97150.1;14320.45;17.23;;264
23;Baudepartement;2340;Verwaltung Kantonsforstamt;;;3053.00;AG-Beiträge an Unfallversicherungen;4156.3;3900.0;4143.75;256.3;6.57;;264
23;Baudepartement;2340;Verwaltung Kantonsforstamt;;;3054.00;AG-Beiträge an Familienzulagekassen;8220.45;8100.0;7736.55;120.45;1.49;;264
23;Baudepartement;2340;Verwaltung Kantonsforstamt;;;3059.10;AG-Beiträge Sozialfonds;481.95;500.0;463.0;-18.05;-3.61;;264
23;Baudepartement;2340;Verwaltung Kantonsforstamt;;;3099.00;Übriger Personalaufwand;480.0;1000.0;706.8;-520.0;-52.0;;264
23;Baudepartement;2340;Verwaltung Kantonsforstamt;;;3100.00;Büromaterial;1159.91;1000.0;294.49;159.91;15.99;;264
23;Baudepartement;2340;Verwaltung Kantonsforstamt;;;3101.00;Betriebs- und Verbrauchsmaterial;564.7;1500.0;609.75;-935.3;-62.35;;264
23;Baudepartement;2340;Verwaltung Kantonsforstamt;;;3103.00;Fachliteratur, Zeitschriften;1326.1;1500.0;1229.0;-173.9;-11.59;;264
23;Baudepartement;2340;Verwaltung Kantonsforstamt;;;3111.00;Maschinen, Geräte und Fahrzeuge;797.75;2000.0;;-1202.25;-60.11;;264
23;Baudepartement;2340;Verwaltung Kantonsforstamt;;;3112.00;Kleider, Wäsche, Vorhänge;1064.25;1500.0;208.2;-435.75;-29.05;;264
23;Baudepartement;2340;Verwaltung Kantonsforstamt;;;3113.00;Hardware;2122.76;2000.0;;122.76;6.14;;264
23;Baudepartement;2340;Verwaltung Kantonsforstamt;;;3118.00;Immaterielle Anlagen;22327.4;40000.0;34479.9;-17672.6;-44.18;Die Softwarelizenzen wurden neu auf;264
23;Baudepartement;2340;Verwaltung Kantonsforstamt;;;3130.00;Dienstleistungen Dritter;27505.23;125000.0;39353.95;-97494.77;-78.0;Anstelle von Fremdleistungen wurden;264
23;Baudepartement;2340;Verwaltung Kantonsforstamt;;;3133.00;Informatik-Nutzungsaufwand;46341.45;83300.0;33946.95;-36958.55;-44.37;Die Supportleistungen und;264
23;Baudepartement;2340;Verwaltung Kantonsforstamt;;;3144.00;Unterhalt Hochbauten, Gebäude;;5000.0;;-5000.0;-100.0;;264
23;Baudepartement;2340;Verwaltung Kantonsforstamt;;;3151.00;Unterhalt Maschinen, Geräte, Fahrzeuge;2510.5;2000.0;1058.7;510.5;25.53;;265
23;Baudepartement;2340;Verwaltung Kantonsforstamt;;;3158.00;Unterhalt immaterielle Anlagen;13541.1;27000.0;12845.6;-13458.9;-49.85;Die Wartungs- und Unterhaltsarbeiten;265
23;Baudepartement;2340;Verwaltung Kantonsforstamt;;;3161.00;Mieten, Benützungskosten Anlagen;62.25;3500.0;2473.5;-3437.75;-98.22;;265
23;Baudepartement;2340;Verwaltung Kantonsforstamt;;;3170.00;Reisekosten und Spesen;3662.35;5000.0;3105.8;-1337.65;-26.75;;265
23;Baudepartement;2340;Verwaltung Kantonsforstamt;;;3199.00;Übriger Betriebsaufwand;808.4;3000.0;2198.1;-2191.6;-73.05;;265
23;Baudepartement;2340;Verwaltung Kantonsforstamt;;;3910.00;IV Dienstleistungen;906.5;;;906.5;;;265
23;Baudepartement;2340;Verwaltung Kantonsforstamt;;;4210.00;Gebühren für Amtshandlungen;-2700.0;-2000.0;-800.0;-700.0;35.0;;265
23;Baudepartement;2340;Verwaltung Kantonsforstamt;;;4309.00;Übrige betriebliche Erträge;-10000.0;;;-10000.0;;Eine nicht mehr gebrauchte;265
23;Baudepartement;2340;Verwaltung Kantonsforstamt;;;4470.00;Pacht- und Mietzinse Liegenschaften VV;-50321.55;-58000.0;-57097.2;7678.45;-13.24;;265
23;Baudepartement;2340;Verwaltung Kantonsforstamt;;;4630.00;Beiträge vom Bund;;-4000.0;-8566.6;4000.0;-100.0;;265
23;Baudepartement;2340;Verwaltung Kantonsforstamt;;;4910.00;IV Dienstleistungen;;;-84211.38;;;;265
23;Baudepartement;2340;Verwaltung Kantonsforstamt;;;4980.00;Übertragungen;;;-105.15;;;;265
23;Baudepartement;2341;Beiträge Kantonsforstamt;;;3160.00;Mieten und Pachten Liegenschaften;2560.0;3500.0;2560.0;-940.0;-26.86;;265
23;Baudepartement;2341;Beiträge Kantonsforstamt;;;3612.10;Entschädigungen an innerkantonale Gemeinden und Gemeindezweckverbände;;20000.0;;-20000.0;-100.0;Es wurden keine Anträge oder;265
23;Baudepartement;2341;Beiträge Kantonsforstamt;;;3630.00;Beiträge an den Bund;5939.0;6000.0;10939.0;-61.0;-1.02;;265
23;Baudepartement;2341;Beiträge Kantonsforstamt;;;3631.00;Beiträge an Kantone und Konkordate;-230642.3;225000.0;105316.15;-455642.3;-202.51;Die Beiträge an den;265
23;Baudepartement;2341;Beiträge Kantonsforstamt;;;3632.10;Beiträge an innerkantonale Gemeinden und Gemeindezweckverbände;510620.9;1005000.0;526361.65;-494379.1;-49.19;Die kantonalen Beiträge an die;265
23;Baudepartement;2341;Beiträge Kantonsforstamt;;;3635.00;Beiträge an private Unternehmungen;;20000.0;;-20000.0;-100.0;Es wurden keine beitragsrelevanten;266
23;Baudepartement;2341;Beiträge Kantonsforstamt;;;3636.00;Beiträge an private Organisationen ohne Erwerbszweck;77455.3;100000.0;67389.85;-22544.7;-22.54;Die kantonalen Beiträge an die;266
23;Baudepartement;2341;Beiträge Kantonsforstamt;;;3637.00;Beiträge an private Haushalte;30167.55;80000.0;40071.8;-49832.45;-62.29;Die kantonalen Beiträge an private;266
23;Baudepartement;2341;Beiträge Kantonsforstamt;;;3701.00;Durchlaufende Beiträge an Kantone und Konkordate;;200000.0;178341.5;-200000.0;-100.0;Die Bundesbeiträge an den;266
23;Baudepartement;2341;Beiträge Kantonsforstamt;;;3702.10;Durchlaufende Beiträge an Gemeinden und Gemeindezweckverbände;485126.1;900000.0;1159540.3;-414873.9;-46.1;Die Bundesbeiträge waren tiefer als;266
23;Baudepartement;2341;Beiträge Kantonsforstamt;;;3705.00;Durchlaufende Beiträge an private Unternehmungen;;20000.0;;-20000.0;-100.0;Es wurden keine Leistungen erbracht.;266
23;Baudepartement;2341;Beiträge Kantonsforstamt;;;3706.00;Durchlaufende Beiträge an private Organisationen ohne Erwerbszweck;26718.1;80000.0;22590.0;-53281.9;-66.6;Die Bundesbeiträge waren tiefer als;266
23;Baudepartement;2341;Beiträge Kantonsforstamt;;;3707.00;Durchlaufende Beiträge an private Haushalte;29054.15;50000.0;38820.3;-20945.85;-41.89;Die Bundesbeiträge waren tiefer als;266
23;Baudepartement;2341;Beiträge Kantonsforstamt;;;3910.00;IV Dienstleistungen;381996.65;;84211.38;381996.65;;Die Beiträge an den;266
23;Baudepartement;2341;Beiträge Kantonsforstamt;;;4630.00;Beiträge vom Bund;;;-84211.38;;;;266
23;Baudepartement;2341;Beiträge Kantonsforstamt;;;4632.10;Laufende Betriebsbeiträge von innerkantonalen Gemeinden und Gemeindezweckverbände;;-59000.0;;59000.0;-100.0;Vorauszahlungen von Gemeinden;266
23;Baudepartement;2341;Beiträge Kantonsforstamt;;;4700.00;Durchlaufende Beiträge vom Bund;-540898.35;-1250000.0;-1399292.1;709101.65;-56.73;Es wurden weniger Bundesmittel aus;266
23;Baudepartement;2341;Beiträge Kantonsforstamt;;;4980.00;Übertragungen;-180621.95;-176500.0;-229994.35;-4121.95;2.34;;266
23;Baudepartement;2352;Wohlfahrtseinrichtungen (bis 2019 inkl. Wanderwege);;;3101.00;Betriebs- und Verbrauchsmaterial;2104.95;15000.0;116.65;-12895.05;-85.97;Eine Rechnung für rund Fr. 10'000;267
23;Baudepartement;2352;Wohlfahrtseinrichtungen (bis 2019 inkl. Wanderwege);;;3130.00;Dienstleistungen Dritter;11915.0;2000.0;3164.35;9915.0;495.75;;267
23;Baudepartement;2352;Wohlfahrtseinrichtungen (bis 2019 inkl. Wanderwege);;;3161.00;Mieten, Benützungskosten Anlagen;4310.4;7000.0;4682.7;-2689.6;-38.42;;267
23;Baudepartement;2360;Forstbetriebe;;;3010.00;Löhne des Verwaltungs- und Betriebspersonals;806913.45;820000.0;724710.0;-13086.55;-1.6;;267
23;Baudepartement;2360;Forstbetriebe;;;3010.95;Rückerstattungen Taggelder UV, EO, MSE, MV, IV für Verwaltungs- und Betriebspersonal;-1729.4;;-2133.5;-1729.4;;;267
23;Baudepartement;2360;Forstbetriebe;;;3042.00;Verpflegungszulagen;26500.0;30000.0;26525.0;-3500.0;-11.67;;267
23;Baudepartement;2360;Forstbetriebe;;;3049.00;Übrige Zulagen;1440.0;2000.0;1335.0;-560.0;-28.0;;267
23;Baudepartement;2360;Forstbetriebe;;;3050.00;AG-Beiträge AHV, IV, EO, ALV, Verwaltungskosten;51515.55;53300.0;45737.3;-1784.45;-3.35;;267
23;Baudepartement;2360;Forstbetriebe;;;3052.00;AG-Beiträge an Pensionskassen;107126.8;109500.0;100168.85;-2373.2;-2.17;;267
23;Baudepartement;2360;Forstbetriebe;;;3053.00;AG-Beiträge an Unfallversicherungen;37414.65;40100.0;36133.75;-2685.35;-6.7;;267
23;Baudepartement;2360;Forstbetriebe;;;3054.00;AG-Beiträge an Familienzulagekassen;10302.7;10700.0;9145.95;-397.3;-3.71;;267
23;Baudepartement;2360;Forstbetriebe;;;3059.10;AG-Beiträge Sozialfonds;633.85;600.0;563.65;33.85;5.64;;267
23;Baudepartement;2360;Forstbetriebe;;;3090.00;Aus- und Weiterbildung des eigenen Personals;4882.0;5000.0;2677.35;-118.0;-2.36;;267
23;Baudepartement;2360;Forstbetriebe;;;3091.00;Personalwerbung;700.5;;1330.7;700.5;;;267
23;Baudepartement;2360;Forstbetriebe;;;3099.00;Übriger Personalaufwand;800.0;3500.0;970.8;-2700.0;-77.14;;267
23;Baudepartement;2360;Forstbetriebe;;;3100.00;Büromaterial;1062.3;1000.0;374.45;62.3;6.23;;267
23;Baudepartement;2360;Forstbetriebe;;;3101.00;Betriebs- und Verbrauchsmaterial;45410.76;40000.0;46401.33;5410.76;13.53;;267
23;Baudepartement;2360;Forstbetriebe;;;3103.00;Fachliteratur, Zeitschriften;;500.0;190.0;-500.0;-100.0;;267
23;Baudepartement;2360;Forstbetriebe;;;3111.00;Maschinen, Geräte und Fahrzeuge;83516.25;80000.0;71352.05;3516.25;4.4;;267
23;Baudepartement;2360;Forstbetriebe;;;3112.00;Kleider, Wäsche, Vorhänge;12137.9;16000.0;16542.5;-3862.1;-24.14;;267
23;Baudepartement;2360;Forstbetriebe;;;3113.00;Hardware;1680.0;;;1680.0;;;267
23;Baudepartement;2360;Forstbetriebe;;;3118.00;Immaterielle Anlagen;518.9;2500.0;1913.45;-1981.1;-79.24;;267
23;Baudepartement;2360;Forstbetriebe;;;3120.00;Ver- und Entsorgung Liegenschaften VV;1757.54;1000.0;1103.68;757.54;75.75;;267
23;Baudepartement;2360;Forstbetriebe;;;3130.00;Dienstleistungen Dritter;12022.92;25000.0;17796.73;-12977.08;-51.91;Die Dienstleistungen von «Wald;268
23;Baudepartement;2360;Forstbetriebe;;;3133.00;Informatik-Nutzungsaufwand;5611.7;5800.0;5125.2;-188.3;-3.25;;268
23;Baudepartement;2360;Forstbetriebe;;;3134.00;Sachversicherungsprämien;14332.51;15000.0;16252.21;-667.49;-4.45;;268
23;Baudepartement;2360;Forstbetriebe;;;3137.00;Steuern und Abgaben;8672.73;10000.0;9851.23;-1327.27;-13.27;;268
23;Baudepartement;2360;Forstbetriebe;;;3141.00;Unterhalt Strassen;33943.9;;;33943.9;;Diese Kosten wurden früher auf dem;268
23;Baudepartement;2360;Forstbetriebe;;;3144.00;Unterhalt Hochbauten, Gebäude;;5000.0;8647.15;-5000.0;-100.0;;268
23;Baudepartement;2360;Forstbetriebe;;;3145.00;Unterhalt Wald;621411.69;460000.0;549233.67;161411.69;35.09;Mit dem neuen Betriebsplan wurde;268
23;Baudepartement;2360;Forstbetriebe;;;3151.00;Unterhalt Maschinen, Geräte, Fahrzeuge;43211.75;75000.0;49412.44;-31788.25;-42.38;Gut unterhaltene und gepflegte;268
23;Baudepartement;2360;Forstbetriebe;;;3158.00;Unterhalt immaterielle Anlagen;;;281.05;;;;268
23;Baudepartement;2360;Forstbetriebe;;;3161.00;Mieten, Benützungskosten Anlagen;143.9;500.0;5016.9;-356.1;-71.22;;268
23;Baudepartement;2360;Forstbetriebe;;;3170.00;Reisekosten und Spesen;720.6;1000.0;376.55;-279.4;-27.94;;268
23;Baudepartement;2360;Forstbetriebe;;;3199.00;Übriger Betriebsaufwand;106.4;2000.0;240.5;-1893.6;-94.68;;268
23;Baudepartement;2360;Forstbetriebe;;;3300.60;Planmässige Abschreibungen Mobilien;29067.0;29100.0;29067.0;-33.0;-0.11;;268
23;Baudepartement;2360;Forstbetriebe;;;3630.00;Beiträge an den Bund;252.0;300.0;252.0;-48.0;-16.0;;268
23;Baudepartement;2360;Forstbetriebe;;;3900.00;IV Material- und Warenbezüge;32077.45;40000.0;31565.75;-7922.55;-19.81;;268
23;Baudepartement;2360;Forstbetriebe;;;3910.00;IV Dienstleistungen;12765.95;15000.0;13626.2;-2234.05;-14.89;;268
23;Baudepartement;2360;Forstbetriebe;;;4240.00;Benützungsgebühren und Dienstleistungen;-528.0;-2000.0;-90.0;1472.0;-73.6;;268
23;Baudepartement;2360;Forstbetriebe;;;4250.00;Verkäufe;-1672936.01;-770000.0;-909634.75;-902936.01;117.26;Dank einer grösseren;269
23;Baudepartement;2360;Forstbetriebe;;;4260.00;Rückerstattungen und Kostenbeteiligungen Dritter;-8864.4;-8000.0;-13028.45;-864.4;10.81;;269
23;Baudepartement;2360;Forstbetriebe;;;4309.00;Übrige betriebliche Erträge;-45887.25;-15000.0;-38801.9;-30887.25;205.92;Dank den zusätzlichen Arbeiten für;269
23;Baudepartement;2360;Forstbetriebe;;;4470.00;Pacht- und Mietzinse Liegenschaften VV;-28028.14;;;-28028.14;;Einnahmen aus dem Seilpark wurden;269
23;Baudepartement;2360;Forstbetriebe;;;4610.00;Entschädigungen vom Bund;-3348.95;;-24795.22;-3348.95;;;269
23;Baudepartement;2360;Forstbetriebe;;;4630.00;Beiträge vom Bund;-293016.57;-200000.0;-178944.95;-93016.57;46.51;Die Beiträge fielen höher aus als;269
23;Baudepartement;2360;Forstbetriebe;;;4631.00;Beiträge von Kantonen und Konkordaten;-67164.43;-245000.0;-99420.4;177835.57;-72.59;Die kantonalen Schaffhauser Beiträge;269
23;Baudepartement;2360;Forstbetriebe;;;4910.00;IV Dienstleistungen;-464698.87;-30000.0;-25350.07;-434698.87;1449.0;Die Beiträge fielen höher aus als;269
23;Baudepartement;2360;Forstbetriebe;;;4920.00;IV Pacht, Mieten, Benützungskosten;;-1000.0;-999.0;1000.0;-100.0;;269
23;Baudepartement;2360;Forstbetriebe;;;4930.00;IV Betriebs- und Verwaltungskosten;-4000.0;-4000.0;-11819.6;;;;269
23;Baudepartement;2360;Forstbetriebe;;;4980.00;Übertragungen;;;-4559.25;;;;269
23;Baudepartement;2371;Strassenverkehrs- und Schifffahrtsamt;;;3010.00;Löhne des Verwaltungs- und Betriebspersonals;3136402.95;3031800.0;2872914.65;104602.95;3.45;Die Rückstellungen für Ferien und;269
23;Baudepartement;2371;Strassenverkehrs- und Schifffahrtsamt;;;3010.95;Rückerstattungen Taggelder UV, EO, MSE, MV, IV für Verwaltungs- und Betriebspersonal;-17652.15;;;-17652.15;;Die Rückerstattung von;270
23;Baudepartement;2371;Strassenverkehrs- und Schifffahrtsamt;;;3049.00;Übrige Zulagen;2676.7;2500.0;2420.0;176.7;7.07;;270
23;Baudepartement;2371;Strassenverkehrs- und Schifffahrtsamt;;;3050.00;AG-Beiträge AHV, IV, EO, ALV, Verwaltungskosten;202880.95;197100.0;185141.5;5780.95;2.93;;270
23;Baudepartement;2371;Strassenverkehrs- und Schifffahrtsamt;;;3052.00;AG-Beiträge an Pensionskassen;428939.7;404800.0;416705.35;24139.7;5.96;Die Rückstellungen für Ferien und;270
23;Baudepartement;2371;Strassenverkehrs- und Schifffahrtsamt;;;3053.00;AG-Beiträge an Unfallversicherungen;16504.9;16400.0;15104.4;104.9;0.64;;270
23;Baudepartement;2371;Strassenverkehrs- und Schifffahrtsamt;;;3054.00;AG-Beiträge an Familienzulagekassen;40731.75;39400.0;37160.6;1331.75;3.38;;270
23;Baudepartement;2371;Strassenverkehrs- und Schifffahrtsamt;;;3059.10;AG-Beiträge Sozialfonds;2450.65;2400.0;2234.6;50.65;2.11;;270
23;Baudepartement;2371;Strassenverkehrs- und Schifffahrtsamt;;;3090.00;Aus- und Weiterbildung des eigenen Personals;860.0;;;860.0;;;270
23;Baudepartement;2371;Strassenverkehrs- und Schifffahrtsamt;;;3091.00;Personalwerbung;;1300.0;;-1300.0;-100.0;;270
23;Baudepartement;2371;Strassenverkehrs- und Schifffahrtsamt;;;3099.00;Übriger Personalaufwand;5749.4;3700.0;2895.1;2049.4;55.39;;270
23;Baudepartement;2371;Strassenverkehrs- und Schifffahrtsamt;;;3100.00;Büromaterial;18545.72;20000.0;17273.53;-1454.28;-7.27;;270
23;Baudepartement;2371;Strassenverkehrs- und Schifffahrtsamt;;;3101.00;Betriebs- und Verbrauchsmaterial;95246.57;95000.0;81583.45;246.57;0.26;;270
23;Baudepartement;2371;Strassenverkehrs- und Schifffahrtsamt;;;3102.00;Drucksachen, Publikationen;75072.4;56000.0;55059.35;19072.4;34.06;Die Mehrkosten resultieren aus der;270
23;Baudepartement;2371;Strassenverkehrs- und Schifffahrtsamt;;;3103.00;Fachliteratur, Zeitschriften;2825.21;3700.0;3251.39;-874.79;-23.64;;270
23;Baudepartement;2371;Strassenverkehrs- und Schifffahrtsamt;;;3110.00;Büromöbel und -geräte;;5000.0;3067.1;-5000.0;-100.0;;270
23;Baudepartement;2371;Strassenverkehrs- und Schifffahrtsamt;;;3111.00;Maschinen, Geräte und Fahrzeuge;5691.85;10000.0;4913.1;-4308.15;-43.08;;270
23;Baudepartement;2371;Strassenverkehrs- und Schifffahrtsamt;;;3112.00;Kleider, Wäsche, Vorhänge;4555.65;4000.0;13638.2;555.65;13.89;;270
23;Baudepartement;2371;Strassenverkehrs- und Schifffahrtsamt;;;3113.00;Hardware;13460.2;9000.0;9053.9;4460.2;49.56;;270
23;Baudepartement;2371;Strassenverkehrs- und Schifffahrtsamt;;;3118.00;Immaterielle Anlagen;98875.7;99000.0;53306.06;-124.3;-0.13;;270
23;Baudepartement;2371;Strassenverkehrs- und Schifffahrtsamt;;;3120.00;Ver- und Entsorgung Liegenschaften VV;2647.4;2700.0;10589.55;-52.6;-1.95;;270
23;Baudepartement;2371;Strassenverkehrs- und Schifffahrtsamt;;;3130.00;Dienstleistungen Dritter;141810.78;137700.0;124776.02;4110.78;2.99;;270
23;Baudepartement;2371;Strassenverkehrs- und Schifffahrtsamt;;;3133.00;Informatik-Nutzungsaufwand;829363.11;899400.0;812608.63;-70036.89;-7.79;Die prognostizierten Betriebskosten;270
23;Baudepartement;2371;Strassenverkehrs- und Schifffahrtsamt;;;3134.00;Sachversicherungsprämien;185703.02;169000.0;179948.4;16703.02;9.88;Infolge einer Zunahme der Tages-;271
23;Baudepartement;2371;Strassenverkehrs- und Schifffahrtsamt;;;3137.00;Steuern und Abgaben;8014.9;12000.0;9459.56;-3985.1;-33.21;;271
23;Baudepartement;2371;Strassenverkehrs- und Schifffahrtsamt;;;3150.00;Unterhalt Büromöbel und -geräte;;2000.0;147.8;-2000.0;-100.0;;271
23;Baudepartement;2371;Strassenverkehrs- und Schifffahrtsamt;;;3151.00;Unterhalt Maschinen, Geräte, Fahrzeuge;23647.3;20000.0;15313.9;3647.3;18.24;;271
23;Baudepartement;2371;Strassenverkehrs- und Schifffahrtsamt;;;3158.00;Unterhalt immaterielle Anlagen;5504.1;16900.0;8360.15;-11395.9;-67.43;Die prognostizierten Wartungskosten;271
23;Baudepartement;2371;Strassenverkehrs- und Schifffahrtsamt;;;3160.00;Mieten und Pachten Liegenschaften;3937.5;4000.0;15750.0;-62.5;-1.56;;271
23;Baudepartement;2371;Strassenverkehrs- und Schifffahrtsamt;;;3161.00;Mieten, Benützungskosten Anlagen;14061.9;23900.0;60870.35;-9838.1;-41.16;;271
23;Baudepartement;2371;Strassenverkehrs- und Schifffahrtsamt;;;3170.00;Reisekosten und Spesen;32998.17;34000.0;46093.65;-1001.83;-2.95;;271
23;Baudepartement;2371;Strassenverkehrs- und Schifffahrtsamt;;;3181.00;Tatsächliche Forderungsverluste;22937.87;10000.0;5445.56;12937.87;129.38;Die tatsächlichen Forderungsverluste;271
23;Baudepartement;2371;Strassenverkehrs- und Schifffahrtsamt;;;3199.00;Übriger Betriebsaufwand;4452.4;3500.0;7247.8;952.4;27.21;;271
23;Baudepartement;2371;Strassenverkehrs- und Schifffahrtsamt;;;3610.00;Entschädigungen an Bund;5028.0;5000.0;679.0;28.0;0.56;;271
23;Baudepartement;2371;Strassenverkehrs- und Schifffahrtsamt;;;3614.00;Entschädigungen an öffentliche Unternehmungen;8750.0;9000.0;35000.0;-250.0;-2.78;;271
23;Baudepartement;2371;Strassenverkehrs- und Schifffahrtsamt;;;3630.00;Beiträge an den Bund;84.0;100.0;84.0;-16.0;-16.0;;271
23;Baudepartement;2371;Strassenverkehrs- und Schifffahrtsamt;;;3631.00;Beiträge an Kantone und Konkordate;970.0;1800.0;1160.0;-830.0;-46.11;;271
23;Baudepartement;2371;Strassenverkehrs- und Schifffahrtsamt;;;3634.00;Beiträge an öffentliche Unternehmungen;400000.0;;;400000.0;;Der Exekutivkredit für die;271
23;Baudepartement;2371;Strassenverkehrs- und Schifffahrtsamt;;;3910.00;IV Dienstleistungen;200000.0;200000.0;200000.0;;;;271
23;Baudepartement;2371;Strassenverkehrs- und Schifffahrtsamt;;;3910.10;IV Betreibungskosten;29621.65;12000.0;22839.15;17621.65;146.85;Infolge einer Zunahme der;271
23;Baudepartement;2371;Strassenverkehrs- und Schifffahrtsamt;;;4210.00;Gebühren für Amtshandlungen;-4791889.7;-4950000.0;-4704654.8;158110.3;-3.19;Die Mindereinnahmen resultieren bei;272
23;Baudepartement;2371;Strassenverkehrs- und Schifffahrtsamt;;;4250.00;Verkäufe;-321056.3;-258000.0;-261554.7;-63056.3;24.44;Die Einnahmen aus der;272
23;Baudepartement;2371;Strassenverkehrs- und Schifffahrtsamt;;;4260.00;Rückerstattungen und Kostenbeteiligungen Dritter;-215307.85;-191000.0;-211049.75;-24307.85;12.73;Infolge einer Zunahme der Tages-;272
23;Baudepartement;2371;Strassenverkehrs- und Schifffahrtsamt;;;4290.00;Übrige Entgelte;-862.0;-2000.0;;1138.0;-56.9;;272
23;Baudepartement;2371;Strassenverkehrs- und Schifffahrtsamt;;;4309.00;Übrige betriebliche Erträge;-64923.2;-40000.0;-53256.4;-24923.2;62.31;Die Mehreinnahmen resultieren;272
23;Baudepartement;2371;Strassenverkehrs- und Schifffahrtsamt;;;4600.90;Anteil am Ertrag übriger Bundeseinnahmen;-127891.4;-98000.0;-147302.95;-29891.4;30.5;Die Mehreinnahmen resultieren aus;272
23;Baudepartement;2371;Strassenverkehrs- und Schifffahrtsamt;;;4610.00;Entschädigungen vom Bund;-183969.0;-170000.0;-168459.0;-13969.0;8.22;;272
23;Baudepartement;2371;Strassenverkehrs- und Schifffahrtsamt;;;4910.00;IV Dienstleistungen;-20000.0;-20000.0;-20000.0;;;;272
23;Baudepartement;2371;Strassenverkehrs- und Schifffahrtsamt;;;4930.00;IV Betriebs- und Verwaltungskosten;-806000.0;-806000.0;-806000.0;;;;272
23;Baudepartement;2375;Öffentlicher Verkehr;;;3010.00;Löhne des Verwaltungs- und Betriebspersonals;426644.0;424500.0;425987.0;2144.0;0.51;;272
23;Baudepartement;2375;Öffentlicher Verkehr;;;3050.00;AG-Beiträge AHV, IV, EO, ALV, Verwaltungskosten;27471.5;27600.0;27470.95;-128.5;-0.47;;272
23;Baudepartement;2375;Öffentlicher Verkehr;;;3052.00;AG-Beiträge an Pensionskassen;64788.6;56700.0;68968.8;8088.6;14.27;;272
23;Baudepartement;2375;Öffentlicher Verkehr;;;3053.00;AG-Beiträge an Unfallversicherungen;2185.9;2300.0;2195.9;-114.1;-4.96;;272
23;Baudepartement;2375;Öffentlicher Verkehr;;;3054.00;AG-Beiträge an Familienzulagekassen;5545.65;5500.0;5537.7;45.65;0.83;;272
23;Baudepartement;2375;Öffentlicher Verkehr;;;3059.10;AG-Beiträge Sozialfonds;323.7;300.0;324.7;23.7;7.9;;273
23;Baudepartement;2375;Öffentlicher Verkehr;;;3099.00;Übriger Personalaufwand;420.0;800.0;320.0;-380.0;-47.5;;273
23;Baudepartement;2375;Öffentlicher Verkehr;;;3100.00;Büromaterial;1637.87;1800.0;1788.84;-162.13;-9.01;;273
23;Baudepartement;2375;Öffentlicher Verkehr;;;3102.00;Drucksachen, Publikationen;486.45;20000.0;4200.3;-19513.55;-97.57;Drucksachen und Publikationen im;273
23;Baudepartement;2375;Öffentlicher Verkehr;;;3103.00;Fachliteratur, Zeitschriften;2735.1;2500.0;2220.37;235.1;9.4;;273
23;Baudepartement;2375;Öffentlicher Verkehr;;;3113.00;Hardware;1630.15;1500.0;952.4;130.15;8.68;;273
23;Baudepartement;2375;Öffentlicher Verkehr;;;3118.00;Immaterielle Anlagen;;1500.0;;-1500.0;-100.0;;273
23;Baudepartement;2375;Öffentlicher Verkehr;;;3130.00;Dienstleistungen Dritter;78379.73;278000.0;318198.31;-199620.27;-71.81;Es konnten nicht alle geplanten;273
23;Baudepartement;2375;Öffentlicher Verkehr;;;3133.00;Informatik-Nutzungsaufwand;24230.35;23000.0;19584.96;1230.35;5.35;;273
23;Baudepartement;2375;Öffentlicher Verkehr;;;3153.00;Informatik-Unterhalt (Hardware);682.0;1500.0;;-818.0;-54.53;;273
23;Baudepartement;2375;Öffentlicher Verkehr;;;3158.00;Unterhalt immaterielle Anlagen;10183.0;17000.0;10362.0;-6817.0;-40.1;Unterhaltsleistungen für die ÖV-;273
23;Baudepartement;2375;Öffentlicher Verkehr;;;3160.00;Mieten und Pachten Liegenschaften;3370.2;2000.0;1130.5;1370.2;68.51;;273
23;Baudepartement;2375;Öffentlicher Verkehr;;;3161.00;Mieten, Benützungskosten Anlagen;186.65;4000.0;3282.25;-3813.35;-95.33;;273
23;Baudepartement;2375;Öffentlicher Verkehr;;;3170.00;Reisekosten und Spesen;8623.7;12000.0;11076.6;-3376.3;-28.14;;273
23;Baudepartement;2375;Öffentlicher Verkehr;;;3199.00;Übriger Betriebsaufwand;109.0;1500.0;;-1391.0;-92.73;;273
23;Baudepartement;2375;Öffentlicher Verkehr;;;3630.00;Beiträge an den Bund;5282675.0;5304800.0;5230605.0;-22125.0;-0.42;Beitrag an den Bahninfrastrukturfonds;273
23;Baudepartement;2375;Öffentlicher Verkehr;;;3631.00;Beiträge an Kantone und Konkordate;9964.0;10000.0;9896.0;-36.0;-0.36;;273
23;Baudepartement;2375;Öffentlicher Verkehr;;;3634.00;Beiträge an öffentliche Unternehmungen;12027487.21;13300000.0;11754049.9;-1272512.79;-9.57;Definitive Beträge stehen erst nach;273
23;Baudepartement;2375;Öffentlicher Verkehr;;;3635.00;Beiträge an private Unternehmungen;150390.0;150400.0;153800.0;-10.0;-0.01;;273
23;Baudepartement;2375;Öffentlicher Verkehr;;;3638.00;Beiträge an das Ausland;2608996.15;2500000.0;2542191.22;108996.15;4.36;Neu werden die Abgeltungen an;274
23;Baudepartement;2375;Öffentlicher Verkehr;;;3660.40;Planmässige Abschreibungen Invest.beiträge an öffentliche Unternehmungen;1530913.0;1530900.0;1530914.0;13.0;;;274
23;Baudepartement;2375;Öffentlicher Verkehr;;;3660.80;Planmässige Abschreibungen Invest.beiträge an Ausland;677605.0;677600.0;677605.0;5.0;;;274
23;Baudepartement;2375;Öffentlicher Verkehr;;;3708.00;Durchlaufende Beiträge an das Ausland;;415000.0;;-415000.0;-100.0;Neu werden die Abgeltungen an;274
23;Baudepartement;2375;Öffentlicher Verkehr;;;4120.00;Konzessionen;;;-64.0;;;;274
23;Baudepartement;2375;Öffentlicher Verkehr;;;4240.00;Benützungsgebühren und Dienstleistungen;;;-800.0;;;;274
23;Baudepartement;2375;Öffentlicher Verkehr;;;4614.00;Entschädigungen von öffentlichen Unternehmungen;-15901.0;;;-15901.0;;Rückerstattung für zuviel bezahlte;274
23;Baudepartement;2375;Öffentlicher Verkehr;;;4630.00;Beiträge vom Bund;-394276.0;;-390186.0;-394276.0;;Aufgrund eines neuen;274
23;Baudepartement;2375;Öffentlicher Verkehr;;;4632.10;Laufende Betriebsbeiträge von innerkantonalen Gemeinden und Gemeindezweckverbände;-2905505.0;-2800000.0;-2984827.0;-105505.0;3.77;Definitive Gemeindebeiträge stehen;274
23;Baudepartement;2375;Öffentlicher Verkehr;;;4708.00;Durchlaufende Beiträge aus dem Ausland;;-415000.0;;415000.0;-100.0;Aufgrund eines neuen;274
23;Baudepartement;2375;Öffentlicher Verkehr;;;4980.00;Übertragungen;-2709328.8;-2646600.0;-3060317.51;-62728.8;2.37;Höhere Zuscheidung Anteil LSVA an;274
23;Baudepartement;2380;Rheinfall;;;3101.00;Betriebs- und Verbrauchsmaterial;2000.0;2000.0;2000.0;;;;275
23;Baudepartement;2380;Rheinfall;;;3120.00;Ver- und Entsorgung Liegenschaften VV;39244.63;32000.0;41141.67;7244.63;22.64;;275
23;Baudepartement;2380;Rheinfall;;;3130.00;Dienstleistungen Dritter;375597.54;400000.0;73397.41;-24402.46;-6.1;Ab September 2025 wurden;275
23;Baudepartement;2380;Rheinfall;;;3131.00;Planungen und Projektierungen Dritter;293409.85;250000.0;390433.9;43409.85;17.36;Zusätzliche Aufwendungen im;275
23;Baudepartement;2380;Rheinfall;;;3134.00;Sachversicherungsprämien;1379.31;1400.0;1363.85;-20.69;-1.48;;275
23;Baudepartement;2380;Rheinfall;;;3137.00;Steuern und Abgaben;104754.01;103400.0;103644.52;1354.01;1.31;;275
23;Baudepartement;2380;Rheinfall;;;3144.00;Unterhalt Hochbauten, Gebäude;39693.45;50000.0;41835.0;-10306.55;-20.61;Die Aufwendungen für;275
23;Baudepartement;2380;Rheinfall;;;3300.60;Planmässige Abschreibungen Mobilien;55226.0;55200.0;55226.0;26.0;0.05;;275
23;Baudepartement;2380;Rheinfall;;;3320.00;Planmässige Abschreibungen immaterielle Anlagen;24152.0;24100.0;24153.0;52.0;0.22;;275
23;Baudepartement;2380;Rheinfall;;;3430.00;Baulicher Unterhalt Liegenschaften FV;1133769.01;1725000.0;199197.17;-591230.99;-34.27;Verzug der Arbeiten an der;275
23;Baudepartement;2380;Rheinfall;;;3430.10;Baulicher Unterhalt Liegenschaften FV - Rheinfallflächen;120104.6;100000.0;90733.35;20104.6;20.1;Basierend auf einer internen;275
23;Baudepartement;2380;Rheinfall;;;3431.00;Nicht baulicher Unterhalt Liegenschaften FV;2360.35;10000.0;358573.8;-7639.65;-76.4;;275
23;Baudepartement;2380;Rheinfall;;;3431.10;Nicht baulicher Unterhalt Liegenschaften FV - Parkierungsanlagen;659156.65;630000.0;623542.15;29156.65;4.63;Mehr Aufwand für die;275
23;Baudepartement;2380;Rheinfall;;;3439.00;Übriger Liegenschaftsaufwand FV;99004.55;88000.0;102983.36;11004.55;12.51;Die Schlussrechnungen der EKS für;275
23;Baudepartement;2380;Rheinfall;;;3499.00;Übriger Finanzaufwand;14409.29;;;14409.29;;Bei diesen Buchungen handelt es;276
23;Baudepartement;2380;Rheinfall;;;3631.00;Beiträge an Kantone und Konkordate;90000.0;90000.0;90000.0;;;;276
23;Baudepartement;2380;Rheinfall;;;3635.00;Beiträge an private Unternehmungen;43824.0;;21780.3;43824.0;;Infolge der Neuvergabe von;276
23;Baudepartement;2380;Rheinfall;;;3910.00;IV Dienstleistungen;74010.45;50000.0;49965.95;24010.45;48.02;Aufgrund der neuen Pachtverträge mit;276
23;Baudepartement;2380;Rheinfall;;;3930.00;IV Betriebs- und Verwaltungskosten;370959.8;320000.0;373136.27;50959.8;15.92;Effektive Kostenverrechnung von;276
23;Baudepartement;2380;Rheinfall;;;4260.00;Rückerstattungen und Kostenbeteiligungen Dritter;-9708.9;-21600.0;-22892.3;11891.1;-55.05;Die Nebenkosten des Betreibers der;276
23;Baudepartement;2380;Rheinfall;;;4390.00;Übrige Erträge;;;-57011.45;;;;276
23;Baudepartement;2380;Rheinfall;;;4430.00;Pacht- und Mietzinse Liegenschaften FV;-1129215.35;-850000.0;-1102464.3;-279215.35;32.85;Die Abrechnung der Umsatzabgabe;276
23;Baudepartement;2380;Rheinfall;;;4430.10;Einnahmen Parking Rheinfall;-1881430.14;-1950000.0;-1955482.11;68569.86;-3.52;Aufgrund tieferer Besucherzahl als im;276
23;Baudepartement;2380;Rheinfall;;;4635.00;Beiträge von privaten Unternehmungen;-50807.0;;-30000.0;-50807.0;;Infolge der Neuvergabe von;276
23;Baudepartement;2398;;2398.7214;Liegenschaften Areal Breitenau, Nutzung Spitäler Schaffhausen;3130.00;Dienstleistungen Dritter;65.27;;70.77;65.27;;;277
23;Baudepartement;2398;;2398.7214;Liegenschaften Areal Breitenau, Nutzung Spitäler Schaffhausen;3134.00;Sachversicherungsprämien;42871.2;43000.0;42870.55;-128.8;-0.3;;277
23;Baudepartement;2398;;2398.7214;Liegenschaften Areal Breitenau, Nutzung Spitäler Schaffhausen;3137.00;Steuern und Abgaben;285.2;;203.12;285.2;;;277
23;Baudepartement;2398;;2398.7214;Liegenschaften Areal Breitenau, Nutzung Spitäler Schaffhausen;3144.00;Unterhalt Hochbauten, Gebäude;317717.9;350000.0;388082.6;-32282.1;-9.22;Die Kosten für Instandsetzungen an;277
23;Baudepartement;2398;;2398.7214;Liegenschaften Areal Breitenau, Nutzung Spitäler Schaffhausen;3300.40;Planmässige Abschreibungen Hochbauten;;44000.0;;-44000.0;-100.0;Der Anschluss an den Wärmeverbund;277
23;Baudepartement;2398;;2398.7214;Liegenschaften Areal Breitenau, Nutzung Spitäler Schaffhausen;3431.00;Nicht baulicher Unterhalt Liegenschaften FV;194.6;;194.6;194.6;;;277
23;Baudepartement;2398;;2398.7214;Liegenschaften Areal Breitenau, Nutzung Spitäler Schaffhausen;3499.00;Übriger Finanzaufwand;37.39;;;37.39;;;277
23;Baudepartement;2398;;2398.7214;Liegenschaften Areal Breitenau, Nutzung Spitäler Schaffhausen;3910.00;IV Dienstleistungen;31771.79;35000.0;38828.26;-3228.21;-9.22;;277
23;Baudepartement;2398;;2398.7214;Liegenschaften Areal Breitenau, Nutzung Spitäler Schaffhausen;4470.00;Pacht- und Mietzinse Liegenschaften VV;-905380.0;-900000.0;-903831.0;-5380.0;0.6;;277
23;Baudepartement;2398;;2398.7214;Liegenschaften Areal Breitenau, Nutzung Spitäler Schaffhausen;4940.00;IV Kalk. Zinsen und Finanzaufwand;;-12700.0;-4485.97;12700.0;-100.0;;277
23;Baudepartement;2398;;2398.7214;Liegenschaften Areal Breitenau, Nutzung Spitäler Schaffhausen;9010.00;Abschluss Spezialfinanzierungen und Fonds des Eigenkapitals, Ertragsüberschuss;512436.65;420200.0;438067.07;92236.65;21.95;;277
23;Baudepartement;2398;;2398.7231;Fonds zur Finanzierung von Massnahmen im Interesse des Natur- und Heimatschutzes;3631.05;Beiträge an Kantone und Konkordate Naturschutz;;30000.0;;-30000.0;-100.0;Vakanz in der Ressortleitung und;277
23;Baudepartement;2398;;2398.7231;Fonds zur Finanzierung von Massnahmen im Interesse des Natur- und Heimatschutzes;3632.15;Beiträge an Gemeinden und Gemeindezweckverbände Denkmalpflege und Heimatschutz;121865.0;180000.0;66091.0;-58135.0;-32.3;Es konnten weniger Projekte;277
23;Baudepartement;2398;;2398.7231;Fonds zur Finanzierung von Massnahmen im Interesse des Natur- und Heimatschutzes;3632.17;Beiträge an Gemeinden und Gemeindezweckverbände Naturschutz;1609.65;100000.0;;-98390.35;-98.39;Vakanz in der Ressortleitung und;277
23;Baudepartement;2398;;2398.7231;Fonds zur Finanzierung von Massnahmen im Interesse des Natur- und Heimatschutzes;3635.12;Beiträge an private Unternehmungen Denkmalpflege und Heimatschutz;131036.0;20000.0;30248.0;111036.0;555.18;Es konnten mehr Projekte;278
23;Baudepartement;2398;;2398.7231;Fonds zur Finanzierung von Massnahmen im Interesse des Natur- und Heimatschutzes;3635.13;Beiträge an private Unternehmungen Naturschutz;3157.5;90000.0;;-86842.5;-96.49;Vakanz in der Ressortleitung und;278
23;Baudepartement;2398;;2398.7231;Fonds zur Finanzierung von Massnahmen im Interesse des Natur- und Heimatschutzes;3636.03;Beiträge an private Organisationen ohne Erwerbszweck Denkmalpflege und Heimatschutz;196732.0;10000.0;61143.0;186732.0;1867.32;Es konnten mehr Projekte;278
23;Baudepartement;2398;;2398.7231;Fonds zur Finanzierung von Massnahmen im Interesse des Natur- und Heimatschutzes;3636.05;Beiträge an private Organisationen ohne Erwerbszweck Naturschutz;28678.93;11000.0;;17678.93;160.72;Mehr Aufträge an private;278
23;Baudepartement;2398;;2398.7231;Fonds zur Finanzierung von Massnahmen im Interesse des Natur- und Heimatschutzes;3637.04;Beiträge an Private Haushalte Denkmalpflege und Heimatschutz;222951.0;190000.0;293450.0;32951.0;17.34;Es konnten mehr Projekte;278
23;Baudepartement;2398;;2398.7231;Fonds zur Finanzierung von Massnahmen im Interesse des Natur- und Heimatschutzes;3637.05;Beiträge an Private Haushalte Naturschutz;;150000.0;;-150000.0;-100.0;Vakanz in der Ressortleitung und;278
23;Baudepartement;2398;;2398.7231;Fonds zur Finanzierung von Massnahmen im Interesse des Natur- und Heimatschutzes;3910.00;IV Dienstleistungen;1725.0;2700.0;2008.0;-975.0;-36.11;;278
23;Baudepartement;2398;;2398.7231;Fonds zur Finanzierung von Massnahmen im Interesse des Natur- und Heimatschutzes;3980.00;Übertragungen;64793.8;65000.0;340804.18;-206.2;-0.32;;278
23;Baudepartement;2398;;2398.7231;Fonds zur Finanzierung von Massnahmen im Interesse des Natur- und Heimatschutzes;4940.00;IV Kalk. Zinsen und Finanzaufwand;;-3500.0;-975.98;3500.0;-100.0;;278
23;Baudepartement;2398;;2398.7231;Fonds zur Finanzierung von Massnahmen im Interesse des Natur- und Heimatschutzes;4980.00;Übertragungen;-800000.0;-800000.0;-2800000.0;;;;278
23;Baudepartement;2398;;2398.7231;Fonds zur Finanzierung von Massnahmen im Interesse des Natur- und Heimatschutzes;9010.00;Abschluss Spezialfinanzierungen und Fonds des Eigenkapitals, Ertragsüberschuss;27451.12;;2007231.8;27451.12;;;278
23;Baudepartement;2398;;2398.7231;Fonds zur Finanzierung von Massnahmen im Interesse des Natur- und Heimatschutzes;9011.00;Abschluss Spezialfinanzierungen und Fonds des Eigenkapitals, Aufwandüberschuss;;-45200.0;;45200.0;-100.0;;278
23;Baudepartement;2398;;2398.7236;Klimafonds (Bereich Energie/Klimaschutz);3130.41;Dienstleistungen Dritter (BD-ÖV);142542.44;230000.0;;-87457.56;-38.03;Es konnten nicht alle geplanten;278
23;Baudepartement;2398;;2398.7236;Klimafonds (Bereich Energie/Klimaschutz);3632.40;Beiträge an innerkantonale Gemeinden und Gemeindezweckverbände (BD-EF);87119.99;;87119.99;;;Aus praktischen Gründen erfolgt die;279
23;Baudepartement;2398;;2398.7236;Klimafonds (Bereich Energie/Klimaschutz);3634.41;Beiträge an öffentliche Unternehmungen (BD-EF);89481.4;;89481.4;;;;279
23;Baudepartement;2398;;2398.7236;Klimafonds (Bereich Energie/Klimaschutz);3635.40;Beiträge an private Unternehmungen (BD-EF);1668566.2;;1668566.2;;;Aus praktischen Gründen erfolgt die;279
23;Baudepartement;2398;;2398.7236;Klimafonds (Bereich Energie/Klimaschutz);3636.40;Beiträge an private Organisationen ohne Erwerbszweck (BD-EF);124649.94;;124649.94;;;Aus praktischen Gründen erfolgt die;279
23;Baudepartement;2398;;2398.7236;Klimafonds (Bereich Energie/Klimaschutz);3637.40;Beiträge an Private Haushalte (BD-EF);2129522.11;3700000.0;-1570477.89;-42.45;;Aus praktischen Gründen erfolgt die;279
23;Baudepartement;2398;;2398.7236;Klimafonds (Bereich Energie/Klimaschutz);3660.70;Planmässige Abschreibungen Invest.beiträge an private Haushalte;;40000.0;-40000.0;-100.0;;Da Förderbeiträge nur über die;279
23;Baudepartement;2398;;2398.7236;Klimafonds (Bereich Energie/Klimaschutz);3702.40;Durchlaufende Beiträge an innerkantonale Gemeinden und Gemeindezweckverbände (BD-EF);316868.07;;316868.07;;;Aus praktischen Gründen erfolgt die;279
23;Baudepartement;2398;;2398.7236;Klimafonds (Bereich Energie/Klimaschutz);3704.40;Durchlaufende Beiträge an öffentliche Unternehmungen (BD-EF);90984.6;;90984.6;;;Aus praktischen Gründen erfolgt die;279
23;Baudepartement;2398;;2398.7236;Klimafonds (Bereich Energie/Klimaschutz);3705.40;Durchlaufende Beiträge an private Unternehmungen (BD-EF);2526247.8;;2526247.8;;;Aus praktischen Gründen erfolgt die;279
23;Baudepartement;2398;;2398.7236;Klimafonds (Bereich Energie/Klimaschutz);3706.40;Durchlaufende Beiträge an private Organisationen ohne Erwerbszweck (BD-EF);190289.06;;;190289.06;;Aus praktischen Gründen erfolgt die;280
23;Baudepartement;2398;;2398.7236;Klimafonds (Bereich Energie/Klimaschutz);3707.40;Durchlaufende Beiträge an Private Haushalte (BD-EF);2718231.59;5300000.0;;-2581768.41;-48.71;Aus praktischen Gründen erfolgt die;280
23;Baudepartement;2398;;2398.7236;Klimafonds (Bereich Energie/Klimaschutz);3980.00;Übertragungen;;;3539636.7;;;;280
23;Baudepartement;2398;;2398.7236;Klimafonds (Bereich Energie/Klimaschutz);4632.40;Laufende Betriebsbeiträge von innerkantonalen Gemeinden und Gemeindezweckverbände (BD-EF);-320884.05;;;-320884.05;;Aus praktischen Gründen erfolgt die;280
23;Baudepartement;2398;;2398.7236;Klimafonds (Bereich Energie/Klimaschutz);4700.40;Durchlaufende Beiträge (BD-EF);-5842621.12;-5300000.0;;-542621.12;10.24;Wie hoch die Auszahlung von;280
23;Baudepartement;2398;;2398.7236;Klimafonds (Bereich Energie/Klimaschutz);4940.00;IV Kalk. Zinsen und Finanzaufwand;;-37200.0;-12407.3;37200.0;-100.0;Die Verzinsung des Kapitals kann;280
23;Baudepartement;2398;;2398.7236;Klimafonds (Bereich Energie/Klimaschutz);4980.00;Übertragungen;-1000000.0;-1000000.0;;;;;280
23;Baudepartement;2398;;2398.7236;Klimafonds (Bereich Energie/Klimaschutz);9011.00;Abschluss Spezialfinanzierungen und Fonds des Eigenkapitals, Aufwandüberschuss;-2920998.03;-2932800.0;-3527229.4;11801.97;-0.4;Die Differenz ergibt sich aus den;280
23;Baudepartement;2398;;2398.7237;Klimafonds (Bereich Klimaanpassung);3090.46;Aus- und Weiterbildung des eigenen Personals (BD- Forst);;4000.0;;-4000.0;-100.0;;280
23;Baudepartement;2398;;2398.7237;Klimafonds (Bereich Klimaanpassung);3101.46;Betriebs- und Verbrauchsmaterial (BD-Forst);11823.13;;;11823.13;;Dies wurde auf dem Konto;280
23;Baudepartement;2398;;2398.7237;Klimafonds (Bereich Klimaanpassung);3130.42;Dienstleistungen Dritter (DI-Fischerei);8236.8;20000.0;;-11763.2;-58.82;Die Umsetzung des Notfallkonzepts;280
23;Baudepartement;2398;;2398.7237;Klimafonds (Bereich Klimaanpassung);3130.43;Dienstleistungen Dritter (BD-Raumplanung);31799.1;55000.0;;-23200.9;-42.18;Auftrag «Klimaanpassung im;281
23;Baudepartement;2398;;2398.7237;Klimafonds (Bereich Klimaanpassung);3130.44;Dienstleistungen Dritter (BD-Naturschutz);34239.5;50000.0;;-15760.5;-31.52;Weniger Ausgaben aufgrund;281
23;Baudepartement;2398;;2398.7237;Klimafonds (Bereich Klimaanpassung);3130.46;Dienstleistungen Dritter (BD-Forst);4500.7;;;4500.7;;;281
23;Baudepartement;2398;;2398.7237;Klimafonds (Bereich Klimaanpassung);3131.45;Planungen und Projektierungen Dritter (BD-Wasserbau);3687.65;75000.0;;-71312.35;-95.08;Für das Brauchwasserkonzept Kt SH;281
23;Baudepartement;2398;;2398.7237;Klimafonds (Bereich Klimaanpassung);3142.45;Unterhalt Wasserbau (BD-Wasserbau);126562.78;177500.0;;-50937.22;-28.7;Verzögerung Aufträge bei der;281
23;Baudepartement;2398;;2398.7237;Klimafonds (Bereich Klimaanpassung);3611.05;Entschädigung an Interkantonales Labor;350805.44;520000.0;257613.01;-169194.56;-32.54;Einzelne Projekte verzögerten sich;281
23;Baudepartement;2398;;2398.7237;Klimafonds (Bereich Klimaanpassung);3631.46;Beiträge an Kantone und Konkordate (BD-Forst);37.4;20000.0;;-19962.6;-99.81;Dies wurde direkt auf das Konto;281
23;Baudepartement;2398;;2398.7237;Klimafonds (Bereich Klimaanpassung);3632.46;Beiträge an innerkantonale Gemeinden und Gemeindezweckverbände (BD-Forst);49812.9;96000.0;;-46187.1;-48.11;Es wurden weniger Beiträge;281
23;Baudepartement;2398;;2398.7237;Klimafonds (Bereich Klimaanpassung);3636.46;Beiträge an private Organisationen ohne Erwerbszweck (BD-Forst);;2000.0;;-2000.0;-100.0;;281
23;Baudepartement;2398;;2398.7237;Klimafonds (Bereich Klimaanpassung);3637.46;Beiträge an Private Haushalte (BD-Forst);3776.5;2000.0;;1776.5;88.83;;281
23;Baudepartement;2398;;2398.7237;Klimafonds (Bereich Klimaanpassung);3910.00;IV Dienstleistungen;59927.05;;;59927.05;;;281
23;Baudepartement;2398;;2398.7237;Klimafonds (Bereich Klimaanpassung);3980.00;Übertragungen;;;417235.74;;;;281
23;Baudepartement;2398;;2398.7237;Klimafonds (Bereich Klimaanpassung);4940.00;IV Kalk. Zinsen und Finanzaufwand;;-13600.0;-4548.96;13600.0;-100.0;;281
23;Baudepartement;2398;;2398.7237;Klimafonds (Bereich Klimaanpassung);9011.00;Abschluss Spezialfinanzierungen und Fonds des Eigenkapitals, Aufwandüberschuss;-685208.95;-1007900.0;-670299.79;322691.05;-32.02;;282
23;Baudepartement;2398;;2398.7238;Mehrwertausgleichsfonds;3132.00;Honorare externe Berater, Gutachter, Fachexperten etc.;;2000.0;1503.15;-2000.0;-100.0;;282
23;Baudepartement;2398;;2398.7238;Mehrwertausgleichsfonds;3940.00;IV kalk. Zinsen und Finanzaufwand;;300.0;272.04;-300.0;-100.0;;282
23;Baudepartement;2398;;2398.7238;Mehrwertausgleichsfonds;9011.00;Abschluss Spezialfinanzierungen und Fonds des Eigenkapitals, Aufwandüberschuss;;-2300.0;-1775.19;2300.0;-100.0;;282
23;Baudepartement;2398;;2398.7239;Kantonaler Strassenfonds;3632.10;Beiträge an innerkantonale Gemeinden und Gemeindezweckverbände;1891536.21;471600.0;2590438.72;1419936.21;301.09;;282
23;Baudepartement;2398;;2398.7239;Kantonaler Strassenfonds;3930.00;IV Betriebs- und Verwaltungskosten;780000.0;780000.0;780000.0;;;;282
23;Baudepartement;2398;;2398.7239;Kantonaler Strassenfonds;3980.00;Übertragungen;11289124.39;12290300.0;10469720.04;-1001175.61;-8.15;;282
23;Baudepartement;2398;;2398.7239;Kantonaler Strassenfonds;4940.00;IV Kalk. Zinsen und Finanzaufwand;;-45000.0;-15563.63;45000.0;-100.0;;282
23;Baudepartement;2398;;2398.7239;Kantonaler Strassenfonds;4980.00;Übertragungen;-13960660.6;-13496900.0;-13824595.13;-463760.6;3.44;;282
24;Volkswirtschaftsdepartement;2400;Sekretariat;;;3010.00;Löhne des Verwaltungs- und Betriebspersonals;307206.85;282100.0;293050.0;25106.85;8.9;Inkl. Auszahlung und Rückstellung für;283
24;Volkswirtschaftsdepartement;2400;Sekretariat;;;3050.00;AG-Beiträge AHV, IV, EO, ALV, Verwaltungskosten;17359.25;18300.0;18413.75;-940.75;-5.14;;283
24;Volkswirtschaftsdepartement;2400;Sekretariat;;;3052.00;AG-Beiträge an Pensionskassen;27393.8;37700.0;68198.0;-10306.2;-27.34;;283
24;Volkswirtschaftsdepartement;2400;Sekretariat;;;3053.00;AG-Beiträge an Unfallversicherungen;403.65;1500.0;1271.05;-1096.35;-73.09;;283
24;Volkswirtschaftsdepartement;2400;Sekretariat;;;3054.00;AG-Beiträge an Familienzulagekassen;3993.5;3700.0;3809.15;293.5;7.93;;283
24;Volkswirtschaftsdepartement;2400;Sekretariat;;;3059.10;AG-Beiträge Sozialfonds;58.55;200.0;188.15;-141.45;-70.73;;283
24;Volkswirtschaftsdepartement;2400;Sekretariat;;;3090.00;Aus- und Weiterbildung des eigenen Personals;;1700.0;270.25;-1700.0;-100.0;;283
24;Volkswirtschaftsdepartement;2400;Sekretariat;;;3099.00;Übriger Personalaufwand;1300.0;2000.0;1582.75;-700.0;-35.0;;283
24;Volkswirtschaftsdepartement;2400;Sekretariat;;;3100.00;Büromaterial;1256.65;3000.0;1817.5;-1743.35;-58.11;;283
24;Volkswirtschaftsdepartement;2400;Sekretariat;;;3103.00;Fachliteratur, Zeitschriften;1288.0;3000.0;1620.0;-1712.0;-57.07;;283
24;Volkswirtschaftsdepartement;2400;Sekretariat;;;3113.00;Hardware;371.3;2000.0;1000.0;-1628.7;-81.44;;283
24;Volkswirtschaftsdepartement;2400;Sekretariat;;;3130.00;Dienstleistungen Dritter;19173.41;32100.0;39976.8;-12926.59;-40.27;Es waren weniger externe Aufträge;283
24;Volkswirtschaftsdepartement;2400;Sekretariat;;;3133.00;Informatik-Nutzungsaufwand;16553.8;17400.0;14581.8;-846.2;-4.86;;283
24;Volkswirtschaftsdepartement;2400;Sekretariat;;;3161.00;Mieten, Benützungskosten Anlagen;1345.87;4200.0;2950.2;-2854.13;-67.96;;283
24;Volkswirtschaftsdepartement;2400;Sekretariat;;;3170.00;Reisekosten und Spesen;1385.8;4000.0;2184.1;-2614.2;-65.36;;283
24;Volkswirtschaftsdepartement;2400;Sekretariat;;;3199.00;Übriger Betriebsaufwand;7475.25;4000.0;4012.74;3475.25;86.88;;283
24;Volkswirtschaftsdepartement;2400;Sekretariat;;;3611.00;Entschädigungen an Kantone und Konkordate;3460.0;7000.0;;-3540.0;-50.57;;283
24;Volkswirtschaftsdepartement;2400;Sekretariat;;;3631.00;Beiträge an Kantone und Konkordate;27243.8;25000.0;21821.1;2243.8;8.98;;283
24;Volkswirtschaftsdepartement;2400;Sekretariat;;;4039.10;Kurtaxe;-1395.0;;;-1395.0;;;283
24;Volkswirtschaftsdepartement;2402;Datenschutz;;;3010.00;Löhne des Verwaltungs- und Betriebspersonals;171803.2;162200.0;115035.25;9603.2;5.92;;283
24;Volkswirtschaftsdepartement;2402;Datenschutz;;;3050.00;AG-Beiträge AHV, IV, EO, ALV, Verwaltungskosten;11170.45;10500.0;7479.55;670.45;6.39;;283
24;Volkswirtschaftsdepartement;2402;Datenschutz;;;3052.00;AG-Beiträge an Pensionskassen;25983.6;21700.0;23710.3;4283.6;19.74;;283
24;Volkswirtschaftsdepartement;2402;Datenschutz;;;3053.00;AG-Beiträge an Unfallversicherungen;386.3;900.0;253.25;-513.7;-57.08;;283
24;Volkswirtschaftsdepartement;2402;Datenschutz;;;3054.00;AG-Beiträge an Familienzulagekassen;2233.55;2100.0;1495.4;133.55;6.36;;283
24;Volkswirtschaftsdepartement;2402;Datenschutz;;;3059.10;AG-Beiträge Sozialfonds;137.55;100.0;91.95;37.55;37.55;;283
24;Volkswirtschaftsdepartement;2402;Datenschutz;;;3090.00;Aus- und Weiterbildung des eigenen Personals;700.0;2000.0;;-1300.0;-65.0;;283
24;Volkswirtschaftsdepartement;2402;Datenschutz;;;3100.00;Büromaterial;383.1;600.0;938.88;-216.9;-36.15;;284
24;Volkswirtschaftsdepartement;2402;Datenschutz;;;3103.00;Fachliteratur, Zeitschriften;;500.0;;-500.0;-100.0;;284
24;Volkswirtschaftsdepartement;2402;Datenschutz;;;3130.00;Dienstleistungen Dritter;3471.0;2400.0;2426.0;1071.0;44.63;;284
24;Volkswirtschaftsdepartement;2402;Datenschutz;;;3132.00;Honorare externe Berater, Gutachter, Fachexperten etc.;24320.0;20000.0;23247.3;4320.0;21.6;;284
24;Volkswirtschaftsdepartement;2402;Datenschutz;;;3133.00;Informatik-Nutzungsaufwand;73.2;400.0;72.0;-326.8;-81.7;;284
24;Volkswirtschaftsdepartement;2402;Datenschutz;;;3161.00;Mieten, Benützungskosten Anlagen;418.83;;;418.83;;;284
24;Volkswirtschaftsdepartement;2402;Datenschutz;;;3170.00;Reisekosten und Spesen;298.8;2000.0;410.6;-1701.2;-85.06;;284
24;Volkswirtschaftsdepartement;2403;Wirtschaftsamt;;;3000.10;Sitzungsgelder Kommissionen;2400.0;3000.0;2800.0;-600.0;-20.0;;284
24;Volkswirtschaftsdepartement;2403;Wirtschaftsamt;;;3010.00;Löhne des Verwaltungs- und Betriebspersonals;329979.3;328000.0;290130.55;1979.3;0.6;;284
24;Volkswirtschaftsdepartement;2403;Wirtschaftsamt;;;3050.00;AG-Beiträge AHV, IV, EO, ALV, Verwaltungskosten;21620.3;21500.0;19028.4;120.3;0.56;;284
24;Volkswirtschaftsdepartement;2403;Wirtschaftsamt;;;3052.00;AG-Beiträge an Pensionskassen;43196.0;43800.0;42702.6;-604.0;-1.38;;284
24;Volkswirtschaftsdepartement;2403;Wirtschaftsamt;;;3053.00;AG-Beiträge an Unfallversicherungen;1796.25;1700.0;1562.75;96.25;5.66;;284
24;Volkswirtschaftsdepartement;2403;Wirtschaftsamt;;;3054.00;AG-Beiträge an Familienzulagekassen;4327.85;4300.0;3808.45;27.85;0.65;;284
24;Volkswirtschaftsdepartement;2403;Wirtschaftsamt;;;3059.10;AG-Beiträge Sozialfonds;265.0;300.0;233.8;-35.0;-11.67;;284
24;Volkswirtschaftsdepartement;2403;Wirtschaftsamt;;;3090.00;Aus- und Weiterbildung des eigenen Personals;2420.0;2700.0;1900.0;-280.0;-10.37;;284
24;Volkswirtschaftsdepartement;2403;Wirtschaftsamt;;;3099.00;Übriger Personalaufwand;;2400.0;;-2400.0;-100.0;;284
24;Volkswirtschaftsdepartement;2403;Wirtschaftsamt;;;3100.00;Büromaterial;;1500.0;;-1500.0;-100.0;;284
24;Volkswirtschaftsdepartement;2403;Wirtschaftsamt;;;3103.00;Fachliteratur, Zeitschriften;;1500.0;;-1500.0;-100.0;;284
24;Volkswirtschaftsdepartement;2403;Wirtschaftsamt;;;3113.00;Hardware;;2000.0;;-2000.0;-100.0;;284
24;Volkswirtschaftsdepartement;2403;Wirtschaftsamt;;;3118.00;Immaterielle Anlagen;;;9500.0;;;;284
24;Volkswirtschaftsdepartement;2403;Wirtschaftsamt;;;3130.00;Dienstleistungen Dritter;132567.75;187000.0;42849.67;-54432.25;-29.11;Aufgrund des nach wie vor;284
24;Volkswirtschaftsdepartement;2403;Wirtschaftsamt;;;3133.00;Informatik-Nutzungsaufwand;37309.3;73700.0;33281.25;-36390.7;-49.38;Die Zuständigkeit für Open;284
24;Volkswirtschaftsdepartement;2403;Wirtschaftsamt;;;3161.00;Mieten, Benützungskosten Anlagen;;2100.0;1377.0;-2100.0;-100.0;;284
24;Volkswirtschaftsdepartement;2403;Wirtschaftsamt;;;3170.00;Reisekosten und Spesen;653.3;1500.0;499.3;-846.7;-56.45;;285
24;Volkswirtschaftsdepartement;2403;Wirtschaftsamt;;;3199.00;Übriger Betriebsaufwand;6525.85;1200.0;86.5;5325.85;443.82;;285
24;Volkswirtschaftsdepartement;2403;Wirtschaftsamt;;;3604.10;Weiterleitung Kurtaxe an SHLT;358707.5;365000.0;385315.0;-6292.5;-1.72;;285
24;Volkswirtschaftsdepartement;2403;Wirtschaftsamt;;;3631.00;Beiträge an Kantone und Konkordate;500.0;3000.0;500.0;-2500.0;-83.33;;285
24;Volkswirtschaftsdepartement;2403;Wirtschaftsamt;;;3634.00;Beiträge an öffentliche Unternehmungen;1945.8;2000.0;1945.8;-54.2;-2.71;;285
24;Volkswirtschaftsdepartement;2403;Wirtschaftsamt;;;3635.00;Beiträge an private Unternehmungen;740776.1;;47439.7;740776.1;;Weiterleitung einer im Vorjahr;285
24;Volkswirtschaftsdepartement;2403;Wirtschaftsamt;;;3636.00;Beiträge an private Organisationen ohne Erwerbszweck;320757.5;325000.0;315917.5;-4242.5;-1.31;;285
24;Volkswirtschaftsdepartement;2403;Wirtschaftsamt;;;3636.02;Staatsbeitrag an Tourismusförderung;250000.0;250000.0;250000.0;;;;285
24;Volkswirtschaftsdepartement;2403;Wirtschaftsamt;;;3706.00;Durchlaufende Beiträge an private Organisationen ohne Erwerbszweck;287164.0;295000.0;282154.0;-7836.0;-2.66;;285
24;Volkswirtschaftsdepartement;2403;Wirtschaftsamt;;;4039.10;Kurtaxe;-358707.5;-365000.0;-390417.5;6292.5;-1.72;;285
24;Volkswirtschaftsdepartement;2403;Wirtschaftsamt;;;4260.00;Rückerstattungen und Kostenbeteiligungen Dritter;;;-739131.05;;;;285
24;Volkswirtschaftsdepartement;2403;Wirtschaftsamt;;;4702.10;Durchlaufende Beiträge von innerkantonalen Gemeinden und Gemeindezweckverbänden;-287164.0;-295000.0;-282154.0;7836.0;-2.66;;285
24;Volkswirtschaftsdepartement;2403;Wirtschaftsamt;;;4894.00;Entnahme aus FIPOL;;;-50000000.0;;;;285
24;Volkswirtschaftsdepartement;2405;Wirtschaftsförderung;;;3130.00;Dienstleistungen Dritter;3098094.94;3130000.0;3067012.93;-31905.06;-1.02;Es handelt sich um die Leistungen an;285
24;Volkswirtschaftsdepartement;2405;Wirtschaftsförderung;;;3181.00;Tatsächliche Forderungsverluste;150000.0;;;150000.0;;Abschreibung eines Darlehens infolge;285
24;Volkswirtschaftsdepartement;2405;Wirtschaftsförderung;;;3635.00;Beiträge an private Unternehmungen;346800.0;1711500.0;289300.0;-1364700.0;-79.74;Einzelbetriebliche Förderbeiträge an;285
24;Volkswirtschaftsdepartement;2405;Wirtschaftsförderung;;;3660.50;Planmässige Abschreibungen Invest.beiträge an private Unternehmungen;503970.0;732000.0;613970.0;-228030.0;-31.15;Es wurden geringere;285
24;Volkswirtschaftsdepartement;2405;Wirtschaftsförderung;;;4260.00;Rückerstattungen und Kostenbeteiligungen Dritter;-522823.5;;-393526.85;-522823.5;;Leistungen einer Konventionalstrafe;285
24;Volkswirtschaftsdepartement;2408;Handelsregisteramt;;;3010.00;Löhne des Verwaltungs- und Betriebspersonals;544936.0;541600.0;569261.5;3336.0;0.62;;286
24;Volkswirtschaftsdepartement;2408;Handelsregisteramt;;;3050.00;AG-Beiträge AHV, IV, EO, ALV, Verwaltungskosten;35210.1;35200.0;36501.15;10.1;0.03;;286
24;Volkswirtschaftsdepartement;2408;Handelsregisteramt;;;3052.00;AG-Beiträge an Pensionskassen;73841.8;72300.0;91849.55;1541.8;2.13;;286
24;Volkswirtschaftsdepartement;2408;Handelsregisteramt;;;3053.00;AG-Beiträge an Unfallversicherungen;2847.25;3000.0;2846.95;-152.75;-5.09;;286
24;Volkswirtschaftsdepartement;2408;Handelsregisteramt;;;3054.00;AG-Beiträge an Familienzulagekassen;7084.15;7000.0;7400.35;84.15;1.2;;286
24;Volkswirtschaftsdepartement;2408;Handelsregisteramt;;;3059.10;AG-Beiträge Sozialfonds;420.6;400.0;419.4;20.6;5.15;;286
24;Volkswirtschaftsdepartement;2408;Handelsregisteramt;;;3090.00;Aus- und Weiterbildung des eigenen Personals;1985.9;4700.0;3368.0;-2714.1;-57.75;;286
24;Volkswirtschaftsdepartement;2408;Handelsregisteramt;;;3099.00;Übriger Personalaufwand;980.0;1700.0;1080.0;-720.0;-42.35;;286
24;Volkswirtschaftsdepartement;2408;Handelsregisteramt;;;3100.00;Büromaterial;2396.95;6000.0;1359.45;-3603.05;-60.05;;286
24;Volkswirtschaftsdepartement;2408;Handelsregisteramt;;;3102.00;Drucksachen, Publikationen;900.0;2000.0;975.0;-1100.0;-55.0;;286
24;Volkswirtschaftsdepartement;2408;Handelsregisteramt;;;3103.00;Fachliteratur, Zeitschriften;1953.55;2000.0;1365.75;-46.45;-2.32;;286
24;Volkswirtschaftsdepartement;2408;Handelsregisteramt;;;3113.00;Hardware;65.0;1500.0;369.7;-1435.0;-95.67;;286
24;Volkswirtschaftsdepartement;2408;Handelsregisteramt;;;3118.00;Immaterielle Anlagen;1081.0;10000.0;;-8919.0;-89.19;;286
24;Volkswirtschaftsdepartement;2408;Handelsregisteramt;;;3130.00;Dienstleistungen Dritter;695.8;2000.0;1700.75;-1304.2;-65.21;;286
24;Volkswirtschaftsdepartement;2408;Handelsregisteramt;;;3133.00;Informatik-Nutzungsaufwand;69218.1;127300.0;53261.3;-58081.9;-45.63;Vorgesehene IT-Projekte (Online-;286
24;Volkswirtschaftsdepartement;2408;Handelsregisteramt;;;3137.00;Steuern und Abgaben;16338.81;22000.0;14319.59;-5661.19;-25.73;;286
24;Volkswirtschaftsdepartement;2408;Handelsregisteramt;;;3153.00;Informatik-Unterhalt (Hardware);;2000.0;;-2000.0;-100.0;;286
24;Volkswirtschaftsdepartement;2408;Handelsregisteramt;;;3158.00;Unterhalt immaterielle Anlagen;;7000.0;;-7000.0;-100.0;;286
24;Volkswirtschaftsdepartement;2408;Handelsregisteramt;;;3161.00;Mieten, Benützungskosten Anlagen;;2000.0;3551.5;-2000.0;-100.0;;286
24;Volkswirtschaftsdepartement;2408;Handelsregisteramt;;;3170.00;Reisekosten und Spesen;1300.95;1600.0;969.0;-299.05;-18.69;;286
24;Volkswirtschaftsdepartement;2408;Handelsregisteramt;;;3181.00;Tatsächliche Forderungsverluste;330.0;1500.0;496.15;-1170.0;-78.0;;286
24;Volkswirtschaftsdepartement;2408;Handelsregisteramt;;;3199.00;Übriger Betriebsaufwand;;1000.0;;-1000.0;-100.0;;286
24;Volkswirtschaftsdepartement;2408;Handelsregisteramt;;;3600.00;Ertragsanteile an Bund;35935.0;40000.0;33140.0;-4065.0;-10.16;;286
24;Volkswirtschaftsdepartement;2408;Handelsregisteramt;;;4210.00;Gebühren für Amtshandlungen;-716309.95;-660000.0;-658947.68;-56309.95;8.53;Die Anzahl der Eintragungsgeschäfte;286
24;Volkswirtschaftsdepartement;2408;Handelsregisteramt;;;4910.00;IV Dienstleistungen;;;-130.0;;;;286
24;Volkswirtschaftsdepartement;2410;Grundbuchamt;;;3010.00;Löhne des Verwaltungs- und Betriebspersonals;1837949.85;1890100.0;1826116.0;-52150.15;-2.76;Eine offene Sachbearbeiterstelle;287
24;Volkswirtschaftsdepartement;2410;Grundbuchamt;;;3010.95;Rückerstattungen Taggelder UV, EO, MSE, MV, IV für Verwaltungs- und Betriebspersonal;-8538.6;;-37788.25;-8538.6;;;287
24;Volkswirtschaftsdepartement;2410;Grundbuchamt;;;3050.00;AG-Beiträge AHV, IV, EO, ALV, Verwaltungskosten;117718.2;122900.0;115514.65;-5181.8;-4.22;;287
24;Volkswirtschaftsdepartement;2410;Grundbuchamt;;;3052.00;AG-Beiträge an Pensionskassen;233321.75;252300.0;234468.4;-18978.25;-7.52;;287
24;Volkswirtschaftsdepartement;2410;Grundbuchamt;;;3053.00;AG-Beiträge an Unfallversicherungen;9741.65;10200.0;9506.9;-458.35;-4.49;;287
24;Volkswirtschaftsdepartement;2410;Grundbuchamt;;;3054.00;AG-Beiträge an Familienzulagekassen;23670.4;24500.0;23291.2;-829.6;-3.39;;287
24;Volkswirtschaftsdepartement;2410;Grundbuchamt;;;3059.10;AG-Beiträge Sozialfonds;1410.45;1500.0;1363.0;-89.55;-5.97;;287
24;Volkswirtschaftsdepartement;2410;Grundbuchamt;;;3090.00;Aus- und Weiterbildung des eigenen Personals;10602.65;15800.0;5200.0;-5197.35;-32.89;;287
24;Volkswirtschaftsdepartement;2410;Grundbuchamt;;;3091.00;Personalwerbung;;5000.0;;-5000.0;-100.0;;287
24;Volkswirtschaftsdepartement;2410;Grundbuchamt;;;3099.00;Übriger Personalaufwand;4630.5;4500.0;4445.1;130.5;2.9;;287
24;Volkswirtschaftsdepartement;2410;Grundbuchamt;;;3100.00;Büromaterial;10049.93;12000.0;9810.48;-1950.07;-16.25;;287
24;Volkswirtschaftsdepartement;2410;Grundbuchamt;;;3103.00;Fachliteratur, Zeitschriften;3053.35;4000.0;3896.4;-946.65;-23.67;;287
24;Volkswirtschaftsdepartement;2410;Grundbuchamt;;;3110.00;Büromöbel und -geräte;;500.0;91.9;-500.0;-100.0;;287
24;Volkswirtschaftsdepartement;2410;Grundbuchamt;;;3113.00;Hardware;200.0;1000.0;1097.55;-800.0;-80.0;;287
24;Volkswirtschaftsdepartement;2410;Grundbuchamt;;;3130.00;Dienstleistungen Dritter;743.19;;43656.56;743.19;;;287
24;Volkswirtschaftsdepartement;2410;Grundbuchamt;;;3133.00;Informatik-Nutzungsaufwand;290425.86;332400.0;290463.5;-41974.14;-12.63;ITSH musste infolge stabilen Betriebs;287
24;Volkswirtschaftsdepartement;2410;Grundbuchamt;;;3137.00;Steuern und Abgaben;141609.91;122000.0;137957.15;19609.91;16.07;Höhere Mehrwertsteuerablieferung an;287
24;Volkswirtschaftsdepartement;2410;Grundbuchamt;;;3158.00;Unterhalt immaterielle Anlagen;22489.65;110000.0;80930.1;-87510.35;-79.55;Wegen Verzögerungen bei EDV-;287
24;Volkswirtschaftsdepartement;2410;Grundbuchamt;;;3161.00;Mieten, Benützungskosten Anlagen;;;12195.1;;;;287
24;Volkswirtschaftsdepartement;2410;Grundbuchamt;;;3170.00;Reisekosten und Spesen;474.85;4000.0;1976.35;-3525.15;-88.13;;287
24;Volkswirtschaftsdepartement;2410;Grundbuchamt;;;3181.00;Tatsächliche Forderungsverluste;46.0;10000.0;3042.2;-9954.0;-99.54;;288
24;Volkswirtschaftsdepartement;2410;Grundbuchamt;;;3499.00;Übriger Finanzaufwand;134.97;;;134.97;;;288
24;Volkswirtschaftsdepartement;2410;Grundbuchamt;;;3610.00;Entschädigungen an Bund;360.0;400.0;360.0;-40.0;-10.0;;288
24;Volkswirtschaftsdepartement;2410;Grundbuchamt;;;3910.00;IV Dienstleistungen;632.85;;;632.85;;;288
24;Volkswirtschaftsdepartement;2410;Grundbuchamt;;;4210.00;Gebühren für Amtshandlungen;-10025046.27;-10000000.0;-11016986.78;-25046.27;0.25;;288
24;Volkswirtschaftsdepartement;2410;Grundbuchamt;;;4290.00;Übrige Entgelte;;;-40.0;;;;288
24;Volkswirtschaftsdepartement;2410;Grundbuchamt;;;4910.00;IV Dienstleistungen;-10875.2;-2700.0;-13713.5;-8175.2;302.79;;288
24;Volkswirtschaftsdepartement;2412;Amt für Geoinformation;;;3010.00;Löhne des Verwaltungs- und Betriebspersonals;1595073.9;1889700.0;1665027.85;-294626.1;-15.59;Per Ende 2025 sind zwei;288
24;Volkswirtschaftsdepartement;2412;Amt für Geoinformation;;;3010.95;Rückerstattungen Taggelder UV, EO, MSE, MV, IV für Verwaltungs- und Betriebspersonal;-21969.45;;-14264.35;-21969.45;;;288
24;Volkswirtschaftsdepartement;2412;Amt für Geoinformation;;;3050.00;AG-Beiträge AHV, IV, EO, ALV, Verwaltungskosten;102415.45;122800.0;107514.3;-20384.55;-16.6;;288
24;Volkswirtschaftsdepartement;2412;Amt für Geoinformation;;;3052.00;AG-Beiträge an Pensionskassen;222868.0;252300.0;251088.2;-29432.0;-11.67;;288
24;Volkswirtschaftsdepartement;2412;Amt für Geoinformation;;;3053.00;AG-Beiträge an Unfallversicherungen;10009.8;10200.0;11478.05;-190.2;-1.86;;288
24;Volkswirtschaftsdepartement;2412;Amt für Geoinformation;;;3054.00;AG-Beiträge an Familienzulagekassen;20580.05;24600.0;21599.0;-4019.95;-16.34;;288
24;Volkswirtschaftsdepartement;2412;Amt für Geoinformation;;;3059.10;AG-Beiträge Sozialfonds;1231.4;1500.0;1294.2;-268.6;-17.91;;288
24;Volkswirtschaftsdepartement;2412;Amt für Geoinformation;;;3064.00;Überbrückungsrenten;4536.0;;;4536.0;;;288
24;Volkswirtschaftsdepartement;2412;Amt für Geoinformation;;;3090.00;Aus- und Weiterbildung des eigenen Personals;12572.26;18000.0;11303.72;-5427.74;-30.15;;288
24;Volkswirtschaftsdepartement;2412;Amt für Geoinformation;;;3099.00;Übriger Personalaufwand;1700.0;2400.0;2480.0;-700.0;-29.17;;288
24;Volkswirtschaftsdepartement;2412;Amt für Geoinformation;;;3100.00;Büromaterial;6513.44;7000.0;6408.49;-486.56;-6.95;;288
24;Volkswirtschaftsdepartement;2412;Amt für Geoinformation;;;3101.00;Betriebs- und Verbrauchsmaterial;14420.75;18000.0;12698.65;-3579.25;-19.88;;288
24;Volkswirtschaftsdepartement;2412;Amt für Geoinformation;;;3102.00;Drucksachen, Publikationen;;1300.0;201.95;-1300.0;-100.0;;288
24;Volkswirtschaftsdepartement;2412;Amt für Geoinformation;;;3103.00;Fachliteratur, Zeitschriften;878.25;1000.0;863.4;-121.75;-12.18;;288
24;Volkswirtschaftsdepartement;2412;Amt für Geoinformation;;;3111.00;Maschinen, Geräte und Fahrzeuge;17657.61;17000.0;4268.25;657.61;3.87;;288
24;Volkswirtschaftsdepartement;2412;Amt für Geoinformation;;;3112.00;Kleider, Wäsche, Vorhänge;678.81;2000.0;1682.45;-1321.19;-66.06;;288
24;Volkswirtschaftsdepartement;2412;Amt für Geoinformation;;;3113.00;Hardware;17821.76;15000.0;5132.85;2821.76;18.81;;288
24;Volkswirtschaftsdepartement;2412;Amt für Geoinformation;;;3118.00;Immaterielle Anlagen;;2000.0;;-2000.0;-100.0;;288
24;Volkswirtschaftsdepartement;2412;Amt für Geoinformation;;;3130.00;Dienstleistungen Dritter;44158.8;70000.0;31430.98;-25841.2;-36.92;Aufwand für externe;288
24;Volkswirtschaftsdepartement;2412;Amt für Geoinformation;;;3132.00;Honorare externe Berater, Gutachter, Fachexperten etc.;;1000.0;;-1000.0;-100.0;;288
24;Volkswirtschaftsdepartement;2412;Amt für Geoinformation;;;3133.00;Informatik-Nutzungsaufwand;352486.44;222900.0;185410.4;129586.44;58.14;Änderung der bisherigen Praxis bei;289
24;Volkswirtschaftsdepartement;2412;Amt für Geoinformation;;;3134.00;Sachversicherungsprämien;2273.44;2700.0;2503.45;-426.56;-15.8;;289
24;Volkswirtschaftsdepartement;2412;Amt für Geoinformation;;;3137.00;Steuern und Abgaben;46953.92;52800.0;37082.42;-5846.08;-11.07;;289
24;Volkswirtschaftsdepartement;2412;Amt für Geoinformation;;;3151.00;Unterhalt Maschinen, Geräte, Fahrzeuge;665.4;8000.0;2551.15;-7334.6;-91.68;;289
24;Volkswirtschaftsdepartement;2412;Amt für Geoinformation;;;3153.00;Informatik-Unterhalt (Hardware);240.0;7000.0;889.1;-6760.0;-96.57;;289
24;Volkswirtschaftsdepartement;2412;Amt für Geoinformation;;;3158.00;Unterhalt immaterielle Anlagen;160526.9;386400.0;292146.13;-225873.1;-58.46;Umbuchungen auf Konto;289
24;Volkswirtschaftsdepartement;2412;Amt für Geoinformation;;;3160.00;Mieten und Pachten Liegenschaften;;500.0;400.0;-500.0;-100.0;;289
24;Volkswirtschaftsdepartement;2412;Amt für Geoinformation;;;3161.00;Mieten, Benützungskosten Anlagen;;;5861.35;;;;289
24;Volkswirtschaftsdepartement;2412;Amt für Geoinformation;;;3170.00;Reisekosten und Spesen;24245.25;33000.0;21779.45;-8754.75;-26.53;;289
24;Volkswirtschaftsdepartement;2412;Amt für Geoinformation;;;3181.00;Tatsächliche Forderungsverluste;;1000.0;2805.25;-1000.0;-100.0;;289
24;Volkswirtschaftsdepartement;2412;Amt für Geoinformation;;;3199.00;Übriger Betriebsaufwand;3019.75;4500.0;932.05;-1480.25;-32.89;;289
24;Volkswirtschaftsdepartement;2412;Amt für Geoinformation;;;3300.90;Planmässige Abschreibungen übrige Sachanlagen;300964.0;301000.0;300964.0;-36.0;-0.01;;289
24;Volkswirtschaftsdepartement;2412;Amt für Geoinformation;;;3630.00;Beiträge an den Bund;444.0;300.0;2844.0;144.0;48.0;;289
24;Volkswirtschaftsdepartement;2412;Amt für Geoinformation;;;3631.00;Beiträge an Kantone und Konkordate;14255.45;11000.0;10555.45;3255.45;29.6;;289
24;Volkswirtschaftsdepartement;2412;Amt für Geoinformation;;;3900.00;IV Material- und Warenbezüge;2571.8;5000.0;3714.9;-2428.2;-48.56;;289
24;Volkswirtschaftsdepartement;2412;Amt für Geoinformation;;;3910.00;IV Dienstleistungen;2192.8;5000.0;4055.35;-2807.2;-56.14;;289
24;Volkswirtschaftsdepartement;2412;Amt für Geoinformation;;;4210.00;Gebühren für Amtshandlungen;-61762.9;-70000.0;-49511.25;8237.1;-11.77;;289
24;Volkswirtschaftsdepartement;2412;Amt für Geoinformation;;;4240.00;Benützungsgebühren und Dienstleistungen;-697192.2;-800000.0;-563074.4;102807.8;-12.85;Die Nachführung der amtlichen;289
24;Volkswirtschaftsdepartement;2412;Amt für Geoinformation;;;4250.00;Verkäufe;-20.0;;;-20.0;;;289
24;Volkswirtschaftsdepartement;2412;Amt für Geoinformation;;;4612.10;Entschädigungen von innerkantonalen Gemeinden und Gemeindezweckverbänden;-38105.75;-3000.0;-4191.3;-35105.75;1170.19;GIS-Dienstleistungen für Gemeinden.;289
24;Volkswirtschaftsdepartement;2412;Amt für Geoinformation;;;4630.00;Beiträge vom Bund;-73941.0;-84000.0;-76449.0;10059.0;-11.98;Das Projekt «Erfassung selbständige;290
24;Volkswirtschaftsdepartement;2412;Amt für Geoinformation;;;4910.00;IV Dienstleistungen;-33011.95;-20000.0;-15673.6;-13011.95;65.06;Nachführungsarbeiten der amtlichen;290
24;Volkswirtschaftsdepartement;2414;Amt für Grundstückschätzungen;;;3010.00;Löhne des Verwaltungs- und Betriebspersonals;1415570.95;1270600.0;1398446.75;144970.95;11.41;Das Schätzungsvolumen lag;290
24;Volkswirtschaftsdepartement;2414;Amt für Grundstückschätzungen;;;3050.00;AG-Beiträge AHV, IV, EO, ALV, Verwaltungskosten;85040.0;82600.0;84287.5;2440.0;2.95;;290
24;Volkswirtschaftsdepartement;2414;Amt für Grundstückschätzungen;;;3052.00;AG-Beiträge an Pensionskassen;191775.6;169600.0;197754.85;22175.6;13.08;Vgl. Kommentar Konto 2414.3010.00.;290
24;Volkswirtschaftsdepartement;2414;Amt für Grundstückschätzungen;;;3053.00;AG-Beiträge an Unfallversicherungen;6611.0;6900.0;6922.35;-289.0;-4.19;;290
24;Volkswirtschaftsdepartement;2414;Amt für Grundstückschätzungen;;;3054.00;AG-Beiträge an Familienzulagekassen;17435.25;16600.0;17130.3;835.25;5.03;;290
24;Volkswirtschaftsdepartement;2414;Amt für Grundstückschätzungen;;;3059.10;AG-Beiträge Sozialfonds;918.15;1000.0;952.95;-81.85;-8.19;;290
24;Volkswirtschaftsdepartement;2414;Amt für Grundstückschätzungen;;;3090.00;Aus- und Weiterbildung des eigenen Personals;3932.0;7000.0;4091.2;-3068.0;-43.83;;290
24;Volkswirtschaftsdepartement;2414;Amt für Grundstückschätzungen;;;3099.00;Übriger Personalaufwand;2160.0;2500.0;2160.0;-340.0;-13.6;;290
24;Volkswirtschaftsdepartement;2414;Amt für Grundstückschätzungen;;;3100.00;Büromaterial;3981.94;4500.0;4452.03;-518.06;-11.51;;290
24;Volkswirtschaftsdepartement;2414;Amt für Grundstückschätzungen;;;3103.00;Fachliteratur, Zeitschriften;973.85;2000.0;2957.0;-1026.15;-51.31;;290
24;Volkswirtschaftsdepartement;2414;Amt für Grundstückschätzungen;;;3111.00;Maschinen, Geräte und Fahrzeuge;358.0;1000.0;;-642.0;-64.2;;290
24;Volkswirtschaftsdepartement;2414;Amt für Grundstückschätzungen;;;3113.00;Hardware;1345.0;3000.0;2056.0;-1655.0;-55.17;;290
24;Volkswirtschaftsdepartement;2414;Amt für Grundstückschätzungen;;;3130.00;Dienstleistungen Dritter;33399.7;51700.0;30536.6;-18300.3;-35.4;Aufgrund teilweiser Ausfälle von;290
24;Volkswirtschaftsdepartement;2414;Amt für Grundstückschätzungen;;;3133.00;Informatik-Nutzungsaufwand;56632.15;59000.0;45735.85;-2367.85;-4.01;;290
24;Volkswirtschaftsdepartement;2414;Amt für Grundstückschätzungen;;;3153.00;Informatik-Unterhalt (Hardware);;1200.0;;-1200.0;-100.0;;290
24;Volkswirtschaftsdepartement;2414;Amt für Grundstückschätzungen;;;3158.00;Unterhalt immaterielle Anlagen;;60000.0;;-60000.0;-100.0;Im Zuge der Auflösung des;291
24;Volkswirtschaftsdepartement;2414;Amt für Grundstückschätzungen;;;3161.00;Mieten, Benützungskosten Anlagen;;8000.0;9516.2;-8000.0;-100.0;;291
24;Volkswirtschaftsdepartement;2414;Amt für Grundstückschätzungen;;;3170.00;Reisekosten und Spesen;38181.15;35000.0;37451.85;3181.15;9.09;;291
24;Volkswirtschaftsdepartement;2414;Amt für Grundstückschätzungen;;;3199.00;Übriger Betriebsaufwand;162.15;1000.0;;-837.85;-83.79;;291
24;Volkswirtschaftsdepartement;2414;Amt für Grundstückschätzungen;;;3910.00;IV Dienstleistungen;388.0;2000.0;1014.0;-1612.0;-80.6;;291
24;Volkswirtschaftsdepartement;2414;Amt für Grundstückschätzungen;;;4210.00;Gebühren für Amtshandlungen;-22430.0;-35000.0;-28370.0;12570.0;-35.91;;291
24;Volkswirtschaftsdepartement;2414;Amt für Grundstückschätzungen;;;4240.00;Benützungsgebühren und Dienstleistungen;-793867.0;-605000.0;-808505.5;-188867.0;31.22;Dem grösseren Schätzvolumen;291
24;Volkswirtschaftsdepartement;2414;Amt für Grundstückschätzungen;;;4910.00;IV Dienstleistungen;-53808.9;-5000.0;-35064.5;-48808.9;976.18;Wesentlich grössere Anzahl von;291
24;Volkswirtschaftsdepartement;2420;Kantonales Arbeitsamt;;;3010.00;Löhne des Verwaltungs- und Betriebspersonals;491101.5;539400.0;548737.65;-48298.5;-8.95;Umbuchung von Salären auf;291
24;Volkswirtschaftsdepartement;2420;Kantonales Arbeitsamt;;;3010.95;Rückerstattungen Taggelder UV, EO, MSE, MV, IV für Verwaltungs- und Betriebspersonal;;;-18852.35;;;;291
24;Volkswirtschaftsdepartement;2420;Kantonales Arbeitsamt;;;3050.00;AG-Beiträge AHV, IV, EO, ALV, Verwaltungskosten;31328.6;35000.0;35389.8;-3671.4;-10.49;;291
24;Volkswirtschaftsdepartement;2420;Kantonales Arbeitsamt;;;3052.00;AG-Beiträge an Pensionskassen;59297.6;72000.0;73827.85;-12702.4;-17.64;;291
24;Volkswirtschaftsdepartement;2420;Kantonales Arbeitsamt;;;3053.00;AG-Beiträge an Unfallversicherungen;2398.15;3000.0;2732.8;-601.85;-20.06;;291
24;Volkswirtschaftsdepartement;2420;Kantonales Arbeitsamt;;;3054.00;AG-Beiträge an Familienzulagekassen;6369.8;7000.0;7135.1;-630.2;-9.0;;291
24;Volkswirtschaftsdepartement;2420;Kantonales Arbeitsamt;;;3059.10;AG-Beiträge Sozialfonds;354.05;400.0;418.0;-45.95;-11.49;;291
24;Volkswirtschaftsdepartement;2420;Kantonales Arbeitsamt;;;3064.00;Überbrückungsrenten;7560.0;;504.0;7560.0;;;291
24;Volkswirtschaftsdepartement;2420;Kantonales Arbeitsamt;;;3090.00;Aus- und Weiterbildung des eigenen Personals;11800.0;16100.0;6288.0;-4300.0;-26.71;;291
24;Volkswirtschaftsdepartement;2420;Kantonales Arbeitsamt;;;3099.00;Übriger Personalaufwand;1493.8;4000.0;1825.77;-2506.2;-62.66;;291
24;Volkswirtschaftsdepartement;2420;Kantonales Arbeitsamt;;;3100.00;Büromaterial;1436.98;1200.0;952.08;236.98;19.75;;291
24;Volkswirtschaftsdepartement;2420;Kantonales Arbeitsamt;;;3101.00;Betriebs- und Verbrauchsmaterial;;400.0;;-400.0;-100.0;;291
24;Volkswirtschaftsdepartement;2420;Kantonales Arbeitsamt;;;3102.00;Drucksachen, Publikationen;;200.0;67.3;-200.0;-100.0;;291
24;Volkswirtschaftsdepartement;2420;Kantonales Arbeitsamt;;;3103.00;Fachliteratur, Zeitschriften;4191.0;4200.0;4530.85;-9.0;-0.21;;292
24;Volkswirtschaftsdepartement;2420;Kantonales Arbeitsamt;;;3106.00;Medizinisches Material;;;152.0;;;;292
24;Volkswirtschaftsdepartement;2420;Kantonales Arbeitsamt;;;3110.00;Büromöbel und -geräte;390.6;;;390.6;;;292
24;Volkswirtschaftsdepartement;2420;Kantonales Arbeitsamt;;;3113.00;Hardware;486.8;3000.0;108.4;-2513.2;-83.77;;292
24;Volkswirtschaftsdepartement;2420;Kantonales Arbeitsamt;;;3118.00;Immaterielle Anlagen;12161.25;24200.0;;-12038.75;-49.75;Projekt «Chatbot Arbeitsamt» deutlich;292
24;Volkswirtschaftsdepartement;2420;Kantonales Arbeitsamt;;;3130.00;Dienstleistungen Dritter;7691.83;10000.0;6829.7;-2308.17;-23.08;;292
24;Volkswirtschaftsdepartement;2420;Kantonales Arbeitsamt;;;3133.00;Informatik-Nutzungsaufwand;51362.8;65000.0;25121.95;-13637.2;-20.98;Betrieb «Chatbot Arbeitsamt» deutlich;292
24;Volkswirtschaftsdepartement;2420;Kantonales Arbeitsamt;;;3160.00;Mieten und Pachten Liegenschaften;80.0;1000.0;;-920.0;-92.0;;292
24;Volkswirtschaftsdepartement;2420;Kantonales Arbeitsamt;;;3161.00;Mieten, Benützungskosten Anlagen;1002.2;6500.0;6376.5;-5497.8;-84.58;;292
24;Volkswirtschaftsdepartement;2420;Kantonales Arbeitsamt;;;3170.00;Reisekosten und Spesen;2543.75;1500.0;3242.1;1043.75;69.58;;292
24;Volkswirtschaftsdepartement;2420;Kantonales Arbeitsamt;;;3181.00;Tatsächliche Forderungsverluste;6310.65;25000.0;5200.0;-18689.35;-74.76;Die tatsächlichen Forderungsverluste;292
24;Volkswirtschaftsdepartement;2420;Kantonales Arbeitsamt;;;3199.00;Übriger Betriebsaufwand;150.0;3000.0;;-2850.0;-95.0;;292
24;Volkswirtschaftsdepartement;2420;Kantonales Arbeitsamt;;;3631.00;Beiträge an Kantone und Konkordate;;200.0;200.0;-200.0;-100.0;;292
24;Volkswirtschaftsdepartement;2420;Kantonales Arbeitsamt;;;4210.00;Gebühren für Amtshandlungen;-113559.2;-115000.0;-137153.17;1440.8;-1.25;;292
24;Volkswirtschaftsdepartement;2420;Kantonales Arbeitsamt;;;4270.00;Bussen;-58387.65;-30000.0;-37469.65;-28387.65;94.63;Mehr Verzeigungen betreffend Melde-;292
24;Volkswirtschaftsdepartement;2420;Kantonales Arbeitsamt;;;4612.00;Entschädigungen von Gemeinden und Gemeindezweckverbänden;-194220.55;-210000.0;-179290.0;15779.45;-7.51;Tiefere Beiträge im Rahmen der;292
24;Volkswirtschaftsdepartement;2421;RAV/LAM/KAST;;;3010.00;Löhne des Verwaltungs- und Betriebspersonals;3617584.0;3886400.0;3585222.95;-268816.0;-6.92;;293
24;Volkswirtschaftsdepartement;2421;RAV/LAM/KAST;;;3010.95;Rückerstattungen Taggelder UV, EO, MSE, MV, IV für Verwaltungs- und Betriebspersonal;-22939.75;;-32791.25;-22939.75;;;293
24;Volkswirtschaftsdepartement;2421;RAV/LAM/KAST;;;3050.00;AG-Beiträge AHV, IV, EO, ALV, Verwaltungskosten;235362.35;252600.0;231491.8;-17237.65;-6.82;;293
24;Volkswirtschaftsdepartement;2421;RAV/LAM/KAST;;;3052.00;AG-Beiträge an Pensionskassen;459564.52;518800.0;493343.45;-59235.48;-11.42;;293
24;Volkswirtschaftsdepartement;2421;RAV/LAM/KAST;;;3053.00;AG-Beiträge an Unfallversicherungen;19471.57;21000.0;19187.55;-1528.43;-7.28;;293
24;Volkswirtschaftsdepartement;2421;RAV/LAM/KAST;;;3054.00;AG-Beiträge an Familienzulagekassen;47082.99;50500.0;46276.6;-3417.01;-6.77;;293
24;Volkswirtschaftsdepartement;2421;RAV/LAM/KAST;;;3059.10;AG-Beiträge Sozialfonds;2888.99;3100.0;2845.85;-211.01;-6.81;;293
24;Volkswirtschaftsdepartement;2421;RAV/LAM/KAST;;;3064.00;Überbrückungsrenten;14175.0;;;14175.0;;;293
24;Volkswirtschaftsdepartement;2421;RAV/LAM/KAST;;;3090.00;Aus- und Weiterbildung des eigenen Personals;34562.04;33000.0;41007.23;1562.04;4.73;;293
24;Volkswirtschaftsdepartement;2421;RAV/LAM/KAST;;;3099.00;Übriger Personalaufwand;11562.73;5800.0;4278.78;5762.73;99.36;;293
24;Volkswirtschaftsdepartement;2421;RAV/LAM/KAST;;;3100.00;Büromaterial;5270.09;6600.0;4749.48;-1329.91;-20.15;;293
24;Volkswirtschaftsdepartement;2421;RAV/LAM/KAST;;;3101.00;Betriebs- und Verbrauchsmaterial;6684.48;1500.0;483.75;5184.48;345.63;;293
24;Volkswirtschaftsdepartement;2421;RAV/LAM/KAST;;;3102.00;Drucksachen, Publikationen;3696.75;4000.0;5640.1;-303.25;-7.58;;293
24;Volkswirtschaftsdepartement;2421;RAV/LAM/KAST;;;3103.00;Fachliteratur, Zeitschriften;2434.0;3000.0;2791.0;-566.0;-18.87;;293
24;Volkswirtschaftsdepartement;2421;RAV/LAM/KAST;;;3110.00;Büromöbel und -geräte;40253.27;5000.0;43795.39;35253.27;705.07;;293
24;Volkswirtschaftsdepartement;2421;RAV/LAM/KAST;;;3113.00;Hardware;1395.7;1200.0;6600.9;195.7;16.31;;293
24;Volkswirtschaftsdepartement;2421;RAV/LAM/KAST;;;3118.00;Immaterielle Anlagen;;2000.0;;-2000.0;-100.0;;293
24;Volkswirtschaftsdepartement;2421;RAV/LAM/KAST;;;3120.00;Ver- und Entsorgung Liegenschaften VV;;5000.0;;-5000.0;-100.0;;293
24;Volkswirtschaftsdepartement;2421;RAV/LAM/KAST;;;3130.00;Dienstleistungen Dritter;110580.77;137000.0;99012.95;-26419.23;-19.28;;293
24;Volkswirtschaftsdepartement;2421;RAV/LAM/KAST;;;3133.00;Informatik-Nutzungsaufwand;78401.95;200000.0;68378.5;-121598.05;-60.8;;294
24;Volkswirtschaftsdepartement;2421;RAV/LAM/KAST;;;3134.00;Sachversicherungsprämien;367.0;400.0;367.0;-33.0;-8.25;;294
24;Volkswirtschaftsdepartement;2421;RAV/LAM/KAST;;;3153.00;Informatik-Unterhalt (Hardware);17212.8;12000.0;11688.7;5212.8;43.44;;294
24;Volkswirtschaftsdepartement;2421;RAV/LAM/KAST;;;3158.00;Unterhalt immaterielle Anlagen;67485.89;60000.0;69693.75;7485.89;12.48;;294
24;Volkswirtschaftsdepartement;2421;RAV/LAM/KAST;;;3161.00;Mieten, Benützungskosten Anlagen;4166.45;30000.0;6103.65;-25833.55;-86.11;;294
24;Volkswirtschaftsdepartement;2421;RAV/LAM/KAST;;;3170.00;Reisekosten und Spesen;7289.5;14000.0;8720.8;-6710.5;-47.93;;294
24;Volkswirtschaftsdepartement;2421;RAV/LAM/KAST;;;3610.00;Entschädigungen an Bund;72.6;400.0;704.55;-327.4;-81.85;;294
24;Volkswirtschaftsdepartement;2421;RAV/LAM/KAST;;;3910.00;IV Dienstleistungen;75142.0;80600.0;78066.0;-5458.0;-6.77;;294
24;Volkswirtschaftsdepartement;2421;RAV/LAM/KAST;;;3920.00;IV Pacht, Mieten Benützungskosten;123519.0;124000.0;123519.0;-481.0;-0.39;;294
24;Volkswirtschaftsdepartement;2421;RAV/LAM/KAST;;;3930.00;IV Betriebs- und Verwaltungskosten;98549.45;75000.0;89598.0;23549.45;31.4;;294
24;Volkswirtschaftsdepartement;2421;RAV/LAM/KAST;;;4250.00;Verkäufe;-80.0;;;-80.0;;;294
24;Volkswirtschaftsdepartement;2421;RAV/LAM/KAST;;;4610.00;Entschädigungen vom Bund;-5082174.14;-5529900.0;-5027733.27;447725.86;-8.1;;294
24;Volkswirtschaftsdepartement;2421;RAV/LAM/KAST;;;4699.10;Rückverteilung CO2-Abgabe;;-3000.0;-2905.21;3000.0;-100.0;;294
24;Volkswirtschaftsdepartement;2423;Arbeitsinspektorat/Aufsicht über das Messwesen;;;3000.10;Sitzungsgelder Kommissionen;800.0;2000.0;1400.0;-1200.0;-60.0;;294
24;Volkswirtschaftsdepartement;2423;Arbeitsinspektorat/Aufsicht über das Messwesen;;;3010.00;Löhne des Verwaltungs- und Betriebspersonals;802623.55;740100.0;783182.75;62523.55;8.45;Überlappende Anstellung eines;294
24;Volkswirtschaftsdepartement;2423;Arbeitsinspektorat/Aufsicht über das Messwesen;;;3050.00;AG-Beiträge AHV, IV, EO, ALV, Verwaltungskosten;51961.3;48300.0;50694.45;3661.3;7.58;;294
24;Volkswirtschaftsdepartement;2423;Arbeitsinspektorat/Aufsicht über das Messwesen;;;3052.00;AG-Beiträge an Pensionskassen;117400.75;98800.0;116444.7;18600.75;18.83;Vgl. Kommentar Konto 2423.3052.00.;294
24;Volkswirtschaftsdepartement;2423;Arbeitsinspektorat/Aufsicht über das Messwesen;;;3053.00;AG-Beiträge an Unfallversicherungen;4290.1;4000.0;4183.45;290.1;7.25;;294
24;Volkswirtschaftsdepartement;2423;Arbeitsinspektorat/Aufsicht über das Messwesen;;;3054.00;AG-Beiträge an Familienzulagekassen;10414.8;9700.0;10181.3;714.8;7.37;;294
24;Volkswirtschaftsdepartement;2423;Arbeitsinspektorat/Aufsicht über das Messwesen;;;3059.10;AG-Beiträge Sozialfonds;632.8;600.0;616.85;32.8;5.47;;294
24;Volkswirtschaftsdepartement;2423;Arbeitsinspektorat/Aufsicht über das Messwesen;;;3064.00;Überbrückungsrenten;5670.0;;;5670.0;;;294
24;Volkswirtschaftsdepartement;2423;Arbeitsinspektorat/Aufsicht über das Messwesen;;;3090.00;Aus- und Weiterbildung des eigenen Personals;840.0;6300.0;2098.85;-5460.0;-86.67;;294
24;Volkswirtschaftsdepartement;2423;Arbeitsinspektorat/Aufsicht über das Messwesen;;;3099.00;Übriger Personalaufwand;1230.15;2000.0;1140.65;-769.85;-38.49;;294
24;Volkswirtschaftsdepartement;2423;Arbeitsinspektorat/Aufsicht über das Messwesen;;;3100.00;Büromaterial;2096.1;3000.0;1215.75;-903.9;-30.13;;294
24;Volkswirtschaftsdepartement;2423;Arbeitsinspektorat/Aufsicht über das Messwesen;;;3101.00;Betriebs- und Verbrauchsmaterial;963.25;4500.0;3094.0;-3536.75;-78.59;;294
24;Volkswirtschaftsdepartement;2423;Arbeitsinspektorat/Aufsicht über das Messwesen;;;3102.00;Drucksachen, Publikationen;;300.0;;-300.0;-100.0;;294
24;Volkswirtschaftsdepartement;2423;Arbeitsinspektorat/Aufsicht über das Messwesen;;;3103.00;Fachliteratur, Zeitschriften;228.0;800.0;220.85;-572.0;-71.5;;295
24;Volkswirtschaftsdepartement;2423;Arbeitsinspektorat/Aufsicht über das Messwesen;;;3110.00;Büromöbel und -geräte;430.75;200.0;;230.75;115.38;;295
24;Volkswirtschaftsdepartement;2423;Arbeitsinspektorat/Aufsicht über das Messwesen;;;3111.00;Maschinen, Geräte und Fahrzeuge;7610.25;10000.0;68788.33;-2389.75;-23.9;;295
24;Volkswirtschaftsdepartement;2423;Arbeitsinspektorat/Aufsicht über das Messwesen;;;3112.00;Kleider, Wäsche, Vorhänge;1061.95;1000.0;864.95;61.95;6.2;;295
24;Volkswirtschaftsdepartement;2423;Arbeitsinspektorat/Aufsicht über das Messwesen;;;3113.00;Hardware;1659.5;2000.0;11.7;-340.5;-17.03;;295
24;Volkswirtschaftsdepartement;2423;Arbeitsinspektorat/Aufsicht über das Messwesen;;;3118.00;Immaterielle Anlagen;15782.6;30000.0;18170.26;-14217.4;-47.39;Aufgrund Neuausrichtung keine;295
24;Volkswirtschaftsdepartement;2423;Arbeitsinspektorat/Aufsicht über das Messwesen;;;3130.00;Dienstleistungen Dritter;14694.35;42000.0;12935.7;-27305.65;-65.01;Im Rahmen der Vorjahre. Der zu hohe;295
24;Volkswirtschaftsdepartement;2423;Arbeitsinspektorat/Aufsicht über das Messwesen;;;3133.00;Informatik-Nutzungsaufwand;56429.35;62900.0;57190.78;-6470.65;-10.29;;295
24;Volkswirtschaftsdepartement;2423;Arbeitsinspektorat/Aufsicht über das Messwesen;;;3134.00;Sachversicherungsprämien;166.02;500.0;243.75;-333.98;-66.8;;295
24;Volkswirtschaftsdepartement;2423;Arbeitsinspektorat/Aufsicht über das Messwesen;;;3151.00;Unterhalt Maschinen, Geräte, Fahrzeuge;2109.58;5000.0;3087.8;-2890.42;-57.81;;295
24;Volkswirtschaftsdepartement;2423;Arbeitsinspektorat/Aufsicht über das Messwesen;;;3158.00;Unterhalt immaterielle Anlagen;3445.05;6500.0;;-3054.95;-47.0;;295
24;Volkswirtschaftsdepartement;2423;Arbeitsinspektorat/Aufsicht über das Messwesen;;;3160.00;Mieten und Pachten Liegenschaften;112.0;;;112.0;;;295
24;Volkswirtschaftsdepartement;2423;Arbeitsinspektorat/Aufsicht über das Messwesen;;;3161.00;Mieten, Benützungskosten Anlagen;213.05;4700.0;3578.6;-4486.95;-95.47;;295
24;Volkswirtschaftsdepartement;2423;Arbeitsinspektorat/Aufsicht über das Messwesen;;;3170.00;Reisekosten und Spesen;10407.65;20000.0;11672.15;-9592.35;-47.96;;295
24;Volkswirtschaftsdepartement;2423;Arbeitsinspektorat/Aufsicht über das Messwesen;;;3181.00;Tatsächliche Forderungsverluste;1936.75;5000.0;2918.05;-3063.25;-61.27;;295
24;Volkswirtschaftsdepartement;2423;Arbeitsinspektorat/Aufsicht über das Messwesen;;;3190.00;Schadenersatzleistungen;2508.7;;;2508.7;;;295
24;Volkswirtschaftsdepartement;2423;Arbeitsinspektorat/Aufsicht über das Messwesen;;;3199.00;Übriger Betriebsaufwand;858.4;2000.0;147.2;-1141.6;-57.08;;295
24;Volkswirtschaftsdepartement;2423;Arbeitsinspektorat/Aufsicht über das Messwesen;;;3600.30;Ertragsanteile an Bund für Eichgebühren;2968.4;3500.0;3504.55;-531.6;-15.19;;295
24;Volkswirtschaftsdepartement;2423;Arbeitsinspektorat/Aufsicht über das Messwesen;;;3900.00;IV Material- und Warenbezüge;992.2;700.0;1126.65;292.2;41.74;;295
24;Volkswirtschaftsdepartement;2423;Arbeitsinspektorat/Aufsicht über das Messwesen;;;4210.00;Gebühren für Amtshandlungen;-156895.9;-110000.0;-116486.8;-46895.9;42.63;Höhere Kontroll- und;295
24;Volkswirtschaftsdepartement;2423;Arbeitsinspektorat/Aufsicht über das Messwesen;;;4250.00;Verkäufe;;;-7000.0;;;;295
24;Volkswirtschaftsdepartement;2423;Arbeitsinspektorat/Aufsicht über das Messwesen;;;4260.00;Rückerstattungen und Kostenbeteiligungen Dritter;-56527.7;-20000.0;-18715.6;-36527.7;182.64;Rückvergütungen FlaM-Kontrollen;295
24;Volkswirtschaftsdepartement;2423;Arbeitsinspektorat/Aufsicht über das Messwesen;;;4610.00;Entschädigungen vom Bund;-277412.4;-260000.0;-327922.35;-17412.4;6.7;;295
24;Volkswirtschaftsdepartement;2440;Landwirtschaftsamt;;;3000.10;Sitzungsgelder Kommissionen;960.0;1500.0;1512.0;-540.0;-36.0;;296
24;Volkswirtschaftsdepartement;2440;Landwirtschaftsamt;;;3010.00;Löhne des Verwaltungs- und Betriebspersonals;1267820.3;1342000.0;1235570.35;-74179.7;-5.53;Pauschalaufwand von;296
24;Volkswirtschaftsdepartement;2440;Landwirtschaftsamt;;;3010.95;Rückerstattungen Taggelder UV, EO, MSE, MV, IV für Verwaltungs- und Betriebspersonal;-18336.65;;-27295.8;-18336.65;;;296
24;Volkswirtschaftsdepartement;2440;Landwirtschaftsamt;;;3050.00;AG-Beiträge AHV, IV, EO, ALV, Verwaltungskosten;78390.55;87300.0;76006.8;-8909.45;-10.21;;296
24;Volkswirtschaftsdepartement;2440;Landwirtschaftsamt;;;3052.00;AG-Beiträge an Pensionskassen;155930.85;179100.0;153303.55;-23169.15;-12.94;;296
24;Volkswirtschaftsdepartement;2440;Landwirtschaftsamt;;;3053.00;AG-Beiträge an Unfallversicherungen;6201.8;7300.0;5876.45;-1098.2;-15.04;;296
24;Volkswirtschaftsdepartement;2440;Landwirtschaftsamt;;;3054.00;AG-Beiträge an Familienzulagekassen;15682.2;17500.0;15224.35;-1817.8;-10.39;;296
24;Volkswirtschaftsdepartement;2440;Landwirtschaftsamt;;;3059.10;AG-Beiträge Sozialfonds;965.15;1100.0;926.6;-134.85;-12.26;;296
24;Volkswirtschaftsdepartement;2440;Landwirtschaftsamt;;;3090.00;Aus- und Weiterbildung des eigenen Personals;7510.8;9900.0;7272.2;-2389.2;-24.13;;296
24;Volkswirtschaftsdepartement;2440;Landwirtschaftsamt;;;3091.00;Personalwerbung;;2000.0;;-2000.0;-100.0;;296
24;Volkswirtschaftsdepartement;2440;Landwirtschaftsamt;;;3099.00;Übriger Personalaufwand;1622.0;3600.0;2268.4;-1978.0;-54.94;;296
24;Volkswirtschaftsdepartement;2440;Landwirtschaftsamt;;;3100.00;Büromaterial;1453.65;4000.0;3953.37;-2546.35;-63.66;;296
24;Volkswirtschaftsdepartement;2440;Landwirtschaftsamt;;;3101.00;Betriebs- und Verbrauchsmaterial;1082.75;1000.0;1512.57;82.75;8.28;;296
24;Volkswirtschaftsdepartement;2440;Landwirtschaftsamt;;;3103.00;Fachliteratur, Zeitschriften;3377.61;4000.0;2887.03;-622.39;-15.56;;296
24;Volkswirtschaftsdepartement;2440;Landwirtschaftsamt;;;3111.00;Maschinen, Geräte und Fahrzeuge;;500.0;74.0;-500.0;-100.0;;296
24;Volkswirtschaftsdepartement;2440;Landwirtschaftsamt;;;3113.00;Hardware;3404.98;35000.0;5438.4;-31595.02;-90.27;Budgetiert war die Beschaffung von;296
24;Volkswirtschaftsdepartement;2440;Landwirtschaftsamt;;;3118.00;Immaterielle Anlagen;;75000.0;39997.0;-75000.0;-100.0;Ersatz/Ausbau LAWIS im Bereich;296
24;Volkswirtschaftsdepartement;2440;Landwirtschaftsamt;;;3130.00;Dienstleistungen Dritter;75454.17;48000.0;48786.05;27454.17;57.2;Projekte der «SwissFutureFarm» und;297
24;Volkswirtschaftsdepartement;2440;Landwirtschaftsamt;;;3132.00;Honorare externe Berater, Gutachter, Fachexperten etc.;;3000.0;2405.3;-3000.0;-100.0;;297
24;Volkswirtschaftsdepartement;2440;Landwirtschaftsamt;;;3133.00;Informatik-Nutzungsaufwand;87843.2;92100.0;63741.15;-4256.8;-4.62;;297
24;Volkswirtschaftsdepartement;2440;Landwirtschaftsamt;;;3134.00;Sachversicherungsprämien;166.02;;178.2;166.02;;;297
24;Volkswirtschaftsdepartement;2440;Landwirtschaftsamt;;;3151.00;Unterhalt Maschinen, Geräte, Fahrzeuge;920.38;;2986.8;920.38;;;297
24;Volkswirtschaftsdepartement;2440;Landwirtschaftsamt;;;3158.00;Unterhalt immaterielle Anlagen;122960.05;197200.0;143745.4;-74239.95;-37.65;Durch Nutzung von Synergien mit;297
24;Volkswirtschaftsdepartement;2440;Landwirtschaftsamt;;;3161.00;Mieten, Benützungskosten Anlagen;590.55;10000.0;11865.2;-9409.45;-94.09;;297
24;Volkswirtschaftsdepartement;2440;Landwirtschaftsamt;;;3170.00;Reisekosten und Spesen;48650.95;40000.0;55260.85;8650.95;21.63;;297
24;Volkswirtschaftsdepartement;2440;Landwirtschaftsamt;;;3199.00;Übriger Betriebsaufwand;7441.99;16000.0;218.53;-8558.01;-53.49;Die Durchführung der Tagung der;297
24;Volkswirtschaftsdepartement;2440;Landwirtschaftsamt;;;3320.00;Planmässige Abschreibungen immaterielle Anlagen;;40000.0;;-40000.0;-100.0;Die zugrundeliegende Investition;297
24;Volkswirtschaftsdepartement;2440;Landwirtschaftsamt;;;3611.00;Entschädigungen an Kantone und Konkordate;11387.5;1000.0;3243.0;10387.5;1038.75;Beitrag gemäss;297
24;Volkswirtschaftsdepartement;2440;Landwirtschaftsamt;;;3612.10;Entschädigungen an innerkantonale Gemeinden und Gemeindezweckverbände;1349.0;2000.0;1216.0;-651.0;-32.55;;298
24;Volkswirtschaftsdepartement;2440;Landwirtschaftsamt;;;3614.00;Entschädigungen an öffentliche Unternehmungen;63338.8;65000.0;61332.9;-1661.2;-2.56;;298
24;Volkswirtschaftsdepartement;2440;Landwirtschaftsamt;;;3630.00;Beiträge an den Bund;188382.4;;;188382.4;;Der Kanton zahlt den Bezügern von;298
24;Volkswirtschaftsdepartement;2440;Landwirtschaftsamt;;;3631.00;Beiträge an Kantone und Konkordate;24143.5;40000.0;33190.8;-15856.5;-39.64;Beratungsdienstleistungen;298
24;Volkswirtschaftsdepartement;2440;Landwirtschaftsamt;;;3632.10;Beiträge an innerkantonale Gemeinden und Gemeindezweckverbände;52716.0;;;52716.0;;Umbuchung von Investitionsbeiträgen;298
24;Volkswirtschaftsdepartement;2440;Landwirtschaftsamt;;;3633.00;Beiträge an öffentliche Sozialversicherungen;57788.5;;;57788.5;;Der Kanton zahlt den Bezügern von;298
24;Volkswirtschaftsdepartement;2440;Landwirtschaftsamt;;;3635.00;Beiträge an private Unternehmungen;140942.15;1100.0;2050.0;139842.15;12712.92;Umbuchung von Investitionsbeiträgen;298
24;Volkswirtschaftsdepartement;2440;Landwirtschaftsamt;;;3636.00;Beiträge an private Organisationen ohne Erwerbszweck;18682.0;17500.0;14254.0;1182.0;6.75;;299
24;Volkswirtschaftsdepartement;2440;Landwirtschaftsamt;;;3637.00;Beiträge an private Haushalte;315935.03;630000.0;289166.6;-314064.97;-49.85;Kantonsanteile Nitratprojekt Klettgau,;299
24;Volkswirtschaftsdepartement;2440;Landwirtschaftsamt;;;3660.20;Planmässige Abschreibungen Invest.beiträge an Gemeinden;507574.0;517700.0;498312.0;-10126.0;-1.96;;299
24;Volkswirtschaftsdepartement;2440;Landwirtschaftsamt;;;3660.50;Planmässige Abschreibungen Invest.beiträge an private Unternehmungen;18429.0;23200.0;18430.0;-4771.0;-20.56;;299
24;Volkswirtschaftsdepartement;2440;Landwirtschaftsamt;;;3702.10;Durchlaufende Beiträge an Gemeinden und Gemeindezweckverbände;124572.0;;;124572.0;;Umbuchung von Investitionsbeiträgen;299
24;Volkswirtschaftsdepartement;2440;Landwirtschaftsamt;;;3705.00;Durchlaufende Beiträge an private Unternehmungen;149846.0;;;149846.0;;Umbuchung von Investitionsbeiträgen;299
24;Volkswirtschaftsdepartement;2440;Landwirtschaftsamt;;;3707.00;Durchlaufende Beiträge an private Haushalte;3896350.75;3800000.0;3816788.15;96350.75;2.54;Direktzahlungen des Bundes für den;299
24;Volkswirtschaftsdepartement;2440;Landwirtschaftsamt;;;3707.10;Bundesbeiträge Direktzahlungen;28217283.05;28210000.0;28312252.95;7283.05;0.03;;299
24;Volkswirtschaftsdepartement;2440;Landwirtschaftsamt;;;3707.20;Bundesbeiträge Getreidezulage, Einzelkultur- und in- situ-Beiträge;4127066.6;3950000.0;4101749.15;177066.6;4.48;Durchlaufende Bundesbeiträge. Die;299
24;Volkswirtschaftsdepartement;2440;Landwirtschaftsamt;;;3900.00;IV Material- und Warenbezüge;945.3;2000.0;237.5;-1054.7;-52.74;;299
24;Volkswirtschaftsdepartement;2440;Landwirtschaftsamt;;;3910.00;IV Dienstleistungen;5297.4;3000.0;4600.0;2297.4;76.58;;299
24;Volkswirtschaftsdepartement;2440;Landwirtschaftsamt;;;4210.00;Gebühren für Amtshandlungen;-28843.7;-50000.0;-39088.7;21156.3;-42.31;Weniger Einnahmen für Entscheide;299
24;Volkswirtschaftsdepartement;2440;Landwirtschaftsamt;;;4240.00;Benützungsgebühren und Dienstleistungen;-223119.98;-240000.0;-257739.6;16880.02;-7.03;;299
24;Volkswirtschaftsdepartement;2440;Landwirtschaftsamt;;;4309.00;Übrige betriebliche Erträge;-766.4;;;-766.4;;;300
24;Volkswirtschaftsdepartement;2440;Landwirtschaftsamt;;;4611.00;Entschädigungen von Kantonen und Konkordaten;-106822.9;-105000.0;-106066.5;-1822.9;1.74;;300
24;Volkswirtschaftsdepartement;2440;Landwirtschaftsamt;;;4630.00;Beiträge vom Bund;-57474.6;-30000.0;-34792.7;-27474.6;91.58;Bundesbeiträge für Weinlesekontrolle;300
24;Volkswirtschaftsdepartement;2440;Landwirtschaftsamt;;;4631.00;Beiträge von Kantonen und Konkordaten;-678.6;;-787.5;-678.6;;;300
24;Volkswirtschaftsdepartement;2440;Landwirtschaftsamt;;;4700.00;Durchlaufende Beiträge vom Bund;-3989320.85;-3600000.0;-3643477.4;-389320.85;10.81;Vgl. Kommentar Konto 2440.3707.00.;300
24;Volkswirtschaftsdepartement;2440;Landwirtschaftsamt;;;4700.10;Bundesbeiträge Direktzahlungen;-28217283.05;-28250000.0;-28312252.95;32716.95;-0.12;Vgl. Kommentar Konto 2440.3707.10.;300
24;Volkswirtschaftsdepartement;2440;Landwirtschaftsamt;;;4700.20;Bundesbeiträge Getreidezulage, Einzelkultur- und in- situ-Beiträge;-4127066.6;-3950000.0;-4101749.15;-177066.6;4.48;Vgl. Kommentar Konto 2440.3707.20.;300
24;Volkswirtschaftsdepartement;2440;Landwirtschaftsamt;;;4702.10;Durchlaufende Beiträge von innerkantonalen Gemeinden und Gemeindezweckverbänden;-181447.9;-160000.0;-173310.75;-21447.9;13.4;Vgl. Kommentar Konto 2440.3707.00.;300
24;Volkswirtschaftsdepartement;2440;Landwirtschaftsamt;;;4860.00;"Ausserordentliche Transfererträge; Bund";;;-288849.0;;;;300
24;Volkswirtschaftsdepartement;2440;Landwirtschaftsamt;;;4980.00;Übertragungen;-64793.8;-65000.0;-63414.25;206.2;-0.32;;300
24;Volkswirtschaftsdepartement;2450;Amt für Justiz und Gemeinden;;;3010.00;Löhne des Verwaltungs- und Betriebspersonals;1325004.8;1333200.0;1361844.2;-8195.2;-0.61;;300
24;Volkswirtschaftsdepartement;2450;Amt für Justiz und Gemeinden;;;3050.00;AG-Beiträge AHV, IV, EO, ALV, Verwaltungskosten;85544.5;86700.0;86785.95;-1155.5;-1.33;;300
24;Volkswirtschaftsdepartement;2450;Amt für Justiz und Gemeinden;;;3052.00;AG-Beiträge an Pensionskassen;184083.7;178000.0;203161.75;6083.7;3.42;;300
24;Volkswirtschaftsdepartement;2450;Amt für Justiz und Gemeinden;;;3053.00;AG-Beiträge an Unfallversicherungen;6896.95;7200.0;6834.25;-303.05;-4.21;;300
24;Volkswirtschaftsdepartement;2450;Amt für Justiz und Gemeinden;;;3054.00;AG-Beiträge an Familienzulagekassen;17223.85;17300.0;17649.45;-76.15;-0.44;;300
24;Volkswirtschaftsdepartement;2450;Amt für Justiz und Gemeinden;;;3059.10;AG-Beiträge Sozialfonds;1018.3;1000.0;978.45;18.3;1.83;;300
24;Volkswirtschaftsdepartement;2450;Amt für Justiz und Gemeinden;;;3064.00;Überbrückungsrenten;;3000.0;10292.0;-3000.0;-100.0;;300
24;Volkswirtschaftsdepartement;2450;Amt für Justiz und Gemeinden;;;3090.00;Aus- und Weiterbildung des eigenen Personals;-395.0;10500.0;20327.65;-10895.0;-103.76;Budgetabweichung aufgrund;300
24;Volkswirtschaftsdepartement;2450;Amt für Justiz und Gemeinden;;;3091.00;Personalwerbung;100.0;;;100.0;;;300
24;Volkswirtschaftsdepartement;2450;Amt für Justiz und Gemeinden;;;3099.00;Übriger Personalaufwand;3710.8;1200.0;1200.0;2510.8;209.23;;300
24;Volkswirtschaftsdepartement;2450;Amt für Justiz und Gemeinden;;;3100.00;Büromaterial;6692.63;6100.0;5563.11;592.63;9.72;;300
24;Volkswirtschaftsdepartement;2450;Amt für Justiz und Gemeinden;;;3103.00;Fachliteratur, Zeitschriften;7258.19;8000.0;6713.2;-741.81;-9.27;;300
24;Volkswirtschaftsdepartement;2450;Amt für Justiz und Gemeinden;;;3110.00;Büromöbel und -geräte;;500.0;;-500.0;-100.0;;300
24;Volkswirtschaftsdepartement;2450;Amt für Justiz und Gemeinden;;;3113.00;Hardware;549.5;2000.0;516.6;-1450.5;-72.53;;300
24;Volkswirtschaftsdepartement;2450;Amt für Justiz und Gemeinden;;;3130.00;Dienstleistungen Dritter;115651.25;155000.0;24793.6;-39348.75;-25.39;Für das Projekt «Justitia 4.0» wurde;300
24;Volkswirtschaftsdepartement;2450;Amt für Justiz und Gemeinden;;;3132.00;Honorare externe Berater, Gutachter, Fachexperten etc.;;1000.0;247.3;-1000.0;-100.0;;301
24;Volkswirtschaftsdepartement;2450;Amt für Justiz und Gemeinden;;;3133.00;Informatik-Nutzungsaufwand;60546.0;59100.0;53847.05;1446.0;2.45;;301
24;Volkswirtschaftsdepartement;2450;Amt für Justiz und Gemeinden;;;3158.00;Unterhalt immaterielle Anlagen;;5000.0;;-5000.0;-100.0;;301
24;Volkswirtschaftsdepartement;2450;Amt für Justiz und Gemeinden;;;3160.00;Mieten und Pachten Liegenschaften;;500.0;;-500.0;-100.0;;301
24;Volkswirtschaftsdepartement;2450;Amt für Justiz und Gemeinden;;;3161.00;Mieten, Benützungskosten Anlagen;;6000.0;5501.2;-6000.0;-100.0;;301
24;Volkswirtschaftsdepartement;2450;Amt für Justiz und Gemeinden;;;3170.00;Reisekosten und Spesen;7647.85;10000.0;13539.55;-2352.15;-23.52;;301
24;Volkswirtschaftsdepartement;2450;Amt für Justiz und Gemeinden;;;3181.00;Tatsächliche Forderungsverluste;650.0;400.0;500.0;250.0;62.5;;301
24;Volkswirtschaftsdepartement;2450;Amt für Justiz und Gemeinden;;;3199.00;Übriger Betriebsaufwand;18035.9;12000.0;335.55;6035.9;50.3;Darin enthalten sind Kosten für die;301
24;Volkswirtschaftsdepartement;2450;Amt für Justiz und Gemeinden;;;3612.10;Entschädigungen an innerkantonale Gemeinden und Gemeindezweckverbände;411166.69;370000.0;421280.51;41166.69;11.13;Die Einnahmen beim Zivilstandsamt;301
24;Volkswirtschaftsdepartement;2450;Amt für Justiz und Gemeinden;;;3630.00;Beiträge an den Bund;6185.55;6000.0;6040.9;185.55;3.09;;301
24;Volkswirtschaftsdepartement;2450;Amt für Justiz und Gemeinden;;;4210.00;Gebühren für Amtshandlungen;-448272.55;-415000.0;-460730.75;-33272.55;8.02;Mehr Beurkundungsgeschäfte als;301
24;Volkswirtschaftsdepartement;2450;Amt für Justiz und Gemeinden;;;4390.00;Übrige Erträge;-10344.0;;-343836.0;-10344.0;;Vgl. Kommentar Konto 2450.3199.00.;301
24;Volkswirtschaftsdepartement;2453;Kantonaler Finanzausgleich;;;3622.50;Innerkantonaler Finanzausgleich von Kanton an Gemeinde;5703770.0;4426000.0;3083896.0;1277770.0;28.87;Der Hauptgrund für die Abweichung;301
24;Volkswirtschaftsdepartement;2453;Kantonaler Finanzausgleich;;;3622.60;Innerkantonaler Lastenausgleich von Kanton an Gemeinde;759199.0;720000.0;767291.0;39199.0;5.44;Die Sozialhilfelast sowie die;301
24;Volkswirtschaftsdepartement;2453;Kantonaler Finanzausgleich;;;3622.70;Horizontaler Finanzausgleich von Gemeinde an Gemeinde;5703772.0;4426000.0;3083896.0;1277772.0;28.87;Vgl. Konto 2453.3622.50.;301
24;Volkswirtschaftsdepartement;2453;Kantonaler Finanzausgleich;;;3622.80;Horizontaler Lastenausgleich von Gemeinde an Gemeinde;759204.0;720000.0;767293.0;39204.0;5.45;Vgl. Konto 2453.3622.60.;301
24;Volkswirtschaftsdepartement;2453;Kantonaler Finanzausgleich;;;4622.70;Horizontaler Finanzausgleich von Gemeinde an Gemeinde;-5703772.0;-4426000.0;-3083896.0;-1277772.0;28.87;Vgl. Kommentar Konto 2453.3622.50.;302
24;Volkswirtschaftsdepartement;2453;Kantonaler Finanzausgleich;;;4622.80;Horizontaler Lastenausgleich von Gemeinde an Gemeinde;-759204.0;-720000.0;-767293.0;-39204.0;5.45;Vgl. Kommentar Konto 2453.3622.60.;302
24;Volkswirtschaftsdepartement;2454;Strafvollzug in auswärtigen Anstalten;;;3130.00;Dienstleistungen Dritter;2165.7;10000.0;5187.3;-7834.3;-78.34;;302
24;Volkswirtschaftsdepartement;2454;Strafvollzug in auswärtigen Anstalten;;;3132.00;Honorare externe Berater, Gutachter, Fachexperten etc.;35571.95;30000.0;46187.4;5571.95;18.57;;302
24;Volkswirtschaftsdepartement;2454;Strafvollzug in auswärtigen Anstalten;;;3135.00;Dienstleistungsaufwand für Personen in Obhut;60355.35;5000.0;15440.5;55355.35;1107.11;Die Anzahl der Personen, die für den;302
24;Volkswirtschaftsdepartement;2454;Strafvollzug in auswärtigen Anstalten;;;3611.00;Entschädigungen an Kantone und Konkordate;2195531.07;1450000.0;1217561.52;745531.07;51.42;Zunahme der Arztkosten bei;302
24;Volkswirtschaftsdepartement;2454;Strafvollzug in auswärtigen Anstalten;;;3631.00;Beiträge an Kantone und Konkordate;26195.5;35000.0;32409.0;-8804.5;-25.16;;302
24;Volkswirtschaftsdepartement;2454;Strafvollzug in auswärtigen Anstalten;;;4611.00;Entschädigungen von Kantonen und Konkordaten;-163890.75;-40000.0;-17379.9;-123890.75;309.73;Wenn zwei Kantone für den Vollzug;302
24;Volkswirtschaftsdepartement;2466;Staatsanwaltschaft;;;3010.00;Löhne des Verwaltungs- und Betriebspersonals;6143863.3;5890400.0;5838258.8;253463.3;4.3;Inkl. Vertretungen während;302
24;Volkswirtschaftsdepartement;2466;Staatsanwaltschaft;;;3010.95;Rückerstattungen Taggelder UV, EO, MSE, MV, IV für Verwaltungs- und Betriebspersonal;-53971.45;;-69504.05;-53971.45;;;302
24;Volkswirtschaftsdepartement;2466;Staatsanwaltschaft;;;3049.00;Übrige Zulagen;37939.25;37500.0;37463.9;439.25;1.17;;302
24;Volkswirtschaftsdepartement;2466;Staatsanwaltschaft;;;3050.00;AG-Beiträge AHV, IV, EO, ALV, Verwaltungskosten;394984.5;382900.0;374944.45;12084.5;3.16;;303
24;Volkswirtschaftsdepartement;2466;Staatsanwaltschaft;;;3052.00;AG-Beiträge an Pensionskassen;737014.85;786300.0;735287.7;-49285.15;-6.27;;303
24;Volkswirtschaftsdepartement;2466;Staatsanwaltschaft;;;3053.00;AG-Beiträge an Unfallversicherungen;31933.05;31800.0;30151.05;133.05;0.42;;303
24;Volkswirtschaftsdepartement;2466;Staatsanwaltschaft;;;3054.00;AG-Beiträge an Familienzulagekassen;79613.8;76600.0;75533.05;3013.8;3.93;;303
24;Volkswirtschaftsdepartement;2466;Staatsanwaltschaft;;;3059.10;AG-Beiträge Sozialfonds;4670.8;4700.0;4441.2;-29.2;-0.62;;303
24;Volkswirtschaftsdepartement;2466;Staatsanwaltschaft;;;3064.00;Überbrückungsrenten;47124.0;;12153.0;47124.0;;Der vorzeitige Übertritt in den;303
24;Volkswirtschaftsdepartement;2466;Staatsanwaltschaft;;;3090.00;Aus- und Weiterbildung des eigenen Personals;24265.2;47200.0;42763.3;-22934.8;-48.59;Budgetabweichung aufgrund;303
24;Volkswirtschaftsdepartement;2466;Staatsanwaltschaft;;;3091.00;Personalwerbung;;500.0;;-500.0;-100.0;;303
24;Volkswirtschaftsdepartement;2466;Staatsanwaltschaft;;;3099.00;Übriger Personalaufwand;13558.9;12000.0;13800.8;1558.9;12.99;;303
24;Volkswirtschaftsdepartement;2466;Staatsanwaltschaft;;;3100.00;Büromaterial;30257.08;30000.0;32803.78;257.08;0.86;;303
24;Volkswirtschaftsdepartement;2466;Staatsanwaltschaft;;;3103.00;Fachliteratur, Zeitschriften;31443.45;42000.0;25513.9;-10556.55;-25.13;Im Zuge der Digitalisierung konnte auf;303
24;Volkswirtschaftsdepartement;2466;Staatsanwaltschaft;;;3106.00;Medizinisches Material;;300.0;;-300.0;-100.0;;303
24;Volkswirtschaftsdepartement;2466;Staatsanwaltschaft;;;3113.00;Hardware;20024.9;16500.0;4174.0;3524.9;21.36;;303
24;Volkswirtschaftsdepartement;2466;Staatsanwaltschaft;;;3118.00;Immaterielle Anlagen;3571.0;;50930.1;3571.0;;;303
24;Volkswirtschaftsdepartement;2466;Staatsanwaltschaft;;;3130.00;Dienstleistungen Dritter;95582.83;184000.0;65531.76;-88417.17;-48.05;Es handelt sich insbesondere um die;303
24;Volkswirtschaftsdepartement;2466;Staatsanwaltschaft;;;3132.00;Honorare externe Berater, Gutachter, Fachexperten etc.;1269416.39;1200000.0;1159417.93;69416.39;5.78;Es handelt sich hier um die;303
24;Volkswirtschaftsdepartement;2466;Staatsanwaltschaft;;;3133.00;Informatik-Nutzungsaufwand;382940.17;426600.0;386199.1;-43659.83;-10.23;DIe Kosten entsprechen etwa dem;303
24;Volkswirtschaftsdepartement;2466;Staatsanwaltschaft;;;3153.00;Informatik-Unterhalt (Hardware);1385.85;500.0;431.75;885.85;177.17;;303
24;Volkswirtschaftsdepartement;2466;Staatsanwaltschaft;;;3158.00;Unterhalt immaterielle Anlagen;62517.12;117000.0;148528.25;-54482.88;-46.57;Wegfall der einmaligen Kosten für;304
24;Volkswirtschaftsdepartement;2466;Staatsanwaltschaft;;;3161.00;Mieten, Benützungskosten Anlagen;862.0;37000.0;48197.45;-36138.0;-97.67;Geänderte Kontierungsvorgaben.;304
24;Volkswirtschaftsdepartement;2466;Staatsanwaltschaft;;;3170.00;Reisekosten und Spesen;37395.45;25000.0;32964.75;12395.45;49.58;Neue Staatsanwälte und;304
24;Volkswirtschaftsdepartement;2466;Staatsanwaltschaft;;;3181.00;Tatsächliche Forderungsverluste;914700.61;800000.0;953811.3;114700.61;14.34;Die tatsächlichen Forderungsverluste;304
24;Volkswirtschaftsdepartement;2466;Staatsanwaltschaft;;;3199.00;Übriger Betriebsaufwand;931386.87;655000.0;1155003.95;276386.87;42.2;Die Budgetüberschreitung resultiert;304
24;Volkswirtschaftsdepartement;2466;Staatsanwaltschaft;;;3602.20;Gemeindeanteile an kantonalen Gebühren;;;3210.0;;;;304
24;Volkswirtschaftsdepartement;2466;Staatsanwaltschaft;;;3610.00;Entschädigungen an Bund;231875.0;250000.0;234405.0;-18125.0;-7.25;Die Staatsanwaltschaft hat einen;304
24;Volkswirtschaftsdepartement;2466;Staatsanwaltschaft;;;3900.00;IV Material- und Warenbezüge;2693.0;;3493.7;2693.0;;;304
24;Volkswirtschaftsdepartement;2466;Staatsanwaltschaft;;;3910.00;IV Dienstleistungen;135000.0;129000.0;127000.0;6000.0;4.65;;304
24;Volkswirtschaftsdepartement;2466;Staatsanwaltschaft;;;4210.00;Gebühren für Amtshandlungen;-3319594.4;-3500000.0;-3418008.6;180405.6;-5.15;Die Gebühren für Amtshandlungen;304
24;Volkswirtschaftsdepartement;2466;Staatsanwaltschaft;;;4260.00;Rückerstattungen und Kostenbeteiligungen Dritter;-343595.1;-400000.0;-468372.15;56404.9;-14.1;Hier handelt es sich um;305
24;Volkswirtschaftsdepartement;2466;Staatsanwaltschaft;;;4270.00;Bussen;-3667778.45;-3500000.0;-3578247.08;-167778.45;4.79;Die Bussen und Geldstrafen sind sehr;305
24;Volkswirtschaftsdepartement;2466;Staatsanwaltschaft;;;4290.00;Übrige Entgelte;-39258.36;-20000.0;-9419.88;-19258.36;96.29;Hier handelt es sich v. a. um;305
24;Volkswirtschaftsdepartement;2466;Staatsanwaltschaft;;;4301.00;Beschlagnahmte Vermögenswerte;-51689.0;-20000.0;-58727.15;-31689.0;158.45;Die Höhe der von der;305
24;Volkswirtschaftsdepartement;2472;Gefängnisverwaltung;;;3010.00;Löhne des Verwaltungs- und Betriebspersonals;2047079.45;1961700.0;1840297.65;85379.45;4.35;Aufgrund von vier Langzeitkranken;305
24;Volkswirtschaftsdepartement;2472;Gefängnisverwaltung;;;3010.95;Rückerstattungen Taggelder UV, EO, MSE, MV, IV für Verwaltungs- und Betriebspersonal;-753.75;;-13919.65;-753.75;;;305
24;Volkswirtschaftsdepartement;2472;Gefängnisverwaltung;;;3049.00;Übrige Zulagen;84376.7;117800.0;75823.5;-33423.3;-28.37;Im Verhältnis zu den Stellen in;305
24;Volkswirtschaftsdepartement;2472;Gefängnisverwaltung;;;3050.00;AG-Beiträge AHV, IV, EO, ALV, Verwaltungskosten;138023.7;127500.0;123328.7;10523.7;8.25;;305
24;Volkswirtschaftsdepartement;2472;Gefängnisverwaltung;;;3052.00;AG-Beiträge an Pensionskassen;280246.15;261900.0;269924.4;18346.15;7.01;;305
24;Volkswirtschaftsdepartement;2472;Gefängnisverwaltung;;;3053.00;AG-Beiträge an Unfallversicherungen;11278.05;10600.0;10094.0;678.05;6.4;;305
24;Volkswirtschaftsdepartement;2472;Gefängnisverwaltung;;;3054.00;AG-Beiträge an Familienzulagekassen;27693.65;25500.0;24708.1;2193.65;8.6;;305
24;Volkswirtschaftsdepartement;2472;Gefängnisverwaltung;;;3059.10;AG-Beiträge Sozialfonds;1672.35;1500.0;1501.85;172.35;11.49;;305
24;Volkswirtschaftsdepartement;2472;Gefängnisverwaltung;;;3064.00;Überbrückungsrenten;;;1144.0;;;;305
24;Volkswirtschaftsdepartement;2472;Gefängnisverwaltung;;;3090.00;Aus- und Weiterbildung des eigenen Personals;18357.71;19000.0;18956.05;-642.29;-3.38;;305
24;Volkswirtschaftsdepartement;2472;Gefängnisverwaltung;;;3091.00;Personalwerbung;;600.0;;-600.0;-100.0;;305
24;Volkswirtschaftsdepartement;2472;Gefängnisverwaltung;;;3099.00;Übriger Personalaufwand;6733.3;6800.0;10136.0;-66.7;-0.98;;305
24;Volkswirtschaftsdepartement;2472;Gefängnisverwaltung;;;3100.00;Büromaterial;3255.66;5300.0;4774.81;-2044.34;-38.57;;306
24;Volkswirtschaftsdepartement;2472;Gefängnisverwaltung;;;3101.00;Betriebs- und Verbrauchsmaterial;34288.68;45000.0;55061.86;-10711.32;-23.8;Der Kostenanfall ist abhängig von der;306
24;Volkswirtschaftsdepartement;2472;Gefängnisverwaltung;;;3102.00;Drucksachen, Publikationen;117.6;3000.0;1026.95;-2882.4;-96.08;;306
24;Volkswirtschaftsdepartement;2472;Gefängnisverwaltung;;;3103.00;Fachliteratur, Zeitschriften;9946.95;5800.0;4319.5;4146.95;71.5;;306
24;Volkswirtschaftsdepartement;2472;Gefängnisverwaltung;;;3105.00;Lebensmittel;277268.41;300900.0;287344.65;-23631.59;-7.85;Die Lebensmittelkosten für den;306
24;Volkswirtschaftsdepartement;2472;Gefängnisverwaltung;;;3106.00;Medizinisches Material;56625.85;59500.0;73222.84;-2874.15;-4.83;;306
24;Volkswirtschaftsdepartement;2472;Gefängnisverwaltung;;;3109.00;Übriger Material- und Warenaufwand;;600.0;540.5;-600.0;-100.0;;306
24;Volkswirtschaftsdepartement;2472;Gefängnisverwaltung;;;3110.00;Büromöbel und -geräte;3523.07;4000.0;4070.55;-476.93;-11.92;;306
24;Volkswirtschaftsdepartement;2472;Gefängnisverwaltung;;;3111.00;Maschinen, Geräte und Fahrzeuge;35438.57;39000.0;31189.9;-3561.43;-9.13;;306
24;Volkswirtschaftsdepartement;2472;Gefängnisverwaltung;;;3112.00;Kleider, Wäsche, Vorhänge;22856.54;27000.0;27295.44;-4143.46;-15.35;;306
24;Volkswirtschaftsdepartement;2472;Gefängnisverwaltung;;;3113.00;Hardware;3625.9;3600.0;3556.55;25.9;0.72;;306
24;Volkswirtschaftsdepartement;2472;Gefängnisverwaltung;;;3118.00;Immaterielle Anlagen;;200.0;;-200.0;-100.0;;306
24;Volkswirtschaftsdepartement;2472;Gefängnisverwaltung;;;3119.00;Übrige nicht aktivierbare Anlagen;1493.88;20000.0;11493.05;-18506.12;-92.53;Es konnte auf bereits vorhandenes;306
24;Volkswirtschaftsdepartement;2472;Gefängnisverwaltung;;;3120.00;Ver- und Entsorgung Liegenschaften VV;6013.66;16300.0;7121.3;-10286.34;-63.11;Die Ausgaben verringerten sich;306
24;Volkswirtschaftsdepartement;2472;Gefängnisverwaltung;;;3130.00;Dienstleistungen Dritter;410671.71;342800.0;384577.6;67871.71;19.8;Mehraufwand für externe;306
24;Volkswirtschaftsdepartement;2472;Gefängnisverwaltung;;;3133.00;Informatik-Nutzungsaufwand;91514.15;60400.0;79259.45;31114.15;51.51;Mehraufwand durch Speicherung;306
24;Volkswirtschaftsdepartement;2472;Gefängnisverwaltung;;;3134.00;Sachversicherungsprämien;734.86;1100.0;615.45;-365.14;-33.19;;306
24;Volkswirtschaftsdepartement;2472;Gefängnisverwaltung;;;3135.00;Dienstleistungsaufwand für Personen in Obhut;261097.98;206700.0;326749.4;54397.98;26.32;Mehraufwand für Arzt-, Labor- und;306
24;Volkswirtschaftsdepartement;2472;Gefängnisverwaltung;;;3144.00;Unterhalt Hochbauten, Gebäude;241801.75;80000.0;188901.11;161801.75;202.25;Mehraufwand für erforderliche;306
24;Volkswirtschaftsdepartement;2472;Gefängnisverwaltung;;;3151.00;Unterhalt Maschinen, Geräte, Fahrzeuge;95426.65;100000.0;106030.37;-4573.35;-4.57;;306
24;Volkswirtschaftsdepartement;2472;Gefängnisverwaltung;;;3158.00;Unterhalt immaterielle Anlagen;5101.45;6000.0;6156.45;-898.55;-14.98;;307
24;Volkswirtschaftsdepartement;2472;Gefängnisverwaltung;;;3159.00;Unterhalt übrige mobile Anlagen;1167.0;;;1167.0;;;307
24;Volkswirtschaftsdepartement;2472;Gefängnisverwaltung;;;3160.00;Mieten und Pachten Liegenschaften;2400.0;5000.0;4734.95;-2600.0;-52.0;;307
24;Volkswirtschaftsdepartement;2472;Gefängnisverwaltung;;;3161.00;Mieten, Benützungskosten Anlagen;651.5;6700.0;9003.0;-6048.5;-90.28;;307
24;Volkswirtschaftsdepartement;2472;Gefängnisverwaltung;;;3170.00;Reisekosten und Spesen;12213.4;15000.0;9958.35;-2786.6;-18.58;;307
24;Volkswirtschaftsdepartement;2472;Gefängnisverwaltung;;;3181.00;Tatsächliche Forderungsverluste;;500.0;;-500.0;-100.0;;307
24;Volkswirtschaftsdepartement;2472;Gefängnisverwaltung;;;3199.00;Übriger Betriebsaufwand;2769.35;3200.0;3532.25;-430.65;-13.46;;307
24;Volkswirtschaftsdepartement;2472;Gefängnisverwaltung;;;3610.00;Entschädigungen an Bund;1428.0;1500.0;1428.0;-72.0;-4.8;;307
24;Volkswirtschaftsdepartement;2472;Gefängnisverwaltung;;;3611.00;Entschädigungen an Kantone und Konkordate;171228.4;32100.0;56688.25;139128.4;433.42;Mehraufwand für die Unterbringung;307
24;Volkswirtschaftsdepartement;2472;Gefängnisverwaltung;;;3630.00;Beiträge an den Bund;42812.75;38400.0;38513.45;4412.75;11.49;;307
24;Volkswirtschaftsdepartement;2472;Gefängnisverwaltung;;;3636.00;Beiträge an private Organisationen ohne Erwerbszweck;47348.0;31300.0;31541.65;16048.0;51.27;Der Kostenanteil der Kantone am;307
24;Volkswirtschaftsdepartement;2472;Gefängnisverwaltung;;;3900.00;IV Material- und Warenbezüge;206.6;2800.0;560.0;-2593.4;-92.62;;307
24;Volkswirtschaftsdepartement;2472;Gefängnisverwaltung;;;3910.00;IV Dienstleistungen;1086.0;;;1086.0;;;307
24;Volkswirtschaftsdepartement;2472;Gefängnisverwaltung;;;4240.00;Benützungsgebühren und Dienstleistungen;-53700.35;-100000.0;-52962.4;46299.65;-46.3;Verminderte Einnahmen im;307
24;Volkswirtschaftsdepartement;2472;Gefängnisverwaltung;;;4309.00;Übrige betriebliche Erträge;;-1000.0;;1000.0;-100.0;;307
24;Volkswirtschaftsdepartement;2472;Gefängnisverwaltung;;;4610.00;Entschädigungen vom Bund;;-30000.0;;30000.0;-100.0;Keine Inhaftierungen vom Bund.;307
24;Volkswirtschaftsdepartement;2472;Gefängnisverwaltung;;;4611.00;Entschädigungen von Kantonen und Konkordaten;-406775.6;-246700.0;-202179.0;-160075.6;64.89;Entschädigung für die Aufnahme;307
24;Volkswirtschaftsdepartement;2498;;2498.7004;Generationenfonds;3130.00;Dienstleistungen Dritter;245466.4;250000.0;247147.25;-4533.6;-1.81;;307
24;Volkswirtschaftsdepartement;2498;;2498.7004;Generationenfonds;3634.00;Beiträge an öffentliche Unternehmungen;123275.83;1300000.0;61381.8;-1176724.17;-90.52;Beiträge gemäss Projektfortschritt.;307
24;Volkswirtschaftsdepartement;2498;;2498.7004;Generationenfonds;3635.00;Beiträge an private Unternehmungen;228000.0;2334100.0;584789.0;-2106100.0;-90.23;Beiträge gemäss Projektfortschritt.;307
24;Volkswirtschaftsdepartement;2498;;2498.7004;Generationenfonds;3640.50;Wertberichtigungen Darlehen an private Unternehmungen;400000.0;;;400000.0;;Bestehende Darlehen werden;308
24;Volkswirtschaftsdepartement;2498;;2498.7004;Generationenfonds;3704.00;Durchlaufende Beiträge an öffentliche Unternehmungen;310775.78;1200000.0;211381.75;-889224.22;-74.1;Es wurden weniger Projektanträge als;308
24;Volkswirtschaftsdepartement;2498;;2498.7004;Generationenfonds;3705.00;Durchlaufende Beiträge an private Unternehmungen;40000.0;2800000.0;110500.0;-2760000.0;-98.57;Es wurden weniger Projektanträge als;308
24;Volkswirtschaftsdepartement;2498;;2498.7004;Generationenfonds;3706.00;Durchlaufende Beiträge an private Organisationen ohne Erwerbszweck;664740.0;675000.0;650000.0;-10260.0;-1.52;;308
24;Volkswirtschaftsdepartement;2498;;2498.7004;Generationenfonds;4402.00;Zinsen Finanzanlagen;-99723.35;;-129417.52;-99723.35;;;308
24;Volkswirtschaftsdepartement;2498;;2498.7004;Generationenfonds;4630.00;Beiträge vom Bund;-250000.0;-125000.0;-125000.0;-125000.0;100.0;Interne Umbuchung einer Auszahlung;308
24;Volkswirtschaftsdepartement;2498;;2498.7004;Generationenfonds;4700.00;Durchlaufende Beiträge vom Bund;-1015515.78;-4675000.0;-971881.75;3659484.22;-78.28;Vgl. Konto 2498.7004.3634.00 und;308
24;Volkswirtschaftsdepartement;2498;;2498.7004;Generationenfonds;4940.00;IV Kalk. Zinsen und Finanzaufwand;;-61900.0;-20489.04;61900.0;-100.0;;308
24;Volkswirtschaftsdepartement;2498;;2498.7004;Generationenfonds;9011.00;Abschluss Spezialfinanzierungen und Fonds des Eigenkapitals, Aufwandüberschuss;-647018.88;-3697200.0;-618411.49;3050181.12;-82.5;;308
24;Volkswirtschaftsdepartement;2498;;2498.7242;Rebfonds;3130.00;Dienstleistungen Dritter;;1500.0;;-1500.0;-100.0;;308
24;Volkswirtschaftsdepartement;2498;;2498.7242;Rebfonds;3134.00;Sachversicherungsprämien;45.5;100.0;45.5;-54.5;-54.5;;308
24;Volkswirtschaftsdepartement;2498;;2498.7242;Rebfonds;3137.00;Steuern und Abgaben;214.5;200.0;20.0;14.5;7.25;;308
24;Volkswirtschaftsdepartement;2498;;2498.7242;Rebfonds;3634.00;Beiträge an öffentliche Unternehmungen;203.75;;245.05;203.75;;;308
24;Volkswirtschaftsdepartement;2498;;2498.7242;Rebfonds;3635.00;Beiträge an private Unternehmungen;25000.0;25000.0;25000.0;;;;308
24;Volkswirtschaftsdepartement;2498;;2498.7242;Rebfonds;3636.00;Beiträge an private Organisationen ohne Erwerbszweck;33889.6;35000.0;34397.8;-1110.4;-3.17;;308
24;Volkswirtschaftsdepartement;2498;;2498.7242;Rebfonds;4470.00;Pacht- und Mietzinse Liegenschaften VV;-1796.2;-1800.0;-1796.2;3.8;-0.21;;308
24;Volkswirtschaftsdepartement;2498;;2498.7242;Rebfonds;4632.10;Laufende Betriebsbeiträge von innerkantonalen Gemeinden und Gemeindezweckverbände;-9513.8;-9600.0;-9561.8;86.2;-0.9;;308
24;Volkswirtschaftsdepartement;2498;;2498.7242;Rebfonds;4637.00;Beiträge von privaten Haushalten;-47569.0;-48000.0;-47809.0;431.0;-0.9;;308
24;Volkswirtschaftsdepartement;2498;;2498.7242;Rebfonds;4940.00;IV Kalk. Zinsen und Finanzaufwand;-10.47;-200.0;-229.85;189.53;-94.77;;308
24;Volkswirtschaftsdepartement;2498;;2498.7242;Rebfonds;9010.00;Abschluss Spezialfinanzierungen und Fonds des Eigenkapitals, Ertragsüberschuss;;200.0;;-200.0;-100.0;;308
24;Volkswirtschaftsdepartement;2498;;2498.7242;Rebfonds;9011.00;Abschluss Spezialfinanzierungen und Fonds des Eigenkapitals, Aufwandüberschuss;-463.88;-2400.0;-311.5;1936.12;-80.67;;308
24;Volkswirtschaftsdepartement;2498;;2498.7243;Fonds für Elementarschadenvergütung;3632.10;Beiträge an innerkantonale Gemeinden und Gemeindezweckverbände;;5000.0;;-5000.0;-100.0;;309
24;Volkswirtschaftsdepartement;2498;;2498.7243;Fonds für Elementarschadenvergütung;4940.00;IV Kalk. Zinsen und Finanzaufwand;;-600.0;-211.13;600.0;-100.0;;309
24;Volkswirtschaftsdepartement;2498;;2498.7243;Fonds für Elementarschadenvergütung;9010.00;Abschluss Spezialfinanzierungen und Fonds des Eigenkapitals, Ertragsüberschuss;;;211.13;;;;309
24;Volkswirtschaftsdepartement;2498;;2498.7243;Fonds für Elementarschadenvergütung;9011.00;Abschluss Spezialfinanzierungen und Fonds des Eigenkapitals, Aufwandüberschuss;;-4400.0;;4400.0;-100.0;;309
24;Volkswirtschaftsdepartement;2498;;2498.7252;Finanzausgleichsfonds;4940.00;IV Kalk. Zinsen und Finanzaufwand;;-27400.0;-9149.79;27400.0;-100.0;;309
24;Volkswirtschaftsdepartement;2498;;2498.7252;Finanzausgleichsfonds;9010.00;Abschluss Spezialfinanzierungen und Fonds des Eigenkapitals, Ertragsüberschuss;;27400.0;9149.79;-27400.0;-100.0;;309
24;Volkswirtschaftsdepartement;2498;;2498.7751;Fonds für wohltätige Zwecke;3502.00;Einlagen in Legate und Stiftungen des Fremdkapitals;;400.0;304.61;-400.0;-100.0;;309
24;Volkswirtschaftsdepartement;2498;;2498.7751;Fonds für wohltätige Zwecke;4940.00;IV Kalk. Zinsen und Finanzaufwand;;-400.0;-304.61;400.0;-100.0;;309
25;Finanzdepartement;2500;Sekretariat;;;3010.00;Löhne des Verwaltungs- und Betriebspersonals;445261.15;391900.0;420830.0;53361.15;13.62;Die Auszahlung von Plusstunden,;310
25;Finanzdepartement;2500;Sekretariat;;;3050.00;AG-Beiträge AHV, IV, EO, ALV, Verwaltungskosten;27723.75;25400.0;26697.4;2323.75;9.15;;310
25;Finanzdepartement;2500;Sekretariat;;;3052.00;AG-Beiträge an Pensionskassen;55316.6;52300.0;68339.2;3016.6;5.77;;310
25;Finanzdepartement;2500;Sekretariat;;;3053.00;AG-Beiträge an Unfallversicherungen;1822.5;2100.0;2012.35;-277.5;-13.21;;310
25;Finanzdepartement;2500;Sekretariat;;;3054.00;AG-Beiträge an Familienzulagekassen;5788.4;5100.0;5441.85;688.4;13.5;;310
25;Finanzdepartement;2500;Sekretariat;;;3059.10;AG-Beiträge Sozialfonds;269.2;300.0;296.95;-30.8;-10.27;;310
25;Finanzdepartement;2500;Sekretariat;;;3064.00;Überbrückungsrenten;;;115.0;;;;310
25;Finanzdepartement;2500;Sekretariat;;;3090.00;Aus- und Weiterbildung des eigenen Personals;11800.0;16400.0;10950.0;-4600.0;-28.05;;310
25;Finanzdepartement;2500;Sekretariat;;;3099.00;Übriger Personalaufwand;5601.4;5000.0;2995.8;601.4;12.03;;310
25;Finanzdepartement;2500;Sekretariat;;;3100.00;Büromaterial;1527.03;1200.0;798.6;327.03;27.25;;310
25;Finanzdepartement;2500;Sekretariat;;;3103.00;Fachliteratur, Zeitschriften;1960.6;2600.0;2351.25;-639.4;-24.59;;310
25;Finanzdepartement;2500;Sekretariat;;;3113.00;Hardware;2247.95;1000.0;196.0;1247.95;124.8;;310
25;Finanzdepartement;2500;Sekretariat;;;3130.00;Dienstleistungen Dritter;148089.2;142600.0;22412.2;5489.2;3.85;;310
25;Finanzdepartement;2500;Sekretariat;;;3132.00;Honorare externe Berater, Gutachter, Fachexperten etc.;6007.6;3000.0;64409.25;3007.6;100.25;;310
25;Finanzdepartement;2500;Sekretariat;;;3133.00;Informatik-Nutzungsaufwand;20598.5;36500.0;18223.15;-15901.5;-43.57;Für das Projekt «Risikomanagement»;310
25;Finanzdepartement;2500;Sekretariat;;;3161.00;Mieten, Benützungskosten Anlagen;;3700.0;2348.0;-3700.0;-100.0;;310
25;Finanzdepartement;2500;Sekretariat;;;3170.00;Reisekosten und Spesen;1431.75;1500.0;1581.0;-68.25;-4.55;;310
25;Finanzdepartement;2500;Sekretariat;;;3199.00;Übriger Betriebsaufwand;2025.7;7000.0;702.0;-4974.3;-71.06;;310
25;Finanzdepartement;2500;Sekretariat;;;3320.00;Planmässige Abschreibungen immaterielle Anlagen;;75400.0;;-75400.0;-100.0;Für das Projekt «Risikomanagement»;310
25;Finanzdepartement;2500;Sekretariat;;;3631.00;Beiträge an Kantone und Konkordate;38905.65;42600.0;42541.65;-3694.35;-8.67;;310
25;Finanzdepartement;2502;Personalamt;;;3010.00;Löhne des Verwaltungs- und Betriebspersonals;1533357.4;1424700.0;1490373.15;108657.4;7.63;Fr. 45'000 wurden durch geleistete;311
25;Finanzdepartement;2502;Personalamt;;;3010.95;Rückerstattungen Taggelder UV, EO, MSE, MV, IV für Verwaltungs- und Betriebspersonal;;;-22939.8;;;;311
25;Finanzdepartement;2502;Personalamt;;;3050.00;AG-Beiträge AHV, IV, EO, ALV, Verwaltungskosten;99034.4;92700.0;95189.9;6334.4;6.83;;311
25;Finanzdepartement;2502;Personalamt;;;3052.00;AG-Beiträge an Pensionskassen;202533.75;190200.0;228782.95;12333.75;6.48;Der Budgetwert basiert auf einem;311
25;Finanzdepartement;2502;Personalamt;;;3053.00;AG-Beiträge an Unfallversicherungen;8015.75;7700.0;7126.15;315.75;4.1;;311
25;Finanzdepartement;2502;Personalamt;;;3054.00;AG-Beiträge an Familienzulagekassen;19933.35;18600.0;19374.15;1333.35;7.17;;311
25;Finanzdepartement;2502;Personalamt;;;3059.10;AG-Beiträge Sozialfonds;1183.45;1100.0;1069.05;83.45;7.59;;311
25;Finanzdepartement;2502;Personalamt;;;3069.00;Übrige Arbeitgeberleistungen;1280.0;4500.0;1280.0;-3220.0;-71.56;;311
25;Finanzdepartement;2502;Personalamt;;;3090.00;Aus- und Weiterbildung des eigenen Personals;88882.72;138500.0;137904.65;-49617.28;-35.82;Aufgrund der Ressourcensituation;311
25;Finanzdepartement;2502;Personalamt;;;3099.00;Übriger Personalaufwand;5261.3;5000.0;2668.2;261.3;5.23;;311
25;Finanzdepartement;2502;Personalamt;;;3100.00;Büromaterial;6281.7;6000.0;4778.53;281.7;4.7;;311
25;Finanzdepartement;2502;Personalamt;;;3102.00;Drucksachen, Publikationen;;4000.0;;-4000.0;-100.0;;311
25;Finanzdepartement;2502;Personalamt;;;3103.00;Fachliteratur, Zeitschriften;1028.67;1500.0;1008.67;-471.33;-31.42;;311
25;Finanzdepartement;2502;Personalamt;;;3106.00;Medizinisches Material;;100.0;;-100.0;-100.0;;311
25;Finanzdepartement;2502;Personalamt;;;3113.00;Hardware;3025.55;4500.0;2836.25;-1474.45;-32.77;;311
25;Finanzdepartement;2502;Personalamt;;;3118.00;Immaterielle Anlagen;;47300.0;75916.7;-47300.0;-100.0;Aufgrund der Ablösung des Personal-;311
25;Finanzdepartement;2502;Personalamt;;;3130.00;Dienstleistungen Dritter;5118.25;10600.0;87317.15;-5481.75;-51.71;;312
25;Finanzdepartement;2502;Personalamt;;;3133.00;Informatik-Nutzungsaufwand;198884.76;322400.0;153232.8;-123515.24;-38.31;Aufwände für Anpassungen an;312
25;Finanzdepartement;2502;Personalamt;;;3158.00;Unterhalt immaterielle Anlagen;;1000.0;10507.3;-1000.0;-100.0;;312
25;Finanzdepartement;2502;Personalamt;;;3161.00;Mieten, Benützungskosten Anlagen;;;7204.55;;;;312
25;Finanzdepartement;2502;Personalamt;;;3170.00;Reisekosten und Spesen;2433.85;4000.0;1110.8;-1566.15;-39.15;;312
25;Finanzdepartement;2502;Personalamt;;;3199.00;Übriger Betriebsaufwand;;600.0;936.9;-600.0;-100.0;;312
25;Finanzdepartement;2502;Personalamt;;;4231.00;Kursgelder;-15800.0;-5000.0;-12500.0;-10800.0;216.0;Es haben mehr externe Mitarbeitende;312
25;Finanzdepartement;2502;Personalamt;;;4311.00;Aktivierbare Eigenleistungen auf immaterielle Anlagen;-41661.55;;;-41661.55;;Die Lohnkosten für die Unterstützung;312
25;Finanzdepartement;2502;Personalamt;;;4614.00;Entschädigungen von öffentlichen Unternehmungen;-204800.0;-195600.0;-183900.0;-9200.0;4.7;Den Spezialverwaltungen;312
25;Finanzdepartement;2502;Personalamt;;;4910.00;IV Dienstleistungen;-64000.0;-65600.0;-61500.0;1600.0;-2.44;Dem Bereich RAV/LAM/KAST werden;312
25;Finanzdepartement;2503;Lernende und Praktikanten kaufmännischer Bereich;;;3010.00;Löhne des Verwaltungs- und Betriebspersonals;885792.25;1048300.0;954225.85;-162507.75;-15.5;Das Budget für die Lernenden betrug;313
25;Finanzdepartement;2503;Lernende und Praktikanten kaufmännischer Bereich;;;3010.95;Rückerstattungen Taggelder UV, EO, MSE, MV, IV für Verwaltungs- und Betriebspersonal;-442.35;;-3544.35;-442.35;;;313
25;Finanzdepartement;2503;Lernende und Praktikanten kaufmännischer Bereich;;;3050.00;AG-Beiträge AHV, IV, EO, ALV, Verwaltungskosten;51668.3;57800.0;53329.4;-6131.7;-10.61;;313
25;Finanzdepartement;2503;Lernende und Praktikanten kaufmännischer Bereich;;;3052.00;AG-Beiträge an Pensionskassen;15917.7;26800.0;21204.5;-10882.3;-40.61;Der Budgetwert basiert auf einem;313
25;Finanzdepartement;2503;Lernende und Praktikanten kaufmännischer Bereich;;;3053.00;AG-Beiträge an Unfallversicherungen;4801.1;5700.0;5141.7;-898.9;-15.77;;313
25;Finanzdepartement;2503;Lernende und Praktikanten kaufmännischer Bereich;;;3054.00;AG-Beiträge an Familienzulagekassen;10332.8;12600.0;10663.3;-2267.2;-17.99;;313
25;Finanzdepartement;2503;Lernende und Praktikanten kaufmännischer Bereich;;;3059.10;AG-Beiträge Sozialfonds;637.3;900.0;655.65;-262.7;-29.19;;313
25;Finanzdepartement;2503;Lernende und Praktikanten kaufmännischer Bereich;;;3090.00;Aus- und Weiterbildung des eigenen Personals;35424.75;54000.0;43504.7;-18575.25;-34.4;Seit Einführung der BiVo;313
25;Finanzdepartement;2503;Lernende und Praktikanten kaufmännischer Bereich;;;3091.00;Personalwerbung;5389.7;9000.0;8874.55;-3610.3;-40.11;;313
25;Finanzdepartement;2503;Lernende und Praktikanten kaufmännischer Bereich;;;3099.00;Übriger Personalaufwand;3465.6;7700.0;10626.84;-4234.4;-54.99;;313
25;Finanzdepartement;2503;Lernende und Praktikanten kaufmännischer Bereich;;;3102.00;Drucksachen, Publikationen;;100.0;115.0;-100.0;-100.0;;313
25;Finanzdepartement;2503;Lernende und Praktikanten kaufmännischer Bereich;;;3104.00;Lehrmittel;9900.0;8100.0;3600.0;1800.0;22.22;;313
25;Finanzdepartement;2503;Lernende und Praktikanten kaufmännischer Bereich;;;3113.00;Hardware;14555.0;12000.0;3750.9;2555.0;21.29;;313
25;Finanzdepartement;2503;Lernende und Praktikanten kaufmännischer Bereich;;;3130.00;Dienstleistungen Dritter;5979.05;5000.0;5652.9;979.05;19.58;;313
25;Finanzdepartement;2503;Lernende und Praktikanten kaufmännischer Bereich;;;3133.00;Informatik-Nutzungsaufwand;4531.55;9200.0;6295.8;-4668.45;-50.74;;313
25;Finanzdepartement;2503;Lernende und Praktikanten kaufmännischer Bereich;;;3158.00;Unterhalt immaterielle Anlagen;;600.0;749.1;-600.0;-100.0;;313
25;Finanzdepartement;2503;Lernende und Praktikanten kaufmännischer Bereich;;;3170.00;Reisekosten und Spesen;2088.0;800.0;386.55;1288.0;161.0;;313
25;Finanzdepartement;2503;Lernende und Praktikanten kaufmännischer Bereich;;;3199.00;Übriger Betriebsaufwand;;200.0;;-200.0;-100.0;;313
25;Finanzdepartement;2503;Lernende und Praktikanten kaufmännischer Bereich;;;4240.00;Benützungsgebühren und Dienstleistungen;-700.0;-500.0;-491.8;-200.0;40.0;;313
25;Finanzdepartement;2504;Allgemeiner Personalaufwand;;;3010.00;Löhne des Verwaltungs- und Betriebspersonals Die Verbuchung der Prämien zur;3500.0;512000.0;3500.0;-508500.0;-99.32;;314
25;Finanzdepartement;2504;Allgemeiner Personalaufwand;;;3010.93;Temporäre Lohnmassnahmen 2024 - 2028 Für die temporären Verwaltungs- und Betriebspersonal Lohnmassnahmen wurden;745155.0;540000.0;332636.0;205155.0;37.99;;314
25;Finanzdepartement;2504;Allgemeiner Personalaufwand;;;3010.95;Rückerstattungen Taggelder UV, EO, MSE, MV, IV für Verwaltungs- und Betriebspersonal;;-710500.0;;710500.0;-100.0;Entschädigungen der;315
25;Finanzdepartement;2504;Allgemeiner Personalaufwand;;;3020.93;Temporäre Lohnmassnahmen 2024 - 2028 Lehrpersonen;1711206.35;2970000.0;678657.1;-1258793.65;-42.38;"Temporäre Lohnmassnahme; Vgl.";315
25;Finanzdepartement;2504;Allgemeiner Personalaufwand;;;3049.00;Übrige Zulagen;73503.5;70100.0;72584.0;3403.5;4.86;Es handelt sich um Zulagen für;315
25;Finanzdepartement;2504;Allgemeiner Personalaufwand;;;3050.00;AG-Beiträge AHV, IV, EO, ALV, Verwaltungskosten;4935.15;5100.0;4922.7;-164.85;-3.23;;315
25;Finanzdepartement;2504;Allgemeiner Personalaufwand;;;3050.93;Sozialleistungen Temporäre Lohnmassnahmen 2024 - 2028 (3010 + 3020);264708.6;764200.0;110030.1;-499491.4;-65.36;"Temporäre Lohnmassnahme; Vgl.";315
25;Finanzdepartement;2504;Allgemeiner Personalaufwand;;;3052.00;AG-Beiträge an Pensionskassen;;900.0;;-900.0;-100.0;;315
25;Finanzdepartement;2504;Allgemeiner Personalaufwand;;;3053.00;AG-Beiträge an Unfallversicherungen;28282.3;6800.0;15130.9;21482.3;315.92;Die Arbeitgeberbeiträge an die;315
25;Finanzdepartement;2504;Allgemeiner Personalaufwand;;;3054.00;AG-Beiträge an Familienzulagekassen;53962.7;1100.0;21980.15;52862.7;4805.7;Die Arbeitgeberbeiträge an die;315
25;Finanzdepartement;2504;Allgemeiner Personalaufwand;;;3059.00;Übrige AG-Beiträge;0.1;;;0.1;;;315
25;Finanzdepartement;2504;Allgemeiner Personalaufwand;;;3059.10;AG-Beiträge Sozialfonds;3282.25;100.0;1342.5;3182.25;3182.25;Die Arbeitgeberbeiträge an den;316
25;Finanzdepartement;2504;Allgemeiner Personalaufwand;;;3069.10;Nichtwiederwahlrenten;-120569.9;;52539.8;-120569.9;;Die Nichtwiederwahlrenten haben;316
25;Finanzdepartement;2504;Allgemeiner Personalaufwand;;;3091.00;Personalwerbung;169319.52;202000.0;192191.34;-32680.48;-16.18;Die Inseratekosten, welche abhängig;316
25;Finanzdepartement;2504;Allgemeiner Personalaufwand;;;3099.00;Übriger Personalaufwand;184032.0;255200.0;177355.45;-71168.0;-27.89;Die Mitarbeitenden können Reka-;317
25;Finanzdepartement;2504;Allgemeiner Personalaufwand;;;3102.00;Drucksachen, Publikationen;;;11357.0;;;;317
25;Finanzdepartement;2504;Allgemeiner Personalaufwand;;;3118.00;Immaterielle Anlagen;;10000.0;42661.95;-10000.0;-100.0;Für die Neukonzeption des;317
25;Finanzdepartement;2504;Allgemeiner Personalaufwand;;;3130.00;Dienstleistungen Dritter;147133.69;605000.0;97882.45;-457866.31;-75.68;Der Budgetbetrag für die folgenden;317
25;Finanzdepartement;2504;Allgemeiner Personalaufwand;;;3133.00;Informatik-Nutzungsaufwand;46917.24;115500.0;24985.2;-68582.76;-59.38;Aufgrund der Ablösung des Personal-;317
25;Finanzdepartement;2504;Allgemeiner Personalaufwand;;;3137.00;Steuern und Abgaben;2649.35;;1324.84;2649.35;;;318
25;Finanzdepartement;2504;Allgemeiner Personalaufwand;;;3158.00;Unterhalt immaterielle Anlagen;8509.65;16500.0;30575.13;-7990.35;-48.43;;318
25;Finanzdepartement;2504;Allgemeiner Personalaufwand;;;3400.00;Verzinsung laufende Verbindlichkeiten;859.85;;2012.95;859.85;;;318
25;Finanzdepartement;2504;Allgemeiner Personalaufwand;;;3614.00;Entschädigungen an öffentliche Unternehmungen;5982.75;8000.0;5272.0;-2017.25;-25.22;;318
25;Finanzdepartement;2504;Allgemeiner Personalaufwand;;;3614.95;Staatsbeiträge an PHSH + SH Sonderschulen Temporäre Lohnmassnahmen 2024 - 2028;738897.92;180000.0;178103.5;558897.92;310.5;"Temporäre Lohnmassnahme; Vgl.";318
25;Finanzdepartement;2504;Allgemeiner Personalaufwand;;;3614.96;Staatsbeiträge an PHSH + SH Sozialleistungen Temporäre Lohnmassnahmen 2024 - 2028;129635.83;39200.0;37712.8;90435.83;230.7;"Temporäre Lohnmassnahme; Vgl.";318
25;Finanzdepartement;2504;Allgemeiner Personalaufwand;;;3634.95;Staatsbeiträge an Spitäler Schaffhausen Temporäre Lohnmassnahmen 2024 - 2028;1707418.8;810000.0;587811.4;897418.8;110.79;"Temporäre Lohnmassnahme; Vgl.";318
25;Finanzdepartement;2504;Allgemeiner Personalaufwand;;;3634.96;Staatsbeiträge an Spitäler Schaffhausen Sozialleistungen Temporäre Lohnmassnahmen 2024 - 2028;180477.75;176400.0;62178.6;4077.75;2.31;"Temporäre Lohnmassnahme; Vgl.";318
25;Finanzdepartement;2504;Allgemeiner Personalaufwand;;;4240.00;Benützungsgebühren und Dienstleistungen;-7887.4;-4000.0;-5602.5;-3887.4;97.19;;318
25;Finanzdepartement;2504;Allgemeiner Personalaufwand;;;4612.00;Entschädigungen von Gemeinden und Gemeindezweckverbänden;;-338900.0;;338900.0;-100.0;Der Gemeindeanteil für;318
25;Finanzdepartement;2504;Allgemeiner Personalaufwand;;;4699.10;Rückverteilung CO2-Abgabe;-112000.0;-112000.0;-115095.24;;;;318
25;Finanzdepartement;2506;Sachversicherungen;;;3130.00;Dienstleistungen Dritter;76215.2;59000.0;73358.45;17215.2;29.18;Der Versicherungsbroker wird zu;318
25;Finanzdepartement;2506;Sachversicherungen;;;3134.00;Sachversicherungsprämien;166224.76;170200.0;164561.95;-3975.24;-2.34;;318
25;Finanzdepartement;2506;Sachversicherungen;;;4290.00;Übrige Entgelte;-363739.45;-250000.0;-335171.8;-113739.45;45.5;Die Entschädigungsabrechnung des;319
25;Finanzdepartement;2520;Finanzkontrolle von Kanton und Stadt;;;3010.00;Löhne des Verwaltungs- und Betriebspersonals;1107549.4;1061100.0;1009945.85;46449.4;4.38;Die Überschreitung des;319
25;Finanzdepartement;2520;Finanzkontrolle von Kanton und Stadt;;;3010.95;Rückerstattungen Taggelder UV, EO, MSE, MV, IV für Verwaltungs- und Betriebspersonal;;;-4736.85;;;;319
25;Finanzdepartement;2520;Finanzkontrolle von Kanton und Stadt;;;3050.00;AG-Beiträge AHV, IV, EO, ALV, Verwaltungskosten;71173.7;69000.0;68499.6;2173.7;3.15;;319
25;Finanzdepartement;2520;Finanzkontrolle von Kanton und Stadt;;;3052.00;AG-Beiträge an Pensionskassen;152683.2;141600.0;149043.05;11083.2;7.83;Die Überschreitung der;319
25;Finanzdepartement;2520;Finanzkontrolle von Kanton und Stadt;;;3053.00;AG-Beiträge an Unfallversicherungen;5602.15;5700.0;5136.85;-97.85;-1.72;;319
25;Finanzdepartement;2520;Finanzkontrolle von Kanton und Stadt;;;3054.00;AG-Beiträge an Familienzulagekassen;14398.45;13800.0;13793.7;598.45;4.34;;319
25;Finanzdepartement;2520;Finanzkontrolle von Kanton und Stadt;;;3059.10;AG-Beiträge Sozialfonds;827.3;800.0;812.25;27.3;3.41;;319
25;Finanzdepartement;2520;Finanzkontrolle von Kanton und Stadt;;;3090.00;Aus- und Weiterbildung des eigenen Personals;16659.8;27000.0;13840.14;-10340.2;-38.3;Die Pflichtausbildungen konnten;319
25;Finanzdepartement;2520;Finanzkontrolle von Kanton und Stadt;;;3099.00;Übriger Personalaufwand;640.0;2000.0;720.0;-1360.0;-68.0;;319
25;Finanzdepartement;2520;Finanzkontrolle von Kanton und Stadt;;;3100.00;Büromaterial;327.61;1500.0;4703.41;-1172.39;-78.16;;320
25;Finanzdepartement;2520;Finanzkontrolle von Kanton und Stadt;;;3101.00;Betriebs- und Verbrauchsmaterial;727.65;;734.55;727.65;;;320
25;Finanzdepartement;2520;Finanzkontrolle von Kanton und Stadt;;;3103.00;Fachliteratur, Zeitschriften;1055.5;1800.0;1182.05;-744.5;-41.36;;320
25;Finanzdepartement;2520;Finanzkontrolle von Kanton und Stadt;;;3110.00;Büromöbel und -geräte;;4000.0;1980.54;-4000.0;-100.0;;320
25;Finanzdepartement;2520;Finanzkontrolle von Kanton und Stadt;;;3113.00;Hardware;;1500.0;1362.35;-1500.0;-100.0;;320
25;Finanzdepartement;2520;Finanzkontrolle von Kanton und Stadt;;;3118.00;Immaterielle Anlagen;;1500.0;;-1500.0;-100.0;;320
25;Finanzdepartement;2520;Finanzkontrolle von Kanton und Stadt;;;3120.00;Ver- und Entsorgung Liegenschaften VV;4003.4;2300.0;2400.25;1703.4;74.06;;320
25;Finanzdepartement;2520;Finanzkontrolle von Kanton und Stadt;;;3130.00;Dienstleistungen Dritter;9385.76;19500.0;8558.64;-10114.24;-51.87;Die budgetierte externe Prüfung des;320
25;Finanzdepartement;2520;Finanzkontrolle von Kanton und Stadt;;;3132.00;Honorare externe Berater, Gutachter, Fachexperten etc.;36616.05;10000.0;36390.78;26616.05;266.16;Eine ursprünglich 2023 budgetierte;320
25;Finanzdepartement;2520;Finanzkontrolle von Kanton und Stadt;;;3133.00;Informatik-Nutzungsaufwand;48070.5;46600.0;45199.3;1470.5;3.16;;320
25;Finanzdepartement;2520;Finanzkontrolle von Kanton und Stadt;;;3134.00;Sachversicherungsprämien;7372.6;8000.0;7970.4;-627.4;-7.84;;320
25;Finanzdepartement;2520;Finanzkontrolle von Kanton und Stadt;;;3158.00;Unterhalt immaterielle Anlagen;15557.68;18000.0;17453.76;-2442.32;-13.57;;320
25;Finanzdepartement;2520;Finanzkontrolle von Kanton und Stadt;;;3160.00;Mieten und Pachten Liegenschaften;37666.8;36400.0;37666.8;1266.8;3.48;;320
25;Finanzdepartement;2520;Finanzkontrolle von Kanton und Stadt;;;3161.00;Mieten, Benützungskosten Anlagen;;8000.0;5285.6;-8000.0;-100.0;;320
25;Finanzdepartement;2520;Finanzkontrolle von Kanton und Stadt;;;3170.00;Reisekosten und Spesen;5363.45;5000.0;6330.25;363.45;7.27;;320
25;Finanzdepartement;2520;Finanzkontrolle von Kanton und Stadt;;;3910.00;IV Dienstleistungen;7069.3;3000.0;4624.15;4069.3;135.64;;320
25;Finanzdepartement;2520;Finanzkontrolle von Kanton und Stadt;;;4240.00;Benützungsgebühren und Dienstleistungen;-76823.95;-33000.0;-64899.55;-43823.95;132.8;Überschreitung infolge von;320
25;Finanzdepartement;2520;Finanzkontrolle von Kanton und Stadt;;;4610.00;Entschädigungen vom Bund;-7500.0;-32500.0;-7500.0;25000.0;-76.92;Unterschreitungen infolge von;321
25;Finanzdepartement;2520;Finanzkontrolle von Kanton und Stadt;;;4612.10;Entschädigungen von innerkantonalen Gemeinden und Gemeindezweckverbänden;-455642.05;-449700.0;-457180.8;-5942.05;1.32;;321
25;Finanzdepartement;2522;Finanzverwaltung;;;3010.00;Löhne des Verwaltungs- und Betriebspersonals;1476991.1;1460200.0;1465947.9;16791.1;1.15;;321
25;Finanzdepartement;2522;Finanzverwaltung;;;3010.95;Rückerstattungen Taggelder UV, EO, MSE, MV, IV für Verwaltungs- und Betriebspersonal;-1101.0;;-11678.45;-1101.0;;;321
25;Finanzdepartement;2522;Finanzverwaltung;;;3050.00;AG-Beiträge AHV, IV, EO, ALV, Verwaltungskosten;93274.85;94900.0;91413.25;-1625.15;-1.71;;321
25;Finanzdepartement;2522;Finanzverwaltung;;;3052.00;AG-Beiträge an Pensionskassen;175622.45;195000.0;198329.5;-19377.55;-9.94;;321
25;Finanzdepartement;2522;Finanzverwaltung;;;3053.00;AG-Beiträge an Unfallversicherungen;7660.75;7900.0;7526.9;-239.25;-3.03;;321
25;Finanzdepartement;2522;Finanzverwaltung;;;3054.00;AG-Beiträge an Familienzulagekassen;18928.45;19000.0;18712.5;-71.55;-0.38;;321
25;Finanzdepartement;2522;Finanzverwaltung;;;3059.10;AG-Beiträge Sozialfonds;1065.6;1100.0;993.2;-34.4;-3.13;;321
25;Finanzdepartement;2522;Finanzverwaltung;;;3064.00;Überbrückungsrenten;20744.0;;-2001.0;20744.0;;Der vorzeitige Übertritt in den;321
25;Finanzdepartement;2522;Finanzverwaltung;;;3090.00;Aus- und Weiterbildung des eigenen Personals;6444.5;12200.0;6344.4;-5755.5;-47.18;;321
25;Finanzdepartement;2522;Finanzverwaltung;;;3099.00;Übriger Personalaufwand;9397.4;4400.0;4330.0;4997.4;113.58;;321
25;Finanzdepartement;2522;Finanzverwaltung;;;3100.00;Büromaterial;5195.95;6700.0;7058.09;-1504.05;-22.45;;321
25;Finanzdepartement;2522;Finanzverwaltung;;;3103.00;Fachliteratur, Zeitschriften;275.2;600.0;522.4;-324.8;-54.13;;321
25;Finanzdepartement;2522;Finanzverwaltung;;;3110.00;Büromöbel und -geräte;5082.85;;;5082.85;;;321
25;Finanzdepartement;2522;Finanzverwaltung;;;3113.00;Hardware;114.0;600.0;2196.0;-486.0;-81.0;;321
25;Finanzdepartement;2522;Finanzverwaltung;;;3118.00;Immaterielle Anlagen;;;-15437.25;;;;321
25;Finanzdepartement;2522;Finanzverwaltung;;;3130.00;Dienstleistungen Dritter;147108.49;114800.0;132918.99;32308.49;28.14;Budgetabweichung aufgrund einer;321
25;Finanzdepartement;2522;Finanzverwaltung;;;3133.00;Informatik-Nutzungsaufwand;281740.85;323600.0;270460.08;-41859.15;-12.94;Die Budgetunterschreitung ist im;321
25;Finanzdepartement;2522;Finanzverwaltung;;;3134.00;Sachversicherungsprämien;450.0;500.0;500.0;-50.0;-10.0;;322
25;Finanzdepartement;2522;Finanzverwaltung;;;3150.00;Unterhalt Büromöbel und -geräte;;;757.8;;;;322
25;Finanzdepartement;2522;Finanzverwaltung;;;3153.00;Informatik-Unterhalt (Hardware);578.88;;;578.88;;;322
25;Finanzdepartement;2522;Finanzverwaltung;;;3158.00;Unterhalt immaterielle Anlagen Für in den Vorjahren;-10100.0;10200.0;20181.8;-20300.0;-199.02;nicht;322
25;Finanzdepartement;2522;Finanzverwaltung;;;3161.00;Mieten, Benützungskosten Anlagen;;;10334.55;;;;322
25;Finanzdepartement;2522;Finanzverwaltung;;;3170.00;Reisekosten und Spesen;2340.85;800.0;1074.95;1540.85;192.61;;322
25;Finanzdepartement;2522;Finanzverwaltung;;;3199.00;Übriger Betriebsaufwand;;;7296.05;;;;322
25;Finanzdepartement;2522;Finanzverwaltung;;;3400.00;Verzinsung laufende Verbindlichkeiten;;;751.0;;;;322
25;Finanzdepartement;2522;Finanzverwaltung;;;3499.00;Übriger Finanzaufwand Kontoführungsgebühren;26813.84;;;26813.84;;und Spesen;322
25;Finanzdepartement;2522;Finanzverwaltung;;;3910.00;IV Dienstleistungen;764.5;;180.0;764.5;;;322
25;Finanzdepartement;2522;Finanzverwaltung;;;3910.10;IV Betreibungskosten;146796.65;145000.0;152765.55;1796.65;1.24;;322
25;Finanzdepartement;2522;Finanzverwaltung;;;4210.00;Gebühren für Amtshandlungen;;;-200.0;;;;322
25;Finanzdepartement;2522;Finanzverwaltung;;;4240.00;Benützungsgebühren und Dienstleistungen Der Verwaltungskostenbeitrag;-12000.0;;-20152.85;-12000.0;;der;322
25;Finanzdepartement;2522;Finanzverwaltung;;;4260.00;Rückerstattungen und Kostenbeteiligungen Dritter;-87853.42;-80000.0;-86304.25;-7853.42;9.82;;322
25;Finanzdepartement;2522;Finanzverwaltung;;;4290.00;Übrige Entgelte;-117932.84;-130000.0;-129685.5;12067.16;-9.28;;323
25;Finanzdepartement;2522;Finanzverwaltung;;;4614.00;Entschädigungen von öffentlichen Unternehmungen;;-25000.0;;25000.0;-100.0;Der Verwaltungskostenbeitrag der;323
25;Finanzdepartement;2522;Finanzverwaltung;;;4910.00;IV Dienstleistungen;-1514.5;;-3382.7;-1514.5;;;323
25;Finanzdepartement;2524;Steuerverwaltung;;;3010.00;Löhne des Verwaltungs- und Betriebspersonals;6429939.15;6352800.0;6107095.3;77139.15;1.21;Verschiedene längere unfall- und;323
25;Finanzdepartement;2524;Steuerverwaltung;;;3010.95;Rückerstattungen Taggelder UV, EO, MSE, MV, IV für Verwaltungs- und Betriebspersonal;-18546.35;;-50560.1;-18546.35;;;323
25;Finanzdepartement;2524;Steuerverwaltung;;;3050.00;AG-Beiträge AHV, IV, EO, ALV, Verwaltungskosten;413428.5;412900.0;390245.15;528.5;0.13;;323
25;Finanzdepartement;2524;Steuerverwaltung;;;3052.00;AG-Beiträge an Pensionskassen;904006.45;848200.0;883941.3;55806.45;6.58;;323
25;Finanzdepartement;2524;Steuerverwaltung;;;3053.00;AG-Beiträge an Unfallversicherungen;33821.25;34300.0;32078.85;-478.75;-1.4;;323
25;Finanzdepartement;2524;Steuerverwaltung;;;3054.00;AG-Beiträge an Familienzulagekassen;83119.95;82600.0;78384.0;519.95;0.63;;323
25;Finanzdepartement;2524;Steuerverwaltung;;;3059.10;AG-Beiträge Sozialfonds;4959.75;5100.0;4693.45;-140.25;-2.75;;323
25;Finanzdepartement;2524;Steuerverwaltung;;;3064.00;Überbrückungsrenten;21546.0;;14622.0;21546.0;;Der vorzeitige Übertritt in den;323
25;Finanzdepartement;2524;Steuerverwaltung;;;3090.00;Aus- und Weiterbildung des eigenen Personals;21791.61;58000.0;22847.17;-36208.39;-62.43;Aufgrund von krankheitsbedingten;323
25;Finanzdepartement;2524;Steuerverwaltung;;;3091.00;Personalwerbung;;2000.0;;-2000.0;-100.0;;323
25;Finanzdepartement;2524;Steuerverwaltung;;;3099.00;Übriger Personalaufwand;18860.0;14000.0;8202.4;4860.0;34.71;;323
25;Finanzdepartement;2524;Steuerverwaltung;;;3100.00;Büromaterial;11495.86;15000.0;11200.55;-3504.14;-23.36;;323
25;Finanzdepartement;2524;Steuerverwaltung;;;3102.00;Drucksachen, Publikationen;230049.44;261200.0;238704.85;-31150.56;-11.93;Tiefere Verbrauchs-und Portokosten;323
25;Finanzdepartement;2524;Steuerverwaltung;;;3103.00;Fachliteratur, Zeitschriften;7122.82;9000.0;9521.95;-1877.18;-20.86;;323
25;Finanzdepartement;2524;Steuerverwaltung;;;3110.00;Büromöbel und -geräte;;1000.0;;-1000.0;-100.0;;323
25;Finanzdepartement;2524;Steuerverwaltung;;;3113.00;Hardware;11221.15;7400.0;10330.3;3821.15;51.64;;323
25;Finanzdepartement;2524;Steuerverwaltung;;;3118.00;Immaterielle Anlagen;437798.74;435000.0;369717.62;2798.74;0.64;;323
25;Finanzdepartement;2524;Steuerverwaltung;;;3130.00;Dienstleistungen Dritter;111763.27;215400.0;188219.24;-103636.73;-48.11;Ursprünglich hier budgetierte IT-;324
25;Finanzdepartement;2524;Steuerverwaltung;;;3131.00;Planungen und Projektierungen Dritter;33124.56;35000.0;35059.9;-1875.44;-5.36;;324
25;Finanzdepartement;2524;Steuerverwaltung;;;3132.00;Honorare externe Berater, Gutachter, Fachexperten etc.;;30000.0;42688.7;-30000.0;-100.0;In Sachen internationale;324
25;Finanzdepartement;2524;Steuerverwaltung;;;3133.00;Informatik-Nutzungsaufwand;2021636.1;2155600.0;2092857.1;-133963.9;-6.21;Spar- und Effizienzbemühungen;324
25;Finanzdepartement;2524;Steuerverwaltung;;;3153.00;Informatik-Unterhalt (Hardware);1157.77;3000.0;;-1842.23;-61.41;;324
25;Finanzdepartement;2524;Steuerverwaltung;;;3158.00;Unterhalt immaterielle Anlagen;505845.24;745000.0;522116.97;-239154.76;-32.1;Die Abteilung Informatik und;324
25;Finanzdepartement;2524;Steuerverwaltung;;;3161.00;Mieten, Benützungskosten Anlagen;;78500.0;46347.0;-78500.0;-100.0;Ursprünglich hier budgetierte Kosten;324
25;Finanzdepartement;2524;Steuerverwaltung;;;3170.00;Reisekosten und Spesen;22251.45;20000.0;15695.85;2251.45;11.26;;324
25;Finanzdepartement;2524;Steuerverwaltung;;;3199.00;Übriger Betriebsaufwand;20283.08;27000.0;1808.01;-6716.92;-24.88;;324
25;Finanzdepartement;2524;Steuerverwaltung;;;3300.60;Planmässige Abschreibungen Mobilien;723.05;700.0;724.0;23.05;3.29;;324
25;Finanzdepartement;2524;Steuerverwaltung;;;3320.00;Planmässige Abschreibungen immaterielle Anlagen;447652.48;588200.0;447653.0;-140547.52;-23.89;Die Abschreibungskosten fielen tiefer;324
25;Finanzdepartement;2524;Steuerverwaltung;;;3636.00;Beiträge an private Organisationen ohne Erwerbszweck;280.0;300.0;280.0;-20.0;-6.67;;324
25;Finanzdepartement;2524;Steuerverwaltung;;;3900.00;IV Material- und Warenbezüge;;;356.25;;;;324
25;Finanzdepartement;2524;Steuerverwaltung;;;3910.00;IV Dienstleistungen;34183.45;;30421.35;34183.45;;Kosten für notwendige Schätzungen;324
25;Finanzdepartement;2524;Steuerverwaltung;;;3910.10;IV Betreibungskosten;276716.7;250000.0;241232.1;26716.7;10.69;Die Rückerstattung der;324
25;Finanzdepartement;2524;Steuerverwaltung;;;4240.00;Benützungsgebühren und Dienstleistungen;-198.0;-700.0;-279.0;502.0;-71.71;Die Rückerstattung der;325
25;Finanzdepartement;2524;Steuerverwaltung;;;4260.00;Rückerstattungen und Kostenbeteiligungen Dritter;-263649.68;-200000.0;-238368.59;-63649.68;31.82;Die Rückerstattung der;325
25;Finanzdepartement;2524;Steuerverwaltung;;;4290.00;Übrige Entgelte;-1948.8;;-2314.8;-1948.8;;;325
25;Finanzdepartement;2524;Steuerverwaltung;;;4463.00;Öffentliche Unternehmen als Aktiengesellschaft oder andere privatrechtliche Organisationsform;-398.5;;-13990.55;-398.5;;;325
25;Finanzdepartement;2524;Steuerverwaltung;;;4612.10;Entschädigungen von innerkantonalen Gemeinden und Gemeindezweckverbänden;-1018081.8;-985000.0;-996938.2;-33081.8;3.36;Die Entschädigungen von;325
25;Finanzdepartement;2524;Steuerverwaltung;;;4613.00;Entschädigungen von öffentlichen Sozialversicherungen;-39452.0;-38000.0;-36071.0;-1452.0;3.82;;325
25;Finanzdepartement;2528;Salzregal;;;4100.00;Regalien;-8006.8;-8000.0;-7946.65;-6.8;0.09;;325
25;Finanzdepartement;2530;Parkplatzvermietung an Mitarbeitende;;;3137.00;Steuern und Abgaben;11428.23;9400.0;10025.47;2028.23;21.58;;325
25;Finanzdepartement;2530;Parkplatzvermietung an Mitarbeitende;;;3499.00;Übriger Finanzaufwand;56.21;;;56.21;;;325
25;Finanzdepartement;2530;Parkplatzvermietung an Mitarbeitende;;;4470.00;Pacht- und Mietzinse Liegenschaften VV;-215626.2;-178000.0;-189159.65;-37626.2;21.14;Zusätzliche Einnahmen aus;325
25;Finanzdepartement;2532;Ertrag der Aktiv-Kapitalien;;;3419.00;Übrige realisierte Verluste aus Finanzvermögen;885.37;;404.01;885.37;;;325
25;Finanzdepartement;2532;Ertrag der Aktiv-Kapitalien;;;3420.00;Kapitalbeschaffung und -verwaltung;32309.92;25600.0;38336.11;6709.92;26.21;;325
25;Finanzdepartement;2532;Ertrag der Aktiv-Kapitalien;;;3440.00;Wertberichtigungen Finanzanlagen FV;27267.05;;-4211.64;27267.05;;Die Budgetüberschreitung resultiert;326
25;Finanzdepartement;2532;Ertrag der Aktiv-Kapitalien;;;3499.00;Übriger Finanzaufwand;55149.19;51700.0;278833.3;3449.19;6.67;;326
25;Finanzdepartement;2532;Ertrag der Aktiv-Kapitalien;;;3650.40;Wertberichtigungen Beteiligungen an öffentliche Unternehmungen;23424.0;;;23424.0;;Neubewertung und damit;326
25;Finanzdepartement;2532;Ertrag der Aktiv-Kapitalien;;;4391.00;Aufwertungen VV;-70000.0;;-70000.0;-70000.0;;Wertaufholung einer bestehenden;326
25;Finanzdepartement;2532;Ertrag der Aktiv-Kapitalien;;;4400.00;Zinsen flüssige Mittel;-57280.87;-470000.0;-855496.89;412719.13;-87.81;Das Zinsumfeld hat sich im Jahr 2025;326
25;Finanzdepartement;2532;Ertrag der Aktiv-Kapitalien;;;4401.10;Verzugszinsen;-1828.05;-2000.0;-6043.8;171.95;-8.6;;326
25;Finanzdepartement;2532;Ertrag der Aktiv-Kapitalien;;;4402.00;Zinsen Finanzanlagen;-2119221.24;-362500.0;-1871051.1;-1756721.24;484.61;Verstärkte Anlagentätigkeit (vgl.;326
25;Finanzdepartement;2532;Ertrag der Aktiv-Kapitalien;;;4419.10;Kursgewinne Fremdwährungen;-1044.86;;-75344.21;-1044.86;;;326
25;Finanzdepartement;2532;Ertrag der Aktiv-Kapitalien;;;4420.00;Dividenden;-701187.6;-1241900.0;-1022349.7;540712.4;-43.54;Geringere Dividende Elektrizitätswerk;326
25;Finanzdepartement;2532;Ertrag der Aktiv-Kapitalien;;;4429.00;Übriger Beteiligungsertrag;-8382.0;;;-8382.0;;;326
25;Finanzdepartement;2532;Ertrag der Aktiv-Kapitalien;;;4440.00;Wertberichtigungen übrige Finanzanlagen FV;-711442.04;;-763347.24;-711442.04;;Periodische Neubewertung der Aktien;327
25;Finanzdepartement;2532;Ertrag der Aktiv-Kapitalien;;;4451.00;Erträge aus Beteiligungen VV ohne öffentliche Unternehmungen;-498.0;-300.0;-298.0;-198.0;66.0;;327
25;Finanzdepartement;2532;Ertrag der Aktiv-Kapitalien;;;4461.00;Öffentliche Unternehmen der Kantone mit öffentlich- rechtlicher Rechtsform, Konkordate;-433312.5;-543800.0;-362500.0;110487.5;-20.32;Die Verzinsung des Dotationskapitals;327
25;Finanzdepartement;2532;Ertrag der Aktiv-Kapitalien;;;4463.00;Öffentliche Unternehmen als Aktiengesellschaft oder andere privatrechtliche Organisationsform;-52803084.28;-60000.0;-123860.0;-52743084.28;87905.14;Unvorhersehbar hohe;327
25;Finanzdepartement;2532;Ertrag der Aktiv-Kapitalien;;;4464.00;Schweizerische Nationalbank;-7515.0;;;-7515.0;;;327
25;Finanzdepartement;2532;Ertrag der Aktiv-Kapitalien;;;4895.00;Entnahmen aus Aufwert.reserve;-18000.0;;;-18000.0;;Entnahme aus der;327
25;Finanzdepartement;2532;Ertrag der Aktiv-Kapitalien;;;4940.00;IV Kalk. Zinsen und Finanzaufwand;;-300.0;-272.04;300.0;-100.0;;327
25;Finanzdepartement;2534;Verzinsung der Passiv-Kapitalien;;;3137.00;Steuern und Abgaben;9731.91;9700.0;9725.0;31.91;0.33;;327
25;Finanzdepartement;2534;Verzinsung der Passiv-Kapitalien;;;3180.00;Wertberichtigungen auf Forderungen;-3390000.0;;840000.0;-3390000.0;;Teilauflösung des bestehenden;327
25;Finanzdepartement;2534;Verzinsung der Passiv-Kapitalien;;;3400.00;Verzinsung laufende Verbindlichkeiten;;;3353.4;;;;327
25;Finanzdepartement;2534;Verzinsung der Passiv-Kapitalien;;;3401.00;Verzinsung Finanzverbindlichkeiten;510716.71;72400.0;197444.45;438316.71;605.41;Zinsaufwand für im Jahr 2025 neu;327
25;Finanzdepartement;2534;Verzinsung der Passiv-Kapitalien;;;3420.00;Kapitalbeschaffung und -verwaltung;51000.0;;;51000.0;;Angefallene Vergütungen im;327
25;Finanzdepartement;2534;Verzinsung der Passiv-Kapitalien;;;3499.00;Übriger Finanzaufwand;;;1102.65;;;;327
25;Finanzdepartement;2534;Verzinsung der Passiv-Kapitalien;;;3940.00;IV kalk. Zinsen und Finanzaufwand;157442.12;516100.0;337841.42;-358657.88;-69.49;;327
25;Finanzdepartement;2538;Direkte Abgaben;;;3180.00;Wertberichtigungen auf Forderungen;671966.85;;-357655.47;671966.85;;Die Wertberichtigung wird aufgrund;328
25;Finanzdepartement;2538;Direkte Abgaben;;;3181.00;Tatsächliche Forderungsverluste;2051456.3;2500000.0;2209808.38;-448543.7;-17.94;;328
25;Finanzdepartement;2538;Direkte Abgaben;;;3409.10;Ausgleichszinsen positiv;1215750.82;200000.0;305316.07;1015750.82;507.88;Es erfolgte eine Anpassung der;328
25;Finanzdepartement;2538;Direkte Abgaben;;;3637.00;Beiträge an private Haushalte;5500000.5;5500000.0;5355200.05;0.5;;;328
25;Finanzdepartement;2538;Direkte Abgaben;;;4000.00;Einkommenssteuern natürliche Personen;-169412722.55;-162660400.0;-168298543.95;-6752322.55;4.15;;328
25;Finanzdepartement;2538;Direkte Abgaben;;;4001.00;Vermögenssteuer natürliche Personen;-26673518.6;-28100000.0;-25272124.4;1426481.4;-5.08;;328
25;Finanzdepartement;2538;Direkte Abgaben;;;4002.00;Quellensteuern natürliche Personen;-22920319.43;-21300000.0;-20061626.58;-1620319.43;7.61;;328
25;Finanzdepartement;2538;Direkte Abgaben;;;4008.00;Personensteuer;-1595715.65;-1530000.0;-1574928.75;-65715.65;4.3;;328
25;Finanzdepartement;2538;Direkte Abgaben;;;4010.00;Gewinnsteuern juristische Personen;-146448447.34;-165000000.0;-154062284.86;18551552.66;-11.24;;328
25;Finanzdepartement;2538;Direkte Abgaben;;;4011.00;Kapitalsteuern juristische Personen;-7356362.93;-6800000.0;-6420903.62;-556362.93;8.18;;328
25;Finanzdepartement;2538;Direkte Abgaben;;;4022.00;Vermögensgewinnsteuern;-9692785.35;-8800000.0;-7983534.95;-892785.35;10.15;;328
25;Finanzdepartement;2538;Direkte Abgaben;;;4270.00;Bussen;-746818.25;-700000.0;-595726.35;-46818.25;6.69;;328
25;Finanzdepartement;2538;Direkte Abgaben;;;4290.00;Übrige Entgelte;-208195.28;-150000.0;-310291.33;-58195.28;38.8;;328
25;Finanzdepartement;2538;Direkte Abgaben;;;4401.10;Verzugszinsen;-463069.5;-750000.0;-598345.85;286930.5;-38.26;;328
25;Finanzdepartement;2538;Direkte Abgaben;;;4401.20;Ausgleichzinsen negativ;-990250.1;-200000.0;-270380.85;-790250.1;395.13;;328
25;Finanzdepartement;2538;Direkte Abgaben;;;4894.00;Entnahme aus FIPOL;;;-12900000.0;;;;328
25;Finanzdepartement;2540;Erbschafts- und Schenkungssteuern;;;3181.00;Tatsächliche Forderungsverluste;;13500.0;91374.0;-13500.0;-100.0;Die tatsächlichen Forderungsverluste;329
25;Finanzdepartement;2540;Erbschafts- und Schenkungssteuern;;;3637.00;Beiträge an private Haushalte;;;324.0;;;;329
25;Finanzdepartement;2540;Erbschafts- und Schenkungssteuern;;;4024.00;Erbschafts- und Schenkungssteuern;-12325333.4;-7764500.0;-6962355.5;-4560833.4;58.74;Höhere Ertäge aus der Erbschafts-;329
25;Finanzdepartement;2542;Verkehrssteuer auf Motorfahrzeugen;;;3632.10;Beiträge an innerkantonale Gemeinden und Gemeindezweckverbände;5625436.8;5533300.0;5502673.37;92136.8;1.67;Die Gemeinden werden mit einem;329
25;Finanzdepartement;2542;Verkehrssteuer auf Motorfahrzeugen;;;3980.00;Übertragungen;11467329.6;11066700.0;11373638.13;400629.6;3.62;Der Strassenfonds wird mit einem;329
25;Finanzdepartement;2542;Verkehrssteuer auf Motorfahrzeugen;;;4030.00;Verkehrsabgaben;-17092766.4;-16600000.0;-16876311.5;-492766.4;2.97;Höhere Ertäge aus den;329
25;Finanzdepartement;2543;Verkehrssteuer auf Wasserfahrzeugen;;;3631.00;Beiträge an Kantone und Konkordate;31000.0;31000.0;31000.0;;;;329
25;Finanzdepartement;2543;Verkehrssteuer auf Wasserfahrzeugen;;;3930.10;IV Betriebs- und Verwaltungskosten Erhebungskosten des Strassenverkehrs- und Schifffahrtsamtes;26000.0;26000.0;26000.0;;;;329
25;Finanzdepartement;2543;Verkehrssteuer auf Wasserfahrzeugen;;;3930.11;IV Betriebs- und Verwaltungskosten Zuscheidung an Wasserbau und Gewässerschutz;58000.0;58000.0;58000.0;;;;329
25;Finanzdepartement;2543;Verkehrssteuer auf Wasserfahrzeugen;;;3930.12;IV Betriebs- und Verwaltungskosten Zuscheidung an Schaffhauser Polizei;38000.0;38000.0;38000.0;;;;329
25;Finanzdepartement;2543;Verkehrssteuer auf Wasserfahrzeugen;;;3930.13;IV Betriebs- und Verwaltungskosten Zuscheidung an Forstbetriebe;4000.0;4000.0;4000.0;;;;330
25;Finanzdepartement;2543;Verkehrssteuer auf Wasserfahrzeugen;;;3980.00;Übertragungen;26367.0;33000.0;29501.0;-6633.0;-20.1;;330
25;Finanzdepartement;2543;Verkehrssteuer auf Wasserfahrzeugen;;;4031.00;Schiffssteuer;-183367.0;-190000.0;-186501.0;6633.0;-3.49;;330
25;Finanzdepartement;2544;Anteile an Abgaben und Erträgen des Bundes;;;3180.00;Wertberichtigungen auf Forderungen;136459.95;;11690.36;136459.95;;Die Wertberichtigung wird aufgrund;330
25;Finanzdepartement;2544;Anteile an Abgaben und Erträgen des Bundes;;;3631.00;Beiträge an Kantone und Konkordate;180621.95;176400.0;191485.9;4221.95;2.39;;330
25;Finanzdepartement;2544;Anteile an Abgaben und Erträgen des Bundes;;;3632.10;Beiträge an innerkantonale Gemeinden und Gemeindezweckverbände;1246666.0;1215100.0;1225479.0;31566.0;2.6;Der Kantonsanteil am Ertrag der Eidg.;330
25;Finanzdepartement;2544;Anteile an Abgaben und Erträgen des Bundes;;;3632.16;Anteil der Gemeinden an Direkter Bundessteuer;13417567.0;10728000.0;10330966.0;2689567.0;25.07;Durch die Erhöhung des;330
25;Finanzdepartement;2544;Anteile an Abgaben und Erträgen des Bundes;;;3980.00;Übertragungen;5925147.55;5782600.0;6089189.1;142547.55;2.47;;330
25;Finanzdepartement;2544;Anteile an Abgaben und Erträgen des Bundes;;;4600.00;Anteil an Direkter Bundessteuer;-155642913.92;-145156000.0;-135492606.05;-10486913.92;7.22;Der Anteil des Kantons an der;330
25;Finanzdepartement;2544;Anteile an Abgaben und Erträgen des Bundes;;;4600.10;Anteil an Verrechnungssteuer;-7824857.0;-5804000.0;-8073043.0;-2020857.0;34.82;Der Anteil des Kantons an der;330
25;Finanzdepartement;2544;Anteile an Abgaben und Erträgen des Bundes;;;4600.50;Anteil am Ertrag der Eidg. Mineralölsteuer;-3702200.0;-3645300.0;-3748328.0;-56900.0;1.56;Der Ertrag des Bundes aus der Eidg.;331
25;Finanzdepartement;2544;Anteile an Abgaben und Erträgen des Bundes;;;4600.80;Anteil am Ertrag LSVA;-3612438.5;-3528800.0;-3829718.0;-83638.5;2.37;Der Anteil des Kantons an der;331
25;Finanzdepartement;2544;Anteile an Abgaben und Erträgen des Bundes;;;4600.91;Rückerstattung Mehrwertsteuer Büsingen;-538145.0;-440000.0;-502481.0;-98145.0;22.31;Die tatsächliche Rückerstattung der;331
25;Finanzdepartement;2544;Anteile an Abgaben und Erträgen des Bundes;;;4894.00;Entnahme aus FIPOL;-33100000.0;-33100000.0;;;;;331
25;Finanzdepartement;2545;Interkantonaler Finanzausgleich;;;3621.10;NFA Zahlungen an Ressourcenausgleich;5283633.0;5300000.0;;-16367.0;-0.31;Zum Budgetierungszeitpunkt sind;331
25;Finanzdepartement;2545;Interkantonaler Finanzausgleich;;;3621.11;NFA RST Ressourcenausgleich;;60200000.0;;-60200000.0;-100.0;Die budgetierte NFA-Rückstellung in;331
25;Finanzdepartement;2545;Interkantonaler Finanzausgleich;;;3621.40;NFA Zahlungen an Härteausgleich;591764.0;592000.0;650940.0;-236.0;-0.04;;331
25;Finanzdepartement;2545;Interkantonaler Finanzausgleich;;;3894.00;Einlagen in FIPOL;22900000.0;;71700000.0;22900000.0;;Die NFA-Zahlungen sind bis 2030;331
25;Finanzdepartement;2545;Interkantonaler Finanzausgleich;;;4620.10;NFA Ressourcenausgleich Anteil Bund;;;-450.0;;;;331
25;Finanzdepartement;2545;Interkantonaler Finanzausgleich;;;4620.20;NFA sozio-demografischer Ausgleich Bund;-83746.0;-84000.0;;254.0;-0.3;;331
25;Finanzdepartement;2545;Interkantonaler Finanzausgleich;;;4620.90;NFA Übrige Massnahmen des Finanzausgleichs;;;-1910722.0;;;;331
25;Finanzdepartement;2545;Interkantonaler Finanzausgleich;;;4621.10;NFA Ressourcenausgleich Anteil Kantone;;;-300.0;;;;331
25;Finanzdepartement;2545;Interkantonaler Finanzausgleich;;;4894.00;Entnahme aus FIPOL;-5283633.0;-5300000.0;;16367.0;-0.31;Zum Budgetierungszeitpunkt sind;331
25;Finanzdepartement;2546;Verschiedene Erträge;;;3199.00;Übriger Betriebsaufwand;;;867202.0;;;;332
25;Finanzdepartement;2546;Verschiedene Erträge;;;4110.00;Anteil am Reingewinn der SNB;-23990708.0;-4500000.0;;-19490708.0;433.13;Zum Zeitpunkt der Budgetierung war;332
25;Finanzdepartement;2546;Verschiedene Erträge;;;4461.10;Anteil am Ergebnis der Schaffhauser Kantonalbank;-45062152.0;-40000000.0;-46400000.0;-5062152.0;12.66;Das Ergebnis der Schaffhauser;332
25;Finanzdepartement;2546;Verschiedene Erträge;;;4461.30;Anteil am Ergebnis der KSD (bis vor Umwandlung in ITSH);;;-3448588.0;;;;332
25;Finanzdepartement;2546;Verschiedene Erträge;;;4463.10;Anteil am Ergebnis der Elektrizitätswerk des Kantons Schaffhausen AG (EKS);-1040349.0;-1290000.0;-1522860.6;249651.0;-19.35;Geringere Dividende Elektrizitätswerk;332
25;Finanzdepartement;2546;Verschiedene Erträge;;;4895.00;Entnahmen aus Aufwert.reserve;-1117800.0;-1123800.0;-1123800.0;6000.0;-0.53;;332
25;Finanzdepartement;2550;Schaffhauser Polizei;;;3000.10;Sitzungsgelder Kommissionen;479.0;400.0;400.0;79.0;19.75;;332
25;Finanzdepartement;2550;Schaffhauser Polizei;;;3010.00;Löhne des Verwaltungs- und Betriebspersonals;23358170.6;24347300.0;22258896.7;-989129.4;-4.06;Die Lohnkosten fielen wegen der;332
25;Finanzdepartement;2550;Schaffhauser Polizei;;;3010.95;Rückerstattungen Taggelder UV, EO, MSE, MV, IV für Verwaltungs- und Betriebspersonal;-178670.55;-100000.0;-105506.35;-78670.55;78.67;;332
25;Finanzdepartement;2550;Schaffhauser Polizei;;;3049.00;Übrige Zulagen;2111108.2;2166300.0;1761581.65;-55191.8;-2.55;Der eingerechnete Puffer von Fr.;332
25;Finanzdepartement;2550;Schaffhauser Polizei;;;3050.00;AG-Beiträge AHV, IV, EO, ALV, Verwaltungskosten;1605567.4;1586900.0;1517762.25;18667.4;1.18;;332
25;Finanzdepartement;2550;Schaffhauser Polizei;;;3052.00;AG-Beiträge an Pensionskassen;3031218.95;3259400.0;2948315.7;-228181.05;-7.0;;332
25;Finanzdepartement;2550;Schaffhauser Polizei;;;3053.00;AG-Beiträge an Unfallversicherungen;132333.95;131800.0;125350.65;533.95;0.41;;332
25;Finanzdepartement;2550;Schaffhauser Polizei;;;3054.00;AG-Beiträge an Familienzulagekassen;321517.8;317400.0;303845.35;4117.8;1.3;;332
25;Finanzdepartement;2550;Schaffhauser Polizei;;;3059.10;AG-Beiträge Sozialfonds;19633.8;19500.0;18557.3;133.8;0.69;;332
25;Finanzdepartement;2550;Schaffhauser Polizei;;;3064.00;Überbrückungsrenten;42741.0;10000.0;5660.0;32741.0;327.41;Der vorzeitige Übertritt in den;333
25;Finanzdepartement;2550;Schaffhauser Polizei;;;3069.00;Übrige Arbeitgeberleistungen;786.8;1000.0;;-213.2;-21.32;;333
25;Finanzdepartement;2550;Schaffhauser Polizei;;;3090.00;Aus- und Weiterbildung des eigenen Personals;310375.14;337800.0;336849.63;-27424.86;-8.12;Nicht alle budgetierten Kurse und;333
25;Finanzdepartement;2550;Schaffhauser Polizei;;;3091.00;Personalwerbung;67732.35;70000.0;63044.7;-2267.65;-3.24;;333
25;Finanzdepartement;2550;Schaffhauser Polizei;;;3099.00;Übriger Personalaufwand;170546.52;100600.0;129986.2;69946.52;69.53;Zusätzliche Einsätze und;333
25;Finanzdepartement;2550;Schaffhauser Polizei;;;3100.00;Büromaterial;24515.57;32200.0;20538.1;-7684.43;-23.86;;333
25;Finanzdepartement;2550;Schaffhauser Polizei;;;3101.00;Betriebs- und Verbrauchsmaterial;168261.71;241300.0;135667.53;-73038.29;-30.27;Tiefere Benzin- und Dieselpreise;333
25;Finanzdepartement;2550;Schaffhauser Polizei;;;3102.00;Drucksachen, Publikationen;31902.1;42500.0;26427.5;-10597.9;-24.94;Weniger Ausgaben für Drucksachen;333
25;Finanzdepartement;2550;Schaffhauser Polizei;;;3103.00;Fachliteratur, Zeitschriften;13722.85;19900.0;12555.81;-6177.15;-31.04;;333
25;Finanzdepartement;2550;Schaffhauser Polizei;;;3106.00;Medizinisches Material;18873.69;21500.0;12600.31;-2626.31;-12.22;;333
25;Finanzdepartement;2550;Schaffhauser Polizei;;;3110.00;Büromöbel und -geräte;2856.8;5000.0;9485.5;-2143.2;-42.86;;333
25;Finanzdepartement;2550;Schaffhauser Polizei;;;3111.00;Maschinen, Geräte und Fahrzeuge;1214022.02;1207300.0;1472217.18;6722.02;0.56;;333
25;Finanzdepartement;2550;Schaffhauser Polizei;;;3112.00;Kleider, Wäsche, Vorhänge;322471.89;362700.0;408006.31;-40228.11;-11.09;Tiefere Ausgaben, da weniger;333
25;Finanzdepartement;2550;Schaffhauser Polizei;;;3113.00;Hardware;686067.69;652700.0;597831.19;33367.69;5.11;Zusätzliche Aufwände durch die;333
25;Finanzdepartement;2550;Schaffhauser Polizei;;;3118.00;Immaterielle Anlagen;114021.47;102800.0;78444.82;11221.47;10.92;;333
25;Finanzdepartement;2550;Schaffhauser Polizei;;;3130.00;Dienstleistungen Dritter;1505393.93;1518000.0;1270370.96;-12606.07;-0.83;;333
25;Finanzdepartement;2550;Schaffhauser Polizei;;;3132.00;Honorare externe Berater, Gutachter, Fachexperten etc. Mehrausgaben durch zusätzliche;34227.15;17000.0;48613.65;17227.15;101.34;;334
25;Finanzdepartement;2550;Schaffhauser Polizei;;;3133.00;Informatik-Nutzungsaufwand Für die Nutzung des Kapo-Datacenter;352854.64;279400.0;340931.04;73454.64;26.29;;334
25;Finanzdepartement;2550;Schaffhauser Polizei;;;3134.00;Sachversicherungsprämien;29000.37;24300.0;24175.45;4700.37;19.34;;334
25;Finanzdepartement;2550;Schaffhauser Polizei;;;3137.00;Steuern und Abgaben;14140.62;10400.0;13580.07;3740.62;35.97;;334
25;Finanzdepartement;2550;Schaffhauser Polizei;;;3140.00;Unterhalt Grundstücke;69456.35;70000.0;4646.7;-543.65;-0.78;;334
25;Finanzdepartement;2550;Schaffhauser Polizei;;;3151.00;Unterhalt Maschinen, Geräte, Fahrzeuge Zusätzliche Kosten für aufwändige;1060164.95;821800.0;955873.77;238364.95;29.01;;334
25;Finanzdepartement;2550;Schaffhauser Polizei;;;3153.00;Informatik-Unterhalt (Hardware);3738.91;10200.0;6776.15;-6461.09;-63.34;;334
25;Finanzdepartement;2550;Schaffhauser Polizei;;;3158.00;Unterhalt immaterielle Anlagen Geringere Aufwände für Software-;751348.7;995700.0;684516.4;-244351.3;-24.54;;334
25;Finanzdepartement;2550;Schaffhauser Polizei;;;3160.00;Mieten und Pachten Liegenschaften;26516.8;35800.0;49099.05;-9283.2;-25.93;;334
25;Finanzdepartement;2550;Schaffhauser Polizei;;;3161.00;Mieten, Benützungskosten Anlagen Tiefere Kosten durch noch nicht;372159.8;459600.0;447759.72;-87440.2;-19.03;;334
25;Finanzdepartement;2550;Schaffhauser Polizei;;;3170.00;Reisekosten und Spesen Mehraufwände für Reisekosten und;117915.6;91000.0;106539.95;26915.6;29.58;;334
25;Finanzdepartement;2550;Schaffhauser Polizei;;;3181.00;Tatsächliche Forderungsverluste;82469.7;137900.0;136803.79;-55430.3;-40.2;Die tatsächlichen Forderungsverluste;335
25;Finanzdepartement;2550;Schaffhauser Polizei;;;3190.00;Schadenersatzleistungen;10629.4;10000.0;8115.3;629.4;6.29;;335
25;Finanzdepartement;2550;Schaffhauser Polizei;;;3199.00;Übriger Betriebsaufwand;131336.63;128600.0;121097.42;2736.63;2.13;;335
25;Finanzdepartement;2550;Schaffhauser Polizei;;;3300.60;Planmässige Abschreibungen Mobilien;382352.0;338300.0;284999.67;44052.0;13.02;Ein grösseres Projekt konnte 2025;335
25;Finanzdepartement;2550;Schaffhauser Polizei;;;3300.90;Planmässige Abschreibungen übrige Sachanlagen;;;30784.5;;;;335
25;Finanzdepartement;2550;Schaffhauser Polizei;;;3320.00;Planmässige Abschreibungen immaterielle Anlagen;90933.0;85800.0;90933.0;5133.0;5.98;;335
25;Finanzdepartement;2550;Schaffhauser Polizei;;;3499.00;Übriger Finanzaufwand;10333.72;;;10333.72;;Kreditkarten-Spesen, welche nicht auf;335
25;Finanzdepartement;2550;Schaffhauser Polizei;;;3611.00;Entschädigungen an Kantone und Konkordate;422334.9;434600.0;619807.45;-12265.1;-2.82;;335
25;Finanzdepartement;2550;Schaffhauser Polizei;;;3630.00;Beiträge an den Bund;121185.1;232800.0;109420.72;-111614.9;-47.94;Der Beitrag für den Betrieb des;335
25;Finanzdepartement;2550;Schaffhauser Polizei;;;3631.00;Beiträge an Kantone und Konkordate;145763.15;157600.0;159467.05;-11836.85;-7.51;;335
25;Finanzdepartement;2550;Schaffhauser Polizei;;;3636.00;Beiträge an private Organisationen ohne Erwerbszweck;1430.0;2000.0;1362.4;-570.0;-28.5;;335
25;Finanzdepartement;2550;Schaffhauser Polizei;;;3900.00;IV Material- und Warenbezüge;6800.0;10000.0;10262.0;-3200.0;-32.0;;335
25;Finanzdepartement;2550;Schaffhauser Polizei;;;3910.00;IV Dienstleistungen;14094.1;19000.0;11659.0;-4905.9;-25.82;;335
25;Finanzdepartement;2550;Schaffhauser Polizei;;;4210.00;Gebühren für Amtshandlungen;-69036.0;-48600.0;-53610.0;-20436.0;42.05;Mehreinnahmen durch eine grössere;335
25;Finanzdepartement;2550;Schaffhauser Polizei;;;4240.00;Benützungsgebühren und Dienstleistungen;-162511.67;-145800.0;-184267.65;-16711.67;11.46;Mehr ausgestellte Rechnungen für;335
25;Finanzdepartement;2550;Schaffhauser Polizei;;;4250.00;Verkäufe;-31759.26;-6200.0;-6020.01;-25559.26;412.25;Es konnten mehr ausgediente Geräte;335
25;Finanzdepartement;2550;Schaffhauser Polizei;;;4260.00;Rückerstattungen und Kostenbeteiligungen Dritter;-1453.3;-6400.0;-40013.7;4946.7;-77.29;;335
25;Finanzdepartement;2550;Schaffhauser Polizei;;;4270.00;Bussen;-3713306.11;-4500000.0;-4329853.42;786693.89;-17.48;Schwerpunktbildung bei mobilen;336
25;Finanzdepartement;2550;Schaffhauser Polizei;;;4290.00;Übrige Entgelte;-810.0;;;-810.0;;;336
25;Finanzdepartement;2550;Schaffhauser Polizei;;;4301.00;Beschlagnahmte Vermögenswerte;;-700.0;;700.0;-100.0;;336
25;Finanzdepartement;2550;Schaffhauser Polizei;;;4610.00;Entschädigungen vom Bund;-389612.55;-421800.0;-437037.55;32187.45;-7.63;Mindereinnahmen für Verkehrs- und;336
25;Finanzdepartement;2550;Schaffhauser Polizei;;;4610.30;Entschädigungen vom Bund für mobile Schwerverkehrskontrollen;-430892.0;-420000.0;-430892.0;-10892.0;2.59;;336
25;Finanzdepartement;2550;Schaffhauser Polizei;;;4611.00;Entschädigungen von Kantonen und Konkordaten;-500906.96;-387600.0;-432361.3;-113306.96;29.23;Zusätzliche Einnahmen durch;336
25;Finanzdepartement;2550;Schaffhauser Polizei;;;4612.10;Entschädigungen von innerkantonalen Gemeinden und Gemeindezweckverbänden;-30200.8;-27000.0;-27202.95;-3200.8;11.85;;336
25;Finanzdepartement;2550;Schaffhauser Polizei;;;4614.00;Entschädigungen von öffentlichen Unternehmungen;-25783.5;-22400.0;-19951.0;-3383.5;15.1;;336
25;Finanzdepartement;2550;Schaffhauser Polizei;;;4632.10;Laufende Betriebsbeiträge von innerkantonalen Gemeinden und Gemeindezweckverbände;-3138320.0;-3157700.0;-3157721.0;19380.0;-0.61;;336
25;Finanzdepartement;2550;Schaffhauser Polizei;;;4635.00;Beiträge von privaten Unternehmungen;-1800.0;-2600.0;-1800.0;800.0;-30.77;;336
25;Finanzdepartement;2550;Schaffhauser Polizei;;;4636.00;Beiträge von privaten Organisationen ohne Erwerbszweck;-2000.0;-2000.0;-2000.0;;;;336
25;Finanzdepartement;2550;Schaffhauser Polizei;;;4910.00;IV Dienstleistungen;-298717.5;-334000.0;-305036.1;35282.5;-10.56;Mindereinnahmen aus;336
25;Finanzdepartement;2550;Schaffhauser Polizei;;;4930.00;IV Betriebs- und Verwaltungskosten;-38000.0;-38000.0;-38000.0;;;;336
25;Finanzdepartement;2550;Schaffhauser Polizei;;;4980.00;Übertragungen;-2100000.0;-2100000.0;-2100000.0;;;;336
25;Finanzdepartement;2551;Kantonale Feuerpolizei;;;3010.00;Löhne des Verwaltungs- und Betriebspersonals;1018938.6;1076200.0;995660.35;-57261.4;-5.32;Vorläufiger Verzicht auf;337
25;Finanzdepartement;2551;Kantonale Feuerpolizei;;;3010.95;Rückerstattungen Taggelder UV, EO, MSE, MV, IV für Verwaltungs- und Betriebspersonal;;;-3043.8;;;;337
25;Finanzdepartement;2551;Kantonale Feuerpolizei;;;3050.00;AG-Beiträge AHV, IV, EO, ALV, Verwaltungskosten;66180.15;69900.0;64492.3;-3719.85;-5.32;;337
25;Finanzdepartement;2551;Kantonale Feuerpolizei;;;3052.00;AG-Beiträge an Pensionskassen;140133.1;143700.0;145271.8;-3566.9;-2.48;;337
25;Finanzdepartement;2551;Kantonale Feuerpolizei;;;3053.00;AG-Beiträge an Unfallversicherungen;5519.35;5800.0;5357.85;-280.65;-4.84;;337
25;Finanzdepartement;2551;Kantonale Feuerpolizei;;;3054.00;AG-Beiträge an Familienzulagekassen;13237.55;13900.0;12903.9;-662.45;-4.77;;337
25;Finanzdepartement;2551;Kantonale Feuerpolizei;;;3059.10;AG-Beiträge Sozialfonds;814.95;800.0;790.75;14.95;1.87;;337
25;Finanzdepartement;2551;Kantonale Feuerpolizei;;;3090.00;Aus- und Weiterbildung des eigenen Personals;13887.65;16700.0;-9644.02;-2812.35;-16.84;;337
25;Finanzdepartement;2551;Kantonale Feuerpolizei;;;3099.00;Übriger Personalaufwand;800.0;1500.0;2001.25;-700.0;-46.67;;337
25;Finanzdepartement;2551;Kantonale Feuerpolizei;;;3100.00;Büromaterial;1536.04;2400.0;2615.37;-863.96;-36.0;;337
25;Finanzdepartement;2551;Kantonale Feuerpolizei;;;3101.00;Betriebs- und Verbrauchsmaterial;7430.35;9800.0;8411.65;-2369.65;-24.18;;337
25;Finanzdepartement;2551;Kantonale Feuerpolizei;;;3102.00;Drucksachen, Publikationen;2800.05;4500.0;;-1699.95;-37.78;;337
25;Finanzdepartement;2551;Kantonale Feuerpolizei;;;3103.00;Fachliteratur, Zeitschriften;2195.56;4400.0;1570.05;-2204.44;-50.1;;337
25;Finanzdepartement;2551;Kantonale Feuerpolizei;;;3109.00;Übriger Material- und Warenaufwand;;1000.0;;-1000.0;-100.0;;337
25;Finanzdepartement;2551;Kantonale Feuerpolizei;;;3110.00;Büromöbel und -geräte;;1000.0;8810.15;-1000.0;-100.0;;337
25;Finanzdepartement;2551;Kantonale Feuerpolizei;;;3111.00;Maschinen, Geräte und Fahrzeuge;92498.01;160000.0;174925.2;-67501.99;-42.19;Verschiebung der Ersatzbeschaffung;337
25;Finanzdepartement;2551;Kantonale Feuerpolizei;;;3112.00;Kleider, Wäsche, Vorhänge;12413.2;23500.0;10133.85;-11086.8;-47.18;Verzicht auf Ersatzbeschaffung;337
25;Finanzdepartement;2551;Kantonale Feuerpolizei;;;3113.00;Hardware;1066.95;5500.0;5236.6;-4433.05;-80.6;;337
25;Finanzdepartement;2551;Kantonale Feuerpolizei;;;3118.00;Immaterielle Anlagen;101567.3;115000.0;;-13432.7;-11.68;Die Differenz zwischen Budget und Ist;337
25;Finanzdepartement;2551;Kantonale Feuerpolizei;;;3120.00;Ver- und Entsorgung Liegenschaften VV;1143.7;2200.0;1459.4;-1056.3;-48.01;;337
25;Finanzdepartement;2551;Kantonale Feuerpolizei;;;3130.00;Dienstleistungen Dritter;36027.88;42200.0;239866.29;-6172.12;-14.63;;337
25;Finanzdepartement;2551;Kantonale Feuerpolizei;;;3131.00;Planungen und Projektierungen Dritter;-31027.85;15000.0;49523.75;-46027.85;-306.85;Übertrag Fr. 42'000 aus 2024,;338
25;Finanzdepartement;2551;Kantonale Feuerpolizei;;;3132.00;Honorare externe Berater, Gutachter, Fachexperten etc.;23330.15;21000.0;4572.75;2330.15;11.1;;338
25;Finanzdepartement;2551;Kantonale Feuerpolizei;;;3133.00;Informatik-Nutzungsaufwand;272516.58;277200.0;52438.75;-4683.42;-1.69;;338
25;Finanzdepartement;2551;Kantonale Feuerpolizei;;;3134.00;Sachversicherungsprämien;11007.48;12900.0;9759.45;-1892.52;-14.67;;338
25;Finanzdepartement;2551;Kantonale Feuerpolizei;;;3138.00;Kurse, Prüfungen und Beratungen;759090.85;726000.0;643456.67;33090.85;4.56;Bei Budgetierung nicht vorhersehbare;338
25;Finanzdepartement;2551;Kantonale Feuerpolizei;;;3150.00;Unterhalt Büromöbel und -geräte;118.0;800.0;;-682.0;-85.25;;338
25;Finanzdepartement;2551;Kantonale Feuerpolizei;;;3151.00;Unterhalt Maschinen, Geräte, Fahrzeuge;89452.98;96600.0;75914.99;-7147.02;-7.4;;338
25;Finanzdepartement;2551;Kantonale Feuerpolizei;;;3153.00;Informatik-Unterhalt (Hardware);60.0;700.0;;-640.0;-91.43;;338
25;Finanzdepartement;2551;Kantonale Feuerpolizei;;;3158.00;Unterhalt immaterielle Anlagen;61101.09;107000.0;100321.75;-45898.91;-42.9;Budgetvorhersage ITSH;338
25;Finanzdepartement;2551;Kantonale Feuerpolizei;;;3160.00;Mieten und Pachten Liegenschaften;23872.75;27300.0;24742.35;-3427.25;-12.55;;338
25;Finanzdepartement;2551;Kantonale Feuerpolizei;;;3161.00;Mieten, Benützungskosten Anlagen;;;6137.85;;;;338
25;Finanzdepartement;2551;Kantonale Feuerpolizei;;;3170.00;Reisekosten und Spesen;2536.3;6100.0;4196.0;-3563.7;-58.42;;338
25;Finanzdepartement;2551;Kantonale Feuerpolizei;;;3199.00;Übriger Betriebsaufwand;4823.76;5800.0;888.5;-976.24;-16.83;;338
25;Finanzdepartement;2551;Kantonale Feuerpolizei;;;3300.60;Planmässige Abschreibungen Mobilien;92359.0;17400.0;92359.0;74959.0;430.8;Die Abschreibungen für die «Autarke;338
25;Finanzdepartement;2551;Kantonale Feuerpolizei;;;3320.00;Planmässige Abschreibungen immaterielle Anlagen;;40200.0;;-40200.0;-100.0;Vgl. Kommentar Konto 2551.3300.60.;338
25;Finanzdepartement;2551;Kantonale Feuerpolizei;;;3631.00;Beiträge an Kantone und Konkordate;139302.0;129000.0;129985.5;10302.0;7.99;Für Revision Brandschutzrecht vom;338
25;Finanzdepartement;2551;Kantonale Feuerpolizei;;;3910.00;IV Dienstleistungen;11683.5;10700.0;10826.1;983.5;9.19;;338
25;Finanzdepartement;2551;Kantonale Feuerpolizei;;;4210.00;Gebühren für Amtshandlungen;-53660.0;-28000.0;-35705.0;-25660.0;91.64;Deutlich höhere Einnahmen infolge;339
25;Finanzdepartement;2551;Kantonale Feuerpolizei;;;4240.00;Benützungsgebühren und Dienstleistungen;-18302.25;-16000.0;-16419.8;-2302.25;14.39;;339
25;Finanzdepartement;2551;Kantonale Feuerpolizei;;;4250.00;Verkäufe;-7700.0;-10100.0;;2400.0;-23.76;;339
25;Finanzdepartement;2551;Kantonale Feuerpolizei;;;4612.10;Entschädigungen von innerkantonalen Gemeinden und Gemeindezweckverbänden;-14698.05;-8000.0;-6901.0;-6698.05;83.73;;339
25;Finanzdepartement;2551;Kantonale Feuerpolizei;;;4631.00;Beiträge von Kantonen und Konkordaten;-9450.0;;-11230.0;-9450.0;;;339
25;Finanzdepartement;2551;Kantonale Feuerpolizei;;;4980.00;Übertragungen;-2874606.68;-3108900.0;-2801686.55;234293.32;-7.54;;339
25;Finanzdepartement;2553;Schwerverkehrskontrollzentrum Schaffhausen;;;3010.00;Löhne des Verwaltungs- und Betriebspersonals;1524216.0;1565300.0;1469409.0;-41084.0;-2.62;Vakante Stellen konnten nicht;339
25;Finanzdepartement;2553;Schwerverkehrskontrollzentrum Schaffhausen;;;3010.95;Rückerstattungen Taggelder UV, EO, MSE, MV, IV für Verwaltungs- und Betriebspersonal;-3086.5;-1000.0;-157.45;-2086.5;208.65;;339
25;Finanzdepartement;2553;Schwerverkehrskontrollzentrum Schaffhausen;;;3049.00;Übrige Zulagen;55809.6;54200.0;44925.25;1609.6;2.97;;339
25;Finanzdepartement;2553;Schwerverkehrskontrollzentrum Schaffhausen;;;3050.00;AG-Beiträge AHV, IV, EO, ALV, Verwaltungskosten;100662.2;103000.0;96668.7;-2337.8;-2.27;;339
25;Finanzdepartement;2553;Schwerverkehrskontrollzentrum Schaffhausen;;;3052.00;AG-Beiträge an Pensionskassen;200029.2;211600.0;185412.3;-11570.8;-5.47;;339
25;Finanzdepartement;2553;Schwerverkehrskontrollzentrum Schaffhausen;;;3053.00;AG-Beiträge an Unfallversicherungen;8376.2;8500.0;8053.3;-123.8;-1.46;;339
25;Finanzdepartement;2553;Schwerverkehrskontrollzentrum Schaffhausen;;;3054.00;AG-Beiträge an Familienzulagekassen;20127.15;20600.0;19327.5;-472.85;-2.3;;339
25;Finanzdepartement;2553;Schwerverkehrskontrollzentrum Schaffhausen;;;3059.10;AG-Beiträge Sozialfonds;1237.95;1200.0;1193.9;37.95;3.16;;339
25;Finanzdepartement;2553;Schwerverkehrskontrollzentrum Schaffhausen;;;3090.00;Aus- und Weiterbildung des eigenen Personals;33555.15;23400.0;18522.1;10155.15;43.4;Der Nachholbedarf aus früheren;339
25;Finanzdepartement;2553;Schwerverkehrskontrollzentrum Schaffhausen;;;3099.00;Übriger Personalaufwand;821.7;3000.0;607.3;-2178.3;-72.61;;339
25;Finanzdepartement;2553;Schwerverkehrskontrollzentrum Schaffhausen;;;3100.00;Büromaterial;3000.0;3000.0;2900.0;;;;339
25;Finanzdepartement;2553;Schwerverkehrskontrollzentrum Schaffhausen;;;3101.00;Betriebs- und Verbrauchsmaterial;24403.0;28200.0;26590.2;-3797.0;-13.46;;339
25;Finanzdepartement;2553;Schwerverkehrskontrollzentrum Schaffhausen;;;3102.00;Drucksachen, Publikationen;;;218.35;;;;339
25;Finanzdepartement;2553;Schwerverkehrskontrollzentrum Schaffhausen;;;3103.00;Fachliteratur, Zeitschriften;266.0;3500.0;2449.85;-3234.0;-92.4;;339
25;Finanzdepartement;2553;Schwerverkehrskontrollzentrum Schaffhausen;;;3111.00;Maschinen, Geräte und Fahrzeuge;73600.0;73600.0;72133.0;;;;339
25;Finanzdepartement;2553;Schwerverkehrskontrollzentrum Schaffhausen;;;3112.00;Kleider, Wäsche, Vorhänge;38400.0;38400.0;38300.0;;;;339
25;Finanzdepartement;2553;Schwerverkehrskontrollzentrum Schaffhausen;;;3113.00;Hardware;9762.75;30200.0;42463.52;-20437.25;-67.67;Weniger Hardware-Bedarf, da 2024;339
25;Finanzdepartement;2553;Schwerverkehrskontrollzentrum Schaffhausen;;;3130.00;Dienstleistungen Dritter;26001.45;25000.0;25705.15;1001.45;4.01;;340
25;Finanzdepartement;2553;Schwerverkehrskontrollzentrum Schaffhausen;;;3151.00;Unterhalt Maschinen, Geräte, Fahrzeuge;96325.24;83500.0;65041.61;12825.24;15.36;Zusätzliche Wartungs- und;340
25;Finanzdepartement;2553;Schwerverkehrskontrollzentrum Schaffhausen;;;3153.00;Informatik-Unterhalt (Hardware);;1000.0;;-1000.0;-100.0;;340
25;Finanzdepartement;2553;Schwerverkehrskontrollzentrum Schaffhausen;;;3158.00;Unterhalt immaterielle Anlagen;18292.22;18300.0;10615.82;-7.78;-0.04;;340
25;Finanzdepartement;2553;Schwerverkehrskontrollzentrum Schaffhausen;;;3161.00;Mieten, Benützungskosten Anlagen;42644.85;42300.0;43317.8;344.85;0.82;;340
25;Finanzdepartement;2553;Schwerverkehrskontrollzentrum Schaffhausen;;;3170.00;Reisekosten und Spesen;1989.5;2000.0;3002.5;-10.5;-0.53;;340
25;Finanzdepartement;2553;Schwerverkehrskontrollzentrum Schaffhausen;;;3199.00;Übriger Betriebsaufwand;;2000.0;2438.35;-2000.0;-100.0;;340
25;Finanzdepartement;2553;Schwerverkehrskontrollzentrum Schaffhausen;;;3900.00;IV Material- und Warenbezüge;;;800.0;;;;340
25;Finanzdepartement;2553;Schwerverkehrskontrollzentrum Schaffhausen;;;3910.00;IV Dienstleistungen;;;1600.0;;;;340
25;Finanzdepartement;2553;Schwerverkehrskontrollzentrum Schaffhausen;;;4610.20;Entschädigungen vom Bund für Schwerverkehrskontrollen;-2196181.0;-2295400.0;-2186517.0;99219.0;-4.32;Die effektiven Entschädigungen des;340
25;Finanzdepartement;2557;Amt für Bevölkerungsschutz und Armee;;;3010.00;Löhne des Verwaltungs- und Betriebspersonals;1960608.25;2004800.0;1902047.45;-44191.75;-2.2;Vorzeitiger Übertritt in den Ruhestand;340
25;Finanzdepartement;2557;Amt für Bevölkerungsschutz und Armee;;;3010.95;Rückerstattungen Taggelder UV, EO, MSE, MV, IV für Verwaltungs- und Betriebspersonal;-42385.95;-20000.0;-35464.75;-22385.95;111.93;Zusätzliche Diensttage der;340
25;Finanzdepartement;2557;Amt für Bevölkerungsschutz und Armee;;;3049.00;Übrige Zulagen;;1000.0;1006.5;-1000.0;-100.0;;340
25;Finanzdepartement;2557;Amt für Bevölkerungsschutz und Armee;;;3050.00;AG-Beiträge AHV, IV, EO, ALV, Verwaltungskosten;127311.7;130300.0;122972.5;-2988.3;-2.29;;340
25;Finanzdepartement;2557;Amt für Bevölkerungsschutz und Armee;;;3052.00;AG-Beiträge an Pensionskassen;260182.25;267600.0;263169.55;-7417.75;-2.77;;340
25;Finanzdepartement;2557;Amt für Bevölkerungsschutz und Armee;;;3053.00;AG-Beiträge an Unfallversicherungen;10421.75;10800.0;10131.25;-378.25;-3.5;;340
25;Finanzdepartement;2557;Amt für Bevölkerungsschutz und Armee;;;3054.00;AG-Beiträge an Familienzulagekassen;25501.65;26100.0;24619.75;-598.35;-2.29;;340
25;Finanzdepartement;2557;Amt für Bevölkerungsschutz und Armee;;;3059.10;AG-Beiträge Sozialfonds;1553.2;1600.0;1502.25;-46.8;-2.93;;340
25;Finanzdepartement;2557;Amt für Bevölkerungsschutz und Armee;;;3064.00;Überbrückungsrenten;45360.0;;338.0;45360.0;;Der vorzeitige Übertritt in den;340
25;Finanzdepartement;2557;Amt für Bevölkerungsschutz und Armee;;;3090.00;Aus- und Weiterbildung des eigenen Personals;32391.2;46000.0;41839.45;-13608.8;-29.58;Geplante Ausbildungen im Bereich;341
25;Finanzdepartement;2557;Amt für Bevölkerungsschutz und Armee;;;3099.00;Übriger Personalaufwand;19907.5;19600.0;17404.15;307.5;1.57;;341
25;Finanzdepartement;2557;Amt für Bevölkerungsschutz und Armee;;;3100.00;Büromaterial;6095.28;8000.0;6277.61;-1904.72;-23.81;;341
25;Finanzdepartement;2557;Amt für Bevölkerungsschutz und Armee;;;3101.00;Betriebs- und Verbrauchsmaterial;35579.95;48000.0;31499.0;-12420.05;-25.88;Geringerer Treibstoffverbrauch in der;341
25;Finanzdepartement;2557;Amt für Bevölkerungsschutz und Armee;;;3102.00;Drucksachen, Publikationen;5727.45;14000.0;3989.4;-8272.55;-59.09;;341
25;Finanzdepartement;2557;Amt für Bevölkerungsschutz und Armee;;;3103.00;Fachliteratur, Zeitschriften;1122.0;3500.0;1266.9;-2378.0;-67.94;;341
25;Finanzdepartement;2557;Amt für Bevölkerungsschutz und Armee;;;3106.00;Medizinisches Material;4762.63;9000.0;4432.07;-4237.37;-47.08;;341
25;Finanzdepartement;2557;Amt für Bevölkerungsschutz und Armee;;;3110.00;Büromöbel und -geräte;9988.44;13000.0;3036.45;-3011.56;-23.17;;341
25;Finanzdepartement;2557;Amt für Bevölkerungsschutz und Armee;;;3111.00;Maschinen, Geräte und Fahrzeuge;335015.95;436000.0;210746.76;-100984.05;-23.16;Budgetierte Reserve für;341
25;Finanzdepartement;2557;Amt für Bevölkerungsschutz und Armee;;;3112.00;Kleider, Wäsche, Vorhänge;42912.28;66000.0;30006.42;-23087.72;-34.98;Neue Bekleidungsartikel;341
25;Finanzdepartement;2557;Amt für Bevölkerungsschutz und Armee;;;3113.00;Hardware;12696.6;35000.0;41597.5;-22303.4;-63.72;Ersatzbeschaffung Miliz-Laptops;341
25;Finanzdepartement;2557;Amt für Bevölkerungsschutz und Armee;;;3116.00;Medizinische Geräte;5983.64;7000.0;438.9;-1016.36;-14.52;;341
25;Finanzdepartement;2557;Amt für Bevölkerungsschutz und Armee;;;3118.00;Immaterielle Anlagen;7043.5;9800.0;;-2756.5;-28.13;;341
25;Finanzdepartement;2557;Amt für Bevölkerungsschutz und Armee;;;3119.00;Übrige nicht aktivierbare Anlagen;;10000.0;2551.2;-10000.0;-100.0;Keine angefallenen Einsatzkosten im;341
25;Finanzdepartement;2557;Amt für Bevölkerungsschutz und Armee;;;3120.00;Ver- und Entsorgung Liegenschaften VV;37223.7;70000.0;99881.25;-32776.3;-46.82;Tiefere Betriebskosten aufgrund;341
25;Finanzdepartement;2557;Amt für Bevölkerungsschutz und Armee;;;3130.00;Dienstleistungen Dritter Die Kosten für;117154.16;288000.0;156120.55;-170845.84;-59.32;den «E-Alarm» (Fr.;342
25;Finanzdepartement;2557;Amt für Bevölkerungsschutz und Armee;;;3132.00;Honorare externe Berater, Gutachter, Fachexperten etc. Kosten (Fr. 10'000);64600.85;108000.0;12731.3;-43399.15;-40.18;für neue;342
25;Finanzdepartement;2557;Amt für Bevölkerungsschutz und Armee;;;3133.00;Informatik-Nutzungsaufwand Die Kosten für;245258.6;230400.0;175695.75;14858.6;6.45;den «E-Alarm» (Fr.;342
25;Finanzdepartement;2557;Amt für Bevölkerungsschutz und Armee;;;3134.00;Sachversicherungsprämien Tiefere Versicherungsprämien;9870.45;16000.0;11561.97;-6129.55;-38.31;;342
25;Finanzdepartement;2557;Amt für Bevölkerungsschutz und Armee;;;3137.00;Steuern und Abgaben;1440.0;1200.0;1480.0;240.0;20.0;;342
25;Finanzdepartement;2557;Amt für Bevölkerungsschutz und Armee;;;3138.00;Kurse, Prüfungen und Beratungen;237170.04;243000.0;190034.27;-5829.96;-2.4;;342
25;Finanzdepartement;2557;Amt für Bevölkerungsschutz und Armee;;;3140.00;Unterhalt Grundstücke;54907.7;57000.0;2768.35;-2092.3;-3.67;;342
25;Finanzdepartement;2557;Amt für Bevölkerungsschutz und Armee;;;3144.00;Unterhalt Hochbauten, Gebäude;111312.39;120000.0;138034.67;-8687.61;-7.24;;342
25;Finanzdepartement;2557;Amt für Bevölkerungsschutz und Armee;;;3149.00;Unterhalt übrige Sachanlagen;93064.63;34500.0;68554.15;58564.63;169.75;Drei Sirenen mussten ungeplant;343
25;Finanzdepartement;2557;Amt für Bevölkerungsschutz und Armee;;;3151.00;Unterhalt Maschinen, Geräte, Fahrzeuge;66363.41;75000.0;48036.94;-8636.59;-11.52;;343
25;Finanzdepartement;2557;Amt für Bevölkerungsschutz und Armee;;;3158.00;Unterhalt immaterielle Anlagen;39742.4;60800.0;42258.85;-21057.6;-34.63;Verzögerung IT-Projekt «Scan to;343
25;Finanzdepartement;2557;Amt für Bevölkerungsschutz und Armee;;;3160.00;Mieten und Pachten Liegenschaften;;4000.0;5709.8;-4000.0;-100.0;;343
25;Finanzdepartement;2557;Amt für Bevölkerungsschutz und Armee;;;3161.00;Mieten, Benützungskosten Anlagen;;10000.0;21340.75;-10000.0;-100.0;Ab dem Rechnungsjahr 2025 werden;343
25;Finanzdepartement;2557;Amt für Bevölkerungsschutz und Armee;;;3170.00;Reisekosten und Spesen;11306.35;8000.0;10881.35;3306.35;41.33;;343
25;Finanzdepartement;2557;Amt für Bevölkerungsschutz und Armee;;;3181.00;Tatsächliche Forderungsverluste;;1000.0;1815.4;-1000.0;-100.0;;343
25;Finanzdepartement;2557;Amt für Bevölkerungsschutz und Armee;;;3199.00;Übriger Betriebsaufwand;21821.73;34500.0;8681.6;-12678.27;-36.75;Keine Beschaffung von neuen;343
25;Finanzdepartement;2557;Amt für Bevölkerungsschutz und Armee;;;3300.40;Planmässige Abschreibungen Hochbauten;;3700.0;;-3700.0;-100.0;;343
25;Finanzdepartement;2557;Amt für Bevölkerungsschutz und Armee;;;3300.60;Planmässige Abschreibungen Mobilien;74724.0;35400.0;74724.0;39324.0;111.08;Die Abschreibungen für die;343
25;Finanzdepartement;2557;Amt für Bevölkerungsschutz und Armee;;;3632.10;Beiträge an innerkantonale Gemeinden und Gemeindezweckverbände;;55000.0;;-55000.0;-100.0;Beiträge wurden über das Konto;343
25;Finanzdepartement;2557;Amt für Bevölkerungsschutz und Armee;;;3634.00;Beiträge an öffentliche Unternehmungen;3483.9;12500.0;7510.4;-9016.1;-72.13;;343
25;Finanzdepartement;2557;Amt für Bevölkerungsschutz und Armee;;;3637.00;Beiträge an private Haushalte;1355.0;1700.0;1555.0;-345.0;-20.29;;343
25;Finanzdepartement;2557;Amt für Bevölkerungsschutz und Armee;;;3702.10;Durchlaufende Beiträge an Gemeinden und Gemeindezweckverbände;7910.0;25000.0;7910.0;-17090.0;-68.36;Tiefere Beiträge aufgrund Rückgabe;343
25;Finanzdepartement;2557;Amt für Bevölkerungsschutz und Armee;;;3900.00;IV Material- und Warenbezüge;234.05;;1730.05;234.05;;;343
25;Finanzdepartement;2557;Amt für Bevölkerungsschutz und Armee;;;3910.00;IV Dienstleistungen;61938.5;87900.0;71602.7;-25961.5;-29.54;Tiefere Betriebskosten für die;343
25;Finanzdepartement;2557;Amt für Bevölkerungsschutz und Armee;;;3910.10;IV Betreibungskosten;9843.1;30000.0;29184.6;-20156.9;-67.19;Geringere Anzahl Betreibungen im;343
25;Finanzdepartement;2557;Amt für Bevölkerungsschutz und Armee;;;4210.00;Gebühren für Amtshandlungen;-31340.0;-31500.0;-25920.0;160.0;-0.51;;343
25;Finanzdepartement;2557;Amt für Bevölkerungsschutz und Armee;;;4240.00;Benützungsgebühren und Dienstleistungen;-260.0;-300.0;-2970.0;40.0;-13.33;;343
25;Finanzdepartement;2557;Amt für Bevölkerungsschutz und Armee;;;4250.00;Verkäufe;-586.65;-5000.0;-854.48;4413.35;-88.27;;344
25;Finanzdepartement;2557;Amt für Bevölkerungsschutz und Armee;;;4260.00;Rückerstattungen und Kostenbeteiligungen Dritter;-12929.53;-30000.0;-19036.0;17070.47;-56.9;Geringere Anzahl Betreibungen im;344
25;Finanzdepartement;2557;Amt für Bevölkerungsschutz und Armee;;;4270.00;Bussen;-51470.0;-20000.0;-43110.0;-31470.0;157.35;Seit dem Jahr 2025 entfallen Teile der;344
25;Finanzdepartement;2557;Amt für Bevölkerungsschutz und Armee;;;4290.00;Übrige Entgelte;-3321.36;-5000.0;-6514.25;1678.64;-33.57;;344
25;Finanzdepartement;2557;Amt für Bevölkerungsschutz und Armee;;;4309.00;Übrige betriebliche Erträge;-2457.95;;;-2457.95;;;344
25;Finanzdepartement;2557;Amt für Bevölkerungsschutz und Armee;;;4600.20;Anteil am Wehrpflichtersatz;-300950.37;-320000.0;-306349.71;19049.63;-5.95;Einnahmen variieren aufgrund Zu-;344
25;Finanzdepartement;2557;Amt für Bevölkerungsschutz und Armee;;;4610.00;Entschädigungen vom Bund;-155885.05;-133000.0;-177400.65;-22885.05;17.21;Die Leistungsentschädigung 2025;344
25;Finanzdepartement;2557;Amt für Bevölkerungsschutz und Armee;;;4630.00;Beiträge vom Bund;-126122.25;-36000.0;-250430.4;-90122.25;250.34;Rückvergütung drei Sirenen durch;344
25;Finanzdepartement;2557;Amt für Bevölkerungsschutz und Armee;;;4700.00;Durchlaufende Beiträge vom Bund;-7910.0;-25000.0;-7910.0;17090.0;-68.36;Tiefere Beiträge aufgrund Rückgabe;344
25;Finanzdepartement;2598;;2598.7212;Rhein-Fonds;4940.00;IV Kalk. Zinsen und Finanzaufwand;;-900.0;-309.92;900.0;-100.0;;344
25;Finanzdepartement;2598;;2598.7212;Rhein-Fonds;4980.00;Übertragungen;-26367.0;-33000.0;-29501.0;6633.0;-20.1;;344
25;Finanzdepartement;2598;;2598.7212;Rhein-Fonds;9010.00;Abschluss Spezialfinanzierungen und Fonds des Eigenkapitals, Ertragsüberschuss;26367.0;33900.0;29810.92;-7533.0;-22.22;;344
25;Finanzdepartement;2598;;2598.7223;Winkelriedfonds;3440.00;Wertberichtigungen Finanzanlagen FV;30.16;;;30.16;;;344
25;Finanzdepartement;2598;;2598.7223;Winkelriedfonds;3636.00;Beiträge an private Organisationen ohne Erwerbszweck;15800.0;35000.0;31500.0;-19200.0;-54.86;Weniger Unterstützungsanträge.;344
25;Finanzdepartement;2598;;2598.7223;Winkelriedfonds;4402.00;Zinsen Finanzanlagen;-172.2;-200.0;-154.0;27.8;-13.9;;344
25;Finanzdepartement;2598;;2598.7223;Winkelriedfonds;4440.00;Wertberichtigungen übrige Finanzanlagen FV;-1258.27;;-633.24;-1258.27;;;344
25;Finanzdepartement;2598;;2598.7223;Winkelriedfonds;4940.00;IV Kalk. Zinsen und Finanzaufwand;;-1400.0;-449.1;1400.0;-100.0;;344
25;Finanzdepartement;2598;;2598.7223;Winkelriedfonds;9011.00;Abschluss Spezialfinanzierungen und Fonds des Eigenkapitals, Aufwandüberschuss;-14399.69;-33400.0;-30263.66;19000.31;-56.89;Weniger Unterstützungsanträge.;344
25;Finanzdepartement;2598;;2598.7254;Kantonaler Schutzraum-Ersatzabgabefonds (EAG- Fonds);3500.00;Einlagen in Spezialfinanzierungen des Fremdkapitals;212259.75;286700.0;118083.63;-74440.25;-25.96;;345
25;Finanzdepartement;2598;;2598.7254;Kantonaler Schutzraum-Ersatzabgabefonds (EAG- Fonds);3637.00;Beiträge an private Haushalte;19740.25;90000.0;20474.6;-70259.75;-78.07;Es konnten weniger;345
25;Finanzdepartement;2598;;2598.7254;Kantonaler Schutzraum-Ersatzabgabefonds (EAG- Fonds);4200.00;Ersatzabgaben;-232000.0;-350000.0;-129600.0;118000.0;-33.71;Reduzierte Bautätigkeiten allgemein.;345
25;Finanzdepartement;2598;;2598.7254;Kantonaler Schutzraum-Ersatzabgabefonds (EAG- Fonds);4940.00;IV Kalk. Zinsen und Finanzaufwand;;-26700.0;-8958.23;26700.0;-100.0;;345
25;Finanzdepartement;2598;;2598.7256;Brandschutzfonds;3144.00;Unterhalt Hochbauten, Gebäude;108.1;5000.0;194.35;-4891.9;-97.84;;345
25;Finanzdepartement;2598;;2598.7256;Brandschutzfonds;3632.10;Beiträge an innerkantonale Gemeinden und Gemeindezweckverbände;1329971.65;788300.0;688199.2;541671.65;68.71;Es kamen drei ursprünglich für 2024;345
25;Finanzdepartement;2598;;2598.7256;Brandschutzfonds;3634.00;Beiträge an öffentliche Unternehmungen;;9200.0;6670.0;-9200.0;-100.0;;345
25;Finanzdepartement;2598;;2598.7256;Brandschutzfonds;3635.00;Beiträge an private Unternehmungen;13340.0;18400.0;18054.2;-5060.0;-27.5;;345
25;Finanzdepartement;2598;;2598.7256;Brandschutzfonds;3660.20;Planmässige Abschreibungen Invest.beiträge an Gemeinden;637436.0;795000.0;595011.0;-157564.0;-19.82;Tiefere Auszahlung der;345
25;Finanzdepartement;2598;;2598.7256;Brandschutzfonds;3980.00;Übertragungen;2874606.68;3108900.0;2801686.55;-234293.32;-7.54;;345
25;Finanzdepartement;2598;;2598.7256;Brandschutzfonds;4210.10;Brandschutzabgabe;-6310285.11;-6130000.0;-6223358.06;-180285.11;2.94;Höhere;345
25;Finanzdepartement;2598;;2598.7256;Brandschutzfonds;4630.00;Beiträge vom Bund;-251011.0;-191000.0;-251011.0;-60011.0;31.42;Fr. 60'000 Mehreinnahmen für;345
25;Finanzdepartement;2598;;2598.7256;Brandschutzfonds;4634.00;Beiträge von öffentlichen Unternehmungen;-14564.0;-14000.0;-14564.0;-564.0;4.03;;345
25;Finanzdepartement;2598;;2598.7256;Brandschutzfonds;4940.00;IV Kalk. Zinsen und Finanzaufwand;-157402.05;-252200.0;-247074.69;94797.95;-37.59;;345
25;Finanzdepartement;2598;;2598.7256;Brandschutzfonds;9010.00;Abschluss Spezialfinanzierungen und Fonds des Eigenkapitals, Ertragsüberschuss;1877799.73;1862400.0;2626192.45;15399.73;0.83;;345
25;Finanzdepartement;2598;;2598.7755;Dr. Peyer Wildberg'scher Fonds;3420.00;Kapitalbeschaffung und -verwaltung;121481.3;114000.0;117439.05;7481.3;6.56;;346
25;Finanzdepartement;2598;;2598.7755;Dr. Peyer Wildberg'scher Fonds;3502.00;Einlagen in Legate und Stiftungen des Fremdkapitals;694097.25;6000.0;810620.82;688097.25;11468.29;Die Einlagen in oder Entnahmen aus;346
25;Finanzdepartement;2598;;2598.7755;Dr. Peyer Wildberg'scher Fonds;4402.00;Zinsen Finanzanlagen;-147141.7;-120000.0;-136494.35;-27141.7;22.62;Die Zinsen auf die Finanzanlagen des;346
25;Finanzdepartement;2598;;2598.7755;Dr. Peyer Wildberg'scher Fonds;4440.00;Wertberichtigungen übrige Finanzanlagen FV;-668436.85;;-791565.52;-668436.85;;Die Wertberichtigungen der;346
30;Gerichte;3010;Obergericht;;;3000.00;Löhne Behörden, Richter und Richterinnen;1000932.85;952100.0;952125.15;48832.85;5.13;Mehraufwand infolge Mehrarbeit und;347
30;Gerichte;3010;Obergericht;;;3010.00;Löhne des Verwaltungs- und Betriebspersonals;1555117.2;1523400.0;1313650.75;31717.2;2.08;Mehraufwand infolge Mehrarbeit.;347
30;Gerichte;3010;Obergericht;;;3010.95;Rückerstattungen Taggelder UV, EO, MSE, MV, IV für Verwaltungs- und Betriebspersonal;-3335.75;;-774.25;-3335.75;;;347
30;Gerichte;3010;Obergericht;;;3050.00;AG-Beiträge AHV, IV, EO, ALV, Verwaltungskosten;162517.7;160900.0;144715.95;1617.7;1.01;;347
30;Gerichte;3010;Obergericht;;;3052.00;AG-Beiträge an Pensionskassen;322890.3;330500.0;335010.1;-7609.7;-2.3;;347
30;Gerichte;3010;Obergericht;;;3053.00;AG-Beiträge an Unfallversicherungen;12222.4;13400.0;11120.85;-1177.6;-8.79;;347
30;Gerichte;3010;Obergericht;;;3054.00;AG-Beiträge an Familienzulagekassen;33080.6;32200.0;29355.4;880.6;2.73;;347
30;Gerichte;3010;Obergericht;;;3059.10;AG-Beiträge Sozialfonds;1825.7;1900.0;1654.25;-74.3;-3.91;;347
30;Gerichte;3010;Obergericht;;;3090.00;Aus- und Weiterbildung des eigenen Personals;10674.5;16800.0;8521.8;-6125.5;-36.46;;347
30;Gerichte;3010;Obergericht;;;3099.00;Übriger Personalaufwand;13315.35;4900.0;4267.5;8415.35;171.74;;347
30;Gerichte;3010;Obergericht;;;3100.00;Büromaterial;7625.14;8000.0;5632.31;-374.86;-4.69;;347
30;Gerichte;3010;Obergericht;;;3102.00;Drucksachen, Publikationen;7515.35;8000.0;6089.95;-484.65;-6.06;;347
30;Gerichte;3010;Obergericht;;;3103.00;Fachliteratur, Zeitschriften;62631.5;75000.0;48429.85;-12368.5;-16.49;Minderaufwand infolge weniger;347
30;Gerichte;3010;Obergericht;;;3113.00;Hardware;1113.3;1000.0;2128.8;113.3;11.33;;347
30;Gerichte;3010;Obergericht;;;3130.00;Dienstleistungen Dritter;2398.2;3000.0;70302.2;-601.8;-20.06;;347
30;Gerichte;3010;Obergericht;;;3132.00;Honorare externe Berater, Gutachter, Fachexperten etc.;15981.6;25000.0;20141.5;-9018.4;-36.07;;347
30;Gerichte;3010;Obergericht;;;3133.00;Informatik-Nutzungsaufwand;112556.35;119600.0;98203.95;-7043.65;-5.89;;347
30;Gerichte;3010;Obergericht;;;3158.00;Unterhalt immaterielle Anlagen;25658.0;33200.0;26258.0;-7542.0;-22.72;;347
30;Gerichte;3010;Obergericht;;;3161.00;Mieten, Benützungskosten Anlagen;;;12086.65;;;;347
30;Gerichte;3010;Obergericht;;;3170.00;Reisekosten und Spesen;6347.9;5000.0;5077.35;1347.9;26.96;;347
30;Gerichte;3010;Obergericht;;;3181.00;Tatsächliche Forderungsverluste;43326.36;50000.0;50006.45;-6673.64;-13.35;;347
30;Gerichte;3010;Obergericht;;;3199.00;Übriger Betriebsaufwand;249833.37;150000.0;175199.37;99833.37;66.56;Im Wesentlichen Aufwand für;347
30;Gerichte;3010;Obergericht;;;3320.00;Planmässige Abschreibungen immaterielle Anlagen;;58600.0;;-58600.0;-100.0;Minderaufwand infolge verzögerter;348
30;Gerichte;3010;Obergericht;;;3610.00;Entschädigungen an Bund;240.0;500.0;90.0;-260.0;-52.0;;348
30;Gerichte;3010;Obergericht;;;3910.00;IV Dienstleistungen;24225.25;22000.0;23214.65;2225.25;10.11;;348
30;Gerichte;3010;Obergericht;;;4210.00;Gebühren für Amtshandlungen;-339090.5;-280000.0;-391530.0;-59090.5;21.1;Der Gebührenertrag hängt von den;348
30;Gerichte;3010;Obergericht;;;4240.00;Benützungsgebühren und Dienstleistungen;-372.95;;-618.15;-372.95;;;348
30;Gerichte;3010;Obergericht;;;4260.00;Rückerstattungen und Kostenbeteiligungen Dritter;-63831.05;-80000.0;-58400.3;16168.95;-20.21;Der Ertrag aus den Rückerstattungen;348
30;Gerichte;3010;Obergericht;;;4270.00;Bussen;-8340.0;-5000.0;-4150.0;-3340.0;66.8;;348
30;Gerichte;3010;Obergericht;;;4290.00;Übrige Entgelte;;-3000.0;-70.0;3000.0;-100.0;;348
30;Gerichte;3020;Aufsichtsbehörde über das Anwaltswesen;;;3000.10;Sitzungsgelder Kommissionen;125461.7;100000.0;75836.75;25461.7;25.46;Die Entschädigung der Mitglieder der;348
30;Gerichte;3020;Aufsichtsbehörde über das Anwaltswesen;;;3050.00;AG-Beiträge AHV, IV, EO, ALV, Verwaltungskosten;7735.2;6500.0;4802.0;1235.2;19.0;;348
30;Gerichte;3020;Aufsichtsbehörde über das Anwaltswesen;;;3053.00;AG-Beiträge an Unfallversicherungen;350.1;500.0;257.1;-149.9;-29.98;;348
30;Gerichte;3020;Aufsichtsbehörde über das Anwaltswesen;;;3054.00;AG-Beiträge an Familienzulagekassen;1616.85;1300.0;985.9;316.85;24.37;;348
30;Gerichte;3020;Aufsichtsbehörde über das Anwaltswesen;;;3059.10;AG-Beiträge Sozialfonds;74.1;100.0;51.35;-25.9;-25.9;;348
30;Gerichte;3020;Aufsichtsbehörde über das Anwaltswesen;;;3100.00;Büromaterial;45.65;;149.2;45.65;;;348
30;Gerichte;3020;Aufsichtsbehörde über das Anwaltswesen;;;3102.00;Drucksachen, Publikationen;42.15;;2232.25;42.15;;;348
30;Gerichte;3020;Aufsichtsbehörde über das Anwaltswesen;;;3130.00;Dienstleistungen Dritter;;;382.7;;;;348
30;Gerichte;3020;Aufsichtsbehörde über das Anwaltswesen;;;3132.00;Honorare externe Berater, Gutachter, Fachexperten etc.;;;4648.0;;;;348
30;Gerichte;3020;Aufsichtsbehörde über das Anwaltswesen;;;3160.00;Mieten und Pachten Liegenschaften;240.0;3000.0;1830.0;-2760.0;-92.0;;348
30;Gerichte;3020;Aufsichtsbehörde über das Anwaltswesen;;;3170.00;Reisekosten und Spesen;114.4;;91.8;114.4;;;348
30;Gerichte;3020;Aufsichtsbehörde über das Anwaltswesen;;;3199.00;Übriger Betriebsaufwand;11090.0;;;11090.0;;Im Wesentlichen Aufwand für;348
30;Gerichte;3020;Aufsichtsbehörde über das Anwaltswesen;;;3610.00;Entschädigungen an Bund;450.0;500.0;60.0;-50.0;-10.0;;349
30;Gerichte;3020;Aufsichtsbehörde über das Anwaltswesen;;;4210.00;Gebühren für Amtshandlungen;-58300.0;-50000.0;-22900.0;-8300.0;16.6;;349
30;Gerichte;3030;Kantonsgericht;;;3000.00;Löhne Behörden, Richter und Richterinnen;1062355.25;1004200.0;1026249.8;58155.25;5.79;Mehraufwand infolge Mehrarbeit.;349
30;Gerichte;3030;Kantonsgericht;;;3010.00;Löhne des Verwaltungs- und Betriebspersonals;1912123.75;1917900.0;1885246.05;-5776.25;-0.3;;349
30;Gerichte;3030;Kantonsgericht;;;3010.95;Rückerstattungen Taggelder UV, EO, MSE, MV, IV für Verwaltungs- und Betriebspersonal;-37312.85;;-6668.7;-37312.85;;;349
30;Gerichte;3030;Kantonsgericht;;;3049.00;Übrige Zulagen;4562.8;6700.0;8002.3;-2137.2;-31.9;;349
30;Gerichte;3030;Kantonsgericht;;;3050.00;AG-Beiträge AHV, IV, EO, ALV, Verwaltungskosten;190071.7;189900.0;187018.75;171.7;0.09;;349
30;Gerichte;3030;Kantonsgericht;;;3052.00;AG-Beiträge an Pensionskassen;370299.5;390100.0;383806.85;-19800.5;-5.08;;349
30;Gerichte;3030;Kantonsgericht;;;3053.00;AG-Beiträge an Unfallversicherungen;14757.9;15800.0;14732.55;-1042.1;-6.6;;349
30;Gerichte;3030;Kantonsgericht;;;3054.00;AG-Beiträge an Familienzulagekassen;38467.15;37900.0;37687.55;567.15;1.5;;349
30;Gerichte;3030;Kantonsgericht;;;3059.10;AG-Beiträge Sozialfonds;2202.2;2300.0;2210.75;-97.8;-4.25;;349
30;Gerichte;3030;Kantonsgericht;;;3064.00;Überbrückungsrenten;;;1296.0;;;;349
30;Gerichte;3030;Kantonsgericht;;;3090.00;Aus- und Weiterbildung des eigenen Personals;13990.0;25000.0;11438.0;-11010.0;-44.04;Minderaufwand infolge geringerer;349
30;Gerichte;3030;Kantonsgericht;;;3099.00;Übriger Personalaufwand;6213.0;7800.0;6548.1;-1587.0;-20.35;;349
30;Gerichte;3030;Kantonsgericht;;;3100.00;Büromaterial;14850.34;14000.0;13968.16;850.34;6.07;;349
30;Gerichte;3030;Kantonsgericht;;;3102.00;Drucksachen, Publikationen;945.0;;790.0;945.0;;;349
30;Gerichte;3030;Kantonsgericht;;;3103.00;Fachliteratur, Zeitschriften;15007.8;19000.0;14062.4;-3992.2;-21.01;;349
30;Gerichte;3030;Kantonsgericht;;;3110.00;Büromöbel und -geräte;;500.0;350.0;-500.0;-100.0;;349
30;Gerichte;3030;Kantonsgericht;;;3113.00;Hardware;272.0;500.0;546.0;-228.0;-45.6;;349
30;Gerichte;3030;Kantonsgericht;;;3130.00;Dienstleistungen Dritter;22403.45;3300.0;3620.05;19103.45;578.89;Im Wesentlichen Aufwand für die;349
30;Gerichte;3030;Kantonsgericht;;;3132.00;Honorare externe Berater, Gutachter, Fachexperten etc.;58925.35;40000.0;56785.56;18925.35;47.31;Mehraufwand infolge Zunahme an;349
30;Gerichte;3030;Kantonsgericht;;;3133.00;Informatik-Nutzungsaufwand;132250.55;182500.0;136584.6;-50249.45;-27.53;Minderaufwand infolge verzögerter;350
30;Gerichte;3030;Kantonsgericht;;;3153.00;Informatik-Unterhalt (Hardware);2029.5;;;2029.5;;;350
30;Gerichte;3030;Kantonsgericht;;;3158.00;Unterhalt immaterielle Anlagen;;182000.0;;-182000.0;-100.0;Minderaufwand infolge verzögerter;350
30;Gerichte;3030;Kantonsgericht;;;3161.00;Mieten, Benützungskosten Anlagen;;;15076.3;;;;350
30;Gerichte;3030;Kantonsgericht;;;3170.00;Reisekosten und Spesen;7701.7;7700.0;6425.3;1.7;0.02;;350
30;Gerichte;3030;Kantonsgericht;;;3181.00;Tatsächliche Forderungsverluste;194728.4;150000.0;382805.55;44728.4;29.82;Die tatsächlichen Forderungsverluste;350
30;Gerichte;3030;Kantonsgericht;;;3199.00;Übriger Betriebsaufwand;746368.28;786000.0;700528.73;-39631.72;-5.04;Im Wesentlichen Aufwand für;350
30;Gerichte;3030;Kantonsgericht;;;3610.00;Entschädigungen an Bund;3835.0;4000.0;3835.0;-165.0;-4.13;;350
30;Gerichte;3030;Kantonsgericht;;;3910.00;IV Dienstleistungen;105295.0;97000.0;95490.0;8295.0;8.55;;350
30;Gerichte;3030;Kantonsgericht;;;4210.00;Gebühren für Amtshandlungen;-1258605.15;-1000000.0;-1273663.6;-258605.15;25.86;Der Gebührenertrag hängt von den;350
30;Gerichte;3030;Kantonsgericht;;;4240.00;Benützungsgebühren und Dienstleistungen;-2093.0;-3000.0;-3394.0;907.0;-30.23;;350
30;Gerichte;3030;Kantonsgericht;;;4260.00;Rückerstattungen und Kostenbeteiligungen Dritter;-6453.85;-15000.0;;8546.15;-56.97;;350
30;Gerichte;3030;Kantonsgericht;;;4270.00;Bussen;-17680.0;-20000.0;-22880.0;2320.0;-11.6;;350
30;Gerichte;3030;Kantonsgericht;;;4290.00;Übrige Entgelte;-89554.47;-120000.0;-154800.9;30445.53;-25.37;Im Wesentlichen Überwälzung der;350
30;Gerichte;3030;Kantonsgericht;;;4301.00;Beschlagnahmte Vermögenswerte;-84.15;-2000.0;-460.0;1915.85;-95.79;;350
30;Gerichte;3030;Kantonsgericht;;;4910.10;IV Betreibungskosten;-19950.0;-20000.0;-21075.0;50.0;-0.25;;350
30;Gerichte;3031;Kindes- und Erwachsenenschutzbehörde;;;3000.00;Löhne Behörden, Richter und Richterinnen;861923.9;771900.0;779739.4;90023.9;11.66;Mehraufwand infolge Mehrarbeit und;351
30;Gerichte;3031;Kindes- und Erwachsenenschutzbehörde;;;3010.00;Löhne des Verwaltungs- und Betriebspersonals;1705006.75;1835800.0;1597881.55;-130793.25;-7.12;Minderaufwand im Wesentlichen;351
30;Gerichte;3031;Kindes- und Erwachsenenschutzbehörde;;;3010.95;Rückerstattungen Taggelder UV, EO, MSE, MV, IV für Verwaltungs- und Betriebspersonal;-22939.8;;-2049.0;-22939.8;;;351
30;Gerichte;3031;Kindes- und Erwachsenenschutzbehörde;;;3049.00;Übrige Zulagen;34855.2;;;34855.2;;Die vom Regierungsrat beschlossene;351
30;Gerichte;3031;Kindes- und Erwachsenenschutzbehörde;;;3050.00;AG-Beiträge AHV, IV, EO, ALV, Verwaltungskosten;171732.6;169500.0;155979.15;2232.6;1.32;;351
30;Gerichte;3031;Kindes- und Erwachsenenschutzbehörde;;;3052.00;AG-Beiträge an Pensionskassen;330830.3;348100.0;332969.6;-17269.7;-4.96;;351
30;Gerichte;3031;Kindes- und Erwachsenenschutzbehörde;;;3053.00;AG-Beiträge an Unfallversicherungen;13935.8;14100.0;13066.55;-164.2;-1.16;;351
30;Gerichte;3031;Kindes- und Erwachsenenschutzbehörde;;;3054.00;AG-Beiträge an Familienzulagekassen;34564.5;33900.0;31342.1;664.5;1.96;;351
30;Gerichte;3031;Kindes- und Erwachsenenschutzbehörde;;;3059.10;AG-Beiträge Sozialfonds;2048.15;2000.0;1873.05;48.15;2.41;;351
30;Gerichte;3031;Kindes- und Erwachsenenschutzbehörde;;;3064.00;Überbrückungsrenten;6993.0;;41342.0;6993.0;;;351
30;Gerichte;3031;Kindes- und Erwachsenenschutzbehörde;;;3090.00;Aus- und Weiterbildung des eigenen Personals;19398.8;22200.0;14736.4;-2801.2;-12.62;;351
30;Gerichte;3031;Kindes- und Erwachsenenschutzbehörde;;;3091.00;Personalwerbung;2547.65;1500.0;270.25;1047.65;69.84;;351
30;Gerichte;3031;Kindes- und Erwachsenenschutzbehörde;;;3099.00;Übriger Personalaufwand;8546.0;3000.0;5580.6;5546.0;184.87;;351
30;Gerichte;3031;Kindes- und Erwachsenenschutzbehörde;;;3100.00;Büromaterial;8522.27;7500.0;7765.05;1022.27;13.63;;351
30;Gerichte;3031;Kindes- und Erwachsenenschutzbehörde;;;3103.00;Fachliteratur, Zeitschriften;4974.75;4000.0;3222.15;974.75;24.37;;351
30;Gerichte;3031;Kindes- und Erwachsenenschutzbehörde;;;3113.00;Hardware;2339.0;4000.0;3965.4;-1661.0;-41.53;;351
30;Gerichte;3031;Kindes- und Erwachsenenschutzbehörde;;;3118.00;Immaterielle Anlagen;41753.8;91000.0;18989.75;-49246.2;-54.12;Minderaufwand infolge verzögerter;351
30;Gerichte;3031;Kindes- und Erwachsenenschutzbehörde;;;3130.00;Dienstleistungen Dritter;227560.05;94200.0;78443.27;133360.05;141.57;Mehraufwand im Wesentlichen infolge;351
30;Gerichte;3031;Kindes- und Erwachsenenschutzbehörde;;;3132.00;Honorare externe Berater, Gutachter, Fachexperten etc.;187375.45;200000.0;308752.52;-12624.55;-6.31;;351
30;Gerichte;3031;Kindes- und Erwachsenenschutzbehörde;;;3133.00;Informatik-Nutzungsaufwand;117126.45;155300.0;102092.45;-38173.55;-24.58;Minderaufwand infolge verzögerter;351
30;Gerichte;3031;Kindes- und Erwachsenenschutzbehörde;;;3158.00;Unterhalt immaterielle Anlagen;35680.95;41200.0;37509.5;-5519.05;-13.4;;352
30;Gerichte;3031;Kindes- und Erwachsenenschutzbehörde;;;3161.00;Mieten, Benützungskosten Anlagen;;;11674.5;;;;352
30;Gerichte;3031;Kindes- und Erwachsenenschutzbehörde;;;3170.00;Reisekosten und Spesen;10405.45;7000.0;10133.65;3405.45;48.65;;352
30;Gerichte;3031;Kindes- und Erwachsenenschutzbehörde;;;3181.00;Tatsächliche Forderungsverluste;24518.3;20000.0;39909.1;4518.3;22.59;;352
30;Gerichte;3031;Kindes- und Erwachsenenschutzbehörde;;;3190.00;Schadenersatzleistungen;50866.0;70000.0;11949.0;-19134.0;-27.33;Minderaufwand infolge geringerer;352
30;Gerichte;3031;Kindes- und Erwachsenenschutzbehörde;;;3199.00;Übriger Betriebsaufwand;256426.7;100000.0;281468.83;156426.7;156.43;Mehraufwand infolge Zunahme an;352
30;Gerichte;3031;Kindes- und Erwachsenenschutzbehörde;;;3610.00;Entschädigungen an Bund;;500.0;;-500.0;-100.0;;352
30;Gerichte;3031;Kindes- und Erwachsenenschutzbehörde;;;3900.00;IV Material- und Warenbezüge;2358.0;;1258.0;2358.0;;;352
30;Gerichte;3031;Kindes- und Erwachsenenschutzbehörde;;;3910.00;IV Dienstleistungen;24195.0;23000.0;22000.0;1195.0;5.2;;352
30;Gerichte;3031;Kindes- und Erwachsenenschutzbehörde;;;4210.00;Gebühren für Amtshandlungen;-380995.65;-350000.0;-364631.95;-30995.65;8.86;Der Gebührenertrag hängt von den;352
30;Gerichte;3031;Kindes- und Erwachsenenschutzbehörde;;;4290.00;Übrige Entgelte;-25.0;;-341.55;-25.0;;;352
30;Gerichte;3032;Friedensrichteramt;;;3000.00;Löhne Behörden, Richter und Richterinnen;138222.45;136300.0;126834.5;1922.45;1.41;;352
30;Gerichte;3032;Friedensrichteramt;;;3010.00;Löhne des Verwaltungs- und Betriebspersonals;27227.0;26900.0;25021.0;327.0;1.22;;352
30;Gerichte;3032;Friedensrichteramt;;;3050.00;AG-Beiträge AHV, IV, EO, ALV, Verwaltungskosten;10795.65;10600.0;9843.6;195.65;1.85;;352
30;Gerichte;3032;Friedensrichteramt;;;3052.00;AG-Beiträge an Pensionskassen;16535.8;21700.0;16127.4;-5164.2;-23.8;;352
30;Gerichte;3032;Friedensrichteramt;;;3053.00;AG-Beiträge an Unfallversicherungen;892.45;900.0;819.5;-7.55;-0.84;;352
30;Gerichte;3032;Friedensrichteramt;;;3054.00;AG-Beiträge an Familienzulagekassen;2158.7;2100.0;1966.9;58.7;2.8;;352
30;Gerichte;3032;Friedensrichteramt;;;3059.10;AG-Beiträge Sozialfonds;134.35;100.0;120.0;34.35;34.35;;352
30;Gerichte;3032;Friedensrichteramt;;;3090.00;Aus- und Weiterbildung des eigenen Personals;;1500.0;;-1500.0;-100.0;;352
30;Gerichte;3032;Friedensrichteramt;;;3099.00;Übriger Personalaufwand;320.0;700.0;320.0;-380.0;-54.29;;352
30;Gerichte;3032;Friedensrichteramt;;;3100.00;Büromaterial;890.35;1000.0;792.25;-109.65;-10.97;;352
30;Gerichte;3032;Friedensrichteramt;;;3103.00;Fachliteratur, Zeitschriften;730.25;700.0;876.6;30.25;4.32;;352
30;Gerichte;3032;Friedensrichteramt;;;3130.00;Dienstleistungen Dritter;706.35;900.0;836.8;-193.65;-21.52;;352
30;Gerichte;3032;Friedensrichteramt;;;3133.00;Informatik-Nutzungsaufwand;10698.7;17300.0;9643.95;-6601.3;-38.16;;352
30;Gerichte;3032;Friedensrichteramt;;;3158.00;Unterhalt immaterielle Anlagen;;4000.0;;-4000.0;-100.0;;352
30;Gerichte;3032;Friedensrichteramt;;;3161.00;Mieten, Benützungskosten Anlagen;;;1970.45;;;;352
30;Gerichte;3032;Friedensrichteramt;;;3170.00;Reisekosten und Spesen;190.0;600.0;60.0;-410.0;-68.33;;353
30;Gerichte;3032;Friedensrichteramt;;;3181.00;Tatsächliche Forderungsverluste;5768.7;4000.0;3756.95;1768.7;44.22;;353
30;Gerichte;3032;Friedensrichteramt;;;3199.00;Übriger Betriebsaufwand;871.45;8000.0;;-7128.55;-89.11;;353
30;Gerichte;3032;Friedensrichteramt;;;3610.00;Entschädigungen an Bund;60.0;100.0;;-40.0;-40.0;;353
30;Gerichte;3032;Friedensrichteramt;;;3910.00;IV Dienstleistungen;8500.0;8100.0;8000.0;400.0;4.94;;353
30;Gerichte;3032;Friedensrichteramt;;;4210.00;Gebühren für Amtshandlungen;-62420.0;-40000.0;-70170.0;-22420.0;56.05;Der Gebührenertrag hängt von den;353
30;Gerichte;3032;Friedensrichteramt;;;4270.00;Bussen;-2380.0;;;-2380.0;;;353
30;Gerichte;3035;Kantonale Schlichtungsstelle für Mietsachen;;;3000.00;Löhne Behörden, Richter und Richterinnen;151777.15;146900.0;150846.6;4877.15;3.32;;353
30;Gerichte;3035;Kantonale Schlichtungsstelle für Mietsachen;;;3000.10;Sitzungsgelder Kommissionen;43437.0;40500.0;46418.9;2937.0;7.25;;353
30;Gerichte;3035;Kantonale Schlichtungsstelle für Mietsachen;;;3010.00;Löhne des Verwaltungs- und Betriebspersonals;8773.0;9000.0;8411.0;-227.0;-2.52;;353
30;Gerichte;3035;Kantonale Schlichtungsstelle für Mietsachen;;;3010.95;Rückerstattungen Taggelder UV, EO, MSE, MV, IV für Verwaltungs- und Betriebspersonal;-11537.7;;;-11537.7;;;353
30;Gerichte;3035;Kantonale Schlichtungsstelle für Mietsachen;;;3050.00;AG-Beiträge AHV, IV, EO, ALV, Verwaltungskosten;12482.0;12800.0;12329.85;-318.0;-2.48;;353
30;Gerichte;3035;Kantonale Schlichtungsstelle für Mietsachen;;;3052.00;AG-Beiträge an Pensionskassen;20206.8;20800.0;22593.0;-593.2;-2.85;;353
30;Gerichte;3035;Kantonale Schlichtungsstelle für Mietsachen;;;3053.00;AG-Beiträge an Unfallversicherungen;869.8;1000.0;930.2;-130.2;-13.02;;353
30;Gerichte;3035;Kantonale Schlichtungsstelle für Mietsachen;;;3054.00;AG-Beiträge an Familienzulagekassen;2497.25;2500.0;2465.4;-2.75;-0.11;;353
30;Gerichte;3035;Kantonale Schlichtungsstelle für Mietsachen;;;3059.10;AG-Beiträge Sozialfonds;153.9;200.0;150.9;-46.1;-23.05;;353
30;Gerichte;3035;Kantonale Schlichtungsstelle für Mietsachen;;;3090.00;Aus- und Weiterbildung des eigenen Personals;;1000.0;;-1000.0;-100.0;;353
30;Gerichte;3035;Kantonale Schlichtungsstelle für Mietsachen;;;3099.00;Übriger Personalaufwand;;300.0;;-300.0;-100.0;;353
30;Gerichte;3035;Kantonale Schlichtungsstelle für Mietsachen;;;3100.00;Büromaterial;834.88;2000.0;739.56;-1165.12;-58.26;;353
30;Gerichte;3035;Kantonale Schlichtungsstelle für Mietsachen;;;3102.00;Drucksachen, Publikationen;;;15.0;;;;353
30;Gerichte;3035;Kantonale Schlichtungsstelle für Mietsachen;;;3103.00;Fachliteratur, Zeitschriften;1351.35;1000.0;1107.75;351.35;35.14;;353
30;Gerichte;3035;Kantonale Schlichtungsstelle für Mietsachen;;;3130.00;Dienstleistungen Dritter;575.9;;900.0;575.9;;;353
30;Gerichte;3035;Kantonale Schlichtungsstelle für Mietsachen;;;3133.00;Informatik-Nutzungsaufwand;4376.2;8700.0;4315.6;-4323.8;-49.7;;353
30;Gerichte;3035;Kantonale Schlichtungsstelle für Mietsachen;;;3158.00;Unterhalt immaterielle Anlagen;;3000.0;;-3000.0;-100.0;;353
30;Gerichte;3035;Kantonale Schlichtungsstelle für Mietsachen;;;3161.00;Mieten, Benützungskosten Anlagen;;;1344.8;;;;353
30;Gerichte;3035;Kantonale Schlichtungsstelle für Mietsachen;;;3170.00;Reisekosten und Spesen;86.5;400.0;142.0;-313.5;-78.38;;353
30;Gerichte;3035;Kantonale Schlichtungsstelle für Mietsachen;;;3199.00;Übriger Betriebsaufwand;;2000.0;;-2000.0;-100.0;;353
30;Gerichte;3035;Kantonale Schlichtungsstelle für Mietsachen;;;3610.00;Entschädigungen an Bund;90.0;100.0;75.0;-10.0;-10.0;;353
30;Gerichte;3035;Kantonale Schlichtungsstelle für Mietsachen;;;4210.00;Gebühren für Amtshandlungen;-640.0;;-700.0;-640.0;;;353
30;Gerichte;3035;Kantonale Schlichtungsstelle für Mietsachen;;;4270.00;Bussen;-2000.0;;;-2000.0;;;354
30;Gerichte;3036;Kantonale Schlichtungsstelle bei Diskriminierungen im Erwerbsleben;;;3000.10;Sitzungsgelder Kommissionen;;1000.0;;-1000.0;-100.0;;354
30;Gerichte;3036;Kantonale Schlichtungsstelle bei Diskriminierungen im Erwerbsleben;;;3050.00;AG-Beiträge AHV, IV, EO, ALV, Verwaltungskosten;;100.0;;-100.0;-100.0;;354
30;Gerichte;3036;Kantonale Schlichtungsstelle bei Diskriminierungen im Erwerbsleben;;;3103.00;Fachliteratur, Zeitschriften;;200.0;;-200.0;-100.0;;354
30;Gerichte;3036;Kantonale Schlichtungsstelle bei Diskriminierungen im Erwerbsleben;;;3130.00;Dienstleistungen Dritter;1400.0;700.0;;700.0;100.0;;354
30;Gerichte;3036;Kantonale Schlichtungsstelle bei Diskriminierungen im Erwerbsleben;;;3199.00;Übriger Betriebsaufwand;;500.0;;-500.0;-100.0;;354
30;Gerichte;3037;Kommission für Enteignungen, Gebäudeversicherung und Brandschutz;;;3000.10;Sitzungsgelder Kommissionen;24949.3;15000.0;17187.3;9949.3;66.33;;354
30;Gerichte;3037;Kommission für Enteignungen, Gebäudeversicherung und Brandschutz;;;3050.00;AG-Beiträge AHV, IV, EO, ALV, Verwaltungskosten;1137.9;1000.0;853.05;137.9;13.79;;354
30;Gerichte;3037;Kommission für Enteignungen, Gebäudeversicherung und Brandschutz;;;3053.00;AG-Beiträge an Unfallversicherungen;38.1;100.0;26.9;-61.9;-61.9;;354
30;Gerichte;3037;Kommission für Enteignungen, Gebäudeversicherung und Brandschutz;;;3054.00;AG-Beiträge an Familienzulagekassen;227.5;200.0;170.55;27.5;13.75;;354
30;Gerichte;3037;Kommission für Enteignungen, Gebäudeversicherung und Brandschutz;;;3059.10;AG-Beiträge Sozialfonds;14.0;;10.5;14.0;;;354
30;Gerichte;3037;Kommission für Enteignungen, Gebäudeversicherung und Brandschutz;;;3170.00;Reisekosten und Spesen;286.8;500.0;223.8;-213.2;-42.64;;354
30;Gerichte;3037;Kommission für Enteignungen, Gebäudeversicherung und Brandschutz;;;4210.00;Gebühren für Amtshandlungen;-1000.0;-1000.0;-1500.0;;;;354
30;Gerichte;3040;Schätzungskommission für Wildschäden;;;3000.10;Sitzungsgelder Kommissionen;26350.0;18000.0;21700.0;8350.0;46.39;;354
30;Gerichte;3040;Schätzungskommission für Wildschäden;;;3050.00;AG-Beiträge AHV, IV, EO, ALV, Verwaltungskosten;617.65;1200.0;351.1;-582.35;-48.53;;354
30;Gerichte;3040;Schätzungskommission für Wildschäden;;;3053.00;AG-Beiträge an Unfallversicherungen;38.0;100.0;31.25;-62.0;-62.0;;354
30;Gerichte;3040;Schätzungskommission für Wildschäden;;;3054.00;AG-Beiträge an Familienzulagekassen;123.5;200.0;70.2;-76.5;-38.25;;354
30;Gerichte;3040;Schätzungskommission für Wildschäden;;;3059.10;AG-Beiträge Sozialfonds;7.6;;4.3;7.6;;;354
30;Gerichte;3040;Schätzungskommission für Wildschäden;;;3170.00;Reisekosten und Spesen;3258.15;2500.0;3009.1;758.15;30.33;;354
30;Gerichte;3095;Betreibungs- und Konkursamt Schaffhausen;;;3010.00;Löhne des Verwaltungs- und Betriebspersonals;2129825.65;2254100.0;2071675.3;-124274.35;-5.51;Minderaufwand infolge Vakanzen;354
30;Gerichte;3095;Betreibungs- und Konkursamt Schaffhausen;;;3010.95;Rückerstattungen Taggelder UV, EO, MSE, MV, IV für Verwaltungs- und Betriebspersonal;-34500.8;;-9705.85;-34500.8;;;354
30;Gerichte;3095;Betreibungs- und Konkursamt Schaffhausen;;;3050.00;AG-Beiträge AHV, IV, EO, ALV, Verwaltungskosten;138449.45;146600.0;134356.85;-8150.55;-5.56;;354
30;Gerichte;3095;Betreibungs- und Konkursamt Schaffhausen;;;3052.00;AG-Beiträge an Pensionskassen;238183.0;301000.0;238726.85;-62817.0;-20.87;;355
30;Gerichte;3095;Betreibungs- und Konkursamt Schaffhausen;;;3053.00;AG-Beiträge an Unfallversicherungen;11374.4;12200.0;11353.9;-825.6;-6.77;;355
30;Gerichte;3095;Betreibungs- und Konkursamt Schaffhausen;;;3054.00;AG-Beiträge an Familienzulagekassen;27688.75;29300.0;26862.6;-1611.25;-5.5;;355
30;Gerichte;3095;Betreibungs- und Konkursamt Schaffhausen;;;3059.10;AG-Beiträge Sozialfonds;1702.85;1800.0;1653.9;-97.15;-5.4;;355
30;Gerichte;3095;Betreibungs- und Konkursamt Schaffhausen;;;3064.00;Überbrückungsrenten;;;754.0;;;;355
30;Gerichte;3095;Betreibungs- und Konkursamt Schaffhausen;;;3090.00;Aus- und Weiterbildung des eigenen Personals;23652.75;25000.0;17581.95;-1347.25;-5.39;;355
30;Gerichte;3095;Betreibungs- und Konkursamt Schaffhausen;;;3091.00;Personalwerbung;240.0;1000.0;480.0;-760.0;-76.0;;355
30;Gerichte;3095;Betreibungs- und Konkursamt Schaffhausen;;;3099.00;Übriger Personalaufwand;7690.17;3600.0;4160.41;4090.17;113.62;;355
30;Gerichte;3095;Betreibungs- und Konkursamt Schaffhausen;;;3100.00;Büromaterial;11361.56;10000.0;11449.31;1361.56;13.62;;355
30;Gerichte;3095;Betreibungs- und Konkursamt Schaffhausen;;;3102.00;Drucksachen, Publikationen;127.55;1000.0;175.4;-872.45;-87.25;;355
30;Gerichte;3095;Betreibungs- und Konkursamt Schaffhausen;;;3103.00;Fachliteratur, Zeitschriften;2585.55;4000.0;2750.6;-1414.45;-35.36;;355
30;Gerichte;3095;Betreibungs- und Konkursamt Schaffhausen;;;3111.00;Maschinen, Geräte und Fahrzeuge;;;42929.35;;;;355
30;Gerichte;3095;Betreibungs- und Konkursamt Schaffhausen;;;3113.00;Hardware;11436.8;8000.0;2687.65;3436.8;42.96;;355
30;Gerichte;3095;Betreibungs- und Konkursamt Schaffhausen;;;3118.00;Immaterielle Anlagen;11458.6;2600.0;102152.55;8858.6;340.72;;355
30;Gerichte;3095;Betreibungs- und Konkursamt Schaffhausen;;;3120.00;Ver- und Entsorgung Liegenschaften VV;1828.5;2000.0;586.8;-171.5;-8.58;;355
30;Gerichte;3095;Betreibungs- und Konkursamt Schaffhausen;;;3130.00;Dienstleistungen Dritter;1004813.94;893000.0;966238.43;111813.94;12.52;Im Wesentlichen Portogebühren.;355
30;Gerichte;3095;Betreibungs- und Konkursamt Schaffhausen;;;3133.00;Informatik-Nutzungsaufwand;186558.15;282700.0;225189.85;-96141.85;-34.01;Nutzungsaufwand der ITSH geringer;355
30;Gerichte;3095;Betreibungs- und Konkursamt Schaffhausen;;;3134.00;Sachversicherungsprämien;7203.12;9000.0;-646.25;-1796.88;-19.97;;355
30;Gerichte;3095;Betreibungs- und Konkursamt Schaffhausen;;;3151.00;Unterhalt Maschinen, Geräte, Fahrzeuge;441.0;3000.0;;-2559.0;-85.3;;355
30;Gerichte;3095;Betreibungs- und Konkursamt Schaffhausen;;;3153.00;Informatik-Unterhalt (Hardware);1200.45;900.0;;300.45;33.38;;355
30;Gerichte;3095;Betreibungs- und Konkursamt Schaffhausen;;;3158.00;Unterhalt immaterielle Anlagen;59830.65;59100.0;44904.7;730.65;1.24;;355
30;Gerichte;3095;Betreibungs- und Konkursamt Schaffhausen;;;3160.00;Mieten und Pachten Liegenschaften;8246.2;11000.0;13507.6;-2753.8;-25.03;;355
30;Gerichte;3095;Betreibungs- und Konkursamt Schaffhausen;;;3161.00;Mieten, Benützungskosten Anlagen;;;30814.2;;;;355
30;Gerichte;3095;Betreibungs- und Konkursamt Schaffhausen;;;3170.00;Reisekosten und Spesen;4474.15;12000.0;10351.15;-7525.85;-62.72;;355
30;Gerichte;3095;Betreibungs- und Konkursamt Schaffhausen;;;3181.00;Tatsächliche Forderungsverluste;24406.37;15000.0;24206.76;9406.37;62.71;;355
30;Gerichte;3095;Betreibungs- und Konkursamt Schaffhausen;;;3199.00;Übriger Betriebsaufwand;1129.7;;394.45;1129.7;;;355
30;Gerichte;3095;Betreibungs- und Konkursamt Schaffhausen;;;3320.00;Planmässige Abschreibungen immaterielle Anlagen;;;59176.25;;;;355
30;Gerichte;3095;Betreibungs- und Konkursamt Schaffhausen;;;3630.00;Beiträge an den Bund;25052.9;30000.0;15658.5;-4947.1;-16.49;;355
30;Gerichte;3095;Betreibungs- und Konkursamt Schaffhausen;;;3910.00;IV Dienstleistungen;31470.35;50000.0;35854.1;-18529.65;-37.06;Minderaufwand infolge geringerer;355
30;Gerichte;3095;Betreibungs- und Konkursamt Schaffhausen;;;4210.00;Gebühren für Amtshandlungen;-3898563.32;-3600000.0;-4040854.01;-298563.32;8.29;Der Gebührenertrag hängt;356
30;Gerichte;3095;Betreibungs- und Konkursamt Schaffhausen;;;4910.10;IV Betreibungskosten;-443028.1;-415000.0;-424946.4;-28028.1;6.75;Der interne Gebührenertrag hängt;356
